Figs3-5, disc 0.03, temp0 971.25, tau 1.0, ffi removal, Wpt fitted, 2025-2125. Solve status Optimal. Total revenue 0.00026877064010477625
Year,Agriculture mtC,Black_walnut_10 mhectares,Black_walnut_150 mhectares,Black_walnut_55 mhectares,C2F6 kt,CF4 kt,CH4 mt,Carbon mtC,HFC125 kt,HFC134a kt,HFC143a kt,Loblolly_pine_10 mhectares,Loblolly_pine_150 mhectares,Loblolly_pine_24 mhectares,N2O mt,Ponderosa_pine_10 mhectares,Ponderosa_pine_103 mhectares,Ponderosa_pine_150 mhectares,SF6 kt,Seaweed mt,Agriculture % max bid,Black_walnut_10 % max bid,Black_walnut_150 % max bid,Black_walnut_55 % max bid,C2F6 % max bid,CF4 % max bid,CH4 % max bid,Carbon % max bid,HFC125 % max bid,HFC134a % max bid,HFC143a % max bid,Loblolly_pine_10 % max bid,Loblolly_pine_150 % max bid,Loblolly_pine_24 % max bid,N2O % max bid,Ponderosa_pine_10 % max bid,Ponderosa_pine_103 % max bid,Ponderosa_pine_150 % max bid,SF6 % max bid,Seaweed % max bid,Agriculture $M/mtC,Black_walnut_10 $M/mhectares,Black_walnut_150 $M/mhectares,Black_walnut_55 $M/mhectares,C2F6 $M/kt,CF4 $M/kt,CH4 $M/mt,Carbon $M/mtC,HFC125 $M/kt,HFC134a $M/kt,HFC143a $M/kt,Loblolly_pine_10 $M/mhectares,Loblolly_pine_150 $M/mhectares,Loblolly_pine_24 $M/mhectares,N2O $M/mt,Ponderosa_pine_10 $M/mhectares,Ponderosa_pine_103 $M/mhectares,Ponderosa_pine_150 $M/mhectares,SF6 $M/kt,Seaweed $M/mt,temp change,Capt pi
2025.0,513.1705,0.22222222,0.11111111,0.44444444,5.3983,12.2168,169.85775,9992.1229,89.349,173.879,64.3741,0.22222222,0.33333333,0.33333333,1.219,0.22222222,0.66666667,0.11111111,2.2441,727.06233,0.13513551383403566,0.009999999910000027,0.004999999955000014,0.019999999820000055,1.0000000005557304,0.9999999997544367,0.6532990384514877,0.9765734284514904,0.9999999999776156,1.0000000000230045,0.9999999999378634,0.009999999910000027,0.014999999865000042,0.014999999865000042,0.166963429667169,0.009999999910000027,0.030000000180000087,0.004999999955000014,1.0000000003119294,1.000000000330095,6.5799703,159.35983,2314.3832,1248.9385,-25.184088,-11.628796,-12.992425,-6.5799703,-2.3387425,-0.78801715,-5.0180094,252.70648,2395.3604,1034.6784,-791.42328,131.61487,3804.3312,3942.3092,-47.32514,6.5799703,974.3297038,.
2026.0,513.1705,0.33333333,0.22222222,0.44444444,5.3983,12.2168,169.85775,9992.1229,89.349,173.879,64.3741,0.33333333,0.44444444,0.44444444,1.19,0.33333333,0.77777778,0.11111111,2.2441,727.06233,0.1351355138340357,0.014999999865000042,0.009999999910000027,0.019999999820000055,1.0000000005557306,0.9999999997544365,0.6532990384514878,0.9765734284514906,0.9999999999776155,1.0000000000230043,0.9999999999378631,0.014999999865000042,0.019999999820000055,0.019999999820000055,0.16299137104506248,0.014999999865000042,0.0350000001350001,0.004999999955000014,1.0000000003119283,1.000000000330095,6.5834368,159.43363,2306.7944,1253.0101,-25.237396,-11.635225,-13.000101,-6.5834368,-2.2978201,-0.78880383,-2.7614785,252.82095,2401.0103,1038.4712,-795.47587,131.67588,3775.1778,3911.3091,-42.813011,6.5834368,979.7065649,.
2027.0,513.1705,0.44444444,0.22222222,0.55555555,5.3983,12.2168,169.85775,9992.1229,89.349,173.879,64.3741,0.44444444,0.55555555,0.44444444,1.162,0.44444444,0.88888889,0.22222222,2.2441,727.06233,0.13513551383403566,0.019999999820000055,0.009999999910000027,0.02499999977500007,1.0000000005557308,0.9999999997544363,0.653299038451488,0.9765734284514916,0.9999999999776154,1.0000000000230047,0.9999999999378634,0.019999999820000055,0.02499999977500007,0.019999999820000055,0.15915627996164916,0.019999999820000055,0.04000000009000011,0.009999999910000027,1.0000000003119294,1.000000000330095,6.5860628,159.50762,2299.0241,1257.078,-25.165943,-11.599947,-13.185298,-6.5860628,-2.3124048,-0.79080542,-5.0459934,252.93674,2406.8731,1042.2931,-799.53048,131.73702,3745.4744,3879.6349,-47.22481,6.5860628,986.481778,.
2028.0,513.1705,0.44444444,0.33333333,0.66666667,5.3983,12.2168,169.85775,9992.1229,89.349,173.879,64.3741,0.44444444,0.66666667,0.55555556,1.136,0.44444444,0.88888889,0.22222222,2.2441,727.06233,0.13513551383403566,0.019999999820000055,0.014999999865000042,0.030000000180000087,1.0000000005557308,0.9999999997544363,0.6532990384514878,0.9765734284514884,0.9999999999776155,1.0000000000230045,0.9999999999378631,0.019999999820000055,0.030000000180000087,0.02500000022500007,0.15559512395562278,0.019999999820000055,0.04000000009000011,0.009999999910000027,1.000000000311929,1.000000000330095,6.5891449,159.57531,2291.067,1261.3788,-25.200159,-11.577925,-13.28261,-6.5891449,-2.3300324,-0.78361418,-5.0294618,253.0416,2412.9448,1046.1486,-803.53593,131.79299,3715.3267,3847.395,-47.207172,6.5891449,994.079666,.
2029.0,600.43735,0.55555555,0.44444444,0.77777778,5.3983,12.2168,169.85775,9992.1229,89.349,173.879,64.3741,0.55555556,0.77777778,0.66666667,1.111,0.55555555,1.0,0.33333333,2.2441,727.06233,0.1581158890025766,0.02499999977500007,0.019999999820000055,0.0350000001350001,1.0000000005557301,0.9999999997544371,0.6532990384514877,0.976573428451491,0.9999999999776161,1.0000000000230045,0.9999999999378631,0.02500000022500007,0.0350000001350001,0.030000000180000087,0.15217093548828944,0.02499999977500007,0.04500000004500013,0.014999999865000042,1.0000000003119287,1.000000000330095,6.593063,159.63794,2282.9023,1266.1136,-25.10365,-14.066911,-13.468953,-6.593063,-4.3777409,-1.0244737,-5.0458132,253.13803,2419.1081,1049.9131,-807.55671,131.84478,3684.8316,3814.6507,-47.215674,6.593063,1010.6112139999999,.
2030.0,600.43735,0.66666667,0.44444444,0.88888889,5.3983,12.2168,169.85775,9992.1229,89.349,173.879,64.3741,0.66666667,0.88888889,0.77777778,1.064,0.66666667,1.1111111,0.33333333,2.2441,727.06233,0.15811588900257656,0.030000000180000087,0.019999999820000055,0.04000000009000011,1.0000000005557304,0.9999999997544367,0.653299038451488,0.9765734284514901,0.9999999999776161,1.0000000000230043,0.9999999999378628,0.030000000180000087,0.04000000009000011,0.0350000001350001,0.14573346116970284,0.030000000180000087,0.04999999955000014,0.014999999865000042,1.0000000003119291,1.000000000330095,6.5958558,160.05315,2274.5491,1271.1515,-25.144887,-11.646461,-13.477254,-6.5958558,-2.324387,-0.79350269,-5.082639,253.97081,2425.2081,1053.4608,-808.02136,132.1837,3653.9763,3781.3936,-47.218859,6.5958558,1046.680165,.
2031.0,600.43735,0.77777778,0.55555556,1.0,5.3983,12.2168,169.85775,9992.1229,89.349,173.879,64.3741,0.77777778,1.0,0.88888889,1.042,0.77777778,1.1111111,0.44444444,2.2441,727.06233,0.15811588900257662,0.0350000001350001,0.02500000022500007,0.04500000004500013,1.000000000555731,0.9999999997544368,0.653299038451488,0.9765734284514916,0.9999999999776161,1.0000000000230045,0.9999999999378631,0.0350000001350001,0.04500000004500013,0.04000000009000011,0.14272017531844966,0.0350000001350001,0.04999999955000014,0.019999999820000055,1.0000000003119296,1.000000000330095,6.5996668,160.48602,2266.0014,1276.4507,-25.085024,-14.020567,-13.662675,-6.5996668,-4.3685677,-1.0192538,-7.3191522,254.78776,2431.2358,1056.7885,-811.94124,132.53806,3622.5836,3747.6073,-47.160715,6.5996668,1084.67426,.
2032.0,600.43735,0.88888889,0.66666667,1.1111111,5.3983,12.2168,169.85775,9934.8819,89.349,173.879,64.3741,0.88888889,1.1111111,1.0,1.02,0.88888889,1.2222222,0.44444444,2.2441,727.06233,0.15811588900257662,0.04000000009000011,0.030000000180000087,0.04999999955000014,1.000000000555731,0.9999999997544365,0.6532990384514877,0.9709790177164122,0.9999999999776162,1.0000000000230047,0.9999999999378636,0.04000000009000011,0.04999999955000014,0.04500000004500013,0.13970688946719642,0.04000000009000011,0.05499999905500016,0.019999999820000055,1.0000000003119285,1.000000000330095,6.60399,160.91245,2257.2711,1281.9038,-25.119528,-11.582155,-13.76032,-6.60399,-2.3299295,-0.78763699,-5.0138525,255.5341,2437.195,1059.8941,-812.37146,132.88859,3590.89,3713.3114,-47.139189,6.60399,1123.5029299999999,.
2033.0,600.43735,1.0,0.66666667,1.2222222,5.3983,12.2168,169.85775,9934.8819,89.349,173.879,64.3741,1.0,1.2222222,1.1111111,0.979,1.0,1.2222222,0.55555556,2.2441,727.06233,0.15811588900257656,0.04500000004500013,0.030000000180000087,0.05499999905500016,1.0000000005557308,0.9999999997544368,0.6532990384514878,0.9709790177164117,0.9999999999776165,1.0000000000230047,0.9999999999378631,0.04500000004500013,0.05499999905500016,0.04999999955000014,0.1340912203807699,0.04500000004500013,0.05499999905500016,0.02500000022500007,1.0000000003119294,1.000000000330095,6.6061725,161.33128,2248.3523,1287.7278,-25.140048,-14.031986,-13.947906,-6.6061725,-4.3633561,-1.0295482,-7.3739294,256.20755,2443.0968,1062.7782,-816.45572,133.23437,3558.8471,3678.5187,-47.141414,6.6061725,1162.45104,.
2034.0,600.43735,1.1111111,0.77777778,1.3333333,5.3983,12.2168,169.85775,9934.8819,89.349,173.879,64.3741,1.1111111,1.3333333,1.2222222,0.96,1.1111111,1.3333333,0.55555555,2.2441,727.06233,0.1581158890025766,0.04999999955000014,0.0350000001350001,0.05999999856000017,1.0000000005557308,0.9999999997544367,0.6532990384514878,0.9709790177164089,0.9999999999776155,1.0000000000230045,0.9999999999378631,0.04999999955000014,0.05999999856000017,0.05499999905500016,0.13148883714559667,0.04999999955000014,0.05999999856000017,0.02499999977500007,1.0000000003119283,1.000000000330095,6.6075828,162.15206,2239.2515,1294.0327,-25.182747,-14.033239,-14.045177,-6.6075828,-4.4133514,-1.0219559,-7.3272376,257.66226,2448.9524,1065.4431,-820.49153,133.90867,3526.3812,3643.2383,-47.170077,6.6075828,1201.4902499999998,.
2035.0,600.43735,1.2222222,0.88888889,1.5555556,5.3983,12.2168,169.85775,9934.8819,89.349,173.879,64.3741,1.2222222,1.4444444,1.3333333,0.941,1.2222222,1.4444444,0.66666667,2.2441,727.06233,0.15811588900257662,0.05499999905500016,0.04000000009000011,0.07000000207000019,1.0000000005557301,0.9999999997544372,0.6532990384514878,0.9709790177164126,0.9999999999776156,1.0000000000230045,0.999999999937863,0.05499999905500016,0.06499999806500019,0.05999999856000017,0.1288864539104233,0.05499999905500016,0.06499999806500019,0.030000000180000087,1.000000000311929,1.000000000330095,6.6117931,163.39786,2229.9606,1300.7386,-25.038451,-11.581572,-14.141593,-6.6117931,-4.3944795,-1.0229467,-5.0285282,259.88321,2454.7543,1067.8886,-820.88542,134.93182,3493.5988,3607.4863,-47.182886,6.6117931,1241.15731,.
2036.0,600.43735,1.3333333,0.88888889,1.6666667,5.3983,12.2168,169.85775,9934.8819,89.349,173.879,64.3741,1.3333333,1.5555556,1.4444444,0.906,1.3333333,1.5555556,0.66666667,2.2441,727.06233,0.15811588900257656,0.05999999856000017,0.04000000009000011,0.07500000157500021,1.0000000005557308,0.9999999997544365,0.6532990384514877,0.9709790177164114,0.9999999999776154,1.0000000000230043,0.9999999999378631,0.05999999856000017,0.07000000207000019,0.06499999806500019,0.12409259005615686,0.05999999856000017,0.07000000207000019,0.030000000180000087,1.0000000003119291,1.000000000330095,6.6140191,164.56541,2220.3503,1307.6864,-25.104211,-11.571863,-14.240275,-6.6140191,-2.3274474,-0.78882781,-5.0756748,261.86216,2460.5638,1070.0889,-821.24551,135.893,3460.3103,3571.0503,-42.666785,6.6140191,1278.9373,.
2037.0,600.43735,1.5555556,1.0,1.7777778,5.3983,12.2168,169.85775,9934.8819,89.349,173.879,64.3741,1.5555556,1.6666667,1.5555556,0.873,1.5555556,1.5555556,0.77777778,2.2441,727.06233,0.15811588900257662,0.07000000207000019,0.04500000004500013,0.08000000108000023,1.0000000005557308,0.9999999997544368,0.6532990384514874,0.9709790177164127,0.9999999999776161,1.0000000000230045,0.999999999937863,0.07000000207000019,0.07500000157500021,0.07000000207000019,0.11957266127927699,0.07000000207000019,0.07000000207000019,0.0350000001350001,1.0000000003119287,1.000000000330095,6.6173075,165.65276,2210.3588,1314.6117,-25.055642,-11.540115,-14.426582,-6.6173075,-4.3992567,-1.0279359,-7.3638968,263.60287,2466.3725,1072.0568,-828.99766,136.79075,3426.5876,3534.1096,-47.101649,6.6173075,1313.32874,.
2038.0,600.43735,1.6666667,1.1111111,2.0,5.3983,12.2168,169.85775,9934.8819,89.349,173.879,64.3741,1.6666667,1.7777778,1.6666667,0.857,1.6666667,1.6666667,0.88888889,2.2441,727.06233,0.15811588900257656,0.07500000157500021,0.04999999955000014,0.09000000009000025,1.0000000005557301,0.9999999997544371,0.6532990384514875,0.9709790177164117,0.9999999999776165,1.0000000000230052,0.9999999999378631,0.07500000157500021,0.08000000108000023,0.07500000157500021,0.11738118066018363,0.07500000157500021,0.07500000157500021,0.04000000009000011,1.0000000003119287,1.000000000330095,6.6188235,166.66617,2199.965,1321.4786,-25.163198,-11.543825,-14.526426,-6.6188235,-2.3375225,-0.78587235,-5.0447463,265.11766,2472.2178,1073.7788,-829.33093,137.62989,3392.5464,3496.7693,-47.096284,6.6188235,1351.7914999999998,.
2039.0,600.43735,1.7777778,1.2222222,2.1111111,5.3983,12.2168,169.85775,9877.641,89.349,173.879,64.3741,1.7777778,1.8888889,1.8888889,0.827,1.7777778,1.7777778,0.88888889,2.2441,727.06233,0.15811588900257656,0.08000000108000023,0.05499999905500016,0.09499999959500027,1.0000000005557301,0.9999999997544367,0.6532990384514877,0.9653846167547654,0.9999999999776159,1.0000000000230043,0.999999999937863,0.08000000108000023,0.08500000058500023,0.08500000058500023,0.11327215449938381,0.08000000108000023,0.08000000108000023,0.04000000009000011,1.0000000003119294,1.000000000330095,6.6205635,167.59686,2189.16,1328.2842,-25.039821,-11.609381,-14.714154,-6.6205635,-4.4290728,-1.0293948,-7.3871759,266.38692,2478.0048,1075.2529,-833.42637,138.40329,3357.6614,3458.982,-47.073071,6.6205635,1387.9550199999999,.
2040.0,600.43735,1.8888889,1.3333333,2.2222222,5.3983,12.2168,169.85775,9877.641,89.349,173.879,64.3741,2.0,2.1111111,2.0,0.813,1.8888889,1.7777778,1.0,2.2441,727.06233,0.15811588900257662,0.08500000058500023,0.05999999856000017,0.09999999910000028,1.0000000005557308,0.9999999997544365,0.653299038451488,0.9653846167547647,0.9999999999776156,1.0000000000230045,0.9999999999378634,0.09000000009000025,0.09499999959500027,0.09000000009000025,0.11135460895767713,0.08500000058500023,0.08000000108000023,0.04500000004500013,1.0000000003119287,1.000000000330095,6.7366047,168.37305,2177.8668,1334.9525,-25.081632,-11.61346,-14.812806,-6.7366047,-2.3477595,-0.79437983,-5.0953724,267.38783,2483.7798,1076.4705,-833.8539,139.04974,3322.1571,3420.6909,-42.622349,6.7366047,1423.33081,.
2041.0,600.43735,2.1111111,1.3333333,2.4444444,5.3983,12.2168,169.85775,9877.641,89.349,173.879,64.3741,2.1111111,2.2222222,2.1111111,0.785,2.1111111,1.8888889,1.0,2.2441,727.06233,0.15811588900257656,0.09499999959500027,0.05999999856000017,0.10999999811000032,1.000000000555731,0.9999999997544365,0.6532990384514877,0.9653846167547667,0.9999999999776156,1.0000000000230052,0.9999999999378636,0.09499999959500027,0.09999999910000028,0.09499999959500027,0.10751951787426386,0.09499999959500027,0.08500000058500023,0.04500000004500013,1.0000000003119294,1.000000000330095,6.7465549,168.98375,2166.0758,1341.4806,-25.059199,-11.53087,-15.08788,-6.7465549,-4.4111721,-1.0207534,-7.3165456,268.17745,2489.6594,1077.494,-837.82334,139.55831,3286.082,3381.8852,-47.006103,6.7465549,1458.13818,.
2042.0,600.43735,2.2222222,1.4444444,2.5555556,5.3983,12.2168,154.83028,9877.641,89.349,173.879,64.3741,2.2222222,2.3333333,2.2222222,0.759,2.2222222,2.0,1.1111111,2.2441,727.06233,0.15811588900257656,0.09999999910000028,0.06499999806500019,0.11500000211500032,1.0000000005557308,0.9999999997544362,0.5955010769139154,0.965384616754763,0.9999999999776158,1.0000000000230047,0.9999999999378634,0.09999999910000028,0.1049999986050003,0.09999999910000028,0.1039583618682374,0.09999999910000028,0.09000000009000025,0.04999999955000014,1.0000000003119291,1.000000000330095,6.7485491,169.43589,2153.7769,1347.8685,-25.058267,-11.566939,-15.189442,-6.7485491,-4.4203704,-1.0281607,-5.097155,268.76608,2495.6639,1078.326,-841.96407,139.93475,3249.3729,3342.5284,-47.105822,6.7485491,1491.44247,.
2043.0,600.43735,2.3333333,1.5555556,2.7777778,5.3983,12.2168,154.83028,9877.641,89.349,173.879,64.3741,2.3333333,2.5555556,2.4444444,0.734,2.3333333,2.1111111,1.1111111,2.2441,727.06233,0.1581158890025766,0.1049999986050003,0.07000000207000019,0.12500000112500034,1.0000000005557308,0.9999999997544367,0.5955010769139155,0.9653846167547648,0.9999999999776156,1.0000000000230045,0.999999999937863,0.1049999986050003,0.11500000211500032,0.10999999811000032,0.10053417340090408,0.1049999986050003,0.09499999959500027,0.04999999955000014,1.0000000003119285,1.000000000330095,6.7499626,169.72814,2140.9589,1354.1114,-24.995406,-11.535805,-15.376362,-6.7499626,-4.3841875,-1.0301161,-7.3889491,269.15102,2501.8113,1079.1645,-845.97991,140.17795,3212.0863,3302.5832,-47.015209,6.7499626,1523.87946,.
2044.0,600.43735,2.5555556,1.6666667,3.0,5.3983,12.2168,154.83028,9816.8225,89.349,173.879,64.3741,2.5555556,2.6666667,2.5555556,0.71,2.5555556,2.1111111,1.2222222,2.2441,727.06233,0.15811588900257656,0.11500000211500032,0.07500000157500021,0.13500000013500038,1.0000000005557304,0.9999999997544367,0.5955010769139154,0.9594405614571377,0.9999999999776159,1.000000000023005,0.9999999999378636,0.11500000211500032,0.12000000162000034,0.11500000211500032,0.09724695247226413,0.11500000211500032,0.09499999959500027,0.05499999905500016,1.0000000003119294,1.000000000330095,6.882681,169.86097,2127.6104,1360.2094,-25.093213,-11.514268,-15.566002,-6.882681,-4.4206798,-1.0257939,-5.0733904,269.33562,2508.1286,1080.2935,-846.33287,140.28828,3174.2541,3262.0182,-42.51623,6.882681,1555.21326,.
2045.0,600.43735,2.6666667,1.7777778,3.1111111,5.3983,12.2168,154.83028,9816.8225,89.349,173.879,64.3741,2.6666667,2.8888889,2.6666667,0.688,2.6666667,2.2222222,1.2222222,2.2441,727.06233,0.1581158890025766,0.12000000162000034,0.08000000108000023,0.1399999996400004,1.0000000005557304,0.9999999997544367,0.5955010769139155,0.9594405614571393,0.9999999999776155,1.000000000023004,0.9999999999378634,0.12000000162000034,0.13000000063000036,0.12000000162000034,0.09423366662101093,0.12000000162000034,0.09999999910000028,0.05499999905500016,1.0000000003119285,1.000000000330095,7.0241895,169.91033,2113.8065,1366.2282,-25.039711,-11.584664,-15.755249,-7.0241895,-2.4023493,-1.0301752,-5.1114825,269.41406,2514.7238,1081.38,-846.76912,140.32904,3135.7715,3220.8603,-42.613686,7.0241895,1585.51729,.
2046.0,600.43735,2.7777778,1.8888889,3.3333333,5.3983,12.2168,154.83028,9816.8225,89.349,173.879,64.3741,2.7777778,3.0,2.8888889,0.666,2.7777778,2.3333333,1.3333333,2.2441,727.06233,0.15811588900257662,0.12500000112500034,0.08500000058500023,0.14999999865000044,1.0000000005557306,0.9999999997544367,0.5955010769139154,0.9594405614571401,0.9999999999776162,1.0000000000230045,0.999999999937863,0.12500000112500034,0.13500000013500038,0.13000000063000036,0.09122038076975765,0.12500000112500034,0.1049999986050003,0.05999999856000017,1.0000000003119285,1.000000000330095,7.0256789,169.95738,2099.6135,1375.6483,-25.050606,-11.552524,-15.944167,-7.0256789,-4.412938,-1.0298579,-5.1308967,269.48795,2521.6875,1082.8944,-850.80161,140.36791,3096.644,3179.1291,-42.589885,7.0256789,1615.4173700000001,.
2047.0,600.43735,3.0,1.8888889,3.5555556,5.3983,12.2168,154.83028,9816.8225,89.349,173.879,64.3741,3.0,3.2222222,3.0,0.646,3.0,2.3333333,1.4444444,2.2441,727.06233,0.15811588900257656,0.13500000013500038,0.08500000058500023,0.16000000216000046,1.0000000005557306,0.9999999997544368,0.5955010769139154,0.9594405614571397,0.9999999999776159,1.000000000023005,0.9999999999378631,0.13500000013500038,0.14499999914500042,0.13500000013500038,0.0884810299958911,0.13500000013500038,0.1049999986050003,0.06499999806500019,1.0000000003119294,1.000000000330095,7.0279228,170.00271,2084.9595,1385.1002,-24.958429,-11.496882,-16.131121,-7.0279228,-4.4063529,-1.0291596,-7.3230265,269.5587,2528.5466,1084.4834,-854.86036,140.40538,3056.6193,3136.5784,-46.890857,7.0279228,1644.9206,.
2048.0,600.43735,3.1111111,2.0,3.7777778,5.3983,12.2168,154.83028,9816.8225,89.349,173.879,64.3741,3.1111111,3.4444444,3.2222222,0.626,3.1111111,2.4444444,1.4444444,2.2441,727.06233,0.15811588900257656,0.1399999996400004,0.09000000009000025,0.17000000117000047,1.0000000005557308,0.9999999997544365,0.5955010769139156,0.959440561457136,0.9999999999776155,1.0000000000230045,0.9999999999378634,0.1399999996400004,0.15499999815500043,0.14499999914500042,0.0857416792220245,0.1399999996400004,0.10999999811000032,0.06499999806500019,1.000000000311928,1.000000000330095,7.0319347,170.04701,2069.8766,1394.5785,-25.042573,-11.528776,-16.323912,-7.0319347,-4.4411256,-1.0282707,-5.1001655,269.62808,2535.0047,1086.3759,-855.26145,140.44199,3015.7986,3093.2997,-42.548615,7.0319347,1673.99011,.
2049.0,600.43735,3.3333333,2.1111111,4.0,5.3983,12.2168,154.83028,9748.8489,89.349,173.879,64.3741,3.3333333,3.5555556,3.3333333,0.598,3.3333333,2.5555556,1.5555556,2.2441,727.06233,0.1581158890025766,0.14999999865000044,0.09499999959500027,0.1800000001800005,1.0000000005557301,0.9999999997544368,0.5955010769139152,0.9527972072609869,0.9999999999776158,1.0000000000230045,0.9999999999378631,0.14999999865000044,0.16000000216000046,0.14999999865000044,0.08190658813861121,0.14999999865000044,0.11500000211500032,0.07000000207000019,1.0000000003119291,1.000000000330095,7.0331349,170.09156,2054.3318,1404.091,-25.058809,-11.562792,-16.512177,-7.0331349,-4.4413684,-1.0361035,-5.1495026,269.69771,2541.1464,1088.347,-859.36563,140.4788,2973.8276,3049.1674,-42.524453,7.0331349,1702.54291,.
2050.0,686.66351,3.4444444,2.2222222,4.2222222,5.3983,12.2168,154.83028,9748.8489,89.349,173.879,64.3741,3.4444444,3.7777778,3.5555556,0.58,3.4444444,2.5555556,1.5555556,2.2441,727.06233,0.18082221455623906,0.15499999815500043,0.09999999910000028,0.18999999919000055,1.0000000005557306,0.9999999997544363,0.5955010769139155,0.9527972072609834,0.9999999999776154,1.0000000000230043,0.9999999999378634,0.15499999815500043,0.17000000117000047,0.16000000216000046,0.07944117244213131,0.15499999815500043,0.11500000211500032,0.07000000207000019,1.0000000003119294,1.000000000330095,7.0348484,170.1334,2038.3002,1413.6368,-25.047556,-11.584168,-16.793649,-7.0348484,-4.4463933,-1.0381919,-5.1251395,269.76239,2547.0651,1090.4,-863.50507,140.5134,2930.8698,3004.1135,-42.499353,7.0348484,1727.5233199999998,.
2051.0,686.66351,3.6666667,2.3333333,4.4444444,5.3983,12.2168,154.83028,9748.8489,89.349,173.879,64.3741,3.6666667,4.0,3.7777778,0.555,3.6666667,2.6666667,1.6666667,2.2441,727.06233,0.18082221455623915,0.16500000166500048,0.1049999986050003,0.19999999820000056,1.0000000005557308,0.9999999997544363,0.5955010769139152,0.9527972072609878,0.9999999999776165,1.0000000000230045,0.999999999937863,0.16500000166500048,0.1800000001800005,0.17000000117000047,0.07601698397479806,0.16500000166500048,0.12000000162000034,0.07500000157500021,1.000000000311929,1.000000000330095,7.0364657,170.17941,2021.7975,1423.8097,-25.049313,-11.493582,-16.98107,-7.0364657,-4.4377827,-1.2647515,-7.3861264,269.83691,2552.7454,1093.4367,-867.47068,140.55136,2886.9694,2958.1804,-46.947323,7.0364657,1752.1305499999999,.
2052.0,686.66351,3.8888889,2.4444444,4.7777778,5.3983,12.2168,154.83028,9748.8489,89.349,173.879,64.3741,3.8888889,4.2222222,4.0,0.539,3.8888889,2.7777778,1.6666667,2.2441,727.06233,0.18082221455623906,0.1750000006750005,0.10999999811000032,0.2150000012150006,1.0000000005557301,0.9999999997544368,0.5955010769139154,0.9527972072609857,0.9999999999776166,1.000000000023005,0.9999999999378634,0.1750000006750005,0.18999999919000055,0.1800000001800005,0.07382550335570473,0.1750000006750005,0.12500000112500034,0.07500000157500021,1.0000000003119287,1.000000000330095,7.0387049,170.22252,2004.8218,1434.5691,-24.972444,-11.554221,-17.174378,-7.0387049,-4.4857256,-1.0383617,-5.1739125,269.90548,2558.1481,1097.0508,-867.91779,140.58696,2842.1607,2911.401,-42.523019,7.0387049,1776.3346499999998,.
2053.0,686.66351,4.0,2.5555556,5.0,5.3983,12.2168,154.83028,9691.6079,89.349,173.879,64.3741,4.0,4.4444444,4.2222222,0.515,4.0,2.7777778,1.7777778,2.2441,727.06233,0.1808222145562391,0.1800000001800005,0.11500000211500032,0.22500000022500063,1.0000000005557308,0.9999999997544363,0.5955010769139153,0.9472027965259071,0.9999999999776159,1.0000000000230045,0.9999999999378631,0.1800000001800005,0.19999999820000056,0.18999999919000055,0.07053828242706485,0.1800000001800005,0.12500000112500034,0.08000000108000023,1.0000000003119294,1.000000000330095,7.0405559,170.2628,1987.3734,1445.6819,-24.965291,-11.520152,-17.452416,-7.0405559,-4.4284737,-1.2700983,-7.4253518,269.96821,2563.1798,1100.8496,-871.91351,140.62025,2796.4523,2863.7821,-46.939667,7.0405559,1800.01675,.
2054.0,686.66351,4.2222222,2.6666667,5.3333333,5.3983,12.2168,154.83028,9691.6079,89.349,173.879,64.3741,4.2222222,4.5555556,4.4444444,0.5,4.2222222,2.8888889,1.7777778,2.2441,727.06233,0.1808222145562391,0.18999999919000055,0.12000000162000034,0.23999999874000066,1.0000000005557308,0.9999999997544365,0.5955010769139153,0.9472027965259064,0.9999999999776159,1.0000000000230045,0.9999999999378631,0.18999999919000055,0.2050000022050006,0.19999999820000056,0.06848376934666492,0.18999999919000055,0.13000000063000036,0.08000000108000023,1.0000000003119285,1.000000000330095,7.0430395,170.30874,1969.4754,1457.6454,-24.995847,-11.539713,-17.735426,-7.0430395,-4.4803034,-1.0374153,-5.1681668,270.04319,2567.8227,1105.0866,-872.2983,140.65815,2749.9071,2815.3847,-42.458682,7.0430395,1823.03676,.
2055.0,686.66351,4.4444444,2.7777778,5.5555556,5.3983,12.2168,154.83028,9691.6079,89.349,173.879,64.3741,4.4444444,4.7777778,4.6666667,0.479,4.4444444,3.0,1.8888889,2.2441,727.06233,0.18082221455623906,0.19999999820000056,0.12500000112500034,0.2500000022500007,1.0000000005557308,0.9999999997544365,0.5955010769139152,0.9472027965259087,0.9999999999776159,1.0000000000230047,0.9999999999378638,0.19999999820000056,0.2150000012150006,0.2100000017100006,0.06560745103410498,0.19999999820000056,0.13500000013500038,0.08500000058500023,1.0000000003119296,1.000000000330095,7.044925,170.3625,1951.1393,1470.0945,-24.972578,-11.587891,-18.016124,-7.044925,-4.4904352,-1.2775366,-7.4822678,270.13374,2571.9607,1109.4174,-876.45247,140.70242,2702.6239,2766.3063,-46.955227,7.044925,1845.63797,.
2056.0,686.66351,4.6666667,2.8888889,5.8888889,5.3983,12.2168,154.83028,9691.6079,89.349,173.879,64.3741,4.6666667,5.1111111,4.8888889,0.458,4.6666667,3.0,1.8888889,2.2441,727.06233,0.18082221455623906,0.2100000017100006,0.13000000063000036,0.2650000007650008,1.0000000005557304,0.9999999997544362,0.5955010769139154,0.947202796525905,0.9999999999776155,1.0000000000230047,0.9999999999378636,0.2100000017100006,0.22999999973000063,0.22000000072000064,0.0627311327215451,0.2100000017100006,0.13500000013500038,0.08500000058500023,1.0000000003119291,1.000000000330095,7.0463086,170.42221,1932.5721,1483.0881,-24.995847,-11.510533,-18.296295,-7.0463086,-4.4695587,-1.2757008,-7.4347394,270.23408,2575.0647,1114.4372,-880.41645,140.7516,2655.4205,2717.3628,-46.924401,7.0463086,1867.85755,.
2057.0,686.66351,4.8888889,3.0,6.2222222,5.3983,12.2168,154.83028,9634.367,89.349,173.879,64.3741,4.8888889,5.3333333,5.1111111,0.438,4.8888889,3.1111111,1.8888889,2.2441,727.06233,0.18082221455623912,0.22000000072000064,0.13500000013500038,0.2799999992800008,1.0000000005557304,0.9999999997544367,0.5955010769139154,0.9416083955642608,0.9999999999776155,1.0000000000230047,0.999999999937863,0.22000000072000064,0.23999999874000066,0.22999999973000063,0.05999178194767846,0.22000000072000064,0.1399999996400004,0.08500000058500023,1.0000000003119285,1.000000000330095,7.047904,170.57901,1913.8377,1498.1575,-25.052736,-11.520588,-18.577398,-7.047904,-4.4625234,-1.2746347,-7.4507778,270.53518,2576.8635,1120.2682,-880.837,140.87989,2608.636,2668.8916,-42.37171,7.047904,1889.6092199999998,.
2058.0,686.66351,5.1111111,3.1111111,6.5555555,5.3983,12.2168,142.19242,9634.367,89.349,173.879,64.3741,5.1111111,5.5555556,5.4444444,0.42,5.1111111,3.1111111,2.0,2.2441,727.06233,0.18082221455623906,0.22999999973000063,0.1399999996400004,0.2949999977950008,1.0000000005557306,0.9999999997544369,0.5468939230685095,0.9416083955642593,0.9999999999776158,1.0000000000230047,0.9999999999378636,0.22999999973000063,0.2500000022500007,0.24499999824500068,0.057526366251198544,0.22999999973000063,0.1399999996400004,0.09000000009000025,1.0000000003119294,1.000000000330095,7.0497156,170.95976,1894.9497,1508.4726,-24.95778,-11.521619,-18.860667,-7.0497156,-4.5169809,-1.2788682,-7.5005107,271.28596,2577.3107,1126.1847,-884.99383,141.19094,2562.3724,2620.9066,-42.476811,7.0497156,1910.56695,.
2059.0,686.66351,5.3333333,3.1111111,6.8888889,5.3983,12.2168,142.19242,9634.367,89.349,173.879,64.3741,5.3333333,5.7777778,5.6666667,0.402,5.3333333,3.2222222,2.0,2.2441,727.06233,0.18082221455623906,0.23999999874000066,0.1399999996400004,0.3100000008100009,1.0000000005557301,0.9999999997544365,0.5468939230685095,0.9416083955642608,0.9999999999776158,1.000000000023004,0.9999999999378631,0.23999999874000066,0.2600000012600007,0.25500000175500076,0.05506095055471861,0.23999999874000066,0.14499999914500042,0.09000000009000025,1.0000000003119287,1.000000000330095,7.0515221,171.34724,1875.8865,1522.0563,-14.275964,-9.0618869,-19.14103,-7.0515221,-4.4700874,-1.0422664,-5.1761428,271.99738,2576.6091,1132.6744,-885.30928,141.50862,2516.3918,2573.3324,-42.457132,7.0515221,1931.01078,.
2060.0,686.66351,5.5555556,3.2222222,7.3333333,5.3983,12.2168,142.19242,9634.367,89.349,173.879,64.3741,5.6666667,6.0,6.0,0.384,5.5555555,3.2222222,2.1111111,2.2441,727.06233,0.18082221455623912,0.2500000022500007,0.14499999914500042,0.3299999988300009,1.0000000005557304,0.9999999997544365,0.5468939230685094,0.9416083955642617,0.9999999999776165,1.0000000000230047,0.9999999999378634,0.25500000175500076,0.27000000027000076,0.27000000027000076,0.05259553485823864,0.2499999977500007,0.14499999914500042,0.09499999959500027,1.0000000003119285,1.000000000330095,7.052623,171.91138,1856.6414,1537.1532,-24.992958,-11.541249,-19.514552,-7.052623,-4.5152721,-1.281516,-5.232334,273.02429,2574.5351,1140.046,-885.71166,141.97151,2470.8311,2526.234,-42.438232,7.052623,1950.58772,.
2061.0,686.66351,5.8888889,3.3333333,7.6666667,5.3983,12.2168,142.19242,9555.6607,89.349,173.879,64.3741,5.8888889,6.2222222,6.3333333,0.366,5.8888889,3.3333333,2.1111111,2.2441,727.06233,0.18082221455623906,0.2650000007650008,0.14999999865000044,0.345000001845001,1.0000000005557304,0.9999999997544367,0.5468939230685095,0.9339160881336025,0.9999999999776166,1.0000000000230045,0.9999999999378631,0.2650000007650008,0.2799999992800008,0.28499999878500076,0.0501301191617587,0.2650000007650008,0.14999999865000044,0.09499999959500027,1.0000000003119291,1.000000000330095,7.0559504,172.47243,1837.2124,1551.3179,-25.006593,-11.482879,-19.88495,-7.0559504,-4.4838432,-1.2744743,-7.4742328,273.96625,2570.9786,1148.0076,-889.7461,142.43364,2425.7126,2479.625,-42.342904,7.0559504,1969.246,.
2062.0,686.66351,6.1111111,3.4444444,8.1111111,5.3983,12.2168,142.19242,9555.6607,89.349,173.879,64.3741,6.2222222,6.4444444,6.5555555,0.346,6.1111111,3.4444444,2.2222222,2.2441,727.06233,0.18082221455623906,0.2749999997750008,0.15499999815500043,0.36499999986500103,1.0000000005557308,0.9999999997544367,0.5468939230685097,0.9339160881335998,0.9999999999776158,1.0000000000230047,0.999999999937863,0.2799999992800008,0.28999999829000084,0.2949999977950008,0.047390768387892135,0.2749999997750008,0.15499999815500043,0.09999999910000028,1.000000000311928,1.000000000330095,7.0569877,173.13659,1817.5904,1565.1254,-24.962741,-11.515242,-20.261526,-7.0569877,-4.5145183,-1.519822,-7.5530526,275.04503,2565.9833,1156.4968,-893.87536,142.98154,2381.1063,2433.4904,-42.44124,7.0569877,1986.8931499999999,.
2063.0,686.66351,6.4444444,3.5555556,8.4444444,5.3983,12.2168,142.19242,9555.6607,89.349,173.879,64.3741,6.4444444,6.6666667,7.0,0.331,6.4444444,3.4444444,2.2222222,2.2441,727.06233,0.1808222145562391,0.28999999829000084,0.16000000216000046,0.3799999983800011,1.0000000005557308,0.9999999997544367,0.5468939230685091,0.9339160881336015,0.9999999999776161,1.0000000000230047,0.9999999999378634,0.28999999829000084,0.30000000180000086,0.3150000003150009,0.04533625530749217,0.28999999829000084,0.15499999815500043,0.09999999910000028,1.000000000311929,1.000000000330095,7.0579187,173.77301,1797.749,1578.5468,-14.26233,-9.0544263,-20.542855,-7.0579187,-4.5143609,-1.2815953,-7.4830385,276.00114,2559.5285,1165.2626,-894.2118,143.50842,2336.9561,2387.7914,-42.392038,7.0579187,2003.68695,.
2064.0,771.84899,6.7777778,3.6666667,8.8888889,5.3983,12.2168,142.19242,9494.8422,89.349,173.879,64.3741,6.7777778,7.0,7.3333333,0.311,6.7777778,3.5555556,2.3333333,2.2441,727.06233,0.2032544931283685,0.3050000013050009,0.16500000166500048,0.4000000009000011,1.0000000005557308,0.9999999997544363,0.5468939230685094,0.9279720328359722,0.9999999999776155,1.0000000000230045,0.9999999999378634,0.3050000013050009,0.3150000003150009,0.3299999988300009,0.04259690453362558,0.3050000013050009,0.16000000216000046,0.1049999986050003,1.0000000003119294,1.000000000330095,7.061555,174.34363,1777.6498,1590.9285,-24.998295,-11.50028,-21.007472,-7.061555,-4.5476779,-1.2849561,-7.5491955,276.82558,2551.6501,1174.7408,-898.35662,143.98154,2293.094,2342.4684,-42.410723,7.061555,2020.03375,.
2065.0,771.84899,7.1111111,3.7777778,9.3333333,5.3983,12.2168,142.19242,9494.8422,89.349,173.879,64.3741,7.1111111,7.2222222,7.6666667,0.291,7.1111111,3.5555556,2.3333333,2.2441,727.06233,0.20325449312836863,0.3199999998200009,0.17000000117000047,0.41999999892000117,1.0000000005557308,0.9999999997544362,0.5468939230685094,0.9279720328359763,0.9999999999776162,1.0000000000230045,0.999999999937863,0.3199999998200009,0.3249999993250009,0.345000001845001,0.039857553759758975,0.3199999998200009,0.16000000216000046,0.1049999986050003,1.0000000003119294,1.000000000330095,7.0657764,175.27046,1757.2704,1601.2424,-25.03694,-11.552207,-21.472133,-7.0657764,-4.5690083,-1.5231086,-7.5394932,278.4006,2542.3233,1185.1052,-902.42545,144.74466,2249.4568,2297.5118,-42.379645,7.0657764,2035.64835,.
2066.0,771.84899,7.4444444,3.8888889,9.5555555,5.3983,12.2168,142.19242,9494.8422,89.349,173.879,64.3741,7.4444444,7.4444444,8.1111111,0.271,7.4444444,3.6666667,2.3333333,2.2441,727.06233,0.20325449312836855,0.33499999833500094,0.1750000006750005,0.42999999793000127,1.0000000005557301,0.9999999997544371,0.5468939230685093,0.9279720328359748,0.9999999999776155,1.000000000023005,0.9999999999378631,0.33499999833500094,0.33499999833500094,0.36499999986500103,0.037118202985892364,0.33499999833500094,0.16500000166500048,0.1049999986050003,1.000000000311929,1.000000000330095,7.0692828,176.31684,1736.5612,1591.0737,-24.934445,-11.484122,-21.84586,-7.0692828,-4.5085478,-1.2878997,-7.510681,280.22149,2531.5358,1196.1249,-902.73221,145.605,2206.0831,2252.8601,-42.334804,7.0692828,2050.23855,.
2067.0,771.84899,7.7777778,4.0,9.7777778,5.3983,12.2168,131.41534,9434.0236,89.349,173.879,64.3741,7.7777778,7.6666667,8.5555555,0.254,7.7777778,3.6666667,2.4444444,2.2441,727.06233,0.20325449312836857,0.350000001350001,0.1800000001800005,0.4400000014400013,1.0000000005557306,0.9999999997544363,0.5054436153768392,0.9220279677649147,0.9999999999776158,1.000000000023004,0.999999999937863,0.350000001350001,0.345000001845001,0.3849999978850011,0.034789754828105784,0.350000001350001,0.16500000166500048,0.10999999811000032,1.0000000003119294,1.000000000330095,7.1024059,177.31539,1715.4898,1571.7874,-24.974174,-11.477848,-22.309129,-7.1024059,-6.5904975,-1.5185932,-7.4970563,281.90491,2520.1425,1207.6471,-906.81417,146.42731,2162.8089,2208.2674,-42.212845,7.1024059,2063.78725,.
2068.0,771.84899,8.1111111,4.1111111,10.0,5.3983,12.2168,131.41534,9434.0236,89.349,173.879,64.3741,8.1111111,8.0,8.8888889,0.238,8.1111111,3.7777778,2.4444444,2.2441,727.06233,0.2032544931283686,0.36499999986500103,0.1849999996850005,0.45000000045000127,1.000000000555731,0.9999999997544369,0.5054436153768394,0.9220279677649152,0.9999999999776162,1.0000000000230045,0.9999999999378631,0.36499999986500103,0.360000000360001,0.4000000009000011,0.03259827420901249,0.36499999986500103,0.17000000117000047,0.10999999811000032,1.0000000003119287,1.000000000330095,7.1764631,178.38067,1694.0164,1552.1432,-24.976417,-11.455887,-22.776054,-7.1764631,-4.5681798,-1.523472,-7.580538,283.70013,2508.4325,1219.1239,-907.2218,147.30477,2119.4642,2163.5934,-42.383595,7.1764631,2076.47835,.
2069.0,771.84899,8.4444444,4.2222222,10.222222,5.3983,12.2168,131.41534,9369.6276,89.349,173.879,64.3741,8.5555555,8.2222222,9.3333333,0.222,8.4444444,3.7777778,2.5555556,2.2441,727.06233,0.20325449312836855,0.3799999983800011,0.18999999919000055,0.4599999904600013,1.0000000005557306,0.9999999997544368,0.5054436153768394,0.9157342679047442,0.9999999999776166,1.0000000000230047,0.9999999999378634,0.3849999978850011,0.369999999370001,0.41999999892000117,0.030406793589919223,0.3799999983800011,0.17000000117000047,0.11500000211500032,1.0000000003119285,1.000000000330095,7.1813718,179.40774,1672.2184,1532.231,-24.948899,-9.0400492,-23.240249,-7.1813718,-4.5258819,-1.5239421,-7.5208855,285.32586,2496.2854,1230.4098,-907.5522,148.153,2076.0929,2118.9568,-42.28506,7.1813718,2088.2503500000003,.
2070.0,771.84899,8.8888889,4.3333333,10.444444,5.3983,12.2168,131.41534,9369.6276,89.349,173.879,64.3741,8.8888889,8.4444444,9.8888889,0.202,8.8888889,3.8888889,2.5555556,2.2441,727.06233,0.20325449312836852,0.4000000009000011,0.19499999869500054,0.46999998047000136,1.0000000005557306,0.9999999997544365,0.5054436153768395,0.9157342679047407,0.9999999999776159,1.0000000000230045,0.9999999999378631,0.4000000009000011,0.3799999983800011,0.44500000094500125,0.027667442816052632,0.4000000009000011,0.1750000006750005,0.11500000211500032,1.0000000003119291,1.000000000330095,7.2411822,180.67509,1650.0683,1512.0408,-24.921864,-11.480965,-23.797136,-7.2411822,-6.6442374,-1.525673,-7.5519551,287.35786,2483.6449,1241.4174,-911.67181,149.19921,2032.7133,2074.3198,-42.273055,7.2411822,2099.01235,.
2071.0,771.84899,9.3333333,4.4444444,10.666667,5.3983,12.2168,131.41534,9308.8091,89.349,173.879,64.3741,9.3333333,8.7777778,10.333333,0.186,9.3333333,3.8888889,2.5555556,2.2441,727.06233,0.2032544931283686,0.41999999892000117,0.19999999820000056,0.4800000154800014,1.0000000005557308,0.9999999997544365,0.5054436153768396,0.9097902126071172,0.9999999999776151,1.0000000000230045,0.999999999937863,0.41999999892000117,0.39500000139500113,0.46499998546500126,0.02547596219695935,0.41999999892000117,0.1750000006750005,0.11500000211500032,1.0000000003119285,1.000000000330095,7.2444549,182.1928,1627.5179,1491.4982,-24.986639,-11.464871,-24.353347,-7.2444549,-6.6374297,-1.7568759,-7.5240085,289.87344,2470.4608,1252.0872,-912.05167,150.45016,1989.2042,2029.6353,-42.244657,7.2444549,2109.0418499999996,.
2072.0,855.99377,9.7777778,4.5555556,10.777778,5.3983,12.2168,122.1155,9308.8091,89.349,173.879,64.3741,9.7777778,9.0,10.777778,0.166,9.7777778,4.0,2.6666667,2.2441,727.06233,0.22541271945227434,0.4400000014400013,0.2050000022050006,0.48500001048500135,1.0000000005557308,0.9999999997544365,0.4696749999927744,0.9097902126071168,0.9999999999776158,1.0000000000230045,0.9999999999378634,0.4400000014400013,0.40500000040500117,0.48500001048500135,0.02273661142309276,0.4400000014400013,0.1800000001800005,0.12000000162000034,1.0000000003119294,1.000000000330095,7.2818393,183.55683,1604.5332,1470.5816,-24.954508,-11.484282,-25.001071,-7.2818393,-6.6380808,-1.7693656,-7.6048627,292.0423,2456.6821,1262.3776,-916.14332,151.57645,1945.607,1984.8941,-42.294236,7.2818393,2118.0765499999998,.
2073.0,855.99377,10.222222,4.6666667,11.0,5.3983,12.2168,122.1155,9233.6803,89.349,173.879,64.3741,10.333333,9.3333333,11.333333,0.15,10.222222,4.0,2.6666667,2.2441,727.06233,0.22541271945227437,0.4599999904600013,0.2100000017100006,0.4950000004950014,1.0000000005557308,0.9999999997544365,0.4696749999927742,0.9024475497390039,0.9999999999776158,1.000000000023004,0.9999999999378634,0.46499998546500126,0.41999999892000117,0.5099999855100014,0.02054513080399948,0.4599999904600013,0.1800000001800005,0.12000000162000034,1.0000000003119287,1.000000000330095,7.2833751,185.00621,1581.132,1449.3254,-24.943781,-11.455967,-25.556226,-7.2833751,-6.6396858,-1.7621384,-7.5164568,294.36395,2442.2359,1272.1997,-916.51892,152.77307,1901.9846,1940.1305,-42.179447,7.2833751,2126.41675,.
2074.0,855.99377,10.777778,4.7777778,11.222222,5.3983,12.2168,122.1155,9233.6803,89.349,173.879,64.3741,10.777778,9.5555555,11.777778,0.13,10.777778,4.0,2.6666667,2.2441,727.06233,0.22541271945227434,0.48500001048500135,0.2150000012150006,0.5049999905050014,1.0000000005557306,0.9999999997544369,0.4696749999927743,0.9024475497390031,0.9999999999776161,1.000000000023005,0.9999999999378636,0.48500001048500135,0.42999999793000127,0.5300000105300015,0.017805780030132876,0.48500001048500135,0.1800000001800005,0.12000000162000034,1.0000000003119285,1.000000000330095,7.2858467,186.69839,1557.2801,1427.6817,-24.942734,-11.460352,-26.206245,-7.2858467,-4.5886919,-1.7678251,-7.6138663,297.18578,2426.975,1281.4025,-916.94997,154.16745,1858.3079,1895.3413,-42.329737,7.2858467,2133.91985,.
2075.0,855.99377,11.222222,4.8888889,11.444444,5.3983,12.2168,122.1155,9165.7067,89.349,173.879,64.3741,11.333333,9.8888889,12.333333,0.108,11.222222,4.1111111,2.6666667,2.2441,727.06233,0.2254127194522743,0.5049999905050014,0.22000000072000064,0.5149999805150015,1.0000000005557301,0.9999999997544365,0.4696749999927743,0.8958041955428505,0.9999999999776162,1.0000000000230043,0.999999999937863,0.5099999855100014,0.44500000094500125,0.5549999855550015,0.01479249417887961,0.5049999905050014,0.1849999996850005,0.12000000162000034,1.0000000003119294,1.000000000330095,7.4239722,188.49504,1532.9798,1405.677,-14.231858,-9.0187466,-26.855381,-7.4239722,-4.609432,-1.7657665,-7.5449165,300.16254,2410.7913,1289.8779,-920.95936,155.64818,1814.6077,1850.5543,-37.715404,7.4239722,2140.4420499999997,.
2076.0,855.99377,11.777778,5.0,11.555556,5.3983,12.2168,114.00801,9165.7067,89.349,173.879,64.3741,11.888889,10.111111,12.888889,0.093,11.777778,4.1111111,2.7777778,2.2441,727.06233,0.22541271945227437,0.5300000105300015,0.22500000022500063,0.5200000205200015,1.000000000555731,0.9999999997544362,0.43849234614710036,0.8958041955428513,0.9999999999776158,1.0000000000230045,0.9999999999378636,0.5350000055350016,0.45499999545500125,0.5800000055800016,0.012737981098479675,0.5300000105300015,0.1849999996850005,0.12500000112500034,1.0000000003119296,1.000000000330095,7.4974988,190.38039,1508.2335,1383.3025,-24.917688,-11.446128,-27.683365,-7.4974988,-6.6461983,-2.0068115,-9.8652613,303.2453,2393.9193,1297.6098,-925.02882,157.20315,1770.8649,1805.7565,-42.236758,7.4974988,2145.69985,.
2077.0,855.99377,12.444444,5.1111111,11.777778,5.3983,12.2168,114.00801,9108.4658,89.349,173.879,64.3741,12.444444,10.444444,13.555556,0.078,12.333333,4.1111111,2.7777778,2.2441,727.06233,0.2254127194522744,0.5599999805600016,0.22999999973000063,0.5300000105300015,1.0000000005557308,0.9999999997544367,0.4384923461471001,0.8902097945812047,0.9999999999776161,1.0000000000230045,0.9999999999378638,0.5599999805600016,0.46999998047000136,0.6100000206100017,0.010683468018079727,0.5549999855550015,0.1849999996850005,0.12500000112500034,1.0000000003119285,1.000000000330095,7.5179649,192.22509,1483.1614,1360.7022,-24.979798,-11.444063,-28.423493,-7.5179649,-6.66388,-2.0041637,-9.87594,306.20255,2376.1975,1311.581,-925.42756,158.72595,1727.3734,1761.24,-42.212352,7.5179649,2149.99055,.
2078.0,939.09786,13.0,5.2222222,12.0,5.3983,12.2168,114.00801,9029.7595,89.349,173.879,64.3741,13.111111,10.666667,14.222222,0.06,13.0,4.2222222,2.7777778,2.2441,727.06233,0.24729689616130165,0.5850000005850017,0.23499999923500067,0.5400000005400015,1.0000000005557304,0.9999999997544367,0.43849234614710036,0.8825174871505432,0.9999999999776154,1.0000000000230047,0.9999999999378634,0.5899999955900016,0.4800000154800014,0.6399999906400018,0.00821805232159979,0.5850000005850017,0.18999999919000055,0.12500000112500034,1.000000000311929,1.000000000330095,7.5758388,194.24511,1457.846,1337.9517,-14.252948,-9.0092294,-29.16485,-7.5758388,-4.6249403,-1.7741549,-7.631958,309.45287,2357.5994,1325.2701,-925.79424,160.39319,1684.2995,1717.1707,-37.742746,7.5758388,2153.50965,.
2079.0,939.09786,13.666667,5.2222222,12.111111,5.3983,12.2168,106.87681,9029.7595,89.349,173.879,64.3741,13.777778,11.0,14.888889,0.042,13.666667,4.2222222,2.7777778,2.2441,727.06233,0.24729689616130185,0.6150000156150017,0.23499999923500067,0.5449999955450016,1.0000000005557308,0.9999999997544365,0.41106465383982993,0.8825174871505461,0.9999999999776156,1.0000000000230045,0.9999999999378631,0.6200000106200018,0.4950000004950014,0.670000005670002,0.005752636625119854,0.6150000156150017,0.18999999919000055,0.12500000112500034,1.0000000003119287,1.000000000330095,7.5868248,196.53226,1432.2568,1314.9088,-24.925963,-11.454116,-30.084866,-7.5868248,-6.6571226,-2.0089456,-9.8754378,313.17672,2338.0318,1338.6961,-929.86051,162.27989,1641.5873,1673.4916,-42.118427,7.5868248,2156.09435,.
2080.0,939.09786,14.333333,5.3333333,12.333333,5.3983,12.2168,106.87681,8768.5976,89.349,173.879,64.3741,14.444444,11.222222,15.555556,0.027,14.333333,4.2222222,2.7777778,2.2441,727.06233,0.2472968961613017,0.6449999856450018,0.23999999874000066,0.5549999855550015,1.00000000055573,0.9999999997544372,0.41106465383982993,0.8569930040535744,0.9999999999776154,1.0000000000230047,0.9999999999378631,0.6499999806500019,0.5049999905050014,0.700000020700002,0.0036981235447199035,0.6449999856450018,0.18999999919000055,0.12500000112500034,1.0000000003119291,1.000000000330095,7.6868159,198.9326,1406.3438,1291.6753,-14.01872,-8.9657342,-30.826741,-7.6868159,-4.6323759,-2.0085807,-7.614357,317.1078,2317.5524,1351.8503,-926.57292,164.25935,1599.2061,1630.1815,-37.693216,7.6868159,2157.77445,.
2081.0,939.09786,15.0,5.4444444,12.444444,5.3983,12.2168,106.87681,8389.3764,89.349,173.879,64.3741,15.111111,11.555556,16.222222,0.006,15.0,4.2222222,2.8888889,2.2441,727.06233,0.24729689616130174,0.6750000006750019,0.24499999824500068,0.5599999805600016,1.0000000005557306,0.9999999997544363,0.41106465383982976,0.8199300744707642,0.9999999999776155,1.0000000000230043,0.999999999937863,0.6799999956800019,0.5200000205200015,0.729999990730002,0.0008218052321599792,0.6750000006750019,0.18999999919000055,0.13000000063000036,1.0000000003119296,1.000000000330095,7.8045236,201.35393,1380.1031,1268.2038,-14.218829,-8.9955643,-31.83997,-7.8045236,-6.6869201,-2.0095428,-7.5630431,321.03777,2296.2887,1364.7937,-930.56071,166.25703,1557.19,1587.2536,-37.618756,7.8045236,2158.47835,.
2082.0,939.09786,15.777778,5.5555555,12.666667,5.3983,12.2168,100.55507,8324.9803,89.349,173.879,64.3741,15.888889,11.777778,17.0,0.0,15.777778,4.2222222,2.8888889,2.2441,727.06233,0.24729689616130177,0.710000010710002,0.2499999977500007,0.5700000155700017,1.000000000555731,0.9999999997544371,0.3867502692248192,0.8136363648371584,0.9999999999776161,1.000000000023005,0.9999999999378634,0.7150000057150021,0.5300000105300015,0.7650000007650022,0.0,0.710000010710002,0.18999999919000055,0.13000000063000036,1.0000000003119285,1.000000000330095,7.8063583,203.56816,1353.5547,1244.4581,-24.900021,-11.428827,-32.853949,-7.8063583,-6.6948315,-2.2509746,-9.9350012,324.46882,2274.3239,1378.8181,-930.96791,168.0876,1515.5182,1544.6963,-42.133828,7.8063583,2158.1120499999997,.
2083.0,1021.1613,16.444444,5.5555555,12.777778,5.3983,12.2168,100.55507,8324.9803,89.349,173.879,64.3741,16.555556,12.111111,17.777778,0.0,16.444444,4.3333333,2.8888889,2.2441,727.06233,0.2689070337888321,0.7399999807400021,0.2499999977500007,0.5750000105750016,1.0000000005557306,0.9999999997544369,0.38675026922481914,0.8136363648371584,0.9999999999776166,1.000000000023005,0.9999999999378631,0.7450000207450022,0.5449999955450016,0.8000000108000024,0.0,0.7399999807400021,0.19499999869500054,0.13000000063000036,1.000000000311929,1.000000000330095,7.8815027,205.5122,1326.6594,1220.457,-14.150928,-8.9606034,-33.866964,-7.8815027,-6.6879665,-2.2498609,-7.594023,327.30972,2251.664,1393.8941,-931.33803,169.69883,1474.1616,1502.4798,-37.589198,7.8815027,2156.51865,.
2084.0,1021.1613,17.222222,5.6666667,13.0,5.3983,12.2168,94.911913,8257.0067,89.349,173.879,64.3741,17.222222,12.333333,18.666667,0.0,17.222222,4.3333333,2.8888889,2.2441,727.06233,0.268907033788832,0.7749999907750021,0.25500000175500076,0.5850000005850017,1.0000000005557304,0.9999999997544365,0.36504581922515317,0.8069930106410036,0.9999999999776155,1.0000000000230045,0.9999999999378631,0.7749999907750021,0.5549999855550015,0.8400000158400024,0.0,0.7749999907750021,0.19499999869500054,0.13000000063000036,1.0000000003119294,1.000000000330095,8.0180496,207.1649,1299.3928,1196.1606,-14.019744,-8.9518039,-34.972125,-8.0180496,-6.7020513,-2.252569,-7.6719083,329.59089,2228.3789,1409.6373,-931.71429,171.07174,1433.1059,1460.5668,-37.672143,8.0180496,2153.66145,.
2085.0,1021.1613,17.888889,5.7777778,13.111111,5.3983,12.2168,94.911913,7291.0657,89.349,173.879,64.3741,18.0,12.666667,19.555556,0.0,17.888889,4.3333333,2.8888889,2.2441,727.06233,0.2689070337888321,0.8050000058050022,0.2600000012600007,0.5899999955900016,1.0000000005557306,0.9999999997544363,0.36504581922515317,0.7125874150040803,0.9999999999776154,1.0000000000230045,0.9999999999378631,0.8100000008100023,0.5700000155700017,0.8800000208800025,0.0,0.8050000058050022,0.19499999869500054,0.13000000063000036,1.0000000003119287,1.000000000330095,8.1130825,208.52413,1271.7331,1171.4942,-24.91471,-11.435422,-36.169538,-8.1130825,-6.7152988,-2.4860855,-9.9257442,331.385,2204.5458,1427.1711,-935.79308,172.20274,1392.3369,1418.9363,-37.589965,8.1130825,2149.07145,.
2086.0,1021.1613,18.666667,5.7777778,13.222222,5.3983,12.2168,89.843237,7240.9798,89.349,173.879,64.3741,18.666667,12.888889,20.444444,0.0,18.666667,4.3333333,2.8888889,2.2441,727.06233,0.2689070337888321,0.8400000158400024,0.2600000012600007,0.5949999905950017,1.0000000005557308,0.9999999997544365,0.3455509115331456,0.7076923031675277,0.9999999999776156,1.0000000000230047,0.9999999999378631,0.8400000158400024,0.5800000055800016,0.9199999809200026,0.0,0.8400000158400024,0.19499999869500054,0.13000000063000036,1.0000000003119291,1.000000000330095,8.1957625,209.58482,1243.6599,1146.4503,-24.817155,-11.400305,-37.367261,-8.1957625,-6.6927568,-2.495548,-9.9578322,332.75401,2179.214,1444.8997,-936.19347,173.0861,1351.9367,1377.6653,-37.601536,8.1957625,2142.6943499999998,.
2087.0,1102.184,19.333333,5.8888889,13.333333,5.3983,12.2168,89.843237,7176.5838,89.349,173.879,64.3741,19.333333,13.222222,21.444444,0.0,19.333333,4.3333333,2.8888889,2.2441,727.06233,0.2902431086347574,0.8699999858700025,0.2650000007650008,0.5999999856000017,1.0000000005557308,0.9999999997544362,0.34555091153314543,0.7013986033073533,0.9999999999776158,1.0000000000230045,0.9999999999378634,0.8699999858700025,0.5949999905950017,0.9649999809650027,0.0,0.8699999858700025,0.19499999869500054,0.13000000063000036,1.0000000003119294,1.000000000330095,8.2449739,210.34108,1215.061,1120.5913,-14.112639,-8.9616544,-38.654301,-8.2449739,-6.7135208,-2.4882997,-7.6568109,333.73365,2152.0772,1463.0376,-936.49525,173.71585,1311.6217,1336.4874,-37.557633,8.2449739,2135.18545,.
2088.0,1102.184,20.0,5.8888889,13.444444,5.3983,12.2168,85.265202,6940.4649,89.349,173.879,64.3741,20.111111,13.444444,22.222222,0.0,20.0,4.316487,2.8888889,2.2441,727.06233,0.2902431086347574,0.9000000009000025,0.2650000007650008,0.6049999806050017,1.0000000005557304,0.9999999997544367,0.3279430846103395,0.6783216810153754,0.9999999999776161,1.000000000023005,0.9999999999378631,0.9049999959050026,0.6049999806050017,0.9999999910000028,0.0,0.9000000009000025,0.1942419151942425,0.13000000063000036,1.0000000003119283,1.000000000330095,8.3604272,210.81367,1185.9903,1094.1558,-24.898431,-8.981678,-40.034992,-8.3604272,-6.7726398,-2.4971093,-7.6953083,334.35467,2122.612,1484.857,-936.92428,174.10917,1271.2862,1295.4408,-37.593153,8.3604272,2126.52915,.
2089.0,1102.184,20.777778,5.8888889,13.444444,5.3983,12.2168,81.109521,6833.1381,89.349,173.879,64.3741,20.777778,13.666667,22.222222,0.0,20.777778,4.2222222,2.8888889,2.2441,727.06233,0.29024310863475733,0.9350000109350027,0.2650000007650008,0.6049999806050017,1.0000000005557304,0.9999999997544367,0.31195969614904684,0.6678321682171764,0.9999999999776159,1.0000000000230045,0.999999999937863,0.9350000109350027,0.6150000156150017,0.9999999910000028,0.0,0.9350000109350027,0.18999999919000055,0.13000000063000036,1.0000000003119294,1.000000000330095,8.5090375,211.07331,1156.4732,1067.2188,-14.173641,-8.9830156,-41.50489,-8.5090375,-6.7149372,-2.5003452,-7.6852394,334.70897,2091.1436,1496.6756,-937.27003,174.32496,1231.017,1254.514,-37.552395,8.5090375,2115.95665,.
2090.0,1182.166,21.444444,6.0,13.555556,5.3983,12.2168,81.109521,6779.4747,89.349,173.879,64.3741,21.444444,13.888889,22.222222,0.0,21.444444,4.2222222,2.7777778,2.2441,727.06233,0.3113051312324591,0.9649999809650027,0.27000000027000076,0.6100000206100017,1.0000000005557312,0.9999999997544368,0.3119596961490469,0.6625874118180779,0.9999999999776155,1.0000000000230043,0.9999999999378634,0.9649999809650027,0.6250000056250018,0.9999999910000028,0.0,0.9649999809650027,0.18999999919000055,0.12500000112500034,1.0000000003119283,1.000000000330095,8.6322082,211.20074,1126.5734,1039.828,-14.040109,-8.8831284,-43.064185,-8.6322082,-6.7355639,-2.7305471,-9.9528303,334.89245,2057.8888,1514.5342,-937.56311,174.43064,1190.8954,1213.7286,-37.51607,8.6322082,2102.2671499999997,.
2091.0,1182.166,22.222222,6.0,13.555556,5.3983,12.2168,77.32002,6729.3889,89.349,173.879,64.3741,22.222222,14.111111,22.222222,0.0,22.222222,4.2222222,2.7777778,2.2441,727.06233,0.311305131232459,0.9999999910000028,0.27000000027000076,0.6100000206100017,1.0000000005557308,0.9999999997544365,0.29738469230311726,0.6576923097549586,0.9999999999776161,1.0000000000230047,0.9999999999378638,0.9999999910000028,0.6349999956350018,0.9999999910000028,0.0,0.9999999910000028,0.18999999919000055,0.12500000112500034,1.0000000003119287,1.000000000330095,8.7251362,214.52677,1096.373,1012.1171,-24.928292,-8.9705014,-44.719975,-8.7251362,-8.8365429,-2.9706444,-9.9504469,341.7952,2022.7101,1535.1133,-937.94822,177.14015,1151.0514,1173.1923,-37.508841,8.7251362,2087.10695,.
2092.0,1182.166,22.222222,6.0,13.555556,5.3983,12.2168,73.850062,6672.1479,89.349,173.879,64.3741,22.222222,14.222222,22.222222,0.0,22.222222,4.2222222,2.7777778,2.2441,727.06233,0.31130513123245895,0.9999999910000028,0.27000000027000076,0.6100000206100017,1.0000000005557306,0.9999999997544365,0.28403869999563025,0.6520978990198778,0.9999999999776151,1.000000000023005,0.999999999937863,0.9999999910000028,0.6399999906400018,0.9999999910000028,0.0,0.9999999910000028,0.18999999919000055,0.12500000112500034,1.0000000003119294,1.000000000330095,8.738307,217.82055,1065.9359,984.19858,-14.137686,-8.9521589,-46.464072,-8.738307,-6.7675741,-2.9798546,-10.015671,348.12867,1985.4788,1553.4802,-938.27337,179.83365,1111.4909,1132.9817,-37.528787,8.738307,2070.67485,.
2093.0,1182.166,22.222222,6.0,13.555556,5.3983,12.2168,70.660609,6629.2172,89.349,173.879,64.3741,22.222222,14.444444,22.222222,0.0,22.222222,4.1111111,2.7777778,2.2441,727.06233,0.31130513123245906,0.9999999910000028,0.27000000027000076,0.6100000206100017,1.0000000005557308,0.9999999997544367,0.2717715730727421,0.6479020958552834,0.9999999999776158,1.0000000000230045,0.999999999937863,0.9999999910000028,0.6499999806500019,0.9999999910000028,0.0,0.9999999910000028,0.1849999996850005,0.12500000112500034,1.000000000311928,1.000000000330095,8.7398735,221.08349,1035.2669,955.99714,-24.834184,-8.9316044,-48.300641,-8.7398735,-8.8391465,-2.9787545,-9.9817068,353.89023,1946.0726,1570.6388,-938.66747,182.51471,1072.3005,1093.1355,-37.481698,8.7398735,2052.6118500000002,.
2094.0,1261.1073,22.222222,6.0,13.555556,5.3983,12.2168,67.718731,6579.1314,89.349,173.879,64.3741,22.222222,14.555556,22.222222,0.0,22.222222,4.1111111,2.6666667,2.2441,727.06233,0.33209310158193694,0.9999999910000028,0.27000000027000076,0.6100000206100017,1.0000000005557301,0.9999999997544368,0.2604566576883008,0.643006993792166,0.9999999999776154,1.0000000000230047,0.9999999999378631,0.9999999910000028,0.6550000206550018,0.9999999910000028,0.0,0.9999999910000028,0.1849999996850005,0.12000000162000034,1.0000000003119291,1.000000000330095,8.7411546,224.31981,1004.3796,927.50596,-24.801312,-8.95554,-50.137518,-8.7411546,-8.8890558,-3.2165277,-10.025174,359.08921,1904.1829,1586.3079,-938.9935,185.18679,1033.5051,1053.7017,-37.534445,8.7411546,2033.0572499999998,.
2095.0,1261.1073,22.222222,6.0,13.555556,5.3983,12.2168,64.99646,6532.6231,89.349,173.879,64.3741,22.222222,14.666667,22.222222,0.0,22.222222,4.0,2.6666667,2.2441,727.06233,0.33209310158193683,0.9999999910000028,0.27000000027000076,0.6100000206100017,1.0000000005557304,0.9999999997544362,0.24998638461153871,0.638461536291593,0.9999999999776154,1.000000000023004,0.999999999937863,0.9999999910000028,0.6600000156600019,0.9999999910000028,0.0,0.9999999910000028,0.1800000001800005,0.12000000162000034,1.0000000003119294,1.000000000330095,8.7425596,227.53136,973.29581,898.74735,-24.862566,-8.9592142,-52.246976,-8.7425596,-8.8310216,-3.2172962,-9.9884191,363.73042,1859.5359,1599.0802,-939.26716,187.84902,995.11741,1014.7376,-37.456011,8.7425596,2012.1784499999999,.
2096.0,1261.1073,22.222222,5.8888889,13.555556,5.3983,12.2168,62.469887,6482.5373,89.349,173.879,64.3741,22.222222,14.666667,22.222222,0.0,22.222222,4.0,2.6666667,2.2441,727.06233,0.332093101581937,0.9999999910000028,0.2650000007650008,0.6100000206100017,1.000000000555731,0.9999999997544367,0.24026879615014965,0.6335664342284739,0.9999999999776165,1.0000000000230047,0.9999999999378628,0.9999999910000028,0.6600000156600019,0.9999999910000028,0.0,0.9999999910000028,0.1800000001800005,0.12000000162000034,1.0000000003119283,1.000000000330095,8.7464601,231.28899,942.24861,869.96438,-13.976246,-8.8971358,-54.267851,-8.7464601,-6.7685678,-3.2236466,-7.721341,369.00321,1810.5002,1606.6239,-936.00465,190.96867,957.71016,976.7588,-32.897243,8.7464601,1990.26705,.
2097.0,1339.008,22.222222,5.8888889,13.444444,5.3983,12.2168,57.924379,6432.4515,89.349,173.879,64.3741,22.222222,14.666667,22.222222,0.0,22.222222,3.8888889,2.5555556,2.2441,727.06233,0.3526070460166444,0.9999999910000028,0.2650000007650008,0.6049999806050017,1.0000000005557304,0.9999999997544369,0.2227860730734956,0.6286713321653539,0.9999999999776169,1.0000000000230052,0.999999999937863,0.9999999910000028,0.6600000156600019,0.9999999910000028,0.0,0.9999999910000028,0.1750000006750005,0.11500000211500032,1.0000000003119287,1.000000000330095,8.7495183,234.95886,910.78374,840.54795,-14.135723,-8.9394194,-56.562462,-8.7495183,-8.8794759,-3.4593755,-7.7838115,374.50543,1755.624,1570.2821,-932.67891,194.00704,921.11628,939.56943,-32.983888,8.7495183,1967.6474699999999,.
2098.0,1339.008,22.222222,5.8888889,13.333333,5.3983,12.2168,55.872216,6382.3656,89.349,173.879,64.3741,22.222222,14.555556,22.222222,0.0,22.222222,3.8888889,2.5555556,2.2441,727.06233,0.3526070460166445,0.9999999910000028,0.2650000007650008,0.5999999856000017,1.0000000005557308,0.9999999997544371,0.2148931384582324,0.6237762203288008,0.9999999999776156,1.0000000000230045,0.999999999937863,0.9999999910000028,0.6550000206550018,0.9999999910000028,0.0,0.9999999910000028,0.1750000006750005,0.11500000211500032,1.0000000003119294,1.000000000330095,8.7522891,238.30893,878.90168,810.65269,-24.849657,-8.9429058,-58.946952,-8.7522891,-8.8870857,-3.7024433,-10.081081,379.67109,1696.2969,1512.531,-932.99391,196.77725,885.11842,903.0056,-37.451692,8.7522891,1943.38281,.
2099.0,1339.008,22.222222,5.7777778,13.222222,5.3983,12.2168,52.141315,6282.194,89.349,173.879,64.3741,22.222222,14.444444,22.222222,0.0,22.222222,3.7777778,2.4444444,2.2441,727.06233,0.3526070460166445,0.9999999910000028,0.2600000012600007,0.5949999905950017,1.0000000005557308,0.9999999997544367,0.20054351922768388,0.6139860162025613,0.9999999999776156,1.0000000000230045,0.9999999999378634,0.9999999910000028,0.6499999806500019,0.9999999910000028,0.0,0.9999999910000028,0.17000000117000047,0.10999999811000032,1.0000000003119285,1.000000000330095,8.7561419,241.8098,846.60929,780.28424,-24.601671,-8.8940029,-61.423433,-8.7561419,-8.8516208,-3.700067,-10.036376,385.43382,1631.5711,1449.4586,-933.31096,199.6639,849.86818,867.19771,-37.325662,8.7561419,1918.21455,.
2100.0,1415.8679,22.222222,5.6666667,13.0,5.3983,12.2168,50.44032,6228.5306,89.349,173.879,64.3741,22.222222,14.222222,22.222222,0.0,22.222222,3.6666667,2.4444444,2.2441,727.06233,0.37284691186967495,0.9999999910000028,0.25500000175500076,0.5850000005850017,1.0000000005557306,0.9999999997544363,0.19400123076624612,0.6087412598034626,0.9999999999776156,1.0000000000230047,0.9999999999378634,0.9999999910000028,0.6399999906400018,0.9999999910000028,0.0,0.9999999910000028,0.16500000166500048,0.10999999811000032,1.0000000003119294,1.000000000330095,8.7579473,245.0994,813.89474,749.43671,-24.785991,-8.9013631,-64.083297,-8.7579473,-8.9107983,-3.9390155,-10.087695,390.9176,1561.0113,1380.6541,-929.96057,202.37441,815.38521,832.18632,-37.408972,8.7579473,1892.0589,.
2101.0,1491.6872,22.222222,5.6666667,12.777778,5.3983,12.2168,47.320987,5935.1707,89.349,173.879,64.3741,22.222222,13.888889,22.222222,0.0,22.222222,3.6666667,2.3333333,2.2441,727.06233,0.3928127518079351,0.9999999910000028,0.25500000175500076,0.5750000105750016,1.0000000005557306,0.9999999997544361,0.1820037961510461,0.580069926776403,0.9999999999776155,1.0000000000230047,0.9999999999378631,0.9999999910000028,0.6250000056250018,0.9999999910000028,0.0,0.9999999910000028,0.16500000166500048,0.1049999986050003,1.0000000003119291,1.000000000330095,9.8055819,248.22744,780.7648,718.11863,-13.949895,-8.9194338,-66.834278,-9.8055819,-8.8909506,-3.9438288,-10.057702,396.16236,1484.8928,1306.4197,-926.50792,204.95113,781.66395,797.93928,-32.847731,9.8055819,1864.8321,.
2102.0,1566.4657,22.222222,5.5555555,12.555556,5.3983,12.2168,44.528354,5885.0849,89.349,173.879,64.3741,22.222222,13.444444,22.222222,0.0,22.222222,3.5555556,2.3333333,2.2441,727.06233,0.4125045131645182,0.9999999910000028,0.2499999977500007,0.5650000205650015,1.0000000005557301,0.9999999997544367,0.17126289999736521,0.5751748247132856,0.9999999999776158,1.0000000000230045,0.9999999999378631,0.9999999910000028,0.6049999806050017,0.9999999910000028,0.0,0.9999999910000028,0.16000000216000046,0.1049999986050003,1.0000000003119287,1.000000000330095,9.809954,253.19053,747.7268,686.8382,-13.796494,-8.8519365,-69.678955,-9.809954,-8.9057643,-4.1797599,-10.047206,404.93275,1404.0672,1227.5602,-923.15176,209.02948,749.11498,764.88048,-32.819286,9.809954,1836.60874,.
2103.0,1566.4657,22.222222,5.3333333,12.333333,5.3983,12.2168,42.012867,5781.3357,89.349,173.879,64.3741,22.222222,12.888889,22.222222,0.0,22.222222,3.4444444,2.2222222,2.2441,727.06233,0.4125045131645181,0.9999999910000028,0.23999999874000066,0.5549999855550015,1.0000000005557306,0.9999999997544367,0.16158794999751408,0.5650349662510648,0.9999999999776159,1.0000000000230045,0.9999999999378628,0.9999999910000028,0.5800000055800016,0.9999999910000028,0.0,0.9999999910000028,0.15499999815500043,0.09999999910000028,1.0000000003119294,1.000000000330095,9.812865,253.31428,714.69742,655.51325,-14.139276,-8.943473,-72.70832,-9.812865,-8.9294001,-4.1913805,-10.125783,403.16314,1318.605,1144.1677,-919.81881,209.17617,717.63984,732.91077,-32.897409,9.812865,1807.53042,.
2104.0,1566.4657,22.222222,5.2222222,12.111111,5.3983,12.2168,39.734509,5731.2499,89.349,173.879,64.3741,22.222222,12.333333,22.222222,0.0,22.222222,3.4444444,2.2222222,2.2441,727.06233,0.4125045131645183,0.9999999910000028,0.23499999923500067,0.5449999955450016,1.000000000555731,0.9999999997544365,0.15282503461303348,0.5601398641879457,0.9999999999776159,1.0000000000230045,0.9999999999378631,0.9999999910000028,0.5549999855550015,0.9999999910000028,0.0,0.9999999910000028,0.15499999815500043,0.09999999910000028,1.0000000003119285,1.000000000330095,9.81736,256.31635,681.61008,624.07859,-13.809944,-8.867516,-75.826427,-9.81736,-8.9416254,-4.4280718,-10.104578,407.76328,1228.7654,1056.5384,-916.36661,211.6612,687.16593,701.9573,-32.780861,9.81736,1777.42378,.
2105.0,1640.2036,22.222222,5.1111111,11.777778,5.3983,12.2168,36.691737,5638.2333,89.349,173.879,64.3741,22.222222,11.555556,22.222222,0.0,22.222222,3.3333333,2.1111111,2.2441,727.06233,0.4319222486063309,0.9999999910000028,0.22999999973000063,0.5300000105300015,1.0000000005557306,0.9999999997544365,0.1411220653824443,0.551048949186801,0.9999999999776162,1.0000000000230047,0.9999999999378636,0.9999999910000028,0.5200000205200015,0.9999999910000028,0.0,0.9999999910000028,0.14999999865000044,0.09499999959500027,1.0000000003119287,1.000000000330095,9.8229464,260.32576,648.33553,592.40657,-13.772354,-8.8438152,-79.130283,-9.8229464,-8.9240652,-4.6631477,-10.065369,414.58459,1135.0731,965.16065,-912.93962,214.96163,657.49948,671.82633,-32.750121,9.8229464,1746.12261,.
2106.0,1712.9008,22.222222,4.8888889,11.333333,5.3983,12.2168,34.8755,5487.9758,89.349,173.879,64.3741,22.222222,10.888889,22.222222,0.0,22.222222,3.2222222,2.0,2.2441,727.06233,0.45106593179991966,0.9999999910000028,0.22000000072000064,0.5099999855100014,1.0000000005557306,0.9999999997544367,0.13413653845947482,0.5363636332240084,0.9999999999776158,1.0000000000230045,0.9999999999378634,0.9999999910000028,0.49000000549000144,0.9999999910000028,0.0,0.9999999910000028,0.14499999914500042,0.09000000009000025,1.0000000003119291,1.000000000330095,10.011851,262.90279,614.81963,560.50355,-13.926396,-8.881115,-82.527689,-10.011851,-8.9427298,-4.67215,-10.131408,418.4453,1043.3928,875.93984,-905.92521,217.09316,627.84728,641.72403,-32.736525,10.011851,1713.1103699999999,.
2107.0,1712.9008,22.222222,4.7777778,11.0,5.3983,12.2168,32.418156,5394.9593,89.349,173.879,64.3741,22.222222,10.111111,20.888889,0.0,22.222222,3.1111111,2.0,2.2441,727.06233,0.4510659317999199,0.9999999910000028,0.2150000012150006,0.4950000004950014,1.0000000005557308,0.9999999997544367,0.12468521538269724,0.527272727996295,0.9999999999776158,1.0000000000230045,0.9999999999378634,0.9999999910000028,0.45499999545500125,0.9400000059400027,0.0,0.9999999910000028,0.1399999996400004,0.09000000009000025,1.000000000311928,1.000000000330095,10.186916,264.64268,581.09051,528.28712,-13.982116,-8.8976636,-86.018388,-10.186916,-8.9557884,-4.9111786,-10.155292,420.78906,956.39245,791.53234,-902.50142,218.54186,597.93227,611.37292,-32.737207,10.186916,1678.7788099999998,.
2108.0,1784.5573,22.222222,4.5555556,10.555556,5.3983,12.2168,30.232454,5291.2101,89.349,173.879,64.3741,22.222222,9.3333333,19.222222,0.0,22.222222,3.0,1.8888889,2.2441,727.06233,0.4699355627452851,0.9999999910000028,0.2050000022050006,0.47500002047500134,1.0000000005557304,0.9999999997544367,0.11627866922898032,0.5171328695340768,0.9999999999776156,1.000000000023005,0.9999999999378634,0.9999999910000028,0.41999999892000117,0.8649999908650023,0.0,0.9999999910000028,0.13500000013500038,0.08500000058500023,1.000000000311929,1.000000000330095,10.289491,265.2956,546.8933,495.55378,-13.760091,-8.8556077,-89.6925,-10.289491,-8.9700546,-5.1499702,-10.117588,421.67746,874.06855,711.99651,-895.41205,219.08415,567.52122,580.53804,-32.699373,10.289491,1643.67479,.
2109.0,1855.1731,22.222222,4.2222222,10.0,5.3983,12.2168,28.274388,5098.0219,89.349,173.879,64.3741,22.222222,8.6666667,17.555556,0.0,22.222222,2.8888889,1.7777778,2.2441,727.06233,0.4885311414424267,0.9999999910000028,0.18999999919000055,0.45000000045000127,1.0000000005557306,0.9999999997544365,0.10874764615217312,0.49825175040668956,0.9999999999776155,1.0000000000230045,0.9999999999378631,0.9999999910000028,0.3900000018900011,0.7900000207900022,0.0,0.9999999910000028,0.13000000063000036,0.08000000108000023,1.0000000003119294,1.000000000330095,10.544116,265.17168,513.11383,463.19474,-24.600506,-8.8311366,-93.460077,-10.544116,-11.010504,-5.3884675,-10.135796,420.33898,796.77902,637.69198,-888.28691,219.0079,537.36938,549.97489,-32.674998,10.544116,1607.97127,.
2110.0,1924.7482,22.222222,4.0,9.5555555,5.3983,12.2168,26.508969,4954.9195,89.349,173.879,64.3741,22.222222,8.0,15.888889,0.0,22.222222,2.6666667,1.6666667,2.2441,727.06233,0.5068526678913448,0.9999999910000028,0.1800000001800005,0.42999999793000127,1.0000000005557308,0.9999999997544365,0.10195757307535445,0.4842657333424264,0.9999999999776168,1.0000000000230045,0.9999999999378628,0.9999999910000028,0.360000000360001,0.7150000057150021,0.0,0.9999999910000028,0.12000000162000034,0.07500000157500021,1.0000000003119287,1.000000000330095,10.685194,262.89598,479.33808,430.85187,-13.734426,-6.3863363,-97.233322,-10.685194,-8.9771661,-5.3903649,-7.8593614,414.90177,724.50524,568.37386,-877.45256,217.17123,507.13224,519.34155,-28.179901,10.685194,1571.4751,.
2111.0,1924.7482,22.222222,3.7777778,9.0,5.3983,12.2168,24.406848,4815.3947,89.349,173.879,64.3741,22.222222,7.2222222,14.333333,0.0,22.222222,2.5555556,1.5555556,2.2441,727.06233,0.5068526678913445,0.9999999910000028,0.17000000117000047,0.40500000040500117,1.0000000005557304,0.9999999997544368,0.09387249230624811,0.4706293706141404,0.9999999999776165,1.0000000000230047,0.9999999999378634,0.9999999910000028,0.3249999993250009,0.6449999856450018,0.0,0.9999999910000028,0.11500000211500032,0.07000000207000019,1.0000000003119291,1.000000000330095,10.844297,240.70647,445.39434,398.34761,-13.63978,-6.3712947,-101.10204,-10.844297,-8.9858654,-5.4009838,-7.8963695,368.98263,657.25396,504.35526,-866.62778,199.09263,476.64839,488.46797,-28.146901,10.844297,1533.89286,.
2112.0,2060.7764,22.222222,3.4444444,8.3333333,5.3983,12.2168,22.990279,4522.0348,89.349,173.879,64.3741,22.222222,6.6666667,12.777778,0.0,22.222222,2.3333333,1.3333333,2.2441,727.06233,0.5426735903779626,0.9999999910000028,0.15499999815500043,0.374999998875001,1.0000000005557308,0.9999999997544365,0.08842414999863966,0.44195803758708324,0.9999999999776155,1.0000000000230043,0.9999999999378631,0.9999999910000028,0.30000000180000086,0.5750000105750016,0.0,0.9999999910000028,0.1049999986050003,0.05999999856000017,1.0000000003119294,1.000000000330095,11.480783,210.07405,411.5376,365.85596,-13.853784,-6.3486724,-105.06514,-11.480783,-9.0257678,-5.642435,-7.8774169,309.18269,595.19324,445.72898,-855.81081,174.05935,446.14417,457.58963,-28.138988,11.480783,1495.62315,.
2113.0,1924.7482,22.222222,3.1111111,7.6666667,5.3983,12.2168,21.281142,4908.4112,89.349,173.879,64.3741,22.222222,6.0,11.444444,0.0,22.222222,2.2222222,1.2222222,2.2441,727.06233,0.5068526678913446,0.9999999910000028,0.1399999996400004,0.345000001845001,1.0000000005557308,0.9999999997544371,0.08185054615258691,0.4797202758418526,0.9999999999776162,1.0000000000230045,0.9999999999378631,0.9999999910000028,0.27000000027000076,0.5149999805150015,0.0,0.9999999910000028,0.09999999910000028,0.05499999905500016,1.000000000311929,1.000000000330095,10.012325,179.9937,378.19716,333.77204,-13.699581,-8.8357414,-109.03486,-10.012325,-11.07769,-5.8838221,-10.217277,255.17075,538.81537,392.87265,-848.67725,149.366,415.97956,427.06477,-32.62877,10.012325,1456.82809,.
2114.0,2127.2294,22.222222,2.7777778,7.0,5.3983,12.2168,19.746586,4468.3715,89.349,173.879,64.3741,22.222222,5.4444444,10.111111,0.0,22.222222,2.0,1.1111111,2.2441,727.06233,0.5601729600822093,0.9999999910000028,0.12500000112500034,0.3150000003150009,1.0000000005557304,0.9999999997544367,0.07594840769113925,0.43671329096141653,0.9999999999776165,1.0000000000230047,0.9999999999378636,0.9999999910000028,0.24499999824500068,0.45499999545500125,0.0,0.9999999910000028,0.09000000009000025,0.04999999955000014,1.0000000003119294,1.000000000330095,11.023792,149.66773,344.56102,301.35539,-13.719039,-6.3395777,-112.82912,-11.023792,-9.058828,-5.888857,-7.9107114,205.88771,487.03518,344.81661,-830.43568,124.34365,385.47718,396.21249,-28.063964,11.023792,1416.90861,.
2115.0,2192.6418,22.222222,2.4444444,6.2222222,5.3983,12.2168,18.3596,4182.1667,89.349,173.879,64.3741,21.777778,4.8888889,8.8888889,0.0,22.222222,1.7777778,0.88888889,2.2441,727.06233,0.5773983038716857,0.9999999910000028,0.10999999811000032,0.2799999992800008,1.000000000555731,0.9999999997544363,0.07061384615275978,0.4087412568328845,0.9999999999776156,1.0000000000230047,0.999999999937863,0.9800000109800029,0.22000000072000064,0.4000000009000011,0.0,0.9999999910000028,0.08000000108000023,0.04000000009000011,1.0000000003119285,1.000000000330095,11.48994,119.8714,311.39239,269.4242,-13.878089,-6.3379222,-116.54002,-11.48994,-11.10152,-6.1331535,-10.201254,162.17567,440.65493,302.34161,-815.87058,99.654557,355.29186,365.68787,-28.05699,11.48994,1376.50142,.
2116.0,2192.6418,19.777778,2.1111111,5.4444444,5.3983,12.2168,17.09847,4182.1667,89.349,173.879,64.3741,16.777778,4.4444444,7.7777778,0.0,20.0,1.5555556,0.66666667,2.2441,727.06233,0.5773983038716857,0.8900000108900026,0.09499999959500027,0.24499999824500068,1.0000000005557304,0.9999999997544367,0.06576334615283441,0.40874125683288604,0.9999999999776154,1.0000000000230047,0.999999999937863,0.7550000107550022,0.19999999820000056,0.350000001350001,0.0,0.9000000009000025,0.07000000207000019,0.030000000180000087,1.0000000003119287,1.000000000330095,11.202118,91.195079,279.30525,238.57153,-13.756267,-6.3266889,-119.98904,-11.202118,-11.111038,-6.3721531,-10.218326,124.45209,400.13119,265.80014,-797.66437,75.790981,325.93781,336.00467,-28.024298,11.202118,1335.48534,.
2117.0,2257.0134,14.444444,1.7777778,4.7777778,5.3983,12.2168,15.945544,4110.6155,89.349,173.879,64.3741,12.444444,4.0,7.0,0.0,14.555556,1.3333333,0.55555555,2.2441,727.06233,0.5943495690794849,0.6499999806500019,0.08000000108000023,0.2150000012150006,1.0000000005557308,0.9999999997544363,0.06132901538367187,0.40174824830075245,0.9999999999776156,1.0000000000230045,0.9999999999378634,0.5599999805600016,0.1800000001800005,0.3150000003150009,0.0,0.6550000206550018,0.05999999856000017,0.02499999977500007,1.0000000003119294,1.000000000330095,11.095165,66.982355,251.63586,212.08257,-13.700722,-6.3509453,-122.90455,-11.095165,-9.0630587,-6.1419792,-7.9240388,93.781291,366.46233,236.25156,-775.6752,55.612457,300.27626,310.02297,-23.498521,11.095165,1294.2832799999999,.
2118.0,2257.0134,10.222222,1.4444444,4.3333333,5.3983,12.2168,14.886322,4060.5297,89.349,173.879,64.3741,9.1111111,3.7777778,6.3333333,0.0,10.222222,1.1111111,0.44444444,2.2441,727.06233,0.594349569079485,0.4599999904600013,0.06499999806500019,0.19499999869500054,1.0000000005557306,0.9999999997544363,0.05725508461450375,0.39685314623763346,0.9999999999776161,1.0000000000230043,0.9999999999378634,0.4099999999100012,0.17000000117000047,0.28499999878500076,0.0,0.4599999904600013,0.04999999955000014,0.019999999820000055,1.0000000003119285,1.000000000330095,10.988182,48.708901,229.84378,191.4554,-13.641335,-6.3309507,-125.11151,-10.988182,-9.113878,-6.1566462,-7.9099086,70.662756,340.08323,213.49036,-749.97813,40.382957,279.56251,288.99649,-23.471698,10.988182,1253.67491,.
2119.0,2257.0134,7.2222222,1.3333333,4.0,5.3983,12.2168,14.146091,4060.5297,89.349,173.879,64.3741,6.7777778,3.5555556,5.8888889,0.0,7.3333333,1.1111111,0.33333333,2.2441,727.06233,0.594349569079485,0.3249999993250009,0.05999999856000017,0.1800000001800005,1.0000000005557301,0.9999999997544367,0.05440804230685526,0.39685314623763235,0.9999999999776165,1.0000000000230052,0.9999999999378634,0.3050000013050009,0.16000000216000046,0.2650000007650008,0.0,0.3299999988300009,0.04999999955000014,0.014999999865000042,1.0000000003119287,1.000000000330095,10.696059,36.292092,213.84773,176.57863,-13.798805,-6.3137743,-126.29283,-10.696059,-9.0970496,-6.3970019,-7.9485439,54.973031,320.91818,197.78939,-720.64169,30.034048,263.74339,272.84811,-23.517471,10.696059,1211.88151,.
2120.0,2257.0134,5.6666667,1.2222222,3.7777778,5.3983,12.2168,13.675951,4139.236,89.349,173.879,64.3741,5.6666667,3.5555556,5.7777778,0.0,5.6666667,1.0,0.33333333,2.2441,727.06233,0.5943495690794849,0.25500000175500076,0.05499999905500016,0.17000000117000047,1.0000000005557301,0.9999999997544363,0.05259981153765233,0.40454545366829303,0.9999999999776161,1.0000000000230045,0.9999999999378634,0.25500000175500076,0.16000000216000046,0.2600000012600007,0.0,0.25500000175500076,0.04500000004500013,0.014999999865000042,1.0000000003119291,1.000000000330095,10.093295,29.57358,203.48161,167.3107,-11.579635,-5.8289415,-125.89281,-10.093295,-9.118758,-6.1911676,-8.1728282,46.526433,308.71117,188.98751,-685.35805,24.433446,252.67863,261.44956,-22.588051,10.093295,1169.65482,.
2121.0,1261.1073,5.5555556,1.2741942,3.8888889,5.3983,12.2168,13.447445,6629.2172,89.349,173.879,64.3741,5.5555556,3.5555556,5.8888889,0.0,5.5555555,1.0,0.33333333,2.2441,727.06233,0.332093101581937,0.2500000022500007,0.0573387390573389,0.1750000006750005,1.0000000005557308,0.9999999997544365,0.05172094230689662,0.647902095855285,0.9999999999776156,1.0000000000230045,0.9999999999378631,0.2500000022500007,0.16000000216000046,0.2650000007650008,0.0,0.2499999977500007,0.04500000004500013,0.014999999865000042,1.000000000311928,1.000000000330095,3.8411489,28.182533,198.3915,163.31095,-11.557185,-5.5615462,-123.14048,-3.8411489,-8.7077983,-5.996064,-7.760228,44.845413,302.98708,186.56191,-641.52683,23.272267,246.06479,254.51243,-21.667721,3.8411489,1127.90924,.
2122.0,686.66351,5.8888889,1.3333333,3.8888889,5.3983,12.2168,13.908786,9634.367,89.349,173.879,64.3741,5.8888889,3.6666667,6.1111111,0.0,5.8888889,1.0,0.33333333,2.2441,727.06233,0.1808222145562391,0.2650000007650008,0.05999999856000017,0.1750000006750005,1.0000000005557304,0.9999999997544368,0.05349533076840775,0.941608395564261,0.9999999999776161,1.000000000023005,0.9999999999378636,0.2650000007650008,0.16500000166500048,0.2749999997750008,0.0,0.2650000007650008,0.04500000004500013,0.014999999865000042,1.0000000003119294,1.000000000330095,1.1253989,28.441633,194.87532,160.85696,-10.519883,-5.0634399,-116.86084,-1.1253989,-7.9219098,-5.6039931,-7.0835036,45.280826,299.04949,185.92013,-587.03411,23.485683,240.80938,248.95189,-19.78824,1.1253989,1086.39734,.
2123.0,686.66351,6.2222222,1.3333333,4.0,5.3983,12.2168,15.405023,9555.6607,89.349,173.879,64.3741,6.2222222,3.7777778,6.3333333,0.0,6.2222222,1.1111111,0.33333333,2.2441,727.06233,0.18082221455623906,0.2799999992800008,0.05999999856000017,0.1800000001800005,1.0000000005557304,0.9999999997544365,0.059250088460626946,0.9339160881335982,0.9999999999776151,1.0000000000230043,0.9999999999378631,0.2799999992800008,0.17000000117000047,0.28499999878500076,0.0,0.2799999992800008,0.04999999955000014,0.014999999865000042,1.000000000311929,1.000000000330095,1.1289166,28.732191,191.32279,158.3365,-9.2968747,-4.5996755,-105.27416,-1.1289166,-7.0989061,-4.9833086,-6.1998618,45.767039,294.83356,185.10553,-517.01131,23.72506,235.58912,243.42958,-17.606873,1.1289166,1045.7300229999998,.
2124.0,686.66351,6.5555555,1.4444444,4.1111111,5.3983,12.2168,19.386933,9555.6607,89.349,173.879,64.3741,6.5555555,3.8888889,6.5555555,0.0,6.5555555,1.1111111,0.44444444,2.2441,727.06233,0.18082221455623915,0.2949999977950008,0.06499999806500019,0.1849999996850005,1.0000000005557306,0.9999999997544368,0.07456512692192979,0.9339160881336025,0.9999999999776162,1.0000000000230045,0.999999999937863,0.2949999977950008,0.1750000006750005,0.2949999977950008,0.0,0.2949999977950008,0.04999999955000014,0.019999999820000055,1.000000000311929,1.000000000330095,1.13613,28.941832,187.73052,155.7473,-7.1604655,-3.5872493,-85.322043,-1.13613,-5.4793887,-4.0015888,-4.7901789,46.072085,290.31822,183.93669,-422.52473,23.898818,230.39973,237.94529,-14.354168,1.13613,1006.109745,.
2125.0,771.84899,6.8888889,1.4444444,4.2222222,5.3983,12.2168,31.661795,9494.8422,89.349,173.879,64.3741,6.8888889,4.0,6.7777778,0.0,6.8888889,1.1111111,0.44444444,2.2441,727.06233,0.20325449312836855,0.3100000008100009,0.06499999806500019,0.18999999919000055,1.0000000005557304,0.9999999997544369,0.1217761346135112,0.9279720328359745,0.9999999999776156,1.0000000000230047,0.9999999999378631,0.3100000008100009,0.1800000001800005,0.3050000013050009,0.0,0.3100000008100009,0.04999999955000014,0.019999999820000055,1.0000000003119294,1.000000000330095,1.1475771,29.217103,184.09966,153.0915,-6.0748744,-2.6119685,-51.392526,-1.1475771,-3.6162589,-2.4236572,-3.4634094,46.513701,285.50351,182.37565,-288.62461,24.126084,225.25415,232.50106,-10.347916,1.1475771,971.24975,2835.9108
2126.0,771.84899,7.2222222,1.4444444,4.2222222,5.3983,12.2168,122.1155,9494.8422,89.349,173.879,64.3741,7.3333333,4.0,6.8888889,0.378,7.2222222,1.1111111,0.44444444,2.2441,727.06233,0.20325449312836857,0.3249999993250009,0.06499999806500019,0.18999999919000055,1.0000000005557306,0.9999999997544367,0.4696749999927743,0.9279720328359748,0.9999999999776159,1.0000000000230045,0.999999999937863,0.3299999988300009,0.1800000001800005,0.3100000008100009,0.0517737296260787,0.3249999993250009,0.04999999955000014,0.019999999820000055,1.0000000003119294,1.000000000330095,1.151655,29.514405,180.43138,150.3702,-2.8069207,-1.3849451,-5.9834619,-1.151655,-0.94805427,-0.37097002,-1.1918325,46.994066,280.38514,180.42216,-127.02875,24.371404,220.14746,227.10207,-5.3767996,1.151655,951.424642,-0.0
2127.0,771.84899,7.6666667,1.5555556,4.3333333,5.3983,12.2168,114.00801,9494.8422,89.349,173.879,64.3741,7.6666667,4.1111111,7.1111111,0.361,7.6666667,1.2222222,0.44444444,2.2441,727.06233,0.20325449312836857,0.345000001845001,0.07000000207000019,0.19499999869500054,1.0000000005557308,0.9999999997544368,0.4384923461471001,0.9279720328359755,0.9999999999776161,1.000000000023005,0.9999999999378631,0.345000001845001,0.1849999996850005,0.3199999998200009,0.049445281468292065,0.345000001845001,0.05499999905500016,0.019999999820000055,1.0000000003119283,1.000000000330095,1.1590109,29.775024,176.72551,147.58384,-2.8211424,-1.3848611,-6.2047365,-1.1590109,-0.9482401,-0.38016897,-1.1948475,47.391625,275.03802,178.16397,-126.91115,24.586979,215.05045,221.74092,-5.3359176,1.1590109,942.380961,-0.0
2128.0,771.84899,8.0,1.5555556,4.4444444,5.3983,12.2168,114.00801,9434.0236,89.349,173.879,64.3741,8.1111111,4.1111111,7.2222222,0.346,8.0,1.2222222,0.44444444,2.2441,727.06233,0.20325449312836855,0.360000000360001,0.07000000207000019,0.19999999820000056,1.0000000005557308,0.9999999997544368,0.4384923461471001,0.9220279677649168,0.9999999999776166,1.0000000000230052,0.9999999999378636,0.36499999986500103,0.1849999996850005,0.3249999993250009,0.047390768387892114,0.360000000360001,0.05499999905500016,0.019999999820000055,1.0000000003119291,1.000000000330095,1.1718951,30.048221,172.97688,144.7211,-2.7020659,-1.3772077,-6.4376616,-1.1718951,-0.98654633,-0.39428232,-1.1902818,47.824836,269.49462,175.32551,-126.91529,24.812661,209.97744,216.40926,-5.2990866,1.1718951,936.4723059999999,-0.0
2129.0,771.84899,8.4444444,1.5555556,4.4444444,5.3983,12.2168,114.00801,9434.0236,89.349,173.879,64.3741,8.4444444,4.2222222,7.3333333,0.331,8.4444444,1.2222222,0.44444444,2.2441,727.06233,0.20325449312836852,0.3799999983800011,0.07000000207000019,0.19999999820000056,1.0000000005557306,0.9999999997544365,0.4384923461471002,0.922027967764913,0.9999999999776156,1.0000000000230047,0.9999999999378631,0.3799999983800011,0.18999999919000055,0.3299999988300009,0.04533625530749219,0.3799999983800011,0.05499999905500016,0.019999999820000055,1.000000000311929,1.000000000330095,1.1793444,30.3167,169.18412,141.79564,-2.8273496,-1.3625208,-6.6819518,-1.1793444,-0.98607832,-0.40772678,-1.2164278,48.259871,263.77926,172.23412,-126.81987,25.034165,204.92422,211.10275,-5.3449157,1.1793444,933.092045,-0.0
2130.0,771.84899,8.8888889,1.5555556,4.5555556,5.3983,12.2168,106.87681,9369.6276,89.349,173.879,64.3741,8.8888889,4.2222222,7.4444444,0.316,8.8888889,1.2222222,0.44444444,2.2441,727.06233,0.2032544931283686,0.4000000009000011,0.07000000207000019,0.2050000022050006,1.0000000005557304,0.9999999997544365,0.41106465383982976,0.915734267904744,0.9999999999776155,1.0000000000230047,0.9999999999378631,0.4000000009000011,0.18999999919000055,0.33499999833500094,0.04328174222709222,0.4000000009000011,0.05499999905500016,0.019999999820000055,1.000000000311929,1.000000000330095,1.19283,30.541037,165.36293,138.81685,-2.8877883,-1.3532392,-6.9364813,-1.19283,-1.0332764,-0.41969925,-1.1924678,48.58854,257.9237,168.92457,-126.65323,25.220054,199.90294,205.83388,-5.274245,1.19283,931.3728759999999,-0.0
2131.0,771.84899,9.2222222,1.6666667,4.5555556,5.3983,12.2168,106.87681,9369.6276,89.349,173.879,64.3741,9.3333333,4.3333333,7.5555555,0.301,9.2222222,1.2222222,0.55555555,2.2441,727.06233,0.20325449312836852,0.41499999941500115,0.07500000157500021,0.2050000022050006,1.000000000555731,0.9999999997544365,0.41106465383983004,0.9157342679047422,0.9999999999776155,1.0000000000230045,0.9999999999378634,0.41999999892000117,0.19499999869500054,0.33999999784000096,0.04122722914669229,0.41499999941500115,0.05499999905500016,0.02499999977500007,1.0000000003119294,1.000000000330095,1.2039807,30.728755,161.50574,135.77808,-2.6772583,-1.3103016,-7.2006798,-1.2039807,-0.99752938,-0.43170155,-1.1840374,48.851219,251.94096,165.41055,-126.43461,25.375928,194.90724,200.59626,-5.1613361,1.2039807,932.0058779999999,-0.0
2132.0,771.84899,9.5555555,1.6666667,4.6666667,5.3983,12.2168,100.55507,9308.8091,89.349,173.879,64.3741,9.5555555,4.3333333,7.5555555,0.281,9.5555555,1.2222222,0.55555555,2.2441,727.06233,0.2032544931283686,0.42999999793000127,0.07500000157500021,0.2100000017100006,1.0000000005557308,0.9999999997544362,0.3867502692248193,0.9097902126071165,0.9999999999776162,1.0000000000230045,0.9999999999378634,0.42999999793000127,0.19499999869500054,0.33999999784000096,0.0384878783728257,0.42999999793000127,0.05499999905500016,0.02499999977500007,1.0000000003119291,1.000000000330095,1.2232778,30.569851,157.61134,132.69372,-2.7910904,-1.3352951,-7.4766724,-1.2232778,-1.0312596,-0.44690253,-1.2187202,48.411457,245.83006,161.69186,-126.23891,25.24902,189.93738,195.38995,-5.1272903,1.2232778,933.8072139999999,-0.0
2133.0,855.99377,9.7777778,1.6666667,4.6666667,5.3983,12.2168,100.55507,9233.6803,89.349,173.879,64.3741,9.6666667,4.3333333,7.6666667,0.266,9.7777778,1.2222222,0.55555555,2.2441,727.06233,0.22541271945227434,0.4400000014400013,0.07500000157500021,0.2100000017100006,1.0000000005557304,0.9999999997544363,0.3867502692248193,0.902447549739002,0.9999999999776165,1.000000000023005,0.9999999999378634,0.43500000193500127,0.19499999869500054,0.345000001845001,0.03643336529242572,0.4400000014400013,0.05499999905500016,0.02499999977500007,1.0000000003119287,1.000000000330095,1.2404045,30.255695,153.69295,129.57867,-2.6062991,-1.2978286,-7.7610399,-1.2404045,-1.0298353,-0.46036184,-1.2175398,47.705743,239.62029,157.80216,-125.91208,24.99446,185.00398,190.22552,-5.1110398,1.2404045,934.738487,-0.0
2134.0,855.99377,10.0,1.6666667,4.6666667,5.3983,12.2168,94.911913,9233.6803,89.349,173.879,64.3741,9.8888889,4.3333333,7.6666667,0.25,10.0,1.3333333,0.55555555,2.2441,727.06233,0.2254127194522743,0.45000000045000127,0.07500000157500021,0.2100000017100006,1.0000000005557301,0.9999999997544365,0.3650458192251531,0.902447549739005,0.9999999999776165,1.0000000000230045,0.9999999999378631,0.44500000094500125,0.19499999869500054,0.345000001845001,0.034241884673332446,0.45000000045000127,0.05999999856000017,0.02499999977500007,1.0000000003119294,1.000000000330095,1.2232891,29.837142,149.75228,126.44087,-2.6038581,-1.3025093,-8.0563027,-1.2232891,-1.0788148,-0.47059088,-1.2048818,46.868395,233.34124,153.77524,-125.62834,24.652869,180.1057,185.10151,-5.0885875,1.2232891,937.2190879999999,-0.0
2135.0,855.99377,10.111111,1.6666667,4.7777778,5.3983,12.2168,94.911913,9165.7067,89.349,173.879,64.3741,10.0,4.4444444,7.6666667,0.238,10.111111,1.3333333,0.55555556,2.2441,727.06233,0.22541271945227442,0.45499999545500125,0.07500000157500021,0.2150000012150006,1.0000000005557308,0.9999999997544368,0.36504581922515345,0.8958041955428511,0.9999999999776156,1.0000000000230043,0.9999999999378631,0.45000000045000127,0.19999999820000056,0.345000001845001,0.0325982742090125,0.45499999545500125,0.05999999856000017,0.02500000022500007,1.0000000003119283,1.000000000330095,1.2530014,29.278459,145.77335,123.2553,-2.5854737,-1.2729151,-8.3578369,-1.2530014,-1.0390489,-0.48481506,-1.190328,45.857478,226.99896,149.61942,-125.1604,24.194309,175.22646,180.0017,-5.0166537,1.2530014,941.493471,-0.0
2136.0,855.99377,10.222222,1.6666667,4.7777778,5.3983,12.2168,89.843237,9165.7067,89.349,173.879,64.3741,10.0,4.4444444,7.6666667,0.226,10.222222,1.3333333,0.55555555,2.2441,727.06233,0.22541271945227437,0.4599999904600013,0.07500000157500021,0.2150000012150006,1.0000000005557308,0.9999999997544367,0.34555091153314527,0.8958041955428522,0.9999999999776155,1.0000000000230045,0.9999999999378636,0.45000000045000127,0.19999999820000056,0.345000001845001,0.030954663744692537,0.4599999904600013,0.05999999856000017,0.02499999977500007,1.000000000311929,1.000000000330095,1.2692731,28.65505,141.77716,119.94233,-2.592133,-1.2750038,-8.6678019,-1.2692731,-1.1039677,-0.50100717,-1.2520156,44.826865,220.64276,145.38091,-124.70934,23.680479,170.38233,174.94209,-5.0111554,1.2692731,945.317141,-0.0
2137.0,855.99377,10.333333,1.6666667,4.7777778,5.3983,12.2168,85.265202,9108.4658,89.349,173.879,64.3741,10.111111,4.4444444,7.6666667,0.21,10.333333,1.3333333,0.55555555,2.2441,727.06233,0.2254127194522743,0.46499998546500126,0.07500000157500021,0.2150000012150006,1.0000000005557308,0.9999999997544367,0.3279430846103395,0.8902097945812025,0.9999999999776154,1.0000000000230043,0.9999999999378631,0.45499999545500125,0.19999999820000056,0.345000001845001,0.028763183125599275,0.46499998546500126,0.05999999856000017,0.02499999977500007,1.0000000003119287,1.000000000330095,1.2680959,28.026636,137.7748,116.58181,-2.4949031,-1.2650429,-8.9797509,-1.2680959,-1.1218755,-0.51731992,-1.2460035,43.900822,214.34956,141.25842,-124.09733,23.159843,165.56123,169.92396,-4.9570087,1.2680959,949.1529559999999,-0.0
2138.0,855.99377,10.333333,1.6666667,4.7777778,5.3983,12.2168,85.265202,9029.7595,89.349,173.879,64.3741,10.222222,4.4444444,7.6666667,0.198,10.333333,1.3333333,0.55555555,2.2441,727.06233,0.22541271945227437,0.46499998546500126,0.07500000157500021,0.2150000012150006,1.0000000005557301,0.9999999997544367,0.3279430846103395,0.8825174871505458,0.9999999999776159,1.0000000000230045,0.9999999999378631,0.4599999904600013,0.19999999820000056,0.345000001845001,0.027119572661279307,0.46499998546500126,0.05999999856000017,0.02499999977500007,1.0000000003119287,1.000000000330095,1.2847905,27.368011,133.82199,113.26571,-2.5148621,-1.2426274,-9.2906219,-1.2847905,-1.0703891,-0.52607231,-1.1952586,42.931681,208.15656,137.06777,-123.38114,22.614096,160.82321,164.99299,-4.8045058,1.2847905,952.3643649999999,-0.0
2139.0,939.09786,10.444444,1.6666667,4.7777778,5.3983,12.2168,81.109521,9029.7595,89.349,173.879,64.3741,10.333333,4.4444444,7.6666667,0.186,10.444444,1.3333333,0.55555555,2.2441,727.06233,0.2472968961613017,0.46999998047000136,0.07500000157500021,0.2150000012150006,1.0000000005557301,0.9999999997544367,0.31195969614904695,0.8825174871505448,0.9999999999776155,1.0000000000230045,0.9999999999378631,0.46499998546500126,0.19999999820000056,0.345000001845001,0.02547596219695934,0.46999998047000136,0.05999999856000017,0.02499999977500007,1.000000000311929,1.000000000330095,1.2967349,26.6962,129.95313,110.04644,-2.5057232,-1.2111517,-9.596136,-1.2967349,-1.0804292,-0.53979162,-1.218327,41.918334,202.10259,132.94353,-122.53692,22.058037,156.2077,160.1768,-4.7886335,1.2967349,955.5914489999999,-0.0
2140.0,939.09786,10.444444,1.6666667,4.7777778,5.3983,12.2168,77.32002,8768.5976,89.349,173.879,64.3741,10.333333,4.4444444,7.6666667,0.17,10.555556,1.3333333,0.55555556,2.2441,727.06233,0.24729689616130174,0.46999998047000136,0.07500000157500021,0.2150000012150006,1.0000000005557306,0.9999999997544362,0.2973846923031172,0.8569930040535756,0.9999999999776158,1.0000000000230043,0.9999999999378631,0.46499998546500126,0.19999999820000056,0.345000001845001,0.023284481577866074,0.47500002047500134,0.05999999856000017,0.02500000022500007,1.0000000003119294,1.000000000330095,1.2916544,26.036819,126.19026,106.9003,-2.588987,-1.2295104,-9.8880004,-1.2916544,-1.1445668,-0.55545611,-1.2253893,40.897707,196.22158,128.9285,-121.6034,21.512882,151.71791,155.49138,-4.7916084,1.2916544,958.74281,-0.0
2141.0,939.09786,10.555556,1.6666667,4.7777778,5.3983,12.2168,77.32002,8768.5976,89.349,173.879,64.3741,10.444444,4.4444444,7.6666667,0.162,10.555556,1.3333333,0.55555556,2.2441,727.06233,0.24729689616130177,0.47500002047500134,0.07500000157500021,0.2150000012150006,1.000000000555731,0.9999999997544367,0.2973846923031172,0.8569930040535754,0.9999999999776161,1.0000000000230047,0.999999999937863,0.46999998047000136,0.19999999820000056,0.345000001845001,0.022188741268319424,0.47500002047500134,0.05999999856000017,0.02500000022500007,1.000000000311928,1.000000000330095,1.29172,25.408852,122.54898,103.87246,-2.4668109,-1.1785412,-10.15268,-1.29172,-1.106265,-0.56290641,-1.1833512,39.894559,190.53692,125.16093,-120.40171,20.9944,147.36651,150.94781,-4.6726896,1.29172,961.6149918,-0.0
2142.0,939.09786,10.555556,1.6666667,4.7777778,5.3983,12.2168,73.850062,8895.733,89.349,173.879,64.3741,10.444444,4.4444444,7.6666667,0.15,10.555556,1.3333333,0.55555555,2.2441,727.06233,0.24729689616130168,0.47500002047500134,0.07500000157500021,0.2150000012150006,1.0000000005557306,0.9999999997544368,0.2840386999956302,0.869418497084246,0.9999999999776169,1.000000000023005,0.9999999999378631,0.46999998047000136,0.19999999820000056,0.345000001845001,0.02054513080399947,0.47500002047500134,0.05999999856000017,0.02499999977500007,1.000000000311929,1.000000000330095,1.193106,24.678926,119.03947,100.95915,-2.4145552,-1.1937061,-10.375117,-1.193106,-1.1167128,-0.56892251,-1.1926856,38.629626,185.06584,121.64081,-119.00179,20.394039,143.13651,146.55374,-4.6144182,1.193106,964.2772994999999,-0.0
2143.0,939.09786,10.555556,1.6666667,4.7777778,5.3983,12.2168,73.850062,9029.7595,89.349,173.879,64.3741,10.333333,4.4444444,7.6666667,0.142,10.555556,1.3333333,0.55555555,2.2441,727.06233,0.2472968961613017,0.47500002047500134,0.07500000157500021,0.2150000012150006,1.000000000555731,0.9999999997544365,0.28403869999563025,0.8825174871505431,0.9999999999776155,1.0000000000230047,0.999999999937863,0.46499998546500126,0.19999999820000056,0.345000001845001,0.019449390494452844,0.47500002047500134,0.05999999856000017,0.02499999977500007,1.0000000003119287,1.000000000330095,1.1510379,23.943132,115.60452,98.074228,-2.2609572,-1.1489077,-10.525633,-1.1510379,-1.0990625,-0.57630495,-1.1679756,37.387725,179.74522,118.16232,-117.22219,19.788149,138.99618,142.26113,-4.5126361,1.1510379,966.7973721999999,-0.0
2144.0,939.09786,10.555556,1.6666667,4.7777778,5.3983,12.2168,70.660609,8909.5355,89.349,173.879,64.3741,10.333333,4.4444444,7.6666667,0.134,10.555556,1.3333333,0.55555556,2.2441,727.06233,0.24729689616130174,0.47500002047500134,0.07500000157500021,0.2150000012150006,1.0000000005557308,0.9999999997544365,0.271771573072742,0.870767475162388,0.9999999999776154,1.0000000000230047,0.9999999999378628,0.46499998546500126,0.19999999820000056,0.345000001845001,0.018353650184906197,0.47500002047500134,0.05999999856000017,0.02500000022500007,1.000000000311929,1.000000000330095,1.1246168,23.193803,112.23411,95.240062,-2.3111129,-1.1460092,-10.56789,-1.1246168,-1.1169316,-0.57343093,-1.1582879,36.161428,174.56526,114.63764,-115.11019,19.170174,134.94711,138.05977,-4.44649,1.1246168,969.0283605999999,-0.0
2145.0,939.09786,10.444444,1.6666667,4.7777778,5.3983,12.2168,70.660609,8932.8361,89.349,173.879,64.3741,10.222222,4.4444444,7.6666667,0.13,10.444444,1.3333333,0.55555555,2.2441,727.06233,0.2472968961613017,0.46999998047000136,0.07500000157500021,0.2150000012150006,1.0000000005557306,0.9999999997544363,0.27177157307274213,0.8730447436722633,0.9999999999776156,1.0000000000230047,0.9999999999378631,0.4599999904600013,0.19999999820000056,0.345000001845001,0.017805780030132886,0.46999998047000136,0.05999999856000017,0.02499999977500007,1.0000000003119294,1.000000000330095,1.091861,22.435538,108.92969,92.481969,-2.221944,-1.0703956,-10.431422,-1.091861,-1.0497705,-0.56393111,-1.1248038,34.955616,169.53123,111.20141,-112.31559,18.543971,130.97265,133.94888,-4.307919,1.091861,970.6867487899999,-0.0
2146.0,939.09786,10.444444,1.6666667,4.7777778,5.3983,12.2168,70.660609,8768.5976,89.349,173.879,64.3741,10.222222,4.4444444,7.6666667,0.134,10.444444,1.3333333,0.55555555,2.2441,727.06233,0.24729689616130177,0.46999998047000136,0.07500000157500021,0.2150000012150006,1.0000000005557304,0.9999999997544362,0.271771573072742,0.8569930040535746,0.9999999999776156,1.0000000000230045,0.9999999999378634,0.4599999904600013,0.19999999820000056,0.345000001845001,0.018353650184906204,0.46999998047000136,0.05999999856000017,0.02499999977500007,1.000000000311929,1.000000000330095,1.0764173,21.668597,105.68877,89.763896,-2.293913,-1.0754672,-10.002585,-1.0764173,-1.056659,-0.54445758,-1.1283207,33.769692,164.62349,107.94537,-108.69052,17.909883,127.08099,129.92763,-4.2205483,1.0764173,971.2497500000002,50.630958
2147.0,939.09786,10.333333,1.6666667,4.7777778,5.3983,12.2168,73.850062,8768.5976,89.349,173.879,64.3741,10.111111,4.4444444,7.6666667,0.142,10.333333,1.3333333,0.55555555,2.2441,727.06233,0.2472968961613017,0.46499998546500126,0.07500000157500021,0.2150000012150006,1.0000000005557301,0.9999999997544367,0.28403869999563014,0.8569930040535745,0.9999999999776165,1.0000000000230052,0.9999999999378631,0.45499999545500125,0.19999999820000056,0.345000001845001,0.01944939049445283,0.46499998546500126,0.05999999856000017,0.02499999977500007,1.0000000003119285,1.000000000330095,1.0769063,20.902913,102.52004,87.112005,-2.0960512,-1.0235673,-9.2923358,-1.0769063,-1.0038481,-0.50914572,-1.0526714,32.615362,159.86396,104.85621,-104.13547,17.276103,123.28334,126.00116,-4.0332301,1.0769063,971.10481854,-0.0
2148.0,939.09786,10.222222,1.6666667,4.7777778,5.3983,12.2168,70.660609,8730.2319,89.349,173.879,64.3741,10.111111,4.4444444,7.6666667,0.134,10.222222,1.3333333,0.55555555,2.2441,727.06233,0.24729689616130163,0.4599999904600013,0.07500000157500021,0.2150000012150006,1.0000000005557301,0.9999999997544367,0.27177157307274186,0.8532433581015663,0.9999999999776161,1.0000000000230045,0.9999999999378628,0.45499999545500125,0.19999999820000056,0.345000001845001,0.018353650184906204,0.4599999904600013,0.05999999856000017,0.02499999977500007,1.0000000003119294,1.000000000330095,1.0517974,20.183481,99.466445,84.551611,-2.0142013,-0.99911049,-9.2754762,-1.0517974,-0.9565104,-0.50383524,-1.014437,31.525043,155.28379,101.86096,-102.06455,16.680741,119.58041,122.2046,-3.8856001,1.0517974,971.24975,7.905279
2149.0,939.09786,10.222222,1.6666667,4.7777778,5.3983,12.2168,70.660609,8695.1543,89.349,173.879,64.3741,10.0,4.4444444,7.6666667,0.134,10.222222,1.3333333,0.55555556,2.2441,727.06233,0.24729689616130177,0.4599999904600013,0.07500000157500021,0.2150000012150006,1.0000000005557312,0.9999999997544363,0.27177157307274213,0.8498150723972504,0.9999999999776159,1.0000000000230045,0.9999999999378636,0.45000000045000127,0.19999999820000056,0.345000001845001,0.018353650184906197,0.4599999904600013,0.05999999856000017,0.02500000022500007,1.0000000003119283,1.000000000330095,1.0211625,19.512655,96.528496,82.101943,-2.0241579,-0.99205172,-9.0897915,-1.0211625,-0.94761052,-0.49407963,-1.0240075,30.50157,150.88054,99.033434,-99.453969,16.125763,115.99313,118.53756,-3.8438431,1.0211625,971.2497500000001,19.831207
2150.0,939.09786,10.222222,1.6666667,4.7777778,5.3983,12.2168,70.660609,8497.061,89.349,173.879,64.3741,10.0,4.4444444,7.6666667,0.13,10.222222,1.3333333,0.55555555,2.2441,727.06233,0.2472968961613017,0.4599999904600013,0.07500000157500021,0.2150000012150006,1.0000000005557308,0.9999999997544367,0.2717715730727421,0.8304545566119352,0.9999999999776161,1.000000000023005,0.9999999999378634,0.45000000045000127,0.19999999820000056,0.345000001845001,0.01780578003013288,0.4599999904600013,0.05999999856000017,0.02499999977500007,1.0000000003119287,1.000000000330095,0.99141988,18.889021,93.702606,79.750736,-1.9436531,-0.95096859,-8.8862645,-0.99141988,-0.92452404,-0.48427082,-0.97028756,29.542996,146.6327,96.256068,-96.773638,15.609993,112.5353,114.99725,-3.7122531,0.99141988,971.24975,0.12970094
2151.0,939.09786,10.222222,1.6666667,4.7777778,5.3983,12.2168,68.04798,8590.7265,89.349,173.879,64.3741,10.0,4.4444444,7.6666667,0.126,10.222222,1.3333333,0.55555555,2.2441,727.06233,0.24729689616130168,0.4599999904600013,0.07500000157500021,0.2150000012150006,1.0000000005557306,0.9999999997544367,0.2617229999959736,0.8396088914192663,0.9999999999776155,1.000000000023005,0.9999999999378634,0.45000000045000127,0.19999999820000056,0.345000001845001,0.01725790987535956,0.4599999904600013,0.05999999856000017,0.02499999977500007,1.0000000003119287,1.000000000330095,0.96254357,18.367486,90.985109,77.494796,-1.8837558,-0.90815959,-8.9029934,-0.96254357,-0.91359244,-0.48075319,-0.95491479,28.764857,142.52414,93.576874,-94.871509,15.178126,109.21866,111.58116,-3.6277075,0.96254357,971.200022187,-0.0
2152.0,939.09786,10.222222,1.6666667,4.7777778,5.3983,12.2168,67.718731,8838.3362,89.349,173.879,64.3741,10.0,4.4444444,7.7777778,0.122,10.222222,1.3333333,0.55555555,2.2441,727.06233,0.24729689616130177,0.4599999904600013,0.07500000157500021,0.2150000012150006,1.0000000005557308,0.9999999997544363,0.26045665768830084,0.8638088593406835,0.9999999999776156,1.0000000000230047,0.9999999999378631,0.45000000045000127,0.19999999820000056,0.350000001350001,0.01671003972058624,0.4599999904600013,0.05999999856000017,0.02499999977500007,1.0000000003119283,1.000000000330095,0.88778291,17.838251,88.372876,75.331382,-1.8845314,-0.91247848,-8.7591013,-0.88778291,-0.89579617,-0.47247125,-0.95436745,27.930284,138.55962,91.0451,-92.44275,14.740898,106.02117,108.28431,-3.5722698,0.88778291,971.2497500000002,17.045338
2153.0,939.09786,10.222222,1.6666667,4.7777778,5.3983,12.2168,67.718731,8994.084,89.349,173.879,64.3741,10.0,4.4444444,7.7777778,0.126,10.222222,1.3333333,0.55555556,2.2441,727.06233,0.24729689616130168,0.4599999904600013,0.07500000157500021,0.2150000012150006,1.0000000005557301,0.9999999997544365,0.2604566576883008,0.879030766090827,0.9999999999776156,1.000000000023005,0.9999999999378631,0.45000000045000127,0.19999999820000056,0.350000001350001,0.01725790987535955,0.4599999904600013,0.05999999856000017,0.02500000022500007,1.0000000003119291,1.000000000330095,0.86192515,17.319835,85.835237,73.230193,-1.7609717,-0.86486344,-8.420874,-0.86192515,-0.85107233,-0.45397994,-0.8978015,27.109453,134.71949,88.601772,-89.350755,14.312723,102.9161,105.07809,-3.4180941,0.86192515,971.2497500000003,5.7569613
2154.0,939.09786,10.222222,1.6666667,4.7777778,5.3983,12.2168,67.718731,8955.2973,89.349,173.879,64.3741,10.0,4.4444444,7.7777778,0.126,10.222222,1.3333333,0.55555555,2.2441,727.06233,0.24729689616130168,0.4599999904600013,0.07500000157500021,0.2150000012150006,1.0000000005557304,0.9999999997544363,0.26045665768830073,0.8752399739862471,0.9999999999776155,1.0000000000230038,0.999999999937863,0.45000000045000127,0.19999999820000056,0.350000001350001,0.01725790987535956,0.4599999904600013,0.05999999856000017,0.02499999977500007,1.0000000003119294,1.000000000330095,0.83682054,16.816501,83.370345,71.189703,-1.6794768,-0.85397586,-8.1782872,-0.83682054,-0.84085178,-0.43963526,-0.88096705,26.312216,131.00036,86.238553,-86.707127,13.897014,99.903093,101.96065,-3.3353537,0.83682054,971.2497500000002,10.653315
2155.0,939.09786,10.222222,1.6666667,4.8888889,5.3983,12.2168,70.660609,8923.0383,89.349,173.879,64.3741,10.111111,4.4444444,7.7777778,0.13,10.222222,1.3333333,0.55555555,2.2441,727.06233,0.24729689616130177,0.4599999904600013,0.07500000157500021,0.22000000072000064,1.0000000005557306,0.9999999997544368,0.27177157307274186,0.872087162262083,0.9999999999776165,1.0000000000230045,0.9999999999378631,0.45499999545500125,0.19999999820000056,0.350000001350001,0.017805780030132876,0.4599999904600013,0.05999999856000017,0.02499999977500007,1.0000000003119285,1.000000000330095,0.81244712,16.382512,80.975994,69.208082,-1.7045363,-0.82770846,-7.8194115,-0.81244712,-0.79568228,-0.42389549,-0.85690927,25.652015,127.38352,83.937366,-83.722165,13.537915,96.980807,98.931519,-3.2049617,0.81244712,971.2497500000001,8.6583037
2156.0,939.09786,10.333333,1.6666667,4.8888889,5.3983,12.2168,70.660609,8878.8298,89.349,173.879,64.3741,10.222222,4.4444444,7.8888889,0.134,10.333333,1.3333333,0.55555555,2.2441,727.06233,0.2472968961613017,0.46499998546500126,0.07500000157500021,0.22000000072000064,1.0000000005557301,0.9999999997544367,0.2717715730727419,0.8677664741716963,0.9999999999776168,1.0000000000230047,0.9999999999378631,0.4599999904600013,0.19999999820000056,0.35500000085500105,0.018353650184906183,0.46499998546500126,0.05999999856000017,0.02499999977500007,1.0000000003119294,1.000000000330095,0.78878362,16.00374,78.649971,67.283508,-1.7378394,-0.81677278,-7.3927806,-0.78878362,-0.78592293,-0.40238062,-0.84320628,25.091104,123.85642,81.6866,-80.619999,13.224164,94.147645,95.989042,-3.1205105,0.78878362,971.24975,32.471964
2157.0,939.09786,10.333333,1.6666667,4.8888889,5.3983,12.2168,73.850062,8784.2323,89.349,173.879,64.3741,10.222222,4.5555556,7.8888889,0.142,10.333333,1.3333333,0.55555555,2.2441,727.06233,0.24729689616130174,0.46499998546500126,0.07500000157500021,0.22000000072000064,1.0000000005557308,0.9999999997544365,0.28403869999563025,0.8585210509695904,0.9999999999776154,1.0000000000230045,0.9999999999378634,0.4599999904600013,0.2050000022050006,0.35500000085500105,0.01944939049445284,0.46499998546500126,0.05999999856000017,0.02499999977500007,1.0000000003119296,1.000000000330095,0.76580934,15.596966,76.379844,65.403929,-1.4637694,-0.74504919,-6.9012786,-0.76580934,-0.72272443,-0.37699571,-0.76806267,24.467101,120.41591,79.486457,-77.360577,12.887701,91.39275,93.120856,-2.9703505,0.76580934,971.08733002,-0.0
2158.0,939.09786,10.333333,1.6666667,4.8888889,5.3983,12.2168,70.660609,8800.08,89.349,173.879,64.3741,10.222222,4.5555556,7.8888889,0.138,10.333333,1.3333333,0.55555555,2.2441,727.06233,0.24729689616130174,0.46499998546500126,0.07500000157500021,0.22000000072000064,1.0000000005557308,0.9999999997544368,0.27177157307274186,0.860069915297718,0.9999999999776162,1.0000000000230045,0.9999999999378631,0.4599999904600013,0.2050000022050006,0.35500000085500105,0.01890152033967952,0.46499998546500126,0.05999999856000017,0.02499999977500007,1.0000000003119287,1.000000000330095,0.74350421,15.136549,74.173015,63.577039,-1.5526162,-0.72865,-6.8186612,-0.74350421,-0.71293905,-0.36936944,-0.74530214,23.715461,117.05663,77.333538,-75.59899,12.507954,88.72198,90.333022,-2.8891025,0.74350421,971.24975,9.5438636
2159.0,939.09786,10.333333,1.6666667,4.8888889,5.3983,12.2168,70.660609,8964.5081,89.349,173.879,64.3741,10.222222,4.5555556,7.8888889,0.138,10.333333,1.3333333,0.55555555,2.2441,727.06233,0.24729689616130165,0.46499998546500126,0.07500000157500021,0.22000000072000064,1.0000000005557304,0.9999999997544365,0.27177157307274213,0.8761401853452127,0.9999999999776159,1.0000000000230047,0.9999999999378634,0.4599999904600013,0.2050000022050006,0.35500000085500105,0.018901520339679515,0.46499998546500126,0.05999999856000017,0.02499999977500007,1.0000000003119296,1.000000000330095,0.72184875,14.689141,72.028444,61.802107,-1.471742,-0.7323968,-6.5851424,-0.72184875,-0.69670892,-0.35888457,-0.74742049,22.984175,113.78587,75.221317,-73.373658,12.138966,86.132115,87.622961,-2.8507281,0.72184875,971.24975,11.623851
2160.0,939.09786,10.444444,1.6666667,4.8888889,5.3983,12.2168,72.378023,8861.6979,89.349,173.879,64.3741,10.222222,4.5555556,7.8888889,0.138,10.444444,1.3333333,0.44444444,2.2441,727.06233,0.2472968961613018,0.46999998047000136,0.07500000157500021,0.22000000072000064,1.0000000005557308,0.9999999997544362,0.2783770115341789,0.8660920994180707,0.9999999999776159,1.0000000000230045,0.9999999999378634,0.4599999904600013,0.2050000022050006,0.35500000085500105,0.018901520339679526,0.46999998047000136,0.05999999856000017,0.019999999820000055,1.0000000003119287,1.000000000330095,0.70082403,14.306465,69.944369,60.077654,-1.3906834,-0.70299226,-6.3685096,-0.70082403,-0.66788056,-0.34720299,-0.72223861,22.38135,110.60103,73.17512,-71.225872,11.822818,83.61639,84.988564,-2.7427805,0.70082403,971.24975,4.7984482
2161.0,939.09786,10.444444,1.6666667,4.8888889,5.3983,12.2168,70.660609,8768.5976,89.349,173.879,64.3741,10.333333,4.5555556,8.0,0.138,10.444444,1.3333333,0.44444444,2.2441,727.06233,0.2472968961613017,0.46999998047000136,0.07500000157500021,0.22000000072000064,1.0000000005557301,0.9999999997544368,0.271771573072742,0.8569930040535749,0.9999999999776161,1.0000000000230052,0.9999999999378631,0.46499998546500126,0.2050000022050006,0.360000000360001,0.01890152033967951,0.46999998047000136,0.05999999856000017,0.019999999820000055,1.0000000003119287,1.000000000330095,0.69847465,13.956618,67.908906,58.392265,-1.3890185,-0.67968742,-6.2131276,-0.69847465,-0.6642651,-0.33998287,-0.70706607,21.849512,107.48911,71.169768,-69.332575,11.533328,81.166888,82.419762,-2.6602783,0.69847465,971.24975,10.582461
2162.0,939.09786,10.555556,1.6666667,4.8888889,5.3983,12.2168,72.971068,8768.5976,89.349,173.879,64.3741,10.333333,4.5555556,8.0,0.138,10.555556,1.3333333,0.44444444,2.2441,727.06233,0.24729689616130165,0.47500002047500134,0.07500000157500021,0.22000000072000064,1.0000000005557306,0.9999999997544365,0.28065795384183606,0.8569930040535731,0.9999999999776156,1.0000000000230045,0.9999999999378628,0.46499998546500126,0.2050000022050006,0.360000000360001,0.018901520339679522,0.47500002047500134,0.05999999856000017,0.019999999820000055,1.0000000003119294,1.000000000330095,0.66209198,13.591209,65.923538,56.747702,-1.3659823,-0.6663497,-6.0029311,-0.66209198,-0.64009404,-0.33008923,-0.70191976,21.287254,104.45927,69.213974,-67.303996,11.231139,78.794326,79.916817,-2.6058245,0.66209198,971.2497500000002,8.473744
2163.0,939.09786,10.555556,1.6666667,4.8888889,5.3983,12.2168,70.660609,8831.5638,89.349,173.879,64.3741,10.444444,4.5555556,8.0,0.134,10.555556,1.3333333,0.44444444,2.2441,727.06233,0.24729689616130174,0.47500002047500134,0.07500000157500021,0.22000000072000064,1.0000000005557312,0.9999999997544367,0.2717715730727419,0.8631469633699239,0.9999999999776161,1.0000000000230045,0.9999999999378636,0.46999998047000136,0.2050000022050006,0.360000000360001,0.018353650184906197,0.47500002047500134,0.05999999856000017,0.019999999820000055,1.0000000003119285,1.000000000330095,0.64135326,13.241064,63.981977,55.138,-1.3400684,-0.63928922,-5.8500458,-0.64135326,-0.62892332,-0.31909256,-0.67014255,20.760652,101.50023,67.326631,-65.506072,10.941304,76.464119,77.473567,-2.5170355,0.64135326,971.24975,5.5662622
2164.0,939.09786,10.555556,1.6666667,4.8888889,5.3983,12.2168,70.660609,8786.3503,89.349,173.879,64.3741,10.444444,4.5555556,8.0,0.134,10.555556,1.3333333,0.44444444,2.2441,727.06233,0.2472968961613017,0.47500002047500134,0.07500000157500021,0.22000000072000064,1.0000000005557308,0.9999999997544367,0.2717715730727421,0.8587280522787377,0.9999999999776162,1.0000000000230047,0.9999999999378636,0.46999998047000136,0.2050000022050006,0.360000000360001,0.018353650184906194,0.47500002047500134,0.05999999856000017,0.019999999820000055,1.0000000003119287,1.000000000330095,0.62267307,12.870141,62.093203,53.572436,-1.2728795,-0.62453845,-5.7279493,-0.62267307,-0.59959302,-0.310848,-0.63788216,20.172693,98.613929,65.513923,-63.841675,10.634939,74.215595,75.096322,-2.4467339,0.62267307,971.2497499999998,6.4008274
2165.0,939.09786,10.555556,1.6666667,4.8888889,5.3983,12.2168,70.660609,8768.5976,89.349,173.879,64.3741,10.444444,4.5555556,8.0,0.13,10.555556,1.3333333,0.44444444,2.2441,727.06233,0.2472968961613017,0.47500002047500134,0.07500000157500021,0.22000000072000064,1.0000000005557304,0.9999999997544362,0.2717715730727421,0.8569930040535736,0.9999999999776155,1.0000000000230045,0.9999999999378634,0.46999998047000136,0.2050000022050006,0.360000000360001,0.01780578003013288,0.47500002047500134,0.05999999856000017,0.019999999820000055,1.000000000311929,1.000000000330095,0.62209281,12.510298,60.255581,52.049484,-1.3016641,-0.6008386,-5.5889827,-0.62209281,-0.59041093,-0.30498758,-0.62713272,19.594859,95.798854,63.78804,-62.147928,10.33791,72.041871,72.783449,-2.387948,0.62209281,971.2497500000001,2.010826
2166.0,939.09786,10.666667,1.6666667,4.8888889,5.3983,12.2168,70.660609,8740.5154,89.349,173.879,64.3741,10.444444,4.5555556,8.1111111,0.13,10.666667,1.3333333,0.44444444,2.2441,727.06233,0.2472968961613018,0.4800000154800014,0.07500000157500021,0.22000000072000064,1.0000000005557301,0.9999999997544367,0.2717715730727421,0.8542484090754172,0.9999999999776154,1.0000000000230045,0.999999999937863,0.46999998047000136,0.2050000022050006,0.36499999986500103,0.01780578003013288,0.4800000154800014,0.05999999856000017,0.019999999820000055,1.000000000311928,1.000000000330095,0.61782009,12.182531,58.469808,50.570092,-1.1465792,-0.59425375,-5.423793,-0.61782009,-0.56776987,-0.29580151,-0.60808877,19.078707,93.056717,62.139644,-60.393843,10.067138,69.933019,70.536049,-2.3111718,0.61782009,971.24975,18.547335
2167.0,939.09786,10.666667,1.6666667,4.8888889,5.3983,12.2168,73.850062,8768.5976,89.349,173.879,64.3741,10.545619,4.5555556,8.1111111,0.134,10.666667,1.3333333,0.44444444,2.2441,727.06233,0.24729689616130174,0.4800000154800014,0.07500000157500021,0.22000000072000064,1.0000000005557304,0.9999999997544368,0.2840386999956303,0.8569930040535749,0.9999999999776155,1.000000000023005,0.9999999999378631,0.4745528554745542,0.2050000022050006,0.36499999986500103,0.018353650184906194,0.4800000154800014,0.05999999856000017,0.019999999820000055,1.0000000003119294,1.000000000330095,0.59086881,11.868557,56.736972,49.13564,-1.1217716,-0.56656225,-5.1707244,-0.59086881,-0.55764659,-0.28292307,-0.58115411,18.586145,90.391888,60.369585,-58.377898,9.8076872,67.891318,68.354561,-2.2262026,0.59086881,971.2497500000002,0.24922803
2168.0,939.09786,10.666667,1.6666667,4.8888889,5.3983,12.2168,70.660609,8803.812,89.349,173.879,64.3741,10.555556,4.5555556,8.1111111,0.126,10.666667,1.3333333,0.44444444,2.2441,727.06233,0.2472968961613017,0.4800000154800014,0.07500000157500021,0.22000000072000064,1.0000000005557301,0.9999999997544363,0.2717715730727421,0.8604346598141192,0.9999999999776155,1.0000000000230045,0.9999999999378631,0.47500002047500134,0.2050000022050006,0.36499999986500103,0.017257909875359564,0.4800000154800014,0.05999999856000017,0.019999999820000055,1.0000000003119291,1.000000000330095,0.55323696,11.562941,55.053247,47.742559,-1.1852228,-0.54964119,-5.1403744,-0.55323696,-0.54139514,-0.28053869,-0.58177102,18.104417,87.799879,58.60204,-57.165824,9.5552192,65.91288,66.23498,-2.1902763,0.55323696,971.2497500000001,9.3160615
2169.0,939.09786,10.777778,1.6666667,4.8888889,5.3983,12.2168,70.660609,8811.0695,89.349,173.879,64.3741,10.555556,4.5555556,8.1111111,0.126,10.777778,1.3333333,0.44444444,2.2441,727.06233,0.2472968961613017,0.48500001048500135,0.07500000157500021,0.22000000072000064,1.0000000005557304,0.9999999997544367,0.2717715730727419,0.8611439667079523,0.9999999999776165,1.0000000000230047,0.999999999937863,0.47500002047500134,0.2050000022050006,0.36499999986500103,0.017257909875359558,0.48500001048500135,0.05999999856000017,0.019999999820000055,1.0000000003119285,1.000000000330095,0.53712326,11.250282,53.401626,46.371559,-1.1363942,-0.54356798,-5.0322294,-0.53712326,-0.53791708,-0.2752053,-0.57461158,17.616763,85.262199,56.888148,-55.726326,9.2968098,63.979889,64.162183,-2.1577598,0.53712326,971.2497500000003,0.074642082
2170.0,939.09786,10.777778,1.6666667,4.8888889,5.3983,12.2168,70.660609,8768.5976,89.349,173.879,64.3741,10.555556,4.5555556,8.1111111,0.118,10.777778,1.3333333,0.44444444,2.2441,727.06233,0.2472968961613017,0.48500001048500135,0.07500000157500021,0.22000000072000064,1.0000000005557304,0.9999999997544369,0.271771573072742,0.8569930040535748,0.9999999999776162,1.0000000000230045,0.999999999937863,0.47500002047500134,0.2050000022050006,0.36499999986500103,0.016162169565812907,0.48500001048500135,0.05999999856000017,0.019999999820000055,1.0000000003119291,1.000000000330095,0.53819992,10.935991,51.786621,45.022461,-1.1437944,-0.5291095,-5.0022463,-0.53819992,-0.51614468,-0.27133367,-0.54543118,17.125231,82.778408,55.266053,-54.511872,9.0370719,62.091048,62.139675,-2.0878245,0.53819992,971.239561807,-0.0
2171.0,939.09786,10.777778,1.6666667,4.8888889,5.3983,12.2168,70.660609,8633.5522,89.349,173.879,64.3741,10.555556,4.5555556,8.1111111,0.118,10.777778,1.2222222,0.44444444,2.2441,727.06233,0.24729689616130174,0.48500001048500135,0.07500000157500021,0.22000000072000064,1.0000000005557308,0.9999999997544368,0.271771573072742,0.8437944324792994,0.9999999999776158,1.0000000000230047,0.999999999937863,0.47500002047500134,0.2050000022050006,0.36499999986500103,0.016162169565812925,0.48500001048500135,0.05499999905500016,0.019999999820000055,1.0000000003119296,1.000000000330095,0.53293704,10.629644,50.216564,43.713992,-1.0184809,-0.51824131,-4.857329,-0.53293704,-0.51547768,-0.26334639,-0.53877763,16.642359,80.360332,53.65601,-52.94071,8.7839923,60.170858,60.173247,-2.0079145,0.53293704,971.24975,12.411594
2172.0,939.09786,10.777778,1.6666667,4.8888889,5.3983,12.2168,70.660609,8768.5976,89.349,173.879,64.3741,10.666667,4.5555556,8.1111111,0.126,10.777778,1.2222222,0.44444444,2.2441,727.06233,0.24729689616130174,0.48500001048500135,0.07500000157500021,0.22000000072000064,1.0000000005557308,0.9999999997544368,0.2717715730727419,0.8569930040535741,0.9999999999776162,1.000000000023005,0.9999999999378631,0.4800000154800014,0.2050000022050006,0.36499999986500103,0.017257909875359558,0.48500001048500135,0.05499999905500016,0.019999999820000055,1.0000000003119285,1.000000000330095,0.51176956,10.333153,48.692171,42.444086,-1.0153246,-0.50120761,-4.5694385,-0.51176956,-0.48365612,-0.25112293,-0.52158129,16.174266,78.007861,52.116654,-50.938622,8.5390733,58.263579,58.263579,-1.9502157,0.51176956,971.24975,15.296176
2173.0,939.09786,10.777778,1.6666667,4.8888889,5.3983,12.2168,70.660609,8757.6594,89.349,173.879,64.3741,10.666667,4.5555556,8.1111111,0.126,10.777778,1.2222222,0.44444444,2.2441,727.06233,0.2472968961613017,0.48500001048500135,0.07500000157500021,0.22000000072000064,1.0000000005557306,0.9999999997544365,0.271771573072742,0.855923966414426,0.9999999999776161,1.0000000000230047,0.9999999999378634,0.4800000154800014,0.2050000022050006,0.36499999986500103,0.017257909875359558,0.48500001048500135,0.05499999905500016,0.019999999820000055,1.0000000003119294,1.000000000330095,0.50234427,10.035735,47.208737,41.215427,-0.96642204,-0.47911136,-4.3916036,-0.50234427,-0.47078857,-0.23957806,-0.49198799,15.702245,75.707791,50.609496,-49.366887,8.2934444,56.406949,56.406949,-1.864359,0.50234427,971.1713822109999,-0.0
2174.0,939.09786,10.777778,1.6666667,4.8888889,5.3983,12.2168,70.660609,8768.5976,89.349,173.879,64.3741,10.666667,4.5555556,8.1111111,0.118,10.777778,1.2222222,0.44444444,2.2441,727.06233,0.2472968961613018,0.48500001048500135,0.07500000157500021,0.22000000072000064,1.0000000005557308,0.9999999997544362,0.2717715730727421,0.8569930040535713,0.9999999999776156,1.000000000023005,0.999999999937863,0.4800000154800014,0.2050000022050006,0.36499999986500103,0.01616216956581292,0.48500001048500135,0.05499999905500016,0.019999999820000055,1.000000000311929,1.000000000330095,0.47842746,9.7538138,45.768203,40.023118,-0.95254058,-0.47088802,-4.4158802,-0.47842746,-0.46425596,-0.2409103,-0.49223003,15.258999,73.455871,49.070857,-48.496055,8.0605205,54.60516,54.60516,-1.8455266,0.47842746,971.2430793062999,-0.0
2175.0,939.09786,10.777778,1.6666667,4.8888889,5.3983,12.2168,70.660609,8768.5976,89.349,173.879,64.3741,10.666667,4.5555556,8.0,0.114,10.777778,1.2222222,0.44444444,2.2441,727.06233,0.2472968961613017,0.48500001048500135,0.07500000157500021,0.22000000072000064,1.0000000005557301,0.9999999997544369,0.2717715730727419,0.8569930040535753,0.9999999999776154,1.0000000000230045,0.9999999999378634,0.4800000154800014,0.2050000022050006,0.360000000360001,0.0156142994110396,0.48500001048500135,0.05499999905500016,0.019999999820000055,1.000000000311929,1.000000000330095,0.4651439,9.4749311,44.363685,38.845186,-0.94960454,-0.45334897,-4.3677183,-0.4651439,-0.45032103,-0.23805662,-0.48318801,14.822131,71.241467,47.551325,-47.367174,7.8300648,52.852183,52.852183,-1.7985194,0.4651439,971.2497499999998,5.6910778
2176.0,939.09786,10.777778,1.6666667,4.8888889,5.3983,12.2168,70.660609,8768.5976,89.349,173.879,64.3741,10.666667,4.5555556,8.0,0.114,10.777778,1.2222222,0.44444444,2.2441,727.06233,0.24729689616130165,0.48500001048500135,0.07500000157500021,0.22000000072000064,1.0000000005557306,0.9999999997544363,0.271771573072742,0.8569930040535736,0.9999999999776155,1.0000000000230043,0.9999999999378628,0.4800000154800014,0.2050000022050006,0.360000000360001,0.015614299411039607,0.48500001048500135,0.05499999905500016,0.019999999820000055,1.0000000003119291,1.000000000330095,0.45876883,9.1993839,42.994637,37.696798,-0.92031824,-0.45109154,-4.2241419,-0.45876883,-0.44606239,-0.22973808,-0.47533472,14.391945,69.089468,46.124541,-45.949953,7.6023312,51.143707,51.143707,-1.7603088,0.45876883,971.2497499999998,8.4324712
2177.0,939.09786,10.777778,1.6666667,4.8888889,5.3983,12.2168,70.660609,8703.8508,89.349,173.879,64.3741,10.666667,4.5555556,8.0,0.118,10.888889,1.2222222,0.33333333,2.2441,727.06233,0.24729689616130177,0.48500001048500135,0.07500000157500021,0.22000000072000064,1.000000000555731,0.9999999997544369,0.271771573072742,0.8506650189907348,0.9999999999776166,1.0000000000230045,0.9999999999378631,0.4800000154800014,0.2050000022050006,0.360000000360001,0.01616216956581292,0.49000000549000144,0.05499999905500016,0.014999999865000042,1.0000000003119287,1.000000000330095,0.44632638,8.9456282,41.664092,36.581257,-0.87062307,-0.43753434,-4.0881519,-0.44632638,-0.42843799,-0.22260244,-0.45295034,14.003482,67.010207,44.734083,-44.582535,7.3924351,49.480423,49.480423,-1.7004658,0.44632638,971.2385370129999,-0.0
2178.0,939.09786,10.888889,1.6666667,4.8888889,5.3983,12.2168,70.660609,8672.0696,89.349,173.879,64.3741,10.666667,4.5555556,8.0,0.114,10.888889,1.2222222,0.33333333,2.2441,727.06233,0.24729689616130168,0.49000000549000144,0.07500000157500021,0.22000000072000064,1.0000000005557304,0.9999999997544365,0.2717715730727418,0.8475589047290379,0.9999999999776165,1.000000000023005,0.999999999937863,0.4800000154800014,0.2050000022050006,0.360000000360001,0.0156142994110396,0.49000000549000144,0.05499999905500016,0.014999999865000042,1.0000000003119285,1.000000000330095,0.43332658,8.7149966,40.371526,35.498213,-0.83159077,-0.42181806,-4.0054408,-0.43332658,-0.41124926,-0.21757064,-0.44605004,13.656968,64.997563,43.409214,-43.406358,7.2015053,47.862025,47.862025,-1.6472277,0.43332658,971.2497500000002,10.965959
2179.0,939.09786,11.0,1.6666667,4.8888889,5.3983,12.2168,70.660609,8758.3627,89.349,173.879,64.3741,10.777778,4.5555556,8.0,0.118,11.0,1.2222222,0.33333333,2.2441,727.06233,0.24729689616130163,0.4950000004950014,0.07500000157500021,0.22000000072000064,1.0000000005557304,0.9999999997544367,0.27177157307274186,0.8559927029681206,0.9999999999776155,1.0000000000230045,0.9999999999378631,0.48500001048500135,0.2050000022050006,0.360000000360001,0.016162169565812914,0.4950000004950014,0.05499999905500016,0.014999999865000042,1.0000000003119294,1.000000000330095,0.42070542,8.5136375,39.116929,34.447811,-0.88855987,-0.41015889,-3.8321902,-0.42070542,-0.41530218,-0.21062085,-0.42719248,13.360886,63.041778,42.104058,-41.97043,7.03466,46.289167,46.289167,-1.5928973,0.42070542,971.2497500000001,4.1583242
2180.0,939.09786,11.111111,1.6666667,4.8888889,5.3983,12.2168,70.660609,8663.2858,89.349,173.879,64.3741,10.888889,4.5555556,8.0,0.114,11.111111,1.1111111,0.33333333,2.2441,727.06233,0.2472968961613018,0.4999999955000014,0.07500000157500021,0.22000000072000064,1.0000000005557308,0.9999999997544365,0.27177157307274213,0.8467004259286195,0.9999999999776158,1.0000000000230043,0.999999999937863,0.49000000549000144,0.2050000022050006,0.360000000360001,0.015614299411039603,0.4999999955000014,0.04999999955000014,0.014999999865000042,1.000000000311928,1.000000000330095,0.40845186,8.3302657,37.898086,33.427943,-0.80338365,-0.38879745,-3.7774342,-0.40845186,-0.39047836,-0.20596945,-0.41370374,13.090641,61.144734,40.857712,-40.95118,6.8827332,44.760759,44.760759,-1.5477727,0.40845186,971.213082142,-0.0
2181.0,939.09786,11.0,1.5555556,4.8888889,5.3983,12.2168,67.718731,8699.7797,89.349,173.879,64.3741,10.888889,4.5555556,8.0,0.111,11.0,1.1111111,0.33333333,2.2441,727.06233,0.2472968961613017,0.4950000004950014,0.07000000207000019,0.22000000072000064,1.0000000005557308,0.9999999997544363,0.26045665768830073,0.8502671327633179,0.9999999999776151,1.000000000023005,0.9999999999378636,0.49000000549000144,0.2050000022050006,0.360000000360001,0.0152033967949596,0.4950000004950014,0.04999999955000014,0.014999999865000042,1.0000000003119291,1.000000000330095,0.39655521,8.0674556,36.714164,32.437853,-0.78287962,-0.37831244,-3.7217203,-0.39655521,-0.38016723,-0.20091849,-0.40262617,12.641353,59.300407,39.647231,-39.937329,6.66642,43.276743,43.276743,-1.5018646,0.39655521,971.24975,6.8352658
2182.0,939.09786,11.0,1.5555556,4.8888889,5.3983,12.2168,67.718731,8424.3108,89.349,173.879,64.3741,10.777778,4.5555556,8.0,0.114,11.0,1.1111111,0.33333333,2.2441,727.06233,0.24729689616130174,0.4950000004950014,0.07000000207000019,0.22000000072000064,1.0000000005557306,0.9999999997544365,0.26045665768830073,0.8233443646191437,0.9999999999776155,1.0000000000230043,0.9999999999378634,0.48500001048500135,0.2050000022050006,0.360000000360001,0.01561429941103961,0.4950000004950014,0.04999999955000014,0.014999999865000042,1.000000000311929,1.000000000330095,0.38500506,7.7914617,35.563981,31.476589,-0.75324464,-0.37392752,-3.5840681,-0.38500506,-0.36896586,-0.19563445,-0.38692125,12.164705,57.507457,38.471568,-38.665593,6.4394098,41.835845,41.835845,-1.4569289,0.38500506,971.24975,4.321396
2183.0,939.09786,10.888889,1.5555556,4.8888889,5.3983,12.2168,67.718731,8768.5976,89.349,173.879,64.3741,10.666667,4.4444444,8.0,0.111,10.888889,1.1111111,0.33333333,2.2441,727.06233,0.24729689616130174,0.49000000549000144,0.07000000207000019,0.22000000072000064,1.0000000005557301,0.9999999997544371,0.2604566576883006,0.8569930040535751,0.9999999999776161,1.0000000000230045,0.999999999937863,0.4800000154800014,0.19999999820000056,0.360000000360001,0.015203396794959611,0.49000000549000144,0.04999999955000014,0.014999999865000042,1.0000000003119285,1.000000000330095,0.37166028,7.5341233,34.444164,30.540778,-0.74227696,-0.37393987,-3.4835319,-0.37166028,-0.3718402,-0.18953047,-0.39431321,11.734835,55.771795,37.337314,-37.573801,6.2273926,40.433749,40.433749,-1.4560771,0.37166028,971.2497500000001,5.3217751
2184.0,939.09786,10.888889,1.5555556,4.8888889,5.3983,12.2168,67.718731,8515.4425,89.349,173.879,64.3741,10.666667,4.4444444,8.0,0.114,10.888889,1.1111111,0.33333333,2.2441,727.06233,0.24729689616130168,0.49000000549000144,0.07000000207000019,0.22000000072000064,1.0000000005557304,0.9999999997544365,0.26045665768830073,0.8322510601832693,0.9999999999776159,1.0000000000230045,0.999999999937863,0.4800000154800014,0.19999999820000056,0.360000000360001,0.015614299411039593,0.49000000549000144,0.04999999955000014,0.014999999865000042,1.000000000311929,1.000000000330095,0.36290419,7.3076088,33.349651,29.625458,-0.70379087,-0.35196066,-3.3836652,-0.36290419,-0.34518445,-0.18422871,-0.36579279,11.380882,54.088661,36.24011,-36.455713,6.0401727,39.065933,39.065933,-1.3712555,0.36290419,971.2497499999998,2.4485635
2185.0,939.09786,10.888889,1.5555556,4.8888889,5.3983,12.2168,67.718731,8526.7756,89.349,173.879,64.3741,10.555556,4.4444444,8.0,0.111,10.888889,1.1111111,0.33333333,2.2441,727.06233,0.2472968961613018,0.49000000549000144,0.07000000207000019,0.22000000072000064,1.000000000555731,0.9999999997544365,0.26045665768830073,0.8333586931090016,0.9999999999776158,1.0000000000230045,0.999999999937863,0.47500002047500134,0.19999999820000056,0.360000000360001,0.015203396794959616,0.49000000549000144,0.04999999955000014,0.014999999865000042,1.0000000003119294,1.000000000330095,0.35233417,7.0644126,32.277085,28.718181,-0.71390301,-0.34262907,-3.3031425,-0.35233417,-0.3506461,-0.1798924,-0.37658933,11.004512,52.449446,35.171709,-35.458792,5.8391053,37.729951,37.729951,-1.3541642,0.35233417,971.24975,5.8319201
2186.0,939.09786,10.777778,1.5555556,4.8888889,5.3983,12.2168,67.718731,8537.1015,89.349,173.879,64.3741,10.555556,4.4444444,8.0,0.114,10.777778,1.1111111,0.33333333,2.2441,727.06233,0.24729689616130177,0.48500001048500135,0.07000000207000019,0.22000000072000064,1.0000000005557308,0.9999999997544367,0.26045665768830073,0.8343678880184082,0.9999999999776161,1.0000000000230045,0.999999999937863,0.47500002047500134,0.19999999820000056,0.360000000360001,0.0156142994110396,0.48500001048500135,0.04999999955000014,0.014999999865000042,1.0000000003119285,1.000000000330095,0.34207201,6.8303626,31.223826,27.826041,-0.68977146,-0.33295544,-3.1916109,-0.34207201,-0.34520682,-0.17587711,-0.36522804,10.665327,50.854142,34.132829,-34.359114,5.6450691,36.423618,36.423618,-1.3145044,0.34207201,971.2497500000002,4.9159164
2187.0,939.09786,10.777778,1.5555556,4.8888889,5.3983,12.2168,67.718731,8389.3764,89.349,173.879,64.3741,10.555556,4.4444444,8.0,0.111,10.777778,1.0,0.22222222,2.2441,727.06233,0.24729689616130168,0.48500001048500135,0.07000000207000019,0.22000000072000064,1.0000000005557306,0.9999999997544368,0.2604566576883007,0.8199300744707643,0.9999999999776165,1.0000000000230047,0.9999999999378634,0.47500002047500134,0.19999999820000056,0.360000000360001,0.015203396794959611,0.48500001048500135,0.04500000004500013,0.009999999910000027,1.0000000003119294,1.000000000330095,0.33670065,6.6066624,30.204571,26.971715,-0.6340262,-0.32318301,-3.1175052,-0.33670065,-0.32213989,-0.16899937,-0.34130623,10.337077,49.304286,33.125555,-33.421856,5.4596951,35.159681,35.159681,-1.2442123,0.33670065,970.9790742099999,-0.0
2188.0,939.09786,10.666667,1.5555556,4.8888889,5.3983,12.2168,67.718731,8389.3764,89.349,173.879,64.3741,10.444444,4.4444444,8.0,0.111,10.666667,1.0,0.22222222,2.2441,727.06233,0.24729689616130177,0.4800000154800014,0.07000000207000019,0.22000000072000064,1.0000000005557308,0.9999999997544367,0.26045665768830073,0.8199300744707614,0.999999999977615,1.0000000000230043,0.999999999937863,0.46999998047000136,0.19999999820000056,0.360000000360001,0.015203396794959616,0.4800000154800014,0.04500000004500013,0.009999999910000027,1.0000000003119285,1.000000000330095,0.33198869,6.3712919,29.224868,26.151847,-0.65101772,-0.31077319,-3.0631397,-0.33198869,-0.31207165,-0.16525363,-0.3281684,9.9653669,47.805866,32.156434,-32.535605,5.2652502,33.942048,33.942048,-1.2184887,0.33198869,971.24975,7.2432505
2189.0,939.09786,10.555556,1.5555556,4.8888889,5.3983,12.2168,67.718731,8324.9803,89.349,173.879,64.3741,10.444444,4.4444444,8.0,0.111,10.555556,1.0,0.22222222,2.2441,727.06233,0.24729689616130177,0.47500002047500134,0.07000000207000019,0.22000000072000064,1.0000000005557301,0.9999999997544365,0.26045665768830073,0.8136363648371588,0.9999999999776156,1.0000000000230045,0.9999999999378628,0.46999998047000136,0.19999999820000056,0.360000000360001,0.015203396794959604,0.47500002047500134,0.04500000004500013,0.009999999910000027,1.0000000003119291,1.000000000330095,0.32927137,6.1555547,28.284119,25.367131,-0.61427141,-0.30169034,-2.9408775,-0.32927137,-0.30219687,-0.16055549,-0.32058481,9.6219371,46.358135,31.224778,-31.465757,5.0871188,32.769808,32.769808,-1.1749572,0.32927137,971.2497500000003,3.5098357
2190.0,939.09786,10.555556,1.5555556,4.8888889,5.3983,12.2168,67.718731,8324.9803,89.349,173.879,64.3741,10.444444,4.4444444,8.0,0.111,10.555556,1.0,0.22222222,2.2441,727.06233,0.24729689616130168,0.47500002047500134,0.07000000207000019,0.22000000072000064,1.0000000005557308,0.9999999997544363,0.26045665768830073,0.8136363648371582,0.9999999999776158,1.0000000000230043,0.9999999999378631,0.46999998047000136,0.19999999820000056,0.360000000360001,0.015203396794959616,0.47500002047500134,0.04500000004500013,0.009999999910000027,1.0000000003119294,1.000000000330095,0.32372719,5.980127,27.379693,24.598359,-0.59248491,-0.29565657,-2.8856603,-0.32372719,-0.30651217,-0.15725202,-0.32326826,9.3558839,44.962874,30.332796,-30.647996,4.9419511,31.640853,31.640853,-1.1646882,0.32372719,971.2497500000001,3.7870299
2191.0,939.09786,10.555556,1.4444444,4.8888889,5.3983,12.2168,67.718731,8768.5976,89.349,173.879,64.3741,10.444444,4.4444444,8.0,0.108,10.666667,1.0,0.22222222,2.2441,727.06233,0.2472968961613017,0.47500002047500134,0.06499999806500019,0.22000000072000064,1.0000000005557306,0.9999999997544365,0.26045665768830056,0.8569930040535754,0.9999999999776159,1.0000000000230045,0.9999999999378631,0.46999998047000136,0.19999999820000056,0.360000000360001,0.014792494178879626,0.4800000154800014,0.04500000004500013,0.009999999910000027,1.0000000003119285,1.000000000330095,0.28728666,5.8164219,26.515272,23.860797,-0.59997898,-0.28665299,-2.8443303,-0.28728666,-0.28894209,-0.15349395,-0.30525404,9.0977166,43.62314,29.483271,-29.860723,4.8066996,30.557957,30.557957,-1.12671,0.28728666,971.24934184924,-0.0
2192.0,939.09786,10.666667,1.4444444,4.7777778,5.3983,12.2168,67.718731,9026.462,89.349,173.879,64.3741,10.444444,4.4444444,8.0,0.105,10.666667,1.0,0.22222222,2.2441,727.06233,0.2472968961613017,0.4800000154800014,0.06499999806500019,0.2150000012150006,1.0000000005557301,0.9999999997544368,0.2604566576883007,0.8821952082001616,0.9999999999776166,1.0000000000230052,0.9999999999378631,0.46999998047000136,0.19999999820000056,0.360000000360001,0.014381591562799625,0.4800000154800014,0.04500000004500013,0.009999999910000027,1.0000000003119285,1.000000000330095,0.27215592,5.661889,25.67119,23.143073,-0.5663475,-0.27371827,-2.8210401,-0.27215592,-0.28802972,-0.1525495,-0.30735161,8.8610826,42.316299,28.653807,-29.150833,4.6788853,29.504169,29.504169,-1.0948456,0.27215592,971.2497499999997,3.8374417
2193.0,939.09786,10.666667,1.4444444,4.7777778,5.3983,12.2168,67.448117,8768.5976,89.349,173.879,64.3741,10.444444,4.4444444,8.0,0.108,10.666667,0.88888889,0.22222222,2.2441,727.06233,0.24729689616130168,0.4800000154800014,0.06499999806500019,0.2150000012150006,1.0000000005557301,0.9999999997544368,0.25941583461139356,0.8569930040535749,0.9999999999776159,1.0000000000230045,0.9999999999378631,0.46999998047000136,0.19999999820000056,0.360000000360001,0.014792494178879628,0.4800000154800014,0.04000000009000011,0.009999999910000027,1.0000000003119294,1.000000000330095,0.26831858,5.4951092,24.842875,22.429783,-0.53858867,-0.26732611,-2.7441089,-0.26831858,-0.27752054,-0.14757588,-0.29359981,8.6032107,41.036527,27.838741,-28.264873,4.5409889,28.47528,28.47528,-1.057422,0.26831858,971.1904683079999,-0.0
2194.0,939.09786,10.666667,1.4444444,4.7777778,5.3983,12.2168,64.99646,8767.579,89.349,173.879,64.3741,10.445538,4.4444444,8.0,0.108,10.666667,0.88888889,0.11111111,2.2441,727.06233,0.2472968961613018,0.4800000154800014,0.06499999806500019,0.2150000012150006,1.0000000005557312,0.9999999997544365,0.24998638461153877,0.8568934518658983,0.9999999999776158,1.0000000000230045,0.9999999999378634,0.4700492104700506,0.19999999820000056,0.360000000360001,0.014792494178879621,0.4800000154800014,0.04000000009000011,0.004999999955000014,1.0000000003119285,1.000000000330095,0.2700348,5.3413338,24.037363,21.734259,-0.53800538,-0.26079433,-2.6692097,-0.2700348,-0.26775229,-0.1432621,-0.28405489,8.3672792,39.788657,27.042551,-27.400725,4.413797,27.476843,27.476843,-1.0204574,0.2700348,971.00997364,-0.0
2195.0,939.09786,10.666667,1.4444444,4.7777778,5.3983,12.2168,67.718731,8768.5976,89.349,173.879,64.3741,10.555556,4.4444444,8.0,0.114,10.666667,0.88888889,0.11111111,2.2441,727.06233,0.24729689616130174,0.4800000154800014,0.06499999806500019,0.2150000012150006,1.0000000005557308,0.9999999997544365,0.2604566576883007,0.8569930040535758,0.9999999999776154,1.0000000000230052,0.9999999999378636,0.47500002047500134,0.19999999820000056,0.360000000360001,0.0156142994110396,0.4800000154800014,0.04000000009000011,0.004999999955000014,1.0000000003119294,1.000000000330095,0.25769674,5.1969012,23.259258,21.065395,-0.52712533,-0.25477014,-2.4928695,-0.25769674,-0.26159612,-0.13531386,-0.27295282,8.1404021,38.579012,26.271734,-26.239154,4.2944619,26.51226,26.51226,-0.99289897,0.25769674,971.24975,18.783628
2196.0,939.09786,10.666667,1.4444444,4.7777778,5.3983,12.2168,70.660609,8640.7857,89.349,173.879,64.3741,10.555556,4.4444444,8.0,0.13,10.666667,0.88888889,0.11111111,2.2441,727.06233,0.24729689616130168,0.4800000154800014,0.06499999806500019,0.2150000012150006,1.0000000005557308,0.9999999997544363,0.271771573072742,0.8445013937492302,0.9999999999776156,1.0000000000230047,0.9999999999378636,0.47500002047500134,0.19999999820000056,0.360000000360001,0.01780578003013289,0.4800000154800014,0.04000000009000011,0.004999999955000014,1.000000000311929,1.000000000330095,0.2545337,5.0545355,22.500754,20.391965,-0.4874747,-0.23634892,-2.2269179,-0.2545337,-0.23909826,-0.1227841,-0.25711806,7.9173884,37.401172,25.520624,-24.813674,4.1768142,25.574454,25.574454,-0.94190214,0.2545337,971.08522546,-0.0
2197.0,939.09786,10.777778,1.4444444,4.7777778,5.3983,12.2168,70.660609,8629.2889,89.349,173.879,64.3741,10.555556,4.3333333,8.0,0.126,10.777778,0.88888889,0.11111111,2.2441,727.06233,0.24729689616130174,0.48500001048500135,0.06499999806500019,0.2150000012150006,1.0000000005557301,0.9999999997544365,0.27177157307274213,0.8433777617138191,0.9999999999776156,1.0000000000230045,0.9999999999378631,0.47500002047500134,0.19499999869500054,0.360000000360001,0.017257909875359558,0.48500001048500135,0.04000000009000011,0.004999999955000014,1.0000000003119285,1.000000000330095,0.2471201,4.9181581,21.76516,19.732138,-0.49421762,-0.23448684,-2.2411215,-0.2471201,-0.24401203,-0.1225036,-0.24962801,7.7018949,36.258937,24.792414,-24.377286,4.0641669,24.665605,24.665605,-0.91302937,0.2471201,971.24975,1.1882105
2198.0,939.09786,10.777778,1.4444444,4.6666667,5.3983,12.2168,67.718731,8768.5976,89.349,173.879,64.3741,10.555556,4.3333333,8.0,0.122,10.777778,0.77777778,0.11111111,2.2441,727.06233,0.24729689616130168,0.48500001048500135,0.06499999806500019,0.2100000017100006,1.0000000005557304,0.9999999997544365,0.26045665768830073,0.8569930040535735,0.9999999999776158,1.0000000000230045,0.9999999999378634,0.47500002047500134,0.19499999869500054,0.360000000360001,0.016710039720586232,0.48500001048500135,0.0350000001350001,0.004999999955000014,1.0000000003119291,1.000000000330095,0.23086373,4.7861046,21.050251,19.094611,-0.45782335,-0.22654297,-2.2244951,-0.23086373,-0.22430391,-0.12103479,-0.2409309,7.4931661,35.151074,24.085904,-23.815777,3.9550865,23.783346,23.783346,-0.88581423,0.23086373,971.1431013199999,-0.0
2199.0,939.09786,10.777778,1.3333333,4.6666667,5.3983,12.2168,67.718731,8768.5976,89.349,173.879,64.3741,10.666667,4.3333333,8.1111111,0.118,10.777778,0.77777778,0.11111111,2.2441,727.06233,0.24729689616130174,0.48500001048500135,0.05999999856000017,0.2100000017100006,1.0000000005557304,0.9999999997544367,0.2604566576883008,0.8569930040535746,0.9999999999776158,1.000000000023004,0.9999999999378631,0.4800000154800014,0.19499999869500054,0.36499999986500103,0.01616216956581292,0.48500001048500135,0.0350000001350001,0.004999999955000014,1.000000000311929,1.000000000330095,0.22469463,4.6544679,20.35168,18.484507,-0.45421566,-0.21832521,-2.1844395,-0.22469463,-0.22707881,-0.11878548,-0.23702401,7.2847711,34.070023,23.394225,-23.200708,3.8463601,22.923834,22.923834,-0.8587142,0.22469463,971.24975,5.3809943
2200.0,939.09786,10.777778,1.3333333,4.6666667,5.3983,12.2168,67.718731,8768.5976,89.349,173.879,64.3741,10.666667,4.3333333,8.0,0.122,10.777778,0.77777778,0.11111111,2.2441,727.06233,0.24729689616130177,0.48500001048500135,0.05999999856000017,0.2100000017100006,1.0000000005557308,0.9999999997544368,0.26045665768830073,0.8569930040535754,0.9999999999776165,1.0000000000230045,0.999999999937863,0.4800000154800014,0.19499999869500054,0.360000000360001,0.016710039720586236,0.48500001048500135,0.0350000001350001,0.004999999955000014,1.0000000003119285,1.000000000330095,0.22592378,4.5220305,19.667617,17.888437,-0.43492813,-0.21404928,-2.0969891,-0.22592378,-0.22314791,-0.1142244,-0.23535,7.0765646,33.012879,22.711684,-22.435589,3.7369383,22.084758,22.084758,-0.84457702,0.22592378,971.2469889516,-0.0
2201.0,939.09786,10.777778,1.3333333,4.6666667,5.3983,12.2168,67.718731,8768.5976,89.349,173.879,64.3741,10.666667,4.3333333,8.0,0.118,10.777778,0.77777778,0.0,2.2441,727.06233,0.24729689616130168,0.48500001048500135,0.05999999856000017,0.2100000017100006,1.0000000005557306,0.9999999997544371,0.26045665768830073,0.8569930040535754,0.9999999999776161,1.000000000023005,0.9999999999378631,0.4800000154800014,0.19499999869500054,0.360000000360001,0.01616216956581292,0.48500001048500135,0.0350000001350001,0.0,1.0000000003119294,1.000000000330095,0.21682487,4.3934165,19.002402,17.311969,-0.42588269,-0.20852961,-2.0543353,-0.21682487,-0.21693426,-0.11198491,-0.2229317,6.8743792,31.983917,22.033492,-21.823225,3.630675,21.269662,21.269662,-0.81263956,0.21682487,971.24975,3.1541677
2202.0,939.09786,10.777778,1.3333333,4.6666667,5.3983,12.2168,70.660609,8681.9962,89.349,173.879,64.3741,10.666667,4.3333333,8.0,0.122,10.777778,0.77777778,0.0,2.2441,727.06233,0.2472968961613017,0.48500001048500135,0.05999999856000017,0.2100000017100006,1.0000000005557308,0.9999999997544367,0.2717715730727421,0.8485290743208123,0.9999999999776155,1.0000000000230043,0.999999999937863,0.4800000154800014,0.19499999869500054,0.360000000360001,0.016710039720586246,0.48500001048500135,0.0350000001350001,0.0,1.000000000311928,1.000000000330095,0.21316796,4.2670238,18.353892,16.754113,-0.41088445,-0.19817042,-1.9548532,-0.21316796,-0.20647167,-0.10651433,-0.21382649,6.6761479,30.980508,21.377256,-21.053536,3.5262363,20.476239,20.476239,-0.7790679,0.21316796,971.2497499999996,7.2873288
2203.0,939.09786,10.777778,1.3333333,4.5555556,5.3983,12.2168,70.660609,8768.5976,89.349,173.879,64.3741,10.666667,4.3333333,8.0,0.126,10.777778,0.66666667,0.0,2.2441,727.06233,0.24729689616130177,0.48500001048500135,0.05999999856000017,0.2050000022050006,1.0000000005557304,0.9999999997544367,0.27177157307274186,0.8569930040535753,0.9999999999776161,1.0000000000230045,0.999999999937863,0.4800000154800014,0.19499999869500054,0.360000000360001,0.017257909875359554,0.48500001048500135,0.030000000180000087,0.0,1.0000000003119291,1.000000000330095,0.20414061,4.144361,17.723003,16.215244,-0.41181767,-0.1958401,-1.8639834,-0.20414061,-0.20233146,-0.10226433,-0.20875478,6.483752,30.004558,20.738561,-20.332581,3.42488,19.70468,19.70468,-0.75804207,0.20414061,971.0782689099999,-0.0
2204.0,939.09786,10.777778,1.3333333,4.5555556,5.3983,12.2168,67.718731,8759.6954,89.349,173.879,64.3741,10.666667,4.3333333,8.0,0.122,10.777778,0.66666667,0.0,2.2441,727.06233,0.24729689616130168,0.48500001048500135,0.05999999856000017,0.2050000022050006,1.0000000005557306,0.9999999997544363,0.2604566576883008,0.8561229535085814,0.9999999999776154,1.0000000000230043,0.9999999999378634,0.4800000154800014,0.19499999869500054,0.360000000360001,0.016710039720586243,0.48500001048500135,0.030000000180000087,0.0,1.0000000003119294,1.000000000330095,0.20093125,4.0236514,17.107615,15.693226,-0.38831351,-0.18842285,-1.8691772,-0.20093125,-0.19373492,-0.10254626,-0.20922501,6.2949049,29.05295,20.129641,-19.94119,3.3251262,18.95311,18.95311,-0.74996508,0.20093125,971.08104096,-0.0
2205.0,939.09786,10.777778,1.2222222,4.5555556,5.3983,12.2168,67.718731,8748.1631,89.349,173.879,64.3741,10.666667,4.2222222,8.0,0.118,10.777778,0.66666667,0.0,2.2441,727.06233,0.2472968961613018,0.48500001048500135,0.05499999905500016,0.2050000022050006,1.0000000005557308,0.9999999997544365,0.26045665768830073,0.8549958519044876,0.9999999999776162,1.0000000000230045,0.9999999999378631,0.4800000154800014,0.18999999919000055,0.360000000360001,0.01616216956581292,0.48500001048500135,0.030000000180000087,0.0,1.000000000311929,1.000000000330095,0.19507889,3.9064577,16.509081,15.190441,-0.3534406,-0.18108222,-1.8401896,-0.19507889,-0.18984756,-0.099602595,-0.19613238,6.1115581,28.125879,19.538355,-19.430479,3.2282778,18.222689,18.222689,-0.70706622,0.19507889,971.2497500000001,4.4096412
2206.0,939.09786,10.777778,1.2222222,4.5555556,5.3983,12.2168,67.718731,8706.5076,89.349,173.879,64.3741,10.666667,4.2222222,8.0,0.118,10.777778,0.55555556,0.0,2.2441,727.06233,0.2472968961613017,0.48500001048500135,0.05499999905500016,0.2050000022050006,1.0000000005557301,0.9999999997544368,0.26045665768830073,0.8509246795564296,0.9999999999776166,1.000000000023005,0.9999999999378634,0.4800000154800014,0.18999999919000055,0.360000000360001,0.016162169565812907,0.48500001048500135,0.02500000022500007,0.0,1.0000000003119287,1.000000000330095,0.18939698,3.7926774,15.926838,14.706172,-0.37287764,-0.18058305,-1.7737451,-0.18939698,-0.18815844,-0.09739069,-0.19993863,5.9335516,27.222293,18.93319,-18.810259,3.1342503,17.512592,17.512592,-0.71144764,0.18939698,971.2476821674,-0.0
2207.0,939.09786,10.777778,1.2222222,4.5555556,5.3983,12.2168,67.718731,8650.2501,89.349,173.879,64.3741,10.666667,4.2222222,8.0,0.118,10.777778,0.55555556,0.0,2.2441,727.06233,0.24729689616130165,0.48500001048500135,0.05499999905500016,0.2050000022050006,1.0000000005557306,0.9999999997544367,0.26045665768830073,0.8454263905340731,0.9999999999776162,1.0000000000230043,0.999999999937863,0.4800000154800014,0.18999999919000055,0.360000000360001,0.01616216956581292,0.48500001048500135,0.02500000022500007,0.0,1.0000000003119294,1.000000000330095,0.18388056,3.6822111,15.360613,14.239621,-0.34772624,-0.1709747,-1.7447113,-0.18388056,-0.18090331,-0.094617693,-0.18595389,5.7607297,26.341217,18.343731,-18.312037,3.0429615,16.822631,16.822631,-0.67370557,0.18388056,971.24975,4.5068887
2208.0,939.09786,10.777778,1.2222222,4.5555556,5.3983,12.2168,67.718731,8581.0168,89.349,173.879,64.3741,10.666667,4.2222222,8.0,0.122,10.777778,0.55555556,0.0,2.2441,727.06233,0.24729689616130174,0.48500001048500135,0.05499999905500016,0.2050000022050006,1.0000000005557306,0.9999999997544365,0.26045665768830073,0.8386599204034847,0.9999999999776159,1.0000000000230045,0.9999999999378631,0.4800000154800014,0.18999999919000055,0.360000000360001,0.01671003972058624,0.48500001048500135,0.02500000022500007,0.0,1.0000000003119283,1.000000000330095,0.17852481,3.5749622,14.810034,13.787065,-0.33767152,-0.16466736,-1.6798818,-0.17852481,-0.17521163,-0.091581901,-0.18487816,5.5929414,25.481883,17.76952,-17.718917,2.9543315,16.152608,16.152608,-0.66306473,0.17852481,971.212968449,-0.0
2209.0,939.09786,10.777778,1.2222222,4.4444444,5.3983,12.2168,67.718731,8565.9964,89.349,173.879,64.3741,10.666667,4.2222222,7.8888889,0.118,10.777778,0.55555556,0.0,2.2441,727.06233,0.2472968961613017,0.48500001048500135,0.05499999905500016,0.19999999820000056,1.000000000555731,0.9999999997544365,0.2604566576883007,0.8371919116858685,0.9999999999776159,1.0000000000230047,0.9999999999378634,0.4800000154800014,0.18999999919000055,0.35500000085500105,0.016162169565812918,0.48500001048500135,0.02500000022500007,0.0,1.0000000003119287,1.000000000330095,0.17332506,3.4708371,14.275226,13.349433,-0.34793416,-0.16641417,-1.6587632,-0.17332506,-0.17173513,-0.090701376,-0.18652378,5.4300402,24.642818,17.210838,-17.284788,2.868283,15.504136,15.504136,-0.65181247,0.17332506,971.2497500000002,3.1628225
2210.0,939.09786,10.777778,1.1111111,4.4444444,5.3983,12.2168,67.718731,8544.9129,89.349,173.879,64.3741,10.666667,4.1111111,7.8888889,0.118,10.777778,0.44444444,0.0,2.2441,727.06233,0.2472968961613017,0.48500001048500135,0.04999999955000014,0.19999999820000056,1.0000000005557304,0.9999999997544363,0.2604566576883007,0.8351313299571559,0.9999999999776155,1.000000000023005,0.9999999999378634,0.4800000154800014,0.1849999996850005,0.35500000085500105,0.01616216956581293,0.48500001048500135,0.019999999820000055,0.0,1.0000000003119291,1.000000000330095,0.16827676,3.3697447,13.755947,12.933336,-0.3135683,-0.15742862,-1.6027044,-0.16827676,-0.16507873,-0.087398041,-0.17720348,5.2718837,23.82481,16.669381,-16.720299,2.7847408,14.877394,14.877394,-0.61116356,0.16827676,971.24975,1.2471345
2211.0,939.09786,10.777778,1.1111111,4.4444444,5.3983,12.2168,67.718731,8706.3142,89.349,173.879,64.3741,10.666667,4.1111111,7.8888889,0.118,10.777778,0.44444444,0.0,2.2441,727.06233,0.24729689616130177,0.48500001048500135,0.04999999955000014,0.19999999820000056,1.0000000005557304,0.9999999997544365,0.2604566576883008,0.8509057777371712,0.9999999999776155,1.0000000000230047,0.9999999999378631,0.4800000154800014,0.1849999996850005,0.35500000085500105,0.016162169565812918,0.48500001048500135,0.019999999820000055,0.0,1.0000000003119283,1.000000000330095,0.1633755,3.2715968,13.251735,12.518818,-0.30261006,-0.14981257,-1.5672111,-0.1633755,-0.16175302,-0.085288757,-0.16855932,5.1183337,23.02577,16.143892,-16.25317,2.7036319,14.271795,14.271795,-0.59229317,0.1633755,971.2497499999998,2.4513504
2212.0,939.09786,10.777778,1.1111111,4.4444444,5.3983,12.2168,67.718731,8607.1269,89.349,173.879,64.3741,10.666667,4.1111111,7.8888889,0.122,10.777778,0.44444444,0.0,2.2441,727.06233,0.24729689616130168,0.48500001048500135,0.04999999955000014,0.19999999820000056,1.0000000005557304,0.9999999997544368,0.26045665768830073,0.8412117735111166,0.9999999999776156,1.0000000000230045,0.9999999999378636,0.4800000154800014,0.1849999996850005,0.35500000085500105,0.016710039720586236,0.48500001048500135,0.019999999820000055,0.0,1.0000000003119294,1.000000000330095,0.15861699,3.1763076,12.762094,12.128062,-0.28931521,-0.14350486,-1.5201618,-0.15861699,-0.15824834,-0.082070299,-0.16180761,4.969256,22.245515,15.634013,-15.745692,2.6248853,13.686457,13.686457,-0.58191403,0.15861699,971.2497500000001,1.4172433
2213.0,939.09786,10.777778,1.0,4.4444444,5.3983,12.2168,67.718731,8611.2508,89.349,173.879,64.3741,10.666667,4.0,7.8285189,0.122,10.777778,0.33333333,0.0,2.2441,727.06233,0.24729689616130168,0.48500001048500135,0.04500000004500013,0.19999999820000056,1.0000000005557304,0.9999999997544363,0.2604566576883008,0.8416148201111145,0.9999999999776159,1.000000000023004,0.9999999999378631,0.4800000154800014,0.1800000001800005,0.35228335085228435,0.016710039720586243,0.48500001048500135,0.014999999865000042,0.0,1.0000000003119287,1.000000000330095,0.15399707,3.0837938,12.286566,11.756939,-0.28869982,-0.14244011,-1.4825751,-0.15399707,-0.152912,-0.080529775,-0.1527886,4.8245204,21.48118,15.137287,-15.275223,2.5484323,13.121217,13.121217,-0.55731632,0.15399707,971.2497500000002,2.2888678
2214.0,939.09786,10.777778,1.0,4.4444444,5.3983,12.2168,67.718731,8704.7848,89.349,173.879,64.3741,10.666667,4.0,7.7777778,0.122,10.777778,0.33333333,0.0,2.2441,727.06233,0.24729689616130174,0.48500001048500135,0.04500000004500013,0.19999999820000056,1.0000000005557304,0.9999999997544365,0.2604566576883008,0.8507563028541647,0.9999999999776165,1.0000000000230045,0.9999999999378634,0.4800000154800014,0.1800000001800005,0.350000001350001,0.016710039720586236,0.48500001048500135,0.014999999865000042,0.0,1.0000000003119285,1.000000000330095,0.14951172,2.991575,11.824719,11.397443,-0.26689173,-0.13585901,-1.4375524,-0.14951172,-0.14654085,-0.078015542,-0.15303343,4.6789941,20.731809,14.653332,-14.796166,2.472252,12.57543,12.57543,-0.53555021,0.14951172,971.2497500000002,1.5036626
2215.0,939.09786,10.777778,1.0,4.4444444,5.3983,12.2168,67.718731,8572.1778,89.349,173.879,64.3741,10.555556,4.0,7.7777778,0.122,10.777778,0.33333333,0.0,2.2441,727.06233,0.2472968961613017,0.48500001048500135,0.04500000004500013,0.19999999820000056,1.0000000005557304,0.9999999997544368,0.26045665768830084,0.8377960466680981,0.9999999999776168,1.0000000000230043,0.9999999999378631,0.47500002047500134,0.1800000001800005,0.350000001350001,0.01671003972058623,0.48500001048500135,0.014999999865000042,0.0,1.0000000003119291,1.000000000330095,0.14515701,2.8949596,11.37625,11.050558,-0.29048117,-0.13685484,-1.4008647,-0.14515701,-0.14457981,-0.076839846,-0.15346075,4.5233023,20.000655,14.186162,-14.363772,2.3925149,12.048173,12.048173,-0.52442834,0.14515701,971.2497500000001,2.2283968
2216.0,939.09786,10.777778,1.0,4.4444444,5.3983,12.2168,67.718731,8609.0567,89.349,173.879,64.3741,10.555556,3.8888889,7.7777778,0.122,10.777778,0.22222222,0.0,2.2441,727.06233,0.2472968961613017,0.48500001048500135,0.04500000004500013,0.19999999820000056,1.0000000005557308,0.9999999997544365,0.26045665768830084,0.841400381219517,0.9999999999776159,1.0000000000230045,0.999999999937863,0.47500002047500134,0.1750000006750005,0.350000001350001,0.016710039720586246,0.48500001048500135,0.009999999910000027,0.0,1.000000000311928,1.000000000330095,0.14092914,2.8037499,10.940758,10.715984,-0.23007304,-0.12513009,-1.3603147,-0.14092914,-0.13609614,-0.073712787,-0.14686147,4.3790283,19.287198,13.716404,-13.912928,2.3171791,11.538887,11.538887,-0.50661345,0.14092914,971.2497499999998,1.1154512
2217.0,939.09786,10.666667,0.88888889,4.4444444,5.3983,12.2168,67.718731,8591.5605,89.349,173.879,64.3741,10.444444,3.8888889,7.6666667,0.122,10.666667,0.22222222,0.0,2.2441,727.06233,0.24729689616130174,0.4800000154800014,0.04000000009000011,0.19999999820000056,1.0000000005557308,0.9999999997544367,0.2604566576883006,0.839690401849782,0.9999999999776161,1.000000000023005,0.9999999999378631,0.46999998047000136,0.1750000006750005,0.345000001845001,0.01671003972058624,0.4800000154800014,0.009999999910000027,0.0,1.0000000003119287,1.000000000330095,0.13682441,2.714916,10.517681,10.391312,-0.25967977,-0.12667988,-1.3302153,-0.13682441,-0.13661611,-0.071963604,-0.14446771,4.2394588,18.590986,13.262662,-13.51712,2.2437797,11.04654,11.04654,-0.49795209,0.13682441,971.24975,1.9789988
2218.0,939.09786,10.666667,0.88888889,4.3333333,5.3983,12.2168,67.718731,8733.601,89.349,173.879,64.3741,10.555556,3.7777778,7.6666667,0.126,10.666667,0.22222222,0.0,2.2441,727.06233,0.24729689616130168,0.4800000154800014,0.04000000009000011,0.19499999869500054,1.0000000005557306,0.9999999997544363,0.2604566576883008,0.8535726348299167,0.9999999999776151,1.0000000000230047,0.9999999999378631,0.47500002047500134,0.17000000117000047,0.345000001845001,0.017257909875359558,0.4800000154800014,0.009999999910000027,0.0,1.0000000003119294,1.000000000330095,0.13283923,2.6353679,10.106603,10.073006,-0.2780372,-0.12129674,-1.290832,-0.13283923,-0.1330411,-0.070652652,-0.1387091,4.1190722,17.911314,12.84082,-13.092756,2.1779467,10.570557,10.570557,-0.47966777,0.13283923,971.24975,1.6598658
2219.0,939.09786,10.666667,0.88888889,4.3333333,5.3983,12.2168,67.718731,8661.6436,89.349,173.879,64.3741,10.555556,3.7777778,7.6666667,0.126,10.666667,0.11111111,0.0,2.2441,727.06233,0.2472968961613018,0.4800000154800014,0.04000000009000011,0.19499999869500054,1.0000000005557308,0.9999999997544362,0.2604566576883008,0.8465399266132855,0.9999999999776158,1.0000000000230047,0.9999999999378631,0.47500002047500134,0.17000000117000047,0.345000001845001,0.017257909875359558,0.4800000154800014,0.004999999955000014,0.0,1.0000000003119291,1.000000000330095,0.12897012,2.5581403,9.707147,9.7054977,-0.23867692,-0.1178913,-1.258435,-0.12897012,-0.12695024,-0.067723683,-0.13412729,4.0023142,17.247952,12.432845,-12.693181,2.1140315,10.11044,10.11044,-0.46271433,0.12897012,971.2497499999998,1.3443576
2220.0,939.09786,10.666667,0.77777778,4.2222222,5.3983,12.2168,67.718731,8758.9142,89.349,173.879,64.3741,10.444444,3.7777778,7.5555555,0.126,10.666667,0.11111111,0.0,2.2441,727.06233,0.2472968961613017,0.4800000154800014,0.0350000001350001,0.18999999919000055,1.0000000005557301,0.9999999997544372,0.2604566576883007,0.8560466034506488,0.9999999999776155,1.0000000000230047,0.9999999999378634,0.46999998047000136,0.17000000117000047,0.33999999784000096,0.01725790987535955,0.4800000154800014,0.004999999955000014,0.0,1.0000000003119291,1.000000000330095,0.12521371,2.469089,9.3195416,9.3195416,-0.22435731,-0.11355517,-1.2289646,-0.12521371,-0.12673808,-0.06640549,-0.12818515,3.8589659,16.601892,12.040488,-12.310641,2.0405303,9.6658251,9.6658251,-0.44126808,0.12521371,971.2497500000002,1.6131333
2221.0,939.09786,10.555556,0.77777778,4.2222222,5.3983,12.2168,67.718731,8718.9294,89.349,173.879,64.3741,10.333333,3.6666667,7.5555555,0.126,10.555556,0.11111111,0.0,2.2441,727.06233,0.2472968961613017,0.47500002047500134,0.0350000001350001,0.18999999919000055,1.0000000005557304,0.9999999997544365,0.2604566576883007,0.8521387158463088,0.9999999999776156,1.000000000023004,0.999999999937863,0.46499998546500126,0.16500000166500048,0.33999999784000096,0.01725790987535956,0.47500002047500134,0.004999999955000014,0.0,1.0000000003119294,1.000000000330095,0.12156671,2.3844948,8.9446619,8.9446619,-0.23350508,-0.11125172,-1.1977003,-0.12156671,-0.12191698,-0.065077237,-0.12500009,3.7230968,15.973909,11.62913,-11.926529,1.9707101,9.2369932,9.2369932,-0.43026734,0.12156671,971.24975,0.92277606
2222.0,939.09786,10.444444,0.77777778,4.1111111,5.3983,12.2168,64.99646,8605.5345,89.349,173.879,64.3741,10.333333,3.6666667,7.4444444,0.13,10.444444,0.0,0.0,2.2441,727.06233,0.24729689616130177,0.46999998047000136,0.0350000001350001,0.1849999996850005,1.000000000555731,0.9999999997544368,0.24998638461153871,0.8410561413653731,0.9999999999776161,1.0000000000230045,0.9999999999378631,0.46499998546500126,0.16500000166500048,0.33499999833500094,0.017805780030132876,0.46999998047000136,0.0,0.0,1.0000000003119287,1.000000000330095,0.11802593,2.303779,8.5817438,8.5817438,-0.22586043,-0.10155348,-1.1682977,-0.11802593,-0.11601007,-0.063348623,-0.12412236,3.5943276,15.363509,11.219602,-11.559299,1.9040637,8.8231759,8.8231759,-0.42596447,0.11802593,971.2497499999996,2.3218835
2223.0,939.09786,10.444444,0.66666667,4.0,5.3983,12.2168,67.718731,8712.344,89.349,173.879,64.3741,10.222222,3.5555556,7.4444444,0.13,10.444444,0.0,0.0,2.2441,727.06233,0.24729689616130168,0.46999998047000136,0.030000000180000087,0.1800000001800005,1.0000000005557306,0.9999999997544368,0.26045665768830073,0.8514950961951001,0.9999999999776166,1.0000000000230047,0.9999999999378631,0.4599999904600013,0.16000000216000046,0.33499999833500094,0.017805780030132876,0.46999998047000136,0.0,0.0,1.0000000003119285,1.000000000330095,0.11458829,2.2268919,8.2305263,8.2305263,-0.22537826,-0.10372849,-1.1298886,-0.11458829,-0.11766158,-0.060830642,-0.11689321,3.4724742,14.769771,10.827579,-11.171827,1.8405578,8.4240976,8.4240976,-0.40717505,0.11458829,971.2497499999997,0.61553513
2224.0,939.09786,10.333333,0.66666667,4.0,5.3983,12.2168,64.99646,8768.5976,89.349,173.879,64.3741,10.111111,3.4444444,7.3333333,0.134,10.333333,0.0,0.0,2.2441,727.06233,0.24729689616130165,0.46499998546500126,0.030000000180000087,0.1800000001800005,1.0000000005557306,0.9999999997544363,0.24998638461153877,0.8569930040535727,0.9999999999776158,1.0000000000230045,0.9999999999378631,0.45499999545500125,0.15499999815500043,0.3299999988300009,0.0183536501849062,0.46499998546500126,0.0,0.0,1.0000000003119291,1.000000000330095,0.11048068,2.1525305,7.8894789,7.8894789,-0.21715553,-0.10133797,-1.1075669,-0.11048068,-0.1179296,-0.060521508,-0.11605043,3.3569062,14.191744,10.430213,-10.836922,1.7790914,8.0382824,8.0382824,-0.39639059,0.11048068,971.24975,2.0472146
2225.0,939.09786,10.333333,0.66666667,3.8888889,5.3983,12.2168,64.99646,8768.5976,89.349,173.879,64.3741,10.111111,3.4444444,7.3333333,0.134,10.333333,0.0,0.0,2.2441,727.06233,0.24729689616130174,0.46499998546500126,0.030000000180000087,0.1750000006750005,1.0000000005557306,0.9999999997544363,0.24998638461153877,0.8569930040535753,0.999999999977615,1.0000000000230045,0.9999999999378631,0.45499999545500125,0.15499999815500043,0.3299999988300009,0.018353650184906204,0.46499998546500126,0.0,0.0,1.0000000003119283,1.000000000330095,0.10498202,2.0801662,7.557834,7.557834,-0.20624189,-0.09835233,-1.0731066,-0.10498202,-0.11342459,-0.058550899,-0.11260083,3.2468625,13.631272,10.041029,-10.477525,1.7192155,7.6645955,7.6645955,-0.3828373,0.10498202,971.2497499999998,0.98703912
2226.0,939.09786,10.222222,0.55555556,3.7777778,5.3983,12.2168,64.99646,8768.5976,89.349,173.879,64.3741,10.111111,3.3333333,7.2222222,0.134,10.222222,0.0,0.0,2.2441,727.06233,0.2472968961613017,0.4599999904600013,0.02500000022500007,0.17000000117000047,1.0000000005557306,0.9999999997544363,0.24998638461153883,0.8569930040535745,0.9999999999776156,1.0000000000230045,0.9999999999378634,0.45499999545500125,0.14999999865000044,0.3249999993250009,0.018353650184906204,0.4599999904600013,0.0,0.0,1.0000000003119294,1.000000000330095,0.10272533,2.0110011,7.2368417,7.2368417,-0.19203525,-0.09591087,-1.0520087,-0.10272533,-0.10657475,-0.056720052,-0.1051012,3.1414092,13.085485,9.6670302,-10.158377,1.6619932,7.3043628,7.3043628,-0.36460645,0.10272533,971.24975,0.69440078
2227.0,939.09786,10.222222,0.55555556,3.6666667,5.3983,12.2168,64.99646,8768.5976,89.349,173.879,64.3741,10.0,3.3333333,7.1111111,0.138,10.222222,0.0,0.0,2.2441,727.06233,0.24729689616130174,0.4599999904600013,0.02500000022500007,0.16500000166500048,1.0000000005557306,0.9999999997544365,0.24998638461153866,0.8569930040535746,0.9999999999776156,1.000000000023004,0.9999999999378634,0.45000000045000127,0.14999999865000044,0.3199999998200009,0.018901520339679526,0.4599999904600013,0.0,0.0,1.0000000003119287,1.000000000330095,0.099620533,1.9454162,6.9267666,6.9267666,-0.18813966,-0.093037901,-1.0257521,-0.099620533,-0.09925418,-0.055301332,-0.10131421,3.0410139,12.551703,9.2581045,-9.8225045,1.6077422,6.9580882,6.9580882,-0.35325641,0.099620533,971.24975,1.6062421
2228.0,939.09786,10.222222,0.55555555,3.5555556,5.3983,12.2168,64.99646,8710.1646,89.349,173.879,64.3741,10.0,3.2222222,6.8888889,0.142,10.222222,0.0,0.0,2.2441,727.06233,0.2472968961613017,0.4599999904600013,0.02499999977500007,0.16000000216000046,1.0000000005557304,0.9999999997544369,0.24998638461153866,0.8512820939981453,0.9999999999776161,1.0000000000230052,0.9999999999378634,0.45000000045000127,0.14499999914500042,0.3100000008100009,0.019449390494452826,0.4599999904600013,0.0,0.0,1.0000000003119285,1.000000000330095,0.098844861,1.8832403,6.6271928,6.6271928,-0.15911045,-0.082599083,-0.98644321,-0.098844861,-0.095284688,-0.053454298,-0.10063695,2.9454447,12.029952,8.8418086,-9.4675635,1.5563204,6.6252414,6.6252414,-0.33161099,0.098844861,971.2497499999998,1.4700227
2229.0,939.09786,10.111111,0.44444444,3.5555556,5.3983,12.2168,64.99646,8768.5976,89.349,173.879,64.3741,10.0,3.1111111,6.7777778,0.146,10.111111,0.0,0.0,2.2441,727.06233,0.2472968961613017,0.45499999545500125,0.019999999820000055,0.16000000216000046,1.0000000005557301,0.9999999997544365,0.24998638461153871,0.8569930040535739,0.9999999999776165,1.0000000000230045,0.9999999999378631,0.45000000045000127,0.1399999996400004,0.3050000013050009,0.01999726064922614,0.45499999545500125,0.0,0.0,1.000000000311929,1.000000000330095,0.095964666,1.8256324,6.3389462,6.3389462,-0.18135737,-0.085115801,-0.95037461,-0.095964666,-0.096973957,-0.051874618,-0.10248008,2.8561575,11.522233,8.4408062,-9.1304247,1.5086938,6.3062406,6.3062406,-0.33120263,0.095964666,971.2497500000002,2.3109198
2230.0,939.09786,10.111111,0.44444444,3.4444444,5.3983,12.2168,67.092884,8799.5584,89.349,173.879,64.3741,9.8888889,3.1111111,6.6666667,0.15,10.111111,0.0,0.0,2.2441,727.06233,0.24729689616130174,0.45499999545500125,0.019999999820000055,0.15499999815500043,1.000000000555731,0.9999999997544365,0.2580495538421839,0.8600189370716326,0.9999999999776158,1.0000000000230045,0.9999999999378636,0.44500000094500125,0.1399999996400004,0.30000000180000086,0.020545130803999476,0.45499999545500125,0.0,0.0,1.0000000003119296,1.000000000330095,0.088512224,1.7636214,6.0621032,6.0621032,-0.17388313,-0.083701282,-0.91922965,-0.088512224,-0.093377324,-0.049932284,-0.099503673,2.754531,11.032488,8.0792552,-8.8049868,1.4575543,6.0009208,6.0009208,-0.32323118,0.088512224,971.2134309959999,-0.0
2231.0,939.09786,10.0,0.33333333,3.3333333,5.3983,12.2168,64.99646,8791.4024,89.349,173.879,64.3741,9.8888889,3.0,6.4444444,0.15,10.0,0.0,0.0,2.2441,727.06233,0.24729689616130177,0.45000000045000127,0.014999999865000042,0.14999999865000044,1.0000000005557308,0.9999999997544368,0.24998638461153866,0.859221815883056,0.9999999999776159,1.0000000000230045,0.9999999999378636,0.44500000094500125,0.13500000013500038,0.28999999829000084,0.020545130803999473,0.45000000045000127,0.0,0.0,1.0000000003119283,1.000000000330095,0.085934198,1.7038597,5.7937912,5.7937912,-0.1258669,-0.074390469,-0.91031784,-0.085934198,-0.084464226,-0.048398877,-0.090047368,2.6581611,10.5584,7.731951,-8.5611801,1.4082373,5.7068658,5.7068658,-0.29657025,0.085934198,971.24975,1.5048622
2232.0,939.09786,10.0,0.33333333,3.2222222,5.3983,12.2168,64.99646,8860.2984,89.349,173.879,64.3741,9.8888889,2.8888889,6.3333333,0.154,10.0,0.0,0.0,2.2441,727.06233,0.24729689616130168,0.45000000045000127,0.014999999865000042,0.14499999914500042,1.0000000005557304,0.9999999997544368,0.24998638461153877,0.8659553202244178,0.9999999999776151,1.000000000023005,0.9999999999378634,0.44500000094500125,0.13000000063000036,0.28499999878500076,0.021093000958772794,0.45000000045000127,0.0,0.0,1.000000000311929,1.000000000330095,0.08343126,1.6539102,5.5336614,5.5336614,-0.15673302,-0.079799918,-0.88420622,-0.08343126,-0.088852042,-0.047836081,-0.09515149,2.5827549,10.098766,7.4005105,-8.2735854,1.3668968,5.4236462,5.4236462,-0.30199328,0.08343126,971.174735607,-0.0
2233.0,939.09786,10.0,0.33333333,3.1111111,5.3983,12.2168,64.99646,8896.3744,89.349,173.879,64.3741,9.8888889,2.8301512,6.2222222,0.158,10.0,0.0,0.0,2.2441,727.06233,0.24729689616130185,0.45000000045000127,0.014999999865000042,0.1399999996400004,1.0000000005557308,0.9999999997544365,0.24998638461153877,0.8694811838829641,0.9999999999776156,1.0000000000230045,0.9999999999378634,0.44500000094500125,0.12735680412735717,0.2799999992800008,0.02164087111354612,0.45000000045000127,0.0,0.0,1.0000000003119287,1.000000000330095,0.081001223,1.6049315,5.2815293,5.2815293,-0.12995166,-0.069392701,-0.86283855,-0.081001223,-0.081226926,-0.046304434,-0.085327516,2.5086125,9.6560675,7.0892744,-7.9840255,1.3263586,5.1506869,5.1506869,-0.27940562,0.081001223,971.24975,1.4341123
2234.0,939.09786,10.0,0.22222222,3.0,5.3983,12.2168,66.806426,8969.132,89.349,173.879,64.3741,9.8888889,2.7777778,6.1111111,0.166,10.0,0.0,0.0,2.2441,727.06233,0.2472968961613017,0.45000000045000127,0.009999999910000027,0.13500000013500038,1.0000000005557301,0.9999999997544372,0.2569477923037394,0.8765920991097875,0.9999999999776155,1.0000000000230047,0.999999999937863,0.44500000094500125,0.12500000112500034,0.2749999997750008,0.02273661142309274,0.45000000045000127,0.0,0.0,1.0000000003119291,1.000000000330095,0.078641965,1.5578641,5.0371246,5.0371246,-0.11191634,-0.063627551,-0.81672364,-0.078641965,-0.080034966,-0.04368052,-0.078459268,2.4377937,9.2308922,6.7975333,-7.6384104,1.2873987,4.8876676,4.8876676,-0.26154491,0.078641965,971.2497500000001,2.6091182
2235.0,939.09786,9.8888889,0.22222222,2.8888889,5.3983,12.2168,67.718731,8876.9873,89.349,173.879,64.3741,9.6666667,2.6666667,6.0,0.174,9.8888889,0.0,0.0,2.2441,727.06233,0.2472968961613017,0.44500000094500125,0.009999999910000027,0.13000000063000036,1.0000000005557304,0.9999999997544363,0.26045665768830073,0.8675863986702311,0.9999999999776156,1.000000000023004,0.9999999999378628,0.43500000193500127,0.12000000162000034,0.27000000027000076,0.0238323517326394,0.44500000094500125,0.0,0.0,1.0000000003119294,1.000000000330095,0.076351422,1.4964158,4.8002166,4.8002166,-0.13861475,-0.068747734,-0.77250225,-0.076351422,-0.076622367,-0.041994984,-0.081746656,2.3362536,8.8225134,6.5246107,-7.3020059,1.2367428,4.6342394,4.6342394,-0.26486144,0.076351422,971.2497499999998,0.85500362
2236.0,939.09786,9.7777778,0.11111111,2.8888889,5.3983,12.2168,67.718731,8845.8966,89.349,173.879,64.3741,9.4444444,2.5555556,6.0,0.178,9.7777778,0.0,0.0,2.2441,727.06233,0.24729689616130177,0.4400000014400013,0.004999999955000014,0.13000000063000036,1.0000000005557312,0.9999999997544372,0.2604566576883007,0.8645477699628162,0.9999999999776162,1.000000000023005,0.9999999999378631,0.4249999984250012,0.11500000211500032,0.27000000027000076,0.02438022188741271,0.4400000014400013,0.0,0.0,1.0000000003119287,1.000000000330095,0.074127594,1.4332468,4.5721294,4.5721294,-0.11433968,-0.061525857,-0.75612297,-0.074127594,-0.075495784,-0.040909125,-0.073299926,2.2301287,8.4376332,6.2792541,-7.0677242,1.1847121,4.3906306,4.3906306,-0.24723868,0.074127594,971.2497500000002,0.67018263
2237.0,939.09786,9.5555555,0.11111111,2.7777778,5.3983,12.2168,67.718731,8876.5497,89.349,173.879,64.3741,9.3333333,2.5555556,5.8888889,0.178,9.5555555,0.0,0.0,2.2441,727.06233,0.24729689616130168,0.42999999793000127,0.004999999955000014,0.12500000112500034,1.0000000005557306,0.9999999997544369,0.2604566576883007,0.8675436301277939,0.9999999999776166,1.0000000000230052,0.9999999999378631,0.41999999892000117,0.11500000211500032,0.2650000007650008,0.024380221887412703,0.42999999793000127,0.0,0.0,1.0000000003119287,1.000000000330095,0.071968538,1.3760585,4.3525275,4.3525275,-0.10106404,-0.059412771,-0.73899491,-0.071968538,-0.072368617,-0.039647842,-0.070152715,2.1364428,8.0779896,6.0630056,-6.8393297,1.137553,4.1561926,4.1561926,-0.23937416,0.071968538,971.2497500000002,1.0503133
2238.0,939.09786,9.3333333,0.0,2.6666667,5.3983,12.2168,67.718731,8900.9113,89.349,173.879,64.3741,9.1111111,2.4444444,5.8888889,0.182,9.4444444,0.0,0.0,2.2441,727.06233,0.24729689616130168,0.41999999892000117,0.0,0.12000000162000034,1.0000000005557304,0.9999999997544367,0.26045665768830073,0.8699245947608996,0.9999999999776151,1.0000000000230047,0.9999999999378634,0.4099999999100012,0.10999999811000032,0.2650000007650008,0.02492809204218604,0.4249999984250012,0.0,0.0,1.0000000003119294,1.000000000330095,0.069872367,1.3128198,4.139708,4.139708,-0.12806095,-0.062824982,-0.71778612,-0.069872367,-0.068409776,-0.038981889,-0.073090512,2.0322034,7.74141,5.8731248,-6.6013166,1.0854109,3.9295353,3.9295353,-0.22864822,0.069872367,971.2497499999997,0.94485606
2239.0,939.09786,9.1111111,0.0,2.5555556,5.3983,12.2168,67.718731,8979.88,89.349,173.879,64.3741,8.8888889,2.4444444,5.8888889,0.186,9.1111111,0.0,0.0,2.2441,727.06233,0.24729689616130174,0.4099999999100012,0.0,0.11500000211500032,1.0000000005557306,0.9999999997544363,0.26045665768830073,0.8776425476795305,0.9999999999776156,1.0000000000230045,0.9999999999378636,0.4000000009000011,0.10999999811000032,0.2650000007650008,0.025475962196959346,0.4099999999100012,0.0,0.0,1.0000000003119285,1.000000000330095,0.067837249,1.2496253,3.9335354,3.9335354,-0.13898754,-0.061740442,-0.6996826,-0.067837249,-0.070777647,-0.038128952,-0.073843249,1.9311553,7.4236065,5.6988231,-6.3754974,1.0332425,3.7108872,3.7108872,-0.22290806,0.067837249,971.2497500000001,0.75497124
2240.0,897.36996,8.8888889,0.0,2.4444444,5.3983,12.2168,67.718731,9029.7595,89.349,173.879,64.3741,8.6666667,2.3333333,5.8888889,0.186,9.0,0.0,0.0,2.2441,727.06233,0.23630849911253282,0.4000000009000011,0.0,0.10999999811000032,1.0000000005557308,0.9999999997544365,0.2604566576883008,0.8825174871505461,0.9999999999776151,1.000000000023005,0.9999999999378631,0.3900000018900011,0.1049999986050003,0.2650000007650008,0.025475962196959346,0.40500000040500117,0.0,0.0,1.0000000003119291,1.000000000330095,0.06302527,1.1903441,3.7333691,3.7333691,-0.092804629,-0.051633227,-0.68366999,-0.06302527,-0.066607997,-0.036825622,-0.063163046,1.8417773,7.1228801,5.542064,-6.1586455,0.98417659,3.4991275,3.4991275,-0.214135,0.06302527,971.2497500000005,0.79739412
2241.0,939.09786,8.5555555,0.0,2.3333333,5.3983,12.2168,64.99646,9029.7595,89.349,173.879,64.3741,8.2222222,2.3333333,6.0,0.19,8.5555555,0.0,0.0,2.2441,727.06233,0.24729689616130174,0.3849999978850011,0.0,0.1049999986050003,1.0000000005557308,0.9999999997544363,0.24998638461153871,0.8825174871505435,0.9999999999776155,1.0000000000230045,0.9999999999378634,0.369999999370001,0.1049999986050003,0.27000000027000076,0.02602383235173268,0.3849999978850011,0.0,0.0,1.0000000003119294,1.000000000330095,0.06130325,1.1135035,3.5402525,3.5402525,-0.12082529,-0.048260642,-0.66681387,-0.06130325,-0.060760157,-0.035013822,-0.057059968,1.7153858,6.8354224,5.4152667,-5.9377101,0.92081284,3.2951094,3.2951094,-0.20216977,0.06130325,971.2497499999998,0.2661797
2242.0,939.09786,8.0,0.0,2.2222222,5.3983,12.2168,64.99646,8893.3097,89.349,173.879,64.3741,7.6666667,2.2222222,6.0,0.198,8.1111111,0.0,0.0,2.2441,727.06233,0.2472968961613017,0.360000000360001,0.0,0.09999999910000028,1.0000000005557304,0.9999999997544367,0.24998638461153871,0.8691816574844068,0.9999999999776161,1.0000000000230045,0.999999999937863,0.345000001845001,0.09999999910000028,0.27000000027000076,0.0271195726612793,0.36499999986500103,0.0,0.0,1.0000000003119285,1.000000000330095,0.062080693,1.034456,3.3548302,3.3548302,-0.087549507,-0.047035905,-0.64819516,-0.062080693,-0.059832043,-0.033969042,-0.056623132,1.585564,6.5610822,5.2784745,-5.7190156,0.85563758,3.0993466,3.0993466,-0.19688548,0.062080693,971.2497499999995,1.4569266
2243.0,939.09786,7.6666667,0.0,2.1111111,5.3983,12.2168,67.718731,9029.7595,89.349,173.879,64.3741,7.3333333,2.2222222,6.1111111,0.206,7.6666667,0.0,0.0,2.2441,727.06233,0.24729689616130168,0.345000001845001,0.0,0.09499999959500027,1.0000000005557306,0.9999999997544365,0.2604566576883008,0.8825174871505443,0.9999999999776158,1.0000000000230043,0.999999999937863,0.3299999988300009,0.09999999910000028,0.2749999997750008,0.028215312970825933,0.345000001845001,0.0,0.0,1.0000000003119294,1.000000000330095,0.060115587,0.96467422,3.1778542,3.1778542,-0.08074108,-0.048410138,-0.61747644,-0.060115587,-0.059787792,-0.033242682,-0.063976692,1.4768352,6.3010132,5.1773452,-5.4713164,0.79796322,2.912355,2.912355,-0.19567899,0.060115587,971.2497499999998,0.75419984
2244.0,939.09786,7.4444444,0.0,2.0,5.3983,12.2168,67.718731,9000.6894,89.349,173.879,64.3741,7.1111111,2.1111111,6.2222222,0.21,7.4444444,0.0,0.0,2.2441,727.06233,0.24729689616130174,0.33499999833500094,0.0,0.09000000009000025,1.000000000555731,0.9999999997544367,0.2604566576883008,0.8796763404286189,0.9999999999776158,1.0000000000230043,0.9999999999378631,0.3199999998200009,0.09499999959500027,0.2799999992800008,0.028763183125599265,0.33499999833500094,0.0,0.0,1.0000000003119285,1.000000000330095,0.058517007,0.91430994,3.0104021,3.0104021,-0.10682522,-0.043487689,-0.59568846,-0.058517007,-0.059691509,-0.032041586,-0.058329598,1.4074464,6.054449,5.1046714,-5.2484388,0.7561184,2.7351022,2.7351022,-0.18119756,0.058517007,971.2497499999995,1.3649558
2245.0,855.99377,7.2222222,0.0,1.8888889,5.3983,12.2168,67.718731,9108.4658,89.349,173.879,64.3741,7.0,2.1111111,6.3333333,0.218,7.2222222,0.0,0.0,2.2441,727.06233,0.2254127194522744,0.3249999993250009,0.0,0.08500000058500023,1.0000000005557308,0.9999999997544367,0.26045665768830073,0.8902097945812056,0.9999999999776162,1.0000000000230047,0.9999999999378634,0.3150000003150009,0.09499999959500027,0.28499999878500076,0.02985892343514589,0.3249999993250009,0.0,0.0,1.0000000003119287,1.000000000330095,0.051755764,0.87208728,2.8526789,2.8526789,-0.074533589,-0.042229724,-0.57325158,-0.051755764,-0.054006352,-0.030703112,-0.059023643,1.3512464,5.8202414,5.0444586,-5.0358406,0.7209951,2.5678307,2.5678307,-0.17627397,0.051755764,971.24975,0.65442902
2246.0,855.99377,7.1111111,0.0,1.7777778,5.3983,12.2168,67.718731,9165.7067,89.349,173.879,64.3741,7.0,2.0,6.5555555,0.218,7.1111111,0.0,0.0,2.2441,727.06233,0.2254127194522743,0.3199999998200009,0.0,0.08000000108000023,1.0000000005557306,0.9999999997544368,0.2604566576883008,0.8958041955428502,0.9999999999776154,1.0000000000230045,0.9999999999378631,0.3150000003150009,0.09000000009000025,0.2949999977950008,0.029858923435145904,0.3199999998200009,0.0,0.0,1.0000000003119294,1.000000000330095,0.048559036,0.83568897,2.7010719,2.7010719,-0.102345,-0.041260731,-0.56377979,-0.048559036,-0.058016675,-0.030122379,-0.057443066,1.3063131,5.593154,4.9939288,-4.8703269,0.69063658,2.4076198,2.4076198,-0.17243892,0.048559036,971.204773641,-0.0
2247.0,855.99377,7.1111111,0.0,1.6666667,5.3983,12.2168,67.718731,9159.8516,89.349,173.879,64.3741,7.0,2.0,6.7777778,0.222,7.1111111,0.0,0.0,2.2441,727.06233,0.2254127194522744,0.3199999998200009,0.0,0.07500000157500021,1.0000000005557308,0.9999999997544368,0.26045665768830084,0.8952319512722213,0.9999999999776158,1.0000000000230045,0.9999999999378631,0.3150000003150009,0.09000000009000025,0.3050000013050009,0.03040679358991923,0.3199999998200009,0.0,0.0,1.000000000311928,1.000000000330095,0.047914367,0.8086464,2.5581468,2.5581468,-0.1019001,-0.040328802,-0.55448816,-0.047914367,-0.054739139,-0.029469164,-0.053529116,1.2740368,5.3721004,4.9522844,-4.7083716,0.66805567,2.2567255,2.2567255,-0.16324187,0.047914367,971.200750429,-0.0
2248.0,855.99377,7.1111111,0.0,1.5555556,5.3983,12.2168,67.718731,9165.7067,89.349,173.879,64.3741,7.1111111,2.0,7.0,0.23,7.1111111,0.0,0.0,2.2441,727.06233,0.22541271945227437,0.3199999998200009,0.0,0.07000000207000019,1.0000000005557301,0.9999999997544367,0.26045665768830084,0.8958041955428514,0.9999999999776159,1.000000000023005,0.9999999999378631,0.3199999998200009,0.09000000009000025,0.3150000003150009,0.031502533899465855,0.3199999998200009,0.0,0.0,1.0000000003119294,1.000000000330095,0.043951934,0.79183532,2.4254346,2.4254346,-0.098388882,-0.03831487,-0.52952978,-0.043951934,-0.051664743,-0.027783536,-0.050865567,1.2533279,5.1577149,4.9167727,-4.4940468,0.65402894,2.1164166,2.1164166,-0.15701474,0.043951934,971.2497500000002,1.1703804
2249.0,855.99377,7.3333333,0.0,1.4444444,5.3983,12.2168,70.660609,9233.6803,89.349,173.879,64.3741,7.3333333,1.8888889,7.1111111,0.25,7.3333333,0.0,0.0,2.2441,727.06233,0.22541271945227434,0.3299999988300009,0.0,0.06499999806500019,1.0000000005557301,0.9999999997544362,0.2717715730727421,0.9024475497390015,0.9999999999776154,1.000000000023004,0.999999999937863,0.3299999988300009,0.08500000058500023,0.3199999998200009,0.03424188467333246,0.3299999988300009,0.0,0.0,1.0000000003119294,1.000000000330095,0.041950232,0.78288901,2.3012618,2.3012618,-0.06326857,-0.036528132,-0.48221428,-0.041950232,-0.042245916,-0.025474772,-0.041561127,1.2413018,4.9430053,4.8781148,-4.2070258,0.64658981,1.98616,1.98616,-0.13645374,0.041950232,971.2497499999996,2.8165635
2250.0,855.99377,7.5555555,0.0,1.3333333,5.3983,12.2168,73.850062,9173.306,89.349,173.879,64.3741,7.5555555,1.7777778,7.1111111,0.271,7.5555555,0.0,0.0,2.2441,727.06233,0.2254127194522744,0.33999999784000096,0.0,0.05999999856000017,1.0000000005557308,0.9999999997544367,0.2840386999956301,0.8965469080303887,0.9999999999776165,1.0000000000230047,0.9999999999378628,0.33999999784000096,0.08000000108000023,0.3199999998200009,0.037118202985892385,0.33999999784000096,0.0,0.0,1.0000000003119283,1.000000000330095,0.041269114,0.77991385,2.1831726,2.1831726,-0.055703427,-0.034393581,-0.43775854,-0.041269114,-0.045032889,-0.023589957,-0.038577288,1.2379318,4.7220404,4.7188458,-3.9405265,0.64410148,1.8644691,1.8644691,-0.12819321,0.041269114,971.2432906559,-0.0
2251.0,771.84899,7.8888889,0.0,1.3333333,5.3983,12.2168,73.850062,9369.6276,89.349,173.879,64.3741,7.8888889,1.7777778,7.0,0.271,7.8888889,0.0,0.0,2.2441,727.06233,0.20325449312836852,0.35500000085500105,0.0,0.05999999856000017,1.0000000005557304,0.9999999997544367,0.28403869999563014,0.9157342679047429,0.9999999999776166,1.0000000000230052,0.999999999937863,0.35500000085500105,0.08000000108000023,0.3150000003150009,0.03711820298589237,0.35500000085500105,0.0,0.0,1.0000000003119287,1.000000000330095,0.033387754,0.78269562,2.0711224,2.0711224,-0.087316559,-0.03345967,-0.43061735,-0.033387754,-0.043984578,-0.023501139,-0.043702488,1.2423772,4.4983594,4.4983594,-3.8187868,0.64639796,1.7508405,1.7508405,-0.13796985,0.033387754,971.2456171102999,-0.0
2252.0,771.84899,8.2222222,0.0,1.2222222,5.3983,12.2168,73.850062,9434.0236,89.349,173.879,64.3741,8.3333333,1.6666667,6.7777778,0.281,8.2222222,0.0,0.0,2.2441,727.06233,0.20325449312836855,0.369999999370001,0.0,0.05499999905500016,1.0000000005557308,0.9999999997544371,0.28403869999563014,0.9220279677649159,0.9999999999776155,1.0000000000230045,0.9999999999378628,0.374999998875001,0.07500000157500021,0.3050000013050009,0.0384878783728257,0.369999999370001,0.0,0.0,1.0000000003119294,1.000000000330095,0.030106219,0.78623923,1.9605739,1.9605739,-0.086259244,-0.031578151,-0.4103495,-0.030106219,-0.041392869,-0.022049346,-0.041797465,1.2477279,4.2635478,4.2635478,-3.6571359,0.64933082,1.6418183,1.6418183,-0.13281614,0.030106219,971.24975,1.8092752
2253.0,771.84899,8.5555555,0.0,1.1111111,5.3983,12.2168,77.32002,9434.0236,89.349,173.879,64.3741,8.5555555,1.5555556,6.4444444,0.296,8.5555555,0.0,0.0,2.2441,727.06233,0.20325449312836857,0.3849999978850011,0.0,0.04999999955000014,1.0000000005557308,0.9999999997544368,0.29738469230311715,0.9220279677649157,0.9999999999776155,1.0000000000230045,0.9999999999378631,0.3849999978850011,0.07000000207000019,0.28999999829000084,0.040542391453225614,0.3849999978850011,0.0,0.0,1.0000000003119285,1.000000000330095,0.030209894,0.78536127,1.8495029,1.8495029,-0.082009464,-0.029991551,-0.37658172,-0.030209894,-0.038670233,-0.020714583,-0.039224166,1.2448346,4.0136626,4.0136626,-3.4470923,0.64864042,1.5358947,1.5358947,-0.12652699,0.030209894,971.0022602099999,-0.0
2254.0,771.84899,8.8888889,0.0,1.0,5.3983,12.2168,77.32002,9308.8091,89.349,173.879,64.3741,8.8888889,1.3333333,6.1111111,0.301,8.8888889,0.0,0.0,2.2441,727.06233,0.20325449312836852,0.4000000009000011,0.0,0.04500000004500013,1.0000000005557308,0.9999999997544363,0.2973846923031172,0.9097902126071173,0.9999999999776156,1.0000000000230047,0.9999999999378634,0.4000000009000011,0.05999999856000017,0.2749999997750008,0.04122722914669226,0.4000000009000011,0.0,0.0,1.0000000003119294,1.000000000330095,0.033233207,0.78158016,1.7380338,1.7380338,-0.047055794,-0.028940136,-0.36160489,-0.033233207,-0.036800693,-0.019591903,-0.037750918,1.2372067,3.7495416,3.7495416,-3.308457,0.64555622,1.4330636,1.4330636,-0.10953811,0.033233207,970.9202488999999,-0.0
2255.0,855.99377,9.2222222,0.0,0.88888889,5.3983,12.2168,81.109521,9308.8091,89.349,173.879,64.3741,9.2222222,1.2222222,5.7777778,0.321,9.2222222,0.0,0.0,2.2441,727.06233,0.2254127194522744,0.41499999941500115,0.0,0.04000000009000011,1.0000000005557306,0.9999999997544361,0.31195969614904684,0.9097902126071138,0.9999999999776155,1.000000000023005,0.9999999999378631,0.41499999941500115,0.05499999905500016,0.2600000012600007,0.04396657992055889,0.41499999941500115,0.0,0.0,1.0000000003119291,1.000000000330095,0.032611794,0.78360397,1.6279678,1.6279678,-0.043796922,-0.027906855,-0.32915892,-0.032611794,-0.034452858,-0.018323936,-0.035993648,1.2417363,3.4738364,3.4738364,-3.1189781,0.64719822,1.3348186,1.3348186,-0.10358292,0.032611794,971.24975,3.5360081
2256.0,855.99377,9.4444444,0.0,0.77777778,5.3983,12.2168,85.265202,9244.293,89.349,173.879,64.3741,9.3333333,1.0,5.3333333,0.346,9.4444444,0.0,0.0,2.2441,727.06233,0.22541271945227437,0.4249999984250012,0.0,0.0350000001350001,1.0000000005557301,0.9999999997544368,0.32794308461033933,0.903484774854013,0.9999999999776158,1.0000000000230047,0.9999999999378631,0.41999999892000117,0.04500000004500013,0.23999999874000066,0.047390768387892135,0.4249999984250012,0.0,0.0,1.0000000003119283,1.000000000330095,0.032402093,0.77221224,1.5188303,1.5188303,-0.039607784,-0.02607887,-0.2824477,-0.032402093,-0.030996087,-0.015790883,-0.03305009,1.2180501,3.1863661,3.1863661,-2.8921305,0.63791653,1.2406695,1.2406695,-0.096792673,0.032402093,970.74139281,-0.0
2257.0,855.99377,9.6666667,0.0,0.55555555,5.3983,12.2168,81.109521,9233.6803,89.349,173.879,64.3741,9.6666667,0.77777778,4.7777778,0.336,9.6666667,0.0,0.0,2.2441,727.06233,0.2254127194522743,0.43500000193500127,0.0,0.02499999977500007,1.0000000005557306,0.9999999997544365,0.3119596961490469,0.9024475497390023,0.9999999999776156,1.0000000000230045,0.9999999999378631,0.43500000193500127,0.0350000001350001,0.2150000012150006,0.04602109300095882,0.43500000193500127,0.0,0.0,1.0000000003119294,1.000000000330095,0.032513242,0.76909242,1.4103514,1.4103514,-0.039490123,-0.02582736,-0.29219387,-0.032513242,-0.031104091,-0.016506868,-0.033169466,1.2137725,2.8877909,2.8877909,-2.8642336,0.63532972,1.1503271,1.1503271,-0.096184823,0.032513242,970.8018109,-0.0
2258.0,855.99377,10.111111,0.0,0.44444444,5.3983,12.2168,80.722528,9233.6803,89.349,173.879,64.3741,10.111111,0.55555555,4.2222222,0.326,10.111111,0.0,0.0,2.2441,727.06233,0.22541271945227442,0.45499999545500125,0.0,0.019999999820000055,1.0000000005557301,0.9999999997544365,0.3104712615336851,0.9024475497390039,0.9999999999776159,1.000000000023004,0.9999999999378631,0.45499999545500125,0.02499999977500007,0.18999999919000055,0.04465141761402553,0.45499999545500125,0.0,0.0,1.0000000003119285,1.000000000330095,0.032438801,0.77061155,1.3025915,1.3025915,-0.039066145,-0.025676855,-0.30133043,-0.032438801,-0.030903263,-0.017166602,-0.033017652,1.2200256,2.5799468,2.5799468,-2.8324493,0.63649493,1.0635879,1.0635879,-0.095357339,0.032438801,971.0380222699999,-0.0
2259.0,855.99377,10.444444,0.0,0.33333333,5.3983,12.2168,77.32002,9165.7067,89.349,173.879,64.3741,10.444444,0.22222222,3.5555556,0.316,10.444444,0.0,0.0,2.2441,727.06233,0.22541271945227437,0.46999998047000136,0.0,0.014999999865000042,1.0000000005557304,0.9999999997544363,0.2973846923031172,0.8958041955428522,0.9999999999776162,1.0000000000230047,0.9999999999378636,0.46999998047000136,0.009999999910000027,0.16000000216000046,0.04328174222709221,0.46999998047000136,0.0,0.0,1.0000000003119287,1.000000000330095,0.032375281,0.76992819,1.1961109,1.1961109,-0.038948483,-0.025563301,-0.30884145,-0.032375281,-0.030310567,-0.016995235,-0.032437672,1.220897,2.2807193,2.2807193,-2.7832624,0.63587843,0.97867647,0.97867647,-0.09407121,0.032375281,971.24975,0.31173195
2260.0,855.99377,10.777778,0.0,0.11111111,5.3983,12.2168,73.850062,9137.4991,89.349,173.879,64.3741,10.777778,0.0,3.0,0.311,10.777778,0.0,0.0,2.2441,727.06233,0.2254127194522743,0.48500001048500135,0.0,0.004999999955000014,1.0000000005557306,0.9999999997544368,0.2840386999956302,0.8930473446798193,0.9999999999776159,1.0000000000230047,0.9999999999378634,0.48500001048500135,0.0,0.13500000013500038,0.042596904533625565,0.48500001048500135,0.0,0.0,1.0000000003119294,1.000000000330095,0.032627352,0.76856413,1.0911808,1.0911808,-0.038501171,-0.025370517,-0.31479771,-0.032627352,-0.029763537,-0.017437621,-0.031928242,1.2194783,1.9989853,1.9989853,-2.7390963,0.63473992,0.89477218,0.89477218,-0.092982501,0.032627352,971.192156492,-0.0
2261.0,855.99377,11.111111,0.0,0.0,5.3983,12.2168,70.660609,9108.4658,89.349,173.879,64.3741,11.222222,0.0,2.4444444,0.301,11.111111,0.0,0.0,2.2441,727.06233,0.22541271945227437,0.4999999955000014,0.0,0.0,1.0000000005557306,0.9999999997544363,0.2717715730727421,0.8902097945812039,0.9999999999776158,1.0000000000230045,0.9999999999378634,0.5049999905050014,0.0,0.10999999811000032,0.04122722914669228,0.4999999955000014,0.0,0.0,1.0000000003119278,1.000000000330095,0.032830806,0.76583859,0.98700432,0.98700432,-0.038213224,-0.025283251,-0.32546936,-0.032830806,-0.029703889,-0.018151561,-0.031882918,1.2160518,1.735073,1.735073,-2.6995058,0.63246704,0.81109243,0.81109243,-0.092704529,0.032830806,971.1646420259999,-0.0
2262.0,924.14048,11.555556,0.0,0.0,5.3983,12.2168,67.718731,9029.7595,89.349,173.879,64.3741,11.555556,0.0,1.8888889,0.296,11.555556,0.0,0.0,2.2441,727.06233,0.24335810148797013,0.5200000205200015,0.0,0.0,1.0000000005557301,0.9999999997544367,0.2604566576883007,0.8825174871505461,0.9999999999776156,1.000000000023005,0.9999999999378631,0.5200000205200015,0.0,0.08500000058500023,0.040542391453225614,0.5200000205200015,0.0,0.0,1.0000000003119291,1.000000000330095,0.032892416,0.7625635,0.88611147,0.88611147,-0.069694031,-0.025088365,-0.33512455,-0.032892416,-0.035692544,-0.018774482,-0.031761648,1.2082284,1.4900024,1.4900024,-2.6549453,0.62982172,0.72978402,0.72978402,-0.092189119,0.032892416,971.1817500579999,-0.0
2263.0,934.02779,11.777778,0.0,0.0,5.3983,12.2168,67.718731,9029.7595,89.349,173.879,64.3741,11.666667,0.0,1.3333333,0.291,11.777778,0.0,0.0,2.2441,727.06233,0.24596177164688682,0.5300000105300015,0.0,0.0,1.0000000005557304,0.9999999997544363,0.2604566576883008,0.8825174871505423,0.9999999999776154,1.0000000000230045,0.9999999999378634,0.5250000155250015,0.0,0.05999999856000017,0.039857553759758975,0.5300000105300015,0.0,0.0,1.0000000003119291,1.000000000330095,0.031934384,0.7542943,0.78703019,0.78703019,-0.039272318,-0.017558974,-0.34269336,-0.031934384,-0.029580692,-0.018585552,-0.024681581,1.1897545,1.2632758,1.2632758,-2.5928802,0.62311761,0.64962756,0.64962756,-0.078021963,0.031934384,971.24975,0.24991199
2264.0,939.09786,10.888889,0.0,0.0,5.3983,12.2168,64.99646,9029.7595,89.349,173.879,64.3741,10.444444,0.0,0.77777778,0.286,10.888889,0.0,0.0,2.2441,727.06233,0.2472968961613018,0.49000000549000144,0.0,0.0,1.0000000005557306,0.9999999997544365,0.24998638461153855,0.8825174871505467,0.9999999999776165,1.000000000023005,0.999999999937863,0.46999998047000136,0.0,0.0350000001350001,0.039172716066292336,0.49000000549000144,0.0,0.0,1.0000000003119285,1.000000000330095,0.031420933,0.68675875,0.68836466,0.68836466,-0.036710958,-0.016845993,-0.34821488,-0.031420933,-0.028706921,-0.018258663,-0.023816425,1.050267,1.0538617,1.0538617,-2.523679,0.56808779,0.56938852,0.56938852,-0.076164287,0.031420933,971.2026143209999,-0.0
2265.0,939.09786,9.3333333,0.0,0.0,5.3983,12.2168,62.469887,8458.9426,89.349,173.879,64.3741,8.4444444,0.0,0.33333333,0.286,9.4444444,0.0,0.0,2.2441,727.06233,0.2472968961613017,0.41999999892000117,0.0,0.0,1.0000000005557301,0.9999999997544368,0.2402687961501497,0.8267290803595271,0.9999999999776162,1.0000000000230045,0.9999999999378634,0.3799999983800011,0.0,0.014999999865000042,0.0391727160662923,0.4249999984250012,0.0,0.0,1.0000000003119294,1.000000000330095,0.033111342,0.59023326,0.59023326,0.59023326,-0.036240897,-0.016631382,-0.35604961,-0.033111342,-0.028344868,-0.018728656,-0.023475898,0.86153422,0.86153422,0.86153422,-2.4628819,0.48921142,0.48921142,0.48921142,-0.075339791,0.033111342,971.14853006,-0.0
2266.0,855.99377,7.7777778,0.0,0.0,5.3983,12.2168,60.118453,9108.4658,89.349,173.879,64.3741,6.5555555,0.0,0.0,0.281,7.7777778,0.0,0.0,2.2441,727.06233,0.22541271945227434,0.350000001350001,0.0,0.0,1.0000000005557306,0.9999999997544367,0.23122481922721197,0.8902097945812053,0.9999999999776155,1.000000000023004,0.9999999999378631,0.2949999977950008,0.0,0.0,0.0384878783728257,0.350000001350001,0.0,0.0,1.0000000003119296,1.000000000330095,0.028813738,0.49383575,0.49383575,0.49383575,-0.035664341,-0.023643206,-0.36071072,-0.028813738,-0.033989233,-0.019102977,-0.029858651,0.68764164,0.68764164,0.68764164,-2.4039524,0.41009645,0.41009645,0.41009645,-0.087625324,0.028813738,971.2497499999998,0.25648843
2267.0,939.09786,6.0,0.0,0.0,5.3983,12.2168,60.118453,8389.3764,89.349,173.879,64.3741,4.6666667,0.0,0.0,0.291,6.0,0.0,0.0,2.2441,727.06233,0.24729689616130174,0.27000000027000076,0.0,0.0,1.0000000005557308,0.9999999997544368,0.23122481922721191,0.819930074470763,0.9999999999776162,1.0000000000230045,0.9999999999378631,0.2100000017100006,0.0,0.0,0.039857553759758975,0.27000000027000076,0.0,0.0,1.0000000003119287,1.000000000330095,0.031509396,0.396828,0.396828,0.396828,-0.035010827,-0.01641725,-0.36062213,-0.031509396,-0.027494187,-0.018596169,-0.022899559,0.52902877,0.52902877,0.52902877,-2.3010283,0.33007793,0.33007793,0.33007793,-0.073648404,0.031509396,971.2497499999997,0.50284909
2268.0,1016.1346,4.1111111,0.0,0.0,5.3983,12.2168,57.924379,8324.9803,89.349,173.879,64.3741,2.8888889,0.0,0.0,0.296,4.2222222,0.0,0.0,2.2441,727.06233,0.2675833300931022,0.1849999996850005,0.0,0.0,1.0000000005557308,0.9999999997544367,0.22278607307349554,0.813636364837159,0.9999999999776165,1.0000000000230047,0.9999999999378638,0.13000000063000036,0.0,0.0,0.04054239145322562,0.18999999919000055,0.0,0.0,1.0000000003119294,1.000000000330095,0.033056256,0.30131647,0.30131647,0.30131647,-0.034348037,-0.015663733,-0.36116559,-0.033056256,-0.032651442,-0.018800796,-0.028777814,0.38790396,0.38790396,0.38790396,-2.2135422,0.25095976,0.25095976,0.25095976,-0.071606691,0.033056256,971.2497499999998,0.22955311
2269.0,1021.1613,2.3333333,0.0,0.0,5.3983,12.2168,55.872216,8324.9803,89.349,173.879,64.3741,1.3333333,0.0,0.0,0.296,2.3333333,0.0,0.0,2.2441,727.06233,0.268907033788832,0.1049999986050003,0.0,0.0,1.000000000555731,0.9999999997544362,0.2148931384582324,0.813636364837156,0.9999999999776156,1.0000000000230045,0.999999999937863,0.05999999856000017,0.0,0.0,0.04054239145322564,0.1049999986050003,0.0,0.0,1.0000000003119287,1.000000000330095,0.032264909,0.20926715,0.20926715,0.20926715,-0.034081352,-0.015561754,-0.36801178,-0.032264909,-0.032812878,-0.019375525,-0.029011572,0.26580706,0.26580706,0.26580706,-2.1420171,0.17438281,0.17438281,0.17438281,-0.071194346,0.032264909,970.96070899,-0.0
2270.0,1021.1613,0.66666667,0.0,0.0,5.3983,12.2168,53.948473,8257.0067,89.349,173.879,64.3741,0.0,0.0,0.0,0.301,0.66666667,0.0,0.0,2.2441,727.06233,0.2689070337888321,0.030000000180000087,0.0,0.0,1.0000000005557304,0.9999999997544365,0.20749412691988478,0.8069930106410061,0.9999999999776154,1.0000000000230047,0.999999999937863,0.0,0.0,0.0,0.041227229146692274,0.030000000180000087,0.0,0.0,1.0000000003119287,1.000000000330095,0.031873699,0.13077613,0.13077613,0.13077613,-0.034067844,-0.015555587,-0.37683515,-0.031873699,-0.026631229,-0.018710817,-0.022181873,0.16594698,0.16594698,0.16594698,-2.071686,0.10898011,0.10898011,0.10898011,-0.057783203,0.031873699,970.5324061299999,-0.0
2271.0,1021.1613,0.0,0.0,0.0,5.3983,12.2168,52.141315,8257.0067,89.349,173.879,64.3741,0.0,0.0,0.0,0.306,0.0,0.0,0.0,2.2441,727.06233,0.268907033788832,0.0,0.0,0.0,1.0000000005557308,0.9999999997544362,0.200543519227684,0.8069930106410043,0.9999999999776158,1.0000000000230043,0.9999999999378636,0.0,0.0,0.0,0.04191206684015894,0.0,0.0,0.0,1.0000000003119294,1.000000000330095,0.031516214,0.070862442,0.070862442,0.070862442,-0.03406109,-0.015549419,-0.38331974,-0.031516214,-0.026235996,-0.01865712,-0.021749335,0.089920145,0.089920145,0.089920145,-1.9893689,0.059052035,0.059052035,0.059052035,-0.056925562,0.031516214,971.24975,0.017894619
2272.0,1021.1613,0.0,0.0,0.0,5.3983,12.2168,50.44032,8257.0067,89.349,173.879,64.3741,0.0,0.0,0.0,0.316,0.0,0.0,0.0,2.2441,727.06233,0.2689070337888321,0.0,0.0,0.0,1.0000000005557306,0.9999999997544365,0.19400123076624604,0.8069930106410056,0.9999999999776158,1.000000000023004,0.9999999999378634,0.0,0.0,0.0,0.04328174222709224,0.0,0.0,0.0,1.0000000003119285,1.000000000330095,0.030604115,0.029600271,0.029600271,0.029600271,-0.034040827,-0.01554171,-0.38650713,-0.030604115,-0.026219089,-0.019346227,-0.02173496,0.03756095,0.03756095,0.03756095,-1.8951402,0.024666893,0.024666893,0.024666893,-0.056894518,0.030604115,970.47359072,-0.0
2273.0,1021.1613,0.0,0.0,0.0,5.3983,12.2168,50.44032,8324.9803,89.349,173.879,64.3741,0.0,0.0,0.0,0.336,0.0,0.0,0.0,2.2441,727.06233,0.2689070337888321,0.0,0.0,0.0,1.0000000005557301,0.9999999997544367,0.19400123076624612,0.8136363648371585,0.9999999999776162,1.0000000000230052,0.9999999999378634,0.0,0.0,0.0,0.04602109300095881,0.0,0.0,0.0,1.0000000003119287,1.000000000330095,0.028729568,0.0064498311,0.0064498311,0.0064498311,-0.027631015,-0.014078476,-0.38503275,-0.028729568,-0.026219089,-0.018757947,-0.022417067,0.0081844448,0.0081844448,0.0081844448,-1.7835644,0.0053748593,0.0053748593,0.0053748593,-0.05421624,0.028729568,970.0099673,-0.0
2274.0,686.66351,0.0,0.0,0.0,5.3983,12.2168,48.83627,9748.8489,89.349,173.879,64.3741,0.0,0.0,0.0,0.361,0.0,0.0,0.0,2.2441,727.06233,0.18082221455623906,0.0,0.0,0.0,1.00000000055573,0.9999999997544363,0.187831807689418,0.9527972072609875,0.9999999999776162,1.000000000023005,0.9999999999378634,0.0,0.0,0.0,0.049445281468292065,0.0,0.0,0.0,1.0000000003119294,1.000000000330095,0.0098787729,0.00030175187,0.00030175187,0.00030175187,-0.027232662,-0.013255922,-0.37619358,-0.0098787729,-0.02498484,-0.018086759,-0.021095244,0.00038290484,0.00038290484,0.00038290484,-1.6454744,0.0002514599,0.0002514599,0.0002514599,-0.051371514,0.0098787729,970.0216792,-0.0
2275.0,,,,,,,,,,,,,,,,,,,,,,,,,,,,,,,,,,,,,,,,,,,,,,,,,,,,,,,,,,,,,969.3082778999999,-0.0
2276.0,,,,,,,,,,,,,,,,,,,,,,,,,,,,,,,,,,,,,,,,,,,,,,,,,,,,,,,,,,,,,968.9193141,-0.0
2277.0,,,,,,,,,,,,,,,,,,,,,,,,,,,,,,,,,,,,,,,,,,,,,,,,,,,,,,,,,,,,,968.9891494999999,-0.0
2278.0,,,,,,,,,,,,,,,,,,,,,,,,,,,,,,,,,,,,,,,,,,,,,,,,,,,,,,,,,,,,,971.2497500000002,8.4910774
2279.0,,,,,,,,,,,,,,,,,,,,,,,,,,,,,,,,,,,,,,,,,,,,,,,,,,,,,,,,,,,,,971.24975,0.52769929
2280.0,,,,,,,,,,,,,,,,,,,,,,,,,,,,,,,,,,,,,,,,,,,,,,,,,,,,,,,,,,,,,953.921783,-0.0
2281.0,,,,,,,,,,,,,,,,,,,,,,,,,,,,,,,,,,,,,,,,,,,,,,,,,,,,,,,,,,,,,936.266088,-0.0
2282.0,,,,,,,,,,,,,,,,,,,,,,,,,,,,,,,,,,,,,,,,,,,,,,,,,,,,,,,,,,,,,918.8734649999999,-0.0
2283.0,,,,,,,,,,,,,,,,,,,,,,,,,,,,,,,,,,,,,,,,,,,,,,,,,,,,,,,,,,,,,902.309859,-0.0
2284.0,,,,,,,,,,,,,,,,,,,,,,,,,,,,,,,,,,,,,,,,,,,,,,,,,,,,,,,,,,,,,886.165896,-0.0
2285.0,,,,,,,,,,,,,,,,,,,,,,,,,,,,,,,,,,,,,,,,,,,,,,,,,,,,,,,,,,,,,869.95661,-0.0
2286.0,,,,,,,,,,,,,,,,,,,,,,,,,,,,,,,,,,,,,,,,,,,,,,,,,,,,,,,,,,,,,855.3274299999999,-0.0
2287.0,,,,,,,,,,,,,,,,,,,,,,,,,,,,,,,,,,,,,,,,,,,,,,,,,,,,,,,,,,,,,845.11438,-0.0
2288.0,,,,,,,,,,,,,,,,,,,,,,,,,,,,,,,,,,,,,,,,,,,,,,,,,,,,,,,,,,,,,831.11176,-0.0
2289.0,,,,,,,,,,,,,,,,,,,,,,,,,,,,,,,,,,,,,,,,,,,,,,,,,,,,,,,,,,,,,819.59493,-0.0
2290.0,,,,,,,,,,,,,,,,,,,,,,,,,,,,,,,,,,,,,,,,,,,,,,,,,,,,,,,,,,,,,809.05594,-0.0
2291.0,,,,,,,,,,,,,,,,,,,,,,,,,,,,,,,,,,,,,,,,,,,,,,,,,,,,,,,,,,,,,798.9080899999999,-0.0
2292.0,,,,,,,,,,,,,,,,,,,,,,,,,,,,,,,,,,,,,,,,,,,,,,,,,,,,,,,,,,,,,789.55755,-0.0
2293.0,,,,,,,,,,,,,,,,,,,,,,,,,,,,,,,,,,,,,,,,,,,,,,,,,,,,,,,,,,,,,780.02951,-0.0
2294.0,,,,,,,,,,,,,,,,,,,,,,,,,,,,,,,,,,,,,,,,,,,,,,,,,,,,,,,,,,,,,771.36281,-0.0
2295.0,,,,,,,,,,,,,,,,,,,,,,,,,,,,,,,,,,,,,,,,,,,,,,,,,,,,,,,,,,,,,763.94697,-0.0
2296.0,,,,,,,,,,,,,,,,,,,,,,,,,,,,,,,,,,,,,,,,,,,,,,,,,,,,,,,,,,,,,756.86941,-0.0
2297.0,,,,,,,,,,,,,,,,,,,,,,,,,,,,,,,,,,,,,,,,,,,,,,,,,,,,,,,,,,,,,750.34233,-0.0
2298.0,,,,,,,,,,,,,,,,,,,,,,,,,,,,,,,,,,,,,,,,,,,,,,,,,,,,,,,,,,,,,744.34448,-0.0
2299.0,,,,,,,,,,,,,,,,,,,,,,,,,,,,,,,,,,,,,,,,,,,,,,,,,,,,,,,,,,,,,738.18777,-0.0
2300.0,,,,,,,,,,,,,,,,,,,,,,,,,,,,,,,,,,,,,,,,,,,,,,,,,,,,,,,,,,,,,735.7781699999999,-0.0
2301.0,,,,,,,,,,,,,,,,,,,,,,,,,,,,,,,,,,,,,,,,,,,,,,,,,,,,,,,,,,,,,733.7689899999999,-0.0
2302.0,,,,,,,,,,,,,,,,,,,,,,,,,,,,,,,,,,,,,,,,,,,,,,,,,,,,,,,,,,,,,732.55112,-0.0
2303.0,,,,,,,,,,,,,,,,,,,,,,,,,,,,,,,,,,,,,,,,,,,,,,,,,,,,,,,,,,,,,732.04486,-0.0
2304.0,,,,,,,,,,,,,,,,,,,,,,,,,,,,,,,,,,,,,,,,,,,,,,,,,,,,,,,,,,,,,732.1525899999999,-0.0
2305.0,,,,,,,,,,,,,,,,,,,,,,,,,,,,,,,,,,,,,,,,,,,,,,,,,,,,,,,,,,,,,732.80702,-0.0
2306.0,,,,,,,,,,,,,,,,,,,,,,,,,,,,,,,,,,,,,,,,,,,,,,,,,,,,,,,,,,,,,734.3060399999999,-0.0
2307.0,,,,,,,,,,,,,,,,,,,,,,,,,,,,,,,,,,,,,,,,,,,,,,,,,,,,,,,,,,,,,736.3237999999999,-0.0
2308.0,,,,,,,,,,,,,,,,,,,,,,,,,,,,,,,,,,,,,,,,,,,,,,,,,,,,,,,,,,,,,739.1219699999999,-0.0
2309.0,,,,,,,,,,,,,,,,,,,,,,,,,,,,,,,,,,,,,,,,,,,,,,,,,,,,,,,,,,,,,742.39739,-0.0
2310.0,,,,,,,,,,,,,,,,,,,,,,,,,,,,,,,,,,,,,,,,,,,,,,,,,,,,,,,,,,,,,746.77206,-0.0
2311.0,,,,,,,,,,,,,,,,,,,,,,,,,,,,,,,,,,,,,,,,,,,,,,,,,,,,,,,,,,,,,752.0753199999999,-0.0
2312.0,,,,,,,,,,,,,,,,,,,,,,,,,,,,,,,,,,,,,,,,,,,,,,,,,,,,,,,,,,,,,758.0834699999999,-0.0
2313.0,,,,,,,,,,,,,,,,,,,,,,,,,,,,,,,,,,,,,,,,,,,,,,,,,,,,,,,,,,,,,764.91455,-0.0
2314.0,,,,,,,,,,,,,,,,,,,,,,,,,,,,,,,,,,,,,,,,,,,,,,,,,,,,,,,,,,,,,772.09008,-0.0
2315.0,,,,,,,,,,,,,,,,,,,,,,,,,,,,,,,,,,,,,,,,,,,,,,,,,,,,,,,,,,,,,779.5683999999999,-0.0
2316.0,,,,,,,,,,,,,,,,,,,,,,,,,,,,,,,,,,,,,,,,,,,,,,,,,,,,,,,,,,,,,787.9454999999999,-0.0
2317.0,,,,,,,,,,,,,,,,,,,,,,,,,,,,,,,,,,,,,,,,,,,,,,,,,,,,,,,,,,,,,796.9223099999999,-0.0
2318.0,,,,,,,,,,,,,,,,,,,,,,,,,,,,,,,,,,,,,,,,,,,,,,,,,,,,,,,,,,,,,806.3599099999999,-0.0
2319.0,,,,,,,,,,,,,,,,,,,,,,,,,,,,,,,,,,,,,,,,,,,,,,,,,,,,,,,,,,,,,816.0317799999999,-0.0
2320.0,,,,,,,,,,,,,,,,,,,,,,,,,,,,,,,,,,,,,,,,,,,,,,,,,,,,,,,,,,,,,826.30103,-0.0
