Tau search, disc 0.03, temp0 971.25, tau 1.7, ffi removal, Wpt fitted, 2025-2125. Solve status Optimal. Total revenue 0.038621993613384475
Year,Agriculture mtC,Black_walnut_10 mhectares,Black_walnut_150 mhectares,Black_walnut_55 mhectares,C2F6 kt,CF4 kt,CH4 mt,Carbon mtC,HFC125 kt,HFC134a kt,HFC143a kt,Loblolly_pine_10 mhectares,Loblolly_pine_150 mhectares,Loblolly_pine_24 mhectares,N2O mt,Ponderosa_pine_10 mhectares,Ponderosa_pine_103 mhectares,Ponderosa_pine_150 mhectares,SF6 kt,Seaweed mt,Agriculture % max bid,Black_walnut_10 % max bid,Black_walnut_150 % max bid,Black_walnut_55 % max bid,C2F6 % max bid,CF4 % max bid,CH4 % max bid,Carbon % max bid,HFC125 % max bid,HFC134a % max bid,HFC143a % max bid,Loblolly_pine_10 % max bid,Loblolly_pine_150 % max bid,Loblolly_pine_24 % max bid,N2O % max bid,Ponderosa_pine_10 % max bid,Ponderosa_pine_103 % max bid,Ponderosa_pine_150 % max bid,SF6 % max bid,Seaweed % max bid,Agriculture $M/mtC,Black_walnut_10 $M/mhectares,Black_walnut_150 $M/mhectares,Black_walnut_55 $M/mhectares,C2F6 $M/kt,CF4 $M/kt,CH4 $M/mt,Carbon $M/mtC,HFC125 $M/kt,HFC134a $M/kt,HFC143a $M/kt,Loblolly_pine_10 $M/mhectares,Loblolly_pine_150 $M/mhectares,Loblolly_pine_24 $M/mhectares,N2O $M/mt,Ponderosa_pine_10 $M/mhectares,Ponderosa_pine_103 $M/mhectares,Ponderosa_pine_150 $M/mhectares,SF6 $M/kt,Seaweed $M/mt,temp change,Capt pi
2025.0,600.43735,1.0,0.88888889,1.2222222,5.3983,12.2168,154.83028,9816.8225,89.349,173.879,64.3741,1.0,1.2222222,1.1111111,0.636,1.0,1.6666667,0.77777778,2.2441,727.06233,0.15811588900257656,0.04500000004500013,0.04000000009000011,0.05499999905500016,1.0000000005557308,0.9999999997544365,0.5955010769139154,0.9594405614571397,0.9999999999776161,1.0000000000230052,0.9999999999378634,0.04500000004500013,0.05499999905500016,0.04999999955000014,0.08711135460895779,0.04500000004500013,0.07500000157500021,0.0350000001350001,1.000000000311929,1.000000000330095,8.6161004,208.48821,3000.1898,1634.5242,-51.750124,-23.759849,-27.27676,-13.687365,-4.8619445,-1.6541113,-10.618609,330.5853,3131.4395,1354.0016,-1652.2534,172.1905,4982.7484,5093.2594,-97.14422,8.6161004,974.0547219,.
2026.0,600.43735,1.1111111,0.88888889,1.3333333,5.3983,12.2168,154.83028,9748.8489,89.349,173.879,64.3741,1.1111111,1.3333333,1.2222222,0.616,1.1111111,1.7777778,0.88888889,2.2441,727.06233,0.15811588900257656,0.04999999955000014,0.04000000009000011,0.05999999856000017,1.0000000005557297,0.9999999997544368,0.5955010769139152,0.9527972072609879,0.9999999999776155,1.000000000023005,0.9999999999378631,0.04999999955000014,0.05999999856000017,0.05499999905500016,0.0843720038350912,0.04999999955000014,0.08000000108000023,0.04000000009000011,1.000000000311929,1.000000000330095,8.6216141,208.54841,2989.7632,1639.9265,-51.674811,-23.725397,-27.281836,-13.694987,-4.847023,-1.6531553,-5.5381151,330.68152,3138.9156,1359.0842,-1660.8782,172.2402,4940.9787,5050.4377,-87.183451,8.6216141,978.948712,.
2027.0,600.43735,1.2222222,1.0,1.5555556,5.3983,12.2168,154.83028,9748.8489,89.349,173.879,64.3741,1.2222222,1.4444444,1.3333333,0.589,1.2222222,1.8888889,1.0,2.2441,727.06233,0.1581158890025766,0.05499999905500016,0.04500000004500013,0.07000000207000019,1.0000000005557308,0.9999999997544368,0.5955010769139153,0.9527972072609854,0.9999999999776161,1.0000000000230045,0.999999999937863,0.05499999905500016,0.06499999806500019,0.05999999856000017,0.08067388029037129,0.05499999905500016,0.08500000058500023,0.04500000004500013,1.0000000003119291,1.000000000330095,8.6262039,208.60788,2979.1021,1645.3275,-51.883081,-23.766455,-27.690254,-13.701223,-4.8624036,-1.6587302,-10.667983,330.77514,3146.6945,1364.2134,-1669.5289,172.28933,4898.3826,5006.7286,-97.190405,8.6262039,985.115366,.
2028.0,600.43735,1.3333333,1.1111111,1.6666667,5.3983,12.2168,154.83028,9748.8489,89.349,173.879,64.3741,1.3333333,1.5555556,1.5555556,0.571,1.3333333,1.8888889,1.0,2.2441,727.06233,0.1581158890025766,0.05999999856000017,0.04999999955000014,0.07500000157500021,1.000000000555731,0.9999999997544365,0.5955010769139153,0.9527972072609869,0.9999999999776162,1.0000000000230045,0.9999999999378634,0.05999999856000017,0.07000000207000019,0.07000000207000019,0.07820846459389129,0.05999999856000017,0.08500000058500023,0.04500000004500013,1.000000000311928,1.000000000330095,8.6277675,208.66659,2968.2,1651.0577,-51.706463,-23.774282,-27.89786,-13.703244,-4.861306,-1.6585622,-10.673611,330.86692,3154.7714,1369.3972,-1678.1581,172.33786,4855.1397,4962.2889,-97.167849,8.6277675,992.0287189999999,.
2029.0,600.43735,1.4444444,1.2222222,1.7777778,5.3983,12.2168,154.83028,9748.8489,89.349,173.879,64.3741,1.4444444,1.7777778,1.6666667,0.547,1.4444444,2.0,1.1111111,2.2441,727.06233,0.1581158890025766,0.06499999806500019,0.05499999905500016,0.08000000108000023,1.0000000005557308,0.9999999997544365,0.5955010769139155,0.9527972072609843,0.9999999999776156,1.0000000000230045,0.9999999999378636,0.06499999806500019,0.08000000108000023,0.07500000157500021,0.07492124366525144,0.06499999806500019,0.09000000009000025,0.04999999955000014,1.0000000003119291,1.000000000330095,8.6297771,208.72683,2957.0263,1657.3991,-51.654263,-29.166089,-28.304688,-13.705868,-9.4404921,-2.1801759,-10.653707,330.96198,3162.9807,1374.4568,-1686.6974,172.38762,4811.3175,4917.2005,-97.142641,8.6297771,1007.577289,.
2030.0,600.43735,1.6666667,1.3333333,1.8888889,5.3983,12.2168,154.83028,9748.8489,89.349,173.879,64.3741,1.6666667,1.8888889,1.7777778,0.531,1.6666667,2.1111111,1.1111111,2.2441,727.06233,0.15811588900257656,0.07500000157500021,0.05999999856000017,0.08500000058500023,1.0000000005557304,0.9999999997544363,0.5955010769139153,0.9527972072609865,0.9999999999776158,1.0000000000230043,0.9999999999378631,0.07500000157500021,0.08500000058500023,0.08000000108000023,0.07272976304615812,0.07500000157500021,0.09499999959500027,0.04999999955000014,1.0000000003119285,1.000000000330095,8.6310176,209.27737,2945.6029,1664.1625,-51.607135,-23.691937,-28.310417,-13.707466,-4.8550554,-1.6534842,-10.605172,332.08018,3171.1046,1379.2128,-1687.0058,172.83667,4766.9695,4871.4477,-97.032558,8.6310176,1041.9916779999999,.
2031.0,600.43735,1.7777778,1.4444444,2.1111111,5.3983,12.2168,154.83028,9691.6079,89.349,173.879,64.3741,1.7777778,2.0,1.8888889,0.507,1.7777778,2.2222222,1.2222222,2.2441,727.06233,0.15811588900257656,0.08000000108000023,0.06499999806500019,0.09499999959500027,1.0000000005557308,0.9999999997544367,0.5955010769139154,0.9472027965259067,0.9999999999776156,1.0000000000230045,0.9999999999378631,0.08000000108000023,0.09000000009000025,0.08500000058500023,0.06944254211751821,0.08000000108000023,0.09999999910000028,0.05499999905500016,1.0000000003119287,1.000000000330095,8.6333263,209.84608,2933.9293,1671.2891,-51.666821,-29.206549,-28.718886,-13.710562,-9.4638821,-2.1831715,-15.768882,333.16074,3179.129,1383.6612,-1695.7367,173.30206,4722.0163,4825.0195,-97.162224,8.6333263,1078.0981,.
2032.0,600.43735,1.8888889,1.5555556,2.2222222,5.3983,12.2168,154.83028,9691.6079,89.349,173.879,64.3741,1.8888889,2.1111111,2.0,0.493,1.8888889,2.3333333,1.3333333,2.2441,727.06233,0.15811588900257656,0.08500000058500023,0.07000000207000019,0.09999999910000028,1.0000000005557308,0.9999999997544369,0.5955010769139152,0.947202796525907,0.999999999977615,1.0000000000230045,0.9999999999378631,0.08500000058500023,0.09499999959500027,0.09000000009000025,0.06752499657581164,0.08500000058500023,0.1049999986050003,0.05999999856000017,1.0000000003119294,1.000000000330095,8.6374697,210.40745,2922.0158,1678.6302,-51.701827,-23.692168,-28.925772,-13.716074,-4.8396201,-1.6554019,-10.662531,334.14712,3187.0578,1387.8001,-1695.9806,173.76343,4676.4756,4777.9376,-97.0225,8.6374697,1114.96437,.
2033.0,600.43735,2.0,1.5555556,2.4444444,5.3983,12.2168,154.83028,9691.6079,89.349,173.879,64.3741,2.0,2.3333333,2.2222222,0.472,2.0,2.3333333,1.3333333,2.2441,727.06233,0.15811588900257656,0.09000000009000025,0.07000000207000019,0.10999999811000032,1.0000000005557308,0.9999999997544365,0.5955010769139155,0.9472027965259074,0.9999999999776162,1.000000000023005,0.9999999999378631,0.09000000009000025,0.1049999986050003,0.09999999910000028,0.06464867826325169,0.09000000009000025,0.1049999986050003,0.05999999856000017,1.0000000003119294,1.000000000330095,8.6396707,210.96258,2909.8523,1686.4883,-51.630382,-29.165677,-29.33465,-13.719026,-9.4519139,-2.1806751,-15.744846,335.04063,3194.9076,1391.6371,-1704.6374,174.22172,4630.3689,4730.218,-97.050961,8.6396707,1151.9746499999999,.
2034.0,600.43735,2.2222222,1.6666667,2.5555556,5.3983,12.2168,154.83028,9691.6079,89.349,173.879,64.3741,2.2222222,2.4444444,2.3333333,0.451,2.2222222,2.4444444,1.4444444,2.2441,727.06233,0.15811588900257656,0.09999999910000028,0.07500000157500021,0.11500000211500032,1.0000000005557304,0.9999999997544367,0.5955010769139153,0.9472027965259073,0.9999999999776159,1.000000000023005,0.9999999999378631,0.09999999910000028,0.10999999811000032,0.1049999986050003,0.06177235995069174,0.09999999910000028,0.10999999811000032,0.06499999806500019,1.0000000003119285,1.000000000330095,8.6422386,212.0786,2897.4482,1695.0132,-51.709324,-29.212833,-29.542958,-13.722449,-9.4860569,-2.1854607,-15.787939,337.02443,3202.6926,1395.1684,-1713.2991,175.13843,4583.7275,4681.876,-97.0337,8.6422386,1189.1997099999999,.
2035.0,600.43735,2.3333333,1.7777778,2.7777778,5.3983,12.2168,154.83028,9634.367,89.349,173.879,64.3741,2.3333333,2.5555556,2.5555556,0.432,2.3333333,2.5555556,1.5555556,2.2441,727.06233,0.15811588900257662,0.1049999986050003,0.08000000108000023,0.12500000112500034,1.000000000555731,0.9999999997544367,0.5955010769139152,0.9416083955642587,0.9999999999776159,1.0000000000230045,0.999999999937863,0.1049999986050003,0.11500000211500032,0.11500000211500032,0.05916997671551852,0.1049999986050003,0.11500000211500032,0.07000000207000019,1.0000000003119294,1.000000000330095,8.6444221,213.78653,2884.7907,1704.103,-51.679505,-23.744212,-29.751098,-13.725368,-9.4671284,-2.1818575,-10.711065,340.07576,3210.4026,1398.3959,-1713.6642,176.54096,4536.5357,4632.9324,-97.046964,8.6444221,1226.9182,.
2036.0,600.43735,2.5555556,1.8888889,2.8888889,5.3983,12.2168,154.83028,9634.367,89.349,173.879,64.3741,2.5555556,2.7777778,2.6666667,0.414,2.5555556,2.6666667,1.5555556,2.2441,727.06233,0.15811588900257656,0.11500000211500032,0.08500000058500023,0.13000000063000036,1.0000000005557315,0.9999999997544368,0.5955010769139153,0.9416083955642607,0.9999999999776155,1.0000000000230045,0.9999999999378631,0.11500000211500032,0.12500000112500034,0.12000000162000034,0.05670456101903852,0.11500000211500032,0.12000000162000034,0.07000000207000019,1.0000000003119285,1.000000000330095,8.6472085,215.38691,2871.7214,1713.5192,-51.604354,-23.716021,-29.958292,-13.729067,-4.8797116,-1.6603288,-10.680934,342.79418,3218.1222,1401.2821,-1714.0744,177.85833,4488.6299,4583.1232,-87.121388,8.6472085,1262.6481899999999,.
2037.0,600.43735,2.6666667,2.0,3.1111111,5.3983,12.2168,154.83028,9634.367,89.349,173.879,64.3741,2.7777778,2.8888889,2.7777778,0.39,2.6666667,2.7777778,1.6666667,2.2441,727.06233,0.1581158890025766,0.12000000162000034,0.09000000009000025,0.1399999996400004,1.0000000005557304,0.9999999997544367,0.5955010769139154,0.9416083955642605,0.9999999999776155,1.0000000000230045,0.9999999999378638,0.12500000112500034,0.13000000063000036,0.12500000112500034,0.05341734009039865,0.12000000162000034,0.12500000112500034,0.07500000157500021,1.0000000003119287,1.000000000330095,8.6493356,216.87542,2858.1393,1722.906,-51.638687,-23.659331,-30.36635,-13.731902,-9.4607838,-2.1805146,-15.750398,345.17823,3225.839,1403.828,-1730.8599,179.08727,4440.2094,4532.6769,-96.984537,8.6493356,1295.12716,.
2038.0,600.43735,2.8888889,2.1111111,3.3333333,5.3983,12.2168,154.83028,9555.6607,89.349,173.879,64.3741,2.8888889,3.1111111,3.0,0.372,2.8888889,2.8888889,1.7777778,2.2441,727.06233,0.15811588900257662,0.13000000063000036,0.09499999959500027,0.14999999865000044,1.0000000005557308,0.9999999997544368,0.5955010769139154,0.9339160881336008,0.9999999999776154,1.0000000000230047,0.9999999999378634,0.13000000063000036,0.1399999996400004,0.13500000013500038,0.050951924393918685,0.13000000063000036,0.13000000063000036,0.08000000108000023,1.0000000003119291,1.000000000330095,8.6513555,218.25286,2844.0056,1732.2134,-51.669174,-23.681677,-30.574244,-13.734596,-4.8821192,-1.6593243,-10.702832,347.22982,3233.6026,1406.0321,-1731.2603,180.22802,4391.3723,4481.7294,-97.028038,8.6513555,1331.48668,.
2039.0,600.43735,3.1111111,2.2222222,3.5555556,5.3983,12.2168,154.83028,9555.6607,89.349,173.879,64.3741,3.1111111,3.3333333,3.1111111,0.356,3.1111111,3.0,1.7777778,2.2441,727.06233,0.15811588900257656,0.1399999996400004,0.09999999910000028,0.16000000216000046,1.0000000005557308,0.9999999997544367,0.5955010769139155,0.9339160881336005,0.9999999999776156,1.0000000000230052,0.9999999999378631,0.1399999996400004,0.14999999865000044,0.1399999996400004,0.048760443774825406,0.1399999996400004,0.13500000013500038,0.08000000108000023,1.000000000311929,1.000000000330095,8.6542221,219.51895,2829.2996,1741.4372,-51.654901,-23.681899,-30.982719,-13.738386,-9.4963042,-2.1803306,-15.774508,348.94845,3241.2806,1407.8955,-1739.8396,181.28032,4342.0676,4430.2047,-96.971241,8.6542221,1365.42966,.
2040.0,600.43735,3.3333333,2.3333333,3.6666667,5.3983,12.2168,154.83028,9555.6607,89.349,173.879,64.3741,3.3333333,3.4444444,3.3333333,0.336,3.3333333,3.1111111,1.8888889,2.2441,727.06233,0.15811588900257656,0.14999999865000044,0.1049999986050003,0.16500000166500048,1.0000000005557301,0.9999999997544369,0.5955010769139151,0.9339160881336006,0.9999999999776155,1.0000000000230047,0.9999999999378631,0.14999999865000044,0.15499999815500043,0.14999999865000044,0.04602109300095883,0.14999999865000044,0.1399999996400004,0.08500000058500023,1.0000000003119294,1.000000000330095,8.8140595,220.5722,2813.9352,1750.4758,-51.584124,-23.695687,-31.191673,-13.99442,-4.8603628,-1.6593522,-10.70583,350.29818,3248.9402,1409.3881,-1740.2384,182.15772,4292.2085,4378.0503,-86.985293,8.8140595,1398.3758,.
2041.0,600.43735,3.4444444,2.4444444,3.8888889,5.3983,12.2168,142.19242,9494.8422,89.349,173.879,64.3741,3.4444444,3.6666667,3.5555556,0.316,3.4444444,3.1111111,2.0,2.2441,727.06233,0.15811588900257656,0.15499999815500043,0.10999999811000032,0.1750000006750005,1.0000000005557308,0.9999999997544369,0.5468939230685095,0.9279720328359744,0.9999999999776162,1.0000000000230045,0.999999999937863,0.15499999815500043,0.16500000166500048,0.16000000216000046,0.04328174222709222,0.15499999815500043,0.1399999996400004,0.09000000009000025,1.0000000003119285,1.000000000330095,8.8241474,221.39584,2797.891,1759.3118,-51.577711,-23.700555,-31.800902,-14.010191,-9.4899878,-2.1847846,-15.776738,351.35533,3256.741,1410.5943,-1748.9093,182.8438,4241.8176,4325.2435,-96.954351,8.8241474,1430.43574,.
2042.0,686.66351,3.6666667,2.5555556,4.1111111,5.3983,12.2168,142.19242,9494.8422,89.349,173.879,64.3741,3.6666667,3.8888889,3.6666667,0.296,3.6666667,3.2222222,2.0,2.2441,727.06233,0.18082221455623906,0.16500000166500048,0.11500000211500032,0.1849999996850005,1.0000000005557312,0.9999999997544363,0.5468939230685093,0.9279720328359747,0.9999999999776159,1.0000000000230047,0.9999999999378634,0.16500000166500048,0.1750000006750005,0.16500000166500048,0.040542391453225614,0.16500000166500048,0.14499999914500042,0.09000000009000025,1.000000000311928,1.000000000330095,8.8262132,221.99799,2781.1553,1767.9482,-51.620773,-23.658943,-32.009471,-14.012935,-9.4828279,-2.1784218,-10.689965,352.13298,3264.709,1411.5158,-1757.4902,183.34527,4190.7007,4271.7382,-96.982209,8.8262132,1460.999,.
2043.0,686.66351,3.8888889,2.6666667,4.3333333,5.3983,12.2168,142.19242,9494.8422,89.349,173.879,64.3741,3.8888889,4.0,3.8888889,0.276,3.8888889,3.3333333,2.1111111,2.2441,727.06233,0.1808222145562391,0.1750000006750005,0.12000000162000034,0.19499999869500054,1.0000000005557306,0.9999999997544367,0.5468939230685095,0.9279720328359734,0.9999999999776159,1.0000000000230047,0.9999999999378636,0.1750000006750005,0.1800000001800005,0.1750000006750005,0.037803040679359044,0.1750000006750005,0.14999999865000044,0.09499999959500027,1.0000000003119294,1.000000000330095,8.8282422,222.37563,2763.716,1776.3782,-51.576522,-23.66538,-32.418544,-14.015611,-9.4991393,-2.1831079,-15.758846,352.62432,3272.8695,1412.4383,-1766.1318,183.65969,4138.7482,4217.4879,-96.929568,8.8282422,1490.5778799999998,.
2044.0,686.66351,4.0,2.7777778,4.6666667,5.3983,12.2168,142.19242,9434.0236,89.349,173.879,64.3741,4.1111111,4.2222222,4.1111111,0.262,4.0,3.4444444,2.2222222,2.2441,727.06233,0.1808222145562391,0.1800000001800005,0.12500000112500034,0.2100000017100006,1.0000000005557306,0.9999999997544365,0.5468939230685091,0.9220279677649156,0.9999999999776158,1.0000000000230045,0.999999999937863,0.1849999996850005,0.18999999919000055,0.1849999996850005,0.035885495137652414,0.1800000001800005,0.15499999815500043,0.09999999910000028,1.000000000311928,1.000000000330095,9.0122479,222.5305,2745.5533,1784.5992,-51.580025,-23.676956,-32.828749,-14.310403,-9.4918542,-2.1873689,-10.722688,352.83314,3281.2601,1413.7535,-1766.5564,183.78846,4085.9428,4162.446,-86.959966,9.0122479,1519.0813899999998,.
2045.0,686.66351,4.2222222,3.0,4.8888889,5.3983,12.2168,142.19242,9369.6276,89.349,173.879,64.3741,4.2222222,4.4444444,4.2222222,0.246,4.2222222,3.5555556,2.2222222,2.2441,727.06233,0.18082221455623906,0.18999999919000055,0.13500000013500038,0.22000000072000064,1.0000000005557312,0.9999999997544365,0.5468939230685094,0.9157342679047431,0.9999999999776154,1.0000000000230045,0.9999999999378631,0.18999999919000055,0.19999999820000056,0.18999999919000055,0.03369401451855913,0.18999999919000055,0.16000000216000046,0.09999999910000028,1.0000000003119287,1.000000000330095,9.208093,222.56881,2726.761,1792.718,-51.633136,-23.674996,-33.236372,-14.623999,-4.9085056,-2.1807535,-10.672766,352.89291,3290.0301,1415.005,-1766.8849,183.82012,4032.3089,4106.6362,-86.927527,9.208093,1546.4840399999998,.
2046.0,686.66351,4.4444444,3.1111111,5.1111111,5.3983,12.2168,142.19242,9369.6276,89.349,173.879,64.3741,4.4444444,4.6666667,4.4444444,0.226,4.4444444,3.6666667,2.3333333,2.2441,727.06233,0.1808222145562391,0.19999999820000056,0.1399999996400004,0.22999999973000063,1.0000000005557306,0.9999999997544365,0.5468939230685094,0.9157342679047435,0.9999999999776154,1.0000000000230045,0.999999999937863,0.19999999820000056,0.2100000017100006,0.19999999820000056,0.030954663744692558,0.19999999820000056,0.16500000166500048,0.1049999986050003,1.000000000311929,1.000000000330095,9.2097668,222.60449,2707.4487,1805.558,-51.533989,-23.671931,-33.647084,-14.626207,-9.5012535,-2.1845898,-10.69846,352.94768,3299.309,1416.8599,-1775.5452,183.84963,3977.8952,4050.1086,-86.923191,9.2097668,1573.18073,.
2047.0,686.66351,4.6666667,3.2222222,5.4444444,5.3983,12.2168,142.19242,9308.8091,89.349,173.879,64.3741,4.6666667,4.8888889,4.6666667,0.21,4.6666667,3.7777778,2.4444444,2.2441,727.06233,0.18082221455623906,0.2100000017100006,0.14499999914500042,0.24499999824500068,1.0000000005557304,0.9999999997544363,0.5468939230685097,0.9097902126071177,0.9999999999776162,1.0000000000230045,0.9999999999378631,0.2100000017100006,0.22000000072000064,0.2100000017100006,0.02876318312559927,0.2100000017100006,0.17000000117000047,0.10999999811000032,1.0000000003119291,1.000000000330095,9.2113509,222.64078,2687.5042,1818.4359,-51.509528,-23.639031,-34.056281,-14.628296,-9.4732019,-2.1840393,-15.824746,353.00421,3308.4377,1418.8089,-1784.1386,183.87963,3922.3496,3992.5034,-96.886096,9.2113509,1599.19633,.
2048.0,686.66351,4.8888889,3.3333333,5.6666667,5.3983,12.2168,142.19242,9308.8091,89.349,173.879,64.3741,4.8888889,5.2222222,4.8888889,0.19,4.8888889,3.7777778,2.4444444,2.2441,727.06233,0.1808222145562391,0.22000000072000064,0.14999999865000044,0.25500000175500076,1.0000000005557306,0.9999999997544368,0.5468939230685093,0.9097902126071172,0.9999999999776162,1.0000000000230047,0.9999999999378631,0.22000000072000064,0.23499999923500067,0.22000000072000064,0.026023832351732668,0.22000000072000064,0.17000000117000047,0.10999999811000032,1.0000000003119283,1.000000000330095,9.2131805,222.67536,2666.9828,1831.3486,-51.552494,-23.670451,-34.468545,-14.630669,-9.5206041,-2.1885068,-10.738025,353.05816,3317.0032,1421.1854,-1784.5761,183.90821,3865.8045,3933.9546,-86.929577,9.2131805,1624.60484,.
2049.0,686.66351,5.1111111,3.4444444,6.0,5.3983,12.2168,142.19242,9308.8091,89.349,173.879,64.3741,5.1111111,5.4444444,5.1111111,0.17,5.1111111,3.8888889,2.5555556,2.2441,727.06233,0.1808222145562391,0.22999999973000063,0.15499999815500043,0.27000000027000076,1.0000000005557308,0.9999999997544371,0.5468939230685093,0.9097902126071158,0.9999999999776161,1.0000000000230045,0.9999999999378628,0.22999999973000063,0.24499999824500068,0.22999999973000063,0.023284481577866074,0.22999999973000063,0.1750000006750005,0.11500000211500032,1.0000000003119291,1.000000000330095,9.2149162,222.70944,2645.8333,1844.2994,-51.532255,-23.664673,-34.878205,-14.632971,-9.5044666,-2.1867085,-10.714323,353.11175,3325.1229,1423.6726,-1793.1547,183.93636,3808.072,3874.2786,-86.914878,9.2149162,1649.33462,.
2050.0,686.66351,5.3333333,3.5555556,6.3333333,5.3983,12.2168,131.41534,9233.6803,89.349,173.879,64.3741,5.3333333,5.6666667,5.4444444,0.15,5.3333333,4.0,2.6666667,2.2441,727.06233,0.18082221455623906,0.23999999874000066,0.16000000216000046,0.28499999878500076,1.000000000555731,0.9999999997544367,0.5054436153768394,0.9024475497390031,0.9999999999776155,1.0000000000230043,0.9999999999378634,0.23999999874000066,0.25500000175500076,0.24499999824500068,0.020545130803999466,0.23999999874000066,0.1800000001800005,0.12000000162000034,1.000000000311928,1.000000000330095,9.2166513,222.74009,2624.0203,1857.2835,-51.627564,-23.693162,-35.48937,-14.635255,-9.5428374,-2.191196,-10.755201,353.15896,3332.9291,1426.2682,-1801.7805,183.96171,3748.7804,3813.3747,-86.890127,9.2166513,1670.17447,.
2051.0,686.66351,5.5555556,3.6666667,6.6666667,5.3983,12.2168,131.41534,9233.6803,89.349,173.879,64.3741,5.5555556,6.0,5.6666667,0.13,5.5555555,4.1111111,2.6666667,2.2441,727.06233,0.18082221455623906,0.2500000022500007,0.16500000166500048,0.30000000180000086,1.0000000005557304,0.9999999997544365,0.5054436153768392,0.9024475497390042,0.9999999999776159,1.0000000000230045,0.9999999999378636,0.2500000022500007,0.27000000027000076,0.25500000175500076,0.01780578003013288,0.2499999977500007,0.1849999996850005,0.12000000162000034,1.0000000003119294,1.000000000330095,9.2178861,222.76902,2601.5684,1871.1301,-51.563333,-23.669235,-35.899675,-14.636891,-9.5127973,-2.7148195,-15.815224,353.20344,3340.4028,1430.2269,-1810.4503,183.98564,3688.2063,3751.3062,-96.817388,9.2178861,1690.2777999999998,.
2052.0,686.66351,5.7777778,3.7777778,7.0,5.3983,12.2168,131.41534,9165.7067,89.349,173.879,64.3741,5.7777778,6.2222222,5.8888889,0.111,5.7777778,4.2222222,2.7777778,2.2441,727.06233,0.18082221455623912,0.2600000012600007,0.17000000117000047,0.3150000003150009,1.0000000005557308,0.9999999997544365,0.505443615376839,0.8958041955428485,0.9999999999776154,1.0000000000230047,0.9999999999378634,0.2600000012600007,0.2799999992800008,0.2650000007650008,0.015203396794959613,0.2600000012600007,0.18999999919000055,0.12500000112500034,1.0000000003119294,1.000000000330095,9.2201229,222.79548,2578.4821,1885.7859,-51.523334,-23.626295,-36.30917,-14.639823,-9.5122553,-2.1859115,-10.715493,353.24334,3347.4919,1434.9906,-1810.799,184.00753,3626.5833,3688.128,-86.79906,9.2201229,1709.6903499999999,.
2053.0,686.66351,6.0,4.0,7.3333333,5.3983,12.2168,131.41534,9165.7067,89.349,173.879,64.3741,6.0,6.4444444,6.2222222,0.093,6.0,4.2222222,2.7777778,2.2441,727.06233,0.18082221455623906,0.27000000027000076,0.1800000001800005,0.3299999988300009,1.0000000005557312,0.9999999997544367,0.5054436153768394,0.8958041955428521,0.9999999999776158,1.0000000000230045,0.9999999999378634,0.27000000027000076,0.28999999829000084,0.2799999992800008,0.012737981098479675,0.27000000027000076,0.18999999919000055,0.12500000112500034,1.0000000003119287,1.000000000330095,9.2213126,222.82048,2554.754,1900.919,-51.521973,-23.62075,-36.922137,-14.641382,-9.5012985,-2.7140828,-15.853197,353.28121,3354.0672,1440.0299,-1819.4585,184.02823,3563.9141,3623.8418,-96.848962,9.2213126,1728.49012,.
2054.0,686.66351,6.3333333,4.1111111,7.7777778,5.3983,12.2168,131.41534,9108.4658,89.349,173.879,64.3741,6.3333333,6.7777778,6.4444444,0.078,6.3333333,4.3333333,2.8888889,2.2441,727.06233,0.18082221455623912,0.28499999878500076,0.1849999996850005,0.350000001350001,1.0000000005557301,0.9999999997544371,0.5054436153768391,0.890209794581204,0.9999999999776154,1.0000000000230045,0.9999999999378634,0.28499999878500076,0.3050000013050009,0.28999999829000084,0.010683468018079727,0.28499999878500076,0.19499999869500054,0.13000000063000036,1.0000000003119294,1.000000000330095,9.2230096,222.84659,2530.4177,1917.2212,-51.50581,-23.637342,-37.533011,-14.643603,-9.5410733,-2.1935129,-10.745145,353.32252,3360.103,1445.6819,-1819.8496,184.04979,3500.275,3558.5338,-86.855251,9.2230096,1746.60489,.
2055.0,771.84899,6.5555555,4.2222222,8.1111111,5.3983,12.2168,131.41534,9108.4658,89.349,173.879,64.3741,6.5555555,7.1111111,6.7777778,0.06,6.5555555,4.4444444,3.0,2.2441,727.06233,0.20325449312836855,0.2949999977950008,0.18999999919000055,0.36499999986500103,1.0000000005557308,0.9999999997544371,0.5054436153768395,0.8902097945812045,0.9999999999776165,1.0000000000230045,0.9999999999378631,0.2949999977950008,0.3199999998200009,0.3050000013050009,0.00821805232159979,0.2949999977950008,0.19999999820000056,0.13500000013500038,1.0000000003119294,1.000000000330095,9.2241755,222.87589,2505.4887,1934.1853,-51.495402,-23.606937,-38.145349,-14.645141,-9.5060136,-2.7148829,-15.842391,353.37137,3365.4363,1451.4599,-1828.4602,184.07393,3435.7013,3492.3388,-96.817223,9.2241755,1764.18445,.
2056.0,771.84899,6.7777778,4.3333333,8.5555555,5.3983,12.2168,131.41534,9029.7595,89.349,173.879,64.3741,6.7777778,7.3333333,7.1111111,0.042,6.7777778,4.4444444,3.0,2.2441,727.06233,0.20325449312836855,0.3050000013050009,0.19499999869500054,0.3849999978850011,1.0000000005557308,0.9999999997544361,0.5054436153768394,0.8825174871505463,0.9999999999776165,1.0000000000230047,0.9999999999378638,0.3050000013050009,0.3299999988300009,0.3199999998200009,0.005752636625119853,0.3050000013050009,0.19999999820000056,0.13500000013500038,1.0000000003119294,1.000000000330095,9.2250317,222.9065,2480.2511,1951.8871,-51.528266,-23.699121,-38.757795,-14.646254,-9.5749286,-2.7192673,-15.869147,353.42269,3369.3317,1458.1967,-1837.1404,184.09915,3371.3266,3426.3845,-96.821496,9.2250317,1781.2594100000001,.
2057.0,771.84899,7.1111111,4.4444444,9.0,5.3983,12.2168,122.1155,9029.7595,89.349,173.879,64.3741,7.1111111,7.6666667,7.4444444,0.024,7.1111111,4.5555556,3.1111111,2.2441,727.06233,0.2032544931283686,0.3199999998200009,0.19999999820000056,0.40500000040500117,1.0000000005557301,0.9999999997544369,0.4696749999927745,0.8825174871505448,0.9999999999776158,1.000000000023005,0.9999999999378631,0.3199999998200009,0.345000001845001,0.33499999833500094,0.003287220928639916,0.3199999998200009,0.2050000022050006,0.1399999996400004,1.000000000311929,1.000000000330095,9.2268447,223.07166,2454.798,1972.4637,-51.609646,-23.634284,-39.37073,-14.648627,-9.529943,-2.7183554,-15.869445,353.75418,3371.4097,1466.0615,-1837.5075,184.23396,3307.6258,3361.1466,-86.843384,9.2268447,1797.51873,.
2058.0,771.84899,7.4444444,4.5555556,9.4444444,5.3983,12.2168,122.1155,8768.5976,89.349,173.879,64.3741,7.4444444,8.0,7.7777778,0.003,7.4444444,4.6666667,3.1111111,2.2441,727.06233,0.20325449312836855,0.33499999833500094,0.2050000022050006,0.4249999984250012,1.0000000005557308,0.9999999997544367,0.469674999992774,0.8569930040535729,0.9999999999776158,1.0000000000230045,0.9999999999378636,0.33499999833500094,0.360000000360001,0.350000001350001,0.0004109026160799896,0.33499999833500094,0.2100000017100006,0.1399999996400004,1.000000000311928,1.000000000330095,9.2280281,223.54605,2429.1541,1986.4291,-51.499165,-23.645978,-39.981902,-14.650188,-9.5455871,-2.7210761,-15.861266,354.7085,3371.6058,1474.0509,-1846.1617,184.62105,3244.6118,3296.6406,-86.74041,9.2280281,1813.01616,.
2059.0,771.84899,7.7777778,4.7777778,9.8888889,5.3983,12.2168,122.1155,8389.3764,89.349,173.879,64.3741,7.7777778,8.2222222,8.2222222,0.0,7.7777778,4.6666667,3.2222222,2.2441,727.06233,0.20325449312836855,0.350000001350001,0.2150000012150006,0.44500000094500125,1.0000000005557312,0.9999999997544365,0.4696749999927742,0.8199300744707644,0.9999999999776158,1.0000000000230047,0.9999999999378634,0.350000001350001,0.369999999370001,0.369999999370001,0.0,0.350000001350001,0.2100000017100006,0.14499999914500042,1.0000000003119287,1.000000000330095,9.2294797,224.0303,2403.2868,2004.9293,-27.653923,-18.229853,-40.596226,-14.652076,-9.5749544,-2.1998254,-10.832097,355.61269,3370.2026,1482.8434,-1846.604,185.01772,3182.1817,3232.7593,-86.874821,9.2294797,1827.82666,.
2060.0,771.84899,8.1111111,4.8888889,10.333333,5.3983,12.2168,122.1155,8389.3764,89.349,173.879,64.3741,8.1111111,8.5555555,8.5555555,0.0,8.1111111,4.7777778,3.2222222,2.2441,727.06233,0.20325449312836857,0.36499999986500103,0.22000000072000064,0.46499998546500126,1.0000000005557306,0.9999999997544367,0.4696749999927744,0.8199300744707612,0.9999999999776151,1.0000000000230045,0.9999999999378634,0.36499999986500103,0.3849999978850011,0.3849999978850011,0.0,0.36499999986500103,0.2150000012150006,0.14499999914500042,1.0000000003119291,1.000000000330095,9.2299791,224.76715,2377.1906,2025.5283,-51.505849,-23.628983,-41.409337,-14.65272,-9.5552386,-2.722716,-10.818036,356.97141,3366.8921,1492.8776,-1846.9835,185.62191,3120.429,3169.5964,-86.832734,9.2299791,1841.43903,.
2061.0,771.84899,8.4444444,5.0,10.888889,5.3983,12.2168,122.1155,8324.9803,89.349,173.879,64.3741,8.4444444,8.8888889,9.0,0.0,8.4444444,4.8888889,3.3333333,2.2441,727.06233,0.20325449312836855,0.3799999983800011,0.22500000022500063,0.49000000549000144,1.0000000005557301,0.9999999997544365,0.4696749999927744,0.8136363648371588,0.9999999999776162,1.0000000000230045,0.9999999999378631,0.3799999983800011,0.4000000009000011,0.40500000040500117,0.0,0.3799999983800011,0.22000000072000064,0.14999999865000044,1.0000000003119294,1.000000000330095,9.2309192,225.49903,2350.8649,2044.8335,-51.51365,-23.669091,-42.223406,-14.653944,-9.6074334,-2.7258775,-15.90044,358.20888,3361.5213,1503.7388,-1855.6026,186.22455,3059.3714,3107.1696,-86.761117,9.2309192,1853.92078,.
2062.0,771.84899,8.7777778,5.1111111,11.444444,5.3983,12.2168,114.00801,8324.9803,89.349,173.879,64.3741,8.7777778,9.2222222,9.4444444,0.0,8.7777778,4.8888889,3.3333333,2.2441,727.06233,0.20325449312836852,0.39500000139500113,0.22999999973000063,0.5149999805150015,1.0000000005557304,0.9999999997544368,0.4384923461471001,0.8136363648371584,0.9999999999776159,1.0000000000230047,0.9999999999378631,0.39500000139500113,0.41499999941500115,0.4249999984250012,0.0,0.39500000139500113,0.22000000072000064,0.14999999865000044,1.0000000003119291,1.000000000330095,9.2315379,226.38135,2324.2977,2063.6402,-51.483432,-23.611613,-43.036803,-14.654746,-9.56106,-3.2471077,-15.93077,359.64944,3354.1459,1515.3338,-1864.2168,186.95224,2998.9877,3045.4567,-86.799623,9.2315379,1865.0677999999998,.
2063.0,771.84899,9.1111111,5.2222222,12.0,5.3983,12.2168,114.00801,8257.0067,89.349,173.879,64.3741,9.2222222,9.5555555,9.8888889,0.0,9.1111111,5.0,3.3333333,2.2441,727.06233,0.20325449312836857,0.4099999999100012,0.23499999923500067,0.5400000005400015,1.000000000555731,0.9999999997544372,0.4384923461471002,0.8069930106410051,0.9999999999776161,1.0000000000230043,0.9999999999378626,0.41499999941500115,0.42999999793000127,0.44500000094500125,0.0,0.4099999999100012,0.22500000022500063,0.14999999865000044,1.0000000003119291,1.000000000330095,9.2323982,227.23035,2297.4479,2081.9084,-27.578209,-18.216573,-43.650475,-14.655853,-9.597077,-2.7258921,-15.929511,360.92722,3344.7377,1527.3195,-1864.5941,187.65506,2939.2258,2984.3994,-86.758837,9.2323982,1874.2716,.
2064.0,855.99377,9.5555555,5.4444444,12.555556,5.3983,12.2168,114.00801,7291.0657,89.349,173.879,64.3741,9.5555555,9.7777778,10.333333,0.0,9.5555555,5.0,3.4444444,2.2441,727.06233,0.22541271945227434,0.42999999793000127,0.24499999824500068,0.5650000205650015,1.0000000005557315,0.9999999997544363,0.43849234614710025,0.7125874150040791,0.9999999999776161,1.0000000000230043,0.9999999999378634,0.42999999793000127,0.4400000014400013,0.46499998546500126,0.0,0.42999999793000127,0.22500000022500063,0.15499999815500043,1.0000000003119294,1.000000000330095,9.2340718,227.98926,2270.2674,2098.7262,-51.558716,-23.603221,-44.666468,-14.658072,-9.5748849,-2.7265686,-15.943373,362.02001,3333.3467,1540.3049,-1873.2441,188.28438,2880.0039,2923.9184,-86.780369,9.2340718,1881.9613,.
2065.0,855.99377,10.0,5.5555555,13.111111,5.3983,12.2168,106.87681,7291.0657,89.349,173.879,64.3741,10.0,10.111111,10.823425,0.0,10.0,5.1111111,3.4444444,2.2441,727.06233,0.22541271945227437,0.45000000045000127,0.2499999977500007,0.5899999955900016,1.0000000005557306,0.9999999997544365,0.41106465383982993,0.7125874150040801,0.9999999999776161,1.0000000000230052,0.9999999999378636,0.45000000045000127,0.45499999545500125,0.4870541254870555,0.0,0.45000000045000127,0.22999999973000063,0.15499999815500043,1.0000000003119291,1.000000000330095,9.2363687,229.24318,2242.7244,2112.668,-51.536905,-23.64238,-45.681689,-14.661197,-9.6070378,-3.2504973,-15.95692,364.15251,3319.937,1554.5244,-1881.8595,189.31678,2821.308,2864.0004,-86.731676,9.2363687,1888.50702,.
2066.0,855.99377,10.444444,5.6666667,13.444444,5.3983,12.2168,106.87681,7240.9798,89.349,173.879,64.3741,10.444444,10.444444,11.333333,0.0,10.444444,5.2222222,3.5555556,2.2441,727.06233,0.2254127194522744,0.46999998047000136,0.25500000175500076,0.6049999806050017,1.0000000005557308,0.9999999997544365,0.41106465383982976,0.707692303167525,0.9999999999776155,1.0000000000230045,0.9999999999378634,0.46999998047000136,0.46999998047000136,0.5099999855100014,0.0,0.46999998047000136,0.23499999923500067,0.16000000216000046,1.0000000003119294,1.000000000330095,9.2379579,230.66391,2214.7496,2098.1282,-51.469041,-23.649154,-46.498339,-14.663297,-9.6182321,-2.7313382,-15.980901,366.62796,3304.4911,1569.6738,-1882.3165,190.48484,2763.0535,2804.5601,-86.768076,9.2379579,1893.8814499999999,.
2067.0,855.99377,10.888889,5.7777778,13.666667,5.3983,12.2168,106.87681,7176.5838,89.349,173.879,64.3741,10.888889,10.777778,11.888889,0.0,10.888889,5.2222222,3.5555556,2.2441,727.06233,0.2254127194522743,0.49000000549000144,0.2600000012600007,0.6150000156150017,1.0000000005557308,0.9999999997544367,0.4110646538398299,0.7013986033073552,0.9999999999776161,1.0000000000230043,0.9999999999378634,0.49000000549000144,0.48500001048500135,0.5350000055350016,0.0,0.49000000549000144,0.23499999923500067,0.16000000216000046,1.0000000003119287,1.000000000330095,9.2823282,232.02561,2186.3009,2070.821,-51.47698,-23.579668,-47.512272,-14.734282,-14.206097,-3.2545934,-15.925113,368.92757,3288.1946,1585.5073,-1890.905,191.60611,2704.9033,2745.2634,-86.759345,9.2823282,1898.16179,.
2068.0,855.99377,11.333333,6.0,13.888889,5.3983,12.2168,100.55507,6940.4649,89.349,173.879,64.3741,11.444444,11.111111,12.444444,0.0,11.333333,5.3333333,3.6666667,2.2441,727.06233,0.22541271945227437,0.5099999855100014,0.27000000027000076,0.6250000056250018,1.0000000005557304,0.9999999997544372,0.38675026922481903,0.6783216810153754,0.9999999999776158,1.0000000000230045,0.9999999999378631,0.5149999805150015,0.4999999955000014,0.5599999805600016,0.0,0.5099999855100014,0.23999999874000066,0.16500000166500048,1.0000000003119294,1.000000000330095,9.3829703,233.47894,2157.3176,2043.0156,-51.480473,-23.585388,-48.528891,-14.895427,-9.6062067,-3.2500841,-15.939411,371.38031,3271.4609,1601.2813,-1891.2726,192.80312,2646.6644,2685.9049,-86.674117,9.3829703,1900.36666,.
2069.0,855.99377,11.888889,6.1111111,14.222222,5.3983,12.2168,100.55507,6886.8015,89.349,173.879,64.3741,11.888889,11.444444,13.111111,0.0,11.888889,5.3333333,3.6666667,2.2441,727.06233,0.22541271945227437,0.5350000055350016,0.2749999997750008,0.6399999906400018,1.0000000005557308,0.9999999997544371,0.38675026922481937,0.6730769246162764,0.9999999999776165,1.0000000000230045,0.9999999999378634,0.5350000055350016,0.5149999805150015,0.5899999955900016,0.0,0.5350000055350016,0.23999999874000066,0.16500000166500048,1.0000000003119294,1.000000000330095,9.3884836,234.87429,2127.9086,2014.8171,-51.483964,-18.136455,-49.546942,-14.903837,-9.6310762,-3.2581657,-15.984942,373.58854,3254.1276,1616.7933,-1891.7722,193.95552,2588.5019,2626.6531,-86.727953,9.3884836,1899.44382,.
2070.0,855.99377,12.444444,6.2222222,14.444444,5.3983,12.2168,100.55507,6833.1381,89.349,173.879,64.3741,12.444444,11.777778,13.666667,0.0,12.444444,5.4444444,3.7777778,2.2441,727.06233,0.22541271945227428,0.5599999805600016,0.2799999992800008,0.6499999806500019,1.0000000005557306,0.9999999997544363,0.38675026922481937,0.6678321682171782,0.9999999999776165,1.000000000023005,0.9999999999378634,0.5599999805600016,0.5300000105300015,0.6150000156150017,0.0,0.5599999805600016,0.24499999824500068,0.17000000117000047,1.0000000003119291,1.000000000330095,9.4719773,236.60178,2098.0398,1986.1931,-51.457666,-23.590032,-50.763589,-15.037399,-14.177559,-3.2521877,-15.929939,376.35843,3236.1178,1631.9218,-1900.2755,195.38158,2530.3726,2567.4633,-86.655112,9.4719773,1897.3485799999999,.
2071.0,939.09786,13.0,6.3333333,14.666667,5.3983,12.2168,94.911913,6779.4747,89.349,173.879,64.3741,13.0,12.111111,14.333333,0.0,13.0,5.4444444,3.7777778,2.2441,727.06233,0.24729689616130174,0.5850000005850017,0.28499999878500076,0.6600000156600019,1.0000000005557301,0.9999999997544368,0.36504581922515317,0.6625874118180778,0.9999999999776155,1.0000000000230047,0.9999999999378631,0.5850000005850017,0.5449999955450016,0.6449999856450018,0.0,0.5850000005850017,0.24499999824500068,0.17000000117000047,1.000000000311929,1.000000000330095,9.473968,238.67692,2067.6442,1957.102,-51.522963,-23.584477,-51.983458,-15.0401,-14.252434,-3.7836698,-15.996633,379.79891,3217.3647,1646.5929,-1900.7705,197.09197,2472.2097,2508.2701,-86.683175,9.473968,1894.0769599999999,.
2072.0,939.09786,13.555556,6.4444444,14.888889,5.3983,12.2168,94.911913,6729.3889,89.349,173.879,64.3741,13.666667,12.444444,15.0,0.0,13.555556,5.5555555,3.7777778,2.2441,727.06233,0.24729689616130177,0.6100000206100017,0.28999999829000084,0.670000005670002,1.0000000005557308,0.9999999997544371,0.3650458192251533,0.6576923097549572,0.9999999999776156,1.000000000023004,0.9999999999378636,0.6150000156150017,0.5599999805600016,0.6750000006750019,0.0,0.6100000206100017,0.2499999977500007,0.17000000117000047,1.000000000311928,1.000000000330095,9.5259608,240.54004,2036.6748,1927.4788,-51.50242,-23.61185,-53.401594,-15.122813,-14.233323,-3.7818502,-15.968483,382.76054,3197.7955,1660.7222,-1909.3424,198.63038,2414.0575,2449.06,-86.611846,9.5259608,1889.34893,.
2073.0,939.09786,14.222222,6.5555555,15.222222,5.3983,12.2168,89.843237,6672.1479,89.349,173.879,64.3741,14.222222,12.777778,15.666667,0.0,14.222222,5.5555555,3.7777778,2.2441,727.06233,0.24729689616130174,0.6399999906400018,0.2949999977950008,0.684999990685002,1.000000000555731,0.9999999997544363,0.3455509115331454,0.652097899019879,0.9999999999776159,1.0000000000230043,0.9999999999378634,0.6399999906400018,0.5750000105750016,0.705000015705002,0.0,0.6399999906400018,0.2499999977500007,0.17000000117000047,1.0000000003119283,1.000000000330095,9.5273713,242.52283,2005.1565,1897.3497,-51.436527,-23.59284,-54.622702,-15.124742,-14.250134,-3.7858276,-16.008094,385.93774,3177.3054,1674.1948,-1909.7445,200.26735,2355.8464,2389.8788,-86.641093,9.5273713,1883.3081,.
2074.0,939.09786,14.888889,6.6666667,15.444444,5.3983,12.2168,89.843237,6629.2172,89.349,173.879,64.3741,14.888889,13.111111,16.333333,0.0,14.888889,5.5555555,3.8888889,2.2441,727.06233,0.24729689616130177,0.670000005670002,0.30000000180000086,0.694999980695002,1.0000000005557304,0.9999999997544368,0.3455509115331456,0.6479020958552837,0.9999999999776154,1.000000000023004,0.9999999999378634,0.670000005670002,0.5899999955900016,0.734999985735002,0.0,0.670000005670002,0.2499999977500007,0.1750000006750005,1.0000000003119294,1.000000000330095,9.528508,244.84811,1973.0414,1866.6728,-51.484202,-23.599497,-56.041159,-15.126305,-9.681796,-3.7869976,-15.95664,389.82096,3155.6918,1686.8,-1910.1861,202.18328,2297.6324,2330.7194,-86.635759,9.528508,1876.11095,.
2075.0,939.09786,15.555556,6.8888889,15.666667,5.3983,12.2168,85.265202,6579.1314,89.349,173.879,64.3741,15.666667,13.555556,17.0,0.0,15.555556,5.5555556,3.8888889,2.2441,727.06233,0.2472968961613017,0.700000020700002,0.3100000008100009,0.705000015705002,1.0000000005557308,0.9999999997544363,0.3279430846103395,0.6430069937921664,0.9999999999776161,1.0000000000230045,0.9999999999378634,0.705000015705002,0.6100000206100017,0.7650000007650022,0.0,0.700000020700002,0.2500000022500007,0.1750000006750005,1.000000000311929,1.000000000330095,9.7181082,247.31881,1940.341,1835.4537,-27.577593,-18.117556,-57.462202,-15.430139,-9.6657045,-3.7845701,-15.978955,393.91902,3132.8057,1698.3748,-1918.8259,204.21943,2239.461,2271.63,-76.602729,9.7181082,1867.68554,.
2076.0,1021.1613,16.222222,7.0,15.888889,5.3983,12.2168,85.265202,6482.5373,89.349,173.879,64.3741,16.333333,13.888889,17.777778,0.0,16.222222,5.6666667,3.8888889,2.2441,727.06233,0.2689070337888321,0.729999990730002,0.3150000003150009,0.7150000057150021,1.0000000005557308,0.9999999997544368,0.3279430846103394,0.6335664342284737,0.9999999999776156,1.0000000000230043,0.999999999937863,0.734999985735002,0.6250000056250018,0.8000000108000024,0.0,0.729999990730002,0.25500000175500076,0.1750000006750005,1.0000000003119287,1.000000000330095,9.8188738,249.91118,1907.0534,1803.7001,-51.464867,-23.578542,-59.283752,-15.591272,-14.273701,-4.3161976,-21.098062,398.16025,3108.9773,1708.9295,-1927.481,206.35747,2181.3047,2212.5845,-86.586373,9.8188738,1858.08132,.
2077.0,1021.1613,17.0,7.1111111,16.111111,5.3983,12.2168,81.109521,6432.4515,89.349,173.879,64.3741,17.111111,14.222222,18.555556,0.0,17.0,5.6666667,3.8888889,2.2441,727.06233,0.2689070337888321,0.7650000007650022,0.3199999998200009,0.7249999957250021,1.000000000555731,0.9999999997544371,0.3119596961490468,0.628671332165354,0.9999999999776159,1.0000000000230045,0.9999999999378626,0.7699999957700022,0.6399999906400018,0.8350000208350024,0.0,0.7650000007650022,0.25500000175500076,0.1750000006750005,1.0000000003119291,1.000000000330095,9.8482257,252.44795,1873.3371,1771.5676,-51.4575,-23.569499,-60.904737,-15.637845,-14.228366,-4.3094036,-21.044874,402.22792,3083.9949,1728.1413,-1927.7528,208.45156,2123.5531,2153.9666,-86.489132,9.8482257,1846.99744,.
2078.0,1021.1613,17.777778,7.2222222,16.333333,5.3983,12.2168,77.32002,6382.3656,89.349,173.879,64.3741,17.888889,14.555556,19.444444,0.0,17.777778,5.6666667,3.8888889,2.2441,727.06233,0.2689070337888321,0.8000000108000024,0.3249999993250009,0.734999985735002,1.0000000005557312,0.9999999997544365,0.29738469230311715,0.6237762203288006,0.9999999999776161,1.0000000000230045,0.9999999999378634,0.8050000058050022,0.6550000206550018,0.8749999808750025,0.0,0.8000000108000024,0.25500000175500076,0.1750000006750005,1.0000000003119294,1.000000000330095,9.9271507,255.23094,1839.3096,1739.2135,-27.593668,-18.109609,-62.528373,-15.764184,-9.6962986,-3.7934428,-16.014446,406.70658,3057.8356,1746.9456,-1928.2393,210.7485,2066.4311,2096.0029,-76.600738,9.9271507,1835.10105,.
2079.0,1021.1613,18.666667,7.2222222,16.444444,5.3983,12.2168,77.32002,6282.194,89.349,173.879,64.3741,18.777778,14.888889,20.333333,0.0,18.666667,5.6666667,3.8888889,2.2441,727.06233,0.2689070337888321,0.8400000158400024,0.3249999993250009,0.7399999807400021,1.0000000005557304,0.9999999997544363,0.2973846923031173,0.6139860162025621,0.9999999999776162,1.0000000000230047,0.9999999999378634,0.8450000108450024,0.670000005670002,0.9149999859150025,0.0,0.8400000158400024,0.25500000175500076,0.1750000006750005,1.0000000003119285,1.000000000330095,9.9399952,258.38466,1804.9259,1706.5529,-51.476528,-23.588369,-64.552194,-15.784548,-14.300551,-4.3163407,-21.121812,411.84077,3030.3702,1765.377,-1936.8601,213.35005,2009.8634,2038.6064,-86.581987,9.9399952,1822.1912699999998,.
2080.0,1102.184,19.555556,7.3333333,16.666667,5.3983,12.2168,73.850062,6228.5306,89.349,173.879,64.3741,19.777778,15.222222,21.222222,0.0,19.555556,5.6666667,4.0,2.2441,727.06233,0.2902431086347575,0.8800000208800025,0.3299999988300009,0.7500000157500022,1.0000000005557308,0.9999999997544365,0.28403869999563014,0.6087412598034599,0.9999999999776155,1.0000000000230045,0.999999999937863,0.8900000108900026,0.684999990685002,0.9549999909550027,0.0,0.8800000208800025,0.25500000175500076,0.1800000001800005,1.0000000003119294,1.000000000330095,10.07733,261.70213,1770.1152,1673.5139,-27.538301,-18.104665,-66.176436,-16.004872,-9.6869411,-4.3179613,-16.037203,417.27718,3001.674,1783.4074,-1929.0057,216.08575,1953.7951,1981.7437,-76.592347,10.07733,1808.21027,.
2081.0,1102.184,20.555556,7.4444444,16.888889,5.3983,12.2168,70.660609,6128.3589,89.349,173.879,64.3741,20.666667,15.666667,22.222222,0.0,20.555556,5.6666667,4.0,2.2441,727.06233,0.29024310863475733,0.9250000209250027,0.33499999833500094,0.7600000057600022,1.0000000005557312,0.9999999997544363,0.271771573072742,0.5989510459037906,0.9999999999776156,1.0000000000230045,0.999999999937863,0.9300000159300027,0.705000015705002,0.9999999910000028,0.0,0.9250000209250027,0.25500000175500076,0.1800000001800005,1.0000000003119285,1.000000000330095,10.239265,265.0397,1734.8729,1640.0929,-27.540184,-18.110913,-68.401099,-16.2644,-14.308414,-4.3191635,-16.001218,422.69292,2971.9307,1801.1141,-1937.6666,218.8394,1898.2686,1925.4336,-76.542312,10.239265,1792.60809,.
2082.0,1102.184,21.555556,7.5555555,17.0,5.3983,12.2168,67.718731,6081.8507,89.349,173.879,64.3741,21.666667,16.0,22.222222,0.0,21.555556,5.6666667,4.0,2.2441,727.06233,0.29024310863475744,0.9700000209700027,0.33999999784000096,0.7650000007650022,1.0000000005557301,0.9999999997544371,0.2604566576883007,0.5944055981766492,0.9999999999776148,1.0000000000230045,0.9999999999378631,0.9750000159750027,0.720000000720002,0.9999999910000028,0.0,0.9700000209700027,0.25500000175500076,0.1800000001800005,1.0000000003119298,1.000000000330095,10.240962,268.08967,1699.227,1606.3305,-51.482488,-23.558628,-70.630116,-16.266676,-14.29842,-4.845093,-21.136253,427.4165,2941.2583,1820.2975,-1938.0615,221.36095,1843.2502,1869.6653,-86.511396,10.240962,1775.94589,.
2083.0,1102.184,22.222222,7.6666667,17.222222,5.3983,12.2168,64.99646,5981.679,89.349,173.879,64.3741,22.222222,16.333333,22.222222,0.0,22.222222,5.6666667,4.0,2.2441,727.06233,0.29024310863475744,0.9999999910000028,0.345000001845001,0.7749999907750021,1.000000000555731,0.9999999997544367,0.24998638461153871,0.5846153842769775,0.9999999999776161,1.0000000000230045,0.999999999937863,0.9999999910000028,0.734999985735002,0.9999999910000028,0.0,0.9999999910000028,0.25500000175500076,0.1800000001800005,1.0000000003119294,1.000000000330095,10.344531,270.76534,1663.1245,1572.1412,-27.54236,-18.097402,-72.854849,-16.432618,-14.301588,-4.8506389,-16.077867,431.32306,2909.6671,1840.924,-1938.4979,223.57865,1788.7306,1814.3972,-76.565847,10.344531,1758.1298499999998,.
2084.0,1182.166,22.222222,7.6666667,17.333333,5.3983,12.2168,62.469887,5885.0849,89.349,173.879,64.3741,22.222222,16.666667,22.222222,0.0,22.222222,5.6666667,4.0,2.2441,727.06233,0.3113051312324589,0.9999999910000028,0.345000001845001,0.7799999857800022,1.0000000005557308,0.9999999997544367,0.24026879615014976,0.5751748247132835,0.9999999999776159,1.0000000000230052,0.9999999999378636,0.9999999910000028,0.7500000157500022,0.9999999910000028,0.0,0.9999999910000028,0.25500000175500076,0.1800000001800005,1.0000000003119294,1.000000000330095,10.534577,273.03698,1626.5314,1537.5389,-27.431165,-18.066247,-75.283618,-16.73727,-14.307905,-4.8425677,-16.024932,434.45415,2877.2609,1862.4456,-1938.8162,225.46581,1734.6669,1759.5743,-76.488377,10.534577,1738.9561199999998,.
2085.0,1182.166,22.222222,7.7777778,17.444444,5.3983,12.2168,60.118453,5731.2499,89.349,173.879,64.3741,22.222222,17.0,22.222222,0.0,22.222222,5.6666667,3.8888889,2.2441,727.06233,0.311305131232459,0.9999999910000028,0.350000001350001,0.7849999807850022,1.0000000005557304,0.9999999997544371,0.23122481922721191,0.5601398641879467,0.9999999999776156,1.000000000023005,0.9999999999378631,0.9999999910000028,0.7650000007650022,0.9999999910000028,0.0,0.9999999910000028,0.25500000175500076,0.1750000006750005,1.0000000003119294,1.000000000330095,10.66539,274.90585,1589.4219,1502.4871,-51.41336,-23.533552,-77.91368,-16.946678,-14.318853,-5.3750935,-21.152696,436.91815,2844.1474,1886.4222,-1947.4389,227.02095,1681.0264,1705.1718,-76.544461,10.66539,1718.4148500000001,.
2086.0,1261.1073,22.222222,7.7777778,17.555556,5.3983,12.2168,57.924379,5638.2333,89.349,173.879,64.3741,22.222222,17.333333,22.222222,0.0,22.222222,5.6666667,3.8888889,2.2441,727.06233,0.3320931015819369,0.9999999910000028,0.350000001350001,0.7900000207900022,1.0000000005557312,0.9999999997544367,0.2227860730734956,0.5510489491867998,0.9999999999776162,1.0000000000230045,0.9999999999378636,0.9999999910000028,0.7799999857800022,0.9999999910000028,0.0,0.9999999910000028,0.25500000175500076,0.1750000006750005,1.0000000003119283,1.000000000330095,10.77859,276.35138,1551.7624,1466.9307,-51.405335,-23.554025,-80.545853,-17.128075,-14.325987,-5.3738977,-21.1483,438.77445,2809.005,1910.6369,-1947.8263,228.22503,1627.9256,1651.2892,-76.452572,10.77859,1696.56881,.
2087.0,1261.1073,22.222222,7.8888889,17.666667,5.3983,12.2168,53.948473,5530.9065,89.349,173.879,64.3741,22.222222,17.666667,22.222222,0.0,22.222222,5.6666667,3.8888889,2.2441,727.06233,0.3320931015819369,0.9999999910000028,0.35500000085500105,0.7950000157950022,1.0000000005557308,0.9999999997544362,0.20749412691988478,0.5405594363886018,0.9999999999776156,1.0000000000230045,0.9999999999378636,0.9999999910000028,0.7950000157950022,0.9999999910000028,0.0,0.9999999910000028,0.25500000175500076,0.1750000006750005,1.000000000311928,1.000000000330095,10.846019,277.37099,1513.3927,1430.7246,-27.491711,-18.061526,-83.377607,-17.236043,-14.322694,-5.3778358,-16.079116,440.08324,2771.4133,1935.3771,-1948.2221,229.07436,1574.9524,1597.5423,-76.492256,10.846019,1673.45159,.
2088.0,1261.1073,22.222222,7.8888889,17.777778,5.3983,12.2168,52.141315,5437.89,89.349,173.879,64.3741,22.222222,18.0,22.222222,0.0,22.222222,5.5555556,3.8888889,2.2441,727.06233,0.33209310158193694,0.9999999910000028,0.35500000085500105,0.8000000108000024,1.0000000005557306,0.9999999997544368,0.20054351922768407,0.5314685311608873,0.9999999999776151,1.0000000000230045,0.9999999999378634,0.9999999910000028,0.8100000008100023,0.9999999910000028,0.0,0.9999999910000028,0.2500000022500007,0.1750000006750005,1.0000000003119294,1.000000000330095,11.005722,277.99289,1474.3936,1393.9233,-51.313788,-18.074363,-86.410499,-17.491978,-14.347382,-5.380067,-16.110732,440.88664,2730.6237,1965.2042,-1948.6273,229.59227,1522.0781,1544.0009,-76.503632,11.005722,1649.01128,.
2089.0,1339.008,22.222222,7.8888889,17.777778,5.3983,12.2168,48.83627,5291.2101,89.349,173.879,64.3741,22.222222,18.222222,22.222222,0.0,22.222222,5.5555555,3.7777778,2.2441,727.06233,0.35260704601664444,0.9999999910000028,0.35500000085500105,0.8000000108000024,1.0000000005557304,0.9999999997544362,0.18783180768941804,0.5171328695340769,0.9999999999776158,1.000000000023005,0.999999999937863,0.9999999910000028,0.8199999908200023,0.9999999910000028,0.0,0.9999999910000028,0.2499999977500007,0.17000000117000047,1.0000000003119283,1.000000000330095,11.210635,278.31087,1434.8015,1356.5969,-27.44966,-18.074117,-89.645703,-17.820596,-14.3299,-5.3804074,-16.104893,441.30391,2687.0835,1981.1167,-1948.9938,229.85693,1469.3466,1490.6518,-76.368672,11.210635,1623.2386,.
2090.0,1339.008,22.222222,7.8888889,17.777778,5.3983,12.2168,47.320987,5198.1935,89.349,173.879,64.3741,22.222222,18.444444,22.222222,0.0,22.222222,5.4444444,3.7777778,2.2441,727.06233,0.3526070460166444,0.9999999910000028,0.35500000085500105,0.8000000108000024,1.0000000005557308,0.9999999997544369,0.1820037961510461,0.5080419545329306,0.9999999999776154,1.0000000000230047,0.9999999999378631,0.9999999910000028,0.8299999808300024,0.9999999910000028,0.0,0.9999999910000028,0.24499999824500068,0.17000000117000047,1.0000000003119287,1.000000000330095,11.382923,278.45151,1394.7102,1318.7363,-27.486845,-18.063491,-93.08126,-18.096471,-14.339092,-5.9089062,-21.180615,441.50036,2641.0962,2005.4033,-1949.3985,229.97371,1416.8235,1437.529,-76.370874,11.382923,1595.84015,.
2091.0,1415.8679,22.222222,8.0,17.777778,5.3983,12.2168,44.528354,5047.936,89.349,173.879,64.3741,22.222222,18.777778,22.222222,0.0,22.222222,5.4444444,3.7777778,2.2441,727.06233,0.372846911869675,0.9999999910000028,0.360000000360001,0.8000000108000024,1.0000000005557306,0.9999999997544367,0.17126289999736521,0.49335663857013884,0.9999999999776158,1.000000000023004,0.9999999999378626,0.9999999910000028,0.8450000108450024,0.9999999910000028,0.0,0.9999999910000028,0.24499999824500068,0.17000000117000047,1.0000000003119294,1.000000000330095,11.508293,283.03137,1354.2293,1280.3993,-51.214493,-18.031052,-96.718951,-18.297414,-18.944792,-6.4242175,-21.167207,451.02484,2592.4714,2033.4585,-1949.7295,233.7042,1364.6494,1384.7723,-76.378926,11.508293,1566.86819,.
2092.0,1415.8679,22.222222,7.8888889,17.777778,5.3983,12.2168,42.012867,4954.9195,89.349,173.879,64.3741,22.222222,18.888889,22.222222,0.0,22.222222,5.3333333,3.6666667,2.2441,727.06233,0.37284691186967495,0.9999999910000028,0.35500000085500105,0.8000000108000024,1.0000000005557308,0.9999999997544363,0.16158794999751405,0.4842657333424262,0.9999999999776166,1.0000000000230045,0.9999999999378636,0.9999999910000028,0.8500000058500023,0.9999999910000028,0.0,0.9999999910000028,0.23999999874000066,0.16500000166500048,1.0000000003119294,1.000000000330095,11.525771,287.55945,1313.4429,1241.6984,-27.514325,-18.076397,-100.55896,-18.325171,-14.383209,-6.4369645,-21.185006,459.74601,2541.0343,2058.4359,-1950.1162,237.40668,1312.9216,1332.4788,-76.387533,11.525771,1536.62446,.
2093.0,1415.8679,22.222222,7.8888889,17.777778,5.3983,12.2168,39.734509,4865.4805,89.349,173.879,64.3741,22.222222,19.111111,22.222222,0.0,22.222222,5.3333333,3.6666667,2.2441,727.06233,0.37284691186967495,0.9999999910000028,0.35500000085500105,0.8000000108000024,1.0000000005557301,0.9999999997544368,0.15282503461303348,0.4755244726772609,0.9999999999776162,1.0000000000230052,0.9999999999378634,0.9999999910000028,0.8599999958600025,0.9999999910000028,0.0,0.9999999910000028,0.23999999874000066,0.16500000166500048,1.0000000003119285,1.000000000330095,11.527414,292.04302,1272.3602,1202.6462,-51.381618,-18.055868,-104.60111,-18.327438,-18.945128,-6.4363878,-21.223582,467.67138,2486.6247,2081.7275,-1950.5101,241.09051,1261.721,1280.7026,-76.365731,11.527414,1504.9933,.
2094.0,1491.6872,22.222222,7.8888889,17.666667,5.3983,12.2168,37.660615,4772.464,89.349,173.879,64.3741,22.222222,19.222222,22.222222,0.0,22.222222,5.2222222,3.5555556,2.2441,727.06233,0.3928127518079351,0.9999999910000028,0.35500000085500105,0.7950000157950022,1.000000000555731,0.9999999997544367,0.14484851922854078,0.46643356744954617,0.9999999999776158,1.0000000000230043,0.999999999937863,0.9999999910000028,0.8649999908650023,0.9999999910000028,0.0,0.9999999910000028,0.23499999923500067,0.16000000216000046,1.000000000311929,1.000000000330095,11.528582,296.483,1231.0013,1163.2624,-51.41366,-18.051773,-108.64354,-18.329043,-18.985006,-6.9661717,-21.25038,474.80245,2428.819,2102.9461,-1950.8955,244.75644,1211.1027,1229.511,-76.375497,11.528582,1471.80825,.
2095.0,1491.6872,22.222222,7.7777778,17.555556,5.3983,12.2168,34.8755,4672.2923,89.349,173.879,64.3741,22.222222,19.333333,22.222222,0.0,22.222222,5.1111111,3.4444444,2.2441,727.06233,0.392812751807935,0.9999999910000028,0.350000001350001,0.7900000207900022,1.000000000555731,0.9999999997544363,0.13413653845947485,0.45664335354987534,0.9999999999776155,1.0000000000230043,0.9999999999378631,0.9999999910000028,0.8699999858700025,0.9999999910000028,0.0,0.9999999910000028,0.22999999973000063,0.15499999815500043,1.0000000003119278,1.000000000330095,11.530924,300.87976,1189.3978,1123.578,-51.209946,-18.01523,-113.28696,-18.332277,-18.981984,-6.9618999,-21.225607,481.13986,2367.2396,2120.1298,-1951.2313,248.40153,1161.0965,1178.9836,-76.327485,11.530924,1437.3072,.
2096.0,1491.6872,22.222222,7.7777778,17.444444,5.3983,12.2168,32.418156,4568.5431,89.349,173.879,64.3741,22.222222,19.333333,22.222222,0.0,22.222222,5.0,3.4444444,2.2441,727.06233,0.39281275180793507,0.9999999910000028,0.350000001350001,0.7849999807850022,1.0000000005557304,0.9999999997544368,0.12468521538269718,0.4465034950876553,0.9999999999776155,1.0000000000230045,0.9999999999378634,0.9999999910000028,0.8699999858700025,0.9999999910000028,0.0,0.9999999910000028,0.22500000022500063,0.15499999815500043,1.0000000003119298,1.000000000330095,11.532836,306.02947,1147.8783,1083.929,-27.472797,-18.051638,-117.73457,-18.334893,-14.401432,-6.9680247,-16.152819,488.34568,2299.6202,2130.0523,-1943.3857,252.67739,1112.4684,1129.8429,-66.33277,11.532836,1401.33947,.
2097.0,1566.4657,22.222222,7.6666667,17.222222,5.3983,12.2168,30.933766,4425.4407,89.349,173.879,64.3741,22.222222,19.222222,22.222222,0.0,22.222222,4.8888889,3.3333333,2.2441,727.06233,0.41250451316451825,0.9999999910000028,0.345000001845001,0.7749999907750021,1.0000000005557308,0.9999999997544367,0.11897602307509271,0.432517478023391,0.9999999999776156,1.0000000000230045,0.9999999999378631,0.9999999910000028,0.8649999908650023,0.9999999910000028,0.0,0.9999999910000028,0.22000000072000064,0.14999999865000044,1.0000000003119296,1.000000000330095,11.534982,311.05414,1105.8085,1043.6791,-27.518347,-18.049014,-122.78502,-18.337834,-19.007009,-7.4965754,-16.150882,495.86785,2223.9376,2078.968,-1935.5462,256.83771,1064.9345,1081.8095,-66.341432,11.534982,1364.31964,.
2098.0,1566.4657,22.222222,7.5555555,17.111111,5.3983,12.2168,28.274388,4325.2691,89.349,173.879,64.3741,22.222222,19.111111,22.222222,0.0,22.222222,4.7777778,3.2222222,2.2441,727.06233,0.412504513164518,0.9999999910000028,0.33999999784000096,0.7699999957700022,1.000000000555731,0.9999999997544365,0.10874764615217312,0.42272727389715126,0.9999999999776159,1.0000000000230047,0.9999999999378636,0.9999999910000028,0.8599999958600025,0.9999999910000028,0.0,0.9999999910000028,0.2150000012150006,0.14499999914500042,1.0000000003119294,1.000000000330095,11.536541,315.62477,1063.1837,1002.6311,-51.370469,-18.04797,-128.03556,-18.339971,-19.02193,-8.0180061,-21.247834,502.90539,2142.119,1997.9478,-1935.8731,260.61744,1018.2679,1034.6463,-76.310913,11.536541,1326.1367599999999,.
2099.0,1640.2036,22.222222,7.4444444,16.777778,5.3983,12.2168,26.508969,4228.675,89.349,173.879,64.3741,22.222222,18.777778,22.222222,0.0,22.222222,4.6666667,3.1111111,2.2441,727.06233,0.4319222486063309,0.9999999910000028,0.33499999833500094,0.7550000107550022,1.0000000005557304,0.9999999997544369,0.10195757307535447,0.4132867143334581,0.9999999999776155,1.0000000000230045,0.999999999937863,0.9999999910000028,0.8450000108450024,0.9999999910000028,0.0,0.9999999910000028,0.2100000017100006,0.1399999996400004,1.0000000003119294,1.000000000330095,11.538181,320.39584,1020.0069,960.94008,-51.428959,-18.064472,-133.48984,-18.34222,-19.05739,-8.0290281,-21.256985,510.75878,2052.8551,1909.5398,-1936.2482,264.55145,972.61377,988.52194,-76.311693,11.538181,1286.8706499999998,.
2100.0,1640.2036,22.222222,7.3333333,16.555556,5.3983,12.2168,24.908032,4110.6155,89.349,173.879,64.3741,22.222222,18.444444,22.222222,0.0,22.222222,4.5555556,3.1111111,2.2441,727.06233,0.4319222486063308,0.9999999910000028,0.3299999988300009,0.7450000207450022,1.000000000555731,0.9999999997544369,0.09580012307544922,0.4017482483007525,0.9999999999776161,1.0000000000230045,0.9999999999378631,0.9999999910000028,0.8299999808300024,0.9999999910000028,0.0,0.9999999910000028,0.2050000022050006,0.1399999996400004,1.0000000003119287,1.000000000330095,11.541753,324.86481,976.26696,918.72341,-51.179282,-17.995218,-139.34467,-18.347211,-18.99327,-8.5492809,-21.253797,518.21252,1955.5428,1813.1338,-1928.318,268.23361,928.05062,943.50182,-76.20522,11.541753,1246.65038,.
2101.0,1784.5573,22.222222,7.2222222,16.222222,5.3983,12.2168,22.990279,3813.6781,89.349,173.879,64.3741,22.222222,17.888889,22.222222,0.0,22.222222,4.4444444,3.0,2.2441,727.06233,0.4699355627452851,0.9999999910000028,0.3249999993250009,0.729999990730002,1.0000000005557308,0.9999999997544358,0.08842414999863962,0.37272727071114914,0.9999999999776159,1.0000000000230047,0.9999999999378638,0.9999999910000028,0.8050000058050022,0.9999999910000028,0.0,0.9999999910000028,0.19999999820000056,0.13500000013500038,1.0000000003119283,1.000000000330095,12.994644,329.09912,931.97688,875.98663,-27.493498,-18.023405,-145.40525,-20.678361,-19.056476,-8.5586512,-21.305262,525.31578,1850.5628,1709.1124,-1920.4722,271.72153,884.55312,899.54467,-66.302823,12.994644,1205.5337299999999,.
2102.0,1855.1731,22.222222,7.0,15.777778,5.3983,12.2168,20.882296,3770.7474,89.349,173.879,64.3741,22.222222,17.222222,22.222222,0.0,22.222222,4.3333333,2.8888889,2.2441,727.06233,0.48853114144242676,0.9999999910000028,0.3150000003150009,0.710000010710002,1.0000000005557308,0.9999999997544365,0.08031652307568746,0.3685314675465549,0.9999999999776155,1.0000000000230047,0.9999999999378634,0.9999999910000028,0.7749999907750021,0.9999999910000028,0.0,0.9999999910000028,0.19499999869500054,0.13000000063000036,1.0000000003119294,1.000000000330095,12.997409,335.88127,887.84151,833.42782,-27.416306,-18.014666,-151.66748,-20.682197,-19.068228,-9.0812667,-21.305876,537.31729,1739.0939,1598.7128,-1912.5797,277.29429,842.67441,857.23722,-66.287049,12.997409,1163.26173,.
2103.0,1855.1731,22.222222,6.7777778,15.444444,5.3983,12.2168,19.386933,3473.81,89.349,173.879,64.3741,22.222222,16.444444,22.222222,0.0,22.222222,4.1111111,2.7777778,2.2441,727.06233,0.4885311414424267,0.9999999910000028,0.3050000013050009,0.694999980695002,1.0000000005557308,0.9999999997544365,0.07456512692192976,0.33951048995695166,0.9999999999776158,1.0000000000230045,0.9999999999378631,0.9999999910000028,0.7399999807400021,0.9999999910000028,0.0,0.9999999910000028,0.1849999996850005,0.12500000112500034,1.000000000311928,1.000000000330095,12.999608,335.94129,843.7458,790.86348,-27.337426,-18.023344,-158.3315,-20.685252,-19.060694,-9.0880025,-21.301776,534.68215,1621.2316,1481.9967,-1904.6604,277.40564,802.29265,816.44068,-66.192483,12.999608,1120.21857,.
2104.0,1924.7482,22.222222,6.5555555,14.888889,5.3983,12.2168,17.71449,3423.7242,89.349,173.879,64.3741,22.222222,15.555556,22.222222,0.0,22.222222,4.0,2.6666667,2.2441,727.06233,0.5068526678913445,0.9999999910000028,0.2949999977950008,0.670000005670002,1.0000000005557308,0.9999999997544369,0.06813265384510564,0.33461538789383155,0.9999999999776156,1.000000000023005,0.9999999999378636,0.9999999910000028,0.700000020700002,0.9999999910000028,0.0,0.9999999910000028,0.1800000001800005,0.12000000162000034,1.000000000311929,1.000000000330095,13.002084,340.00364,799.59755,748.20349,-27.39538,-18.027563,-165.20182,-20.68867,-19.083674,-9.6134843,-21.343015,540.9052,1497.3374,1359.3332,-1896.8392,280.76846,763.33732,777.05174,-66.229817,13.002084,1076.14131,.
2105.0,1993.2826,22.222222,6.3333333,14.444444,5.3983,12.2168,16.224471,3355.7505,89.349,173.879,64.3741,22.222222,14.444444,22.222222,0.0,22.222222,3.8888889,2.5555556,2.2441,727.06233,0.5249001420920388,0.9999999910000028,0.28499999878500076,0.6499999806500019,1.0000000005557304,0.9999999997544365,0.062401811537501524,0.3279720239242459,0.9999999999776151,1.0000000000230045,0.9999999999378634,0.9999999910000028,0.6499999806500019,0.9999999910000028,0.0,0.9999999910000028,0.1750000006750005,0.11500000211500032,1.0000000003119294,1.000000000330095,13.004783,345.47103,755.21895,705.27046,-27.271672,-17.999789,-172.47056,-20.692433,-19.070206,-10.140518,-21.307299,550.22551,1368.136,1231.4481,-1888.8506,285.26862,725.51023,738.8047,-66.165687,13.004783,1030.9831159999999,.
2106.0,2060.7764,22.222222,6.1111111,13.888889,5.3983,12.2168,14.634703,3262.734,89.349,173.879,64.3741,22.222222,13.333333,22.222222,0.0,22.222222,3.7777778,2.4444444,2.2441,727.06233,0.5426735903779625,0.9999999910000028,0.2749999997750008,0.6250000056250018,1.0000000005557306,0.9999999997544365,0.05628731922990328,0.3188811186965335,0.9999999999776162,1.0000000000230047,0.9999999999378634,0.9999999910000028,0.5999999856000017,0.9999999910000028,0.0,0.9999999910000028,0.17000000117000047,0.10999999811000032,1.0000000003119294,1.000000000330095,13.263219,348.95708,710.53426,661.99062,-27.279601,-17.984125,-179.94537,-21.106655,-19.051481,-10.144374,-21.337808,555.44955,1241.7801,1106.4855,-1872.7238,288.15192,687.71322,700.59663,-66.168344,13.263219,984.109125,.
2107.0,2127.2294,22.222222,5.7777778,13.222222,5.3983,12.2168,13.223133,3105.3214,89.349,173.879,64.3741,22.222222,12.222222,22.222222,0.0,22.222222,3.5555556,2.3333333,2.2441,727.06233,0.5601729600822093,0.9999999910000028,0.2600000012600007,0.5949999905950017,1.00000000055573,0.9999999997544368,0.05085820384537141,0.3034965038352145,0.9999999999776158,1.000000000023005,0.9999999999378631,0.9999999910000028,0.5499999905500016,0.9999999910000028,0.0,0.9999999910000028,0.16000000216000046,0.1049999986050003,1.0000000003119287,1.000000000330095,13.503434,351.28697,665.5845,618.40645,-27.187551,-17.966038,-187.62314,-21.491334,-19.076075,-10.669949,-21.354386,558.57553,1122.0046,988.20229,-1864.8481,290.09227,649.55673,662.03735,-66.092777,13.503434,935.932641,.
2108.0,2127.2294,22.222222,5.4444444,12.555556,5.3983,12.2168,11.958486,3008.7273,89.349,155.41504,64.3741,22.222222,11.222222,22.222222,0.0,22.222222,3.4444444,2.1111111,2.2441,727.06233,0.5601729600822094,0.9999999910000028,0.24499999824500068,0.5650000205650015,1.000000000555731,0.9999999997544371,0.04599417692236932,0.2940559442715214,0.9999999999776158,0.8938114436106444,0.9999999999378628,0.9999999910000028,0.5049999905050014,0.9999999910000028,0.0,0.9999999910000028,0.15499999815500043,0.09499999959500027,1.0000000003119291,1.000000000330095,13.640571,352.1141,620.01841,574.16755,-27.196855,-17.978414,-195.70636,-21.710411,-19.107073,-11.202338,-21.371558,559.68881,1008.8136,876.58454,-1848.6993,290.77949,610.7027,622.80608,-66.126917,13.640571,886.668738,.
2109.0,2257.0134,22.222222,5.1111111,11.888889,5.3983,12.2168,10.636553,2879.9352,89.349,155.41504,64.3741,22.222222,10.111111,21.777778,0.0,22.222222,3.2222222,2.0,2.2441,727.06233,0.594349569079485,0.9999999910000028,0.22999999973000063,0.5350000055350016,1.0000000005557312,0.9999999997544367,0.040909819230139845,0.2814685347777429,0.9999999999776159,0.8938114436106444,0.9999999999378631,0.9999999910000028,0.45499999545500125,0.9800000109800029,0.0,0.9999999910000028,0.14499999914500042,0.09000000009000025,1.0000000003119283,1.000000000330095,13.98923,351.86305,575.06458,530.50386,-51.072023,-17.957951,-203.99196,-22.269253,-23.722776,-11.726878,-21.372083,557.70518,902.71878,772.23123,-1832.497,290.60839,572.20751,583.94941,-66.088389,13.98923,836.9164999999999,.
2110.0,2320.3444,22.222222,4.6666667,11.111111,5.3983,12.2168,9.4515515,2772.6084,89.349,155.41504,64.3741,22.222222,9.1111111,19.333333,0.0,22.222222,3.0,1.8888889,2.2441,727.06233,0.611026808372514,0.9999999910000028,0.2100000017100006,0.4999999955000014,1.0000000005557306,0.9999999997544362,0.0363521211532869,0.27097902197954365,0.9999999999776158,0.8938114436106445,0.9999999999378636,0.9999999910000028,0.4099999999100012,0.8699999858700025,0.0,0.9999999910000028,0.13500000013500038,0.08500000058500023,1.0000000003119294,1.000000000330095,14.180257,348.62668,530.14573,486.83863,-27.172853,-12.50976,-212.28054,-22.575011,-19.098254,-11.73116,-16.279415,550.03195,803.69899,675.04037,-1808.0845,287.99499,533.60521,544.98954,-56.022858,14.180257,786.37249,.
2111.0,2382.6347,22.222222,4.3333333,10.222222,5.3983,12.2168,8.235321,2661.7041,89.349,155.41504,64.3741,22.222222,8.1111111,17.0,0.0,22.222222,2.7777778,1.6666667,2.2441,727.06233,0.6274299954173195,0.9999999910000028,0.19499999869500054,0.4599999904600013,1.0000000005557306,0.9999999997544367,0.031674311537974245,0.26013986461879807,0.9999999999776156,0.8938114436106448,0.9999999999378631,0.9999999910000028,0.36499999986500103,0.7650000007650022,0.0,0.9999999910000028,0.12500000112500034,0.07500000157500021,1.0000000003119291,1.000000000330095,14.394657,317.70788,485.02928,442.94131,-27.283233,-12.537252,-220.77668,-22.918412,-19.148538,-11.738002,-16.34326,486.08086,711.75583,585.01495,-1783.7303,262.80357,494.66258,505.70099,-56.098424,14.394657,734.98885,.
2112.0,2504.0932,22.222222,3.8888889,9.3333333,5.3983,12.2168,7.1407994,2432.7403,89.349,155.41504,64.3741,22.222222,7.1111111,14.777778,0.0,22.222222,2.4444444,1.4444444,2.2441,727.06233,0.6594142127622585,0.9999999910000028,0.1750000006750005,0.41999999892000117,1.0000000005557308,0.9999999997544367,0.027464613076500548,0.23776224122534653,0.9999999999776159,0.8938114436106445,0.999999999937863,0.9999999910000028,0.3199999998200009,0.6650000106650019,0.0,0.9999999910000028,0.10999999811000032,0.06499999806500019,1.000000000311929,1.000000000330095,15.274739,274.96863,440.05619,399.15318,-26.995867,-12.466522,-229.47102,-24.329858,-19.1147,-12.266807,-16.26987,402.65924,627.12641,502.39726,-1759.2033,227.87605,455.68925,466.39149,-56.002328,15.274739,682.85764,.
2113.0,2320.3444,22.222222,3.4444444,8.3333333,5.3983,12.2168,6.1472047,2718.945,89.349,155.41504,64.3741,22.222222,6.2222222,12.666667,0.0,22.222222,2.2222222,1.2222222,2.2441,727.06233,0.611026808372514,0.9999999910000028,0.15499999815500043,0.374999998875001,1.0000000005557306,0.9999999997544371,0.02364309499963625,0.26573426558044405,0.9999999999776159,0.8938114436106444,0.9999999999378634,0.9999999910000028,0.2799999992800008,0.5700000155700017,0.0,0.9999999910000028,0.09999999910000028,0.05499999905500016,1.0000000003119294,1.000000000330095,13.231363,233.00296,395.82374,356.07161,-27.168718,-17.930703,-238.17689,-21.049693,-23.764527,-12.794392,-21.380939,327.31103,550.49487,427.90154,-1743.115,193.4258,417.18748,427.55821,-65.954356,13.231363,630.48056,.
2114.0,2563.2614,22.222222,2.8888889,7.3333333,5.3983,12.2168,5.1298836,2422.0076,89.349,155.41504,64.3741,22.222222,5.3333333,10.666667,0.0,22.222222,1.8888889,1.0,2.2441,727.06233,0.6749952430623927,0.9999999910000028,0.13000000063000036,0.3299999988300009,1.0000000005557308,0.9999999997544369,0.019730321538158,0.23671328799083988,0.9999999999776162,0.8938114436106445,0.9999999999378634,0.9999999910000028,0.23999999874000066,0.4800000154800014,0.0,0.9999999910000028,0.08500000058500023,0.04500000004500013,1.0000000003119294,1.000000000330095,14.63344,190.68377,351.20706,312.57293,-27.159041,-12.498558,-246.4844,-23.298741,-19.172007,-12.801758,-16.338039,258.52482,480.35247,359.95674,-1702.1829,158.50801,378.21519,388.25917,-56.024829,14.63344,577.2039199999999,.
2115.0,2678.4758,22.222222,2.3333333,6.2222222,5.3983,12.2168,4.2015008,2382.6544,89.349,155.41504,64.3741,22.222222,4.5555556,8.7777778,0.0,22.222222,1.5555556,0.77777778,2.2441,727.06233,0.7053351732514432,0.9999999910000028,0.1049999986050003,0.2799999992800008,1.0000000005557308,0.9999999997544363,0.016159618461289854,0.23286712938879417,0.9999999999776162,0.8938114436106448,0.9999999999378638,0.9999999910000028,0.2050000022050006,0.39500000139500113,0.0,0.9999999910000028,0.07000000207000019,0.0350000001350001,1.0000000003119285,1.000000000330095,15.278333,149.0712,307.26433,269.71712,-26.970129,-12.451241,-254.59633,-24.332532,-23.756037,-13.330789,-21.396648,197.43578,417.8309,299.79153,-1669.4795,124.02898,339.65912,349.39937,-55.908517,15.278333,523.7059999999999,.
2116.0,2678.4758,22.222222,1.8888889,5.1111111,5.3983,12.2168,3.4392806,2382.6544,89.349,136.79143,64.3741,19.888889,3.7777778,7.1111111,0.0,22.222222,1.2222222,0.44444444,2.2441,727.06233,0.7053351732514433,0.9999999910000028,0.08500000058500023,0.22999999973000063,1.0000000005557304,0.9999999997544363,0.013228002307488803,0.23286712938879348,0.9999999999776155,0.7867047199670275,0.9999999999378631,0.8950000058950025,0.17000000117000047,0.3199999998200009,0.0,0.9999999910000028,0.05499999905500016,0.019999999820000055,1.0000000003119294,1.000000000330095,14.876782,109.04333,264.84894,228.35819,-27.115802,-12.448584,-262.11369,-23.686988,-23.808709,-13.860345,-21.416733,144.74921,363.57525,248.03627,-1628.5718,90.719713,302.24561,311.69135,-55.926529,14.876782,469.64421999999996,.
2117.0,2678.4758,16.444444,1.3333333,4.2222222,5.3983,12.2168,2.6421698,2368.3442,89.349,136.79143,64.3741,13.777778,3.2222222,5.7777778,0.0,16.555556,0.88888889,0.22222222,2.2441,727.06233,0.7053351732514433,0.7399999807400021,0.05999999856000017,0.18999999919000055,1.0000000005557308,0.9999999997544371,0.010162191538305197,0.23146853159174058,0.9999999999776156,0.7867047199670274,0.9999999999378631,0.6200000106200018,0.14499999914500042,0.2600000012600007,0.0,0.7450000207450022,0.04000000009000011,0.009999999910000027,1.0000000003119285,1.000000000330095,14.725482,75.216854,228.59574,193.13162,-27.121211,-12.477065,-268.43495,-23.443107,-19.176649,-13.345486,-16.378446,101.87335,319.03171,206.09902,-1579.4483,62.529856,269.94147,279.09969,-45.902935,14.725482,415.52509999999995,.
2118.0,2734.5219,10.444444,1.0,3.4444444,5.3983,12.2168,1.9799932,2357.6115,89.349,136.79143,64.3741,8.8888889,2.7777778,4.6666667,0.0,10.555556,0.66666667,0.11111111,2.2441,727.06233,0.7200940468069064,0.46999998047000136,0.04500000004500013,0.15499999815500043,1.0000000005557306,0.9999999997544363,0.007615358461421301,0.2304195783572341,0.9999999999776158,0.7867047199670278,0.9999999999378638,0.4000000009000011,0.12500000112500034,0.2100000017100006,0.0,0.47500002047500134,0.030000000180000087,0.004999999955000014,1.0000000003119287,1.000000000330095,14.574091,49.637846,200.54782,166.08129,-27.169848,-12.455301,-273.15962,-23.199118,-19.222284,-13.350687,-16.402385,69.466012,284.83459,174.65039,-1522.0444,41.212823,244.50359,253.37818,-45.893475,14.574091,362.0804599999999,.
2119.0,2734.5219,6.2222222,0.77777778,2.8888889,5.3983,12.2168,1.4318777,2357.6115,89.349,136.79143,64.3741,5.5555555,2.4444444,4.0,0.0,6.2222222,0.55555556,0.0,2.2441,727.06233,0.7200940468069065,0.2799999992800008,0.0350000001350001,0.13000000063000036,1.0000000005557306,0.9999999997544365,0.005507221922992199,0.23041957835723384,0.9999999999776151,0.7867047199670277,0.9999999999378631,0.2499999977500007,0.10999999811000032,0.1800000001800005,0.0,0.2799999992800008,0.02500000022500007,0.0,1.0000000003119294,1.000000000330095,14.163877,32.214353,180.60746,147.11491,-27.050826,-12.416581,-275.58546,-22.540039,-19.22995,-13.880736,-16.345163,47.409171,260.86004,153.52341,-1456.3811,26.692019,225.86746,234.44155,-45.902657,14.163877,307.97560999999996,.
2120.0,2678.4758,3.7777778,0.66666667,2.6666667,5.3983,12.2168,1.1305,2375.4993,89.349,136.79143,64.3741,3.6666667,2.3333333,3.7777778,0.0,3.7777778,0.44444444,0.0,2.2441,727.06233,0.7053351732514432,0.17000000117000047,0.030000000180000087,0.12000000162000034,1.0000000005557308,0.9999999997544363,0.004348076923010032,0.23216783049026735,0.9999999999776159,0.7867047199670278,0.9999999999378634,0.16500000166500048,0.1049999986050003,0.17000000117000047,0.0,0.17000000117000047,0.019999999820000055,0.0,1.0000000003119294,1.000000000330095,13.323424,22.697684,168.53414,136.02833,-22.414672,-11.311706,-274.47724,-21.190382,-19.25353,-13.416784,-16.892613,35.382185,246.78673,142.47681,-1377.5734,18.760304,213.79583,222.09283,-43.88421,13.323424,253.84318999999994,.
2121.0,1339.008,3.4444444,0.66666667,2.6666667,5.3983,12.2168,0.98282442,5198.1935,89.349,136.79143,64.3741,3.4444444,2.3333333,3.8888889,0.0,3.4444444,0.44444444,0.0,2.2441,727.06233,0.3526070460166445,0.15499999815500043,0.030000000180000087,0.12000000162000034,1.0000000005557304,0.9999999997544368,0.0037800939230187677,0.508041954532931,0.9999999999776158,0.7867047199670277,0.9999999999378631,0.15499999815500043,0.1049999986050003,0.1750000006750005,0.0,0.15499999815500043,0.019999999820000055,0.0,1.000000000311929,1.000000000330095,4.6281943,20.598348,163.83268,132.2476,-22.1311,-10.770316,-268.10349,-7.2350648,-18.320298,-12.950999,-15.858994,32.77095,241.96818,140.66558,-1279.7321,17.009623,207.89126,215.92439,-41.801017,4.6281943,200.4728399999999,.
2122.0,600.43735,3.6666667,0.66666667,2.7777778,5.3983,12.2168,1.3557603,9634.367,89.349,136.79143,64.3741,3.6666667,2.4444444,4.1111111,0.0,3.6666667,0.55555556,0.0,2.2441,727.06233,0.1581158890025766,0.16500000166500048,0.030000000180000087,0.12500000112500034,1.000000000555731,0.9999999997544372,0.005214462692227471,0.94160839556426,0.9999999999776161,0.7867047199670278,0.9999999999378626,0.16500000166500048,0.10999999811000032,0.1849999996850005,0.0,0.16500000166500048,0.02500000022500007,0.0,1.0000000003119291,1.000000000330095,0.82301333,20.756107,161.35173,130.66116,-19.735277,-9.6813073,-253.84989,-1.1275263,-16.509627,-12.074207,-14.36903,33.022676,239.85893,141.43448,-1158.0459,17.139878,203.86155,211.6455,-37.774433,0.82301333,147.6862299999999,.
2123.0,686.66351,3.8888889,0.77777778,2.8888889,5.3983,12.2168,2.4727879,9555.6607,89.349,155.41504,64.3741,3.8888889,2.5555556,4.3333333,0.0,3.8888889,0.55555555,0.0,2.2441,727.06233,0.18082221455623906,0.1750000006750005,0.0350000001350001,0.13000000063000036,1.0000000005557315,0.9999999997544365,0.009510722692161376,0.9339160881336006,0.9999999999776159,0.8938114436106445,0.9999999999378631,0.1750000006750005,0.11500000211500032,0.19499999869500054,0.0,0.1750000006750005,0.02499999977500007,0.0,1.0000000003119278,1.000000000330095,0.82693615,20.955116,158.83763,129.01622,-17.625294,-8.5905115,-227.74459,-1.1329559,-14.718222,-10.674428,-12.368411,33.357545,237.5944,141.96908,-1001.7565,17.303795,199.83788,207.37973,-32.816724,0.82693615,95.82765999999992,.
2124.0,686.66351,4.1111111,0.77777778,2.8888889,5.3983,12.2168,5.2382316,9555.6607,89.349,155.41504,64.3741,4.1111111,2.6666667,4.5555556,0.0,4.1111111,0.55555555,0.0,2.2441,727.06233,0.18082221455623906,0.1849999996850005,0.0350000001350001,0.13000000063000036,1.0000000005557306,0.9999999997544363,0.020147044615074657,0.9339160881335996,0.9999999999776159,0.8938114436106446,0.9999999999378636,0.1849999996850005,0.12000000162000034,0.2050000022050006,0.0,0.1849999996850005,0.02499999977500007,0.0,1.0000000003119291,1.000000000330095,0.83004145,21.15348,156.28993,127.31303,-12.611322,-6.3871079,-182.96042,-1.1371943,-11.004214,-8.4799202,-9.3044986,33.68361,235.1545,142.24964,-791.11132,17.467345,195.82198,203.12924,-25.774842,0.83004145,45.10371999999995,.
2125.0,686.66351,4.3333333,0.77777778,3.0,5.3983,12.2168,13.908786,9502.3598,89.349,173.879,64.3741,4.4444444,2.7777778,4.7777778,0.0,4.3333333,0.55555555,0.0,2.2441,727.06233,0.1808222145562391,0.19499999869500054,0.0350000001350001,0.13500000013500038,1.0000000005557308,0.9999999997544363,0.05349533076840775,0.9287067604288168,0.9999999999776155,1.0000000000230045,0.999999999937863,0.19999999820000056,0.12500000112500034,0.2150000012150006,0.0,0.19499999869500054,0.02499999977500007,0.0,1.0000000003119294,1.000000000330095,0.83333595,21.348234,153.70759,125.55136,-10.538287,-4.2187576,-106.98108,-1.1416972,-6.9262629,-4.9346663,-6.2817262,33.996753,232.52161,142.26129,-492.37658,17.628089,191.82611,198.89598,-16.838861,0.83333595,-0.11513999999999669,3942.7375
2126.0,686.66351,4.6666667,0.88888889,3.1111111,5.3983,12.2168,122.1155,9494.8422,89.349,173.879,64.3741,4.6666667,2.8888889,4.8888889,0.356,4.6666667,0.66666667,0.0,2.2441,727.06233,0.18082221455623906,0.2100000017100006,0.04000000009000011,0.1399999996400004,1.0000000005557315,0.9999999997544365,0.4696749999927743,0.9279720328359752,0.9999999999776156,1.0000000000230045,0.9999999999378631,0.2100000017100006,0.13000000063000036,0.22000000072000064,0.04876044377482542,0.2100000017100006,0.030000000180000087,0.0,1.0000000003119287,1.000000000330095,0.84481869,21.539668,151.09119,123.73188,-3.0870351,-1.4719208,-5.3688477,-1.1579522,-0.9349657,-0.33991499,-1.1872364,34.298448,229.68319,141.99417,-131.80353,17.786248,187.83411,194.68448,-5.7590608,0.84481869,-26.963700000000017,-0.0
2127.0,686.66351,4.8888889,0.88888889,3.2222222,5.3983,12.2168,122.1155,9494.8422,89.349,173.879,64.3741,5.0,3.0,5.1111111,0.341,4.8888889,0.66666667,0.0,2.2441,727.06233,0.18082221455623912,0.22000000072000064,0.04000000009000011,0.14499999914500042,1.0000000005557306,0.9999999997544372,0.4696749999927742,0.9279720328359741,0.9999999999776154,1.0000000000230045,0.9999999999378631,0.22500000022500063,0.13500000013500038,0.22999999973000063,0.046705930694425496,0.22000000072000064,0.030000000180000087,0.0,1.0000000003119294,1.000000000330095,0.85042791,21.742048,148.44382,121.86572,-3.1341337,-1.4703594,-5.5600384,-1.1657597,-0.96498597,-0.3492414,-1.2163664,34.618211,226.62902,141.44145,-131.90337,17.953414,183.8645,190.50056,-5.7388739,0.85042791,-38.94475,-0.0
2128.0,686.66351,5.2222222,0.88888889,3.2222222,5.3983,12.2168,122.1155,9434.0236,89.349,173.879,64.3741,5.2222222,3.0,5.3333333,0.326,5.2222222,0.66666667,0.11111111,2.2441,727.06233,0.18082221455623906,0.23499999923500067,0.04000000009000011,0.14499999914500042,1.000000000555731,0.9999999997544369,0.4696749999927744,0.9220279677649154,0.9999999999776165,1.0000000000230045,0.9999999999378631,0.23499999923500067,0.13500000013500038,0.23999999874000066,0.044651417614025524,0.23499999923500067,0.030000000180000087,0.004999999955000014,1.0000000003119294,1.000000000330095,0.85708667,21.924604,145.7689,119.94163,-2.9270212,-1.4675703,-5.7561067,-1.1750356,-0.94271882,-0.35823929,-1.1814205,34.89013,223.33843,140.59788,-131.9181,18.104591,179.93145,186.35142,-5.6326519,0.85708667,-47.00935000000004,-0.0
2129.0,686.66351,5.5555556,1.0,3.3333333,5.3983,12.2168,114.00801,9434.0236,89.349,173.879,64.3741,5.5555556,3.1111111,5.4444444,0.311,5.5555556,0.66666667,0.11111111,2.2441,727.06233,0.18082221455623906,0.2500000022500007,0.04500000004500013,0.14999999865000044,1.0000000005557306,0.9999999997544367,0.4384923461471002,0.9220279677649137,0.9999999999776162,1.0000000000230052,0.9999999999378638,0.2500000022500007,0.1399999996400004,0.24499999824500068,0.04259690453362557,0.2500000022500007,0.030000000180000087,0.004999999955000014,1.0000000003119294,1.000000000330095,0.86376118,22.12656,143.06143,117.97103,-2.8275358,-1.4537402,-5.9659176,-1.1843603,-0.96705541,-0.36997824,-1.1890489,35.210766,219.79069,139.05401,-131.90884,18.271389,176.01583,182.23642,-5.6165547,0.86376118,-52.081050000000005,-0.0
2130.0,686.66351,5.8888889,1.0,3.4444444,5.3983,12.2168,114.00801,9369.6276,89.349,173.879,64.3741,5.8888889,3.2222222,5.5555555,0.291,5.7777778,0.77777778,0.11111111,2.2441,727.06233,0.18082221455623906,0.2650000007650008,0.04500000004500013,0.15499999815500043,1.0000000005557304,0.9999999997544369,0.4384923461471002,0.9157342679047418,0.9999999999776158,1.0000000000230047,0.999999999937863,0.2650000007650008,0.14499999914500042,0.2499999977500007,0.03985755375975899,0.2600000012600007,0.0350000001350001,0.004999999955000014,1.0000000003119294,1.000000000330095,0.86916043,22.338037,140.32187,115.93878,-3.0204196,-1.4408935,-6.185184,-1.1918426,-0.99202773,-0.38575743,-1.233243,35.554724,216.00688,137.11301,-131.95157,18.445845,172.12631,178.15419,-5.6553821,0.86916043,-54.81134999999995,-0.0
2131.0,686.66351,6.1111111,1.0,3.4444444,5.3983,12.2168,114.00801,9369.6276,89.349,173.879,64.3741,6.2222222,3.2222222,5.6666667,0.271,6.1111111,0.77777778,0.11111111,2.2441,727.06233,0.18082221455623906,0.2749999997750008,0.04500000004500013,0.15499999815500043,1.000000000555731,0.9999999997544371,0.43849234614710025,0.9157342679047424,0.9999999999776155,1.0000000000230045,0.9999999999378634,0.2799999992800008,0.14499999914500042,0.25500000175500076,0.03711820298589238,0.2749999997750008,0.0350000001350001,0.004999999955000014,1.0000000003119283,1.000000000330095,0.87774067,22.538256,137.54983,113.86717,-3.0079971,-1.4527377,-6.4159173,-1.2038457,-1.0033546,-0.39265237,-1.2532124,35.875773,212.02271,135.06125,-131.96181,18.611111,168.25787,174.09951,-5.6247,0.87774067,-54.739250000000084,-0.0
2132.0,686.66351,6.4444444,1.1111111,3.5555556,5.3983,12.2168,106.87681,9308.8091,89.349,173.879,64.3741,6.5555555,3.3333333,5.7777778,0.258,6.4444444,0.77777778,0.11111111,2.2441,727.06233,0.18082221455623906,0.28999999829000084,0.04999999955000014,0.16000000216000046,1.0000000005557308,0.9999999997544362,0.4110646538398297,0.9097902126071169,0.9999999999776156,1.0000000000230047,0.9999999999378636,0.2949999977950008,0.14999999865000044,0.2600000012600007,0.03533762498287908,0.28999999829000084,0.0350000001350001,0.004999999955000014,1.0000000003119285,1.000000000330095,0.88387055,22.74368,134.74699,111.76626,-3.0637241,-1.4423769,-6.6569867,-1.2123815,-1.0205455,-0.41239163,-1.2712622,36.207481,207.86599,132.91794,-131.92655,18.780644,164.40965,170.07123,-5.6456196,0.88387055,-52.945850000000064,-0.0
2133.0,771.84899,6.8888889,1.1111111,3.5555556,5.3983,12.2168,106.87681,9233.6803,89.349,173.879,64.3741,6.8888889,3.3333333,5.8888889,0.242,6.7777778,0.77777778,0.11111111,2.2441,727.06233,0.2032544931283686,0.3100000008100009,0.04999999955000014,0.16000000216000046,1.0000000005557308,0.9999999997544368,0.41106465383982993,0.9024475497390015,0.9999999999776151,1.000000000023005,0.9999999999378636,0.3100000008100009,0.14999999865000044,0.2650000007650008,0.03314614436378582,0.3050000013050009,0.0350000001350001,0.004999999955000014,1.0000000003119294,1.000000000330095,0.90265229,22.928085,131.91262,109.62959,-2.6506758,-1.411384,-6.9083281,-1.2387043,-1.0060382,-0.41780822,-1.2543738,36.49709,203.55613,130.69713,-131.80241,18.933002,160.58037,166.06786,-5.4779957,0.90265229,-52.14155000000005,-0.0
2134.0,771.84899,7.2222222,1.1111111,3.6666667,5.3983,12.2168,100.55507,9233.6803,89.349,173.879,64.3741,7.2222222,3.3333333,6.0,0.226,7.2222222,0.77777778,0.11111111,2.2441,727.06233,0.20325449312836855,0.3249999993250009,0.04999999955000014,0.16500000166500048,1.0000000005557308,0.9999999997544365,0.3867502692248193,0.902447549739005,0.9999999999776161,1.000000000023005,0.999999999937863,0.3249999993250009,0.14999999865000044,0.27000000027000076,0.030954663744692534,0.3249999993250009,0.0350000001350001,0.004999999955000014,1.0000000003119285,1.000000000330095,0.90863047,23.135832,129.05846,107.48013,-2.9338139,-1.4379563,-7.1724737,-1.2470548,-1.0733205,-0.4366994,-1.2755746,36.827259,199.12385,128.29743,-131.67966,19.104565,156.77859,162.09783,-5.4856931,0.90863047,-49.6146500000001,-0.0
2135.0,771.84899,7.5555555,1.1111111,3.6666667,5.3983,12.2168,100.55507,9165.7067,89.349,173.879,64.3741,7.5555555,3.4444444,6.1111111,0.21,7.5555555,0.77777778,0.22222222,2.2441,727.06233,0.20325449312836855,0.33999999784000096,0.04999999955000014,0.16500000166500048,1.0000000005557304,0.9999999997544369,0.3867502692248193,0.8958041955428514,0.9999999999776154,1.0000000000230047,0.9999999999378631,0.33999999784000096,0.15499999815500043,0.2749999997750008,0.028763183125599272,0.33999999784000096,0.0350000001350001,0.009999999910000027,1.0000000003119291,1.000000000330095,0.91432854,23.262044,126.18063,105.29542,-2.7044175,-1.3941166,-7.4458178,-1.2549675,-1.0275228,-0.44738772,-1.2432962,36.984498,194.5866,125.73841,-131.48123,19.209791,152.99977,158.15642,-5.3843973,0.91432854,-44.266050000000064,-0.0
2136.0,771.84899,7.8888889,1.1111111,3.7777778,5.3983,12.2168,94.911913,9165.7067,89.349,173.879,64.3741,7.8888889,3.4444444,6.1111111,0.198,7.8888889,0.88888889,0.22222222,2.2441,727.06233,0.20325449312836855,0.35500000085500105,0.04999999955000014,0.17000000117000047,1.0000000005557308,0.9999999997544369,0.36504581922515333,0.8958041955428514,0.9999999999776165,1.000000000023004,0.9999999999378626,0.35500000085500105,0.15499999815500043,0.2749999997750008,0.027119572661279314,0.35500000085500105,0.04000000009000011,0.009999999910000027,1.0000000003119294,1.000000000330095,0.92052193,23.254265,123.2766,103.00527,-2.8141118,-1.3747098,-7.7309536,-1.2636053,-1.0670506,-0.45847463,-1.2524045,36.877156,189.96266,123.04017,-131.253,19.205578,149.23989,154.23966,-5.3875713,0.92052193,-39.51615000000004,-0.0
2137.0,771.84899,8.1111111,1.2222222,3.7777778,5.3983,12.2168,94.911913,9108.4658,89.349,173.879,64.3741,8.1111111,3.4444444,6.2222222,0.182,8.1111111,0.88888889,0.22222222,2.2441,727.06233,0.20325449312836857,0.36499999986500103,0.05499999905500016,0.17000000117000047,1.000000000555731,0.9999999997544365,0.3650458192251533,0.8902097945812047,0.9999999999776166,1.0000000000230045,0.9999999999378638,0.36499999986500103,0.15499999815500043,0.2799999992800008,0.024928092042186028,0.36499999986500103,0.04000000009000011,0.009999999910000027,1.0000000003119291,1.000000000330095,0.93071837,23.141469,120.34776,100.65141,-2.8361084,-1.3783988,-8.0270296,-1.277958,-1.0797365,-0.47796872,-1.243241,36.58462,185.27354,120.22349,-130.96918,19.115102,145.49803,150.34641,-5.369699,0.93071837,-34.47315000000003,-0.0
2138.0,771.84899,8.3333333,1.2222222,3.7777778,5.3983,12.2168,89.843237,9029.7595,89.349,173.879,64.3741,8.2222222,3.5555556,6.2222222,0.166,8.3333333,0.88888889,0.22222222,2.2441,727.06233,0.20325449312836857,0.374999998875001,0.05499999905500016,0.17000000117000047,1.0000000005557306,0.9999999997544367,0.3455509115331455,0.8825174871505453,0.9999999999776161,1.0000000000230052,0.9999999999378631,0.369999999370001,0.16000000216000046,0.2799999992800008,0.022736611423092756,0.374999998875001,0.04000000009000011,0.009999999910000027,1.000000000311929,1.000000000330095,0.93117996,22.926194,117.39545,98.257061,-2.7383027,-1.3722662,-8.3338428,-1.2781589,-1.0863418,-0.48720791,-1.262956,36.129617,180.59684,117.36698,-130.61749,18.93995,141.76639,146.46862,-5.3344925,0.93117996,-29.767450000000053,-0.0
2139.0,771.84899,8.4444444,1.2222222,3.8888889,5.3983,12.2168,85.265202,9029.7595,89.349,173.879,64.3741,8.3333333,3.5555556,6.3333333,0.15,8.4444444,0.88888889,0.22222222,2.2441,727.06233,0.20325449312836857,0.3799999983800011,0.05499999905500016,0.1750000006750005,1.0000000005557308,0.9999999997544365,0.32794308461033916,0.8825174871505425,0.9999999999776156,1.0000000000230045,0.9999999999378631,0.374999998875001,0.16000000216000046,0.28499999878500076,0.020545130803999476,0.3799999983800011,0.04000000009000011,0.009999999910000027,1.000000000311929,1.000000000330095,0.94634767,22.610554,114.41915,95.822284,-2.7584471,-1.3313643,-8.6472785,-1.2995093,-1.0954506,-0.50517898,-1.2468253,35.531081,175.95975,114.49819,-130.21948,18.681554,138.04317,142.60301,-5.2772768,0.94634767,-24.94281000000001,-0.0
2140.0,771.84899,8.5555555,1.2222222,3.8888889,5.3983,12.2168,85.265202,8768.5976,89.349,173.879,64.3741,8.4444444,3.5555556,6.3333333,0.134,8.5555555,0.88888889,0.22222222,2.2441,727.06233,0.20325449312836855,0.3849999978850011,0.05499999905500016,0.1750000006750005,1.000000000555731,0.9999999997544363,0.3279430846103395,0.8569930040535751,0.9999999999776155,1.000000000023004,0.9999999999378631,0.3799999983800011,0.16000000216000046,0.28499999878500076,0.018353650184906197,0.3849999978850011,0.04000000009000011,0.009999999910000027,1.0000000003119285,1.000000000330095,0.95830462,22.19842,111.4211,93.349721,-2.6408594,-1.3270978,-8.9702678,-1.3162105,-1.1227905,-0.51869901,-1.2766447,34.814537,171.36044,111.61766,-129.71772,18.342658,134.3294,138.75311,-5.2354898,0.95830462,-19.919080000000008,-0.0
2141.0,855.99377,8.6666667,1.2222222,3.8888889,5.3983,12.2168,81.109521,8389.3764,89.349,173.879,64.3741,8.5555555,3.5555556,6.3333333,0.118,8.6666667,0.88888889,0.22222222,2.2441,727.06233,0.22541271945227437,0.3900000018900011,0.05499999905500016,0.1750000006750005,1.0000000005557308,0.9999999997544369,0.31195969614904684,0.8199300744707625,0.9999999999776151,1.0000000000230043,0.9999999999378631,0.3849999978850011,0.16000000216000046,0.28499999878500076,0.01616216956581292,0.3900000018900011,0.04000000009000011,0.009999999910000027,1.0000000003119294,1.000000000330095,0.96371369,21.71052,108.42203,90.873783,-2.8924688,-1.3269503,-9.2985879,-1.3236106,-1.1886769,-0.53885286,-1.2834853,34.011096,166.80442,108.73096,-129.12573,17.940402,130.64389,134.93954,-5.2059966,0.96371369,-15.036249999999995,-0.0
2142.0,855.99377,8.7777778,1.2222222,3.8888889,5.3983,12.2168,77.32002,8324.9803,89.349,173.879,64.3741,8.5555555,3.5555556,6.3333333,0.105,8.7777778,0.88888889,0.22222222,2.2441,727.06233,0.2254127194522744,0.39500000139500113,0.05499999905500016,0.1750000006750005,1.0000000005557308,0.9999999997544365,0.29738469230311726,0.8136363648371583,0.9999999999776166,1.0000000000230045,0.9999999999378634,0.3849999978850011,0.16000000216000046,0.28499999878500076,0.014381591562799634,0.39500000139500113,0.04000000009000011,0.009999999910000027,1.0000000003119294,1.000000000330095,0.97394405,21.17168,105.44242,88.411066,-2.5617444,-1.2749258,-9.6260033,-1.3377993,-1.1173386,-0.5462175,-1.2223072,33.147758,162.29547,105.84388,-128.40725,17.495585,127.00663,131.17903,-5.0217991,0.97394405,-10.266890000000103,-0.0
2143.0,855.99377,8.6666667,1.2222222,3.8888889,5.3983,12.2168,73.850062,8303.1304,89.349,173.879,64.3741,8.4444444,3.5555556,6.4444444,0.093,8.6666667,0.88888889,0.22222222,2.2441,727.06233,0.2254127194522743,0.3900000018900011,0.05499999905500016,0.1750000006750005,1.0000000005557304,0.9999999997544367,0.28403869999563003,0.8115008795185865,0.9999999999776161,1.0000000000230052,0.9999999999378634,0.3799999983800011,0.16000000216000046,0.28999999829000084,0.012737981098479671,0.3900000018900011,0.04000000009000011,0.009999999910000027,1.0000000003119291,1.000000000330095,0.97653191,20.420962,102.50353,85.95032,-2.676944,-1.2679149,-9.9503499,-1.3412535,-1.154926,-0.55742743,-1.239328,31.869847,157.85994,102.98446,-127.54218,16.877578,123.43413,127.48799,-5.0280724,0.97653191,-5.421940000000063,-0.0
2144.0,855.99377,8.5555555,1.2222222,3.8888889,5.3983,12.2168,70.660609,8257.0067,89.349,173.879,64.3741,8.3333333,3.5555556,6.4444444,0.081,8.5555555,0.88888889,0.22222222,2.2441,727.06233,0.22541271945227437,0.3849999978850011,0.05499999905500016,0.1750000006750005,1.0000000005557308,0.9999999997544369,0.271771573072742,0.8069930106410056,0.9999999999776158,1.0000000000230045,0.999999999937863,0.374999998875001,0.16000000216000046,0.28999999829000084,0.011094370634159724,0.3849999978850011,0.04000000009000011,0.009999999910000027,1.0000000003119294,1.000000000330095,0.98989786,19.623463,99.621482,83.532261,-2.5312346,-1.2568042,-10.264476,-1.3597583,-1.1389445,-0.57291957,-1.2144423,30.535328,153.519,100.17373,-126.56337,16.220601,119.93864,123.87861,-4.9514469,0.98989786,-0.5541699999999992,-0.0
2145.0,855.99377,8.4444444,1.2222222,3.8888889,5.3983,12.2168,70.660609,7291.0657,89.349,173.879,64.3741,8.2222222,3.5555556,6.4444444,0.069,8.4444444,0.88888889,0.22222222,2.2441,727.06233,0.22541271945227434,0.3799999983800011,0.05499999905500016,0.1750000006750005,1.000000000555731,0.9999999997544367,0.2717715730727421,0.712587415004079,0.9999999999776165,1.0000000000230045,0.9999999999378636,0.369999999370001,0.16000000216000046,0.28999999829000084,0.009450760169839756,0.3799999983800011,0.04000000009000011,0.009999999910000027,1.0000000003119283,1.000000000330095,0.97133324,18.92559,96.818389,81.179374,-2.4881618,-1.2858998,-10.558599,-1.3332749,-1.1744796,-0.58593273,-1.2899604,29.435935,149.3007,97.441115,-125.52501,15.64409,116.526,120.36804,-4.9648827,0.97133324,3.4894899999999325,-0.0
2146.0,855.99377,8.4444444,1.2222222,3.8888889,5.3983,12.2168,67.718731,8208.9001,89.349,173.879,64.3741,8.2222222,3.6666667,6.4444444,0.06,8.4444444,0.88888889,0.22222222,2.2441,727.06233,0.22541271945227434,0.3799999983800011,0.05499999905500016,0.1750000006750005,1.0000000005557306,0.9999999997544359,0.2604566576883008,0.8022913443621473,0.9999999999776156,1.0000000000230045,0.9999999999378638,0.369999999370001,0.16500000166500048,0.28999999829000084,0.00821805232159979,0.3799999983800011,0.04000000009000011,0.009999999910000027,1.0000000003119283,1.000000000330095,0.93681489,18.323799,94.097787,78.903499,-2.6215998,-1.2400223,-10.814355,-1.2832296,-1.1665423,-0.59699811,-1.2476063,28.547298,145.20838,94.79097,-124.08288,15.145486,113.20827,116.95876,-4.8704464,0.93681489,5.0727099999999155,-0.0
2147.0,855.99377,8.4444444,1.2222222,3.8888889,5.3983,12.2168,64.99646,8245.4164,89.349,173.879,64.3741,8.3333333,3.6666667,6.4444444,0.051,8.4444444,0.88888889,0.22222222,2.2441,727.06233,0.22541271945227442,0.3799999983800011,0.05499999905500016,0.1750000006750005,1.0000000005557304,0.9999999997544368,0.24998638461153866,0.8058602404458147,0.9999999999776155,1.0000000000230047,0.9999999999378634,0.374999998875001,0.16500000166500048,0.28999999829000084,0.006985344473359821,0.3799999983800011,0.04000000009000011,0.009999999910000027,1.0000000003119294,1.000000000330095,0.91104437,17.804066,91.453445,76.681935,-2.395571,-1.1981195,-11.009709,-1.245854,-1.1700556,-0.60092822,-1.2525702,27.83258,141.23202,92.216305,-122.37311,14.713705,109.9872,113.64554,-4.7384886,0.91104437,4.637389999999982,-0.0
2148.0,855.99377,8.4444444,1.2222222,3.8888889,5.3983,12.2168,62.469887,8068.7714,89.349,173.879,64.3741,8.3333333,3.6666667,6.4444444,0.045,8.4444444,0.88888889,0.22222222,2.2441,727.06233,0.22541271945227434,0.3799999983800011,0.05499999905500016,0.1750000006750005,1.0000000005557301,0.9999999997544367,0.24026879615014982,0.7885959598724857,0.9999999999776155,1.0000000000230045,0.9999999999378634,0.374999998875001,0.16500000166500048,0.28999999829000084,0.006163539241199841,0.3799999983800011,0.04000000009000011,0.009999999910000027,1.0000000003119287,1.000000000330095,0.88573221,17.298672,88.883454,74.521692,-2.4780599,-1.1803411,-11.11129,-1.209567,-1.1691818,-0.60599633,-1.240901,27.140176,137.36941,89.714605,-120.33192,14.293757,106.83371,110.4259,-4.6779091,0.88573221,4.156229999999937,-0.0
2149.0,855.99377,8.4444444,1.2222222,4.0,5.3983,12.2168,62.469887,8071.0978,89.349,173.879,64.3741,8.4444444,3.6666667,6.4444444,0.042,8.4444444,0.88888889,0.22222222,2.2441,727.06233,0.22541271945227434,0.3799999983800011,0.05499999905500016,0.1800000001800005,1.0000000005557304,0.9999999997544371,0.2402687961501497,0.7888233290158265,0.9999999999776158,1.0000000000230045,0.9999999999378631,0.3799999983800011,0.16500000166500048,0.28999999829000084,0.005752636625119853,0.3799999983800011,0.04000000009000011,0.009999999910000027,1.0000000003119294,1.000000000330095,0.86122142,16.840172,86.419245,72.465972,-2.414721,-1.1781591,-11.060712,-1.1743368,-1.1043396,-0.59558881,-1.1863732,26.481017,133.62893,87.295915,-117.71923,13.913488,103.79012,107.326,-4.5192857,0.86122142,2.7189899999999625,-0.0
2150.0,855.99377,8.5555555,1.2222222,4.0,5.3983,12.2168,62.469887,7879.5263,89.349,173.879,64.3741,8.4444444,3.6666667,6.5555555,0.042,8.5555555,0.88888889,0.22222222,2.2441,727.06233,0.22541271945227437,0.3849999978850011,0.05499999905500016,0.1800000001800005,1.0000000005557308,0.9999999997544368,0.24026879615014976,0.770100216978385,0.9999999999776159,1.0000000000230045,0.9999999999378631,0.3799999983800011,0.16500000166500048,0.2949999977950008,0.005752636625119854,0.3849999978850011,0.04000000009000011,0.009999999910000027,1.0000000003119294,1.000000000330095,0.83722868,16.435455,84.065277,70.496494,-2.3235683,-1.1296434,-10.759206,-1.1401329,-1.0934352,-0.57826655,-1.1506362,25.857465,130.01274,84.960753,-114.25956,13.578804,100.86804,104.34825,-4.416031,0.83722868,0.1471599999999853,23.101849
2151.0,855.99377,8.6666667,1.3333333,4.0,5.3983,12.2168,62.469887,7894.8294,89.349,173.879,64.3741,8.5555555,3.6666667,6.5555555,0.045,8.6666667,0.88888889,0.22222222,2.2441,727.06233,0.22541271945227428,0.3900000018900011,0.05999999856000017,0.1800000001800005,1.0000000005557304,0.9999999997544368,0.24026879615014976,0.7715958551908554,0.9999999999776165,1.0000000000230047,0.9999999999378634,0.3849999978850011,0.16500000166500048,0.2949999977950008,0.006163539241199841,0.3900000018900011,0.04000000009000011,0.009999999910000027,1.0000000003119294,1.000000000330095,0.81403721,16.069109,81.80515,68.608775,-2.2001347,-1.0904299,-10.186249,-1.1069251,-1.0330887,-0.55152801,-1.0906941,25.26324,126.51001,82.781383,-109.99453,13.276536,98.050848,101.47808,-4.2496172,0.81403721,-0.26262000000008356,5.6821576
2152.0,855.99377,8.6666667,1.3333333,4.0,5.3983,12.2168,62.469887,8011.0957,89.349,173.879,64.3741,8.5555555,3.6666667,6.5555555,0.045,8.6666667,0.88888889,0.22222222,2.2441,727.06233,0.22541271945227437,0.3900000018900011,0.05999999856000017,0.1800000001800005,1.0000000005557301,0.9999999997544367,0.2402687961501497,0.7829590640245231,0.9999999999776161,1.0000000000230047,0.9999999999378634,0.3849999978850011,0.16500000166500048,0.2949999977950008,0.006163539241199842,0.3900000018900011,0.04000000009000011,0.009999999910000027,1.000000000311929,1.000000000330095,0.79134375,15.727502,79.624647,66.809083,-2.1544146,-1.0687814,-9.9524767,-1.0746846,-1.0339152,-0.53937784,-1.0960623,24.693364,123.11383,80.597044,-106.99242,12.995066,95.323222,98.702997,-4.1693053,0.79134375,-0.30716000000006716,8.0728401
2153.0,855.99377,8.7777778,1.3333333,4.0,5.3983,12.2168,62.469887,8324.9803,89.349,173.879,64.3741,8.6666667,3.6666667,6.5555555,0.045,8.7777778,0.88888889,0.22222222,2.2441,727.06233,0.22541271945227437,0.39500000139500113,0.05999999856000017,0.1800000001800005,1.0000000005557308,0.9999999997544368,0.24026879615014965,0.8136363648371558,0.9999999999776156,1.0000000000230045,0.999999999937863,0.3900000018900011,0.16500000166500048,0.2949999977950008,0.006163539241199841,0.39500000139500113,0.04000000009000011,0.009999999910000027,1.0000000003119287,1.000000000330095,0.71019363,15.397916,77.505271,65.061969,-2.0792629,-1.0176602,-9.6348213,-0.96015525,-0.99223729,-0.52215496,-1.062192,24.142251,119.81621,78.476492,-103.75487,12.72353,92.679178,96.004776,-4.0443832,0.71019363,-0.33417000000008557,9.8233329
2154.0,855.99377,8.8888889,1.3333333,4.0,5.3983,12.2168,62.469887,8389.3764,89.349,173.879,64.3741,8.7777778,3.6666667,6.6666667,0.048,8.8888889,0.88888889,0.22222222,2.2441,727.06233,0.2254127194522743,0.4000000009000011,0.05999999856000017,0.1800000001800005,1.000000000555731,0.9999999997544362,0.24026879615014976,0.8199300744707652,0.9999999999776161,1.0000000000230043,0.9999999999378634,0.39500000139500113,0.16500000166500048,0.30000000180000086,0.006574441857279829,0.4000000009000011,0.04000000009000011,0.009999999910000027,1.0000000003119285,1.000000000330095,0.67616701,15.045369,75.416182,63.333323,-2.0001415,-0.9903536,-9.2876104,-0.91205526,-0.97034471,-0.501478,-1.0177619,23.565748,116.571,76.374083,-100.47376,12.432773,90.087538,93.360356,-3.9030768,0.67616701,-0.3385200000000168,5.4162602
2155.0,855.99377,8.8888889,1.3333333,4.0,5.3983,12.2168,64.99646,8324.9803,89.349,173.879,64.3741,8.7777778,3.7777778,6.6666667,0.048,8.8888889,0.88888889,0.22222222,2.2441,727.06233,0.2254127194522744,0.4000000009000011,0.05999999856000017,0.1800000001800005,1.0000000005557304,0.9999999997544363,0.24998638461153877,0.8136363648371574,0.9999999999776151,1.0000000000230045,0.999999999937863,0.39500000139500113,0.17000000117000047,0.30000000180000086,0.006574441857279833,0.4000000009000011,0.04000000009000011,0.009999999910000027,1.0000000003119296,1.000000000330095,0.68183678,14.662027,73.347029,61.614665,-2.0274058,-0.96523179,-8.9420308,-0.9197732,-0.91941228,-0.4862038,-0.99203837,22.953723,113.36655,74.278436,-97.328929,12.116269,87.54098,90.760053,-3.7788526,0.68183678,-0.33819000000005417,10.607774
2156.0,855.99377,8.8888889,1.3333333,4.0,5.3983,12.2168,64.99646,8257.0067,89.349,173.879,64.3741,8.7777778,3.7777778,6.6666667,0.051,9.0,0.88888889,0.22222222,2.2441,727.06233,0.2254127194522744,0.4000000009000011,0.05999999856000017,0.1800000001800005,1.0000000005557301,0.9999999997544365,0.24998638461153877,0.8069930106410057,0.9999999999776166,1.0000000000230045,0.999999999937863,0.39500000139500113,0.17000000117000047,0.30000000180000086,0.006985344473359824,0.40500000040500117,0.04000000009000011,0.009999999910000027,1.0000000003119291,1.000000000330095,0.68563701,14.26313,71.310245,59.908404,-1.8924953,-0.9430408,-8.4673401,-0.92480717,-0.88417163,-0.45915915,-0.94684616,22.325316,110.22019,72.207652,-93.817997,11.786724,85.045567,88.212525,-3.6357195,0.68563701,-0.33528000000001157,3.8556808
2157.0,855.99377,9.0,1.3333333,4.1111111,5.3983,12.2168,67.718731,7510.2115,89.349,173.879,64.3741,8.7777778,3.7777778,6.6666667,0.057,9.0,0.88888889,0.22222222,2.2441,727.06233,0.2254127194522743,0.40500000040500117,0.05999999856000017,0.1849999996850005,1.0000000005557308,0.9999999997544367,0.26045665768830073,0.734005482753902,0.9999999999776162,1.0000000000230045,0.9999999999378631,0.39500000139500113,0.17000000117000047,0.30000000180000086,0.007807149705519798,0.40500000040500117,0.04000000009000011,0.009999999910000027,1.0000000003119291,1.000000000330095,0.68735948,13.862808,69.318247,58.233552,-1.8214801,-0.89077157,-7.9325988,-0.92703235,-0.84295431,-0.43549527,-0.90320918,21.698504,107.14758,70.178312,-90.231784,11.455913,82.613884,85.726841,-3.5109585,0.68735948,-0.33205000000009477,38.572104
2158.0,855.99377,9.0,1.3333333,4.1111111,5.3983,12.2168,67.718731,8085.5331,89.349,173.879,64.3741,8.7777778,3.7777778,6.6666667,0.066,9.0,0.88888889,0.22222222,2.2441,727.06233,0.22541271945227437,0.40500000040500117,0.05999999856000017,0.1849999996850005,1.0000000005557308,0.9999999997544372,0.2604566576883007,0.790234153377459,0.9999999999776161,1.0000000000230045,0.9999999999378631,0.39500000139500113,0.17000000117000047,0.30000000180000086,0.009039857553759773,0.40500000040500117,0.04000000009000011,0.009999999910000027,1.0000000003119294,1.000000000330095,0.66817969,13.473222,67.382418,56.610314,-1.7981897,-0.85421247,-7.2476686,-0.90003141,-0.7966898,-0.40106444,-0.8545502,21.088446,104.16097,68.22041,-86.301614,11.133974,80.249984,83.312103,-3.3634941,0.66817969,-0.42143000000010034,-0.0
2159.0,855.99377,9.0,1.3333333,4.1111111,5.3983,12.2168,67.718731,8240.5742,89.349,173.879,64.3741,8.7777778,3.7777778,6.6666667,0.054,9.0,0.88888889,0.33333333,2.2441,727.06233,0.2254127194522743,0.40500000040500117,0.05999999856000017,0.1849999996850005,1.0000000005557315,0.9999999997544368,0.2604566576883007,0.8053869912771879,0.9999999999776161,1.0000000000230043,0.9999999999378634,0.39500000139500113,0.17000000117000047,0.30000000180000086,0.007396247089439809,0.40500000040500117,0.04000000009000011,0.014999999865000042,1.0000000003119291,1.000000000330095,0.64946632,13.094344,65.500744,55.03035,-1.7360213,-0.85127903,-7.4026199,-0.8738169,-0.7927923,-0.40738004,-0.85421134,20.495173,101.25838,66.302461,-85.290284,10.820883,77.952072,80.965904,-3.3343338,0.64946632,0.36690999999996166,-0.0
2160.0,855.99377,9.0,1.3333333,4.1111111,5.3983,12.2168,64.99646,8177.6323,89.349,173.879,64.3741,8.8888889,3.7777778,6.6666667,0.048,9.0,0.88888889,0.33333333,2.2441,727.06233,0.22541271945227437,0.40500000040500117,0.05999999856000017,0.1849999996850005,1.0000000005557304,0.9999999997544363,0.24998638461153877,0.7992354069050395,0.9999999999776165,1.0000000000230045,0.9999999999378638,0.4000000009000011,0.17000000117000047,0.30000000180000086,0.006574441857279831,0.40500000040500117,0.04000000009000011,0.014999999865000042,1.0000000003119283,1.000000000330095,0.63131077,12.725737,63.671055,53.494227,-1.6501661,-0.8305678,-7.5063338,-0.84836593,-0.78855262,-0.41008446,-0.842864,19.917965,98.425705,64.443253,-84.037224,10.51628,75.719795,78.686825,-3.2495612,0.63131077,0.9525599999999486,-0.0
2161.0,855.99377,9.0,1.3333333,4.1111111,5.3983,12.2168,62.469887,7985.793,89.349,173.879,64.3741,8.8888889,3.7777778,6.6666667,0.042,9.0,0.88888889,0.33333333,2.2441,727.06233,0.2254127194522744,0.40500000040500117,0.05999999856000017,0.1849999996850005,1.0000000005557308,0.9999999997544363,0.2402687961501497,0.7804861216142462,0.9999999999776151,1.0000000000230045,0.9999999999378631,0.4000000009000011,0.17000000117000047,0.30000000180000086,0.0057526366251198545,0.40500000040500117,0.04000000009000011,0.014999999865000042,1.0000000003119294,1.000000000330095,0.61360296,12.367596,61.879006,52.004335,-1.6630532,-0.81965851,-7.5268859,-0.82365624,-0.79902372,-0.41003692,-0.83835508,19.357385,95.671553,62.620342,-82.458143,10.220321,73.549808,76.453673,-3.2114662,0.61360296,0.7522299999999404,-0.0
2162.0,855.99377,9.0,1.3333333,4.1111111,5.3983,12.2168,62.469887,8023.0177,89.349,173.879,64.3741,8.8888889,3.7777778,6.6666667,0.039,9.0,0.88888889,0.33333333,2.2441,727.06233,0.22541271945227434,0.40500000040500117,0.05999999856000017,0.1849999996850005,1.0000000005557308,0.9999999997544368,0.24026879615014982,0.7841242526966923,0.9999999999776156,1.0000000000230045,0.9999999999378634,0.4000000009000011,0.17000000117000047,0.30000000180000086,0.005341734009039862,0.40500000040500117,0.04000000009000011,0.014999999865000042,1.0000000003119285,1.000000000330095,0.59643032,12.019278,60.130852,50.559041,-1.5790615,-0.79145971,-7.4113111,-0.79966625,-0.7571844,-0.40253304,-0.80934297,18.812148,92.996396,60.876096,-80.450198,9.9324794,71.443751,74.274686,-3.1072163,0.59643032,-0.3177500000000464,10.801708
2163.0,855.99377,9.0,1.3333333,4.1111111,5.3983,12.2168,62.469887,8028.5315,89.349,173.879,64.3741,8.8888889,3.7777778,6.7777778,0.039,9.0,1.0,0.33333333,2.2441,727.06233,0.22541271945227437,0.40500000040500117,0.05999999856000017,0.1849999996850005,1.0000000005557301,0.9999999997544371,0.24026879615014965,0.7846631402407781,0.9999999999776154,1.0000000000230045,0.9999999999378634,0.4000000009000011,0.17000000117000047,0.3050000013050009,0.00534173400903986,0.40500000040500117,0.04500000004500013,0.014999999865000042,1.0000000003119294,1.000000000330095,0.57962269,11.680582,58.430992,49.143193,-1.6541355,-0.78609042,-7.1344566,-0.776375,-0.75066816,-0.3865173,-0.80975131,18.281983,90.400383,59.226213,-77.924754,9.65259,69.391849,72.155501,-3.0438802,0.57962269,-0.3192900000000236,3.9685526
2164.0,855.99377,9.0,1.3333333,4.1111111,5.3983,12.2168,62.469887,7858.9266,89.349,173.879,64.3741,8.8888889,3.7777778,6.7777778,0.039,9.0,1.0,0.33333333,2.2441,727.06233,0.2254127194522744,0.40500000040500117,0.05999999856000017,0.1849999996850005,1.0000000005557306,0.9999999997544365,0.24026879615014982,0.7680869191181199,0.9999999999776162,1.0000000000230045,0.9999999999378631,0.4000000009000011,0.17000000117000047,0.3050000013050009,0.005341734009039864,0.40500000040500117,0.04500000004500013,0.014999999865000042,1.0000000003119294,1.000000000330095,0.56338232,11.351154,56.777716,47.765292,-1.5835016,-0.75526409,-6.9566257,-0.75376214,-0.73442856,-0.38053751,-0.77902948,17.766249,87.882957,57.659384,-75.789161,9.3803599,67.395244,70.093701,-2.955966,0.56338232,-0.29581000000007407,8.8926933
2165.0,855.99377,9.1111111,1.3333333,4.1111111,5.3983,12.2168,62.469887,7929.8129,89.349,173.879,64.3741,9.0,3.7777778,6.7777778,0.039,9.1111111,1.0,0.33333333,2.2441,727.06233,0.22541271945227428,0.4099999999100012,0.05999999856000017,0.1849999996850005,1.0000000005557308,0.9999999997544362,0.24026879615014982,0.7750149440947997,0.9999999999776165,1.0000000000230052,0.9999999999378638,0.40500000040500117,0.17000000117000047,0.3050000013050009,0.005341734009039863,0.4099999999100012,0.04500000004500013,0.014999999865000042,1.0000000003119294,1.000000000330095,0.54756097,11.067956,55.169594,46.425523,-1.4859345,-0.71719427,-6.7224201,-0.7318079,-0.70457124,-0.36496858,-0.74049333,17.342196,85.442683,56.197961,-73.493687,9.1458899,65.453933,68.087452,-2.8459433,0.54756097,-0.3174700000000712,4.0634923
2166.0,855.99377,9.1111111,1.3333333,4.1111111,5.3983,12.2168,62.469887,7852.6993,89.349,173.879,64.3741,9.0,3.7777778,6.8888889,0.039,9.1111111,1.0,0.33333333,2.2441,727.06233,0.22541271945227437,0.4099999999100012,0.05999999856000017,0.1849999996850005,1.00000000055573,0.9999999997544367,0.24026879615014976,0.7674782981301835,0.9999999999776156,1.0000000000230047,0.9999999999378634,0.40500000040500117,0.17000000117000047,0.3100000008100009,0.005341734009039865,0.4099999999100012,0.04500000004500013,0.014999999865000042,1.0000000003119291,1.000000000330095,0.53212908,10.75606,53.606153,45.125616,-1.4269871,-0.71333673,-6.5514578,-0.71049311,-0.67596732,-0.3547837,-0.71595505,16.847816,83.073263,54.804424,-71.460874,8.8882728,63.567647,66.136354,-2.76284,0.53212908,-0.3168000000000575,8.4090155
2167.0,855.99377,9.1111111,1.3333333,4.1111111,5.3983,12.2168,62.469887,7913.9842,89.349,173.879,64.3741,9.0,3.7777778,6.8888889,0.039,9.1111111,1.0,0.33333333,2.2441,727.06233,0.22541271945227437,0.4099999999100012,0.05999999856000017,0.1849999996850005,1.000000000555731,0.9999999997544369,0.2402687961501497,0.7734679367189243,0.9999999999776161,1.0000000000230045,0.9999999999378634,0.40500000040500117,0.17000000117000047,0.3100000008100009,0.0053417340090398625,0.4099999999100012,0.04500000004500013,0.014999999865000042,1.000000000311929,1.000000000330095,0.51717005,10.452719,52.086495,43.874462,-1.3598502,-0.68102585,-6.3377419,-0.68979913,-0.6609192,-0.34410501,-0.68729025,16.366864,80.768845,53.336252,-69.308635,8.6377527,61.73098,64.240339,-2.6655787,0.51717005,-0.3158900000000813,3.045492
2168.0,855.99377,9.1111111,1.3333333,4.1111111,5.3983,12.2168,62.469887,7972.9246,89.349,173.879,64.3741,9.0,3.7777778,6.8888889,0.039,9.1111111,1.0,0.33333333,2.2441,727.06233,0.22541271945227434,0.4099999999100012,0.05999999856000017,0.1849999996850005,1.0000000005557315,0.9999999997544365,0.24026879615014976,0.7792284371729694,0.9999999999776159,1.0000000000230045,0.9999999999378634,0.40500000040500117,0.17000000117000047,0.3100000008100009,0.005341734009039861,0.4099999999100012,0.04500000004500013,0.014999999865000042,1.0000000003119278,1.000000000330095,0.50254723,10.157932,50.609398,42.646126,-1.3634652,-0.65864422,-6.1835505,-0.6697079,-0.6421677,-0.33602174,-0.67975379,15.899436,78.529163,51.869264,-67.434585,8.3942975,59.945827,62.397796,-2.6117099,0.50254723,-0.3148800000000165,8.3705988
2169.0,855.99377,9.1111111,1.3333333,4.1111111,5.3983,12.2168,62.469887,7914.3038,89.349,173.879,64.3741,9.0,3.8888889,6.8888889,0.039,9.1111111,1.0,0.33333333,2.2441,727.06233,0.22541271945227434,0.4099999999100012,0.05999999856000017,0.1849999996850005,1.0000000005557306,0.9999999997544363,0.24026879615014982,0.7734991726105209,0.9999999999776154,1.0000000000230047,0.9999999999378634,0.40500000040500117,0.1750000006750005,0.3100000008100009,0.005341734009039864,0.4099999999100012,0.04500000004500013,0.014999999865000042,1.0000000003119294,1.000000000330095,0.48838785,9.8712749,49.173658,41.448687,-1.4082755,-0.65248279,-5.9657475,-0.65020184,-0.62047976,-0.32545534,-0.66615732,15.44477,76.3505,50.441467,-65.382631,8.1575328,58.210777,60.607248,-2.5510506,0.48838785,-0.3139000000001033,4.3374198
2170.0,855.99377,9.1111111,1.3333333,4.1111111,5.3983,12.2168,62.469887,7841.044,89.349,173.879,64.3741,9.0,3.8888889,6.8888889,0.039,9.1111111,1.0,0.33333333,2.2441,727.06233,0.22541271945227437,0.4099999999100012,0.05999999856000017,0.1849999996850005,1.0000000005557304,0.9999999997544361,0.24026879615014976,0.7663391752036,0.9999999999776158,1.0000000000230047,0.999999999937863,0.40500000040500117,0.1750000006750005,0.3100000008100009,0.005341734009039864,0.4099999999100012,0.04500000004500013,0.014999999865000042,1.0000000003119294,1.000000000330095,0.47457906,9.5924916,47.778179,40.279923,-1.3368205,-0.63327524,-5.8162521,-0.63126392,-0.61138615,-0.31557748,-0.64349115,15.002418,74.233823,49.053949,-63.574704,7.927302,56.52485,58.867251,-2.4875457,0.47457906,-0.3128400000000511,5.5155482
2171.0,855.99377,9.1111111,1.3333333,4.2222222,5.3983,12.2168,62.469887,7725.6663,89.349,173.879,64.3741,9.0,3.8888889,6.8888889,0.039,9.1111111,1.0,0.33333333,2.2441,727.06233,0.22541271945227428,0.4099999999100012,0.05999999856000017,0.18999999919000055,1.000000000555731,0.9999999997544368,0.24026879615014965,0.7550628130948175,0.9999999999776156,1.0000000000230047,0.999999999937863,0.40500000040500117,0.1750000006750005,0.3100000008100009,0.005341734009039862,0.4099999999100012,0.04500000004500013,0.014999999865000042,1.0000000003119291,1.000000000330095,0.4612965,9.3146928,46.414951,39.137287,-1.183269,-0.60377718,-5.6434507,-0.6128776,-0.59161589,-0.30714693,-0.62194098,14.569662,72.172057,47.699243,-61.729312,7.6976869,54.858726,57.170581,-2.3950831,0.4612965,-0.3120000000000118,6.5332063
2172.0,855.99377,9.1111111,1.3333333,4.2222222,5.3983,12.2168,62.469887,7750.7104,89.349,173.879,64.3741,9.0,3.8888889,6.8888889,0.039,9.1111111,1.0,0.33333333,2.2441,727.06233,0.2254127194522744,0.4099999999100012,0.05999999856000017,0.18999999919000055,1.0000000005557306,0.9999999997544372,0.24026879615014965,0.7575104814075713,0.9999999999776158,1.0000000000230045,0.9999999999378628,0.40500000040500117,0.1750000006750005,0.3100000008100009,0.005341734009039867,0.4099999999100012,0.04500000004500013,0.014999999865000042,1.0000000003119294,1.000000000330095,0.44826109,9.0516459,45.08948,38.026102,-1.2804227,-0.59283716,-5.4841875,-0.59502679,-0.57400381,-0.29857263,-0.61090923,14.163722,70.160545,46.40456,-59.981675,7.4801767,53.231881,55.522513,-2.3250379,0.44826109,-0.31138000000009924,1.9422073
2173.0,855.99377,9.1111111,1.3333333,4.2222222,5.3983,12.2168,62.469887,7957.3979,89.349,173.879,64.3741,9.0,3.8888889,7.0,0.036,9.1111111,1.0,0.33333333,2.2441,727.06233,0.22541271945227434,0.4099999999100012,0.05999999856000017,0.18999999919000055,1.000000000555731,0.9999999997544368,0.24026879615014982,0.7777109455644996,0.9999999999776162,1.0000000000230045,0.999999999937863,0.40500000040500117,0.1750000006750005,0.3150000003150009,0.004930831392959873,0.4099999999100012,0.04500000004500013,0.014999999865000042,1.0000000003119291,1.000000000330095,0.43560173,8.7885823,43.80112,36.952681,-1.1293132,-0.5773655,-5.3603608,-0.57769591,-0.55445877,-0.28996175,-0.58545482,13.75277,68.191983,45.152186,-58.367055,7.2627645,51.655263,53.923193,-2.2494867,0.43560173,-0.30673000000001593,7.7603075
2174.0,855.99377,9.1111111,1.3333333,4.2222222,5.3983,12.2168,62.469887,8236.8374,89.349,173.879,64.3741,9.0,3.8888889,7.0,0.036,9.1111111,1.0,0.33333333,2.2441,727.06233,0.22541271945227434,0.4099999999100012,0.05999999856000017,0.18999999919000055,1.0000000005557301,0.9999999997544365,0.24026879615014976,0.8050217776360094,0.9999999999776165,1.000000000023005,0.9999999999378636,0.40500000040500117,0.1750000006750005,0.3150000003150009,0.004930831392959871,0.4099999999100012,0.04500000004500013,0.014999999865000042,1.0000000003119291,1.000000000330095,0.42326252,8.5405123,42.548827,35.901908,-1.1407253,-0.5603159,-5.1638244,-0.56086982,-0.54413757,-0.28135471,-0.57414104,13.36941,66.256781,43.867082,-56.551877,7.0576531,50.127417,52.372334,-2.186239,0.42326252,-0.30377000000009957,2.3473191
2175.0,855.99377,9.1111111,1.3333333,4.2222222,5.3983,12.2168,62.469887,7291.0657,89.349,173.879,64.3741,9.0,3.8888889,7.0,0.036,9.1111111,0.88888889,0.33333333,2.2441,727.06233,0.22541271945227437,0.4099999999100012,0.05999999856000017,0.18999999919000055,1.0000000005557308,0.9999999997544365,0.2402687961501497,0.712587415004078,0.9999999999776155,1.0000000000230043,0.9999999999378634,0.40500000040500117,0.1750000006750005,0.3150000003150009,0.004930831392959877,0.4099999999100012,0.04000000009000011,0.014999999865000042,1.0000000003119294,1.000000000330095,0.42320006,8.2915692,41.331645,34.881416,-1.1479038,-0.54420532,-5.0310331,-0.5606475,-0.52240265,-0.2746687,-0.55967083,12.979436,64.351817,42.5932,-54.988438,6.8519376,48.64796,50.868793,-2.1218398,0.42320006,-0.31051000000002205,8.0696229
2176.0,855.99377,9.2222222,1.3333333,4.2222222,5.3983,12.2168,62.469887,7694.7317,89.349,173.879,64.3741,9.0,3.8888889,7.0,0.039,9.2222222,0.88888889,0.33333333,2.2441,727.06233,0.22541271945227434,0.41499999941500115,0.05999999856000017,0.18999999919000055,1.0000000005557315,0.9999999997544368,0.24026879615014982,0.7520394407161843,0.9999999999776156,1.0000000000230045,0.9999999999378634,0.40500000040500117,0.1750000006750005,0.3150000003150009,0.00534173400903986,0.41499999941500115,0.04000000009000011,0.014999999865000042,1.000000000311928,1.000000000330095,0.39961076,8.0696272,40.155615,33.902152,-1.096064,-0.53427209,-4.8415089,-0.5286736,-0.51315096,-0.2635621,-0.5466842,12.636523,62.503106,41.356323,-53.279225,6.6684262,47.219928,49.414937,-2.077769,0.39961076,-0.3107800000000225,2.9540049
2177.0,855.99377,9.2222222,1.3333333,4.2222222,5.3983,12.2168,62.469887,7569.9495,89.349,173.879,64.3741,9.1111111,3.8888889,7.0,0.036,9.2222222,0.88888889,0.33333333,2.2441,727.06233,0.22541271945227434,0.41499999941500115,0.05999999856000017,0.18999999919000055,1.0000000005557301,0.9999999997544371,0.2402687961501496,0.739843936108877,0.9999999999776158,1.0000000000230045,0.9999999999378636,0.4099999999100012,0.1750000006750005,0.3150000003150009,0.0049308313929598705,0.41499999941500115,0.04000000009000011,0.014999999865000042,1.0000000003119287,1.000000000330095,0.38828242,7.8745179,39.01273,32.943625,-1.0091333,-0.50769141,-4.7381429,-0.51327534,-0.48769372,-0.25714003,-0.5207339,12.344139,60.705133,40.17004,-51.878318,6.5068924,45.835061,48.002944,-2.006591,0.38828242,-0.2928300000000945,5.3468979
2178.0,855.99377,9.3333333,1.3333333,4.2222222,5.3983,12.2168,62.469887,7631.8282,89.349,173.879,64.3741,9.2222222,3.8888889,7.0,0.036,9.3333333,0.88888889,0.33333333,2.2441,727.06233,0.22541271945227437,0.41999999892000117,0.05999999856000017,0.18999999919000055,1.0000000005557308,0.9999999997544368,0.2402687961501497,0.7458916093422718,0.9999999999776158,1.0000000000230047,0.9999999999378631,0.41499999941500115,0.1750000006750005,0.3150000003150009,0.004930831392959874,0.41999999892000117,0.04000000009000011,0.014999999865000042,1.0000000003119294,1.000000000330095,0.37733555,7.6986982,37.900702,32.01055,-1.0127147,-0.5098646,-4.6113955,-0.49832557,-0.48316158,-0.25069415,-0.51803129,12.085704,58.956222,38.999479,-50.426412,6.3612005,44.490641,46.630218,-1.9568679,0.37733555,0.5181900000000041,3.3076993
2179.0,855.99377,9.4444444,1.4444444,4.2222222,5.3983,12.2168,62.469887,7595.6727,89.349,173.879,64.3741,9.3333333,3.8888889,7.0,0.033,9.4444444,0.88888889,0.33333333,2.2441,727.06233,0.2254127194522743,0.4249999984250012,0.06499999806500019,0.18999999919000055,1.0000000005557308,0.9999999997544365,0.24026879615014976,0.742357975804561,0.9999999999776162,1.0000000000230052,0.9999999999378631,0.41999999892000117,0.1750000006750005,0.3150000003150009,0.004519928776879885,0.4249999984250012,0.04000000009000011,0.014999999865000042,1.000000000311929,1.000000000330095,0.36664288,7.553378,36.819927,31.103468,-1.0470108,-0.48696443,-4.5217347,-0.48381123,-0.48119158,-0.24739914,-0.50424962,11.88014,57.256444,37.860528,-49.120218,6.2406047,43.186345,45.296774,-1.9102964,0.36664288,0.9992599999999356,-0.0
2180.0,855.99377,9.5555555,1.4444444,4.2222222,5.3983,12.2168,62.469887,7685.7116,89.349,173.879,64.3741,9.5555555,3.8888889,7.0,0.033,9.5555555,0.88888889,0.33333333,2.2441,727.06233,0.22541271945227434,0.42999999793000127,0.06499999806500019,0.18999999919000055,1.0000000005557301,0.9999999997544368,0.2402687961501496,0.7511578672937856,0.9999999999776155,1.0000000000230047,0.999999999937863,0.42999999793000127,0.1750000006750005,0.3150000003150009,0.004519928776879886,0.42999999793000127,0.04000000009000011,0.014999999865000042,1.000000000311929,1.000000000330095,0.35623049,7.4182849,35.768257,30.220362,-0.90539765,-0.45993946,-4.4038943,-0.46971964,-0.44297325,-0.2382125,-0.4734697,11.683837,55.603036,36.775819,-47.74268,6.1286087,41.921202,44.000931,-1.8198296,0.35623049,-0.09364000000005035,10.145929
2181.0,855.99377,9.6666667,1.4444444,4.2222222,5.3983,12.2168,62.469887,7545.9905,89.349,173.879,64.3741,9.5555555,3.8888889,7.0,0.036,9.6666667,0.88888889,0.33333333,2.2441,727.06233,0.22541271945227437,0.43500000193500127,0.06499999806500019,0.18999999919000055,1.0000000005557308,0.9999999997544368,0.2402687961501497,0.7375023193166862,0.9999999999776165,1.0000000000230043,0.9999999999378628,0.42999999793000127,0.1750000006750005,0.3150000003150009,0.004930831392959875,0.43500000193500127,0.04000000009000011,0.014999999865000042,1.0000000003119291,1.000000000330095,0.34611365,7.2291067,34.746321,29.362023,-0.96312492,-0.44947033,-4.1776736,-0.45603849,-0.433707,-0.22696458,-0.45730427,11.359334,53.990629,35.693952,-46.019072,5.9729255,40.696386,42.743478,-1.7744254,0.34611365,-0.3069300000000794,0.63819808
2182.0,855.99377,9.6666667,1.4444444,4.2222222,5.3983,12.2168,62.469887,7291.0657,89.349,173.879,64.3741,9.4444444,3.8888889,7.0,0.036,9.6666667,0.88888889,0.33333333,2.2441,727.06233,0.22541271945227437,0.43500000193500127,0.06499999806500019,0.18999999919000055,1.0000000005557315,0.9999999997544367,0.24026879615014965,0.71258741500408,0.9999999999776161,1.0000000000230045,0.9999999999378634,0.4249999984250012,0.1750000006750005,0.3150000003150009,0.004930831392959871,0.43500000193500127,0.04000000009000011,0.014999999865000042,1.0000000003119283,1.000000000330095,0.3385933,7.0223841,33.750616,28.52512,-0.90671396,-0.44107691,-4.0905051,-0.44579063,-0.41679705,-0.22352632,-0.4493112,10.99624,52.41632,34.633189,-44.836431,5.8030339,39.508475,41.521077,-1.7289858,0.3385933,-0.30730000000005475,7.0179746
2183.0,855.99377,9.6666667,1.4444444,4.2222222,5.3983,12.2168,62.469887,7594.1607,89.349,173.879,64.3741,9.4444444,3.8888889,7.0,0.036,9.6666667,0.88888889,0.33333333,2.2441,727.06233,0.22541271945227437,0.43500000193500127,0.06499999806500019,0.18999999919000055,1.0000000005557308,0.9999999997544365,0.24026879615014976,0.7422102014988787,0.9999999999776159,1.0000000000230045,0.9999999999378636,0.4249999984250012,0.1750000006750005,0.3150000003150009,0.004930831392959875,0.43500000193500127,0.04000000009000011,0.014999999865000042,1.0000000003119294,1.000000000330095,0.32669581,6.8165421,32.778127,27.706691,-0.88921452,-0.44458128,-3.9251123,-0.42986001,-0.42534318,-0.21508008,-0.45728578,10.641512,50.886195,33.64361,-43.448157,5.6336949,38.35361,40.33016,-1.7236998,0.32669581,-0.3045600000000377,2.7372502
2184.0,855.99377,9.6666667,1.4444444,4.2222222,5.3983,12.2168,62.469887,7291.0657,89.349,173.879,64.3741,9.4444444,3.8888889,7.0,0.036,9.6666667,0.88888889,0.33333333,2.2441,727.06233,0.22541271945227437,0.43500000193500127,0.06499999806500019,0.18999999919000055,1.0000000005557301,0.9999999997544363,0.2402687961501497,0.7125874150040798,0.9999999999776155,1.000000000023004,0.999999999937863,0.4249999984250012,0.1750000006750005,0.3150000003150009,0.004930831392959873,0.43500000193500127,0.04000000009000011,0.014999999865000042,1.0000000003119285,1.000000000330095,0.31993131,6.6073624,31.824004,26.901915,-0.84172678,-0.419518,-3.8387515,-0.42067551,-0.39456753,-0.20875109,-0.41401836,10.292084,49.396311,32.679209,-42.270844,5.4613344,37.226423,39.16606,-1.6406459,0.31993131,-0.303190000000086,3.3436913
2185.0,855.99377,9.5555555,1.4444444,4.2222222,5.3983,12.2168,62.469887,7364.2875,89.349,173.879,64.3741,9.3333333,3.8888889,7.0,0.033,9.5555555,0.88888889,0.33333333,2.2441,727.06233,0.2254127194522743,0.42999999793000127,0.06499999806500019,0.18999999919000055,1.0000000005557308,0.9999999997544367,0.24026879615014982,0.7197436985064963,0.9999999999776155,1.0000000000230045,0.999999999937863,0.41999999892000117,0.1750000006750005,0.3150000003150009,0.004519928776879884,0.42999999793000127,0.04000000009000011,0.014999999865000042,1.0000000003119287,1.000000000330095,0.30842694,6.3917668,30.884539,26.107216,-0.81333194,-0.40264494,-3.7366063,-0.40518429,-0.39291011,-0.20366917,-0.42555319,9.9480812,47.945971,31.743589,-41.109172,5.2833338,36.123161,38.025225,-1.5990353,0.30842694,-0.30090000000006967,3.9116044
2186.0,855.99377,9.5555555,1.4444444,4.2222222,5.3983,12.2168,62.469887,7291.0657,89.349,173.879,64.3741,9.3333333,3.8888889,7.0,0.033,9.5555555,0.88888889,0.33333333,2.2441,727.06233,0.22541271945227437,0.42999999793000127,0.06499999806500019,0.18999999919000055,1.0000000005557308,0.9999999997544369,0.24026879615014965,0.7125874150040787,0.9999999999776154,1.0000000000230043,0.9999999999378631,0.41999999892000117,0.1750000006750005,0.3150000003150009,0.004519928776879885,0.42999999793000127,0.04000000009000011,0.014999999865000042,1.0000000003119294,1.000000000330095,0.30389151,6.1819704,29.956638,25.319566,-0.79898927,-0.3870892,-3.6324828,-0.39905511,-0.39051586,-0.19937295,-0.4058255,9.6382243,46.528304,30.832103,-39.956617,5.1095366,35.041853,36.905724,-1.5534577,0.30389151,-0.29853000000002794,4.3100593
2187.0,905.65908,9.4444444,1.3442526,4.2222222,5.3983,12.2168,62.469887,7291.0657,89.349,173.879,64.3741,9.3333333,3.8888889,7.0,0.033,9.5555555,0.88888889,0.33333333,2.2441,727.06233,0.23849131065456805,0.4249999984250012,0.06049136706049153,0.18999999919000055,1.000000000555731,0.9999999997544363,0.24026879615014984,0.7125874150040803,0.9999999999776165,1.0000000000230045,0.9999999999378631,0.41999999892000117,0.1750000006750005,0.3150000003150009,0.004519928776879885,0.42999999793000127,0.04000000009000011,0.014999999865000042,1.0000000003119294,1.000000000330095,0.30191704,5.9842116,29.052822,24.55249,-0.77292576,-0.38251429,-3.5504026,-0.39639412,-0.36379461,-0.19266513,-0.38867006,9.3528638,45.151415,29.929056,-38.885476,4.9455441,33.992633,35.817669,-1.4846471,0.30191704,-0.16791000000000622,-0.0
2188.0,939.09786,9.4444444,1.3333333,4.2222222,5.3983,12.2168,62.469887,7240.9798,89.349,173.879,64.3741,9.2222222,3.8888889,7.0,0.03,9.4444444,0.88888889,0.33333333,2.2441,727.06233,0.24729689616130168,0.4249999984250012,0.05999999856000017,0.18999999919000055,1.0000000005557306,0.9999999997544367,0.24026879615014976,0.7076923031675276,0.9999999999776161,1.0000000000230052,0.9999999999378634,0.41499999941500115,0.1750000006750005,0.3150000003150009,0.004109026160799893,0.4249999984250012,0.04000000009000011,0.014999999865000042,1.0000000003119287,1.000000000330095,0.2983009,5.7742386,28.180026,23.811196,-0.79284174,-0.37580601,-3.4956865,-0.39149845,-0.36352862,-0.18941696,-0.37905802,9.0305924,43.821121,29.052283,-37.925878,4.7718696,32.981018,34.766574,-1.4545329,0.2983009,-0.29387000000008356,6.1419302
2189.0,939.09786,9.3333333,1.3333333,4.2222222,5.3983,12.2168,62.469887,7222.6499,89.349,173.879,64.3741,9.2222222,3.8888889,7.0,0.03,9.3333333,0.88888889,0.33333333,2.2441,727.06233,0.24729689616130177,0.41999999892000117,0.05999999856000017,0.18999999919000055,1.0000000005557308,0.9999999997544367,0.24026879615014965,0.7059008426875741,0.9999999999776158,1.0000000000230045,0.999999999937863,0.41499999941500115,0.1750000006750005,0.3150000003150009,0.004109026160799896,0.41999999892000117,0.04000000009000011,0.014999999865000042,1.0000000003119294,1.000000000330095,0.29818514,5.5782257,27.340267,23.098757,-0.69741018,-0.35114978,-3.3664626,-0.39130543,-0.34114507,-0.1835557,-0.36114149,8.7274486,42.536099,28.218525,-36.745582,4.6098122,32.008704,33.754128,-1.3979747,0.29818514,-0.29110000000002856,3.8260407
2190.0,939.09786,9.3333333,1.3333333,4.2222222,5.3983,12.2168,62.469887,7176.5838,89.349,173.879,64.3741,9.2222222,3.8888889,7.0,0.027,9.3333333,0.88888889,0.33333333,2.2441,727.06233,0.24729689616130168,0.41999999892000117,0.05999999856000017,0.18999999919000055,1.0000000005557315,0.9999999997544368,0.2402687961501497,0.7013986033073542,0.9999999999776155,1.0000000000230045,0.9999999999378634,0.41499999941500115,0.1750000006750005,0.3150000003150009,0.003698123544719904,0.41999999892000117,0.04000000009000011,0.014999999865000042,1.0000000003119285,1.000000000330095,0.29237646,5.4007191,26.53756,22.419356,-0.81067464,-0.3674412,-3.3237032,-0.38360712,-0.35948809,-0.18157329,-0.37829978,8.4491267,41.304587,27.422715,-35.884145,4.4631343,31.078372,32.782995,-1.417181,0.29237646,-0.28740000000004784,1.1982688
2191.0,855.99377,9.3333333,1.3333333,4.2222222,5.3983,12.2168,60.118453,7291.0657,89.349,173.879,64.3741,9.2222222,3.8888889,7.0,0.021,9.3333333,0.88888889,0.33333333,2.2441,727.06233,0.22541271945227437,0.41999999892000117,0.05999999856000017,0.18999999919000055,1.0000000005557306,0.9999999997544359,0.23122481922721191,0.7125874150040801,0.9999999999776155,1.0000000000230047,0.9999999999378638,0.41499999941500115,0.1750000006750005,0.3150000003150009,0.0028763183125599273,0.41999999892000117,0.04000000009000011,0.014999999865000042,1.0000000003119285,1.000000000330095,0.26577809,5.2508714,25.772335,21.773569,-0.67499283,-0.3438332,-3.3264221,-0.34813938,-0.32773418,-0.17967638,-0.34904664,8.2138082,40.127416,26.669205,-35.145817,4.3393161,30.189975,31.853082,-1.3508554,0.26577809,-0.29457000000002154,-0.0
2192.0,855.99377,9.3333333,1.3333333,4.2222222,5.3983,12.2168,60.118453,7843.3758,89.349,173.879,64.3741,9.2222222,3.8888889,7.0,0.018,9.3333333,0.88888889,0.33333333,2.2441,727.06233,0.22541271945227437,0.41999999892000117,0.05999999856000017,0.18999999919000055,1.0000000005557306,0.9999999997544368,0.23122481922721197,0.7665670721123186,0.9999999999776154,1.0000000000230047,0.9999999999378631,0.41499999941500115,0.1750000006750005,0.3150000003150009,0.002465415696479936,0.41999999892000117,0.04000000009000011,0.014999999865000042,1.0000000003119291,1.000000000330095,0.25174453,5.0984144,25.029954,21.146928,-0.68799991,-0.33244158,-3.3089033,-0.32945191,-0.33948419,-0.17779981,-0.35375489,7.9709807,38.982533,25.943408,-34.353937,4.2134293,29.331543,30.951901,-1.3220353,0.25174453,-0.28484000000003107,2.9482963
2193.0,855.99377,9.3333333,1.3333333,4.2222222,5.3983,12.2168,60.118453,7485.4924,89.349,173.879,64.3741,9.2222222,3.8888889,7.0,0.018,9.3333333,0.88888889,0.33333333,2.2441,727.06233,0.22541271945227434,0.41999999892000117,0.05999999856000017,0.18999999919000055,1.0000000005557308,0.9999999997544367,0.23122481922721197,0.7315895780981211,0.9999999999776155,1.0000000000230052,0.9999999999378634,0.41499999941500115,0.1750000006750005,0.3150000003150009,0.002465415696479936,0.41999999892000117,0.04000000009000011,0.014999999865000042,1.000000000311929,1.000000000330095,0.24455598,4.9459695,24.304454,20.52586,-0.68062217,-0.3227668,-3.2321997,-0.31985622,-0.32847218,-0.17392895,-0.33841588,7.7332255,37.863086,25.239237,-33.342155,4.0874341,28.508958,30.073932,-1.2826123,0.24455598,-0.29094000000009146,-0.0
2194.0,855.99377,9.3333333,1.3333333,4.2222222,5.3983,12.2168,60.118453,7501.1693,89.349,173.879,64.3741,9.2222222,3.8888889,7.1111111,0.018,9.3333333,0.88888889,0.33333333,2.2441,727.06233,0.22541271945227434,0.41999999892000117,0.05999999856000017,0.18999999919000055,1.0000000005557301,0.9999999997544371,0.23122481922721183,0.7331217494028286,0.9999999999776156,1.0000000000230047,0.9999999999378631,0.41499999941500115,0.1750000006750005,0.3199999998200009,0.002465415696479937,0.41999999892000117,0.04000000009000011,0.014999999865000042,1.0000000003119291,1.000000000330095,0.23755049,4.8088487,23.599477,19.921053,-0.61506405,-0.32246775,-3.1513308,-0.31054002,-0.31339192,-0.16861218,-0.33187014,7.5253126,36.769791,24.529485,-32.37042,3.9739676,27.71407,29.221977,-1.2446237,0.23755049,-0.41223999999999705,-0.0
2195.0,855.99377,9.3333333,1.3333333,4.2222222,5.3983,12.2168,60.118453,7311.2528,89.349,173.879,64.3741,9.2222222,3.8888889,7.1111111,0.027,9.3333333,1.0,0.33333333,2.2441,727.06233,0.22541271945227434,0.41999999892000117,0.05999999856000017,0.18999999919000055,1.0000000005557308,0.9999999997544369,0.23122481922721208,0.7145603876801359,0.9999999999776162,1.0000000000230045,0.999999999937863,0.41499999941500115,0.1750000006750005,0.3199999998200009,0.0036981235447199052,0.41999999892000117,0.04500000004500013,0.014999999865000042,1.0000000003119285,1.000000000330095,0.23075051,4.6643779,22.91437,19.33666,-0.62927583,-0.29865624,-2.9569568,-0.30149517,-0.29049178,-0.1586281,-0.30759278,7.2982617,35.701355,23.832508,-31.005683,3.8545925,26.945945,28.395126,-1.1920536,0.23075051,-0.276260000000093,14.564603
2196.0,855.99377,9.3333333,1.3333333,4.2222222,5.3983,12.2168,64.99646,7291.0657,89.349,173.879,64.3741,9.2222222,3.8888889,7.1111111,0.039,9.3333333,1.0,0.33333333,2.2441,727.06233,0.22541271945227434,0.41999999892000117,0.05999999856000017,0.18999999919000055,1.000000000555731,0.9999999997544367,0.24998638461153871,0.7125874150040803,0.9999999999776161,1.0000000000230045,0.9999999999378634,0.41499999941500115,0.1750000006750005,0.3199999998200009,0.0053417340090398625,0.41999999892000117,0.04500000004500013,0.014999999865000042,1.0000000003119276,1.000000000330095,0.22894253,4.5237351,22.248618,18.753869,-0.60039412,-0.28829972,-2.6564692,-0.29905003,-0.27931609,-0.14463054,-0.29723739,7.0771856,34.659977,23.153518,-29.376611,3.7383951,26.203448,27.592255,-1.1396075,0.22894253,-0.6824900000000298,-0.0
2197.0,939.09786,9.3333333,1.3333333,4.2222222,5.3983,12.2168,62.469887,7291.0657,89.349,173.879,64.3741,9.2222222,3.8888889,7.1111111,0.036,9.3333333,1.0,0.33333333,2.2441,727.06233,0.24729689616130174,0.41999999892000117,0.05999999856000017,0.18999999919000055,1.0000000005557306,0.9999999997544368,0.24026879615014976,0.7125874150040789,0.9999999999776158,1.0000000000230047,0.9999999999378638,0.41499999941500115,0.1750000006750005,0.3199999998200009,0.004930831392959874,0.41999999892000117,0.04500000004500013,0.014999999865000042,1.0000000003119294,1.000000000330095,0.22519595,4.4085316,21.60287,18.184897,-0.60435152,-0.29364694,-2.6214674,-0.2940932,-0.28411604,-0.14361056,-0.30078391,6.9074144,33.650632,22.500319,-28.699056,3.6429535,25.486444,26.81322,-1.1246835,0.22519595,-0.2690300000000434,4.2941682
2198.0,855.99377,9.4444444,1.3333333,4.2222222,5.3983,12.2168,62.469887,7396.0505,89.349,173.879,64.3741,9.3333333,3.8888889,7.1111111,0.036,9.4444444,1.0,0.33333333,2.2441,727.06233,0.22541271945227437,0.4249999984250012,0.05999999856000017,0.18999999919000055,1.0000000005557306,0.9999999997544368,0.24026879615014965,0.7228480340033987,0.9999999999776158,1.0000000000230045,0.9999999999378631,0.41999999892000117,0.1750000006750005,0.3199999998200009,0.004930831392959873,0.4249999984250012,0.04500000004500013,0.014999999865000042,1.0000000003119283,1.000000000330095,0.21147945,4.3003999,20.979787,17.638379,-0.53253597,-0.27791011,-2.5331618,-0.27591079,-0.25373535,-0.13789443,-0.27724078,6.7437269,32.672651,21.893463,-27.822916,3.5534549,24.799108,26.060215,-1.0604615,0.21147945,-0.26526000000001204,0.72368591
2199.0,855.99377,9.4444444,1.3333333,4.2222222,5.3983,12.2168,62.469887,7521.9846,89.349,173.879,64.3741,9.3333333,3.8888889,7.1111111,0.036,9.4444444,1.0,0.33333333,2.2441,727.06233,0.2254127194522743,0.4249999984250012,0.05999999856000017,0.18999999919000055,1.0000000005557312,0.9999999997544363,0.2402687961501497,0.7351561187844597,0.9999999999776156,1.0000000000230045,0.9999999999378634,0.41999999892000117,0.1750000006750005,0.3199999998200009,0.004930831392959872,0.4249999984250012,0.04500000004500013,0.014999999865000042,1.0000000003119287,1.000000000330095,0.20541889,4.1967706,20.374502,17.108068,-0.57299103,-0.27143967,-2.4922013,-0.26787455,-0.26558438,-0.13581862,-0.27894905,6.5845555,31.719937,21.277757,-27.139457,3.46775,24.137057,25.328967,-1.0593307,0.20541889,-0.26134000000001834,3.8139312
2200.0,855.99377,9.5555555,1.4444444,4.1111111,5.3983,12.2168,62.469887,7385.6743,89.349,173.879,64.3741,9.4444444,3.8888889,7.1111111,0.033,9.5555555,1.0,0.33333333,2.2441,727.06233,0.22541271945227437,0.42999999793000127,0.06499999806500019,0.1849999996850005,1.0000000005557304,0.9999999997544365,0.24026879615014976,0.721833923057238,0.9999999999776154,1.0000000000230045,0.9999999999378631,0.4249999984250012,0.1750000006750005,0.3199999998200009,0.004519928776879886,0.42999999793000127,0.04500000004500013,0.014999999865000042,1.0000000003119291,1.000000000330095,0.1995182,4.0958195,19.784505,16.590577,-0.51699606,-0.25930564,-2.4211594,-0.26007238,-0.25249907,-0.13169106,-0.26300947,6.4294532,30.790474,20.669325,-26.35895,3.384263,23.49703,24.61697,-1.0214216,0.1995182,-0.23305000000004839,-0.0
2201.0,855.99377,9.5555555,1.4444444,4.1111111,5.3983,12.2168,62.469887,7291.0657,89.349,173.879,64.3741,9.4444444,3.8888889,7.1111111,0.033,9.5555555,1.0,0.33333333,2.2441,727.06233,0.22541271945227437,0.42999999793000127,0.06499999806500019,0.1849999996850005,1.0000000005557304,0.9999999997544363,0.24026879615014982,0.7125874150040805,0.9999999999776165,1.0000000000230045,0.9999999999378634,0.4249999984250012,0.1750000006750005,0.3199999998200009,0.004519928776879885,0.42999999793000127,0.04500000004500013,0.014999999865000042,1.0000000003119294,1.000000000330095,0.19637571,3.9879261,19.211351,16.09139,-0.5072869,-0.24910935,-2.3908392,-0.25591632,-0.24381701,-0.1291201,-0.2565796,6.2546968,29.883132,20.064384,-25.723494,3.2952325,22.88192,23.925438,-0.98361699,0.19637571,-0.2450900000000047,0.33093314
2202.0,855.99377,9.6666667,1.4444444,4.1111111,5.3983,12.2168,62.469887,7464.2941,89.349,173.879,64.3741,9.4444444,3.8888889,7.1111111,0.033,9.6666667,1.0,0.33333333,2.2441,727.06233,0.22541271945227437,0.43500000193500127,0.06499999806500019,0.1849999996850005,1.0000000005557306,0.9999999997544367,0.24026879615014965,0.7295177764684262,0.9999999999776161,1.0000000000230052,0.9999999999378631,0.4249999984250012,0.1750000006750005,0.3199999998200009,0.004519928776879883,0.43500000193500127,0.04500000004500013,0.014999999865000042,1.000000000311929,1.000000000330095,0.18821418,3.8809711,18.656038,15.611165,-0.52704957,-0.24167466,-2.2960745,-0.24514316,-0.23778659,-0.12443981,-0.25281069,6.0770789,28.998168,19.473848,-24.887036,3.2070888,22.2913,23.254955,-0.96300205,0.18821418,-0.24115000000006148,7.7716893
2203.0,855.99377,9.6666667,1.4444444,4.1111111,5.3983,12.2168,64.99646,7304.9061,89.349,173.879,64.3741,9.4444444,3.8888889,7.1111111,0.039,9.6666667,1.0,0.33333333,2.2441,727.06233,0.22541271945227437,0.43500000193500127,0.06499999806500019,0.1849999996850005,1.0000000005557308,0.9999999997544371,0.24998638461153866,0.7139400972132968,0.9999999999776161,1.0000000000230045,0.9999999999378626,0.4249999984250012,0.1750000006750005,0.3199999998200009,0.005341734009039864,0.43500000193500127,0.04500000004500013,0.014999999865000042,1.000000000311929,1.000000000330095,0.18280328,3.7780338,18.112819,15.144726,-0.46989227,-0.24484119,-2.1465853,-0.23800307,-0.22967086,-0.11784366,-0.24644362,5.9112074,28.135189,18.896463,-23.903635,3.1221374,21.719853,22.599915,-0.93089307,0.18280328,-0.2797600000000102,-0.0
2204.0,855.99377,9.6666667,1.4444444,4.1111111,5.3983,12.2168,62.469887,7291.0657,89.349,173.879,64.3741,9.4444444,3.8888889,7.1111111,0.036,9.6666667,1.0,0.33333333,2.2441,727.06233,0.22541271945227437,0.43500000193500127,0.06499999806500019,0.1849999996850005,1.0000000005557312,0.9999999997544367,0.24026879615014976,0.7125874150040794,0.9999999999776159,1.0000000000230043,0.9999999999378634,0.4249999984250012,0.1750000006750005,0.3199999998200009,0.004930831392959872,0.43500000193500127,0.04500000004500013,0.014999999865000042,1.0000000003119278,1.000000000330095,0.18115022,3.6724125,17.581539,14.688543,-0.47816302,-0.23566171,-2.128491,-0.23580634,-0.2200546,-0.11647183,-0.23811614,5.7421864,27.293067,18.345979,-23.378121,3.0349367,21.172604,21.960202,-0.9078205,0.18115022,-0.23297999999999774,2.6469787
2205.0,855.99377,9.6666667,1.3333333,4.1111111,5.3983,12.2168,62.469887,7433.6428,89.349,173.879,64.3741,9.5555555,3.8888889,7.1111111,0.036,9.6666667,1.0,0.33333333,2.2441,727.06233,0.22541271945227437,0.43500000193500127,0.05999999856000017,0.1849999996850005,1.0000000005557304,0.9999999997544365,0.2402687961501497,0.7265220922252411,0.9999999999776159,1.0000000000230045,0.9999999999378636,0.42999999793000127,0.1750000006750005,0.3199999998200009,0.004930831392959874,0.43500000193500127,0.04500000004500013,0.014999999865000042,1.0000000003119287,1.000000000330095,0.17244427,3.5677165,17.063757,14.24691,-0.42832774,-0.21821863,-2.0704306,-0.22434072,-0.21436434,-0.1117944,-0.22978563,5.5765335,26.473609,17.795948,-22.716498,2.948462,20.628303,21.336994,-0.8695492,0.17244427,-0.17929000000003725,-0.0
2206.0,855.99377,9.6666667,1.3333333,4.1111111,5.3983,12.2168,62.469887,7314.0572,89.349,173.879,64.3741,9.5555555,3.8888889,7.1111111,0.033,9.6666667,1.1111111,0.33333333,2.2441,727.06233,0.22541271945227442,0.43500000193500127,0.05999999856000017,0.1849999996850005,1.0000000005557308,0.9999999997544365,0.2402687961501497,0.7148344738328123,0.9999999999776155,1.0000000000230045,0.9999999999378634,0.42999999793000127,0.1750000006750005,0.3199999998200009,0.0045199287768798845,0.43500000193500127,0.04999999955000014,0.014999999865000042,1.0000000003119294,1.000000000330095,0.16746821,3.4649593,16.556533,13.813426,-0.4726453,-0.22064642,-2.0261161,-0.21780652,-0.21632701,-0.11066106,-0.22779449,5.4186559,25.672978,17.25887,-22.133121,2.8634791,20.110653,20.727691,-0.87037421,0.16746821,-0.2277000000000271,4.8568078
2207.0,939.09786,9.6666667,1.3333333,4.1111111,5.3983,12.2168,62.469887,7291.0657,89.349,173.879,64.3741,9.5555555,3.8888889,7.1111111,0.036,9.6666667,1.1111111,0.33333333,2.2441,727.06233,0.24729689616130168,0.43500000193500127,0.05999999856000017,0.1849999996850005,1.0000000005557312,0.9999999997544367,0.2402687961501497,0.7125874150040806,0.9999999999776155,1.0000000000230045,0.9999999999378631,0.42999999793000127,0.1750000006750005,0.3199999998200009,0.004930831392959874,0.43500000193500127,0.04999999955000014,0.014999999865000042,1.0000000003119287,1.000000000330095,0.16915593,3.3655562,16.061494,13.389729,-0.41501313,-0.20526139,-1.9372005,-0.21998703,-0.19770019,-0.10560108,-0.21138207,5.2679452,24.887077,16.741281,-21.391787,2.7812184,19.615856,20.134144,-0.81483585,0.16915593,0.11077999999997701,-0.0
2208.0,939.09786,9.6666667,1.3333333,4.1111111,5.3983,12.2168,62.469887,7291.0657,89.349,173.879,64.3741,9.4444444,3.8888889,7.1111111,0.033,9.6666667,1.1111111,0.33333333,2.2441,727.06233,0.24729689616130174,0.43500000193500127,0.05999999856000017,0.1849999996850005,1.0000000005557301,0.9999999997544371,0.2402687961501496,0.7125874150040794,0.9999999999776155,1.0000000000230045,0.9999999999378634,0.4249999984250012,0.1750000006750005,0.3199999998200009,0.0045199287768798845,0.43500000193500127,0.04999999955000014,0.014999999865000042,1.0000000003119294,1.000000000330095,0.16420963,3.2607579,15.582803,12.98003,-0.41238895,-0.20163432,-1.921282,-0.21350424,-0.19901432,-0.10357844,-0.20625243,5.1014402,24.124162,16.226274,-20.912967,2.6946708,19.138776,19.559205,-0.80724508,0.16420963,-0.2034000000001015,1.257996
2209.0,939.09786,9.6666667,1.3333333,4.1111111,5.3983,12.2168,62.469887,7289.6819,89.349,173.879,64.3741,9.4444444,3.8888889,7.0,0.03,9.6666667,1.1111111,0.33333333,2.2441,727.06233,0.2472968961613017,0.43500000193500127,0.05999999856000017,0.1849999996850005,1.0000000005557308,0.9999999997544371,0.24026879615014976,0.7124521702393966,0.9999999999776162,1.0000000000230045,0.999999999937863,0.4249999984250012,0.1750000006750005,0.3150000003150009,0.004109026160799895,0.43500000193500127,0.04999999955000014,0.014999999865000042,1.0000000003119294,1.000000000330095,0.16002088,3.1592948,15.119246,12.583043,-0.41423864,-0.19811419,-1.8626954,-0.20799008,-0.19111461,-0.10121471,-0.20158648,4.9405483,23.383842,15.727288,-20.308186,2.6108758,18.680402,19.001987,-0.7881731,0.16002088,-0.2116600000000517,4.4969432
2210.0,939.09786,9.6666667,1.3333333,4.1111111,5.3983,12.2168,62.469887,7240.9798,89.349,173.879,64.3741,9.4444444,3.7777778,7.0,0.033,9.6666667,1.1111111,0.33333333,2.2441,727.06233,0.24729689616130168,0.43500000193500127,0.05999999856000017,0.1849999996850005,1.0000000005557308,0.9999999997544362,0.24026879615014976,0.7076923031675277,0.9999999999776161,1.000000000023005,0.9999999999378638,0.4249999984250012,0.17000000117000047,0.3150000003150009,0.004519928776879884,0.43500000193500127,0.04999999955000014,0.014999999865000042,1.0000000003119291,1.000000000330095,0.15605831,3.063016,14.671097,12.201524,-0.3743791,-0.19340166,-1.7949622,-0.20281206,-0.18565558,-0.097144924,-0.20203463,4.7884311,22.667287,15.245786,-19.681471,2.5313468,18.240714,18.4625,-0.76059343,0.15605831,-0.13026000000002114,-0.0
2211.0,858.3676,9.6666667,1.3333333,4.1111111,5.3983,12.2168,62.469887,7291.0657,89.349,173.879,64.3741,9.4444444,3.7777778,7.0,0.027,9.6666667,1.1111111,0.33333333,2.2441,727.06233,0.22603783086613125,0.43500000193500127,0.05999999856000017,0.1849999996850005,1.0000000005557301,0.9999999997544371,0.24026879615014984,0.7125874150040797,0.9999999999776158,1.0000000000230047,0.9999999999378634,0.4249999984250012,0.17000000117000047,0.3150000003150009,0.0036981235447199052,0.43500000193500127,0.04999999955000014,0.014999999865000042,1.0000000003119291,1.000000000330095,0.14852318,2.9740858,14.238337,11.830544,-0.39887019,-0.18609228,-1.8039363,-0.19294555,-0.18563621,-0.098167908,-0.19591249,4.6491967,21.974243,14.781525,-19.321581,2.457855,17.817442,17.940489,-0.74430592,0.14852318,-0.17304000000001452,-0.0
2212.0,855.99377,9.6666667,1.3333333,4.1111111,5.3983,12.2168,60.118453,7291.0657,89.349,173.879,64.3741,9.5555555,3.7777778,7.0,0.024,9.6666667,1.2222222,0.33333333,2.2441,727.06233,0.22541271945227437,0.43500000193500127,0.05999999856000017,0.1849999996850005,1.0000000005557308,0.9999999997544367,0.23122481922721186,0.7125874150040787,0.9999999999776162,1.0000000000230045,0.9999999999378634,0.42999999793000127,0.17000000117000047,0.3150000003150009,0.003287220928639916,0.43500000193500127,0.05499999905500016,0.014999999865000042,1.0000000003119283,1.000000000330095,0.14314316,2.8991157,13.818107,11.469765,-0.37098224,-0.1838517,-1.7825756,-0.18590757,-0.18121155,-0.095693912,-0.18797672,4.5388063,21.301759,14.331589,-18.84704,2.3957427,17.404452,17.433305,-0.7291142,0.14314316,-0.2022300000000996,2.0250891
2213.0,939.09786,9.6666667,1.3333333,4.1111111,5.3983,12.2168,60.118453,7291.0657,89.349,173.879,64.3741,9.5555555,3.7777778,7.0,0.024,9.6666667,1.2222222,0.33333333,2.2441,727.06233,0.2472968961613017,0.43500000193500127,0.05999999856000017,0.1849999996850005,1.0000000005557312,0.9999999997544365,0.23122481922721191,0.7125874150040804,0.9999999999776156,1.0000000000230045,0.9999999999378634,0.42999999793000127,0.17000000117000047,0.3150000003150009,0.0032872209286399145,0.43500000193500127,0.05499999905500016,0.014999999865000042,1.0000000003119285,1.000000000330095,0.14055088,2.8127486,13.408857,11.118856,-0.36656579,-0.18378393,-1.722707,-0.18251454,-0.18246796,-0.093410358,-0.18404956,4.404028,20.646347,13.892569,-18.251838,2.3243559,16.939543,16.939543,-0.70191621,0.14055088,-0.1995600000000195,1.9897784
2214.0,888.69319,9.6666667,1.3333333,4.0,5.3983,12.2168,60.118453,7291.0657,89.349,173.879,64.3741,9.4444444,3.7777778,7.0,0.024,9.6666667,1.2222222,0.33333333,2.2441,727.06233,0.2340236059388805,0.43500000193500127,0.05999999856000017,0.1800000001800005,1.0000000005557306,0.9999999997544368,0.23122481922721203,0.7125874150040773,0.9999999999776148,1.0000000000230045,0.9999999999378634,0.4249999984250012,0.17000000117000047,0.3150000003150009,0.0032872209286399167,0.43500000193500127,0.05499999905500016,0.014999999865000042,1.0000000003119294,1.000000000330095,0.13591975,2.7265571,13.012863,10.78026,-0.34514841,-0.17576442,-1.6711741,-0.17645688,-0.16665354,-0.090161542,-0.175258,4.2670151,20.011295,13.468051,-17.701452,2.2531811,16.460758,16.460758,-0.67370307,0.13591975,-0.30479000000002543,-0.0
2215.0,893.15838,9.5555555,1.3333333,4.0,5.3983,12.2168,60.118453,7291.0657,89.349,173.879,64.3741,9.4444444,3.7777778,7.0,0.027,9.5555555,1.2222222,0.33333333,2.2441,727.06233,0.2351994446611309,0.42999999793000127,0.05999999856000017,0.1800000001800005,1.0000000005557301,0.9999999997544363,0.23122481922721208,0.7125874150040805,0.9999999999776165,1.0000000000230045,0.9999999999378634,0.4249999984250012,0.17000000117000047,0.3150000003150009,0.0036981235447199057,0.42999999793000127,0.05499999905500016,0.014999999865000042,1.0000000003119291,1.000000000330095,0.13196092,2.6389878,12.629529,10.449748,-0.35814176,-0.17107082,-1.6216601,-0.17130209,-0.16525204,-0.087186543,-0.17159067,4.1252182,19.395367,13.056777,-17.176153,2.1809287,15.996133,15.996133,-0.65336471,0.13196092,-0.1945100000000366,4.4301905
2216.0,939.09786,9.5555555,1.3333333,4.0,5.3983,12.2168,62.469887,7291.0657,89.349,173.879,64.3741,9.3333333,3.7777778,7.0,0.03,9.5555555,1.2222222,0.33333333,2.2441,727.06233,0.24729689616130168,0.42999999793000127,0.05999999856000017,0.1800000001800005,1.0000000005557308,0.9999999997544368,0.24026879615014965,0.7125874150040805,0.9999999999776159,1.0000000000230047,0.9999999999378631,0.41999999892000117,0.17000000117000047,0.3150000003150009,0.004109026160799893,0.42999999793000127,0.05499999905500016,0.014999999865000042,1.000000000311929,1.000000000330095,0.12922828,2.5549302,12.258293,10.129252,-0.3211716,-0.15937229,-1.5313034,-0.16772782,-0.15195488,-0.083045061,-0.16439435,3.9898589,18.796576,12.656576,-16.515074,2.1115499,15.545121,15.545121,-0.63476998,0.12922828,-0.1873000000000502,0.61573275
2217.0,939.09786,9.5555555,1.3333333,4.0,5.3983,12.2168,62.469887,7287.0141,89.349,173.879,64.3741,9.3333333,3.7777778,6.8888889,0.03,9.5555555,1.2222222,0.33333333,2.2441,727.06233,0.2472968961613017,0.42999999793000127,0.05999999856000017,0.1800000001800005,1.000000000555731,0.9999999997544372,0.24026879615014976,0.7121914345960816,0.9999999999776159,1.0000000000230045,0.9999999999378626,0.41999999892000117,0.17000000117000047,0.3100000008100009,0.004109026160799897,0.42999999793000127,0.05499999905500016,0.014999999865000042,1.0000000003119291,1.000000000330095,0.12651216,2.4741174,11.898937,9.8186075,-0.32135657,-0.15827374,-1.5078221,-0.16418929,-0.15637768,-0.081614587,-0.16636799,3.8606578,18.216826,12.269881,-16.100637,2.0448335,15.106937,15.106937,-0.62688327,0.12651216,-0.1814000000000533,1.1257518
2218.0,855.99377,9.5555555,1.3333333,4.0,5.3983,12.2168,62.469887,7291.0657,89.349,173.879,64.3741,9.3333333,3.7777778,6.8888889,0.03,9.5555555,1.2222222,0.33333333,2.2441,727.06233,0.22541271945227437,0.42999999793000127,0.05999999856000017,0.1800000001800005,1.000000000555731,0.9999999997544365,0.24026879615014982,0.7125874150040792,0.9999999999776161,1.0000000000230043,0.9999999999378634,0.41999999892000117,0.17000000117000047,0.3100000008100009,0.004109026160799893,0.42999999793000127,0.05499999905500016,0.014999999865000042,1.0000000003119291,1.000000000330095,0.11967265,2.4014369,11.549543,9.5163232,-0.32689671,-0.15003942,-1.466713,-0.15528928,-0.1478991,-0.07995254,-0.15884033,3.7510334,17.655567,11.898205,-15.6351,1.9846762,14.679759,14.679759,-0.60627194,0.11967265,-0.18822000000000116,2.4128213
2219.0,855.99377,9.4444444,1.3333333,4.0,5.3983,12.2168,62.469887,7291.0657,89.349,173.879,64.3741,9.3333333,3.7777778,6.8888889,0.03,9.4444444,1.2222222,0.33333333,2.2441,727.06233,0.22541271945227437,0.4249999984250012,0.05999999856000017,0.1800000001800005,1.0000000005557306,0.9999999997544365,0.24026879615014982,0.7125874150040801,0.9999999999776159,1.0000000000230047,0.9999999999378634,0.41999999892000117,0.17000000117000047,0.3100000008100009,0.004109026160799896,0.4249999984250012,0.05499999905500016,0.014999999865000042,1.000000000311929,1.000000000330095,0.11603923,2.3232949,11.210074,9.2073703,-0.30056599,-0.15694139,-1.4205055,-0.15056247,-0.14907199,-0.076332371,-0.15473138,3.629439,17.110799,11.535848,-15.164791,1.9200825,14.263396,14.263396,-0.5879083,0.11603923,-0.28191000000003896,-0.0
2220.0,855.99377,9.4444444,1.3333333,4.0,5.3983,12.2168,60.118453,7291.0657,89.349,173.879,64.3741,9.3333333,3.6666667,6.8888889,0.027,9.4444444,1.2222222,0.33333333,2.2441,727.06233,0.2254127194522744,0.4249999984250012,0.05999999856000017,0.1800000001800005,1.0000000005557308,0.9999999997544365,0.23122481922721186,0.7125874150040776,0.9999999999776154,1.0000000000230045,0.9999999999378634,0.41999999892000117,0.16500000166500048,0.3100000008100009,0.003698123544719907,0.4249999984250012,0.05499999905500016,0.014999999865000042,1.0000000003119294,1.000000000330095,0.11292534,2.248334,10.880672,8.902057,-0.29904562,-0.14311178,-1.3995653,-0.14651039,-0.14166543,-0.075510315,-0.1498777,3.5140729,16.582826,11.184409,-14.769788,1.8580923,13.857652,13.857652,-0.57209367,0.11292534,-0.18093000000010306,2.1000397
2221.0,857.23718,9.4444444,1.3333333,3.8888889,5.3983,12.2168,62.469887,7291.0657,89.349,173.879,64.3741,9.3333333,3.6666667,6.8888889,0.03,9.4444444,1.2222222,0.33333333,2.2441,727.06233,0.22574015224362995,0.4249999984250012,0.05999999856000017,0.1750000006750005,1.0000000005557312,0.9999999997544368,0.24026879615014976,0.7125874150040808,0.9999999999776156,1.000000000023004,0.9999999999378634,0.41999999892000117,0.16500000166500048,0.3100000008100009,0.0041090261607998925,0.4249999984250012,0.05499999905500016,0.014999999865000042,1.0000000003119285,1.000000000330095,0.11051519,2.1820011,10.562001,8.6085705,-0.29650403,-0.13977544,-1.3483557,-0.14337989,-0.13655278,-0.073104961,-0.13805738,3.4146125,16.071996,10.844071,-14.302012,1.8031765,13.462885,13.462885,-0.54087361,0.11051519,-0.20010000000002037,-0.0
2222.0,939.09786,9.4444444,1.3333333,3.8888889,5.3983,12.2168,61.157419,7240.9798,89.349,173.879,64.3741,9.2222222,3.6666667,6.8888889,0.03,9.4444444,1.2222222,0.33333333,2.2441,727.06233,0.24729689616130174,0.4249999984250012,0.05999999856000017,0.1750000006750005,1.0000000005557308,0.9999999997544371,0.23522084230407345,0.7076923031675266,0.9999999999776156,1.0000000000230045,0.9999999999378634,0.41499999941500115,0.16500000166500048,0.3100000008100009,0.004109026160799894,0.4249999984250012,0.05499999905500016,0.014999999865000042,1.0000000003119294,1.000000000330095,0.11114228,2.1124115,10.254151,8.3262585,-0.27799345,-0.13236227,-1.3100092,-0.14418141,-0.12849744,-0.070433909,-0.14022242,3.3051566,15.578634,10.515137,-13.873744,1.7456755,13.079907,13.079907,-0.53919587,0.11114228,-0.1761500000000069,3.7469044
2223.0,875.42777,9.4444444,1.3333333,3.8888889,5.3983,12.2168,62.469887,7291.0657,89.349,173.879,64.3741,9.2222222,3.6666667,6.8888889,0.033,9.4444444,1.2222222,0.44444444,2.2441,727.06233,0.2305303627615656,0.4249999984250012,0.05999999856000017,0.1750000006750005,1.0000000005557308,0.9999999997544372,0.24026879615014982,0.7125874150040796,0.9999999999776165,1.0000000000230045,0.9999999999378636,0.41499999941500115,0.16500000166500048,0.3100000008100009,0.004519928776879885,0.4249999984250012,0.05499999905500016,0.019999999820000055,1.0000000003119294,1.000000000330095,0.10417117,2.0483949,9.9591643,8.0577042,-0.27320248,-0.13076358,-1.2396858,-0.13514972,-0.12686194,-0.067091427,-0.13397921,3.2033839,15.104655,10.200177,-13.359627,1.692814,12.71074,12.71074,-0.51884423,0.10417117,-0.17018000000007305,-0.0
2224.0,855.99377,9.3333333,1.3333333,3.8888889,5.3983,12.2168,62.469887,7291.0657,89.349,173.879,64.3741,9.2222222,3.6666667,6.8888889,0.03,9.4444444,1.2222222,0.44444444,2.2441,727.06233,0.22541271945227428,0.41999999892000117,0.05999999856000017,0.1750000006750005,1.0000000005557306,0.9999999997544363,0.24026879615014976,0.7125874150040806,0.9999999999776162,1.0000000000230047,0.9999999999378634,0.41499999941500115,0.16500000166500048,0.3100000008100009,0.004109026160799895,0.4249999984250012,0.05499999905500016,0.019999999820000055,1.0000000003119294,1.000000000330095,0.10010603,1.9863974,9.6732523,7.7996315,-0.2626939,-0.13532008,-1.2278223,-0.12988404,-0.1324893,-0.067240631,-0.13283721,3.1058545,14.646374,9.8796864,-13.05033,1.6415932,12.352207,12.352207,-0.50910046,0.10010603,-0.17428000000006705,1.9766825
2225.0,855.99377,9.3333333,1.3333333,3.8888889,5.3983,12.2168,62.469887,7303.0134,89.349,173.879,64.3741,9.2222222,3.6666667,6.7777778,0.03,9.3333333,1.2222222,0.44444444,2.2441,727.06233,0.22541271945227437,0.41999999892000117,0.05999999856000017,0.1750000006750005,1.0000000005557301,0.9999999997544368,0.24026879615014965,0.7137551154485084,0.9999999999776158,1.0000000000230047,0.9999999999378631,0.41499999941500115,0.16500000166500048,0.3050000013050009,0.004109026160799895,0.41999999892000117,0.05499999905500016,0.019999999820000055,1.000000000311929,1.000000000330095,0.095727504,1.9269351,9.3967674,7.5520404,-0.26760172,-0.12459007,-1.1937532,-0.12421202,-0.11971784,-0.064481369,-0.12774387,3.0119998,14.203316,9.5664476,-12.663708,1.5924704,12.004354,12.004354,-0.49496544,0.095727504,-0.16220000000009804,-0.0
2226.0,855.99377,9.3333333,1.3333333,3.8888889,5.3983,12.2168,60.118453,7291.0657,89.349,173.879,64.3741,9.2222222,3.6666667,6.7777778,0.027,9.3333333,1.2222222,0.44444444,2.2441,727.06233,0.2254127194522744,0.41999999892000117,0.05999999856000017,0.1750000006750005,1.0000000005557308,0.9999999997544371,0.23122481922721197,0.7125874150040781,0.9999999999776161,1.0000000000230043,0.9999999999378638,0.41499999941500115,0.16500000166500048,0.3050000013050009,0.0036981235447199052,0.41999999892000117,0.05499999905500016,0.019999999820000055,1.0000000003119287,1.000000000330095,0.093065912,1.8689335,9.1285988,7.3137411,-0.24955741,-0.12910676,-1.1826997,-0.12076823,-0.12302689,-0.063999445,-0.13097145,2.9206584,13.772876,9.2685503,-12.362334,1.5445537,11.666382,11.666382,-0.48083555,0.093065912,-0.06517000000008011,-0.0
2227.0,855.99377,9.3333333,1.3333333,3.7777778,5.3983,12.2168,60.118453,7291.0657,89.349,173.879,64.3741,9.2222222,3.6666667,6.7777778,0.03,9.3333333,1.2222222,0.44444444,2.2441,727.06233,0.22541271945227434,0.41999999892000117,0.05999999856000017,0.17000000117000047,1.0000000005557312,0.9999999997544363,0.23122481922721191,0.7125874150040804,0.9999999999776158,1.0000000000230045,0.9999999999378636,0.41499999941500115,0.16500000166500048,0.3050000013050009,0.0041090261607998925,0.41999999892000117,0.05499999905500016,0.019999999820000055,1.0000000003119283,1.000000000330095,0.090377341,1.8114286,8.8676433,7.0833776,-0.23834818,-0.1172418,-1.1413828,-0.11729009,-0.11212746,-0.061345221,-0.1179261,2.8315134,13.353942,8.9480351,-11.952161,1.4970127,11.33732,11.33732,-0.46464812,0.090377341,-0.16479000000003907,3.403894
2228.0,912.91846,9.3333333,1.3333333,3.7777778,5.3983,12.2168,62.469887,7291.0657,89.349,173.879,64.3741,9.1111111,3.6666667,6.6666667,0.036,9.3333333,1.2222222,0.44444444,2.2441,727.06233,0.24040295609485846,0.41999999892000117,0.05999999856000017,0.17000000117000047,1.0000000005557301,0.9999999997544367,0.24026879615014982,0.7125874150040779,0.9999999999776154,1.000000000023004,0.9999999999378631,0.4099999999100012,0.16500000166500048,0.30000000180000086,0.004930831392959874,0.41999999892000117,0.05499999905500016,0.019999999820000055,1.0000000003119294,1.000000000330095,0.089858965,1.7555809,8.6148231,6.8623726,-0.23113551,-0.11887786,-1.0687304,-0.11661004,-0.11116814,-0.058265523,-0.1223033,2.7449454,12.947107,8.6273046,-11.468024,1.4508415,11.017804,11.017804,-0.44554383,0.089858965,-0.14045000000010077,-0.0
2229.0,855.99377,9.3333333,1.3333333,3.7777778,5.3983,12.2168,62.469887,7347.7292,89.349,173.879,64.3741,9.1111111,3.6666667,6.6666667,0.036,9.3333333,1.2222222,0.44444444,2.2441,727.06233,0.2254127194522743,0.41999999892000117,0.05999999856000017,0.17000000117000047,1.0000000005557308,0.9999999997544363,0.24026879615014982,0.7181253841640736,0.9999999999776162,1.0000000000230043,0.9999999999378634,0.4099999999100012,0.16500000166500048,0.30000000180000086,0.004930831392959873,0.41999999892000117,0.05499999905500016,0.019999999820000055,1.000000000311929,1.000000000330095,0.08501785,1.7025319,8.3711589,6.6519814,-0.22765363,-0.11745986,-1.0440101,-0.11036077,-0.1105034,-0.056901309,-0.11980103,2.662333,12.553736,8.319489,-11.157201,1.4069931,10.70856,10.70856,-0.43786453,0.08501785,-0.16204000000004726,2.5804554
2230.0,855.99377,9.3333333,1.3333333,3.7777778,5.3983,12.2168,62.469887,7291.0657,89.349,173.879,64.3741,9.1111111,3.6666667,6.5555555,0.039,9.3333333,1.2222222,0.44444444,2.2441,727.06233,0.22541271945227434,0.41999999892000117,0.05999999856000017,0.17000000117000047,1.0000000005557306,0.9999999997544367,0.24026879615014976,0.7125874150040798,0.9999999999776156,1.0000000000230045,0.999999999937863,0.4099999999100012,0.16500000166500048,0.2949999977950008,0.005341734009039864,0.41999999892000117,0.05499999905500016,0.019999999820000055,1.000000000311929,1.000000000330095,0.08286066,1.6508799,8.13517,6.4505604,-0.2202482,-0.10597031,-0.9958202,-0.10757458,-0.10568185,-0.054498766,-0.10718987,2.581888,12.171661,8.0200096,-10.758988,1.3642997,10.40842,10.40842,-0.42359222,0.08286066,-0.20032000000003336,-0.0
2231.0,860.23471,9.3333333,1.3333333,3.7777778,5.3983,12.2168,62.469887,7291.0657,89.349,173.879,64.3741,9.1111111,3.6666667,6.4444444,0.036,9.3333333,1.2222222,0.44444444,2.2441,727.06233,0.22652950540555758,0.41999999892000117,0.05999999856000017,0.17000000117000047,1.0000000005557308,0.9999999997544369,0.2402687961501497,0.7125874150040803,0.9999999999776159,1.0000000000230043,0.999999999937863,0.4099999999100012,0.16500000166500048,0.28999999829000084,0.004930831392959876,0.41999999892000117,0.05499999905500016,0.019999999820000055,1.0000000003119294,1.000000000330095,0.082233682,1.6008724,7.9067651,6.2578635,-0.20096576,-0.10229029,-0.98491019,-0.10675641,-0.095064845,-0.052557608,-0.10450814,2.5039826,11.801322,7.7270016,-10.496297,1.322966,10.117009,10.117009,-0.39389615,0.082233682,-0.15864000000010492,1.3460445
2232.0,855.99377,9.3333333,1.4444444,3.7777778,5.3983,12.2168,62.469887,7406.1139,89.349,173.879,64.3741,9.1111111,3.6666667,6.4444444,0.036,9.3333333,1.2222222,0.44444444,2.2441,727.06233,0.22541271945227434,0.41999999892000117,0.06499999806500019,0.17000000117000047,1.0000000005557315,0.9999999997544363,0.2402687961501497,0.7238315736514048,0.9999999999776162,1.0000000000230043,0.9999999999378634,0.4099999999100012,0.16500000166500048,0.28999999829000084,0.004930831392959873,0.41999999892000117,0.05499999905500016,0.019999999820000055,1.0000000003119294,1.000000000330095,0.077765301,1.5544159,7.6865467,6.0740996,-0.20777388,-0.10152495,-0.95501012,-0.10099574,-0.10046809,-0.052069086,-0.11051329,2.4317463,11.443966,7.4495867,-10.197569,1.2845643,9.8351308,9.8351308,-0.40191326,0.077765301,-0.21383000000002994,-0.0
2233.0,855.99377,9.2222222,1.4444444,3.7777778,5.3983,12.2168,62.469887,7441.4774,89.349,173.879,64.3741,9.1111111,3.6666667,6.3333333,0.036,9.3333333,1.2222222,0.44444444,2.2441,727.06233,0.2254127194522743,0.41499999941500115,0.06499999806500019,0.17000000117000047,1.0000000005557301,0.9999999997544367,0.24026879615014982,0.7272878016004282,0.9999999999776162,1.000000000023005,0.9999999999378636,0.4099999999100012,0.16500000166500048,0.28499999878500076,0.004930831392959875,0.41999999892000117,0.05499999905500016,0.019999999820000055,1.0000000003119287,1.000000000330095,0.075482966,1.508423,7.4729376,5.8976815,-0.19144603,-0.095913101,-0.93222931,-0.098054113,-0.090022102,-0.049713615,-0.097835382,2.359645,11.100338,7.1877261,-9.9001184,1.246559,9.5612618,9.5612618,-0.38796461,0.075482966,-0.15196000000003096,2.2659159
2234.0,855.99377,9.2222222,1.4444444,3.7777778,5.3983,12.2168,62.469887,7471.4685,89.349,173.879,64.3741,9.1111111,3.6666667,6.3333333,0.039,9.3333333,1.2222222,0.44444444,2.2441,727.06233,0.2254127194522744,0.41499999941500115,0.06499999806500019,0.17000000117000047,1.0000000005557308,0.9999999997544363,0.24026879615014965,0.7302189616395023,0.999999999977615,1.0000000000230045,0.999999999937863,0.4099999999100012,0.16500000166500048,0.28499999878500076,0.005341734009039865,0.41999999892000117,0.05499999905500016,0.019999999820000055,1.0000000003119294,1.000000000330095,0.073267853,1.4637613,7.2656783,5.7283783,-0.18211464,-0.093079601,-0.88852923,-0.095198168,-0.092471345,-0.048105872,-0.10029651,2.2896489,10.770251,6.9427948,-9.5579663,1.2096539,9.2949675,9.2949675,-0.37273334,0.073267853,-0.14008000000001175,-0.0
2235.0,855.99377,9.2222222,1.4444444,3.7777778,5.3983,12.2168,62.469887,7450.4534,89.349,173.879,64.3741,9.1111111,3.5555556,6.3333333,0.039,9.2222222,1.2222222,0.44444444,2.2441,727.06233,0.22541271945227428,0.41499999941500115,0.06499999806500019,0.17000000117000047,1.0000000005557312,0.9999999997544365,0.2402687961501497,0.728165064938911,0.9999999999776155,1.0000000000230045,0.9999999999378634,0.4099999999100012,0.16000000216000046,0.28499999878500076,0.005341734009039862,0.41499999941500115,0.05499999905500016,0.019999999820000055,1.0000000003119285,1.000000000330095,0.071097489,1.4204057,7.0645753,5.5659651,-0.19357625,-0.093418882,-0.87640252,-0.092425405,-0.084820566,-0.046882925,-0.09325274,2.2217032,10.452749,6.7069186,-9.3136877,1.173828,9.0360948,9.0360948,-0.35529906,0.071097489,-0.14809999999999945,0.65273933
2236.0,855.99377,9.2222222,1.4444444,3.7777778,5.3983,12.2168,62.469887,7421.3862,89.349,173.879,64.3741,9.1111111,3.6666667,6.2222222,0.039,9.2222222,1.2222222,0.44444444,2.2441,727.06233,0.22541271945227434,0.41499999941500115,0.06499999806500019,0.17000000117000047,1.0000000005557306,0.9999999997544371,0.24026879615014965,0.7253242016465365,0.9999999999776147,1.0000000000230045,0.9999999999378631,0.4099999999100012,0.16500000166500048,0.2799999992800008,0.0053417340090398625,0.41499999941500115,0.05499999905500016,0.019999999820000055,1.0000000003119296,1.000000000330095,0.069003977,1.3783175,6.8694097,5.4102397,-0.17695662,-0.088698251,-0.84294821,-0.089733403,-0.089142183,-0.045686483,-0.095662077,2.1557295,10.151788,6.4897261,-9.0125176,1.1390491,8.7837899,8.7837899,-0.35615293,0.069003977,-0.14850000000001273,1.9473807
2237.0,855.99377,9.2222222,1.4444444,3.7777778,5.3983,12.2168,62.469887,7417.5034,89.349,173.879,64.3741,9.1111111,3.6666667,6.2222222,0.042,9.2222222,1.2222222,0.44444444,2.2441,727.06233,0.22541271945227437,0.41499999941500115,0.06499999806500019,0.17000000117000047,1.0000000005557308,0.9999999997544367,0.24026879615014976,0.7249447187932997,0.9999999999776161,1.0000000000230045,0.9999999999378631,0.4099999999100012,0.16500000166500048,0.2799999992800008,0.005752636625119852,0.41499999941500115,0.05499999905500016,0.019999999820000055,1.0000000003119294,1.000000000330095,0.066972831,1.3374647,6.679977,5.261017,-0.17297876,-0.084115893,-0.8027149,-0.087119809,-0.083648046,-0.043412322,-0.081846932,2.0916831,9.8679455,6.2850385,-8.698715,1.1052919,8.5376242,8.5376242,-0.34151425,0.066972831,-0.14809999999999945,0.073882826
2238.0,855.99377,9.2222222,1.4444444,3.7777778,5.3983,12.2168,62.469887,7451.4584,89.349,173.879,64.3741,9.0,3.6666667,6.2222222,0.042,9.2222222,1.2222222,0.44444444,2.2441,727.06233,0.2254127194522743,0.41499999941500115,0.06499999806500019,0.17000000117000047,1.0000000005557308,0.9999999997544367,0.24026879615014982,0.7282632879397076,0.9999999999776161,1.000000000023005,0.9999999999378634,0.40500000040500117,0.16500000166500048,0.2799999992800008,0.005752636625119853,0.41499999941500115,0.05499999905500016,0.019999999820000055,1.0000000003119294,1.000000000330095,0.06500057,1.2902151,6.4959277,5.1179426,-0.17273612,-0.084504752,-0.78801325,-0.084582339,-0.080147229,-0.042615315,-0.089354261,2.0139341,9.6000356,6.0917201,-8.4794513,1.0663331,8.297265,8.297265,-0.33407316,0.06500057,-0.14678000000003522,1.1987134
2239.0,855.99377,9.1111111,1.4444444,3.8888889,5.3983,12.2168,62.469887,7646.6164,89.349,173.879,64.3741,8.8888889,3.6666667,6.2222222,0.042,9.1111111,1.2222222,0.44444444,2.2441,727.06233,0.22541271945227434,0.4099999999100012,0.06499999806500019,0.1750000006750005,1.0000000005557301,0.9999999997544369,0.2402687961501497,0.747336924148662,0.9999999999776158,1.000000000023005,0.999999999937863,0.4000000009000011,0.16500000166500048,0.2799999992800008,0.0057526366251198545,0.4099999999100012,0.05499999905500016,0.019999999820000055,1.0000000003119294,1.000000000330095,0.063062774,1.2434703,6.3172034,4.9809981,-0.18460241,-0.083557328,-0.75684533,-0.082118776,-0.081659193,-0.041165226,-0.081476879,1.9377756,9.3474789,5.9091676,-8.1972544,1.027776,8.0625591,8.0625591,-0.31416531,0.063062774,-0.14343000000008033,0.84563781
2240.0,855.99377,9.0,1.4444444,3.8888889,5.3983,12.2168,62.469887,7616.2747,89.349,173.879,64.3741,8.8888889,3.6666667,6.2222222,0.042,9.0,1.2222222,0.44444444,2.2441,727.06233,0.22541271945227434,0.40500000040500117,0.06499999806500019,0.1750000006750005,1.0000000005557312,0.9999999997544365,0.24026879615014976,0.7443714984537817,0.9999999999776162,1.0000000000230045,0.9999999999378636,0.4000000009000011,0.16500000166500048,0.2799999992800008,0.005752636625119852,0.40500000040500117,0.05499999905500016,0.019999999820000055,1.0000000003119283,1.000000000330095,0.061176692,1.201695,6.143495,4.8498845,-0.16104416,-0.077193354,-0.73557733,-0.079726967,-0.070425689,-0.039778887,-0.074163431,1.8726652,9.1096843,5.7371299,-7.9538713,0.99324851,7.8329604,7.8329604,-0.30292441,0.061176692,-0.14542000000005828,0.41501186
2241.0,855.99377,8.8888889,1.4444444,3.8888889,5.3983,12.2168,62.469887,7803.87,89.349,173.879,64.3741,8.6666667,3.6666667,6.2222222,0.042,8.8888889,1.3333333,0.44444444,2.2441,727.06233,0.22541271945227434,0.4000000009000011,0.06499999806500019,0.1750000006750005,1.0000000005557308,0.9999999997544363,0.24026879615014982,0.762705999251645,0.9999999999776159,1.0000000000230045,0.9999999999378634,0.3900000018900011,0.16500000166500048,0.2799999992800008,0.005752636625119849,0.4000000009000011,0.05999999856000017,0.019999999820000055,1.0000000003119278,1.000000000330095,0.059370361,1.1471762,5.9746371,4.7320689,-0.16387033,-0.074124906,-0.71721096,-0.077404822,-0.072813011,-0.038195884,-0.071312785,1.7810918,8.8847898,5.5792321,-7.732071,0.94833575,7.6082931,7.6082931,-0.29278089,0.059370361,-0.14384000000006836,0.85452493
2242.0,855.99377,8.6666667,1.4444444,3.8888889,5.3983,12.2168,62.469887,7291.0657,89.349,173.879,64.3741,8.3333333,3.7777778,6.2222222,0.045,8.6666667,1.3333333,0.44444444,2.2441,727.06233,0.22541271945227437,0.3900000018900011,0.06499999806500019,0.1750000006750005,1.0000000005557301,0.9999999997544368,0.24026879615014984,0.7125874150040783,0.9999999999776154,1.0000000000230047,0.9999999999378636,0.374999998875001,0.17000000117000047,0.2799999992800008,0.006163539241199843,0.3900000018900011,0.05999999856000017,0.019999999820000055,1.0000000003119296,1.000000000330095,0.057900266,1.0910974,5.8102844,4.6198044,-0.15587642,-0.072593073,-0.69151246,-0.075515401,-0.072292949,-0.037091083,-0.07687827,1.6885545,8.6704089,5.4242994,-7.4942099,0.90210945,7.3879543,7.3879543,-0.29959465,0.057900266,-0.14339000000006763,0.76221392
2243.0,855.99377,8.4444444,1.4444444,4.0,5.3983,12.2168,62.469887,7891.466,89.349,173.879,64.3741,8.1111111,3.7777778,6.2222222,0.045,8.4444444,1.3333333,0.44444444,2.2441,727.06233,0.22541271945227434,0.3799999983800011,0.06499999806500019,0.1800000001800005,1.0000000005557304,0.9999999997544363,0.24026879615014982,0.7712671355481805,0.9999999999776155,1.0000000000230045,0.999999999937863,0.36499999986500103,0.17000000117000047,0.2799999992800008,0.0061635392411998405,0.3799999983800011,0.05999999856000017,0.019999999820000055,1.0000000003119283,1.000000000330095,0.055907858,1.0392953,5.6505252,4.5130922,-0.14373902,-0.072923992,-0.6686427,-0.072961469,-0.071257276,-0.036004509,-0.071223432,1.6075416,8.4647525,5.2759318,-7.2647305,0.85930213,7.1722029,7.1722029,-0.28065694,0.055907858,-0.14254000000005362,0.75412439
2244.0,855.99377,8.2222222,1.4444444,4.0,5.3983,12.2168,62.469887,7704.2224,89.349,173.879,64.3741,8.0,3.7777778,6.3333333,0.045,8.2222222,1.3333333,0.44444444,2.2441,727.06233,0.2254127194522743,0.369999999370001,0.06499999806500019,0.1800000001800005,1.0000000005557308,0.9999999997544368,0.24026879615014965,0.7529670079138808,0.9999999999776154,1.0000000000230045,0.9999999999378631,0.360000000360001,0.17000000117000047,0.28499999878500076,0.0061635392411998405,0.369999999370001,0.05999999856000017,0.019999999820000055,1.0000000003119291,1.000000000330095,0.054252605,0.99146993,5.4962672,4.4129322,-0.1560219,-0.068573585,-0.64762038,-0.070836377,-0.067367661,-0.034559909,-0.065671002,1.5348253,8.2679592,5.136448,-7.0480454,0.81972549,6.961532,6.961532,-0.2684227,0.054252605,-0.14210000000002765,0.3873766
2245.0,855.99377,8.0,1.4444444,4.1111111,5.3983,12.2168,62.469887,7940.7828,89.349,173.879,64.3741,7.7777778,3.8888889,6.3333333,0.045,8.1111111,1.2222222,0.44444444,2.2441,727.06233,0.22541271945227437,0.360000000360001,0.06499999806500019,0.1849999996850005,1.0000000005557308,0.9999999997544367,0.24026879615014976,0.7760870799121812,0.9999999999776154,1.0000000000230043,0.9999999999378626,0.350000001350001,0.1750000006750005,0.28499999878500076,0.006163539241199845,0.36499999986500103,0.05499999905500016,0.019999999820000055,1.0000000003119296,1.000000000330095,0.052644828,0.94673226,5.3474977,4.3193488,-0.13735778,-0.067310993,-0.62837072,-0.068773182,-0.064542045,-0.033490735,-0.065681717,1.4681077,8.0788429,5.0049416,-6.8482799,0.78268007,6.7559484,6.7559484,-0.26155814,0.052644828,-0.14154000000007727,1.0817918
2246.0,855.99377,7.8888889,1.4444444,4.1111111,5.3983,12.2168,64.99646,8093.9461,89.349,173.879,64.3741,7.7777778,3.8888889,6.3333333,0.045,7.8888889,1.2222222,0.44444444,2.2441,727.06233,0.22541271945227434,0.35500000085500105,0.06499999806500019,0.1849999996850005,1.0000000005557308,0.9999999997544365,0.24998638461153877,0.7910563922886275,0.9999999999776168,1.0000000000230043,0.9999999999378636,0.350000001350001,0.1750000006750005,0.28499999878500076,0.006163539241199843,0.35500000085500105,0.05499999905500016,0.019999999820000055,1.0000000003119294,1.000000000330095,0.051081371,0.90808012,5.2034382,4.2328698,-0.14536824,-0.066918797,-0.6028544,-0.066770079,-0.065888568,-0.033122308,-0.071633747,1.4147501,7.8969235,4.8736656,-6.6325235,0.75057342,6.5547982,6.5547982,-0.27188203,0.051081371,-0.1418100000000777,0.56135139
2247.0,855.99377,7.8888889,1.4444444,4.2222222,5.3983,12.2168,64.99646,7997.838,89.349,173.879,64.3741,7.7777778,3.8888889,6.3333333,0.045,7.8888889,1.2222222,0.44444444,2.2441,727.06233,0.22541271945227437,0.35500000085500105,0.06499999806500019,0.18999999919000055,1.0000000005557301,0.9999999997544365,0.24998638461153866,0.7816633316089044,0.9999999999776161,1.0000000000230047,0.9999999999378634,0.350000001350001,0.1750000006750005,0.28499999878500076,0.006163539241199841,0.35500000085500105,0.05499999905500016,0.019999999820000055,1.0000000003119285,1.000000000330095,0.049564701,0.87745858,5.0664457,4.155762,-0.14178897,-0.064617318,-0.58867943,-0.06482532,-0.060793279,-0.031226682,-0.060045046,1.3738689,7.7229158,4.748044,-6.4471502,0.72510258,6.3600943,6.3600943,-0.2462153,0.049564701,-0.5384600000001001,-0.0
2248.0,855.99377,7.8888889,1.5555556,4.3333333,5.3983,12.2168,62.469887,8324.9803,89.349,173.879,64.3741,7.8888889,4.0,6.4444444,0.045,7.8888889,1.2222222,0.44444444,2.2441,727.06233,0.2254127194522744,0.35500000085500105,0.07000000207000019,0.19499999869500054,1.0000000005557312,0.9999999997544367,0.24026879615014965,0.8136363648371563,0.9999999999776158,1.0000000000230045,0.999999999937863,0.35500000085500105,0.1800000001800005,0.28999999829000084,0.006163539241199844,0.35500000085500105,0.05499999905500016,0.019999999820000055,1.000000000311929,1.000000000330095,0.045704653,0.85571788,4.9368903,4.0878563,-0.13924297,-0.06322827,-0.573826,-0.059878893,-0.059662,-0.030914802,-0.066170449,1.3458078,7.5567977,4.628195,-6.2729111,0.70699636,6.1720906,6.1720906,-0.25544821,0.045704653,-0.14041000000008808,1.1691729
2249.0,855.99377,8.0,1.5555556,4.3333333,5.3983,12.2168,64.99646,8324.9803,89.349,173.879,64.3741,8.0,4.0,6.4444444,0.048,8.0,1.2222222,0.44444444,2.2441,727.06233,0.2254127194522743,0.360000000360001,0.07000000207000019,0.19499999869500054,1.0000000005557312,0.9999999997544367,0.24998638461153871,0.8136363648371585,0.9999999999776156,1.000000000023004,0.9999999999378631,0.360000000360001,0.1800000001800005,0.28999999829000084,0.00657444185727983,0.360000000360001,0.05499999905500016,0.019999999820000055,1.0000000003119278,1.000000000330095,0.044036956,0.8375509,4.8129436,4.0283948,-0.12870069,-0.061853701,-0.54426379,-0.057742131,-0.055353935,-0.028885464,-0.05465041,1.3209146,7.3953294,4.5126872,-6.041095,0.69190055,5.9894999,5.9894999,-0.23175188,0.044036956,-0.1397900000000618,0.48620493
2250.0,855.99377,8.1111111,1.5555556,4.4444444,5.3983,12.2168,64.99646,8257.0067,89.349,173.879,64.3741,8.1111111,4.1111111,6.4444444,0.048,8.1111111,1.2222222,0.44444444,2.2441,727.06233,0.22541271945227434,0.36499999986500103,0.07000000207000019,0.19999999820000056,1.0000000005557304,0.9999999997544368,0.2499863846115386,0.8069930106410045,0.9999999999776155,1.0000000000230045,0.9999999999378634,0.36499999986500103,0.1849999996850005,0.28999999829000084,0.006574441857279832,0.36499999986500103,0.05499999905500016,0.019999999820000055,1.000000000311929,1.000000000330095,0.043855644,0.82510771,4.6941786,3.9761029,-0.11752246,-0.059674869,-0.52793139,-0.057509588,-0.054448258,-0.028473643,-0.058836105,1.3041314,7.2368533,4.3696427,-5.8697996,0.6815551,5.8122387,5.8122387,-0.2362506,0.043855644,-0.1391600000000608,0.041983614
2251.0,855.99377,8.3333333,1.5555556,4.6666667,5.3983,12.2168,64.99646,8429.5909,89.349,173.879,64.3741,8.3333333,4.1111111,6.3333333,0.048,8.3333333,1.2222222,0.44444444,2.2441,727.06233,0.2254127194522744,0.374999998875001,0.07000000207000019,0.2100000017100006,1.0000000005557308,0.9999999997544367,0.24998638461153877,0.8238604116505104,0.9999999999776156,1.0000000000230045,0.9999999999378631,0.374999998875001,0.1849999996850005,0.28499999878500076,0.006574441857279831,0.374999998875001,0.05499999905500016,0.019999999820000055,1.0000000003119294,1.000000000330095,0.03805688,0.81555482,4.581537,3.9315819,-0.13009263,-0.058614894,-0.50817434,-0.050083876,-0.052939237,-0.027549477,-0.059491216,1.2885978,7.0817981,4.2195592,-5.6960988,0.67367375,5.6423544,5.6423544,-0.2367397,0.03805688,-0.13844000000005963,0.76967616
2252.0,855.99377,8.5555555,1.5555556,4.7777778,5.3983,12.2168,67.718731,8768.5976,89.349,173.879,64.3741,8.4444444,4.2222222,6.3333333,0.054,8.5555555,1.2222222,0.44444444,2.2441,727.06233,0.22541271945227428,0.3849999978850011,0.07000000207000019,0.2150000012150006,1.000000000555731,0.9999999997544365,0.26045665768830073,0.8569930040535751,0.9999999999776159,1.0000000000230052,0.9999999999378634,0.3799999983800011,0.18999999919000055,0.28499999878500076,0.00739624708943981,0.3849999978850011,0.05499999905500016,0.019999999820000055,1.0000000003119291,1.000000000330095,0.035850747,0.80546466,4.4716438,3.8947582,-0.12349792,-0.055978205,-0.47161676,-0.047258405,-0.049117385,-0.025504454,-0.056065557,1.2706296,6.9260342,4.0735362,-5.4599424,0.66538575,5.4775616,5.4775616,-0.21410884,0.035850747,-0.1379900000000589,1.472656
2253.0,855.99377,8.6666667,1.5555556,4.8888889,5.3983,12.2168,68.716271,8768.5976,89.349,173.879,64.3741,8.6666667,4.2222222,6.2222222,0.06,8.6666667,1.2222222,0.44444444,2.2441,727.06233,0.22541271945227437,0.3900000018900011,0.07000000207000019,0.22000000072000064,1.0000000005557301,0.9999999997544369,0.26429334999593385,0.8569930040535739,0.9999999999776155,1.0000000000230045,0.999999999937863,0.3900000018900011,0.18999999919000055,0.2799999992800008,0.00821805232159979,0.3900000018900011,0.05499999905500016,0.019999999820000055,1.0000000003119294,1.000000000330095,0.035501979,0.79359404,4.3631874,3.8489478,-0.11969616,-0.054869324,-0.4366557,-0.046812066,-0.047230098,-0.023862451,-0.054266028,1.2492341,6.7682165,3.9287079,-5.2507892,0.65564285,5.3167078,5.3167078,-0.20871498,0.035501979,-0.11923000000001593,-0.0
2254.0,855.99377,8.7777778,1.6666667,5.0,5.3983,12.2168,70.660609,8415.4711,89.349,173.879,64.3741,8.7777778,4.2222222,6.2222222,0.06,8.8888889,1.2222222,0.44444444,2.2441,727.06233,0.22541271945227434,0.39500000139500113,0.07500000157500021,0.22500000022500063,1.000000000555731,0.9999999997544369,0.2717715730727419,0.822480422469727,0.9999999999776162,1.0000000000230045,0.999999999937863,0.39500000139500113,0.18999999919000055,0.2799999992800008,0.008218052321599788,0.4000000009000011,0.05499999905500016,0.019999999820000055,1.0000000003119287,1.000000000330095,0.034737606,0.77976396,4.2557952,3.8118443,-0.071273727,-0.045132375,-0.42140029,-0.045833841,-0.04435945,-0.022149412,-0.044572425,1.2248901,6.6088898,3.7862658,-5.1004944,0.64427649,5.1592841,5.1592841,-0.19820672,0.034737606,-0.07239000000004125,-0.0
2255.0,855.99377,9.0,1.6666667,5.2222222,5.3983,12.2168,70.660609,8419.8403,89.349,173.879,64.3741,8.8888889,4.3333333,6.1111111,0.066,9.0,1.2222222,0.44444444,2.2441,727.06233,0.22541271945227434,0.40500000040500117,0.07500000157500021,0.23499999923500067,1.0000000005557308,0.9999999997544361,0.2717715730727419,0.8229074433006663,0.9999999999776158,1.000000000023005,0.9999999999378638,0.4000000009000011,0.19499999869500054,0.2749999997750008,0.009039857553759766,0.40500000040500117,0.05499999905500016,0.019999999820000055,1.0000000003119283,1.000000000330095,0.033694631,0.76645815,4.1494542,3.7795027,-0.10650275,-0.052043445,-0.3885827,-0.044498875,-0.043461146,-0.021315073,-0.043678881,1.202816,6.4488679,3.6482288,-4.8994675,0.63331073,5.0052397,5.0052397,-0.19349908,0.033694631,-0.13721000000009553,2.6055231
2256.0,855.99377,9.0,1.6666667,5.3333333,5.3983,12.2168,77.32002,8389.3764,89.349,173.879,64.3741,8.8888889,4.3333333,6.1111111,0.075,9.0,1.2222222,0.44444444,2.2441,727.06233,0.22541271945227437,0.40500000040500117,0.07500000157500021,0.23999999874000066,1.0000000005557306,0.9999999997544367,0.2973846923031172,0.8199300744707624,0.9999999999776155,1.000000000023005,0.9999999999378634,0.4000000009000011,0.19499999869500054,0.2749999997750008,0.01027256540199974,0.40500000040500117,0.05499999905500016,0.019999999820000055,1.0000000003119294,1.000000000330095,0.033875998,0.74834031,4.0435269,3.7458021,-0.098521068,-0.048997587,-0.34006234,-0.0447309,-0.038799076,-0.018836833,-0.046395569,1.172502,6.2879748,3.5139936,-4.6664331,0.61838331,4.8539554,4.8539554,-0.18420312,0.033875998,-0.8132000000000517,-0.0
2257.0,855.99377,9.1111111,1.6666667,5.5555555,5.3983,12.2168,73.850062,8324.9803,89.349,173.879,64.3741,8.8888889,4.3333333,6.0,0.066,9.1111111,1.2222222,0.44444444,2.2441,727.06233,0.22541271945227434,0.4099999999100012,0.07500000157500021,0.2499999977500007,1.0000000005557308,0.9999999997544365,0.28403869999563014,0.8136363648371587,0.9999999999776159,1.0000000000230043,0.9999999999378631,0.4000000009000011,0.19499999869500054,0.27000000027000076,0.009039857553759767,0.4099999999100012,0.05499999905500016,0.019999999820000055,1.000000000311928,1.000000000330095,0.033937424,0.728591,3.9386612,3.7126974,-0.097628762,-0.04869653,-0.34160612,-0.044809503,-0.038257692,-0.019546307,-0.045982676,1.1403156,6.1273697,3.3844862,-4.6110025,0.60209341,4.7058773,4.7058773,-0.18188714,0.033937424,-0.4932700000000523,-0.0
2258.0,855.99377,9.1111111,1.6666667,5.6666667,5.3983,12.2168,73.850062,8257.0067,89.349,173.879,64.3741,8.8888889,4.3333333,5.8888889,0.06,9.1111111,1.2222222,0.44444444,2.2441,727.06233,0.22541271945227434,0.4099999999100012,0.07500000157500021,0.25500000175500076,1.0000000005557308,0.9999999997544368,0.28403869999563014,0.806993010641005,0.9999999999776155,1.000000000023005,0.9999999999378631,0.4000000009000011,0.19499999869500054,0.2650000007650008,0.008218052321599785,0.4099999999100012,0.05499999905500016,0.019999999820000055,1.0000000003119287,1.000000000330095,0.034163612,0.70904542,3.835432,3.6807582,-0.067480601,-0.040372393,-0.33680253,-0.045098923,-0.038078286,-0.018651903,-0.045300215,1.1095173,5.9679543,3.2601015,-4.5241856,0.58594705,4.5613676,4.5613676,-0.17952733,0.034163612,-0.13633000000004358,0.90196093
2259.0,855.99377,9.1111111,1.6666667,5.8888889,5.3983,12.2168,73.850062,8257.0067,89.349,173.879,64.3741,9.0,4.4444444,5.8888889,0.057,9.1111111,1.2222222,0.44444444,2.2441,727.06233,0.22541271945227437,0.4099999999100012,0.07500000157500021,0.2650000007650008,1.0000000005557304,0.9999999997544367,0.28403869999563014,0.8069930106410051,0.999999999977615,1.0000000000230045,0.9999999999378631,0.40500000040500117,0.19999999820000056,0.2650000007650008,0.0078071497055198025,0.4099999999100012,0.05499999905500016,0.019999999820000055,1.0000000003119294,1.000000000330095,0.033359263,0.69049876,3.7345362,3.6492957,-0.095646478,-0.04740426,-0.32699148,-0.044069971,-0.03654886,-0.01790274,-0.043888877,1.0809483,5.8151309,3.1471409,-4.4295574,0.57060856,4.4203312,4.4203312,-0.17603603,0.033359263,-0.13568000000009306,0.042933633
2260.0,855.99377,9.1111111,1.6666667,6.0,5.3983,12.2168,70.660609,8241.6094,89.349,173.879,64.3741,9.0,4.4444444,5.8888889,0.045,9.1111111,1.2222222,0.44444444,2.2441,727.06233,0.2254127194522743,0.4099999999100012,0.07500000157500021,0.27000000027000076,1.0000000005557306,0.9999999997544363,0.2717715730727421,0.8054881658547299,0.9999999999776165,1.0000000000230045,0.9999999999378634,0.40500000040500117,0.19999999820000056,0.2650000007650008,0.006163539241199843,0.4099999999100012,0.05499999905500016,0.019999999820000055,1.0000000003119294,1.000000000330095,0.033416107,0.66956056,3.6359745,3.6160539,-0.095958367,-0.046327997,-0.3345019,-0.044142888,-0.035743068,-0.018777959,-0.042858753,1.0472376,5.670577,3.0477267,-4.3956986,0.55332744,4.2825351,4.2825351,-0.17359809,0.033416107,-0.4034800000000587,-0.0
2261.0,855.99377,9.1111111,1.6666667,6.1111111,5.3983,12.2168,70.660609,8070.5871,89.349,173.879,64.3741,8.8888889,4.4444444,5.8888889,0.033,9.1111111,1.2222222,0.44444444,2.2441,727.06233,0.22541271945227434,0.4099999999100012,0.07500000157500021,0.2749999997750008,1.0000000005557304,0.9999999997544368,0.2717715730727419,0.7887734160939294,0.9999999999776158,1.0000000000230045,0.9999999999378634,0.4000000009000011,0.19999999820000056,0.2650000007650008,0.004519928776879884,0.4099999999100012,0.05499999905500016,0.019999999820000055,1.0000000003119287,1.000000000330095,0.03241102,0.64877468,3.5398139,3.5398139,-0.094696556,-0.045947972,-0.34116396,-0.042857173,-0.035812272,-0.018380146,-0.042937779,1.0142758,5.5343571,2.961443,-4.3446873,0.53616131,4.1479882,4.1479882,-0.17212354,0.03241102,-0.27122000000008484,-0.0
2262.0,855.99377,9.1111111,1.7777778,6.1111111,5.3983,12.2168,67.718731,7991.546,89.349,173.879,64.3741,8.8888889,4.5555556,5.8888889,0.024,9.1111111,1.2222222,0.44444444,2.2441,727.06233,0.22541271945227437,0.4099999999100012,0.08000000108000023,0.2749999997750008,1.0000000005557308,0.9999999997544372,0.2604566576883006,0.7810483872098677,0.9999999999776159,1.0000000000230047,0.9999999999378628,0.4000000009000011,0.2050000022050006,0.2650000007650008,0.0032872209286399163,0.4099999999100012,0.05499999905500016,0.019999999820000055,1.0000000003119294,1.000000000330095,0.031429773,0.62858431,3.4463054,3.4463054,-0.10500567,-0.046418049,-0.34560456,-0.041608906,-0.044722156,-0.019261221,-0.043463637,0.982257,5.4079633,2.8874862,-4.2970705,0.51948622,4.0164253,4.0164253,-0.17259319,0.031429773,-0.183620000000019,-0.0
2263.0,855.99377,9.0,1.7777778,6.1111111,5.3983,12.2168,67.718731,7922.3493,89.349,173.879,64.3741,8.8888889,4.5555556,6.0,0.018,9.1111111,1.2222222,0.33333333,2.2441,727.06233,0.22541271945227434,0.40500000040500117,0.08000000108000023,0.2749999997750008,1.0000000005557312,0.9999999997544365,0.26045665768830073,0.7742854941557287,0.9999999999776159,1.0000000000230043,0.9999999999378631,0.4000000009000011,0.2050000022050006,0.27000000027000076,0.0024654156964799357,0.4099999999100012,0.05499999905500016,0.014999999865000042,1.0000000003119283,1.000000000330095,0.030469723,0.60928929,3.3552643,3.3552643,-0.092979967,-0.04261187,-0.34588645,-0.040396996,-0.034142723,-0.018806491,-0.038925088,0.95181317,5.2914608,2.8240494,-4.2169976,0.50354618,3.8874706,3.8874706,-0.16331609,0.030469723,-0.13550000000009277,0.2432664
2264.0,855.99377,8.7777778,1.7777778,6.2222222,5.3983,12.2168,64.99646,8064.3059,89.349,173.879,64.3741,8.4444444,4.6666667,6.1111111,0.012,8.7777778,1.2222222,0.33333333,2.2441,727.06233,0.22541271945227437,0.39500000139500113,0.08000000108000023,0.2799999992800008,1.0000000005557308,0.9999999997544363,0.24998638461153871,0.7881595272256496,0.9999999999776159,1.0000000000230045,0.9999999999378636,0.3799999983800011,0.2100000017100006,0.2749999997750008,0.0016436104643199583,0.39500000139500113,0.05499999905500016,0.014999999865000042,1.0000000003119294,1.000000000330095,0.029549475,0.57624393,3.266467,3.266467,-0.091484839,-0.034663559,-0.34103742,-0.039220385,-0.034053112,-0.018260467,-0.039115616,0.89270481,5.1838368,2.7700518,-4.1231176,0.47640864,3.7610505,3.7610505,-0.16166841,0.029549475,-0.22446000000002186,-0.0
2265.0,855.99377,8.3333333,1.7777778,6.2222222,5.3983,12.2168,64.99646,7291.0657,89.349,173.879,64.3741,8.0,4.6666667,6.1919634,0.009,8.3333333,1.2222222,0.33333333,2.2441,727.06233,0.2254127194522744,0.374999998875001,0.08000000108000023,0.2799999992800008,1.0000000005557306,0.9999999997544367,0.24998638461153871,0.7125874150040804,0.9999999999776156,1.0000000000230045,0.999999999937863,0.360000000360001,0.2100000017100006,0.2786383532786391,0.0012327078482399687,0.374999998875001,0.05499999905500016,0.014999999865000042,1.0000000003119291,1.000000000330095,0.029417572,0.53909716,3.1795414,3.1795414,-0.090784906,-0.041503575,-0.3351885,-0.039065441,-0.039375835,-0.018002034,-0.038141169,0.8276218,5.0843551,2.7246913,-4.0376074,0.44587658,3.6368395,3.6368395,-0.15920507,0.029417572,-0.1348200000001043,0.59109237
2266.0,855.99377,8.0,1.7777778,6.2222222,5.3983,12.2168,64.99646,8050.3872,89.349,173.879,64.3741,7.5555555,4.7777778,6.3333333,0.009,8.0,1.1111111,0.33333333,2.2441,727.06233,0.22541271945227434,0.360000000360001,0.08000000108000023,0.2799999992800008,1.0000000005557308,0.9999999997544363,0.24998638461153866,0.7867991924184601,0.9999999999776159,1.0000000000230047,0.9999999999378631,0.33999999784000096,0.2150000012150006,0.28499999878500076,0.001232707848239968,0.360000000360001,0.04999999955000014,0.014999999865000042,1.000000000311929,1.000000000330095,0.027780075,0.50594717,3.095241,3.095241,-0.088339337,-0.043233635,-0.32211971,-0.036968974,-0.039704816,-0.017901699,-0.03893442,0.77304765,4.9930785,2.6880059,-3.9243105,0.418547,3.5154709,3.5154709,-0.15947583,0.027780075,-0.13505000000009204,0.024663257
2267.0,855.99377,7.6666667,1.7777778,6.2222222,5.3983,12.2168,64.99646,7292.139,89.349,173.879,64.3741,7.3333333,4.8888889,6.4444444,0.003,7.6666667,1.1111111,0.33333333,2.2441,727.06233,0.22541271945227437,0.345000001845001,0.08000000108000023,0.2799999992800008,1.0000000005557304,0.9999999997544369,0.24998638461153855,0.7126923132595596,0.9999999999776158,1.0000000000230043,0.9999999999378631,0.3299999988300009,0.22000000072000064,0.28999999829000084,0.00041090261607998964,0.345000001845001,0.04999999955000014,0.014999999865000042,1.0000000003119294,1.000000000330095,0.02693161,0.47543377,3.0130379,3.0130379,-0.087714241,-0.040105965,-0.31475122,-0.035892208,-0.03655621,-0.017216907,-0.035695131,0.72607603,4.9088482,2.6588181,-3.8336167,0.39330921,3.3965541,3.3965541,-0.15263396,0.02693161,-0.13517000000001644,0.65156004
2268.0,855.99377,7.3333333,1.7777778,6.2222222,5.3983,12.2168,64.99646,7291.0657,89.349,173.879,64.3741,7.0,5.0,6.6666667,0.006,7.3333333,1.1111111,0.33333333,2.2441,727.06233,0.2254127194522743,0.3299999988300009,0.08000000108000023,0.2799999992800008,1.0000000005557308,0.9999999997544371,0.24998638461153877,0.7125874150040796,0.9999999999776162,1.0000000000230045,0.9999999999378631,0.3150000003150009,0.22500000022500063,0.30000000180000086,0.000821805232159979,0.3299999988300009,0.04999999955000014,0.014999999865000042,1.0000000003119291,1.000000000330095,0.026475415,0.44797925,2.9328521,2.9328521,-0.086074341,-0.039394349,-0.30052583,-0.035308944,-0.037150007,-0.016553102,-0.036732852,0.6872933,4.8309555,2.6363969,-3.7180577,0.3705255,3.2800814,3.2800814,-0.14944871,0.026475415,-0.1349800000000414,0.15750312
2269.0,855.99377,7.1111111,1.7777778,6.3333333,5.3983,12.2168,64.99646,7291.0657,89.349,173.879,64.3741,6.8888889,5.1111111,6.8888889,0.0,7.1111111,1.1111111,0.33333333,2.2441,727.06233,0.2254127194522743,0.3199999998200009,0.08000000108000023,0.28499999878500076,1.0000000005557308,0.9999999997544362,0.24998638461153871,0.7125874150040806,0.9999999999776161,1.0000000000230047,0.9999999999378638,0.3100000008100009,0.22999999973000063,0.3100000008100009,0.0,0.3199999998200009,0.04999999955000014,0.014999999865000042,1.0000000003119283,1.000000000330095,0.026054192,0.42408276,2.8547554,2.8547554,-0.084600601,-0.038853676,-0.29478466,-0.03476967,-0.030070033,-0.016180682,-0.036175005,0.65729493,4.7588792,2.6202114,-3.6316742,0.35060597,3.1661732,3.1661732,-0.14754248,0.026054192,-0.1348800000000665,0.25396587
2270.0,855.99377,7.0,1.7777778,6.3333333,5.3983,12.2168,64.99646,7485.3998,89.349,173.879,64.3741,6.8888889,5.2222222,7.1111111,0.0,7.0,1.1111111,0.33333333,2.2441,727.06233,0.22541271945227437,0.3150000003150009,0.08000000108000023,0.28499999878500076,1.0000000005557304,0.9999999997544367,0.24998638461153871,0.7315805278992409,0.9999999999776155,1.0000000000230045,0.9999999999378634,0.3100000008100009,0.23499999923500067,0.3199999998200009,0.0,0.3150000003150009,0.04999999955000014,0.014999999865000042,1.0000000003119294,1.000000000330095,0.024527889,0.40610533,2.7814461,2.7814461,-0.050294572,-0.03070981,-0.28651804,-0.032846455,-0.026835298,-0.015298074,-0.032838691,0.63602033,4.6931206,2.6107387,-3.5491811,0.33558843,3.0572004,3.0572004,-0.12691469,0.024527889,-0.6930000000000973,-0.0
2271.0,855.99377,7.0,1.8888889,6.3333333,5.3983,12.2168,64.99646,7584.8341,89.349,173.879,64.3741,7.0,5.3333333,7.3333333,0.0,7.0,1.1111111,0.33333333,2.2441,727.06233,0.22541271945227437,0.3150000003150009,0.08500000058500023,0.28499999878500076,1.0000000005557308,0.9999999997544372,0.2499863846115386,0.7412986725045947,0.9999999999776159,1.0000000000230045,0.9999999999378631,0.3150000003150009,0.23999999874000066,0.3299999988300009,0.0,0.3150000003150009,0.04999999955000014,0.014999999865000042,1.0000000003119285,1.000000000330095,0.023768091,0.39421203,2.7131192,2.7131192,-0.082498748,-0.03771805,-0.2769545,-0.031889762,-0.032283996,-0.015304129,-0.039203856,0.62244959,4.6333019,2.6070605,-3.4630286,0.32564175,2.9533133,2.9533133,-0.13864454,0.023768091,-0.13461000000006607,0.77592271
2272.0,855.99377,7.1111111,1.8888889,6.4444444,5.3983,12.2168,67.718731,7563.9807,89.349,173.879,64.3741,7.1111111,5.4444444,7.7777778,0.0,7.1111111,1.0,0.22222222,2.2441,727.06233,0.22541271945227428,0.3199999998200009,0.08500000058500023,0.28999999829000084,1.0000000005557306,0.9999999997544363,0.2604566576883006,0.7392605794450258,0.9999999999776158,1.0000000000230045,0.9999999999378636,0.3199999998200009,0.24499999824500068,0.350000001350001,0.0,0.3199999998200009,0.04500000004500013,0.009999999910000027,1.0000000003119287,1.000000000330095,0.023039248,0.38757214,2.6494945,2.6494945,-0.080994706,-0.037091323,-0.25986125,-0.030960934,-0.031010242,-0.01458722,-0.03803646,0.61538056,4.5783923,2.6241442,-3.3454322,0.32007672,2.8546891,2.8546891,-0.13603735,0.023039248,-0.6889200000000528,-0.0
2273.0,855.99377,7.3333333,1.8888889,6.4444444,5.3983,12.2168,67.718731,7291.0657,89.349,173.879,64.3741,7.4444444,5.5555555,8.1111111,0.0,7.3333333,1.0,0.22222222,2.2441,727.06233,0.22541271945227437,0.3299999988300009,0.08500000058500023,0.28999999829000084,1.0000000005557306,0.9999999997544365,0.2604566576883008,0.7125874150040792,0.9999999999776154,1.0000000000230045,0.9999999999378634,0.33499999833500094,0.2499999977500007,0.36499999986500103,0.0,0.3299999988300009,0.04500000004500013,0.009999999910000027,1.0000000003119294,1.000000000330095,0.022433064,0.38621363,2.5903018,2.5903018,-0.044659762,-0.028599054,-0.25371106,-0.030197162,-0.023954701,-0.013245042,-0.030664951,0.61517216,4.5277766,2.6467475,-3.2683839,0.31890909,2.7613087,2.7613087,-0.11992338,0.022433064,-0.707550000000083,-0.0
2274.0,771.84899,7.7777778,1.8888889,6.5555555,5.3983,12.2168,67.718731,9029.7595,89.349,173.879,64.3741,7.7777778,5.7777778,8.5555555,0.0,7.7777778,1.0,0.22222222,2.2441,727.06233,0.20325449312836855,0.350000001350001,0.08500000058500023,0.2949999977950008,1.0000000005557308,0.9999999997544365,0.26045665768830084,0.8825174871505461,0.9999999999776162,1.0000000000230045,0.9999999999378636,0.350000001350001,0.2600000012600007,0.3849999978850011,0.0,0.350000001350001,0.04500000004500013,0.009999999910000027,1.0000000003119291,1.000000000330095,0.017220835,0.38990717,2.5350373,2.5350373,-0.077339088,-0.035513084,-0.24009973,-0.023524295,-0.029158274,-0.013116992,-0.036657801,0.62167558,4.4807054,2.6743818,-3.1781309,0.32194444,2.6726748,2.6726748,-0.13117056,0.017220835,-0.1337500000000773,0.77450411
2275.0,,,,,,,,,,,,,,,,,,,,,,,,,,,,,,,,,,,,,,,,,,,,,,,,,,,,,,,,,,,,,-0.13339000000007672,0.012013678
2276.0,,,,,,,,,,,,,,,,,,,,,,,,,,,,,,,,,,,,,,,,,,,,,,,,,,,,,,,,,,,,,-0.1106000000000904,0.23190717
2277.0,,,,,,,,,,,,,,,,,,,,,,,,,,,,,,,,,,,,,,,,,,,,,,,,,,,,,,,,,,,,,-0.428410000000099,-0.0
2278.0,,,,,,,,,,,,,,,,,,,,,,,,,,,,,,,,,,,,,,,,,,,,,,,,,,,,,,,,,,,,,-0.1327600000000757,2.3706787
2279.0,,,,,,,,,,,,,,,,,,,,,,,,,,,,,,,,,,,,,,,,,,,,,,,,,,,,,,,,,,,,,-1.8597500000000764,-0.0
2280.0,,,,,,,,,,,,,,,,,,,,,,,,,,,,,,,,,,,,,,,,,,,,,,,,,,,,,,,,,,,,,-19.85933,-0.0
2281.0,,,,,,,,,,,,,,,,,,,,,,,,,,,,,,,,,,,,,,,,,,,,,,,,,,,,,,,,,,,,,-38.50845000000004,-0.0
2282.0,,,,,,,,,,,,,,,,,,,,,,,,,,,,,,,,,,,,,,,,,,,,,,,,,,,,,,,,,,,,,-57.23355000000015,-0.0
2283.0,,,,,,,,,,,,,,,,,,,,,,,,,,,,,,,,,,,,,,,,,,,,,,,,,,,,,,,,,,,,,-75.1431500000001,-0.0
2284.0,,,,,,,,,,,,,,,,,,,,,,,,,,,,,,,,,,,,,,,,,,,,,,,,,,,,,,,,,,,,,-92.56545000000006,-0.0
2285.0,,,,,,,,,,,,,,,,,,,,,,,,,,,,,,,,,,,,,,,,,,,,,,,,,,,,,,,,,,,,,-109.77195000000006,-0.0
2286.0,,,,,,,,,,,,,,,,,,,,,,,,,,,,,,,,,,,,,,,,,,,,,,,,,,,,,,,,,,,,,-125.45745000000011,-0.0
2287.0,,,,,,,,,,,,,,,,,,,,,,,,,,,,,,,,,,,,,,,,,,,,,,,,,,,,,,,,,,,,,-136.5272500000001,-0.0
2288.0,,,,,,,,,,,,,,,,,,,,,,,,,,,,,,,,,,,,,,,,,,,,,,,,,,,,,,,,,,,,,-150.54255000000012,-0.0
2289.0,,,,,,,,,,,,,,,,,,,,,,,,,,,,,,,,,,,,,,,,,,,,,,,,,,,,,,,,,,,,,-161.61365,-0.0
2290.0,,,,,,,,,,,,,,,,,,,,,,,,,,,,,,,,,,,,,,,,,,,,,,,,,,,,,,,,,,,,,-171.10995000000003,-0.0
2291.0,,,,,,,,,,,,,,,,,,,,,,,,,,,,,,,,,,,,,,,,,,,,,,,,,,,,,,,,,,,,,-179.9158500000001,-0.0
2292.0,,,,,,,,,,,,,,,,,,,,,,,,,,,,,,,,,,,,,,,,,,,,,,,,,,,,,,,,,,,,,-187.81155000000012,-0.0
2293.0,,,,,,,,,,,,,,,,,,,,,,,,,,,,,,,,,,,,,,,,,,,,,,,,,,,,,,,,,,,,,-195.9185500000001,-0.0
2294.0,,,,,,,,,,,,,,,,,,,,,,,,,,,,,,,,,,,,,,,,,,,,,,,,,,,,,,,,,,,,,-202.78475000000003,-0.0
2295.0,,,,,,,,,,,,,,,,,,,,,,,,,,,,,,,,,,,,,,,,,,,,,,,,,,,,,,,,,,,,,-207.84095000000002,-0.0
2296.0,,,,,,,,,,,,,,,,,,,,,,,,,,,,,,,,,,,,,,,,,,,,,,,,,,,,,,,,,,,,,-212.10905000000002,-0.0
2297.0,,,,,,,,,,,,,,,,,,,,,,,,,,,,,,,,,,,,,,,,,,,,,,,,,,,,,,,,,,,,,-215.36384999999996,-0.0
2298.0,,,,,,,,,,,,,,,,,,,,,,,,,,,,,,,,,,,,,,,,,,,,,,,,,,,,,,,,,,,,,-217.51244999999994,-0.0
2299.0,,,,,,,,,,,,,,,,,,,,,,,,,,,,,,,,,,,,,,,,,,,,,,,,,,,,,,,,,,,,,-219.3904500000001,-0.0
2300.0,,,,,,,,,,,,,,,,,,,,,,,,,,,,,,,,,,,,,,,,,,,,,,,,,,,,,,,,,,,,,-217.36135000000013,-0.0
2301.0,,,,,,,,,,,,,,,,,,,,,,,,,,,,,,,,,,,,,,,,,,,,,,,,,,,,,,,,,,,,,-214.47585000000004,-0.0
2302.0,,,,,,,,,,,,,,,,,,,,,,,,,,,,,,,,,,,,,,,,,,,,,,,,,,,,,,,,,,,,,-210.40464999999995,-0.0
2303.0,,,,,,,,,,,,,,,,,,,,,,,,,,,,,,,,,,,,,,,,,,,,,,,,,,,,,,,,,,,,,-205.26504999999997,-0.0
2304.0,,,,,,,,,,,,,,,,,,,,,,,,,,,,,,,,,,,,,,,,,,,,,,,,,,,,,,,,,,,,,-199.26395000000002,-0.0
2305.0,,,,,,,,,,,,,,,,,,,,,,,,,,,,,,,,,,,,,,,,,,,,,,,,,,,,,,,,,,,,,-192.63824999999997,-0.0
2306.0,,,,,,,,,,,,,,,,,,,,,,,,,,,,,,,,,,,,,,,,,,,,,,,,,,,,,,,,,,,,,-185.09075000000007,-0.0
2307.0,,,,,,,,,,,,,,,,,,,,,,,,,,,,,,,,,,,,,,,,,,,,,,,,,,,,,,,,,,,,,-176.8053500000001,-0.0
2308.0,,,,,,,,,,,,,,,,,,,,,,,,,,,,,,,,,,,,,,,,,,,,,,,,,,,,,,,,,,,,,-167.70434999999998,-0.0
2309.0,,,,,,,,,,,,,,,,,,,,,,,,,,,,,,,,,,,,,,,,,,,,,,,,,,,,,,,,,,,,,-158.06375000000003,-0.0
2310.0,,,,,,,,,,,,,,,,,,,,,,,,,,,,,,,,,,,,,,,,,,,,,,,,,,,,,,,,,,,,,-147.28774999999996,-0.0
2311.0,,,,,,,,,,,,,,,,,,,,,,,,,,,,,,,,,,,,,,,,,,,,,,,,,,,,,,,,,,,,,-135.5534500000001,-0.0
2312.0,,,,,,,,,,,,,,,,,,,,,,,,,,,,,,,,,,,,,,,,,,,,,,,,,,,,,,,,,,,,,-123.02874999999995,-0.0
2313.0,,,,,,,,,,,,,,,,,,,,,,,,,,,,,,,,,,,,,,,,,,,,,,,,,,,,,,,,,,,,,-109.5924500000001,-0.0
2314.0,,,,,,,,,,,,,,,,,,,,,,,,,,,,,,,,,,,,,,,,,,,,,,,,,,,,,,,,,,,,,-95.6549500000001,-0.0
2315.0,,,,,,,,,,,,,,,,,,,,,,,,,,,,,,,,,,,,,,,,,,,,,,,,,,,,,,,,,,,,,-81.35685000000012,-0.0
2316.0,,,,,,,,,,,,,,,,,,,,,,,,,,,,,,,,,,,,,,,,,,,,,,,,,,,,,,,,,,,,,-66.00954999999999,-0.0
2317.0,,,,,,,,,,,,,,,,,,,,,,,,,,,,,,,,,,,,,,,,,,,,,,,,,,,,,,,,,,,,,-50.22855000000004,-0.0
2318.0,,,,,,,,,,,,,,,,,,,,,,,,,,,,,,,,,,,,,,,,,,,,,,,,,,,,,,,,,,,,,-33.964250000000106,-0.0
2319.0,,,,,,,,,,,,,,,,,,,,,,,,,,,,,,,,,,,,,,,,,,,,,,,,,,,,,,,,,,,,,-17.433910000000083,-0.0
2320.0,,,,,,,,,,,,,,,,,,,,,,,,,,,,,,,,,,,,,,,,,,,,,,,,,,,,,,,,,,,,,-0.26049000000000433,6.3734708
