Contracts, disc 0.03, temp0 971.25, tau 2.1, luc removal, Wpt default, 2025-2125. Solve status Optimal. Total revenue 0.1650184382287989
Year,Agriculture mtC,Black_walnut_10 mhectares,Black_walnut_150 mhectares,Black_walnut_55 mhectares,C2F6 kt,CF4 kt,CH4 mt,Carbon mtC,HFC125 kt,HFC134a kt,HFC143a kt,Loblolly_pine_10 mhectares,Loblolly_pine_150 mhectares,Loblolly_pine_24 mhectares,N2O mt,Ponderosa_pine_10 mhectares,Ponderosa_pine_103 mhectares,Ponderosa_pine_150 mhectares,SF6 kt,Seaweed mt,Agriculture % max bid,Black_walnut_10 % max bid,Black_walnut_150 % max bid,Black_walnut_55 % max bid,C2F6 % max bid,CF4 % max bid,CH4 % max bid,Carbon % max bid,HFC125 % max bid,HFC134a % max bid,HFC143a % max bid,Loblolly_pine_10 % max bid,Loblolly_pine_150 % max bid,Loblolly_pine_24 % max bid,N2O % max bid,Ponderosa_pine_10 % max bid,Ponderosa_pine_103 % max bid,Ponderosa_pine_150 % max bid,SF6 % max bid,Seaweed % max bid,Agriculture $M/mtC,Black_walnut_10 $M/mhectares,Black_walnut_150 $M/mhectares,Black_walnut_55 $M/mhectares,C2F6 $M/kt,CF4 $M/kt,CH4 $M/mt,Carbon $M/mtC,HFC125 $M/kt,HFC134a $M/kt,HFC143a $M/kt,Loblolly_pine_10 $M/mhectares,Loblolly_pine_150 $M/mhectares,Loblolly_pine_24 $M/mhectares,N2O $M/mt,Ponderosa_pine_10 $M/mhectares,Ponderosa_pine_103 $M/mhectares,Ponderosa_pine_150 $M/mhectares,SF6 $M/kt,Seaweed $M/mt,temp change,Capt pi
2025.0,513.1705,0.0,2.6666667,0.66666667,2.7453196,8.7952955,22.111949,2110.7599,89.349,173.879,64.3741,0.0,1.1111111,0.0,0.0,0.0,5.1111111,3.6666667,0.46451908,727.06233,0.13513551383403566,0.0,0.12000000162000034,0.030000000180000087,0.5085526186995273,0.7199344752996034,0.08504595769099929,0.20629370283074988,0.9999999999776158,1.000000000023004,0.999999999937863,0.0,0.04999999955000014,0.0,0.0,0.0,0.22999999973000063,0.16500000166500048,0.2069957132680794,1.000000000330095,1.8025796,63.492346,4693.7793,1365.7291,-2807.3093,-1291.1941,-1414.5692,-569.98772,-260.91188,-86.447063,-550.01683,103.06825,3051.482,593.19291,-86223.322,52.382472,9270.0333,9666.9591,-5217.1312,1.8025796,971.87583349,.
2026.0,513.1705,0.0,2.8888889,0.88888889,2.7453196,8.7952955,21.281142,2096.4497,89.349,173.879,64.3741,0.0,1.3333333,0.0,0.0,0.0,5.4444444,3.8888889,0.58298512,727.06233,0.13513551383403566,0.0,0.13000000063000036,0.04000000009000011,0.5085526186995275,0.7199344752996037,0.08185054615258694,0.2048951050336958,0.9999999999776156,1.0000000000230047,0.999999999937863,0.0,0.05999999856000017,0.0,0.0,0.0,0.24499999824500068,0.1750000006750005,0.25978571373015913,1.000000000330095,1.7962377,66.479917,4733.6818,1415.2188,-2763.0926,-1278.4215,-1414.8396,-569.99457,-248.35532,-85.769114,-299.04588,107.56065,3133.8972,619.19722,-86660.61,54.855526,9273.0818,9671.747,-4718.5982,1.7962377,973.4968021,.
2027.0,513.1705,0.0,3.1111111,1.1111111,2.7453196,7.4177642,20.493871,2078.5619,89.349,173.879,64.3741,0.0,1.5555556,0.0,0.0,0.0,5.6666667,4.1111111,0.46451908,727.06233,0.13513551383403563,0.0,0.1399999996400004,0.04999999955000014,0.5085526186995273,0.607177345800739,0.07882258076801808,0.20314685290066295,0.9999999999776158,1.000000000023004,0.9999999999378631,0.0,0.07000000207000019,0.0,0.0,0.0,0.25500000175500076,0.1849999996850005,0.20699571326807925,1.000000000330095,1.9849614,70.157132,4773.0478,1466.7901,-2799.6994,-1282.5393,-1435.1,-570.41593,-250.93136,-85.905145,-550.08428,113.57768,3217.8794,645.53659,-87106.181,57.888294,9272.2431,9672.3103,-5216.7219,1.9849614,976.3571254,.
2028.0,513.1705,0.0,3.3333333,1.3333333,2.7453196,7.4177642,19.386933,2064.2517,89.349,173.879,64.3741,0.0,1.7777778,0.0,0.0,0.0,5.8888889,4.2222222,0.46451908,727.06233,0.13513551383403563,0.0,0.14999999865000044,0.05999999856000017,0.5085526186995273,0.6071773458007388,0.07456512692192976,0.20174825510360925,0.999999999977615,1.0000000000230045,0.9999999999378631,0.0,0.08000000108000023,0.0,0.0,0.0,0.2650000007650008,0.18999999919000055,0.20699571326807933,1.000000000330095,2.175002,73.378386,4811.8167,1519.184,-2774.0113,-1280.592,-1445.6762,-570.83525,-248.51394,-86.144162,-548.16848,118.63854,3303.4913,672.19886,-87550.377,60.549692,9267.6647,9668.8082,-5204.3388,2.175002,980.0424655999999,.
2029.0,513.1705,0.0,3.5555556,1.5555556,2.7453196,6.4044543,18.3596,2046.3639,80.847582,173.879,58.250986,0.0,2.0,0.0,0.0,0.0,6.1111111,4.4444444,0.46451908,727.06233,0.13513551383403566,0.0,0.16000000216000046,0.07000000207000019,0.5085526186995272,0.5242333752232419,0.07061384615275981,0.20000000297057594,0.9048515595942905,1.0000000000230045,0.9048823361628435,0.0,0.09000000009000025,0.0,0.0,0.0,0.2749999997750008,0.19999999820000056,0.20699571326807936,1.000000000330095,2.361533,76.714719,4849.9206,1573.0552,-2749.8177,-1542.6965,-1466.0482,-571.64044,-477.95122,-111.30815,-545.78451,124.02758,3390.9225,700.70665,-87982.601,63.302854,9259.6905,9661.5183,-5202.526,2.361533,984.2380159999999,.
2030.0,513.1705,0.0,3.7777778,1.7777778,2.7453196,7.4177642,17.71449,2035.6312,89.349,173.879,58.250986,0.0,2.2222222,0.0,0.0,0.0,6.3333333,4.6666667,0.46451908,727.06233,0.13513551383403566,0.0,0.17000000117000047,0.08000000108000023,0.5085526186995275,0.6071773458007391,0.06813265384510565,0.1989510497360703,0.9999999999776165,1.000000000023004,0.9048823361628427,0.0,0.09999999910000028,0.0,0.0,0.0,0.28499999878500076,0.2100000017100006,0.20699571326807945,1.000000000330095,2.3625436,79.706912,4887.3757,1628.4958,-2771.2235,-1275.1849,-1466.6338,-571.67585,-248.41568,-85.598459,-544.04932,128.60873,3480.3041,728.6028,-88022.043,65.778077,9248.8697,9651.0103,-5203.5448,2.3625436,988.7610679999999,.
2031.0,513.1705,0.0,4.0,2.1111111,2.7453196,6.4044543,16.800709,2021.321,80.847582,155.41504,52.931531,0.0,2.5555556,0.0,0.0,0.0,6.5555555,4.8888889,0.38540023,727.06233,0.13513551383403566,0.0,0.1800000001800005,0.09499999959500027,0.5085526186995272,0.5242333752232418,0.06461811153746745,0.19755245193901647,0.9048515595942906,0.8938114436106446,0.822248870224376,0.0,0.11500000211500032,0.0,0.0,0.0,0.2949999977950008,0.22000000072000064,0.1717393298517078,1.000000000330095,2.5523503,83.397719,4923.9904,1685.3727,-2775.5115,-1555.493,-1487.0728,-572.49756,-480.3807,-111.86141,-801.10863,134.73581,3571.5684,758.19324,-88468.701,68.819867,9235.3713,9637.4381,-5208.116,2.5523503,993.4467229999999,.
2032.0,513.1705,0.0,4.2222222,2.4444444,2.4055032,7.4177642,16.224471,2007.0107,89.349,173.879,58.250986,0.0,2.7777778,0.11111111,0.0,0.0,6.8888889,5.1111111,0.38540023,727.06233,0.13513551383403566,0.0,0.18999999919000055,0.10999999811000032,0.4456038384930092,0.6071773458007391,0.062401811537501496,0.19615384436852998,0.9999999999776158,1.0000000000230045,0.9048823361628434,0.0,0.12500000112500034,0.004999999955000014,0.0,0.0,0.3100000008100009,0.22999999973000063,0.17173932985170787,1.000000000330095,2.7383693,87.320639,4959.8593,1743.8046,-2788.0797,-1279.6867,-1497.5043,-572.51767,-252.44034,-85.448952,-547.30824,141.1715,3664.6452,789.44264,-88505.597,72.054755,9219.2821,9620.8736,-5202.5854,2.7383693,998.2368009999999,.
2033.0,513.1705,0.0,4.4444444,2.7777778,2.4055032,6.4044543,15.143037,1981.9678,80.847582,155.41504,48.460942,0.0,3.1111111,0.33333333,0.0,0.0,7.1111111,5.2222222,0.38540023,727.06233,0.13513551383403563,0.0,0.19999999820000056,0.12500000112500034,0.4456038384930092,0.5242333752232418,0.05824244999910395,0.1937062933369706,0.9048515595942906,0.8938114436106444,0.7528018566005396,0.0,0.1399999996400004,0.014999999865000042,0.0,0.0,0.3199999998200009,0.23499999923500067,0.1717393298517078,1.000000000330095,2.9316922,91.357815,4994.843,1804.3299,-2803.8143,-1543.9033,-1517.8317,-573.33354,-476.58589,-111.87338,-801.16986,147.84483,3759.7303,821.26754,-88945.748,75.382541,9200.4833,9601.1521,-5206.0777,2.9316922,1003.051425,.
2034.0,513.1705,0.0,4.7777778,3.1111111,2.4055032,5.6277815,14.388013,1967.6576,80.847582,155.41504,48.460942,0.0,3.4444444,0.55555555,0.0,0.0,7.3333333,5.4444444,0.38540023,727.06233,0.13513551383403566,0.0,0.2150000012150006,0.1399999996400004,0.44560383849300955,0.46065921506597685,0.05533851153761018,0.1923076955399169,0.9048515595942905,0.8938114436106446,0.7528018566005398,0.0,0.15499999815500043,0.02499999977500007,0.0,0.0,0.3299999988300009,0.24499999824500068,0.17173932985170773,1.000000000330095,2.9342287,95.032871,5029.0194,1866.418,-2778.9715,-1557.1274,-1528.7181,-573.75861,-483.04174,-112.05056,-805.04674,153.5811,3856.8735,853.65035,-89400.931,78.420043,9179.0039,9578.3414,-5203.8936,2.9342287,1007.994507,.
2035.0,513.1705,0.0,5.0,3.4444444,2.4055032,6.4044543,13.675951,1956.9249,73.463608,155.41504,58.250986,0.0,3.7777778,0.66666667,0.0,0.0,7.6666667,5.6666667,0.38540023,727.06233,0.13513551383403566,0.0,0.22500000022500063,0.15499999815500043,0.44560383849300933,0.5242333752232422,0.05259981153765231,0.1912587423054099,0.8222096273976828,0.8938114436106445,0.9048823361628434,0.0,0.17000000117000047,0.030000000180000087,0.0,0.0,0.345000001845001,0.25500000175500076,0.17173932985170773,1.000000000330095,3.1219863,98.836638,5062.2346,1929.9692,-2773.1928,-1280.8966,-1539.0352,-574.16802,-480.13385,-111.84226,-550.93595,159.58229,3955.8705,886.41309,-89433.192,81.562292,9154.7961,9552.3304,-5191.3875,3.1219863,1012.8893889999999,.
2036.0,513.1705,0.0,5.2222222,3.7777778,2.4055032,6.4044543,13.002888,1931.882,89.349,173.879,58.250986,0.0,4.1111111,0.88888889,0.0,0.0,7.8888889,5.8888889,0.38540023,727.06233,0.13513551383403563,0.0,0.23499999923500067,0.17000000117000047,0.4456038384930092,0.5242333752232419,0.05001110769153828,0.18881119127385038,0.9999999999776159,1.0000000000230045,0.9048823361628427,0.0,0.1849999996850005,0.04000000009000011,0.0,0.0,0.35500000085500105,0.2650000007650008,0.17173932985170776,1.000000000330095,3.1310964,102.85391,5094.531,1995.6967,-2773.0714,-1280.5243,-1549.6161,-574.21232,-254.96037,-86.242711,-548.50432,165.84686,4056.8656,920.76995,-89469.907,84.882626,9127.8928,9523.1899,-4718.4468,3.1310964,1017.6344459999999,.
2037.0,513.1705,0.11111111,5.5555555,4.2222222,2.1381179,6.4044543,12.365334,1913.9942,73.463608,155.41504,48.460942,0.22222222,4.4444444,1.1111111,0.0,0.11111111,8.2222222,6.1111111,0.3288173,727.06233,0.1351355138340357,0.004999999955000014,0.2499999977500007,0.18999999919000055,0.3960724489539703,0.5242333752232416,0.047558976922345265,0.18706293914081723,0.822209627397683,0.893811443610645,0.7528018566005402,0.009999999910000027,0.19999999820000056,0.04999999955000014,0.0,0.004999999955000014,0.369999999370001,0.2749999997750008,0.1465252440187904,1.000000000330095,3.501859,107.4845,5125.63,2062.785,-2768.8866,-1274.4951,-1569.9148,-575.01548,-474.91939,-111.69427,-802.02167,173.47583,4159.7684,956.63168,-90322.747,88.700309,9098.1568,9490.7475,-5200.0515,3.501859,1022.4289729999999,.
2038.0,513.1705,0.33333333,5.7777778,4.6666667,2.1381179,6.4044543,11.565214,1888.9513,89.349,173.879,52.931531,0.33333333,4.8888889,1.4444444,0.0,0.33333333,8.4444444,6.3333333,0.3288173,727.06233,0.13513551383403566,0.014999999865000042,0.2600000012600007,0.2100000017100006,0.3960724489539702,0.5242333752232421,0.04448159230700795,0.18461538810925796,0.9999999999776169,1.0000000000230043,0.8222488702243762,0.014999999865000042,0.22000000072000064,0.06499999806500019,0.0,0.014999999865000042,0.3799999983800011,0.28499999878500076,0.14652524401879038,1.000000000330095,3.5063107,111.63701,5155.5464,2131.9508,-2769.2502,-1272.5454,-1580.4226,-575.43956,-251.75677,-86.194128,-552.20378,180.01495,4264.5585,994.02017,-90356.704,92.130785,9065.7753,9455.1433,-5196.8424,3.5063107,1027.020176,.
2039.0,513.1705,0.44444444,6.1111111,5.1111111,2.1381179,6.4044543,10.816399,1878.2186,73.463608,155.41504,47.356913,0.55555555,5.2222222,1.6666667,0.0,0.44444444,8.7777778,6.5555555,0.3288173,727.06233,0.13513551383403563,0.019999999820000055,0.2749999997750008,0.22999999973000063,0.39607244895397015,0.5242333752232419,0.04160153461474459,0.18356643487475136,0.8222096273976833,0.893811443610644,0.7356516517832076,0.02499999977500007,0.23499999923500067,0.07500000157500021,0.0,0.019999999820000055,0.39500000139500113,0.2949999977950008,0.1465252440187904,1.000000000330095,3.6927475,115.79223,5184.0469,2203.1064,-2773.9643,-1274.7233,-1600.9932,-575.85527,-480.08622,-111.97317,-803.15333,186.64766,4371.3318,1031.7948,-90799.037,95.561686,9030.7033,9416.3572,-5191.4685,3.6927475,1031.488124,.
2040.0,513.1705,0.66666667,6.4444444,5.5555556,2.1381179,6.4044543,10.113417,1860.3308,89.349,155.41504,52.931531,0.77777778,5.6666667,2.0,0.0,0.66666667,9.0,6.7777778,0.3288173,727.06233,0.13513551383403566,0.030000000180000087,0.28999999829000084,0.2500000022500007,0.3960724489539704,0.5242333752232419,0.03889775769170928,0.1818181827417178,0.9999999999776158,0.8938114436106448,0.8222488702243762,0.0350000001350001,0.25500000175500076,0.09000000009000025,0.0,0.030000000180000087,0.40500000040500117,0.3050000013050009,0.14652524401879052,1.000000000330095,3.6987137,120.66859,5211.0707,2276.3187,-2758.575,-1282.5878,-1611.7487,-576.28887,-254.55514,-86.60763,-552.07402,194.69363,4479.9586,1071.1013,-90834.339,99.582003,8993.2862,9374.7052,-4695.8504,3.6987137,1035.8726629999999,.
2041.0,513.1705,0.88888889,6.7777778,6.1111111,2.1381179,5.6277815,9.2920174,1849.5981,73.463608,155.41504,44.651042,1.0,6.1111111,2.2222222,0.0,0.88888889,9.3333333,7.0,0.28634206,727.06233,0.13513551383403563,0.04000000009000011,0.3050000013050009,0.2749999997750008,0.3960724489539703,0.4606592150659765,0.03573852846098863,0.18076922950721178,0.8222096273976829,0.8938114436106445,0.693618116559696,0.04500000004500013,0.2749999997750008,0.09999999910000028,0.0,0.04000000009000011,0.41999999892000117,0.3150000003150009,0.1275977274138043,1.000000000330095,4.0729675,125.52664,5236.3864,2350.9027,-2751.9512,-1277.0513,-1642.0675,-577.09614,-475.96777,-112.39976,-801.0429,202.60704,4590.1149,1111.6806,-91283.208,103.5889,8953.5019,9330.1665,-5177.328,4.0729675,1040.264981,.
2042.0,513.1705,1.2222222,7.0,6.5555555,1.9222363,5.6277815,8.675854,1835.2879,67.258106,155.41504,52.931531,1.2222222,6.5555555,2.5555556,0.0,1.1111111,9.6666667,7.2222222,0.28634206,727.06233,0.13513551383403563,0.05499999905500016,0.3150000003150009,0.2949999977950008,0.35608178520427664,0.4606592150659765,0.03336866923025586,0.1793706317101581,0.7527572328564893,0.8938114436106446,0.8222488702243762,0.05499999905500016,0.2949999977950008,0.11500000211500032,0.0,0.04999999955000014,0.43500000193500127,0.3249999993250009,0.12759772741380435,1.000000000330095,4.2668658,130.47156,5260.0679,2427.5553,-2776.4579,-1282.7242,-1652.4993,-577.52257,-485.04352,-111.86096,-556.6905,210.51752,4702.0336,1152.4531,-91734.373,107.67141,8911.3505,9282.7382,-5202.2227,4.2668658,1044.46822,.
2043.0,600.43735,1.4444444,7.3333333,7.2222222,1.9222363,5.6277815,8.092327,1810.245,67.258106,155.41504,44.651042,1.5555556,7.1111111,2.8888889,0.0,1.4444444,9.8888889,7.5555555,0.28634206,727.06233,0.15811588900257656,0.06499999806500019,0.3299999988300009,0.3249999993250009,0.3560817852042765,0.46065921506597657,0.031124334614905776,0.17692308067859783,0.7527572328564892,0.8938114436106448,0.6936181165596962,0.07000000207000019,0.3199999998200009,0.13000000063000036,0.0,0.06499999806500019,0.44500000094500125,0.33999999784000096,0.12759772741380432,1.000000000330095,4.4562471,136.02858,5281.9717,2506.1843,-2777.843,-1274.5749,-1673.1702,-578.33431,-482.61462,-112.11082,-799.2009,219.70858,4815.6606,1195.9243,-92168.408,112.25235,8866.6633,9232.2332,-5185.8177,4.4562471,1048.502637,.
2044.0,600.43735,1.6666667,7.6666667,7.7777778,1.9222363,5.6277815,7.4042432,1799.5123,67.258106,136.79143,52.931531,1.7777778,7.6666667,3.2222222,0.0,1.6666667,10.222222,7.7777778,0.3288173,727.06233,0.15811588900257656,0.07500000157500021,0.345000001845001,0.350000001350001,0.35608178520427636,0.4606592150659767,0.028477858461100337,0.17587412744409195,0.7527572328564898,0.7867047199670275,0.822248870224376,0.08000000108000023,0.345000001845001,0.14499999914500042,0.0,0.07500000157500021,0.4599999904600013,0.350000001350001,0.14652524401879047,1.000000000330095,4.4587362,141.09541,5302.1597,2586.9194,-2755.7302,-1273.4625,-1693.5474,-578.75913,-479.90726,-112.62152,-553.84477,227.60281,4931.0084,1239.7518,-92213.871,116.43989,8819.3699,9178.6072,-4690.9252,4.4587362,1052.436689,.
2045.0,600.43735,2.0,8.0,8.4444444,1.7442847,5.6277815,6.7573338,1781.6245,89.349,136.79143,52.931531,2.1111111,8.1111111,3.6666667,0.0,2.0,10.555556,8.0,0.28634206,727.06233,0.1581158890025766,0.09000000009000025,0.360000000360001,0.3799999983800011,0.323117407511504,0.46065921506597657,0.02598974538421554,0.1741258753110587,0.9999999999776158,0.7867047199670282,0.822248870224376,0.09499999959500027,0.36499999986500103,0.16500000166500048,0.0,0.09000000009000025,0.47500002047500134,0.360000000360001,0.12759772741380437,1.000000000330095,4.6518223,146.74643,5320.4742,2669.6018,-2776.4137,-1275.4841,-1713.9802,-579.18043,-257.08314,-111.63926,-553.69912,236.62239,5047.7671,1284.9544,-92247.406,121.10596,8769.2676,9121.6735,-4697.9234,4.6518223,1056.2298739999999,.
2046.0,600.43735,2.3333333,8.3333333,9.1111111,1.7442847,5.0135203,6.0292495,1760.1591,67.258106,136.79143,48.460942,2.3333333,8.7777778,4.1111111,0.0,2.3333333,10.777778,8.2222222,0.28634206,727.06233,0.1581158890025766,0.1049999986050003,0.374999998875001,0.4099999999100012,0.32311740751150403,0.41037917447849376,0.023189421153489386,0.1720279688420457,0.7527572328564897,0.786704719967028,0.7528018566005401,0.1049999986050003,0.39500000139500113,0.1849999996850005,0.0,0.1049999986050003,0.48500001048500135,0.369999999370001,0.1275977274138044,1.000000000330095,4.8394795,152.88407,5336.7458,2754.148,-2760.3898,-1275.4318,-1734.7228,-579.9951,-480.36293,-112.14144,-548.03342,246.66036,5165.5877,1332.5306,-92694.994,126.16801,8716.1503,9061.1998,-4690.5285,4.8394795,1059.870763,.
2047.0,600.43735,2.6666667,8.7777778,9.7777778,1.7442847,5.0135203,5.4582994,1749.4265,67.258106,136.79143,41.365449,2.7777778,9.3333333,4.5555556,0.0,2.6666667,11.111111,8.4444444,0.25328318,727.06233,0.15811588900257656,0.12000000162000034,0.39500000139500113,0.4400000014400013,0.3231174075115041,0.4103791744784937,0.02099345923044624,0.17097902538097223,0.7527572328564897,0.7867047199670274,0.6425790651431194,0.12500000112500034,0.41999999892000117,0.2050000022050006,0.0,0.12000000162000034,0.4999999955000014,0.3799999983800011,0.11286626267947346,1.000000000330095,5.2229168,158.89504,5350.927,2840.5638,-2740.4446,-1272.1591,-1755.1776,-580.42368,-478.3661,-112.15373,-809.8995,256.34045,5284.1084,1381.2716,-93146.129,131.12855,8659.8227,8997.0508,-5183.7541,5.2229168,1063.356775,.
2048.0,600.43735,3.0,9.1111111,10.555556,1.7442847,5.0135203,4.811318,1724.3835,63.013773,136.79143,48.460942,3.1111111,10.0,5.0,0.0,3.0,11.444444,8.6666667,0.28634206,727.06233,0.15811588900257662,0.13500000013500038,0.4099999999100012,0.47500002047500134,0.32311740751150414,0.41037917447849376,0.018505069230484537,0.1685314645759792,0.7052543732844178,0.786704719967028,0.7528018566005394,0.1399999996400004,0.45000000045000127,0.22500000022500063,0.0,0.13500000013500038,0.5149999805150015,0.3900000018900011,0.12759772741380437,1.000000000330095,5.2244131,164.86912,5363.0726,2928.9744,-2752.8993,-1268.6842,-1775.8844,-581.23788,-481.97433,-112.17176,-558.86564,265.75119,5403.2138,1431.3715,-93184.174,136.06427,8600.1569,8929.112,-4694.0415,5.2244131,1066.735111,.
2049.0,600.43735,3.3333333,9.4444444,11.333333,1.5950741,5.0135203,4.2015008,1706.4957,61.969803,136.79143,48.460942,3.4444444,10.555556,5.4444444,0.0,3.3333333,11.777778,9.0,0.25328318,727.06233,0.15811588900257656,0.14999999865000044,0.4249999984250012,0.5099999855100014,0.29547711332946136,0.41037917447849404,0.01615961846128985,0.16678321244294603,0.6935701910330595,0.7867047199670277,0.7528018566005399,0.15499999815500043,0.47500002047500134,0.24499999824500068,0.0,0.14999999865000044,0.5300000105300015,0.40500000040500117,0.11286626267947342,1.000000000330095,5.4134405,170.65459,5372.8669,3019.7196,-2757.7397,-1271.9424,-1796.529,-581.65917,-478.64638,-112.06294,-548.87484,274.86233,5522.0344,1482.5388,-93621.094,140.84399,8536.5709,8856.9183,-4696.0397,5.4134405,1069.91728,.
2050.0,600.43735,3.7777778,9.7777778,12.222222,1.5950741,4.5155496,3.5316285,1692.1855,61.969803,136.79143,48.460942,3.7777778,11.333333,6.0,0.0,3.7777778,12.111111,9.2222222,0.25328318,727.06233,0.15811588900257656,0.17000000117000047,0.4400000014400013,0.5499999905500016,0.2954771133294613,0.3696180340916725,0.013583186538252563,0.16538461464589257,0.6935701910330596,0.7867047199670278,0.7528018566005394,0.17000000117000047,0.5099999855100014,0.27000000027000076,0.0,0.17000000117000047,0.5449999955450016,0.41499999941500115,0.11286626267947342,1.000000000330095,5.7999741,176.90335,5380.3133,3111.7431,-2765.4083,-1280.6367,-1827.1996,-582.48479,-491.05675,-113.14529,-559.40962,284.84551,5639.6842,1534.755,-94077.654,146.00306,8468.7251,8780.2208,-4690.3126,5.7999741,1073.01332,.
2051.0,600.43735,4.1111111,10.222222,13.111111,1.5950741,4.5155496,2.9891457,1674.2977,61.969803,122.02103,38.5029,4.2222222,12.0,6.5555555,0.0,4.1111111,12.333333,9.4444444,0.22682185,727.06233,0.1581158890025766,0.1849999996850005,0.4599999904600013,0.5899999955900016,0.2954771133294614,0.3696180340916727,0.01149671423059236,0.1636363625128594,0.6935701910330594,0.7017582917017414,0.5981116628831716,0.18999999919000055,0.5400000005400015,0.2949999977950008,0.0,0.1849999996850005,0.5549999855550015,0.4249999984250012,0.1010747516023137,1.000000000330095,5.9866837,183.62112,5385.3655,3206.2233,-2758.2767,-1275.0365,-1847.4261,-583.68668,-479.87213,-138.20043,-804.01066,295.70977,5755.9068,1588.1803,-94516.397,151.54628,8396.2445,8698.8176,-5176.3333,5.9866837,1075.8996,.
2052.0,600.43735,4.5555556,10.555556,14.0,1.4681617,4.5155496,2.3890833,1656.4099,61.969803,136.79143,44.651042,4.7777778,12.666667,7.1111111,0.0,4.5555556,12.666667,9.6666667,0.22682185,727.06233,0.1581158890025766,0.2050000022050006,0.47500002047500134,0.6300000006300018,0.271967415819036,0.36961803409167276,0.009188781922935556,0.16188811037982656,0.6935701910330604,0.7867047199670272,0.6936181165596962,0.2150000012150006,0.5700000155700017,0.3199999998200009,0.0,0.2050000022050006,0.5700000155700017,0.43500000193500127,0.10107475160231374,1.000000000330095,6.1716974,190.68936,5387.9181,3301.8449,-2741.9602,-1269.3513,-1868.1645,-584.11622,-481.98719,-111.72243,-550.88976,307.30644,5870.2675,1643.6826,-94557.554,157.37483,8318.8803,8612.7382,-4681.2941,6.1716974,1078.7203,.
2053.0,686.66351,5.1111111,11.0,15.0,1.4681617,4.5155496,1.7417215,1541.928,61.969803,122.02103,35.986632,5.2222222,13.444444,7.7777778,0.0,5.1111111,13.0,9.8888889,0.20516224,727.06233,0.1808222145562391,0.22999999973000063,0.4950000004950014,0.6750000006750019,0.271967415819036,0.36961803409167254,0.0066989288460507865,0.1506992986831006,0.6935701910330602,0.7017582917017409,0.5590234581573006,0.23499999923500067,0.6049999806050017,0.350000001350001,0.0,0.22999999973000063,0.5850000005850017,0.44500000094500125,0.09142294909495835,1.000000000330095,6.5592787,197.51225,5387.9635,3399.2195,-2775.3289,-1269.3181,-1898.8359,-584.94197,-480.86395,-138.40856,-815.36868,318.30333,5982.6694,1701.4388,-95008.84,163.00567,8236.4318,8522.0691,-5184.5352,6.5592787,1081.25091,.
2054.0,686.66351,5.5555556,11.333333,16.111111,1.4681617,4.5155496,1.1305,1524.0402,57.409343,122.02103,44.651042,5.6666667,14.222222,8.4444444,0.0,5.5555555,13.222222,10.111111,0.22682185,727.06233,0.18082221455623906,0.2500000022500007,0.5099999855100014,0.7249999957250021,0.2719674158190361,0.36961803409167254,0.0043480769230100315,0.14895104655006763,0.6425292168766854,0.7017582917017413,0.6936181165596963,0.25500000175500076,0.6399999906400018,0.3799999983800011,0.0,0.2499999977500007,0.5949999905950017,0.45499999545500125,0.10107475160231377,1.000000000330095,6.5613021,204.81436,5385.6307,3498.4658,-2748.6829,-1265.2649,-1929.17,-585.75599,-480.22163,-112.48607,-558.18812,330.1076,6093.0537,1759.1196,-95041.008,169.03132,8149.5231,8427.0664,-4684.5986,6.5613021,1083.60198,.
2055.0,686.66351,6.1111111,11.777778,17.222222,1.3588966,4.1037013,0.48076913,1509.73,57.409343,110.0201,35.986632,6.2222222,15.0,9.1111111,0.0,6.1111111,13.555556,10.333333,0.1871061,727.06233,0.18082221455623906,0.2749999997750008,0.5300000105300015,0.7749999907750021,0.2517267659735806,0.335906399301968,0.0018491120384330896,0.1475524487530145,0.6425292168766854,0.6327394337587111,0.5590234581573008,0.2799999992800008,0.6750000006750019,0.4099999999100012,0.0,0.2749999997750008,0.6100000206100017,0.46499998546500126,0.08337689945116696,1.000000000330095,6.9416698,212.46417,5380.8656,3598.8413,-2745.1122,-1269.2309,-1959.8483,-586.97182,-482.04705,-138.33331,-805.38646,342.45504,6200.6825,1819.9511,-95490.188,175.3442,8058.8686,8327.9803,-5172.7355,6.9416698,1085.808,.
2056.0,686.66351,6.6666667,12.222222,18.333333,1.3588966,4.1037013,0.0,1491.8422,57.409343,110.0201,33.757395,6.8888889,15.888889,9.8888889,0.0,6.6666667,13.888889,10.555556,0.1871061,727.06233,0.18082221455623912,0.30000000180000086,0.5499999905500016,0.8249999858250023,0.2517267659735807,0.3359063993019679,0.0,0.1458041966199811,0.6425292168766851,0.6327394337587111,0.5243940497483058,0.3100000008100009,0.7150000057150021,0.44500000094500125,0.0,0.30000000180000086,0.6250000056250018,0.47500002047500134,0.08337689945116691,1.000000000330095,7.3274071,219.8561,5373.7578,3700.3588,-2770.2624,-1280.203,-1990.6038,-587.78851,-493.36896,-138.86525,-810.66388,354.08025,6305.2566,1880.3254,-95942.147,181.45115,7964.7797,8225.225,-5176.7361,7.3274071,1087.84089,.
2057.0,686.66351,7.3333333,12.555556,19.555556,1.3588966,4.1037013,0.0,1473.9544,57.409343,110.0201,33.757395,7.4444444,16.666667,10.666667,0.0,7.3333333,14.111111,10.777778,0.20516224,727.06233,0.18082221455623906,0.3299999988300009,0.5650000205650015,0.8800000208800025,0.2517267659735807,0.3359063993019681,0.0,0.14405594448694745,0.6425292168766848,0.6327394337587116,0.5243940497483064,0.33499999833500094,0.7500000157500022,0.4800000154800014,0.0,0.3299999988300009,0.6349999956350018,0.48500001048500135,0.09142294909495831,1.000000000330095,7.5181473,228.18505,5364.4621,3802.3919,-2768.5573,-1271.8789,-2021.1647,-588.61746,-482.74127,-138.71126,-813.55057,367.56638,6406.4018,1942.6349,-95978.724,188.3239,7867.7649,8119.4447,-4688.7383,7.5181473,1089.70587,.
2058.0,686.66351,8.0,13.0,20.777778,1.2638374,3.7574118,0.0,1448.9115,53.436138,110.0201,33.757395,8.1111111,17.555556,11.444444,0.0,8.0,14.444444,11.0,0.20516224,727.06233,0.1808222145562391,0.360000000360001,0.5850000005850017,0.9350000109350027,0.23411766680294785,0.30756104700718007,0.0,0.14160839345538798,0.5980608400631667,0.632739433758711,0.5243940497483061,0.36499999986500103,0.7900000207900022,0.5149999805150015,0.0,0.360000000360001,0.6499999806500019,0.4950000004950014,0.09142294909495836,1.000000000330095,7.7000649,236.15539,5353.1195,3905.4375,-2739.0198,-1263.9675,-2051.3865,-589.41416,-480.16705,-137.89386,-796.80345,380.21034,6503.2674,2008.153,-96418.353,194.90619,7768.49,8011.581,-4657.33,7.7000649,1091.33204,.
2059.0,686.66351,8.6666667,13.444444,22.111111,2.1381179,4.5155496,0.0,1434.6012,53.436138,122.02103,41.365449,8.7777778,18.444444,12.333333,0.0,8.6666667,14.666667,11.222222,0.1871061,727.06233,0.18082221455623906,0.3900000018900011,0.6049999806050017,0.9949999959950029,0.39607244895397026,0.3696180340916725,0.0,0.14020978588490157,0.5980608400631665,0.7017582917017414,0.6425790651431196,0.39500000139500113,0.8299999808300024,0.5549999855550015,0.0,0.3900000018900011,0.6600000156600019,0.5049999905050014,0.08337689945116697,1.000000000330095,7.9045582,244.3869,5340.0413,4008.2797,-1601.7677,-999.97258,-2082.6253,-590.25368,-485.12627,-113.06647,-564.16406,393.31022,6594.7667,2074.3207,-96470.559,201.70348,7668.0927,7903.0397,-4684.8452,7.9045582,1092.90773,.
2060.0,771.84899,9.4444444,13.888889,22.222222,1.1803827,3.7574118,0.0,1416.7134,53.436138,100.0765,41.365449,9.5555555,19.333333,13.333333,0.0,9.3333333,15.0,11.444444,0.1871061,727.06233,0.20325449312836855,0.4249999984250012,0.6250000056250018,0.9999999910000028,0.21865822585924724,0.30756104700717996,0.0,0.1384615337518688,0.5980608400631667,0.57555253942283,0.6425790651431197,0.42999999793000127,0.8699999858700025,0.5999999856000017,0.0,0.41999999892000117,0.6750000006750019,0.5149999805150015,0.08337689945116698,1.000000000330095,8.2847779,253.3035,5325.3099,4110.1783,-2761.1957,-1271.2783,-2123.0592,-591.46355,-485.40852,-139.06316,-562.08739,407.83463,6680.2515,2142.3317,-96511.447,209.05906,7567.501,7794.544,-4685.286,8.2847779,1094.26441,.
2061.0,771.84899,10.222222,14.333333,22.222222,1.1803827,3.4621814,0.0,1395.2481,53.436138,100.0765,31.768725,10.333333,20.333333,14.333333,0.0,10.222222,15.222222,11.666667,0.17182321,727.06233,0.20325449312836857,0.4599999904600013,0.6449999856450018,0.9999999910000028,0.21865822585924735,0.28339511157994035,0.0,0.13636363705628857,0.5980608400631671,0.5755525394228298,0.49350165669152635,0.46499998546500126,0.9149999859150025,0.6449999856450018,0.0,0.4599999904600013,0.684999990685002,0.5250000155250015,0.0765666458952795,1.000000000330095,8.665664,262.34744,5308.9201,4210.5067,-2748.5467,-1271.2654,-2163.6649,-592.69059,-488.42052,-139.20433,-813.94439,422.53472,6759.6159,2212.0642,-96960.576,216.51959,7466.9562,7686.1187,-4681.4067,8.665664,1095.42092,.
2062.0,771.84899,11.0,14.777778,22.222222,1.1803827,3.4621814,0.0,1377.3603,49.943619,91.702961,31.768725,11.222222,21.222222,15.444444,0.0,11.0,15.555556,11.888889,0.17182321,727.06233,0.20325449312836863,0.4950000004950014,0.6650000106650019,0.9999999910000028,0.2186582258592474,0.2833951115799403,0.0,0.13461538492325534,0.5589723331977084,0.5273952633849376,0.49350165669152635,0.5049999905050014,0.9549999909550027,0.694999980695002,0.0,0.4950000004950014,0.700000020700002,0.5350000055350016,0.07656664589527942,1.000000000330095,9.0462635,271.61273,5290.9308,4308.1537,-2761.1348,-1274.3205,-2204.2581,-593.89556,-488.67613,-164.86804,-811.78767,437.41847,6832.8088,2283.4176,-97406.712,224.16743,7366.3161,7577.8302,-4680.0964,9.0462635,1096.41929,.
2063.0,771.84899,11.888889,15.222222,22.222222,1.9222363,4.1037013,0.0,1348.7398,49.943619,100.0765,29.983677,12.111111,22.222222,16.555556,0.0,11.888889,15.777778,12.111111,0.17182321,727.06233,0.20325449312836855,0.5350000055350016,0.684999990685002,0.9999999910000028,0.3560817852042764,0.3359063993019681,0.0,0.1318181795557155,0.5589723331977084,0.57555253942283,0.46577236805076777,0.5449999955450016,0.9999999910000028,0.7450000207450022,0.0,0.5350000055350016,0.710000010710002,0.5449999955450016,0.07656664589527948,1.000000000330095,9.2386416,280.99239,5271.192,4402.3435,-1563.7932,-1002.572,-2234.9807,-595.12575,-489.84479,-139.3343,-819.81439,452.44491,6900.1407,2356.628,-97444.68,231.91062,7265.4449,7469.5337,-4680.5855,9.2386416,1097.2354599999999,.
2064.0,855.99377,12.777778,15.666667,22.222222,1.1065298,3.2074928,0.0,1330.852,49.943619,100.0765,29.983677,13.0,22.222222,17.666667,0.0,12.777778,16.111111,12.333333,0.15872024,727.06233,0.22541271945227437,0.5750000105750016,0.705000015705002,0.9999999910000028,0.20497745597964767,0.26254770473547534,0.0,0.13006992742268245,0.5589723331977086,0.5755525394228297,0.4657723680507674,0.5850000005850017,0.9999999910000028,0.7950000157950022,0.0,0.5750000105750016,0.7249999957250021,0.5549999855550015,0.07072779290116725,1.000000000330095,9.6245991,290.5043,5249.6666,4491.2455,-2769.7068,-1269.7302,-2285.5485,-596.33224,-485.47152,-139.23684,-811.54009,467.55912,6961.3152,2432.6134,-97889.612,239.76563,7164.3924,7361.2179,-4673.0116,9.6245991,1098.01463,.
2065.0,855.99377,13.777778,16.111111,22.222222,1.0407117,3.2074928,0.0,1305.8091,46.849529,84.554824,28.372499,14.0,22.222222,19.0,0.0,13.777778,16.444444,12.555556,0.15872024,727.06233,0.22541271945227437,0.6200000106200018,0.7249999957250021,0.9999999910000028,0.19278508059543842,0.26254770473547556,0.0,0.12762237639112248,0.5243430704199407,0.48628542838379096,0.4407440103743127,0.6300000006300018,0.9999999910000028,0.8550000008550024,0.0,0.6200000106200018,0.7399999807400021,0.5650000205650015,0.07072779290116725,1.000000000330095,10.008636,300.13099,5226.3359,4571.9263,-2767.2251,-1273.7073,-2336.2705,-597.94754,-496.34607,-165.38622,-819.6519,482.72949,7016.7413,2510.3702,-98343.121,247.71852,7063.0142,7252.7945,-4680.463,10.008636,1098.60637,.
2066.0,855.99377,14.888889,16.555556,22.222222,1.0407117,3.2074928,0.0,0.0,46.849529,91.702961,28.372499,15.111111,22.222222,20.333333,0.0,14.888889,16.666667,12.777778,0.14736182,727.06233,0.22541271945227437,0.670000005670002,0.7450000207450022,0.9999999910000028,0.19278508059543842,0.26254770473547556,0.0,0.0,0.5243430704199414,0.5273952633849376,0.44074401037431254,0.6799999956800019,0.9999999910000028,0.9149999859150025,0.0,0.670000005670002,0.7500000157500022,0.5750000105750016,0.06566633396282091,1.000000000330095,10.198326,310.32885,5201.0781,4641.066,-2744.6366,-1268.8033,-2376.876,-599.16536,-486.81305,-139.31773,-821.41717,499.08102,7066.5915,2589.8019,-98380.843,256.13681,6961.1672,7144.1043,-4680.2373,10.198326,1099.00832,.
2067.0,939.09786,16.0,17.0,22.222222,0.98168493,2.9855315,0.0,0.0,35.498777,84.554824,28.372499,16.222222,22.222222,21.777778,0.0,16.0,17.0,13.0,0.14736182,727.06233,0.24729689616130168,0.720000000720002,0.7650000007650022,0.9999999910000028,0.18185075496833308,0.2443791745192573,0.0,0.0,0.3973046928248261,0.4862854283837906,0.4407440103743122,0.729999990730002,0.9999999910000028,0.9800000109800029,0.0,0.720000000720002,0.7650000007650022,0.5850000005850017,0.06566633396282089,1.000000000330095,10.768657,320.99201,5173.7449,4693.1731,-2742.0561,-1267.785,-2427.2919,-600.77629,-719.21823,-165.63561,-808.02041,516.40242,7110.8118,2671.7148,-98818.851,264.93382,6858.6537,7034.9519,-4672.5971,10.768657,1098.81879,.
2068.0,939.09786,17.111111,17.555556,22.222222,0.98168493,2.9855315,0.0,0.0,46.849529,78.38144,26.910967,17.444444,22.222222,22.222222,0.0,17.111111,17.222222,13.222222,0.13742129,727.06233,0.2472968961613017,0.7699999957700022,0.7900000207900022,0.9999999910000028,0.18185075496833306,0.2443791745192573,0.0,0.0,0.5243430704199409,0.4507815204930047,0.41804028325565484,0.7849999807850022,0.9999999910000028,0.9999999910000028,0.0,0.7699999957700022,0.7749999907750021,0.5949999905950017,0.06123670515701871,1.000000000330095,10.961148,331.08454,5144.3793,4719.2893,-2737.1905,-1262.915,-2478.0296,-602.37755,-483.00135,-164.82961,-816.78384,532.35125,7150.2395,2755.1642,-98858.512,273.27024,6755.3479,6925.2241,-4669.5682,10.961148,1097.9464,.
2069.0,939.09786,18.444444,18.0,22.222222,0.92844985,3.7574118,0.0,0.0,44.089368,78.38144,26.910967,18.666667,22.222222,22.222222,0.0,18.333333,17.555556,13.333333,0.13742129,727.06233,0.24729689616130168,0.8299999808300024,0.8100000008100023,0.9999999910000028,0.17198930228330547,0.3075610470071801,0.0,0.0,0.493451163404326,0.4507815204930045,0.4180402832556547,0.8400000158400024,0.9999999910000028,0.9999999910000028,0.0,0.8249999858250023,0.7900000207900022,0.5999999856000017,0.06123670515701869,1.000000000330095,11.354532,342.23861,5112.7694,4708.3649,-2767.4879,-999.17426,-2528.6808,-603.60798,-498.56548,-165.71299,-824.55687,550.51126,7185.5828,2841.1549,-98907.26,282.47182,6650.8658,6814.499,-4672.7145,11.354532,1096.3506,.
2070.0,1021.1613,19.666667,18.444444,22.222222,0.92844985,2.7903703,0.0,0.0,33.807465,78.38144,25.579158,20.0,22.222222,22.222222,0.0,19.666667,17.777778,13.555556,0.12864876,727.06233,0.26890703378883213,0.8850000158850025,0.8299999808300024,0.9999999910000028,0.17198930228330545,0.22840435296598027,0.0,0.0,0.37837541549702014,0.4507815204930043,0.39735169887284766,0.9000000009000025,0.9999999910000028,0.9999999910000028,0.0,0.8850000158850025,0.8000000108000024,0.6100000206100017,0.05732755226599936,1.000000000330095,11.918505,352.68829,5078.8168,4674.8766,-2738.0869,-1265.0593,-2589.238,-605.60999,-711.03333,-165.20598,-811.69402,567.01693,7218.1074,2929.6956,-99343.932,291.10329,6544.7453,6702.3132,-4667.0761,11.918505,1094.26867,.
2071.0,1021.1613,21.0,18.888889,22.222222,0.88019393,2.7903703,0.0,0.0,32.254043,68.257107,25.579158,21.333333,22.222222,22.222222,0.0,21.0,18.111111,13.777778,0.12864876,727.06233,0.2689070337888321,0.9450000009450027,0.8500000058500023,0.9999999910000028,0.16305020663711742,0.22840435296598038,0.0,0.0,0.36098941229647796,0.3925552079409834,0.397351698872848,0.9599999859600027,0.9999999910000028,0.9999999910000028,0.0,0.9450000009450027,0.8149999958150024,0.6200000106200018,0.05732755226599939,1.000000000330095,12.306015,363.6968,5042.5828,4639.331,-2758.9985,-1270.5025,-2649.8865,-607.22066,-723.40265,-191.88541,-822.51329,584.50846,7248.5767,3020.8311,-99398.644,300.19438,6436.8809,6588.5448,-4668.8264,12.306015,1091.91168,.
2072.0,1102.184,22.222222,19.444444,22.222222,0.83624982,2.6174317,0.0,0.0,30.822308,68.257107,24.360536,22.222222,22.222222,22.222222,0.0,22.222222,18.333333,14.0,0.12084978,727.06233,0.2902431086347574,0.9999999910000028,0.8749999808750025,0.9999999910000028,0.1549098457782505,0.21424855112281896,0.0,0.0,0.34496533816058444,0.39255520794098303,0.37842138373175405,0.9999999910000028,0.9999999910000028,0.9999999910000028,0.0,0.9999999910000028,0.8249999858250023,0.6300000006300018,0.05385222585343635,1.000000000330095,12.689379,375.78783,5003.9682,4601.6189,-2770.8009,-1275.5655,-2720.6649,-609.23597,-721.77,-192.19506,-824.41657,604.16261,7276.8814,3113.3018,-99844.448,310.16962,6327.2339,6473.1758,-4667.9903,12.689379,1089.12129,.
2073.0,1102.184,22.222222,19.888889,22.222222,0.83624982,2.6174317,0.0,0.0,30.822308,64.054559,24.360536,22.222222,22.222222,22.222222,0.0,22.222222,18.555556,14.111111,0.12084978,727.06233,0.29024310863475733,0.9999999910000028,0.8950000058950025,0.9999999910000028,0.15490984577825048,0.2142485511228189,0.0,0.0,0.34496533816058444,0.36838582578387,0.37842138373175416,0.9999999910000028,0.9999999910000028,0.9999999910000028,0.0,0.9999999910000028,0.8350000208350024,0.6349999956350018,0.05385222585343636,1.000000000330095,13.072561,387.63133,4962.8566,4561.6258,-2736.538,-1263.8632,-2781.3023,-610.84945,-718.8596,-191.73069,-816.2135,623.19823,7302.6844,3208.0049,-99879.833,319.94444,6215.7673,6356.1877,-4663.9011,13.072561,1086.17983,.
2074.0,1102.184,22.222222,20.333333,22.222222,0.79606432,2.4631244,0.0,0.0,39.375661,64.054559,23.241259,22.222222,22.222222,22.222222,0.0,22.222222,18.777778,14.333333,0.11387082,727.06233,0.2902431086347574,0.9999999910000028,0.9149999859150025,0.9999999910000028,0.1474657430010183,0.20161780494034007,0.0,0.0,0.44069503854680653,0.3683858257838702,0.36103431346699794,0.9999999910000028,0.9999999910000028,0.9999999910000028,0.0,0.9999999910000028,0.8450000108450024,0.6449999856450018,0.05074231096453796,1.000000000330095,13.463421,399.95076,4919.3442,4519.4626,-2766.9308,-1272.5709,-2852.0523,-612.85811,-498.26426,-192.43355,-822.70382,642.95265,7325.9196,3304.961,-99924.663,330.11432,6102.6626,6237.7237,-4669.3231,13.463421,1083.0602099999999,.
2075.0,1182.166,22.222222,20.777778,22.222222,1.3588966,2.9855315,0.0,0.0,39.375661,60.302287,23.241259,22.222222,22.222222,22.222222,0.0,22.222222,19.0,14.555556,0.12864876,727.06233,0.311305131232459,0.9999999910000028,0.9350000109350027,0.9999999910000028,0.2517267659735807,0.24437917451925734,0.0,0.0,0.44069503854680653,0.34680603753982486,0.36103431346699755,0.9999999910000028,0.9999999910000028,0.9999999910000028,0.0,0.9999999910000028,0.8550000008550024,0.6550000206550018,0.05732755226599943,1.000000000330095,13.850061,412.51943,4873.2313,4474.9641,-1586.048,-1001.6012,-2922.5442,-614.47885,-499.69166,-192.66111,-828.19517,663.22043,7346.3918,3404.1297,-100386.84,340.48699,5987.8218,6117.6965,-4180.7668,13.850061,1079.62636,.
2076.0,1182.166,22.222222,21.222222,22.222222,0.75917499,2.3245915,0.0,0.0,28.270859,53.887118,18.065224,22.222222,22.222222,22.222222,0.0,22.222222,19.222222,14.666667,0.107589,727.06233,0.31130513123245906,0.9999999910000028,0.9549999909550027,0.9999999910000028,0.1406322343000383,0.19027826431055306,0.0,0.0,0.31640934984574176,0.3099115937015951,0.2806287621710826,0.9999999910000028,0.9999999910000028,0.9999999910000028,0.0,0.9999999910000028,0.8649999908650023,0.6600000156600019,0.04794305068114619,1.000000000330095,14.415558,425.4185,4824.6406,4428.2517,-2741.9242,-1266.2549,-3012.9863,-616.88745,-721.84017,-217.90436,-1074.3792,683.89721,7363.7978,3505.2568,-100821.38,351.1348,5871.5394,5996.3238,-4666.7571,14.415558,1075.97199,.
2077.0,1261.1073,22.222222,21.666667,22.222222,0.72519226,2.3245915,0.0,0.0,27.129274,53.887118,17.394055,22.222222,22.222222,22.222222,0.0,22.222222,19.444444,14.777778,0.107589,727.06233,0.3320931015819369,0.9999999910000028,0.9750000159750027,0.9999999910000028,0.13433715436396856,0.1902782643105532,0.0,0.0,0.30363265396806605,0.309911593701595,0.2702026901955787,0.9999999910000028,0.9999999910000028,0.9999999910000028,0.0,0.9999999910000028,0.8749999808750025,0.6650000106650019,0.04794305068114618,1.000000000330095,14.986442,438.66129,4773.6195,4379.419,-2739.8929,-1261.9588,-3093.6013,-618.87374,-716.56069,-217.81304,-1068.8243,705.0111,7378.0438,3608.4683,-100850.58,362.06946,5753.9513,5873.7738,-4646.6321,14.986442,1072.18937,.
2078.0,1339.008,22.222222,22.111111,22.222222,1.2638374,2.7903703,0.0,0.0,35.498777,56.931604,21.255809,22.222222,22.222222,22.222222,0.0,22.222222,19.666667,15.0,0.11387082,727.06233,0.3526070460166444,0.9999999910000028,0.9949999959950029,0.9999999910000028,0.23411766680294774,0.22840435296598016,0.0,0.0,0.3973046928248259,0.3274208156321906,0.33019194052700124,0.9999999910000028,0.9999999910000028,0.9999999910000028,0.0,0.9999999910000028,0.8850000158850025,0.6750000006750019,0.050742310964537934,1.000000000330095,15.191246,452.74561,4720.1573,4328.4386,-1580.7344,-997.59037,-3174.2809,-620.91068,-501.33567,-192.95837,-825.62212,727.79131,7388.7578,3713.6321,-100902.4,373.69134,5635.2219,5750.2334,-4166.4946,15.191246,1068.298577,.
2079.0,1339.008,22.222222,22.222222,22.222222,0.69378563,2.1995318,0.0,0.0,26.065002,51.123663,16.171808,22.222222,22.222222,22.222222,0.0,22.222222,19.777778,15.111111,0.096736901,727.06233,0.3526070460166445,0.9999999910000028,0.9999999910000028,0.9999999910000028,0.12851928021517114,0.1800415656685774,0.0,0.0,0.2917212503712022,0.2940186164009231,0.2512160635876097,0.9999999910000028,0.9999999910000028,0.9999999910000028,0.0,0.9999999910000028,0.8900000108900026,0.6799999956800019,0.043107214932567646,1.000000000330095,15.954279,466.93195,4664.3186,4275.3455,-2758.9185,-1260.0178,-3274.72,-623.696,-724.93508,-218.13426,-1077.1747,750.5914,7395.3437,3820.4113,-101339.86,385.40052,5515.7328,5626.0429,-4665.4675,15.954279,1064.2416839999999,.
2080.0,1415.8679,22.222222,22.222222,22.222222,1.1803827,2.6174317,0.0,0.0,33.807465,48.604043,20.371251,22.222222,22.222222,22.222222,0.0,22.222222,20.0,15.222222,0.107589,727.06233,0.372846911869675,0.9999999910000028,0.9999999910000028,0.9999999910000028,0.21865822585924735,0.2142485511228191,0.0,0.0,0.3783754154970203,0.2795279648555496,0.3164510416259676,0.9999999910000028,0.9999999910000028,0.9999999910000028,0.0,0.9999999910000028,0.9000000009000025,0.684999990685002,0.04794305068114618,1.000000000330095,16.153846,481.34624,4606.4384,4220.5022,-1564.4495,-998.34381,-3355.5476,-625.32498,-501.47084,-218.98585,-822.98755,773.59063,7397.3785,3930.0111,-100982.28,397.30192,5396.094,5501.8455,-4162.8365,16.153846,1060.018281,.
2081.0,1491.6872,22.222222,22.222222,22.222222,1.1803827,2.6174317,0.0,0.0,25.070446,48.604043,19.548696,22.222222,22.222222,22.222222,0.0,22.222222,20.111111,15.333333,0.10190483,727.06233,0.392812751807935,0.9999999910000028,0.9999999910000028,0.9999999910000028,0.21865822585924732,0.214248551122819,0.0,0.0,0.2805901129216759,0.2795279648555496,0.30367330958856587,0.9999999910000028,0.9999999910000028,0.9999999910000028,0.0,0.9999999910000028,0.9049999959050026,0.689999985690002,0.045410110971786925,1.000000000330095,16.723254,496.34499,4546.4135,4163.8243,-1558.9206,-992.17727,-3465.594,-628.11237,-719.67341,-217.93363,-820.66872,797.71529,7394.3855,4039.9099,-101428.03,409.68165,5276.3809,5377.7531,-4154.3798,16.723254,1055.605609,.
2082.0,1566.4657,22.222222,22.222222,22.222222,0.6123921,1.9826667,0.0,0.0,24.138974,42.223194,15.087151,22.222222,22.222222,22.222222,0.0,22.222222,20.333333,15.444444,0.087691865,727.06233,0.4125045131645182,0.9999999910000028,0.9999999910000028,0.9999999910000028,0.11344165762190413,0.16229018233196327,0.0,0.0,0.2701650158307274,0.24283089965419252,0.23436678724925925,0.9999999910000028,0.9999999910000028,0.9999999910000028,0.0,0.9999999910000028,0.9149999859150025,0.694999980695002,0.039076629841519384,1.000000000330095,17.494567,511.34155,4484.2184,4105.2656,-2768.8201,-1268.6432,-3576.8236,-630.5412,-733.86028,-245.33461,-1079.7074,821.64936,7386.0692,4152.3516,-101479.86,422.06339,5156.6625,5253.7929,-4654.7675,17.494567,1051.078838,.
2083.0,1566.4657,22.222222,22.222222,22.222222,1.1065298,2.4631244,0.0,0.0,23.264768,42.223194,18.781844,22.222222,22.222222,22.222222,0.0,22.222222,20.444444,15.555556,0.096736901,727.06233,0.41250451316451825,0.9999999910000028,0.9999999910000028,0.9999999910000028,0.20497745597964773,0.20161780494034012,0.0,0.0,0.260380843652187,0.24283089965419236,0.29176087896891695,0.9999999910000028,0.9999999910000028,0.9999999910000028,0.0,0.9999999910000028,0.9199999809200026,0.700000020700002,0.04310721493256762,1.000000000330095,17.876667,527.03919,4419.9397,4044.9644,-1557.7591,-994.82481,-3686.7566,-632.9444,-720.92479,-244.67899,-827.81847,846.76507,7372.3047,4264.9941,-101511.85,435.02294,5036.9943,5130.0676,-4158.5404,17.876667,1046.5051899999999,.
2084.0,1640.2036,22.222222,22.222222,22.222222,1.0407117,2.4631244,0.0,0.0,22.442704,40.415288,18.065224,22.222222,22.222222,22.222222,0.0,22.222222,20.555556,15.666667,0.092017936,727.06233,0.4319222486063308,0.9999999910000028,0.9999999910000028,0.9999999910000028,0.1927850805954384,0.2016178049403401,0.0,0.0,0.2511802482344251,0.23243340484434416,0.28062876217108246,0.9999999910000028,0.9999999910000028,0.9999999910000028,0.0,0.9999999910000028,0.9250000209250027,0.705000015705002,0.04100438306167419,1.000000000330095,18.458851,543.22265,4353.3131,3982.628,-1557.8605,-992.82672,-3807.3803,-635.75318,-729.38229,-244.70179,-830.67333,872.80463,7352.6174,4378.7224,-101551.32,448.38012,4917.2772,5006.3849,-4164.6626,18.458851,1041.835943,.
2085.0,1712.9008,22.222222,22.222222,22.222222,0.56677489,1.8011155,0.0,0.0,22.442704,35.722861,13.671281,22.222222,22.222222,22.222222,0.0,22.222222,20.666667,15.777778,0.092017936,727.06233,0.45106593179991983,0.9999999910000028,0.9999999910000028,0.9999999910000028,0.10499136585869151,0.14742940046147218,0.0,0.0,0.2511802482344249,0.2054466669397788,0.21237238266865888,0.9999999910000028,0.9999999910000028,0.9999999910000028,0.0,0.9999999910000028,0.9300000159300027,0.710000010710002,0.04100438306167419,1.000000000330095,19.03715,559.85985,4284.3244,3918.2583,-2735.1591,-1261.0575,-3937.8138,-638.54264,-723.87247,-270.6334,-1076.2564,899.60002,7326.6476,4493.4696,-102000.27,462.11091,4797.4929,4882.7601,-4157.6003,19.03715,1036.9871429999998,.
2086.0,1784.5573,22.222222,22.222222,22.222222,0.54607929,1.8011155,0.0,0.0,20.937394,34.362737,13.247077,22.222222,22.222222,22.222222,0.0,22.222222,20.777778,15.777778,0.087691865,727.06233,0.46993556274528503,0.9999999910000028,0.9999999910000028,0.9999999910000028,0.10115764042448051,0.14742940046147202,0.0,0.0,0.2343327177643995,0.19762442273529576,0.2057827138426303,0.9999999910000028,0.9999999910000028,0.9999999910000028,0.0,0.9999999910000028,0.9350000109350027,0.710000010710002,0.03907662984151935,1.000000000330095,19.60978,576.38599,4212.9371,3851.8405,-2757.9002,-1265.9347,-4068.6122,-641.36714,-733.35699,-271.16055,-1079.0309,925.8841,7293.9513,4607.8519,-102040.98,475.75799,4677.6074,4759.1713,-4159.9195,19.60978,1032.064287,.
2087.0,1855.1731,22.222222,22.222222,22.222222,0.98168493,2.1995318,0.0,0.0,20.937394,33.088517,16.764147,22.222222,22.222222,22.222222,0.0,22.222222,20.888889,15.888889,0.083711581,727.06233,0.48853114144242676,0.9999999910000028,0.9999999910000028,0.9999999910000028,0.18185075496833314,0.1800415656685773,0.0,0.0,0.23433271776439946,0.19029622324007614,0.2604175747537959,0.9999999910000028,0.9999999910000028,0.9999999910000028,0.0,0.9999999910000028,0.9400000059400027,0.7150000057150021,0.037302963783303784,1.000000000330095,20.187458,593.26452,4139.0035,3783.2025,-1561.3731,-991.62145,-4208.7605,-643.77565,-724.98213,-270.89597,-829.84991,952.8047,7253.9136,4721.6814,-102077.89,489.69442,4557.5134,4635.4862,-4157.6335,20.187458,1027.073748,.
2088.0,1924.7482,22.222222,22.222222,22.222222,0.50829956,2.0860709,0.0,0.0,20.246548,31.892311,16.171808,22.222222,22.222222,22.222222,0.0,22.222222,20.888889,15.888889,0.083711581,727.06233,0.5068526678913448,0.9999999910000028,0.9999999910000028,0.9999999910000028,0.09415919090870785,0.17075428094818104,0.0,0.0,0.22660072300246,0.18341669207169176,0.25121606358760956,0.9999999910000028,0.9999999910000028,0.9999999910000028,0.0,0.9999999910000028,0.9400000059400027,0.7150000057150021,0.0373029637833038,1.000000000330095,20.961014,610.49378,4062.4414,3712.2874,-2766.3253,-999.40272,-4359.5482,-646.98508,-735.87635,-272.07114,-836.86458,980.26839,7205.8703,4833.5237,-102136.11,503.92068,4437.0489,4511.5747,-4167.1095,20.961014,1022.056742,.
2089.0,1993.2826,22.222222,22.222222,22.222222,0.92844985,2.0860709,0.0,0.0,19.592516,31.892311,15.613775,22.222222,22.222222,22.222222,0.0,22.222222,21.0,16.0,0.080037219,727.06233,0.5249001420920387,0.9999999910000028,0.9999999910000028,0.9999999910000028,0.17198930228330553,0.17075428094818104,0.0,0.0,0.21928075299736366,0.1834166920716915,0.24254746860973286,0.9999999910000028,0.9999999910000028,0.9999999910000028,0.0,0.9999999910000028,0.9450000009450027,0.720000000720002,0.035665620527144934,1.000000000330095,21.534859,628.10586,3983.1728,3639.0055,-1557.1455,-990.31181,-4519.5349,-649.80107,-727.02848,-271.45007,-828.46106,1008.3392,7148.7999,4944.3223,-102163.65,518.46298,4316.0719,4387.2879,-4146.6574,21.534859,1016.975691,.
2090.0,2060.7764,22.222222,22.222222,22.222222,0.88019393,1.9826667,0.0,0.0,18.972432,27.759963,11.74515,22.222222,22.222222,22.222222,0.0,22.222222,21.0,16.0,0.076634814,727.06233,0.5426735903779626,0.9999999910000028,0.9999999910000028,0.9999999910000028,0.16305020663711736,0.16229018233196332,0.0,0.0,0.21234073128490882,0.15965103894454544,0.1824514828055102,0.9999999910000028,0.9999999910000028,0.9999999910000028,0.0,0.9999999910000028,0.9450000009450027,0.720000000720002,0.03414946482951055,1.000000000330095,22.114683,645.93987,3900.9684,3563.1191,-1559.8747,-993.26618,-4689.8653,-653.00078,-731.76559,-297.87239,-1085.9971,1036.7756,7081.5608,5051.5759,-102203.82,533.18851,4194.1919,4262.2403,-4151.2889,22.114683,1011.79662,.
2091.0,2192.6418,22.222222,22.222222,22.222222,0.47467337,1.9826667,0.0,0.0,13.804016,24.440539,11.411826,22.222222,22.222222,22.222222,0.0,22.222222,21.0,16.0,0.073475251,727.06233,0.5773983038716857,0.9999999910000028,0.9999999910000028,0.9999999910000028,0.08793015769108616,0.1622901823319633,0.0,0.0,0.15449547280541492,0.1405606139934221,0.17727356187179177,0.9999999910000028,0.9999999910000028,0.9999999910000028,0.0,0.9999999910000028,0.9450000009450027,0.720000000720002,0.03274152266963107,1.000000000330095,22.88087,663.91526,3815.6722,3484.4768,-2736.0895,-990.72928,-4869.9364,-656.21028,-960.78861,-323.35487,-1080.6737,1065.4979,7002.978,5153.4934,-102244.88,548.02924,4071.2587,4136.273,-4156.711,22.88087,1006.5267789999999,.
2092.0,2257.0134,22.222222,22.222222,22.222222,0.83624982,1.8880388,0.0,0.0,17.824057,23.710265,11.093143,22.222222,22.222222,22.222222,0.0,22.222222,20.888889,15.888889,0.070533427,727.06233,0.5943495690794849,0.9999999910000028,0.9999999910000028,0.9999999910000028,0.15490984577825048,0.15454446332397728,0.0,0.0,0.19948804127187783,0.13636071636336441,0.17232307712745817,0.9999999910000028,0.9999999910000028,0.9999999910000028,0.0,0.9999999910000028,0.9400000059400027,0.7150000057150021,0.0314306078258551,1.000000000330095,23.461349,682.13958,3727.4289,3403.202,-1556.8423,-988.98731,-5060.1014,-659.02563,-730.8396,-323.11291,-1076.003,1094.5506,6912.8176,5248.7464,-102272.29,563.07707,3947.5058,4009.6154,-4140.1445,23.461349,1001.2836729999999,.
2093.0,2320.3444,22.222222,22.222222,22.222222,0.43063775,1.8011155,0.0,0.0,12.770108,23.014224,10.496004,22.222222,22.222222,22.222222,0.0,22.222222,20.888889,15.888889,0.070533427,727.06233,0.611026808372514,0.9999999910000028,0.9999999910000028,0.9999999910000028,0.07977284519928841,0.1474294004614721,0.0,0.0,0.14292390513284026,0.13235769702223638,0.16304700181203027,0.9999999910000028,0.9999999910000028,0.9999999910000028,0.0,0.9999999910000028,0.9400000059400027,0.7150000057150021,0.031430607825855085,1.000000000330095,24.230774,700.50555,3636.1766,3319.2139,-2757.2866,-990.1476,-5260.6668,-662.64071,-962.05332,-324.21787,-1086.1026,1123.7968,6810.4583,5334.3891,-102322.68,578.2426,3822.9913,3882.33,-4148.3816,24.230774,996.0413769999999,.
2094.0,2443.8843,22.222222,22.222222,22.222222,0.41741313,1.8011155,0.0,0.0,12.451224,20.528362,10.215889,22.222222,22.222222,22.222222,0.0,22.222222,20.777778,15.777778,0.067787584,727.06233,0.6435591302139008,0.9999999910000028,0.9999999910000028,0.9999999910000028,0.07732307026878266,0.14742940046147215,0.0,0.0,0.13935493401964527,0.11806119198104573,0.15869564000685402,0.9999999910000028,0.9999999910000028,0.9999999910000028,0.0,0.9999999910000028,0.9350000109350027,0.710000010710002,0.030207024651818057,1.000000000330095,25.005421,719.55637,3541.9755,3232.5883,-2734.9249,-989.53057,-5460.75,-665.85073,-956.55024,-350.03676,-1090.4965,1154.3662,6695.2844,5408.6044,-102365.03,593.96832,3697.9211,3754.5998,-4148.963,25.005421,990.747613,.
2095.0,2563.2614,22.222222,22.222222,22.222222,0.41741313,1.7209925,0.0,0.0,12.144036,19.972086,9.9470854,22.222222,22.222222,22.222222,0.0,22.222222,20.666667,15.666667,0.065218769,727.06233,0.6749952430623928,0.9999999910000028,0.9999999910000028,0.9999999910000028,0.0773230702687826,0.1408709727242311,0.0,0.0,0.13591686532281458,0.11486197873497922,0.1545199917262054,0.9999999910000028,0.9999999910000028,0.9999999910000028,0.0,0.9999999910000028,0.9300000159300027,0.705000015705002,0.02906232744545412,1.000000000330095,25.770219,738.16994,3444.9362,3143.3849,-2717.7465,-986.59186,-5690.6119,-669.46631,-960.01496,-349.70163,-1083.1134,1183.8364,6566.6338,5467.3237,-102400.67,609.34205,3572.546,3626.695,-4132.3008,25.770219,985.375917,.
2096.0,2621.3889,22.222222,22.222222,22.222222,0.72519226,1.646902,0.0,0.0,15.836763,18.926734,12.843805,22.222222,22.222222,22.222222,0.0,22.222222,20.555556,15.555556,0.073475251,727.06233,0.6903022211143034,0.9999999910000028,0.9999999910000028,0.9999999910000028,0.13433715436396862,0.13480633223066446,0.0,0.0,0.17724611355074477,0.10885002789546415,0.19951820684408691,0.9999999910000028,0.9999999910000028,0.9999999910000028,0.0,0.9999999910000028,0.9250000209250027,0.700000020700002,0.03274152266963107,1.000000000330095,26.355905,757.48341,3345.2035,3051.7379,-1558.9206,-989.93933,-5910.9186,-672.67983,-732.26584,-350.08307,-837.05309,1214.6631,6423.598,5504.0047,-102042.44,625.28857,3447.2368,3498.9669,-3651.7268,26.355905,979.9725742999999,.
2097.0,2734.5219,22.222222,22.222222,22.222222,0.72519226,1.646902,0.0,0.0,11.286544,17.069774,12.459952,22.222222,22.222222,22.222222,0.0,22.222222,20.333333,15.444444,0.070533427,727.06233,0.7200940468069064,0.9999999910000028,0.9999999910000028,0.9999999910000028,0.1343371543639686,0.1348063322306645,0.0,0.0,0.1263197573531586,0.09817041736145639,0.19355535843181929,0.9999999910000028,0.9999999910000028,0.9999999910000028,0.0,0.9999999910000028,0.9149999859150025,0.694999980695002,0.0314306078258551,1.000000000330095,27.125267,776.22856,3242.8746,2957.6554,-1540.5625,-986.9884,-6161.1028,-675.91335,-960.55079,-376.34452,-835.91117,1244.2032,6264.9306,5511.2636,-101676.03,640.77433,3322.3441,3371.7646,-3651.5281,27.125267,974.5997861999999,.
2098.0,2843.4921,22.222222,22.222222,22.222222,0.37047397,1.5781873,0.0,0.0,10.762896,15.104668,8.9722948,22.222222,22.222222,22.222222,0.0,22.222222,20.222222,15.333333,0.058418389,727.06233,0.7487896635066146,0.9999999910000028,0.9999999910000028,0.9999999910000028,0.06862789585719276,0.12918172513362375,0.0,0.0,0.12045905381995411,0.08686884557851995,0.13937740177249067,0.9999999910000028,0.9999999910000028,0.9999999910000028,0.0,0.9999999910000028,0.9099999909100025,0.689999985690002,0.026031990115512854,1.000000000330095,27.896535,794.99381,3138.2658,2861.3879,-2733.594,-988.81349,-6420.8393,-679.53041,-959.5465,-401.87795,-1084.4355,1273.779,6088.7006,5476.9047,-101705.83,656.27664,3198.5172,3245.7675,-4137.9398,27.896535,969.1667418,.
2099.0,2948.2996,22.222222,22.222222,22.222222,0.35004035,1.5142838,0.0,0.0,10.27329,14.409323,8.7509411,22.222222,22.222222,22.222222,0.0,22.222222,20.0,15.111111,0.056410498,727.06233,0.7763890975468812,0.9999999910000028,0.9999999910000028,0.9999999910000028,0.06484270051581574,0.12395093638499016,0.0,0.0,0.1149793506336953,0.08286982902093687,0.1359388496220723,0.9999999910000028,0.9999999910000028,0.9999999910000028,0.0,0.9999999910000028,0.9000000009000025,0.6799999956800019,0.025137247902319897,1.000000000330095,28.677331,813.78662,3031.8266,2763.2714,-2757.9002,-994.40517,-6691.1288,-683.16605,-970.02035,-402.75678,-1089.5441,1303.4098,5892.5452,5380.9555,-101753.98,671.80184,3076.6811,3121.8856,-4139.5854,28.677331,963.7691683999999,.
2100.0,3048.9443,22.222222,22.222222,22.222222,0.34047041,1.4547033,0.0,0.0,10.040231,12.856268,8.3317267,22.222222,22.222222,22.222222,0.0,22.222222,19.777778,15.0,0.05451409,727.06233,0.802892322594253,0.9999999910000028,0.9999999910000028,0.9999999910000028,0.06306993130971043,0.1190740046200951,0.0,0.0,0.11237093867614921,0.07393801436801309,0.1294266902291806,0.9999999910000028,0.9999999910000028,0.9999999910000028,0.0,0.9999999910000028,0.8900000108900026,0.6750000006750019,0.024292183956599298,1.000000000330095,29.444697,831.91089,2923.7544,2663.3194,-2725.5185,-985.71932,-6980.6516,-686.7888,-959.82389,-428.49281,-1088.8407,1331.8096,5675.3292,5198.8275,-101381.96,686.77821,2957.3079,3000.5718,-4135.317,29.444697,958.270278,.
2101.0,3145.4262,22.222222,22.222222,22.222222,0.63761149,1.4547033,0.0,0.0,9.5957829,12.299311,8.1330492,22.222222,22.222222,22.222222,0.0,22.222222,19.555556,14.777778,0.060547891,727.06233,0.8282993386487302,0.9999999910000028,0.9999999910000028,0.9999999910000028,0.11811338576113596,0.11907400462009514,0.0,0.0,0.1073966457350972,0.0707348846052884,0.12634039465397792,0.9999999910000028,0.9999999910000028,0.9999999910000028,0.0,0.9999999910000028,0.8800000208800025,0.6650000106650019,0.026980923764041976,1.000000000330095,30.221368,849.48445,2814.1665,2561.4395,-1563.77,-980.52332,-7280.6192,-690.0258,-966.82036,-428.88851,-1089.8596,1359.1444,5437.6642,4957.0487,-101010.17,701.30481,2840.4506,2881.9058,-3644.6998,30.221368,952.7107189999999,.
2102.0,3237.7453,22.222222,22.222222,22.222222,0.6123921,1.3990216,0.0,0.0,9.1780559,10.809891,7.7557178,22.222222,22.222222,22.222222,0.0,22.222222,19.222222,14.555556,0.058418389,727.06233,0.8526101457103126,0.9999999910000028,0.9999999910000028,0.9999999910000028,0.11344165762190415,0.11451620716197797,0.0,0.0,0.10272141713723215,0.062169042841566144,0.12047885406581353,0.9999999910000028,0.9999999910000028,0.9999999910000028,0.0,0.9999999910000028,0.8649999908650023,0.6550000206550018,0.02603199011551284,1.000000000330095,31.000197,865.82345,2702.9827,2457.7883,-1574.3706,-984.72796,-7590.5667,-693.27299,-968.73389,-454.65954,-1094.0627,1384.2523,5180.4487,4696.1255,-100643.96,714.81783,2725.9773,2765.7482,-3648.7764,31.000197,947.2195899999999,.
2103.0,3325.9017,22.222222,22.222222,22.222222,0.5888328,1.346868,0.0,0.0,8.7847105,10.365909,7.402915,22.222222,22.222222,22.222222,0.0,22.222222,19.0,14.333333,0.056410498,727.06233,0.8758247701124535,0.9999999910000028,0.9999999910000028,0.9999999910000028,0.10907745036904813,0.11024720054918298,0.0,0.0,0.09831906904166093,0.05961564651417629,0.11499834560079292,0.9999999910000028,0.9999999910000028,0.9999999910000028,0.0,0.9999999910000028,0.8550000008550024,0.6449999856450018,0.025137247902319887,1.000000000330095,31.780566,881.63133,2590.3279,2352.8183,-1584.7364,-991.17787,-7920.6234,-696.1373,-974.46944,-456.27125,-1095.146,1408.5985,4904.8294,4417.1982,-100284.59,727.89044,2613.9435,2652.1166,-3646.646,31.780566,941.748531,.
2104.0,3450.3312,22.222222,22.222222,22.222222,0.5888328,1.2979175,0.0,0.0,8.5965234,9.1644378,7.2349765,22.222222,22.222222,22.222222,0.0,22.222222,18.666667,14.111111,0.05451409,727.06233,0.908591354354167,0.9999999910000028,0.9999999910000028,0.9999999910000028,0.10907745036904812,0.10624038207069597,0.0,0.0,0.0962128663981418,0.052705834518319235,0.11238955573049475,0.9999999910000028,0.9999999910000028,0.9999999910000028,0.0,0.9999999910000028,0.8400000158400024,0.6349999956350018,0.02429218395659932,1.000000000330095,32.735702,895.76725,2476.2337,2246.4877,-1541.0385,-985.66796,-8260.3275,-698.9952,-964.53617,-480.82957,-1095.8273,1429.8914,4612.4239,4121.8861,-99910.434,739.59135,2504.2789,2540.8875,-3639.145,32.735702,936.206603,.
2105.0,3528.0807,22.222222,22.222222,22.222222,0.54607929,1.2518838,0.0,0.0,8.0630969,7.9682366,6.9147135,22.222222,22.222222,22.222222,0.0,22.222222,18.444444,13.888889,0.052720131,727.06233,0.9290654826075236,0.9999999910000028,0.9999999910000028,0.9999999910000028,0.1011576404244805,0.10247231678447574,0.0,0.0,0.09024272123716567,0.04582633095533852,0.10741452695370252,0.9999999910000028,0.9999999910000028,0.9999999910000028,0.0,0.9999999910000028,0.8299999808300024,0.6250000056250018,0.023492772611044505,1.000000000330095,33.333653,907.76013,2360.8313,2138.8401,-1579.3347,-993.80849,-8620.1198,-701.4734,-977.31668,-507.83733,-1095.3376,1447.334,4305.8196,3812.7936,-99547.969,749.53294,2396.7579,2431.9126,-3641.5602,33.333653,930.642566,.
2106.0,3636.8997,22.222222,22.222222,22.222222,0.52662358,1.2085138,0.0,0.0,7.8949606,7.6603907,6.6137049,22.222222,22.222222,22.222222,0.0,22.222222,18.111111,13.666667,0.051020537,727.06233,0.9577212831258815,0.9999999910000028,0.9999999910000028,0.9999999910000028,0.09755359655681618,0.09892228731772912,0.0,0.0,0.08836092849190566,0.044055870462656355,0.10273859983423529,0.9999999910000028,0.9999999910000028,0.9999999910000028,0.0,0.9999999910000028,0.8149999958150024,0.6150000156150017,0.022735411530642485,1.000000000330095,34.295327,917.0474,2244.1475,2029.7341,-1566.407,-983.9889,-8989.8105,-703.95009,-966.8093,-507.73736,-1094.7766,1460.0168,3988.2856,3493.2561,-98768.982,757.25125,2290.9539,2324.843,-3642.0122,34.295327,925.112078,.
2107.0,3736.3526,22.222222,22.222222,22.222222,0.52662358,1.1675828,0.0,0.0,7.5720443,6.5538099,6.3302649,22.222222,22.222222,22.222222,0.0,22.222222,17.777778,13.444444,0.049408053,727.06233,0.9839106660771327,0.9999999910000028,0.9999999910000028,0.9999999910000028,0.09755359655681621,0.09557190096533334,0.0,0.0,0.08474682760669398,0.03769178509279883,0.09833558682151144,0.9999999910000028,0.9999999910000028,0.9999999910000028,0.0,0.9999999910000028,0.8000000108000024,0.6049999806050017,0.022016867793508213,1.000000000330095,34.888126,922.72751,2126.439,1919.2256,-1558.2934,-983.58421,-9369.7156,-705.64017,-968.25158,-534.05228,-1097.6238,1466.243,3664.9062,3168.3173,-98400.821,762.00717,2186.5476,2219.3274,-3634.0512,34.888126,919.5973889999999,.
2108.0,3797.4511,22.222222,22.222222,22.222222,0.50829956,1.1288906,0.0,0.0,7.1185093,5.7230016,6.1946594,22.222222,22.222222,22.222222,0.0,22.222222,17.333333,13.111111,0.04787615,727.06233,1.0000000110258171,0.9999999910000028,0.9999999910000028,0.9999999910000028,0.09415919090870785,0.09240477045730358,0.0,0.0,0.07967083347145079,0.03291370205793486,0.09622906416734502,0.9999999910000028,0.9999999910000028,0.9999999910000028,0.0,0.9999999910000028,0.7799999857800022,0.5899999955900016,0.021334231992751636,1.000000000330095,35.669697,924.32841,2007.8438,1807.597,-1542.1204,-984.16966,-9769.732,-706.96229,-972.12668,-559.61374,-1096.1182,1465.3852,3343.121,2845.4837,-97625.554,763.40878,2082.7946,2114.5847,-3628.3062,35.669697,914.0939669999999,.
2109.0,3797.4511,22.222222,22.111111,22.222222,0.23923123,1.0922585,0.0,0.0,4.8940409,4.8988066,5.8102777,22.222222,22.222222,22.222222,0.0,22.222222,16.888889,12.777778,0.045031075,727.06233,1.0000000110258167,0.9999999910000028,0.9949999959950029,0.9999999910000028,0.04431603099734139,0.08940626839530653,0.0,0.0,0.05477443395998222,0.028173652943211634,0.0902580028247225,0.9999999910000028,0.9999999910000028,0.9999999910000028,0.0,0.9999999910000028,0.7600000057600022,0.5750000105750016,0.020066429755379207,1.000000000330095,36.455399,920.28685,1888.5303,1695.1695,-2733.9066,-987.02393,-10179.641,-707.88757,-1198.8505,-586.7625,-1103.6901,1454.7251,3033.5806,2535.3837,-96851.297,760.17009,1978.5892,2009.471,-3632.7456,36.455399,908.5943229999999,.
2110.0,3797.4511,22.222222,21.333333,22.222222,0.47467337,1.5142838,0.0,0.0,6.5650855,4.6188747,7.9411603,22.222222,22.222222,22.222222,0.0,22.222222,16.444444,12.444444,0.052720131,727.06233,1.0000000110258171,0.9999999910000028,0.9599999859600027,0.9999999910000028,0.0879301576910862,0.12395093638499013,0.0,0.0,0.07347687718780338,0.026563729375636256,0.12335955453367996,0.9999999910000028,0.9999999910000028,0.9999999910000028,0.0,0.9999999910000028,0.7399999807400021,0.5599999805600016,0.023492772611044484,1.000000000330095,37.049106,908.21305,1768.8526,1582.1417,-1545.6462,-710.08322,-10589.915,-707.26495,-973.80687,-586.44501,-848.51386,1429.728,2742.7398,2244.4664,-95663.354,750.33476,1873.5794,1903.5557,-3136.2235,37.049106,902.997114,.
2111.0,3797.4511,22.222222,20.333333,22.222222,0.45920953,1.4547033,0.0,0.0,6.1839873,4.2672843,7.5764023,22.222222,22.222222,22.222222,0.0,22.222222,15.888889,12.0,0.051020537,727.06233,1.0000000110258171,0.9999999910000028,0.9149999859150025,0.9999999910000028,0.0850655818044934,0.11907400462009517,0.0,0.0,0.06921160057596147,0.024541688761139453,0.11769333162761463,0.9999999910000028,0.9999999910000028,0.9999999910000028,0.0,0.9999999910000028,0.7150000057150021,0.5400000005400015,0.02273541153064249,1.000000000330095,37.648412,885.48746,1649.1365,1468.8477,-1556.1272,-718.90815,-11010.29,-705.85915,-974.64441,-586.58905,-854.4752,1385.7188,2470.9999,1973.1729,-94481.54,731.75199,1767.9898,1797.1163,-3134.4151,37.648412,897.528385,.
2112.0,3797.4511,22.222222,19.333333,22.222222,0.44455145,1.4547033,0.0,0.0,5.9444347,3.6296853,7.402915,22.222222,22.222222,22.222222,0.0,22.222222,15.333333,11.555556,0.049408053,727.06233,1.000000011025817,0.9999999910000028,0.8699999858700025,0.9999999910000028,0.0823502677226258,0.11907400462009513,0.0,0.0,0.0665305118117376,0.02087477671302168,0.11499834560079297,0.9999999910000028,0.9999999910000028,0.9999999910000028,0.0,0.9999999910000028,0.689999985690002,0.5200000205200015,0.022016867793508227,1.000000000330095,38.059737,847.57315,1529.8224,1355.7665,-1523.6374,-709.85505,-11440.356,-703.27268,-972.86788,-613.33702,-849.9013,1314.3068,2218.8014,1721.9928,-93289.905,700.702,1662.1667,1690.5287,-3139.2719,38.059737,892.033192,.
2113.0,3797.4511,22.222222,18.222222,22.222222,0.43063775,0.9633567,0.0,0.0,3.8867414,3.0009633,4.925267,22.222222,22.222222,22.222222,0.0,22.222222,14.666667,11.111111,0.038977238,727.06233,1.0000000110258171,0.9999999910000028,0.8199999908200023,0.9999999910000028,0.07977284519928837,0.07885507659644382,0.0,0.0,0.04350067040384334,0.017258917408479672,0.07651007159236342,0.9999999910000028,0.9999999910000028,0.9999999910000028,0.0,0.9999999910000028,0.6600000156600019,0.4999999955000014,0.0173687616470559,1.000000000330095,38.659655,786.57452,1411.4456,1243.4045,-1537.9484,-981.85589,-11871.413,-699.14409,-1203.9612,-639.01283,-1099.3457,1200.6178,1986.5239,1491.2467,-92524.487,650.71873,1556.6194,1584.2645,-3617.9639,38.659655,886.613536,.
2114.0,3797.4511,22.222222,17.111111,22.222222,0.41741313,1.346868,0.0,0.0,5.3908584,2.6859495,6.7619126,22.222222,22.222222,22.222222,0.0,22.222222,14.0,10.555556,0.045031075,727.06233,1.000000011025817,0.9999999910000028,0.7699999957700022,0.9999999910000028,0.0773230702687826,0.11024720054918298,0.0,0.0,0.0603348487378631,0.015447233421297502,0.10504088755539627,0.9999999910000028,0.9999999910000028,0.9999999910000028,0.0,0.9999999910000028,0.6300000006300018,0.47500002047500134,0.020066429755379204,1.000000000330095,38.891845,693.17787,1294.7609,1132.5441,-1549.3904,-715.75388,-12282.872,-692.66393,-978.6418,-640.63174,-858.8543,1027.8702,1774.7282,1281.5876,-90526.326,574.15787,1451.9413,1478.9628,-3132.4899,38.891845,881.1796459999999,.
2115.0,3797.4511,22.222222,15.888889,22.222222,0.40482765,1.2979175,0.0,0.0,3.4615612,2.1178241,4.4562046,22.222222,22.222222,22.222222,0.0,22.222222,13.333333,10.0,0.043707735,727.06233,1.0000000110258171,0.9999999910000028,0.7150000057150021,0.9999999910000028,0.0749916918705843,0.10624038207069603,0.0,0.0,0.038742025091747144,0.012179872785377877,0.06922356350959635,0.9999999910000028,0.9999999910000028,0.9999999910000028,0.0,0.9999999910000028,0.5999999856000017,0.45000000045000127,0.01947673232638192,1.000000000330095,38.935098,582.68233,1180.5961,1024.0134,-1530.6066,-711.03109,-12684.493,-683.84765,-1206.3357,-666.07581,-1106.137,831.87791,1583.8009,1093.3282,-88934.887,483.38961,1348.8396,1375.3456,-3123.9714,38.935098,875.775855,.
2116.0,3797.4511,22.222222,14.666667,22.222222,0.39283606,1.2518838,0.0,0.0,3.2018214,1.6195503,4.283584,22.222222,21.777778,22.222222,0.0,22.222222,12.555556,9.4444444,0.042444517,727.06233,1.0000000110258171,0.9999999910000028,0.6600000156600019,0.9999999910000028,0.07277032773619678,0.1024723167844758,0.0,0.0,0.03583499983131684,0.009314237487202351,0.06654204097197217,0.9999999910000028,0.9800000109800029,0.9999999910000028,0.0,0.9999999910000028,0.5650000205650015,0.4249999984250012,0.01891382603860775,1.000000000330095,38.79145,476.21002,1070.1647,919.01144,-1526.1161,-704.79357,-13057.082,-671.90403,-1207.4865,-692.31826,-1101.379,657.64459,1414.1722,926.94136,-86930.123,395.58368,1248.3439,1274.4702,-3119.5409,38.79145,870.5309,.
2117.0,3797.4511,22.222222,13.555556,22.222222,0.37047397,1.2085138,0.0,0.0,4.6196716,1.6666038,5.9348226,22.222222,19.888889,22.222222,0.0,22.222222,11.888889,8.8888889,0.051020537,727.06233,1.000000011025817,0.9999999910000028,0.6100000206100017,0.9999999910000028,0.06862789585719277,0.09892228731772912,0.0,0.0,0.05170367435445939,0.009584848084232935,0.09219270793115907,0.9999999910000028,0.8950000058950025,0.9999999910000028,0.0,0.9999999910000028,0.5350000055350016,0.4000000009000011,0.02273541153064247,1.000000000330095,38.282168,375.40982,965.12259,819.21628,-1550.7152,-716.50686,-13370.897,-655.28533,-981.05486,-667.3677,-863.41986,505.64261,1266.3142,782.95442,-84542.062,312.14651,1151.9216,1177.7605,-2631.442,38.282168,865.33069,.
2118.0,3797.4511,22.222222,12.333333,22.222222,0.36003204,1.1675828,0.0,0.0,4.361203,1.4369828,5.6891203,22.222222,18.222222,22.222222,0.0,22.222222,11.111111,8.3333333,0.049408053,727.06233,1.0000000110258171,0.9999999910000028,0.5549999855550015,0.9999999910000028,0.06669359616917934,0.0955719009653333,0.0,0.0,0.0488108764496791,0.008264268830813715,0.08837591981319348,0.9999999910000028,0.8199999908200023,0.9999999910000028,0.0,0.9999999910000028,0.4999999955000014,0.374999998875001,0.022016867793508227,1.000000000330095,37.577647,282.62589,867.81451,726.97099,-1528.5282,-709.96232,-13605.676,-633.95208,-978.03676,-667.82749,-860.02482,376.39864,1140.7513,661.8567,-81719.13,235.10002,1061.6881,1087.2473,-2617.7493,37.577647,860.0600599999999,.
2119.0,3797.4511,22.222222,11.222222,20.888889,0.35004035,1.1675828,0.0,0.0,4.1172916,0.97731003,5.571214,22.222222,17.0,21.333333,0.0,22.222222,10.444444,7.7777778,0.04787615,727.06233,1.000000011025817,0.9999999910000028,0.5049999905050014,0.9400000059400027,0.06484270051581571,0.09557190096533336,0.0,0.0,0.046081003703542726,0.005620632911521707,0.08654434003199776,0.9999999910000028,0.7650000007650022,0.9599999859600027,0.0,0.9999999910000028,0.46999998047000136,0.350000001350001,0.021334231992751647,1.000000000330095,36.323798,201.6384,782.03009,646.07612,-1528.4772,-706.92021,-13727.629,-605.36941,-983.01598,-693.76414,-854.52582,270.86885,1038.4197,564.62472,-78510.997,167.67998,980.88994,1006.1902,-2629.3156,36.323798,854.91082,.
2120.0,3797.4511,22.222222,10.444444,19.222222,0.40482765,1.2085138,0.0,0.0,3.8126725,1.0167331,5.0261567,22.222222,16.0,18.888889,0.0,22.222222,10.0,7.4444444,0.04787615,727.06233,1.000000011025817,0.9999999910000028,0.46999998047000136,0.8649999908650023,0.07499169187058426,0.0989222873177291,0.0,0.0,0.04267168630778922,0.005847359945843885,0.07807731214397855,0.9999999910000028,0.720000000720002,0.8500000058500023,0.0,0.9999999910000028,0.45000000045000127,0.33499999833500094,0.021334231992751643,1.000000000330095,34.182904,137.77758,713.06141,581.83039,-1328.9447,-653.51762,-13675.478,-567.04521,-986.48837,-671.2491,-886.05277,190.31101,960.5003,492.43744,-74637.565,114.45143,914.06417,939.1258,-2535.6707,34.182904,849.7572399999999,.
2121.0,3797.4511,22.222222,9.8888889,18.111111,0.40482765,1.2518838,0.0,0.0,4.0390122,1.056605,5.3446448,21.555556,15.555556,17.444444,0.0,22.222222,9.6666667,7.1111111,0.049408053,727.06233,1.0000000110258171,0.9999999910000028,0.44500000094500125,0.8149999958150024,0.07499169187058434,0.10247231678447573,0.0,0.0,0.04520489540912139,0.00607666825795126,0.0830247692731689,0.9700000209700027,0.700000020700002,0.7849999807850022,0.0,0.9999999910000028,0.43500000193500127,0.3199999998200009,0.02201686779350823,1.000000000330095,31.074775,93.262722,663.15588,536.45886,-1264.5546,-623.54038,-13363.563,-514.59322,-933.82128,-648.30052,-829.14674,134.30167,906.584,444.89684,-69828.251,77.344507,863.13913,888.02197,-2413.8999,31.074775,844.69549,.
2122.0,3797.4511,16.888889,9.6666667,17.666667,0.44455145,1.346868,0.0,0.0,4.6196716,1.3057064,5.6891203,16.0,15.444444,16.888889,0.0,16.888889,9.4444444,7.0,0.052720131,727.06233,1.000000011025817,0.7600000057600022,0.43500000193500127,0.7950000157950022,0.0823502677226258,0.110247200549183,0.0,0.0,0.05170367435445941,0.007509281742073722,0.08837591981319348,0.720000000720002,0.694999980695002,0.7600000057600022,0.0,0.7600000057600022,0.4249999984250012,0.3150000003150009,0.023492772611044488,1.000000000330095,26.339646,66.250883,630.44029,508.10429,-1142.6485,-567.26837,-12663.828,-440.29109,-846.03377,-605.2609,-761.45652,100.52995,874.26456,419.62681,-63853.56,54.822804,826.4996,851.32555,-2218.8239,26.339646,839.68971,.
2123.0,3489.7263,13.777778,9.6666667,17.666667,0.47467337,1.3990216,0.0,0.0,5.1858247,1.9616201,6.6137049,13.777778,15.666667,17.111111,0.0,13.777778,9.4444444,7.0,0.058418389,727.06233,0.918965444604957,0.6200000106200018,0.43500000193500127,0.7950000157950022,0.08793015769108616,0.11451620716197783,0.0,0.0,0.05804009781736691,0.011281523933569472,0.1027385998342353,0.6200000106200018,0.705000015705002,0.7699999957700022,0.0,0.6200000106200018,0.4249999984250012,0.3150000003150009,0.02603199011551285,1.000000000330095,18.853178,53.891385,612.06959,493.9198,-1065.9662,-518.01715,-11379.861,-328.97648,-762.73061,-536.70737,-665.8124,85.362463,859.90397,412.96745,-56168.0,44.511116,801.84264,826.67126,-1973.4103,18.853178,834.6516399999999,.
2124.0,2060.7764,13.555556,9.7777778,18.111111,0.6123921,1.8011155,0.0,0.0,7.7313361,3.6296853,8.7509411,13.777778,16.111111,18.0,0.0,13.555556,9.5555555,7.1111111,0.070533427,727.06233,0.5426735903779626,0.6100000206100017,0.4400000014400013,0.8149999958150024,0.11344165762190414,0.14742940046147213,0.0,0.0,0.08652963211481872,0.020874776713021702,0.1359388496220724,0.6200000106200018,0.7249999957250021,0.8100000008100023,0.0,0.6100000206100017,0.42999999793000127,0.3199999998200009,0.031430607825855085,1.000000000330095,8.061618,51.711745,603.58401,489.48071,-802.14969,-411.06579,-9175.4053,-173.84455,-577.64385,-428.67321,-517.09544,83.113125,857.81958,419.20902,-45804.471,42.682621,785.50332,810.35639,-1625.2873,8.061618,829.75096,.
2125.0,855.99377,14.555556,10.111111,18.666667,1.4681617,4.5155496,0.0,1949.7698,27.129274,24.440539,24.360536,14.777778,16.777778,19.222222,0.0,14.555556,9.6666667,7.2222222,0.22682185,727.06233,0.22541271945227437,0.6550000206550018,0.45499999545500125,0.8400000158400024,0.271967415819036,0.36961803409167276,0.0,0.19055944340688405,0.30363265396806627,0.1405606139934221,0.37842138373175405,0.6650000106650019,0.7550000107550022,0.8649999908650023,0.0,0.6550000206550018,0.43500000193500127,0.3249999993250009,0.10107475160231377,1.000000000330095,1.8016896,53.30718,598.56296,488.33882,-326.44125,-141.31215,-2587.3104,-40.497374,-179.91606,-120.78037,-171.81832,85.665334,859.8352,430.19951,-14808.75,43.999777,772.12724,797.04324,-562.14632,1.8016896,824.8332499999999,148513.48
2126.0,939.09786,15.555556,10.333333,19.222222,2.4055032,7.4177642,2.8142575,1928.3044,67.258106,122.02103,48.460942,15.888889,17.333333,20.333333,0.0,15.555556,9.8888889,7.3333333,0.46451908,727.06233,0.24729689616130177,0.700000020700002,0.46499998546500126,0.8649999908650023,0.44560383849300933,0.6071773458007389,0.010824067307525784,0.18846153693787074,0.7527572328564895,0.701758291701741,0.7528018566005396,0.7150000057150021,0.7799999857800022,0.9149999859150025,0.0,0.700000020700002,0.44500000094500125,0.3299999988300009,0.2069957132680794,1.000000000330095,1.8641443,54.951094,593.26334,486.74473,-169.61015,-79.093795,-203.80401,-40.618372,-40.417563,-13.373548,-54.54469,88.303457,861.16691,441.07953,-6357.232,45.356749,758.56888,783.62513,-303.08203,1.8641443,821.4871099999999,-0.0
2127.0,939.09786,16.666667,10.666667,19.777778,2.7453196,7.4177642,1.8999903,1903.2615,67.258106,122.02103,48.460942,17.0,18.0,21.666667,0.0,16.666667,10.0,7.5555555,0.46451908,727.06233,0.2472968961613017,0.7500000157500022,0.4800000154800014,0.8900000108900026,0.5085526186995273,0.6071773458007389,0.007307654999887576,0.1860139859063107,0.7527572328564894,0.7017582917017412,0.7528018566005398,0.7650000007650022,0.8100000008100023,0.9750000159750027,0.0,0.7500000157500022,0.45000000045000127,0.33999999784000096,0.2069957132680794,1.000000000330095,1.9246664,56.612331,587.68773,484.75582,-158.94546,-78.413924,-209.95831,-40.747696,-40.84594,-13.460444,-53.965596,90.954375,861.77628,451.8111,-6363.7646,46.728362,744.82562,770.11495,-302.25807,1.9246664,819.1537199999999,-0.0
2128.0,939.09786,17.888889,10.888889,20.333333,2.7453196,7.4177642,1.1305,1881.7961,67.258106,122.02103,48.460942,18.111111,18.555556,22.222222,0.0,17.888889,10.111111,7.6666667,0.38540023,727.06233,0.2472968961613017,0.8050000058050022,0.49000000549000144,0.9149999859150025,0.5085526186995272,0.607177345800739,0.004348076923010025,0.18391607943729846,0.7527572328564895,0.701758291701741,0.7528018566005398,0.8149999958150024,0.8350000208350024,0.9999999910000028,0.0,0.8050000058050022,0.45499999545500125,0.345000001845001,0.1717393298517077,1.000000000330095,1.9831955,58.326095,581.83565,482.34119,-148.71711,-77.564408,-216.29656,-40.875682,-40.562755,-13.870156,-53.952481,93.699555,861.60668,462.18374,-6375.7863,48.143122,730.83139,756.525,-297.66888,1.9831955,817.88177,-0.0
2129.0,1021.1613,19.111111,11.111111,20.888889,2.4055032,7.4177642,0.27224494,1867.4859,67.258106,122.02103,48.460942,19.333333,19.222222,22.222222,0.0,19.111111,10.222222,7.7777778,0.38540023,727.06233,0.26890703378883213,0.8599999958600025,0.4999999955000014,0.9400000059400027,0.4456038384930092,0.6071773458007392,0.0010470959230608143,0.18251748164024464,0.7527572328564897,0.7017582917017411,0.7528018566005392,0.8699999858700025,0.8649999908650023,0.9999999910000028,0.0,0.8599999958600025,0.4599999904600013,0.350000001350001,0.1717393298517077,1.000000000330095,2.042799,60.047476,575.70214,479.48147,-154.97947,-76.852171,-223.04937,-41.006356,-41.431048,-14.411009,-53.410566,96.443963,860.59939,472.03255,-6379.5884,49.564455,716.5663,742.86114,-295.1869,2.042799,817.16687,-0.0
2130.0,1021.1613,20.333333,11.333333,21.444444,2.4055032,6.4044543,0.0,1853.1757,61.969803,110.0201,44.651042,20.666667,19.777778,22.222222,0.0,20.333333,10.333333,7.8888889,0.38540023,727.06233,0.2689070337888321,0.9149999859150025,0.5099999855100014,0.9649999809650027,0.4456038384930094,0.5242333752232421,0.0,0.18111888384319078,0.6935701910330595,0.6327394337587114,0.6936181165596963,0.9300000159300027,0.8900000108900026,0.9999999910000028,0.0,0.9149999859150025,0.46499998546500126,0.35500000085500105,0.17173932985170773,1.000000000330095,2.1108441,61.790954,569.29017,476.20448,-158.57891,-77.360273,-230.30489,-41.145259,-42.958087,-14.976039,-56.73524,99.219778,858.69024,481.08636,-6392.8688,51.004127,702.0926,729.14137,-301.30616,2.1108441,816.89902,-0.0
2131.0,1021.1613,21.777778,11.666667,21.888889,2.4055032,6.4044543,0.0,1838.8654,63.492382,110.0201,44.651042,22.0,20.333333,22.222222,0.0,21.777778,10.444444,8.0,0.38540023,727.06233,0.2689070337888321,0.9800000109800029,0.5250000155250015,0.9850000059850027,0.4456038384930092,0.5242333752232419,0.0,0.17972027627270473,0.7106109973091893,0.632739433758711,0.6936181165596956,0.9900000009900028,0.9149999859150025,0.9999999910000028,0.0,0.9800000109800029,0.46999998047000136,0.360000000360001,0.17173932985170776,1.000000000330095,2.1725368,63.576239,562.6103,472.48329,-161.87342,-75.59007,-237.74613,-41.286194,-41.450928,-15.015471,-56.245871,102.06847,855.80053,488.93235,-6398.5409,52.47819,687.56603,715.39558,-296.96636,2.1725368,816.9857599999999,-0.0
2132.0,1102.184,22.222222,11.888889,22.222222,2.1381179,6.4044543,0.0,1817.4001,61.969803,110.0201,44.651042,22.222222,20.888889,22.222222,0.0,22.222222,10.555556,8.1111111,0.38540023,727.06233,0.2902431086347574,0.9999999910000028,0.5350000055350016,0.9999999910000028,0.39607244895397037,0.5242333752232418,0.0,0.1776223795771247,0.6935701910330598,0.6327394337587118,0.6936181165596962,0.9999999910000028,0.9400000059400027,0.9999999910000028,0.0,0.9999999910000028,0.47500002047500134,0.36499999986500103,0.1717393298517078,1.000000000330095,2.2449508,65.369767,555.65614,468.37321,-174.32336,-76.652882,-245.65819,-41.429731,-46.117834,-15.86365,-57.878968,104.92578,851.87067,495.07725,-6410.1444,53.959135,672.9747,701.62915,-303.62557,2.2449508,817.48614,-0.0
2133.0,1102.184,22.222222,12.111111,22.222222,2.1381179,6.4044543,0.0,1799.5123,61.969803,100.0765,44.651042,22.222222,21.444444,22.222222,0.0,22.222222,10.666667,8.1111111,0.3288173,727.06233,0.2902431086347574,0.9999999910000028,0.5449999955450016,0.9999999910000028,0.39607244895397015,0.524233375223242,0.0,0.175874127444092,0.6935701910330602,0.57555253942283,0.6936181165596963,0.9999999910000028,0.9649999809650027,0.9999999910000028,0.0,0.9999999910000028,0.4800000154800014,0.36499999986500103,0.1465252440187904,1.000000000330095,2.3134488,67.187437,548.43648,463.863,-165.46881,-75.991364,-254.09959,-41.577506,-44.891317,-15.999495,-58.13034,107.81947,846.88066,499.9349,-6414.7677,55.460086,658.36341,687.86078,-298.66202,2.3134488,817.95641,-0.0
2134.0,1182.166,22.222222,12.333333,22.222222,2.4055032,6.4044543,0.0,1781.6245,57.409343,100.0765,44.651042,22.222222,22.0,22.222222,0.0,22.222222,10.777778,8.2222222,0.38540023,727.06233,0.311305131232459,0.9999999910000028,0.5549999855550015,0.9999999910000028,0.4456038384930092,0.5242333752232418,0.0,0.1741258753110588,0.6425292168766853,0.5755525394228294,0.6936181165596956,0.9999999910000028,0.9900000009900028,0.9999999910000028,0.0,0.9999999910000028,0.48500001048500135,0.369999999370001,0.17173932985170784,1.000000000330095,2.3797041,69.012504,540.94716,458.94562,-142.68571,-75.074346,-262.70761,-41.719647,-45.125948,-16.520603,-55.967663,110.72214,840.79705,504.11725,-6417.4318,56.967206,643.7124,674.09619,-287.18787,2.3797041,818.70048,-0.0
2135.0,1182.166,22.222222,12.555556,22.222222,2.4055032,6.4044543,0.0,1760.1591,57.409343,100.0765,41.365449,22.222222,22.222222,22.222222,0.0,22.222222,10.888889,8.3333333,0.3288173,727.06233,0.311305131232459,0.9999999910000028,0.5650000205650015,0.9999999910000028,0.44560383849300944,0.5242333752232418,0.0,0.17202796884204574,0.6425292168766852,0.57555253942283,0.6425790651431192,0.9999999910000028,0.9999999910000028,0.9999999910000028,0.0,0.9999999910000028,0.49000000549000144,0.374999998875001,0.14652524401879047,1.000000000330095,2.4514855,70.838713,533.19012,453.64498,-146.49901,-75.318138,-271.9439,-41.865073,-46.402924,-16.95786,-57.143507,113.61879,833.59418,507.48023,-6421.6277,58.475444,629.01976,660.34593,-287.97927,2.4514855,819.57679,-0.0
2136.0,1261.1073,22.222222,12.777778,22.222222,1.9222363,6.4044543,0.0,1745.8489,53.436138,91.702961,41.365449,22.222222,22.222222,22.222222,0.0,22.222222,10.888889,8.4444444,0.3288173,727.06233,0.3320931015819369,0.9999999910000028,0.5750000105750016,0.9999999910000028,0.3560817852042765,0.524233375223242,0.0,0.17062937104499212,0.5980608400631668,0.5273952633849377,0.6425790651431196,0.9999999910000028,0.9999999910000028,0.9999999910000028,0.0,0.9999999910000028,0.49000000549000144,0.3799999983800011,0.1465252440187904,1.000000000330095,2.5291922,72.666798,525.16629,447.93796,-167.03286,-74.977556,-281.72212,-42.01877,-47.858505,-17.698573,-59.532917,116.51277,825.23862,509.84183,-6425.5836,59.985374,614.26839,646.62072,-296.70673,2.5291922,820.5183,-0.0
2137.0,1261.1073,22.222222,13.0,22.222222,2.1381179,5.6277815,0.0,1720.806,53.436138,91.702961,41.365449,22.222222,22.222222,22.222222,0.0,22.222222,11.0,8.5555555,0.3288173,727.06233,0.3320931015819369,0.9999999910000028,0.5850000005850017,0.9999999910000028,0.3960724489539703,0.46065921506597635,0.0,0.1681818200134324,0.5980608400631662,0.5273952633849375,0.6425790651431192,0.9999999910000028,0.9999999910000028,0.9999999910000028,0.0,0.9999999910000028,0.4950000004950014,0.3849999978850011,0.14652524401879038,1.000000000330095,2.5969162,74.473653,516.88605,441.84076,-145.84713,-73.907305,-291.68051,-42.161213,-46.946315,-18.164862,-57.880633,119.3613,815.71462,510.86585,-6426.274,61.478036,599.51005,632.94235,-286.60414,2.5969162,821.3887299999999,-0.0
2138.0,1339.008,22.222222,13.222222,22.222222,1.9222363,5.6277815,0.0,1699.3406,53.436138,84.554824,38.5029,22.222222,22.222222,22.222222,0.0,22.222222,11.111111,8.6666667,0.28634206,727.06233,0.3526070460166445,0.9999999910000028,0.5949999905950017,0.9999999910000028,0.3560817852042765,0.4606592150659767,0.0,0.16608391354441912,0.5980608400631663,0.4862854283837909,0.5981116628831716,0.9999999910000028,0.9999999910000028,0.9999999910000028,0.0,0.9999999910000028,0.4999999955000014,0.3900000018900011,0.12759772741380437,1.000000000330095,2.6781493,76.238001,508.35271,435.3578,-165.43244,-74.729808,-302.52102,-42.318373,-49.268945,-18.685941,-60.004284,122.12602,805.0308,510.16683,-6426.1055,62.935978,584.77886,619.32019,-294.6341,2.6781493,822.4177199999999,-0.0
2139.0,1415.8679,22.222222,13.333333,22.222222,2.1381179,5.6277815,0.0,1688.6079,53.436138,84.554824,38.5029,22.222222,22.222222,22.222222,0.0,22.222222,11.111111,8.6666667,0.3288173,727.06233,0.372846911869675,0.9999999910000028,0.5999999856000017,0.9999999910000028,0.3960724489539703,0.4606592150659769,0.0,0.16503496030991313,0.598060840063167,0.4862854283837907,0.5981116628831711,0.9999999910000028,0.9999999910000028,0.9999999910000028,0.0,0.9999999910000028,0.4999999955000014,0.3900000018900011,0.1465252440187905,1.000000000330095,2.7469916,77.9667,499.57341,428.49894,-143.45246,-74.317062,-313.53452,-42.459185,-48.13823,-19.304034,-59.498148,124.82763,793.24977,508.0568,-6426.7318,64.364639,570.09924,605.76095,-282.13495,2.7469916,823.3107,-0.0
2140.0,1415.8679,22.222222,13.555556,22.222222,2.1381179,5.6277815,0.0,1667.1426,49.943619,78.38144,38.5029,22.222222,22.222222,22.222222,0.0,22.222222,11.222222,8.7777778,0.28634206,727.06233,0.3728469118696749,0.9999999910000028,0.6100000206100017,0.9999999910000028,0.3960724489539702,0.46065921506597646,0.0,0.1629370636143327,0.5589723331977083,0.45078152049300463,0.5981116628831711,0.9999999910000028,0.9999999910000028,0.9999999910000028,0.0,0.9999999910000028,0.5049999905050014,0.39500000139500113,0.12759772741380435,1.000000000330095,2.8217704,79.612818,490.55198,421.27127,-142.75932,-73.072684,-325.26352,-42.604407,-47.712733,-19.874579,-59.717008,127.37698,780.46574,504.94574,-6421.181,65.72558,555.43283,592.26294,-283.99082,2.8217704,824.24118,-0.0
2141.0,1491.6872,22.222222,13.666667,22.222222,1.9222363,5.6277815,0.0,1559.8158,49.943619,78.38144,35.986632,22.222222,22.222222,22.222222,0.0,22.222222,11.222222,8.8888889,0.28634206,727.06233,0.39281275180793507,0.9999999910000028,0.6150000156150017,0.9999999910000028,0.3560817852042765,0.4606592150659767,0.0,0.15244755081613381,0.5589723331977084,0.45078152049300463,0.5590234581573011,0.9999999910000028,0.9999999910000028,0.9999999910000028,0.0,0.9999999910000028,0.5049999905050014,0.4000000009000011,0.1275977274138044,1.000000000330095,2.9036142,81.167169,481.29611,413.68413,-155.3808,-73.983725,-337.52276,-42.746038,-51.358594,-20.681485,-60.575687,129.76613,766.8385,500.69486,-6417.4565,67.011084,540.79007,578.81961,-282.75911,2.9036142,825.27892,-0.0
2142.0,1566.4657,22.222222,13.888889,22.222222,1.9222363,5.6277815,0.0,1534.7729,49.943619,72.996154,35.986632,22.222222,22.222222,22.222222,0.0,22.222222,11.222222,8.8888889,0.28634206,727.06233,0.4125045131645182,0.9999999910000028,0.6250000056250018,0.9999999910000028,0.35608178520427636,0.4606592150659767,0.0,0.14999999978457418,0.5589723331977089,0.4198100633295523,0.559023458157301,0.9999999910000028,0.9999999910000028,0.9999999910000028,0.0,0.9999999910000028,0.5049999905050014,0.4000000009000011,0.1275977274138044,1.000000000330095,2.9777698,82.547854,471.8164,405.75737,-143.02606,-70.993841,-350.08373,-42.87119,-49.015375,-21.083719,-59.042941,131.8344,752.46728,495.40464,-6407.1544,68.154212,526.19085,565.43339,-275.75018,2.9777698,826.2719299999999,-0.0
2143.0,1566.4657,22.222222,14.0,22.222222,1.9222363,5.6277815,0.0,1516.8851,46.849529,70.858752,35.986632,22.222222,22.222222,22.222222,0.0,22.222222,11.222222,9.0,0.28634206,727.06233,0.4125045131645182,0.9999999910000028,0.6300000006300018,0.9999999910000028,0.35608178520427636,0.4606592150659768,0.0,0.148251747651541,0.524343070419941,0.4075175955787073,0.5590234581573008,0.9999999910000028,0.9999999910000028,0.9999999910000028,0.0,0.9999999910000028,0.5049999905050014,0.40500000040500117,0.12759772741380435,1.000000000330095,3.0562014,83.698533,462.12281,397.49471,-139.81969,-70.729005,-363.31054,-42.992125,-50.75523,-21.776966,-59.180711,133.48518,737.34915,489.14638,-6398.8182,69.108611,511.63196,552.11966,-276.55747,3.0562014,827.1147599999999,-0.0
2144.0,1640.2036,22.222222,14.111111,22.222222,1.9222363,5.0135203,0.0,1498.9973,46.849529,68.257107,35.986632,22.222222,22.222222,22.222222,0.0,22.222222,11.222222,9.0,0.28634206,727.06233,0.43192224860633094,0.9999999910000028,0.6349999956350018,0.9999999910000028,0.3560817852042764,0.41037917447849404,0.0,0.1465034955185073,0.5243430704199407,0.39255520794098325,0.559023458157301,0.9999999910000028,0.9999999910000028,0.9999999910000028,0.0,0.9999999910000028,0.5049999905050014,0.40500000040500117,0.12759772741380435,1.000000000330095,3.1316501,84.521838,452.23531,388.92555,-137.99427,-69.703528,-377.02939,-43.100676,-51.739296,-22.217411,-58.99307,134.53826,721.50612,481.88351,-6382.2139,69.794475,497.13207,538.90295,-272.33071,3.1316501,827.9232,-0.0
2145.0,1712.9008,22.222222,14.222222,22.222222,1.9222363,5.0135203,0.0,1484.6871,44.089368,64.054559,33.757395,22.222222,22.222222,22.222222,0.0,22.222222,11.222222,9.1111111,0.25328318,727.06233,0.45106593179991966,0.9999999910000028,0.6399999906400018,0.9999999910000028,0.3560817852042765,0.41037917447849376,0.0,0.14510489772145435,0.4934511634043256,0.3683858257838699,0.524394049748306,0.9999999910000028,0.9999999910000028,0.9999999910000028,0.0,0.9999999910000028,0.5049999905050014,0.4099999999100012,0.11286626267947339,1.000000000330095,3.2056491,84.856926,442.15953,380.06086,-139.39779,-72.383662,-391.14373,-43.191611,-51.795832,-23.1568,-61.528803,134.70077,704.98259,473.71264,-6376.1133,70.079818,482.72277,525.78708,-276.46493,3.2056491,828.62952,-0.0
2146.0,1784.5573,22.222222,14.333333,22.222222,1.9222363,5.0135203,0.0,1459.6442,44.089368,60.302287,33.757395,22.222222,22.222222,22.222222,0.0,22.222222,11.222222,9.1111111,0.25328318,727.06233,0.4699355627452851,0.9999999910000028,0.6449999856450018,0.9999999910000028,0.3560817852042765,0.4103791744784938,0.0,0.1426573466898944,0.4934511634043255,0.3468060375398252,0.5243940497483062,0.9999999910000028,0.9999999910000028,0.9999999910000028,0.0,0.9999999910000028,0.5049999905050014,0.4099999999100012,0.11286626267947342,1.000000000330095,3.2804448,84.523864,431.92331,370.90065,-133.25547,-69.663311,-405.78735,-43.260912,-51.931588,-23.697962,-60.025906,133.65378,687.87584,464.72932,-6351.4434,69.816858,468.37984,512.79478,-272.00032,3.2804448,829.3102399999999,-0.0
2147.0,1854.7628,22.222222,14.444444,22.222222,1.7442847,5.0135203,0.0,1438.1788,41.611844,60.302287,31.768725,22.222222,22.222222,22.222222,0.0,22.222222,11.222222,9.2222222,0.25328318,727.06233,0.488423095283643,0.9999999910000028,0.6499999806500019,0.9999999910000028,0.32311740751150403,0.410379174478494,0.0,0.14055944022088154,0.4657225486470871,0.3468060375398249,0.49350165669152646,0.9999999910000028,0.9999999910000028,0.9999999910000028,0.0,0.9999999910000028,0.5049999905050014,0.41499999941500115,0.11286626267947343,1.000000000330095,3.3485403,83.776088,421.5409,361.47821,-147.40082,-67.233116,-420.60567,-43.305001,-54.325156,-24.620886,-62.470334,132.00972,670.34203,455.06468,-6327.8541,69.210057,454.14504,499.92234,-269.46172,3.3485403,829.94499,-0.0
2148.0,1855.1731,22.222222,14.555556,22.222222,1.9222363,5.0135203,0.0,1427.4461,41.611844,56.931604,31.768725,22.222222,22.222222,22.222222,0.0,22.222222,11.222222,9.2222222,0.25328318,727.06233,0.4885311414424267,0.9999999910000028,0.6550000206550018,0.9999999910000028,0.3560817852042764,0.41037917447849376,0.0,0.139510486986375,0.4657225486470869,0.32742081563219055,0.4935016566915261,0.9999999910000028,0.9999999910000028,0.9999999910000028,0.0,0.9999999910000028,0.5049999905050014,0.41499999941500115,0.11286626267947342,1.000000000330095,3.4109678,82.958844,411.04902,351.84461,-130.81843,-64.629087,-435.5988,-43.303357,-52.995209,-25.25118,-61.292981,130.513,652.50063,444.87369,-6301.8571,68.539843,440.03821,487.19522,-265.58422,3.4109678,830.52109,-0.0
2149.0,1924.7482,22.222222,14.555556,22.222222,1.7442847,5.0135203,0.0,1405.9808,41.611844,53.887118,31.768725,22.222222,22.222222,22.222222,0.0,22.222222,11.222222,9.3333333,0.25328318,727.06233,0.5068526678913446,0.9999999910000028,0.6550000206550018,0.9999999910000028,0.323117407511504,0.4103791744784936,0.0,0.1374125902907951,0.46572254864708684,0.3099115937015952,0.49350165669152646,0.9999999910000028,0.9999999910000028,0.9999999910000028,0.0,0.9999999910000028,0.5049999905050014,0.41999999892000117,0.11286626267947349,1.000000000330095,3.4749026,82.043142,400.48841,342.02326,-133.94885,-67.562506,-450.6968,-43.261235,-51.40131,-25.595623,-59.625776,129.06237,634.42358,434.20413,-6271.1706,67.78347,426.07404,474.64646,-260.72269,3.4749026,830.96443,-0.0
2150.0,1993.2826,22.222222,14.666667,22.222222,1.7442847,4.5155496,0.0,1388.093,39.375661,51.123663,31.768725,22.222222,22.222222,22.222222,0.0,22.222222,11.111111,9.3333333,0.22682185,727.06233,0.5249001420920387,0.9999999910000028,0.6600000156600019,0.9999999910000028,0.32311740751150403,0.3696180340916726,0.0,0.135664338157762,0.44069503854680664,0.29401861640092297,0.49350165669152657,0.9999999910000028,0.9999999910000028,0.9999999910000028,0.0,0.9999999910000028,0.4999999955000014,0.41999999892000117,0.10107475160231379,1.000000000330095,3.5249149,81.004398,389.91715,332.08174,-134.60343,-66.648998,-465.33649,-43.155698,-54.85387,-26.260552,-58.82849,127.54143,616.2333,423.22024,-6234.1812,66.922646,412.29679,462.31599,-258.44137,3.5249149,831.3276199999999,-0.0
2151.0,2060.7764,22.222222,14.666667,22.222222,1.7442847,4.5155496,0.0,1370.2052,37.34719,48.604043,29.983677,22.222222,22.222222,22.222222,0.0,22.222222,11.111111,9.3333333,0.22682185,727.06233,0.5426735903779626,0.9999999910000028,0.6600000156600019,0.9999999910000028,0.3231174075115041,0.36961803409167243,0.0,0.13391608602472876,0.41799225508023596,0.27952796485554965,0.4657723680507675,0.9999999910000028,0.9999999910000028,0.9999999910000028,0.0,0.9999999910000028,0.4999999955000014,0.41999999892000117,0.10107475160231373,1.000000000330095,3.5715893,79.760318,379.41946,322.1277,-130.82159,-68.18005,-479.44206,-42.968608,-53.982184,-27.158254,-61.124526,125.67993,598.05063,412.03139,-6191.1382,65.892587,398.7693,450.26703,-260.83409,3.5715893,831.80238,-0.0
2152.0,2127.2294,22.222222,14.666667,22.222222,1.5950741,4.5155496,0.0,1352.3174,37.34719,46.29735,29.983677,22.222222,22.222222,22.222222,0.0,22.222222,11.0,9.4444444,0.22682185,727.06233,0.5601729600822095,0.9999999910000028,0.6600000156600019,0.9999999910000028,0.2954771133294614,0.36961803409167254,0.0,0.13216783389169517,0.4179922550802357,0.26626188326977424,0.46577236805076777,0.9999999910000028,0.9999999910000028,0.9999999910000028,0.0,0.9999999910000028,0.4950000004950014,0.4249999984250012,0.1010747516023137,1.000000000330095,3.5903575,78.244673,369.10967,312.31907,-131.69775,-65.171994,-492.22975,-42.670751,-55.643887,-27.454111,-59.427273,123.20648,579.99433,400.72566,-6135.815,64.642403,385.60371,438.58894,-253.25842,3.5903575,832.1277799999999,-0.0
2153.0,2127.2294,22.222222,14.777778,22.222222,1.5950741,4.5155496,0.0,1341.5847,35.498777,46.29735,28.372499,22.222222,22.222222,22.222222,0.0,22.222222,11.0,9.4444444,0.22682185,727.06233,0.5601729600822094,0.9999999910000028,0.6650000106650019,0.9999999910000028,0.2954771133294614,0.36961803409167276,0.0,0.13111888065718902,0.3973046928248262,0.266261883269774,0.44074401037431243,0.9999999910000028,0.9999999910000028,0.9999999910000028,0.0,0.9999999910000028,0.4950000004950014,0.4249999984250012,0.10107475160231377,1.000000000330095,3.5893975,76.652579,359.0518,302.66295,-136.80554,-64.314825,-502.85489,-42.213508,-55.742506,-27.907393,-61.736317,120.50843,562.15543,389.43113,-6070.1865,63.331579,372.8465,427.33368,-250.09734,3.5893975,832.36154,-0.0
2154.0,2192.6418,22.222222,14.777778,22.222222,1.5950741,4.5155496,0.0,1330.852,35.498777,44.177687,28.372499,22.222222,22.222222,22.222222,0.0,22.222222,10.888889,9.4444444,0.22682185,727.06233,0.5773983038716857,0.9999999910000028,0.6650000106650019,0.9999999910000028,0.29547711332946136,0.3696180340916725,0.0,0.1300699274226823,0.397304692824826,0.25407143473919397,0.44074401037431243,0.9999999910000028,0.9999999910000028,0.9999999910000028,0.0,0.9999999910000028,0.49000000549000144,0.4249999984250012,0.10107475160231373,1.000000000330095,3.553511,75.127677,349.22994,293.09467,-126.91353,-61.110259,-510.06153,-41.511562,-54.984498,-28.230431,-60.455917,117.95152,544.58416,378.17525,-5984.9167,62.075421,360.48577,416.47899,-249.60897,3.553511,832.63425,-0.0
2155.0,2192.6418,22.222222,14.777778,22.222222,1.5950741,4.5155496,0.0,1330.852,35.498777,42.223194,29.983677,22.222222,22.222222,22.222222,0.0,22.222222,10.888889,9.5555555,0.22682185,727.06233,0.5773983038716857,0.9999999910000028,0.6650000106650019,0.9999999910000028,0.2954771133294614,0.3696180340916726,0.0,0.13006992742268253,0.3973046928248261,0.24283089965419258,0.4657723680507677,0.9999999910000028,0.9999999910000028,0.9999999910000028,0.0,0.9999999910000028,0.49000000549000144,0.42999999793000127,0.10107475160231377,1.000000000330095,3.4628127,73.507126,339.6229,283.62663,-122.22571,-59.43641,-511.63066,-40.457199,-51.512108,-27.876125,-56.099051,115.23488,527.30885,367.06065,-5881.9037,60.74038,348.48313,405.99916,-234.93503,3.4628127,832.86812,77.410976
2156.0,2127.2294,22.222222,14.777778,22.222222,1.5950741,4.5155496,0.0,1334.4296,33.807465,42.223194,28.372499,22.222222,22.222222,22.222222,0.0,22.222222,10.777778,9.5555555,0.20516224,727.06233,0.5601729600822093,0.9999999910000028,0.6650000106650019,0.9999999910000028,0.2954771133294614,0.36961803409167265,0.0,0.1304195817586624,0.3783754154970203,0.24283089965419236,0.4407440103743123,0.9999999910000028,0.9999999910000028,0.9999999910000028,0.0,0.9999999910000028,0.48500001048500135,0.42999999793000127,0.09142294909495838,1.000000000330095,3.3083961,71.762594,330.19157,274.24269,-122.02379,-61.305316,-504.70863,-38.990353,-54.393443,-27.556991,-57.107647,112.36144,510.32485,356.02357,-5752.9663,59.302121,336.81978,395.85209,-237.75995,3.3083961,833.07571,-0.0
2157.0,2192.6418,22.222222,14.888889,22.222222,1.5950741,4.5155496,0.0,1330.852,35.498777,42.223194,28.372499,22.222222,22.222222,22.222222,0.0,22.222222,10.777778,9.6666667,0.22682185,727.06233,0.5773983038716856,0.9999999910000028,0.670000005670002,0.9999999910000028,0.29547711332946136,0.36961803409167254,0.0,0.13006992742268245,0.39730469282482617,0.24283089965419236,0.44074401037431254,0.9999999910000028,0.9999999910000028,0.9999999910000028,0.0,0.9999999910000028,0.48500001048500135,0.43500000193500127,0.10107475160231379,1.000000000330095,3.2279482,69.889628,320.88392,264.92898,-117.61156,-56.330536,-484.83257,-38.029881,-49.887811,-26.705521,-54.160057,109.36293,493.5845,344.99813,-5577.3532,57.755956,325.45143,385.98236,-224.85863,3.2279482,833.2939799999999,2751.682
2158.0,2192.6418,22.222222,14.888889,22.222222,1.5950741,4.5155496,0.0,1312.9642,35.498777,44.177687,28.372499,22.222222,22.222222,22.222222,0.0,22.222222,10.666667,9.6666667,0.22682185,727.06233,0.5773983038716857,0.9999999910000028,0.670000005670002,0.9999999910000028,0.29547711332946136,0.3696180340916729,0.0,0.12832167528964913,0.3973046928248258,0.25407143473919386,0.44074401037431243,0.9999999910000028,0.9999999910000028,0.9999999910000028,0.0,0.9999999910000028,0.4800000154800014,0.43500000193500127,0.10107475160231379,1.000000000330095,3.2479313,67.895938,311.72885,255.77653,-112.6763,-55.493653,-452.71745,-37.756434,-48.591696,-25.080535,-53.038046,106.19779,477.10694,334.11276,-5373.4469,56.109418,314.38142,376.40533,-217.9071,3.2479313,833.4440999999999,-0.0
2159.0,2257.0134,22.222222,14.888889,22.222222,1.4681617,4.5155496,0.0,1302.2316,33.807465,42.223194,28.372499,22.222222,22.222222,22.222222,0.0,22.222222,10.580604,9.7777778,0.20516224,727.06233,0.594349569079485,0.9999999910000028,0.670000005670002,0.9999999910000028,0.271967415819036,0.3696180340916725,0.0,0.12727273182857585,0.37837541549702003,0.2428308996541924,0.4407440103743123,0.9999999910000028,0.9999999910000028,0.9999999910000028,0.0,0.9999999910000028,0.4761271804761285,0.4400000014400013,0.09142294909495831,1.000000000330095,3.2467831,65.878008,302.78301,246.81404,-123.04416,-56.09616,-463.21833,-37.350108,-49.081698,-25.44259,-51.624808,103.00672,460.96702,323.39533,-5311.0165,54.442615,303.69925,367.15774,-219.65634,3.2467831,833.6465599999999,-0.0
2160.0,2320.3444,22.222222,14.888889,22.222222,1.5950741,4.1037013,0.0,1295.0764,33.807465,40.415288,28.372499,22.222222,22.222222,22.222222,0.0,22.222222,10.555556,9.7777778,0.20516224,727.06233,0.611026808372514,0.9999999910000028,0.670000005670002,0.9999999910000028,0.29547711332946147,0.335906399301968,0.0,0.12657342315661613,0.3783754154970201,0.2324334048443443,0.4407440103743126,0.9999999910000028,0.9999999910000028,0.9999999910000028,0.0,0.9999999910000028,0.47500002047500134,0.4400000014400013,0.0914229490949583,1.000000000330095,3.2191357,63.866027,294.05666,238.05045,-109.56514,-56.133002,-470.7015,-36.738834,-47.758066,-25.615929,-51.517984,99.845293,445.2181,312.86358,-5236.8381,52.780252,293.38985,358.23345,-215.56489,3.2191357,833.8037499999999,-0.0
2161.0,2320.3444,22.222222,14.888889,22.222222,1.5950741,4.1037013,0.0,1249.0697,32.254043,38.738074,28.372499,22.222222,22.222222,22.222222,0.0,22.222222,10.444444,9.8888889,0.20516224,727.06233,0.611026808372514,0.9999999910000028,0.670000005670002,0.9999999910000028,0.2954771133294614,0.3359063993019681,0.0,0.12207698919554634,0.36098941229647824,0.22278753616532843,0.4407440103743126,0.9999999910000028,0.9999999910000028,0.9999999910000028,0.0,0.9999999910000028,0.46999998047000136,0.44500000094500125,0.09142294909495832,1.000000000330095,3.1389884,61.890388,285.56869,229.55101,-107.55122,-54.499538,-473.77873,-35.811141,-48.644454,-25.708937,-50.102307,96.73732,429.9056,302.61403,-5143.6622,51.147985,283.49913,349.63097,-212.33982,3.1389884,833.99898,-0.0
2162.0,2257.0134,22.222222,14.888889,22.222222,1.5950741,4.1037013,0.0,1298.654,32.254043,38.738074,26.910967,22.222222,22.222222,22.222222,0.0,22.222222,10.444444,10.0,0.20516224,727.06233,0.594349569079485,0.9999999910000028,0.670000005670002,0.9999999910000028,0.29547711332946136,0.33590639930196786,0.0,0.12692307749259563,0.36098941229647824,0.22278753616532831,0.4180402832556544,0.9999999910000028,0.9999999910000028,0.9999999910000028,0.0,0.9999999910000028,0.46999998047000136,0.45000000045000127,0.09142294909495831,1.000000000330095,3.0001413,59.979591,277.2904,221.2906,-105.31291,-53.80864,-469.4875,-34.486433,-48.386863,-25.339325,-49.834891,93.731421,415.03214,292.57988,-5025.0473,49.569308,274.04489,341.29998,-207.13117,3.0001413,834.2332899999999,-0.0
2163.0,2257.0134,22.222222,14.888889,22.222222,1.3588966,4.1037013,0.0,1298.654,32.254043,38.738074,26.910967,22.222222,22.222222,22.222222,0.0,22.222222,10.333333,10.0,0.20516224,727.06233,0.5943495690794851,0.9999999910000028,0.670000005670002,0.9999999910000028,0.2517267659735806,0.3359063993019677,0.0,0.1269230774925961,0.3609894122964782,0.2227875361653286,0.41804028325565473,0.9999999910000028,0.9999999910000028,0.9999999910000028,0.0,0.9999999910000028,0.46499998546500126,0.45000000045000127,0.09142294909495838,1.000000000330095,2.9044802,58.090319,269.12758,213.22359,-115.44025,-51.860508,-453.09977,-33.450514,-46.671147,-24.460979,-50.353462,90.763414,400.55312,282.83419,-4868.0186,48.008306,264.97334,333.12103,-201.38066,2.9044802,834.4596799999999,2041.0849
2164.0,2257.0134,22.222222,14.888889,22.222222,1.4681617,4.1037013,0.0,1174.3204,33.807465,40.415288,26.910967,22.222222,22.222222,22.222222,0.0,22.222222,10.333333,10.111111,0.20516224,727.06233,0.594349569079485,0.9999999910000028,0.670000005670002,0.9999999910000028,0.271967415819036,0.335906399301968,0.0,0.11477141650534828,0.3783754154970202,0.23243340484434427,0.41804028325565473,0.9999999910000028,0.9999999910000028,0.9999999910000028,0.0,0.9999999910000028,0.46499998546500126,0.45499999545500125,0.09142294909495838,1.000000000330095,2.857731,56.24014,261.005,205.32954,-108.70436,-50.412626,-424.99812,-32.772267,-44.169034,-23.407023,-48.789591,87.868624,386.44361,273.32702,-4679.9652,46.479333,256.27688,324.98474,-195.81614,2.857731,834.6775,39.44627
2165.0,2257.0134,22.222222,14.777778,22.222222,1.5950741,4.1037013,0.0,855.46588,32.254043,38.738074,28.372499,22.222222,22.222222,22.222222,0.0,22.222222,10.333333,10.111111,0.20516224,727.06233,0.594349569079485,0.9999999910000028,0.6650000106650019,0.9999999910000028,0.29547711332946136,0.33590639930196786,0.0,0.08360838389556571,0.36098941229647824,0.22278753616532837,0.4407440103743122,0.9999999910000028,0.9999999910000028,0.9999999910000028,0.0,0.9999999910000028,0.46499998546500126,0.45499999545500125,0.09142294909495838,1.000000000330095,2.7648597,54.443852,253.03158,197.65731,-96.322085,-48.668863,-424.51384,-31.817735,-43.438955,-22.82628,-44.34988,85.058066,372.74028,264.07639,-4580.7728,44.994899,247.96699,317.01907,-188.9076,2.7648597,834.8893099999999,-0.0
2166.0,2257.0134,22.222222,14.777778,22.222222,1.4681617,4.1037013,0.0,1295.0764,32.254043,38.738074,26.910967,22.222222,22.222222,22.222222,0.0,22.222222,10.222222,10.222222,0.20516224,727.06233,0.5943495690794851,0.9999999910000028,0.6650000106650019,0.9999999910000028,0.2719674158190362,0.335906399301968,0.0,0.12657342315661588,0.36098941229647774,0.22278753616532854,0.41804028325565473,0.9999999910000028,0.9999999910000028,0.9999999910000028,0.0,0.9999999910000028,0.4599999904600013,0.4599999904600013,0.09142294909495836,1.000000000330095,2.674214,52.679484,245.32719,190.24858,-95.021001,-48.579864,-416.37217,-30.875564,-42.945093,-22.565682,-44.023548,82.289477,359.44735,255.11681,-4465.5678,43.537019,240.03461,309.38707,-186.01086,2.674214,835.07301,1058.2581
2167.0,2257.0134,22.222222,14.777778,22.222222,1.5950741,4.1037013,0.0,1046.8844,32.254043,38.738074,28.372499,22.222222,22.222222,22.222222,0.0,22.222222,10.222222,10.222222,0.20516224,727.06233,0.594349569079485,0.9999999910000028,0.6650000106650019,0.9999999910000028,0.2954771133294614,0.3359063993019679,0.0,0.10231654453533416,0.360989412296478,0.22278753616532837,0.44074401037431254,0.9999999910000028,0.9999999910000028,0.9999999910000028,0.0,0.9999999910000028,0.4599999904600013,0.4599999904600013,0.09142294909495835,1.000000000330095,2.5961392,50.960558,237.88582,183.09794,-90.05723,-46.601078,-399.04206,-29.991267,-40.859988,-21.459417,-41.959744,79.593031,346.5389,246.37003,-4316.2051,42.116685,232.47599,302.08506,-180.70025,2.5961392,835.2022199999999,99.176953
2168.0,2257.0134,22.222222,14.777778,22.222222,1.5950741,4.5155496,0.0,1005.9568,33.807465,38.738074,28.372499,22.222222,22.222222,22.222222,0.0,22.222222,10.222222,10.333333,0.20516224,727.06233,0.594349569079485,0.9999999910000028,0.6650000106650019,0.9999999910000028,0.29547711332946136,0.36961803409167243,0.0,0.09831651300546847,0.3783754154970198,0.22278753616532848,0.44074401037431254,0.9999999910000028,0.9999999910000028,0.9999999910000028,0.0,0.9999999910000028,0.4599999904600013,0.46499998546500126,0.09142294909495832,1.000000000330095,2.5100597,49.27587,230.7045,176.19121,-88.257847,-42.317956,-390.83967,-29.117735,-37.729265,-21.046396,-39.566985,76.945024,334.00599,237.84648,-4198.7462,40.724751,225.30544,295.10953,-169.87631,2.5100597,835.3679,891.89152
2169.0,2257.0134,22.222222,14.777778,22.222222,1.3588966,4.1037013,0.0,660.63595,32.254043,38.738074,26.910967,22.222222,22.222222,22.222222,0.0,22.222222,10.222222,10.444444,0.20516224,727.06233,0.594349569079485,0.9999999910000028,0.6650000106650019,0.9999999910000028,0.2517267659735807,0.33590639930196803,0.0,0.06456681138797914,0.36098941229647796,0.22278753616532856,0.418040283255655,0.9999999910000028,0.9999999910000028,0.9999999910000028,0.0,0.9999999910000028,0.4599999904600013,0.46999998047000136,0.09142294909495838,1.000000000330095,2.4330767,47.657007,223.77524,169.50123,-96.856065,-44.477808,-376.0266,-28.269645,-38.482579,-20.5256,-42.269674,74.413794,321.84209,229.53969,-4066.4457,39.386901,218.51176,288.4494,-171.43344,2.4330767,835.5187599999999,79.519697
2170.0,2257.0134,22.222222,14.777778,22.222222,1.4681617,4.1037013,0.0,1173.4939,32.254043,38.738074,28.372499,22.222222,22.222222,22.222222,0.0,22.222222,10.222222,10.555556,0.20516224,727.06233,0.5943495690794851,0.9999999910000028,0.6650000106650019,0.9999999910000028,0.27196741581903616,0.335906399301968,0.0,0.11469063908230283,0.36098941229647835,0.22278753616532843,0.4407440103743123,0.9999999910000028,0.9999999910000028,0.9999999910000028,0.0,0.9999999910000028,0.4599999904600013,0.47500002047500134,0.0914229490949584,1.000000000330095,2.3568167,46.071821,217.09149,162.9835,-85.531927,-43.18985,-367.86698,-27.446258,-37.379557,-19.87841,-38.454102,71.931556,310.03902,221.44462,-3954.7871,38.07696,212.04973,282.09594,-166.56816,2.3568167,835.57258,922.78194
2171.0,2257.0134,22.222222,14.777778,22.222222,1.5950741,4.1037013,0.0,1154.8649,33.807465,40.415288,28.372499,22.222222,22.222222,22.222222,0.0,22.222222,10.222222,10.666667,0.20516224,727.06233,0.594349569079485,0.9999999910000028,0.6650000106650019,0.9999999910000028,0.2954771133294614,0.3359063993019678,0.0,0.11286994626450082,0.37837541549702014,0.2324334048443442,0.44074401037431254,0.9999999910000028,0.9999999910000028,0.9999999910000028,0.0,0.9999999910000028,0.4599999904600013,0.4800000154800014,0.09142294909495836,1.000000000330095,2.2780904,44.510475,210.64753,156.66906,-77.987903,-41.30756,-352.98952,-26.646852,-35.775566,-18.960018,-36.828688,69.479809,298.60097,213.56797,-3826.6959,36.786878,205.96243,276.03912,-160.4345,2.2780904,835.6025299999999,-0.0
2172.0,2257.0134,22.222222,14.666667,22.222222,1.4681617,4.5155496,0.0,1295.0764,33.807465,38.738074,26.910967,22.222222,22.222222,22.222222,0.0,22.222222,10.222222,10.777778,0.20516224,727.06233,0.594349569079485,0.9999999910000028,0.6600000156600019,0.9999999910000028,0.271967415819036,0.3696180340916725,0.0,0.12657342315661585,0.3783754154970201,0.22278753616532854,0.41804028325565473,0.9999999910000028,0.9999999910000028,0.9999999910000028,0.0,0.9999999910000028,0.4599999904600013,0.48500001048500135,0.09142294909495835,1.000000000330095,2.2066368,43.022478,204.43829,150.58262,-82.756705,-39.069861,-346.13566,-25.864064,-33.7769,-18.692108,-36.941276,67.162042,287.51287,205.8942,-3724.9462,35.556986,200.18896,270.273,-154.49968,2.2066368,835.7593099999999,915.67893
2173.0,2257.0134,22.222222,14.666667,22.222222,1.4681617,4.1037013,0.0,140.82282,33.807465,40.415288,28.372499,22.222222,22.222222,22.222222,0.0,22.222222,10.222222,10.888889,0.20516224,727.06233,0.594349569079485,0.9999999910000028,0.6600000156600019,0.9999999910000028,0.271967415819036,0.33590639930196775,0.0,0.013763223842213484,0.37837541549702003,0.2324334048443441,0.44074401037431243,0.9999999910000028,0.9999999910000028,0.9999999910000028,0.0,0.9999999910000028,0.4599999904600013,0.49000000549000144,0.0914229490949583,1.000000000330095,2.1328903,41.579217,198.45983,144.70897,-77.379348,-39.572065,-331.53153,-25.117214,-33.064428,-17.837252,-33.922229,64.91325,276.76682,198.43193,-3601.8347,34.364053,194.75947,264.79355,-151.96776,2.1328903,835.9316799999999,-0.0
2174.0,2257.0134,22.222222,14.666667,22.222222,1.3588966,4.1037013,0.0,1295.0764,32.254043,38.738074,26.910967,22.222222,22.222222,22.222222,0.0,22.222222,10.222222,11.0,0.20516224,727.06233,0.594349569079485,0.9999999910000028,0.6600000156600019,0.9999999910000028,0.25172676597358074,0.335906399301968,0.0,0.126573423156616,0.36098941229647813,0.22278753616532854,0.41804028325565484,0.9999999910000028,0.9999999910000028,0.9999999910000028,0.0,0.9999999910000028,0.4599999904600013,0.4950000004950014,0.0914229490949583,1.000000000330095,2.066726,40.160531,192.70805,139.01768,-85.359233,-38.807475,-325.10196,-24.38091,-33.23459,-17.601701,-35.691001,62.688668,266.35441,191.15897,-3509.7636,33.191769,189.68676,259.598,-149.73146,2.066726,836.1211,844.34355
2175.0,2257.0134,22.222222,14.777778,22.222222,1.2638374,4.1037013,0.0,894.493,33.807465,38.738074,26.910967,22.222222,22.222222,22.222222,0.0,22.222222,10.333333,11.111111,0.20516224,727.06233,0.594349569079485,0.9999999910000028,0.6650000106650019,0.9999999910000028,0.23411766680294793,0.3359063993019681,0.0,0.08742267328756105,0.3783754154970201,0.22278753616532854,0.41804028325565484,0.9999999910000028,0.9999999910000028,0.9999999910000028,0.0,0.9999999910000028,0.46499998546500126,0.4999999955000014,0.0914229490949583,1.000000000330095,1.9996779,38.784934,187.17572,133.49191,-85.587415,-38.032449,-311.55021,-23.675383,-31.654771,-17.022337,-34.690205,60.535091,256.26311,184.09034,-3395.0379,32.055035,184.92599,254.68119,-145.78458,1.9996779,836.1244099999999,-0.0
2176.0,2257.0134,22.222222,14.777778,22.222222,1.5950741,4.5155496,0.0,1295.0764,33.807465,40.415288,28.372499,22.222222,22.222222,22.222222,0.0,22.222222,10.333333,11.333333,0.20516224,727.06233,0.594349569079485,0.9999999910000028,0.6650000106650019,0.9999999910000028,0.29547711332946136,0.36961803409167276,0.0,0.12657342315661585,0.37837541549702014,0.23243340484434416,0.4407440103743123,0.9999999910000028,0.9999999910000028,0.9999999910000028,0.0,0.9999999910000028,0.46499998546500126,0.5099999855100014,0.09142294909495832,1.000000000330095,1.9288256,37.418376,181.85982,128.07997,-70.040144,-33.73652,-305.35374,-22.984478,-30.638899,-16.339125,-30.745385,58.37822,246.4897,177.21837,-3303.5261,30.926146,180.48838,250.03834,-135.7045,1.9288256,836.29125,810.48885
2177.0,2192.6418,22.222222,14.777778,22.222222,1.4681617,4.5155496,0.0,133.88041,33.807465,40.415288,28.372499,22.222222,22.111111,22.222222,0.0,22.222222,10.444444,11.444444,0.20516224,727.06233,0.5773983038716857,0.9999999910000028,0.6650000106650019,0.9999999910000028,0.27196741581903616,0.36961803409167254,0.0,0.01308471205815443,0.37837541549702003,0.23243340484434438,0.4407440103743126,0.9999999910000028,0.9949999959950029,0.9999999910000028,0.0,0.9999999910000028,0.46999998047000136,0.5149999805150015,0.09142294909495836,1.000000000330095,1.864657,36.113719,176.75484,122.75746,-68.402224,-33.28326,-292.41584,-22.316319,-29.718269,-15.744783,-30.942346,56.330381,237.02932,170.49272,-3192.5926,29.84815,176.36452,245.65971,-134.36252,1.864657,836.4773499999999,-0.0
2178.0,2192.6418,22.222222,14.777778,21.888889,1.4681617,4.1037013,0.0,1295.0764,33.807465,40.415288,26.910967,22.222222,21.888889,22.222222,0.0,22.222222,10.555556,11.666667,0.20516224,727.06233,0.5773983038716857,0.9999999910000028,0.6650000106650019,0.9850000059850027,0.271967415819036,0.33590639930196814,0.0,0.12657342315661638,0.37837541549702036,0.2324334048443443,0.41804028325565457,0.9999999910000028,0.9850000059850027,0.9999999910000028,0.0,0.9999999910000028,0.47500002047500134,0.5250000155250015,0.0914229490949584,1.000000000330095,1.7982226,34.846057,171.8498,117.54518,-67.988871,-34.803266,-286.91859,-21.60962,-29.249069,-15.362737,-31.36453,54.346394,227.8802,163.92551,-3110.5956,28.800579,172.54016,241.53036,-133.87374,1.7982226,836.6401199999999,580.36492
2179.0,2192.6418,22.222222,14.777778,21.555556,1.4681617,4.5155496,0.0,181.58584,33.807465,40.415288,28.372499,22.222222,21.666667,22.222222,0.0,22.222222,10.666667,11.777778,0.20516224,727.06233,0.5773983038716857,0.9999999910000028,0.6650000106650019,0.9700000209700027,0.2719674158190361,0.3696180340916726,0.0,0.01774717025618692,0.37837541549702003,0.23243340484434416,0.4407440103743123,0.9999999910000028,0.9750000159750027,0.9999999910000028,0.0,0.9999999910000028,0.4800000154800014,0.5300000105300015,0.09142294909495836,1.000000000330095,1.7443424,33.606273,167.13686,112.5264,-66.366316,-31.657755,-274.36072,-21.035271,-28.219906,-14.734994,-28.495281,52.409922,219.03794,157.5416,-3005.367,27.775943,169.00549,237.63988,-126.56403,1.7443424,836.7565999999999,527.79002
2180.0,2192.6418,22.222222,14.888889,21.222222,1.4681617,4.1037013,0.0,542.85555,35.498777,40.415288,28.372499,22.222222,21.444444,22.222222,0.0,22.222222,10.777778,12.0,0.20516224,727.06233,0.5773983038716857,0.9999999910000028,0.670000005670002,0.9549999909550027,0.2719674158190362,0.335906399301968,0.0,0.053055623006540376,0.3973046928248259,0.23243340484434427,0.44074401037431243,0.9999999910000028,0.9649999809650027,0.9999999910000028,0.0,0.9999999910000028,0.48500001048500135,0.5400000005400015,0.09142294909495836,1.000000000330095,1.6823229,32.418927,162.61847,107.6887,-65.644795,-30.875795,-265.86486,-20.422593,-24.949368,-14.268042,-27.46929,50.564221,210.50349,151.30467,-2919.5271,26.794465,165.77739,233.98628,-123.20559,1.6823229,836.84497,-0.0
2181.0,2192.6418,22.222222,14.888889,20.888889,1.4681617,4.1037013,0.0,1295.0764,35.498777,40.415288,28.372499,22.222222,21.222222,22.222222,0.0,22.222222,11.0,12.222222,0.20516224,727.06233,0.5773983038716857,0.9999999910000028,0.670000005670002,0.9400000059400027,0.2719674158190361,0.335906399301968,0.0,0.12657342315661613,0.3973046928248261,0.23243340484434416,0.4407440103743123,0.9999999910000028,0.9549999909550027,0.9999999910000028,0.0,0.9999999910000028,0.4950000004950014,0.5499999905500016,0.09142294909495831,1.000000000330095,1.6189465,31.251536,158.28759,103.04691,-64.523445,-30.313393,-260.52365,-19.771622,-24.095401,-13.941173,-26.348607,48.74198,202.27053,145.21648,-2841.2539,25.82963,162.82943,230.55979,-119.66364,1.6189465,836.8387299999999,545.46614
2182.0,2192.6418,22.222222,15.0,20.555556,1.3588966,4.1037013,0.0,461.9644,33.807465,40.415288,28.372499,22.222222,20.888889,22.222222,0.0,22.222222,11.111111,12.444444,0.1871061,727.06233,0.5773983038716857,0.9999999910000028,0.6750000006750019,0.9250000209250027,0.2517267659735807,0.3359063993019677,0.0,0.045149780726829875,0.37837541549701986,0.23243340484434427,0.44074401037431254,0.9999999910000028,0.9400000059400027,0.9999999910000028,0.0,0.9999999910000028,0.4999999955000014,0.5599999805600016,0.08337689945116696,1.000000000330095,1.5730304,30.112485,154.14126,98.581103,-68.623548,-31.373765,-249.11282,-19.250253,-24.904149,-13.532472,-27.087602,46.956191,194.33386,139.31294,-2750.6868,24.888413,160.15633,227.35373,-120.29628,1.5730304,836.88928,459.35865
2183.0,2192.6418,22.222222,15.0,20.222222,1.4681617,4.1037013,0.0,1046.6126,33.807465,40.415288,26.910967,22.222222,20.666667,22.222222,0.0,22.222222,11.333333,12.666667,0.1871061,727.06233,0.5773983038716857,0.9999999910000028,0.6750000006750019,0.9099999909100025,0.27196741581903605,0.3359063993019679,0.0,0.10228998034466999,0.3783754154970199,0.2324334048443443,0.41804028325565495,0.9999999910000028,0.9300000159300027,0.9999999910000028,0.0,0.9999999910000028,0.5099999855100014,0.5700000155700017,0.08337689945116697,1.000000000330095,1.5194984,29.001931,150.1765,94.280661,-58.745841,-30.829864,-241.36228,-18.689566,-24.077749,-13.152503,-26.878145,45.210388,186.69568,133.67816,-2673.335,23.970857,157.77008,224.35998,-117.80872,1.5194984,837.0205799999999,16.373406
2184.0,2192.6418,22.222222,15.111111,19.777778,1.4681617,4.1037013,0.0,535.2442,33.807465,40.415288,29.983677,22.222222,20.444444,22.222222,0.0,22.222222,11.555556,13.0,0.1871061,727.06233,0.5773983038716857,0.9999999910000028,0.6799999956800019,0.8900000108900026,0.2719674158190361,0.3359063993019679,0.0,0.05231173282033757,0.37837541549702036,0.23243340484434416,0.4657723680507674,0.9999999910000028,0.9199999809200026,0.9999999910000028,0.0,0.9999999910000028,0.5200000205200015,0.5850000005850017,0.083376899451167,1.000000000330095,1.4610153,27.919684,146.38918,90.119857,-57.055161,-29.848669,-236.15918,-18.14521,-23.766484,-12.588586,-23.544218,43.506322,179.34397,128.20103,-2601.3238,23.076742,155.64819,221.57123,-115.20572,1.4610153,837.1617699999999,626.37542
2185.0,2192.6418,22.222222,15.111111,19.444444,1.4681617,4.1037013,0.0,397.85748,37.34719,40.415288,28.372499,22.222222,20.222222,22.222222,0.0,22.222222,11.777778,13.222222,0.20516224,727.06233,0.5773983038716858,0.9999999910000028,0.6799999956800019,0.8749999808750025,0.27196741581903605,0.3359063993019678,0.0,0.038884333906528554,0.417992255080236,0.23243340484434422,0.44074401037431243,0.9999999910000028,0.9099999909100025,0.9999999910000028,0.0,0.9999999910000028,0.5300000105300015,0.5949999905950017,0.09142294909495835,1.000000000330095,1.4107604,26.863358,142.77178,86.116525,-56.742651,-27.079023,-225.94514,-17.616708,-20.794556,-12.101277,-23.513403,41.842515,172.26698,122.75491,-2514.2305,22.204065,153.79998,218.97493,-108.88919,1.4107604,837.30846,-0.0
2186.0,2127.2294,22.222222,15.222222,19.111111,1.4681617,4.1037013,0.0,1295.0764,33.807465,40.415288,29.983677,22.222222,20.0,22.222222,0.0,22.222222,12.111111,13.555556,0.20516224,727.06233,0.5601729600822094,0.9999999910000028,0.684999990685002,0.8599999958600025,0.271967415819036,0.3359063993019679,0.0,0.12657342315661602,0.3783754154970201,0.2324334048443443,0.4657723680507677,0.9999999910000028,0.9000000009000025,0.9999999910000028,0.0,0.9999999910000028,0.5449999955450016,0.6100000206100017,0.09142294909495836,1.000000000330095,1.3506515,25.829338,139.31793,82.282213,-55.136481,-25.866106,-221.3797,-17.060321,-21.978887,-11.764753,-22.109447,40.217087,165.4644,117.39255,-2451.1948,21.349737,152.21728,216.55983,-104.32185,1.3506515,837.4068,465.40003
2187.0,2127.2294,22.222222,15.333333,18.777778,1.4681617,4.1037013,0.0,65.063971,37.34719,42.223194,29.983677,22.222222,19.666667,22.222222,0.0,22.222222,12.444444,13.888889,0.20516224,727.06233,0.5601729600822093,0.9999999910000028,0.689999985690002,0.8450000108450024,0.271967415819036,0.33590639930196786,0.0,0.006358983557752125,0.4179922550802361,0.2428308996541923,0.4657723680507675,0.9999999910000028,0.8850000158850025,0.9999999910000028,0.0,0.9999999910000028,0.5599999805600016,0.6250000056250018,0.09142294909495835,1.000000000330095,1.3089605,24.819912,136.02046,78.621984,-53.572788,-25.908561,-211.38139,-16.605437,-19.152105,-11.290267,-21.835398,38.636998,158.92827,112.13801,-2368.0296,20.515574,150.89247,214.31696,-102.68716,1.3089605,837.5565399999999,400.78493
2188.0,2127.2294,22.222222,15.444444,18.444444,1.4681617,4.1037013,0.0,766.32871,35.498777,42.223194,29.983677,22.222222,19.444444,22.222222,0.0,22.222222,12.777778,14.111111,0.20516224,727.06233,0.5601729600822093,0.9999999910000028,0.694999980695002,0.8299999808300024,0.2719674158190362,0.3359063993019681,0.0,0.07489662238296808,0.397304692824826,0.2428308996541925,0.4657723680507675,0.9999999910000028,0.8749999808750025,0.9999999910000028,0.0,0.9999999910000028,0.5750000105750016,0.6349999956350018,0.09142294909495831,1.000000000330095,1.2627853,23.831651,132.8807,75.112343,-50.951157,-27.015389,-204.63622,-16.121784,-20.41106,-10.844701,-20.346378,37.090152,152.66272,107.04834,-2300.3484,19.698896,149.80704,212.24418,-99.175189,1.2627853,837.6819499999999,-0.0
2189.0,2127.2294,22.222222,15.555556,18.111111,1.4681617,4.1037013,0.0,948.01632,35.498777,42.223194,29.983677,22.222222,19.222222,22.222222,0.0,22.222222,13.111111,14.555556,0.20516224,727.06233,0.5601729600822095,0.9999999910000028,0.700000020700002,0.8149999958150024,0.27196741581903605,0.3359063993019681,0.0,0.09265373906183268,0.39730469282482594,0.2428308996541924,0.4657723680507676,0.9999999910000028,0.8649999908650023,0.9999999910000028,0.0,0.9999999910000028,0.5899999955900016,0.6550000206550018,0.09142294909495831,1.000000000330095,1.2162089,22.877403,129.89678,71.76369,-49.375175,-23.800358,-200.05337,-15.652217,-19.744605,-10.591029,-19.405154,35.602089,146.67069,102.24234,-2243.0869,18.910199,148.97499,210.33587,-96.3297,1.2162089,837.83377,558.36969
2190.0,2127.2294,22.222222,15.666667,17.777778,1.1803827,3.7574118,0.0,0.0,33.807465,40.415288,26.910967,22.222222,19.0,22.222222,0.0,22.222222,13.444444,14.888889,0.1871061,727.06233,0.5601729600822093,0.9999999910000028,0.705000015705002,0.8000000108000024,0.21865822585924732,0.30756104700718007,0.0,0.0,0.37837541549702014,0.2324334048443442,0.41804028325565445,0.9999999910000028,0.8550000008550024,0.9999999910000028,0.0,0.9999999910000028,0.6049999806050017,0.670000005670002,0.08337689945116696,1.000000000330095,1.1767607,21.953354,127.06552,68.585123,-61.65417,-26.440255,-191.0341,-15.211969,-19.495271,-10.391627,-21.790676,34.162819,140.95125,97.642546,-2171.7096,18.14642,148.39068,208.58415,-100.24166,1.1767607,838.0156599999999,1.4709146
2191.0,2127.2294,22.222222,15.888889,17.444444,1.4681617,3.7574118,0.0,420.9812,35.498777,40.415288,28.372499,22.222222,18.777778,22.222222,0.0,22.222222,13.888889,15.222222,0.1871061,727.06233,0.5601729600822095,0.9999999910000028,0.7150000057150021,0.7849999807850022,0.2719674158190361,0.30756104700717996,0.0,0.04114431516826343,0.3973046928248261,0.23243340484434438,0.44074401037431293,0.9999999910000028,0.8450000108450024,0.9999999910000028,0.0,0.9999999910000028,0.6250000056250018,0.684999990685002,0.08337689945116697,1.000000000330095,1.1292303,21.041859,124.38648,65.564037,-45.188404,-25.086982,-187.15493,-14.753716,-18.019244,-10.114957,-20.206358,32.731656,135.50203,93.20689,-2117.7314,17.393278,148.05176,206.98371,-95.946183,1.1292303,838.1490299999999,437.31911
2192.0,2060.7764,22.222222,16.0,17.222222,1.4681617,4.1037013,0.0,712.4226,35.498777,42.223194,29.983677,22.222222,18.666667,22.222222,0.0,22.222222,14.444444,15.666667,0.1871061,727.06233,0.5426735903779626,0.9999999910000028,0.720000000720002,0.7749999907750021,0.271967415819036,0.3359063993019681,0.0,0.06962814488483982,0.3973046928248265,0.24283089965419236,0.4657723680507677,0.9999999910000028,0.8400000158400024,0.9999999910000028,0.0,0.9999999910000028,0.6499999806500019,0.705000015705002,0.08337689945116696,1.000000000330095,1.0851387,20.150123,121.85426,62.695155,-44.90383,-22.264255,-178.86688,-14.323996,-18.096385,-9.4487766,-17.578527,31.327316,130.30192,88.966911,-2048.5792,16.656574,147.95311,205.52581,-89.783456,1.0851387,838.19057,110.19478
2193.0,2060.7764,22.222222,16.222222,16.888889,1.3588966,4.1037013,0.0,314.73305,35.498777,42.223194,29.983677,22.222222,18.444444,22.222222,0.0,22.222222,14.888889,16.111111,0.1871061,727.06233,0.5426735903779625,0.9999999910000028,0.729999990730002,0.7600000057600022,0.25172676597358057,0.33590639930196786,0.0,0.030760223504205993,0.3973046928248264,0.2428308996541923,0.4657723680507674,0.9999999910000028,0.8299999808300024,0.9999999910000028,0.0,0.9999999910000028,0.670000005670002,0.7249999957250021,0.08337689945116697,1.000000000330095,1.0418757,19.291404,119.46417,59.986169,-46.540395,-22.044239,-173.83212,-13.906792,-16.869195,-9.2182229,-17.362022,29.980712,125.34636,84.856895,-1991.0852,15.947009,148.08931,204.20013,-88.165497,1.0418757,838.2854,368.59677
2194.0,2060.7764,22.222222,16.444444,16.666667,1.3588966,3.7574118,0.0,162.59233,35.498777,42.223194,26.910967,22.222222,18.222222,22.222222,0.0,22.222222,15.444444,16.555556,0.17182321,727.06233,0.5426735903779628,0.9999999910000028,0.7399999807400021,0.7500000157500022,0.2517267659735808,0.30756104700718,0.0,0.015890852298065323,0.39730469282482606,0.24283089965419252,0.4180402832556547,0.9999999910000028,0.8199999908200023,0.9999999910000028,0.0,0.9999999910000028,0.694999980695002,0.7450000207450022,0.07656664589527949,1.000000000330095,0.99997809,18.446216,117.21283,57.409391,-47.954549,-24.650659,-166.68904,-13.50174,-17.063677,-9.0584344,-19.621031,28.649838,120.64604,80.868654,-1937.125,15.248742,148.45406,202.99353,-91.318071,0.99997809,838.41562,96.506334
2195.0,2060.7764,22.222222,16.666667,16.333333,1.4681617,4.1037013,0.0,968.53802,39.375661,42.223194,31.768725,22.222222,18.111111,22.222222,0.0,22.222222,16.111111,17.0,0.1871061,727.06233,0.5426735903779625,0.9999999910000028,0.7500000157500022,0.734999985735002,0.27196741581903616,0.3359063993019679,0.0,0.09465941364442387,0.4406950385468065,0.2428308996541924,0.49350165669152646,0.9999999910000028,0.8149999958150024,0.9999999910000028,0.0,0.9999999910000028,0.7249999957250021,0.7650000007650022,0.08337689945116691,1.000000000330095,0.95962376,17.616168,115.09439,54.984121,-42.94739,-20.340989,-161.72056,-13.108485,-13.574006,-8.5392793,-15.43266,27.343088,116.20517,76.973375,-1877.4678,14.562989,149.03947,201.88874,-83.701138,0.95962376,838.49263,394.61502
2196.0,1993.2826,22.222222,16.888889,16.111111,1.3588966,4.1037013,0.0,38.109744,35.498777,44.177687,31.768725,22.222222,17.888889,22.222222,0.0,22.222222,16.777778,17.444444,0.1871061,727.06233,0.5249001420920387,0.9999999910000028,0.7600000057600022,0.7249999957250021,0.2517267659735807,0.33590639930196775,0.0,0.0037246302640541584,0.3973046928248259,0.2540714347391938,0.49350165669152657,0.9999999910000028,0.8050000058050022,0.9999999910000028,0.0,0.9999999910000028,0.7550000107550022,0.7849999807850022,0.08337689945116694,1.000000000330095,0.92015205,16.820402,113.1036,52.705319,-44.150169,-19.924075,-154.76587,-12.726685,-15.452473,-8.094007,-14.861801,26.103393,112.02613,73.229091,-1821.283,13.905257,149.85636,200.8724,-81.048359,0.92015205,838.6188099999999,12.558354
2197.0,1993.2826,22.222222,17.111111,15.888889,1.4681617,3.7574118,0.0,409.01595,37.34719,42.223194,28.372499,22.222222,17.777778,22.222222,0.0,22.222222,17.444444,18.0,0.1871061,727.06233,0.5249001420920388,0.9999999910000028,0.7699999957700022,0.7150000057150021,0.27196741581903605,0.30756104700718007,0.0,0.03997489948635865,0.41799225508023585,0.2428308996541925,0.4407440103743127,0.9999999910000028,0.8000000108000024,0.9999999910000028,0.0,0.9999999910000028,0.7849999807850022,0.8100000008100023,0.08337689945116694,1.000000000330095,0.8838849,16.097707,111.23851,50.558917,-39.273728,-21.995315,-150.79663,-12.356005,-14.515872,-8.1111381,-16.502711,25.005047,108.1043,69.731839,-1776.1473,13.307272,150.86441,199.93857,-79.053397,0.8838849,838.7817799999999,426.7534
2198.0,1993.2826,22.222222,17.333333,15.666667,1.4681617,3.7574118,0.0,441.72145,37.34719,44.177687,28.372499,22.222222,17.666667,22.222222,0.0,22.222222,18.222222,18.444444,0.1871061,727.06233,0.5249001420920388,0.9999999910000028,0.7799999857800022,0.705000015705002,0.27196741581903605,0.30756104700718023,0.0,0.04317134958849077,0.4179922550802364,0.2540714347391938,0.4407440103743123,0.9999999910000028,0.7950000157950022,0.9999999910000028,0.0,0.9999999910000028,0.8199999908200023,0.8299999808300024,0.08337689945116698,1.000000000330095,0.84614065,15.396852,109.49709,48.542871,-37.886448,-21.927346,-143.45379,-11.996121,-14.034597,-7.739904,-16.290318,23.930567,104.41847,66.466753,-1721.7106,12.727561,152.09736,199.08351,-77.532396,0.84614065,838.8361,-0.0
2199.0,1993.2826,22.222222,17.666667,15.555556,1.3588966,3.7574118,0.0,165.30025,37.34719,44.177687,28.372499,22.222222,17.666667,22.222222,0.0,22.222222,19.0,19.0,0.17182321,727.06233,0.5249001420920388,0.9999999910000028,0.7950000157950022,0.700000020700002,0.2517267659735806,0.30756104700718,0.0,0.016155509042666865,0.417992255080236,0.254071434739194,0.44074401037431243,0.9999999910000028,0.7950000157950022,0.9999999910000028,0.0,0.9999999910000028,0.8550000008550024,0.8550000008550024,0.07656664589527945,1.000000000330095,0.81312784,14.660288,107.87368,46.651606,-41.072424,-21.196894,-139.79297,-11.64672,-13.773866,-7.5411418,-15.78923,22.763314,100.95556,63.403699,-1680.393,12.11921,153.5126,198.2989,-80.88936,0.81312784,839.02494,381.2151
2200.0,1924.7482,22.222222,18.0,15.333333,1.3588966,4.1037013,0.0,0.0,37.34719,44.177687,31.768725,22.222222,17.555556,22.222222,0.0,22.222222,19.888889,19.555556,0.1871061,727.06233,0.5068526678913446,0.9999999910000028,0.8100000008100023,0.689999985690002,0.2517267659735806,0.33590639930196786,0.0,0.0,0.41799225508023613,0.2540714347391939,0.4935016566915267,0.9999999910000028,0.7900000207900022,0.9999999910000028,0.0,0.9999999910000028,0.8950000058950025,0.8800000208800025,0.08337689945116702,1.000000000330095,0.77986931,13.918942,106.36882,44.898255,-38.062361,-18.576561,-132.80778,-11.330146,-13.236693,-6.9819275,-13.471274,21.572157,97.713194,60.502892,-1626.944,11.507316,155.12717,197.58221,-75.177795,0.77986931,839.1577199999999,94.372992
2201.0,1924.7482,22.222222,18.333333,15.222222,1.3588966,4.1037013,0.0,331.11195,37.34719,44.177687,28.372499,22.222222,17.555556,22.222222,0.0,22.222222,20.888889,20.177302,0.1871061,727.06233,0.5068526678913445,0.9999999910000028,0.8249999858250023,0.684999990685002,0.2517267659735807,0.3359063993019679,0.0,0.03236100430797933,0.41799225508023635,0.25407143473919375,0.4407440103743123,0.9999999910000028,0.7900000207900022,0.9999999910000028,0.0,0.9999999910000028,0.9400000059400027,0.9079785909079812,0.08337689945116697,1.000000000330095,0.74084728,13.191317,104.98095,43.281688,-39.409627,-17.899584,-129.16692,-10.97815,-12.89928,-6.9748151,-15.230232,20.39767,94.681398,57.675871,-1587.8535,10.906849,156.93894,196.92938,-73.477519,0.74084728,839.21571,125.76901
2202.0,1924.7482,22.222222,18.666667,15.111111,1.3588966,4.1037013,0.0,315.94046,37.34719,46.29735,28.372499,22.222222,17.555556,22.222222,0.0,22.222222,21.888889,20.777778,0.1871061,727.06233,0.5068526678913446,0.9999999910000028,0.8400000158400024,0.6799999956800019,0.2517267659735808,0.33590639930196786,0.0,0.03087822891056925,0.41799225508023585,0.266261883269774,0.4407440103743123,0.9999999910000028,0.7900000207900022,0.9999999910000028,0.0,0.9999999910000028,0.9850000059850027,0.9350000109350027,0.08337689945116697,1.000000000330095,0.70567305,12.498791,103.70075,41.793014,-38.251416,-17.520265,-123.86368,-10.658398,-12.471584,-6.4345809,-14.60442,19.293532,91.856356,54.985567,-1541.4207,10.335029,158.92005,196.32853,-71.152355,0.70567305,839.2505299999999,345.60984
2203.0,1855.1731,22.222222,19.111111,15.111111,1.3588966,3.4621814,0.0,0.0,37.34719,46.29735,28.372499,22.222222,17.555556,22.222222,0.0,22.222222,22.222222,21.444444,0.17182321,727.06233,0.4885311414424267,0.9999999910000028,0.8599999958600025,0.6799999956800019,0.2517267659735806,0.28339511157994046,0.0,0.0,0.41799225508023596,0.266261883269774,0.4407440103743126,0.9999999910000028,0.7900000207900022,0.9999999910000028,0.0,0.9999999910000028,0.9999999910000028,0.9649999809650027,0.07656664589527945,1.000000000330095,0.67625007,11.884194,102.51383,40.406146,-37.159221,-19.749731,-117.57538,-10.350764,-11.790328,-6.3563772,-14.023598,18.36398,89.235882,52.488151,-1496.4359,9.8263978,161.05632,195.7633,-69.837642,0.67625007,839.27991,-0.0
2204.0,1855.1731,22.222222,19.444444,15.0,1.3588966,3.4621814,0.0,302.39923,39.375661,46.29735,29.983677,22.222222,17.555556,22.222222,0.0,22.222222,22.222222,22.0,0.1871061,727.06233,0.4885311414424267,0.9999999910000028,0.8749999808750025,0.6750000006750019,0.25172676597358057,0.2833951115799403,0.0,0.029554785880605075,0.44069503854680636,0.26626188326977407,0.4657723680507674,0.9999999910000028,0.7900000207900022,0.9999999910000028,0.0,0.9999999910000028,0.9999999910000028,0.9900000009900028,0.08337689945116696,1.000000000330095,0.6417061,11.308217,101.41804,39.132336,-35.673802,-19.422919,-114.12082,-10.046563,-10.902107,-6.110999,-12.807633,17.514894,86.827007,50.170498,-1461.5464,9.3491864,163.32525,195.22651,-67.221346,0.6417061,839.4399199999999,346.05334
2205.0,1855.1731,22.222222,19.888889,15.0,1.3588966,4.1037013,0.0,148.77267,39.375661,48.604043,29.983677,22.222222,17.666667,22.222222,0.0,22.222222,22.222222,22.222222,0.1871061,727.06233,0.4885311414424267,0.9999999910000028,0.8950000058950025,0.6750000006750019,0.2517267659735807,0.3359063993019679,0.0,0.014540197098834936,0.4406950385468062,0.2795279648555497,0.4657723680507677,0.9999999910000028,0.7950000157950022,0.9999999910000028,0.0,0.9999999910000028,0.9999999910000028,0.9999999910000028,0.08337689945116694,1.000000000330095,0.60935038,10.758096,100.41747,37.977069,-33.103955,-16.097024,-107.63762,-9.7539443,-10.586502,-5.5408662,-12.282164,16.69955,84.625717,47.978597,-1413.9094,8.8935074,165.74741,194.71741,-65.384252,0.60935038,839.43414,-0.0
2206.0,1784.5573,22.222222,20.333333,15.0,1.2638374,3.7574118,0.0,0.0,39.375661,48.604043,33.757395,22.222222,17.777778,22.222222,0.0,22.222222,22.222222,22.222222,0.17182321,727.06233,0.4699355627452851,0.9999999910000028,0.9149999859150025,0.6750000006750019,0.23411766680294777,0.3075610470071802,0.0,0.0,0.4406950385468068,0.2795279648555495,0.5243940497483063,0.9999999910000028,0.8000000108000024,0.9999999910000028,0.0,0.9999999910000028,0.9999999910000028,0.9999999910000028,0.07656664589527945,1.000000000330095,0.58449449,10.261225,99.513046,36.929951,-35.686626,-16.087017,-104.25577,-9.5145384,-10.49427,-5.4166862,-10.204345,15.96596,82.610683,45.87366,-1382.9914,8.4818876,168.28861,194.23562,-65.883022,0.58449449,839.58274,414.29609
2207.0,1855.1731,22.222222,20.888889,15.111111,1.2638374,3.7574118,0.0,0.0,39.375661,48.604043,29.983677,22.222222,17.888889,22.222222,0.0,22.222222,22.222222,22.222222,0.17182321,727.06233,0.48853114144242676,0.9999999910000028,0.9400000059400027,0.6799999956800019,0.23411766680294777,0.30756104700717996,0.0,0.0,0.44069503854680675,0.2795279648555495,0.46577236805076727,0.9999999910000028,0.8050000058050022,0.9999999910000028,0.0,0.9999999910000028,0.9999999910000028,0.9999999910000028,0.07656664589527948,1.000000000330095,0.57231543,9.790762,98.707873,36.018867,-34.19749,-15.568456,-98.357033,-9.3445267,-9.5937866,-5.2860916,-11.915451,15.247197,80.763879,43.739738,-1343.9619,8.0926776,170.9332,193.78331,-64.136785,0.57231543,839.67336,-0.0
2208.0,1784.5573,22.222222,21.333333,15.222222,1.2638374,3.7574118,0.0,0.0,39.375661,48.604043,33.757395,22.222222,18.111111,21.777778,0.0,22.222222,22.222222,22.222222,0.17182321,727.06233,0.4699355627452851,0.9999999910000028,0.9599999859600027,0.684999990685002,0.2341176668029479,0.30756104700718,0.0,0.0,0.44069503854680675,0.27952796485554976,0.5243940497483063,0.9999999910000028,0.8149999958150024,0.9800000109800029,0.0,0.9999999910000028,0.9999999910000028,0.9999999910000028,0.0765666458952795,1.000000000330095,0.54413377,9.3430976,98.00736,35.224463,-34.495905,-15.789704,-97.773998,-9.0877709,-9.920957,-5.0164591,-9.7421554,14.532369,79.078772,41.526185,-1320.8881,7.7230624,173.66772,193.36521,-64.245258,0.54413377,839.7271499999999,-0.0
2209.0,1712.9008,22.222222,22.0,15.444444,1.2638374,3.7574118,0.0,0.0,39.375661,48.604043,33.757395,22.222222,18.333333,21.222222,0.0,22.222222,22.222222,22.222222,0.17182321,727.06233,0.4510659317999197,0.9999999910000028,0.9900000009900028,0.694999980695002,0.23411766680294777,0.3075610470071801,0.0,0.0,0.44069503854680664,0.27952796485554965,0.5243940497483061,0.9999999910000028,0.8249999858250023,0.9549999909550027,0.0,0.9999999910000028,0.9999999910000028,0.9999999910000028,0.07656664589527944,1.000000000330095,0.4990761,8.8901255,97.395719,34.543424,-31.766929,-15.210202,-95.265873,-8.7274998,-9.2306838,-4.8532655,-9.0905334,13.785943,77.546891,39.274914,-1293.6367,7.3496169,176.43859,192.96445,-61.903608,0.4990761,839.7610299999999,-0.0
2210.0,1712.9008,22.222222,22.222222,15.666667,1.2638374,3.7574118,0.0,62.911986,39.375661,51.123663,28.372499,22.222222,18.555556,20.555556,0.0,22.222222,22.222222,22.222222,0.17182321,727.06233,0.4510659317999198,0.9999999910000028,0.9999999910000028,0.705000015705002,0.2341176668029479,0.30756104700717996,0.0,0.006148660747428583,0.4406950385468065,0.29401861640092286,0.4407440103743122,0.9999999910000028,0.8350000208350024,0.9250000209250027,0.0,0.9999999910000028,0.9999999910000028,0.9999999910000028,0.07656664589527941,1.000000000330095,0.46354715,8.4442118,96.854548,33.969546,-32.348976,-14.955163,-89.475293,-8.413838,-9.1404749,-4.5628706,-11.333382,13.055323,76.157857,37.152979,-1257.2686,6.98189,179.20773,192.56231,-60.538007,0.46354715,839.78046,494.03362
2211.0,1640.2036,22.222222,22.222222,15.888889,1.2638374,3.7574118,0.0,108.81673,41.611844,51.123663,29.983677,22.222222,18.777778,20.0,0.0,22.222222,22.222222,22.222222,0.17182321,727.06233,0.4319222486063309,0.9999999910000028,0.9999999910000028,0.7150000057150021,0.23411766680294793,0.3075610470071802,0.0,0.01063513010723476,0.4657225486470866,0.294018616400923,0.4657723680507677,0.9999999910000028,0.8450000108450024,0.9000000009000025,0.0,0.9999999910000028,0.9999999910000028,0.9999999910000028,0.07656664589527944,1.000000000330095,0.4340956,8.0456313,96.373775,33.480549,-29.966343,-14.343602,-80.319306,-8.1687748,-8.1168476,-4.3364341,-10.384954,12.431232,74.901,35.11805,-1210.8336,6.6525265,181.90824,192.14792,-58.535352,0.4340956,839.7545299999999,-0.0
2212.0,1640.2036,22.222222,22.222222,16.222222,1.2638374,3.7574118,0.0,0.0,41.611844,53.887118,35.986632,22.222222,19.111111,19.444444,0.0,22.222222,22.222222,22.222222,0.17182321,727.06233,0.4319222486063309,0.9999999910000028,0.9999999910000028,0.729999990730002,0.23411766680294782,0.30756104700718007,0.0,0.0,0.46572254864708673,0.3099115937015949,0.5590234581573009,0.9999999910000028,0.8599999958600025,0.8749999808750025,0.0,0.9999999910000028,0.9999999910000028,0.9999999910000028,0.07656664589527948,1.000000000330095,0.41414959,7.6854324,95.942249,33.065455,-29.756523,-14.17924,-76.841372,-7.9819535,-7.6259637,-3.8843262,-7.4160452,11.899122,73.759184,33.195624,-1181.72,6.3541193,184.43918,191.71021,-57.247363,0.41414959,839.8535099999999,397.88399
2213.0,1640.2036,22.222222,22.222222,16.666667,1.2638374,3.2074928,0.0,0.0,35.498777,53.887118,29.983677,22.222222,19.444444,18.777778,0.0,22.222222,22.222222,22.222222,0.15872024,727.06233,0.4319222486063309,0.9999999910000028,0.9999999910000028,0.7500000157500022,0.23411766680294782,0.26254770473547534,0.0,0.0,0.397304692824826,0.3099115937015953,0.4657723680507675,0.9999999910000028,0.8749999808750025,0.8450000108450024,0.0,0.9999999910000028,0.9999999910000028,0.9999999910000028,0.07072779290116726,1.000000000330095,0.41223763,7.3539449,95.56005,32.724308,-29.577603,-16.553747,-71.289546,-7.8797416,-9.4041469,-3.8774284,-9.5969066,11.429033,72.7259,31.346212,-1151.0108,6.0790453,186.70259,191.24837,-56.570914,0.41223763,839.91256,-0.0
2214.0,1640.2036,22.222222,22.222222,17.0,1.1803827,2.9855315,0.0,0.0,41.611844,53.887118,29.983677,22.222222,19.777778,18.222222,0.0,22.222222,22.222222,22.222222,0.15872024,727.06233,0.4319222486063308,0.9999999910000028,0.9999999910000028,0.7650000007650022,0.21865822585924724,0.24437917451925734,0.0,0.0,0.46572254864708673,0.3099115937015952,0.46577236805076777,0.9999999910000028,0.8900000108900026,0.8199999908200023,0.0,0.9999999910000028,0.9999999910000028,0.9999999910000028,0.07072779290116729,1.000000000330095,0.39821078,7.0450997,95.239755,32.469673,-29.458319,-16.718702,-71.378662,-7.7353118,-7.2732052,-3.86178,-9.698683,10.988721,71.815587,29.5686,-1140.0811,5.822818,188.54135,190.77164,-56.745804,0.39821078,839.91987,-0.0
2215.0,1640.2036,22.222222,22.222222,17.555556,1.1803827,3.4621814,0.0,0.0,44.089368,56.931604,35.986632,22.222222,20.222222,17.555556,0.0,22.222222,22.222222,22.222222,0.17182321,727.06233,0.4319222486063309,0.9999999910000028,0.9999999910000028,0.7900000207900022,0.21865822585924735,0.2833951115799403,0.0,0.0,0.49345116340432604,0.32742081563219055,0.5590234581573008,0.9999999910000028,0.9099999909100025,0.7900000207900022,0.0,0.9999999910000028,0.9999999910000028,0.9999999910000028,0.0765666458952795,1.000000000330095,0.37840345,6.7304842,94.988878,32.308937,-29.023402,-13.715868,-70.123276,-7.5903339,-6.9108129,-3.5235366,-6.9526037,10.503903,71.038378,27.826651,-1120.9235,5.5626391,189.68136,190.28452,-51.060676,0.37840345,840.01918,158.01501
2216.0,1640.2036,22.222222,22.222222,18.111111,1.1803827,3.4621814,0.0,0.0,41.611844,53.887118,28.372499,22.222222,20.666667,16.959693,0.0,22.222222,22.222222,22.222222,0.14736182,727.06233,0.4319222486063309,0.9999999910000028,0.9999999910000028,0.8149999958150024,0.21865822585924738,0.2833951115799403,0.0,0.0,0.46572254864708684,0.309911593701595,0.4407440103743123,0.9999999910000028,0.9300000159300027,0.7631861857631884,0.0,0.9999999910000028,0.9999999910000028,0.9999999910000028,0.0656663339628209,1.000000000330095,0.36694333,6.4447803,94.805798,32.252775,-28.282779,-13.578656,-67.736445,-7.4489509,-6.844751,-3.6561264,-9.3493845,10.049714,70.413513,26.184895,-1101.4478,5.3267098,189.7819,189.7819,-55.072796,0.36694333,840.03775,-0.0
2217.0,1566.4657,22.222222,22.222222,18.666667,1.1065298,3.4621814,0.0,0.0,41.611844,51.123663,28.372499,22.222222,21.222222,16.444444,0.0,22.222222,22.222222,22.222222,0.14736182,727.06233,0.41250451316451814,0.9999999910000028,0.9999999910000028,0.8400000158400024,0.2049774559796477,0.28339511157994046,0.0,0.0,0.46572254864708673,0.294018616400923,0.4407440103743127,0.9999999910000028,0.9549999909550027,0.7399999807400021,0.0,0.9999999910000028,0.9999999910000028,0.9999999910000028,0.06566633396282093,1.000000000330095,0.3461772,6.2117386,94.684675,32.295609,-30.176118,-13.438178,-66.595104,-7.2473529,-7.0362343,-3.6106055,-9.1570391,9.6843199,69.968933,24.704331,-1083.4151,5.1341464,189.25359,189.25359,-54.594671,0.3461772,840.17306,-0.0
2218.0,1566.4657,22.222222,22.222222,19.444444,1.1065298,3.4621814,0.0,0.0,44.089368,53.887118,29.983677,22.222222,21.888889,16.0,0.0,22.222222,22.222222,22.222222,0.14736182,727.06233,0.41250451316451814,0.9999999910000028,0.9999999910000028,0.8749999808750025,0.20497745597964762,0.2833951115799402,0.0,0.0,0.4934511634043256,0.309911593701595,0.4657723680507675,0.9999999910000028,0.9850000059850027,0.720000000720002,0.0,0.9999999910000028,0.9999999910000028,0.9999999910000028,0.0656663339628209,1.000000000330095,0.32276904,6.0094001,94.613607,32.401304,-27.744216,-12.795248,-63.846047,-7.0342935,-6.1616941,-3.3842094,-8.2394552,9.3711254,69.715021,23.420421,-1063.1702,4.9668445,188.6859,188.6859,-52.634594,0.32276904,840.25324,203.50844
2219.0,1491.6872,22.222222,22.222222,20.222222,1.1065298,2.7903703,0.0,0.0,35.498777,56.931604,29.983677,22.222222,22.222222,15.555556,0.0,22.222222,22.222222,22.222222,0.14736182,727.06233,0.3928127518079351,0.9999999910000028,0.9999999910000028,0.9099999909100025,0.20497745597964775,0.2284043529659803,0.0,0.0,0.3973046928248257,0.3274208156321909,0.4657723680507677,0.9999999910000028,0.9999999910000028,0.700000020700002,0.0,0.9999999910000028,0.9999999910000028,0.9999999910000028,0.06566633396282091,1.000000000330095,0.29511374,5.8020394,94.580892,32.595457,-27.210485,-15.177323,-58.945826,-6.8172855,-7.9358631,-3.107633,-7.8823207,9.0447531,69.635521,22.266377,-1037.1368,4.795531,188.06898,188.06898,-51.836986,0.29511374,840.30211,-0.0
2220.0,1491.6872,22.222222,22.222222,21.111111,1.1065298,3.4621814,0.0,0.0,46.105797,56.931604,29.983677,22.222222,22.222222,15.222222,0.0,22.222222,22.222222,22.222222,0.14736182,727.06233,0.3928127518079351,0.9999999910000028,0.9999999910000028,0.9499999959500027,0.20497745597964773,0.2833951115799404,0.0,0.0,0.5160191719993285,0.32742081563219055,0.4657723680507676,0.9999999910000028,0.9999999910000028,0.684999990685002,0.0,0.9999999910000028,0.9999999910000028,0.9999999910000028,0.06566633396282091,1.000000000330095,0.27718346,5.5706527,94.575342,32.830323,-27.056423,-12.43063,-55.272091,-6.6740554,-5.4734707,-2.9641487,-7.6876412,8.6749183,69.716148,21.250576,-1012.8309,4.6045025,187.39363,187.39363,-51.265701,0.27718346,840.3884099999999,395.37333
2221.0,1491.6872,22.222222,22.222222,22.0,1.1065298,3.2074928,0.0,0.0,44.089368,60.302287,38.5029,22.222222,22.222222,15.111111,0.0,22.222222,22.222222,22.222222,0.15872024,727.06233,0.392812751807935,0.9999999910000028,0.9999999910000028,0.9900000009900028,0.20497745597964767,0.2625477047354755,0.0,0.0,0.49345116340432565,0.34680603753982486,0.5981116628831711,0.9999999910000028,0.9999999910000028,0.6799999956800019,0.0,0.9999999910000028,0.9999999910000028,0.9999999910000028,0.07072779290116725,1.000000000330095,0.27518341,5.2711683,94.597781,33.131989,-26.391473,-12.712051,-49.712716,-6.6265991,-5.5172211,-2.6998614,-5.423712,8.1645387,69.94705,20.386137,-988.51615,4.3579781,186.66211,186.66211,-46.626584,0.27518341,840.4207299999999,-0.0
2222.0,1491.6872,22.222222,22.222222,22.222222,1.0407117,3.2074928,0.0,0.0,46.849529,58.132927,29.983677,22.222222,22.222222,14.888889,0.0,22.222222,22.222222,22.222222,0.13742129,727.06233,0.3928127518079351,0.9999999910000028,0.9999999910000028,0.9999999910000028,0.19278508059543842,0.2625477047354754,0.0,0.0,0.524343070419941,0.334329775311207,0.4657723680507676,0.9999999910000028,0.9999999910000028,0.670000005670002,0.0,0.9999999910000028,0.9999999910000028,0.9999999910000028,0.06123670515701873,1.000000000330095,0.27382288,4.8913638,94.652133,33.517451,-26.386642,-12.180391,-50.380451,-6.5684857,-5.0441249,-2.6828224,-7.3356009,7.4935126,70.331214,19.651666,-983.6222,4.045902,185.88034,185.88034,-50.374021,0.27382288,840.53676,12.797321
2223.0,1491.6872,22.222222,22.222222,22.222222,1.0407117,3.2074928,0.0,0.0,44.089368,56.931604,28.372499,22.111111,22.222222,14.888889,0.0,22.222222,22.222222,22.222222,0.13742129,727.06233,0.392812751807935,0.9999999910000028,0.9999999910000028,0.9999999910000028,0.19278508059543842,0.2625477047354755,0.0,0.0,0.493451163404326,0.32742081563219066,0.44074401037431254,0.9949999959950029,0.9999999910000028,0.670000005670002,0.0,0.9999999910000028,0.9999999910000028,0.9999999910000028,0.061236705157018706,1.000000000330095,0.26939856,4.4634637,94.736932,33.961741,-26.268354,-12.127488,-50.547155,-6.4901805,-5.3768373,-2.6938008,-7.7285235,6.7459512,70.873083,19.050405,-978.15885,3.6941256,185.0509,185.0509,-50.178336,0.26939856,840.5416799999999,-0.0
2224.0,1491.6872,21.777778,22.222222,22.222222,0.98168493,2.6174317,0.0,0.0,32.254043,51.123663,28.372499,20.444444,22.222222,15.0,0.0,21.888889,22.222222,22.222222,0.12864876,727.06233,0.39281275180793507,0.9800000109800029,0.9999999910000028,0.9999999910000028,0.18185075496833306,0.21424855112281896,0.0,0.0,0.360989412296478,0.29401861640092286,0.4407440103743122,0.9199999809200026,0.9999999910000028,0.6750000006750019,0.0,0.9850000059850027,0.9999999910000028,0.9999999910000028,0.05732755226599936,1.000000000330095,0.25913501,4.0758723,94.850625,34.477021,-26.649441,-14.688319,-50.448769,-6.3770089,-7.5903105,-2.9416607,-7.6401573,6.1165425,71.580747,18.615518,-971.16129,3.3743718,184.17855,184.17855,-49.961481,0.25913501,840.56468,-0.0
2225.0,1491.6872,20.333333,22.222222,22.222222,0.98168493,2.9855315,0.0,0.0,46.849529,56.931604,29.983677,19.111111,22.222222,15.222222,0.0,20.333333,22.222222,22.222222,0.12864876,727.06233,0.3928127518079351,0.9149999859150025,0.9999999910000028,0.9999999910000028,0.1818507549683331,0.24437917451925747,0.0,0.0,0.5243430704199407,0.32742081563219083,0.4657723680507676,0.8599999958600025,0.9999999910000028,0.684999990685002,0.0,0.9149999859150025,0.9999999910000028,0.9999999910000028,0.057327552265999386,1.000000000330095,0.23733976,3.7150421,94.991952,35.064001,-25.95696,-11.874628,-49.235534,-6.2081588,-4.7122425,-2.5475177,-6.9349311,5.5688633,72.453971,18.295745,-956.93454,3.0757801,183.27314,183.27314,-48.533584,0.23733976,840.62942,-0.0
2226.0,1415.8679,19.0,22.222222,22.222222,0.98168493,2.4631244,0.0,0.0,33.807465,53.887118,23.241259,18.0,22.222222,15.555556,0.0,19.0,22.222222,22.222222,0.12864876,727.06233,0.37284691186967495,0.8550000008550024,0.9999999910000028,0.9999999910000028,0.18185075496833308,0.2016178049403401,0.0,0.0,0.3783754154970201,0.30991159370159493,0.3610343134669977,0.8100000008100023,0.9999999910000028,0.700000020700002,0.0,0.8550000008550024,0.9999999910000028,0.9999999910000028,0.05732755226599939,1.000000000330095,0.22699251,3.397671,95.154898,35.71801,-25.853162,-14.388069,-46.713728,-6.0962615,-6.7324134,-2.6431952,-9.2340996,5.1346584,73.478697,18.124747,-942.05727,2.8120556,182.33665,182.33665,-48.143245,0.22699251,840.7259799999999,275.00231
2227.0,1491.6872,17.777778,22.222222,22.222222,0.92844985,2.9855315,0.0,0.0,46.849529,60.302287,29.983677,17.111111,22.222222,16.111111,0.0,17.888889,22.222222,22.222222,0.12084978,727.06233,0.39281275180793496,0.8000000108000024,0.9999999910000028,0.9999999910000028,0.17198930228330547,0.24437917451925723,0.0,0.0,0.5243430704199408,0.3468060375398252,0.4657723680507675,0.7699999957700022,0.9999999910000028,0.7249999957250021,0.0,0.8050000058050022,0.9999999910000028,0.9999999910000028,0.05385222585343635,1.000000000330095,0.22598018,3.1179616,95.349449,36.449567,-25.541768,-11.661372,-42.77314,-6.0411711,-4.2725298,-2.2517226,-6.5814662,4.7755972,74.648962,18.096604,-919.79591,2.5790785,181.37764,181.37764,-47.666164,0.22598018,840.76933,-0.0
2228.0,1491.6872,16.888889,22.222222,22.222222,0.92844985,2.3245915,0.0,0.0,33.807465,53.887118,22.209654,16.444444,22.222222,16.777778,0.0,16.888889,22.222222,22.222222,0.12084978,727.06233,0.3928127518079351,0.7600000057600022,0.9999999910000028,0.9999999910000028,0.17198930228330542,0.19027826431055314,0.0,0.0,0.37837541549702014,0.30991159370159527,0.3450091573881417,0.7399999807400021,0.9999999910000028,0.7550000107550022,0.0,0.7600000057600022,0.9999999910000028,0.9999999910000028,0.05385222585343639,1.000000000330095,0.22160973,2.8878216,95.594176,37.290323,-25.100596,-14.279572,-43.02495,-5.974775,-6.5659508,-2.4691616,-9.163331,4.4827765,75.973833,18.195427,-916.09959,2.3873084,180.41137,180.41137,-47.68443,0.22160973,840.7815499999999,-0.0
2229.0,1422.4949,16.111111,22.222222,22.222222,0.92844985,2.3245915,0.0,0.0,33.807465,53.887118,22.209654,15.888889,22.222222,17.555556,0.0,16.222222,22.222222,22.222222,0.11387082,727.06233,0.37459202981815043,0.7249999957250021,0.9999999910000028,0.9999999910000028,0.1719893022833055,0.1902782643105531,0.0,0.0,0.37837541549702036,0.30991159370159493,0.3450091573881415,0.7150000057150021,0.9999999910000028,0.7900000207900022,0.0,0.729999990730002,0.9999999910000028,0.9999999910000028,0.05074231096453796,1.000000000330095,0.20938011,2.6983189,95.90013,38.239791,-25.100596,-14.118527,-42.686254,-5.8771464,-6.3876328,-2.4256684,-8.9662363,4.2163253,77.453146,18.420992,-910.15244,2.2299995,179.44758,179.44758,-47.297486,0.20938011,840.82832,-0.0
2230.0,1415.8679,15.777778,22.222222,22.222222,0.88019393,2.7903703,0.0,0.0,32.254043,53.887118,28.372499,15.555556,22.222222,18.555556,0.0,15.777778,22.222222,22.222222,0.11387082,727.06233,0.372846911869675,0.710000010710002,0.9999999910000028,0.9999999910000028,0.1630502066371174,0.22840435296598013,0.0,0.0,0.36098941229647813,0.3099115937015951,0.44074401037431254,0.700000020700002,0.9999999910000028,0.8350000208350024,0.0,0.710000010710002,0.9999999910000028,0.9999999910000028,0.05074231096453796,1.000000000330095,0.19433493,2.5650506,96.257391,39.288904,-24.880011,-11.409595,-41.614592,-5.7375659,-6.3110999,-2.3541374,-6.4968743,4.0218202,79.07385,18.757916,-898.22746,2.1195405,178.47844,178.47844,-46.928807,0.19433493,840.8408499999999,-0.0
2231.0,1339.008,15.777778,22.222222,22.222222,0.88019393,2.7903703,0.0,0.0,46.849529,60.302287,28.372499,15.666667,22.222222,19.666667,0.0,15.777778,22.222222,22.222222,0.12864876,727.06233,0.35260704601664444,0.710000010710002,0.9999999910000028,0.9999999910000028,0.16305020663711733,0.2284043529659803,0.0,0.0,0.524343070419941,0.346806037539825,0.4407440103743128,0.705000015705002,0.9999999910000028,0.8850000158850025,0.0,0.710000010710002,0.9999999910000028,0.9999999910000028,0.057327552265999414,1.000000000330095,0.16447987,2.4972551,96.656945,40.442148,-24.659425,-11.308884,-39.435531,-5.5235394,-3.941146,-1.9839714,-6.3090833,3.9247793,80.825029,19.218482,-882.94095,2.0633049,177.4975,177.4975,-41.69392,0.16447987,840.7889299999999,-0.0
2232.0,1182.166,16.333333,22.222222,22.222222,0.88019393,2.6174317,0.0,0.0,33.807465,56.931604,22.209654,16.222222,22.222222,21.0,0.0,16.333333,22.222222,22.222222,0.107589,727.06233,0.311305131232459,0.734999985735002,0.9999999910000028,0.9999999910000028,0.1630502066371173,0.21424855112281885,0.0,0.0,0.3783754154970199,0.32742081563219055,0.3450091573881416,0.729999990730002,0.9999999910000028,0.9450000009450027,0.0,0.734999985735002,0.9999999910000028,0.9999999910000028,0.04794305068114617,1.000000000330095,0.12892037,2.4862477,97.07683,41.666626,-24.218254,-11.107463,-35.601843,-5.2330577,-5.7080304,-2.0206897,-8.3559154,3.9244018,82.682674,19.778691,-870.34639,2.053811,176.48788,176.48788,-45.620168,0.12892037,840.83492,-0.0
2233.0,1021.1613,16.888889,22.222222,22.222222,0.83624982,2.6174317,0.0,0.0,49.943619,72.996154,28.372499,16.888889,22.222222,22.222222,0.0,16.888889,22.222222,22.222222,0.107589,727.06233,0.26890703378883213,0.7600000057600022,0.9999999910000028,0.9999999910000028,0.15490984577825057,0.21424855112281904,0.0,0.0,0.5589723331977079,0.4198100633295527,0.4407440103743127,0.7600000057600022,0.9999999910000028,0.9999999910000028,0.0,0.7600000057600022,0.9999999910000028,0.9999999910000028,0.04794305068114616,1.000000000330095,0.10342081,2.4872723,97.494244,42.95367,-23.997668,-10.906041,-28.7575,-5.0611188,-3.1257008,-1.4417652,-5.6425109,3.940506,84.615018,20.407736,-841.56787,2.0543175,175.43353,175.43353,-44.790641,0.10342081,840.9371699999999,584.41984
2234.0,1102.184,17.555556,22.222222,22.222222,0.83624982,2.6174317,0.0,0.0,37.34719,78.38144,22.209654,17.666667,22.222222,22.222222,0.0,17.555556,22.222222,22.222222,0.107589,727.06233,0.29024310863475744,0.7900000207900022,0.9999999910000028,0.9999999910000028,0.15490984577825048,0.21424855112281907,0.0,0.0,0.4179922550802361,0.45078152049300446,0.34500915738814164,0.7950000157950022,0.9999999910000028,0.9999999910000028,0.0,0.7900000207900022,0.9999999910000028,0.9999999910000028,0.04794305068114617,1.000000000330095,0.10609026,2.4986011,97.892964,44.289694,-23.335911,-10.654264,-19.594215,-5.0530546,-4.7735771,-1.2774306,-7.6047512,3.979181,86.606029,21.064716,-810.8574,2.0631948,174.32479,174.32479,-43.776775,0.10609026,840.8691799999999,-0.0
2235.0,1102.184,18.444444,22.222222,22.222222,0.83624982,2.6174317,0.0,0.0,53.436138,91.702961,29.983677,18.666667,22.222222,22.222222,0.0,18.444444,22.222222,22.222222,0.12084978,727.06233,0.2902431086347574,0.8299999808300024,0.9999999910000028,0.9999999910000028,0.1549098457782505,0.214248551122819,0.0,0.0,0.5980608400631666,0.5273952633849378,0.4657723680507674,0.8400000158400024,0.9999999910000028,0.9999999910000028,0.0,0.8299999808300024,0.9999999910000028,0.9999999910000028,0.05385222585343635,1.000000000330095,0.1041885,2.5387846,98.276367,45.681337,-23.238934,-10.632126,-19.664825,-5.0409774,-2.5735238,-1.0175608,-5.1833532,4.0669263,88.654103,21.77315,-809.25244,2.095824,173.17225,173.17225,-38.962215,0.1041885,841.0561,-0.0
2236.0,1102.184,19.555556,22.222222,22.222222,0.79606432,2.4631244,0.0,0.0,35.498777,78.38144,21.255809,19.888889,22.222222,22.222222,0.0,19.555556,22.222222,22.222222,0.10190483,727.06233,0.29024310863475744,0.8800000208800025,0.9999999910000028,0.9999999910000028,0.14746574300101833,0.20161780494034,0.0,0.0,0.39730469282482594,0.45078152049300474,0.3301919405270014,0.8950000058950025,0.9999999910000028,0.9999999910000028,0.0,0.8800000208800025,0.9999999910000028,0.9999999910000028,0.04541011097178696,1.000000000330095,0.10906002,2.5955593,98.641688,47.116098,-23.238934,-10.621057,-19.820129,-5.0268796,-4.7549036,-1.2583096,-7.5944313,4.1737904,90.752385,22.527774,-811.20235,2.1423105,171.97742,171.97742,-43.695734,0.10906002,841.05287,-0.0
2237.0,1102.184,20.888889,22.222222,22.222222,0.75917499,2.4631244,0.0,0.0,35.498777,72.996154,28.372499,21.222222,22.222222,22.222222,0.0,20.888889,22.222222,22.222222,0.096736901,727.06233,0.29024310863475744,0.9400000059400027,0.9999999910000028,0.9999999910000028,0.14063223430003827,0.20161780494034012,0.0,0.0,0.3973046928248264,0.41981006332955234,0.44074401037431243,0.9549999909550027,0.9999999910000028,0.9999999910000028,0.0,0.9400000059400027,0.9999999910000028,0.9999999910000028,0.04310721493256762,1.000000000330095,0.10871566,2.6695608,98.988787,48.606744,-23.190445,-10.598919,-19.623562,-4.9999751,-4.7175565,-1.2402508,-5.1317536,4.3005798,92.903513,23.305601,-812.66744,2.2032094,170.73911,170.73911,-43.614692,0.10871566,841.03685,-0.0
2238.0,1102.184,22.222222,22.222222,22.222222,0.75917499,2.3245915,0.0,0.0,33.807465,72.996154,20.371251,22.222222,22.222222,22.222222,0.0,22.222222,22.222222,22.222222,0.096736901,727.06233,0.2902431086347574,0.9999999910000028,0.9999999910000028,0.9999999910000028,0.14063223430003827,0.19027826431055314,0.0,0.0,0.3783754154970202,0.41981006332955234,0.3164510416259673,0.9999999910000028,0.9999999910000028,0.9999999910000028,0.0,0.9999999910000028,0.9999999910000028,0.9999999910000028,0.04310721493256764,1.000000000330095,0.10598604,2.7680428,99.312379,50.148848,-23.141957,-10.576781,-19.282075,-4.9616219,-4.6802095,-1.2115691,-7.5221918,4.4681058,95.10298,24.153322,-813.43035,2.2842846,169.45183,169.45183,-43.513389,0.10598604,841.1128699999999,-0.0
2239.0,1102.184,22.222222,22.222222,22.222222,0.72519226,2.3245915,0.0,0.0,33.807465,72.996154,28.372499,22.222222,22.222222,22.222222,0.0,22.222222,22.222222,22.222222,0.107589,727.06233,0.2902431086347574,0.9999999910000028,0.9999999910000028,0.9999999910000028,0.13433715436396862,0.19027826431055325,0.0,0.0,0.37837541549702003,0.41981006332955245,0.44074401037431243,0.9999999910000028,0.9999999910000028,0.9999999910000028,0.0,0.9999999910000028,0.9999999910000028,0.9999999910000028,0.04794305068114617,1.000000000330095,0.096606181,2.8654851,99.609775,51.740557,-23.04498,-10.532505,-18.561173,-4.9014205,-4.6055154,-1.1669532,-5.0285544,4.6207712,97.346224,25.019213,-809.15046,2.3647969,168.1116,168.1116,-38.597527,0.096606181,841.21034,-0.0
2240.0,1102.184,22.222222,22.222222,22.222222,0.72519226,2.1995318,0.0,0.0,53.436138,78.38144,26.910967,22.222222,22.222222,22.222222,0.0,22.222222,22.222222,22.222222,0.10190483,727.06233,0.29024310863475733,0.9999999910000028,0.9999999910000028,0.9999999910000028,0.13433715436396862,0.18004156566857735,0.0,0.0,0.5980608400631666,0.4507815204930044,0.41804028325565457,0.9999999910000028,0.9999999910000028,0.9999999910000028,0.0,0.9999999910000028,0.9999999910000028,0.9999999910000028,0.04541011097178691,1.000000000330095,0.094940263,2.9778748,99.872223,53.373961,-22.996491,-10.488229,-17.206692,-4.8685367,-2.3214312,-1.094718,-4.9666349,4.8001417,99.619893,25.915087,-803.0817,2.457598,166.71021,166.71021,-38.415183,0.094940263,841.27927,128.46545
2241.0,1182.166,22.222222,22.222222,22.222222,0.69378563,2.1995318,0.0,0.0,33.807465,78.38144,26.910967,22.222222,22.222222,22.222222,0.0,22.222222,22.222222,22.222222,0.10190483,727.06233,0.311305131232459,0.9999999910000028,0.9999999910000028,0.9999999910000028,0.1285192802151711,0.1800415656685773,0.0,0.0,0.37837541549702003,0.45078152049300463,0.4180402832556547,0.9999999910000028,0.9999999910000028,0.9999999910000028,0.0,0.9999999910000028,0.9999999910000028,0.9999999910000028,0.045410110971786925,1.000000000330095,0.098737874,3.099731,100.09326,55.043597,-22.851026,-10.432884,-15.331685,-4.8761319,-4.4001066,-1.0012372,-4.8634357,4.9992626,101.91269,26.859273,-799.69846,2.5581034,165.24074,165.24074,-38.192318,0.098737874,841.2452999999999,-0.0
2242.0,1182.166,22.222222,22.222222,22.222222,0.66467285,2.0860709,0.0,0.0,33.807465,78.38144,19.548696,22.222222,22.222222,22.222222,0.0,22.222222,22.222222,22.222222,0.083711581,727.06233,0.311305131232459,0.9999999910000028,0.9999999910000028,0.9999999910000028,0.12312632687501232,0.17075428094818104,0.0,0.0,0.37837541549702014,0.45078152049300463,0.30367330958856614,0.9999999910000028,0.9999999910000028,0.9999999910000028,0.0,0.9999999910000028,0.9999999910000028,0.9999999910000028,0.0373029637833038,1.000000000330095,0.10633309,3.2191014,100.27186,56.749431,-22.851026,-10.432884,-15.523331,-4.8799295,-4.4001066,-1.0012372,-7.2951536,5.1913602,104.21725,27.82589,-803.63786,2.6566167,163.70061,163.70061,-42.966357,0.10633309,841.2411299999999,-0.0
2243.0,1261.1073,22.222222,22.222222,22.222222,0.63761149,2.0860709,0.0,0.0,32.254043,78.38144,25.579158,22.222222,22.222222,22.222222,0.0,22.222222,22.222222,22.222222,0.092017936,727.06233,0.3320931015819369,0.9999999910000028,0.9999999910000028,0.9999999910000028,0.11811338576113597,0.17075428094818104,0.0,0.0,0.3609894122964783,0.4507815204930043,0.39735169887284766,0.9999999910000028,0.9999999910000028,0.9999999910000028,0.0,0.9999999910000028,0.9999999910000028,0.9999999910000028,0.0410043830616742,1.000000000330095,0.10633309,3.3382334,100.40891,58.493761,-22.851026,-10.432884,-15.714977,-4.8875247,-4.4001066,-1.0012372,-4.8634357,5.3792864,106.53097,28.819281,-803.63786,2.7550364,162.08749,162.08749,-38.192318,0.10633309,841.19872,-0.0
2244.0,1261.1073,22.222222,22.222222,22.222222,0.63761149,1.9826667,0.0,0.0,32.254043,72.996154,25.579158,22.222222,22.222222,22.222222,0.0,22.222222,22.222222,22.222222,0.092017936,727.06233,0.33209310158193694,0.9999999910000028,0.9999999910000028,0.9999999910000028,0.11811338576113595,0.16229018233196335,0.0,0.0,0.360989412296478,0.4198100633295526,0.39735169887284794,0.9999999910000028,0.9999999910000028,0.9999999910000028,0.0,0.9999999910000028,0.9999999910000028,0.9999999910000028,0.0410043830616742,1.000000000330095,0.11013071,3.4527513,100.49826,60.284444,-22.851026,-10.432884,-15.906623,-4.8913224,-4.4001066,-1.0012372,-4.8634357,5.5594232,108.83625,29.833742,-807.57727,2.8496508,160.39245,160.39245,-38.192318,0.11013071,841.01024,-0.0
2245.0,1339.008,22.222222,22.222222,22.222222,0.6123921,1.9826667,0.0,0.0,30.822308,72.996154,24.360536,22.222222,22.222222,22.222222,0.0,22.222222,22.222222,22.222222,0.087691865,727.06233,0.3526070460166445,0.9999999910000028,0.9999999910000028,0.9999999910000028,0.11344165762190409,0.16229018233196332,0.0,0.0,0.3449653381605846,0.41981006332955245,0.3784213837317543,0.9999999910000028,0.9999999910000028,0.9999999910000028,0.0,0.9999999910000028,0.9999999910000028,0.9999999910000028,0.03907662984151938,1.000000000330095,0.11772593,3.5766166,100.53996,62.098922,-22.851026,-10.432884,-16.194092,-4.8989176,-4.4001066,-1.0012372,-4.8634357,5.7572246,111.11499,30.867953,-811.51667,2.9519184,158.61063,158.61063,-38.192318,0.11772593,840.71742,-0.0
2246.0,1415.8679,22.222222,22.222222,22.222222,0.5888328,1.8880388,0.0,0.0,29.4985,60.302287,17.394055,22.222222,22.222222,22.222222,0.0,22.222222,22.222222,22.222222,0.073475251,727.06233,0.3728469118696749,0.9999999910000028,0.9999999910000028,0.9999999910000028,0.10907745036904809,0.15454446332397734,0.0,0.0,0.3301491902465578,0.3468060375398249,0.27020269019557847,0.9999999910000028,0.9999999910000028,0.9999999910000028,0.0,0.9999999910000028,0.9999999910000028,0.9999999910000028,0.03274152266963107,1.000000000330095,0.12152354,3.7098292,100.53286,63.961719,-22.851026,-10.432884,-16.385738,-4.9103104,-4.4001066,-1.2515465,-7.2951536,5.9726906,113.36172,31.925491,-815.45607,3.0618393,156.73787,156.73787,-42.966357,0.12152354,840.34696,-0.0
2247.0,1491.6872,22.222222,22.222222,22.222222,0.56677489,1.8011155,0.0,0.0,29.4985,72.996154,24.360536,22.222222,22.222222,22.222222,0.0,22.222222,22.222222,22.222222,0.080037219,727.06233,0.3928127518079351,0.9999999910000028,0.9999999910000028,0.9999999910000028,0.10499136585869148,0.1474294004614721,0.0,0.0,0.33014919024655764,0.41981006332955245,0.3784213837317544,0.9999999910000028,0.9999999910000028,0.9999999910000028,0.0,0.9999999910000028,0.9999999910000028,0.9999999910000028,0.03566562052714492,1.000000000330095,0.12532115,3.8501418,100.47472,65.845928,-22.851026,-10.432884,-16.577384,-4.914108,-4.4001066,-1.0012372,-4.8634357,6.2029693,115.56761,33.02521,-815.45607,3.1775405,154.77482,154.77482,-38.192318,0.12532115,839.8310299999999,-0.0
2248.0,1566.4657,22.222222,22.222222,22.222222,0.54607929,1.8011155,0.0,0.0,28.270859,56.931604,16.171808,22.222222,22.222222,22.222222,0.0,22.222222,22.222222,22.222222,0.067787584,727.06233,0.41250451316451814,0.9999999910000028,0.9999999910000028,0.9999999910000028,0.1011576404244805,0.14742940046147215,0.0,0.0,0.3164093498457416,0.3274208156321907,0.2512160635876096,0.9999999910000028,0.9999999910000028,0.9999999910000028,0.0,0.9999999910000028,0.9999999910000028,0.9999999910000028,0.030207024651818053,1.000000000330095,0.13291637,3.9856019,100.36581,67.763924,-22.851026,-10.432884,-16.864853,-4.9217032,-4.4001066,-1.2515465,-7.2951536,6.4212872,117.73067,34.170091,-819.39547,3.2893343,152.72397,152.72397,-42.966357,0.13291637,839.27874,-0.0
2249.0,1566.4657,22.222222,22.222222,22.222222,0.52662357,1.7209925,0.0,0.0,28.270859,68.257107,22.209654,22.222222,22.222222,22.222222,0.0,22.222222,22.222222,22.222222,0.076634814,727.06233,0.41250451316451814,0.9999999910000028,0.9999999910000028,0.9999999910000028,0.09755359470438117,0.14087097272423113,0.0,0.0,0.3164093498457418,0.39255520794098325,0.3450091573881416,0.9999999910000028,0.9999999910000028,0.9999999910000028,0.0,0.9999999910000028,0.9999999910000028,0.9999999910000028,0.034149464829510534,1.000000000330095,0.13291637,4.1302902,100.20889,69.717624,-22.851026,-10.432884,-17.152322,-4.9292985,-4.4001066,-1.0012372,-4.8634357,6.655184,119.84968,35.311823,-819.39547,3.4087302,150.59109,150.59109,-38.192318,0.13291637,838.5741599999999,-0.0
2250.0,1640.2036,22.222222,22.222222,22.222222,0.52662357,1.646902,0.0,0.0,27.129274,56.931604,15.613775,22.222222,22.222222,22.222222,0.0,22.222222,22.222222,22.222222,0.062810397,727.06233,0.43192224860633094,0.9999999910000028,0.9999999910000028,0.9999999910000028,0.09755359470438119,0.13480633223066443,0.0,0.0,0.3036326539680659,0.32742081563219094,0.24254746860973306,0.9999999910000028,0.9999999910000028,0.9999999910000028,0.0,0.9999999910000028,0.9999999910000028,0.9999999910000028,0.027989125716141167,1.000000000330095,0.14051159,4.28184,100.00292,71.692463,-22.851026,-10.432884,-17.439791,-4.9406913,-4.4001066,-1.2515465,-7.2951536,6.8997222,121.90952,36.516253,-823.33487,3.5337958,148.38146,148.38146,-42.966357,0.14051159,837.7057299999999,-0.0
2251.0,1784.5573,22.222222,22.222222,22.222222,0.50829956,1.646902,0.0,0.0,26.065002,53.887118,15.087151,22.222222,22.222222,22.222222,0.0,22.222222,22.222222,22.222222,0.060547891,727.06233,0.46993556274528514,0.9999999910000028,0.9999999910000028,0.9999999910000028,0.09415919090870785,0.13480633223066452,0.0,0.0,0.29172125037120256,0.30991159370159493,0.2343667872492591,0.9999999910000028,0.9999999910000028,0.9999999910000028,0.0,0.9999999910000028,0.9999999910000028,0.9999999910000028,0.026980923764041997,1.000000000330095,0.14810681,4.4284182,99.749589,73.68832,-22.851026,-10.432884,-17.72726,-4.9482865,-4.4001066,-1.2515465,-7.2951536,7.1302138,123.9041,37.71051,-827.27427,3.6548943,146.10358,146.10358,-42.966357,0.14810681,836.84303,-0.0
2252.0,1855.1731,22.222222,22.222222,22.222222,0.49101129,1.5781873,0.0,0.0,26.065002,53.887118,14.589357,22.222222,22.222222,22.222222,0.0,22.222222,22.222222,22.222222,0.067787584,727.06233,0.48853114144242665,0.9999999910000028,0.9999999910000028,0.9999999910000028,0.09095665121850767,0.12918172513362375,0.0,0.0,0.29172125037120245,0.30991159370159493,0.22663395681016843,0.9999999910000028,0.9999999910000028,0.9999999910000028,0.0,0.9999999910000028,0.9999999910000028,0.9999999910000028,0.030207024651818064,1.000000000330095,0.15190442,4.5938103,99.451858,75.692486,-22.851026,-10.432884,-18.014729,-4.9558817,-4.4001066,-1.2515465,-7.2951536,7.3981204,125.82555,38.943672,-827.27427,3.7913675,143.7705,143.7705,-38.192318,0.15190442,835.9919299999999,-0.0
2253.0,1924.7482,22.222222,22.222222,22.222222,0.47467337,1.5142838,0.0,0.0,25.070446,51.123663,14.118089,22.222222,22.222222,22.222222,0.0,22.222222,22.222222,22.222222,0.065218769,727.06233,0.5068526678913446,0.9999999910000028,0.9999999910000028,0.9999999910000028,0.08793015769108618,0.12395093638499016,0.0,0.0,0.2805901129216759,0.29401861640092297,0.2193131865008249,0.9999999910000028,0.9999999910000028,0.9999999910000028,0.0,0.9999999910000028,0.9999999910000028,0.9999999910000028,0.02906232744545414,1.000000000330095,0.15570203,4.7519833,99.112296,77.71498,-22.851026,-10.432884,-18.302198,-4.963477,-4.4001066,-1.2515465,-7.2951536,7.6491285,127.65645,40.239661,-831.21367,3.9219922,141.40114,141.40114,-38.192318,0.15570203,834.9433799999999,-0.0
2254.0,1993.2826,22.222222,22.222222,22.222222,0.98168493,1.9826667,0.0,0.0,24.138974,60.302287,20.371251,22.222222,22.222222,22.222222,0.0,22.222222,22.222222,22.222222,0.062810397,727.06233,0.5249001420920387,0.9999999910000028,0.9999999910000028,0.9999999910000028,0.18185075496833308,0.1622901823319633,0.0,0.0,0.2701650158307275,0.3468060375398249,0.31645104162596754,0.9999999910000028,0.9999999910000028,0.9999999910000028,0.0,0.9999999910000028,0.9999999910000028,0.9999999910000028,0.02798912571614115,1.000000000330095,0.15949964,4.9147703,98.737662,79.730826,-11.425513,-7.8246634,-18.589668,-4.9710722,-4.4001066,-1.0012372,-4.8634357,7.9079261,129.37488,41.548802,-831.21367,4.0564222,139.02475,139.02475,-38.192318,0.15949964,833.92041,-0.0
2255.0,2060.7764,22.222222,22.222222,22.222222,0.43063775,1.4547033,0.0,0.0,24.138974,48.604043,19.548696,22.222222,22.222222,22.222222,0.0,22.222222,22.222222,22.222222,0.060547891,727.06233,0.5426735903779626,0.9999999910000028,0.9999999910000028,0.9999999910000028,0.07977284519928841,0.11907400462009514,0.0,0.0,0.27016501583072744,0.2795279648555497,0.30367330958856614,0.9999999910000028,0.9999999910000028,0.9999999910000028,0.0,0.9999999910000028,0.9999999910000028,0.9999999910000028,0.026980923764041976,1.000000000330095,0.16709486,5.0917572,98.329729,81.72504,-22.851026,-10.432884,-18.97296,-4.982465,-4.4001066,-1.2515465,-4.8634357,8.1963492,130.96745,42.893528,-831.21367,4.2024215,136.65631,136.65631,-38.192318,0.16709486,832.84849,-0.0
2256.0,2192.6418,22.222222,22.222222,22.222222,0.41741313,1.3990216,0.0,0.0,23.264768,48.604043,12.843805,22.222222,22.222222,22.222222,0.0,22.222222,22.222222,22.222222,0.058418389,727.06233,0.5773983038716857,0.9999999910000028,0.9999999910000028,0.9999999910000028,0.07732307026878266,0.11451620716197795,0.0,0.0,0.2603808436521868,0.2795279648555497,0.19951820684408686,0.9999999910000028,0.9999999910000028,0.9999999910000028,0.0,0.9999999910000028,0.9999999910000028,0.9999999910000028,0.02603199011551284,1.000000000330095,0.17469008,5.2709916,97.888316,83.684938,-22.851026,-10.432884,-19.356252,-4.9938578,-4.4001066,-1.2515465,-7.2951536,8.4876241,132.43182,44.271753,-835.15307,4.3502766,134.29624,134.29624,-38.192318,0.17469008,831.52855,-0.0
2257.0,2257.0134,22.222222,22.222222,22.222222,0.40482765,1.346868,0.0,0.0,22.442704,38.738074,12.459952,22.222222,22.222222,22.222222,0.0,22.222222,22.222222,22.222222,0.056410498,727.06233,0.5943495690794851,0.9999999910000028,0.9999999910000028,0.9999999910000028,0.07499169187058426,0.11024720054918298,0.0,0.0,0.25118024823442503,0.22278753616532834,0.1935553584318192,0.9999999910000028,0.9999999910000028,0.9999999910000028,0.0,0.9999999910000028,0.9999999910000028,0.9999999910000028,0.02513724790231989,1.000000000330095,0.18228531,5.4546017,97.414816,85.587347,-22.851026,-10.432884,-19.739544,-5.0052507,-4.4001066,-1.5018557,-7.2951536,8.7825172,133.76685,45.682157,-839.09248,4.501835,131.94614,131.94614,-38.192318,0.18228531,830.3226199999999,-0.0
2258.0,2382.6347,22.222222,22.222222,22.222222,0.83624982,1.8011155,0.0,0.0,21.668253,46.29735,12.094148,22.222222,22.222222,22.222222,0.0,22.222222,22.222222,22.222222,0.05451409,727.06233,0.6274299954173194,0.9999999910000028,0.9999999910000028,0.9999999910000028,0.1549098457782505,0.14742940046147202,0.0,0.0,0.24251254070571548,0.2662618832697743,0.18787288675489847,0.9999999910000028,0.9999999910000028,0.9999999910000028,0.0,0.9999999910000028,0.9999999910000028,0.9999999910000028,0.024292183956599323,1.000000000330095,0.18608292,5.6404592,96.906325,87.417089,-11.425513,-7.8246634,-20.027013,-5.0166435,-4.4001066,-1.2515465,-7.2951536,9.0802621,134.97889,47.12904,-839.09248,4.6552662,129.60325,129.60325,-38.192318,0.18608292,828.8639099999999,-0.0
2259.0,2443.8843,22.222222,22.222222,22.222222,0.38139729,1.2518838,0.0,0.0,20.937394,44.177687,11.74515,22.222222,22.222222,22.222222,0.0,22.222222,22.222222,22.222222,0.052720131,727.06233,0.6435591302139008,0.9999999910000028,0.9999999910000028,0.9999999910000028,0.07065136991496473,0.10247231678447576,0.0,0.0,0.2343327177643996,0.2540714347391939,0.18245148280551038,0.9999999910000028,0.9999999910000028,0.9999999910000028,0.0,0.9999999910000028,0.9999999910000028,0.9999999910000028,0.0234927726110445,1.000000000330095,0.19367814,5.828445,96.362215,89.13622,-22.851026,-10.432884,-20.506128,-5.0280363,-4.4001066,-1.2515465,-7.2951536,9.3787732,136.0619,48.629938,-843.03188,4.8105107,127.26766,127.26766,-38.192318,0.19367814,827.5190799999999,-0.0
2260.0,2563.2614,22.222222,22.222222,22.222222,0.37047397,1.2085138,0.0,0.0,20.937394,35.722861,11.411826,22.222222,22.222222,22.222222,0.0,22.222222,22.222222,22.222222,0.051020537,727.06233,0.6749952430623928,0.9999999910000028,0.9999999910000028,0.9999999910000028,0.06862789585719277,0.09892228731772912,0.0,0.0,0.2343327177643995,0.20544666693977873,0.17727356187179166,0.9999999910000028,0.9999999910000028,0.9999999910000028,0.0,0.9999999910000028,0.9999999910000028,0.9999999910000028,0.022735411530642485,1.000000000330095,0.20127336,6.018559,95.782033,90.684544,-22.851026,-10.432884,-20.985243,-5.0432268,-4.4001066,-1.5018557,-7.2951536,9.6780504,137.0241,50.166123,-846.97128,4.967577,124.93754,124.93754,-38.192318,0.20127336,825.82147,-0.0
2261.0,2678.4758,22.222222,22.222222,22.222222,0.35004035,1.1675828,0.0,0.0,20.246548,42.223194,11.093143,22.222222,22.222222,22.222222,0.0,22.222222,22.222222,22.222222,0.049408053,727.06233,0.7053351732514435,0.9999999910000028,0.9999999910000028,0.9999999910000028,0.06484270051581577,0.09557190096533333,0.0,0.0,0.2266007230024598,0.24283089965419244,0.17232307712745826,0.9999999910000028,0.9999999910000028,0.9999999910000028,0.0,0.9999999910000028,0.9999999910000028,0.9999999910000028,0.022016867793508216,1.000000000330095,0.20507097,6.2205063,95.162946,91.995448,-22.851026,-10.432884,-21.368535,-5.0546196,-4.4001066,-1.2515465,-7.2951536,10.002016,137.86879,51.734743,-846.97128,5.1342801,122.60927,122.60927,-38.192318,0.20507097,824.2549399999999,-0.0
2262.0,2789.5274,22.222222,22.222222,22.222222,0.34047041,1.1288906,0.0,0.0,12.770108,34.362737,10.788157,22.222222,22.222222,22.222222,0.0,22.222222,22.222222,22.222222,0.04787615,727.06233,0.7345788944475988,0.9999999910000028,0.9999999910000028,0.9999999910000028,0.06306993130971043,0.09240477045730358,0.0,0.0,0.1429239051328403,0.19762442273529587,0.1675853642898256,0.9999999910000028,0.9999999910000028,0.9999999910000028,0.0,0.9999999910000028,0.9999999910000028,0.9999999910000028,0.021334231992751636,1.000000000330095,0.2164638,6.4319201,94.502113,92.956302,-22.851026,-10.432884,-21.847651,-5.0698101,-6.6001599,-1.5018557,-7.2951536,10.345731,138.59505,53.352568,-850.91068,5.3086875,120.27903,120.27903,-38.192318,0.2164638,822.5607399999999,-0.0
2263.0,2896.4162,22.222222,22.222222,22.222222,0.33129605,1.0922585,0.0,0.0,18.972432,33.088517,10.496004,22.222222,22.222222,22.222222,0.0,22.222222,22.222222,22.222222,0.046418935,727.06233,0.7627264066508596,0.9999999910000028,0.9999999910000028,0.9999999910000028,0.06137044072839806,0.08940626839530653,0.0,0.0,0.21234073128490885,0.19029622324007608,0.16304700181203016,0.9999999910000028,0.9999999910000028,0.9999999910000028,0.0,0.9999999910000028,0.9999999910000028,0.9999999910000028,0.020684878131312954,1.000000000330095,0.22026141,6.6312623,93.800541,93.384101,-22.851026,-10.432884,-22.326766,-5.0850005,-4.4001066,-1.5018557,-7.2951536,10.660587,139.21974,55.000147,-850.91068,5.4733474,117.94462,117.94462,-38.192318,0.22026141,821.0202899999999,-0.0
2264.0,2999.1423,22.222222,22.222222,22.222222,0.31403989,1.4547033,0.0,0.0,18.38372,31.892311,9.9470854,22.222222,22.222222,22.222222,0.0,22.222222,22.222222,22.222222,0.043707735,727.06233,0.7897777361946792,0.9999999910000028,0.9999999910000028,0.9999999910000028,0.05817384920706919,0.11907400462009514,0.0,0.0,0.20575182710034237,0.1834166920716917,0.1545199917262055,0.9999999910000028,0.9999999910000028,0.9999999910000028,0.0,0.9999999910000028,0.9999999910000028,0.9999999910000028,0.019476732326381932,1.000000000330095,0.22785663,6.8519043,93.05416,93.05416,-22.851026,-7.8246634,-22.805881,-5.0963933,-4.4001066,-1.5018557,-7.2951536,11.019882,139.75741,56.697825,-850.91068,5.6553656,115.59767,115.59767,-38.192318,0.22785663,819.1743899999999,-0.0
2265.0,3145.4262,22.222222,22.222222,22.222222,0.30591556,1.0245495,0.0,0.0,11.286544,31.892311,9.6889201,22.222222,22.222222,22.222222,0.0,22.222222,22.222222,22.222222,0.042444517,727.06233,0.8282993386487303,0.9999999910000028,0.9999999910000028,0.9999999910000028,0.05666886986088334,0.08386398236431868,0.0,0.0,0.12631975735315862,0.18341669207169148,0.1505096009015732,0.9999999910000028,0.9999999910000028,0.9999999910000028,0.0,0.9999999910000028,0.9999999910000028,0.9999999910000028,0.018913826038607768,1.000000000330095,0.23924946,7.058108,92.261243,92.261243,-22.851026,-10.432884,-23.380819,-5.1153814,-6.6001599,-1.5018557,-7.2951536,11.345379,140.23375,58.445006,-854.85008,5.8256952,113.22912,113.22912,-38.192318,0.23924946,817.2423899999999,-0.0
2266.0,3282.3439,22.222222,22.222222,22.222222,0.29058003,0.99319885,0.0,0.0,11.020247,26.014403,9.4407743,22.222222,22.222222,22.222222,0.0,22.222222,22.222222,22.222222,0.041237415,727.06233,0.8643544972022214,0.9999999910000028,0.9999999910000028,0.9999999910000028,0.05382806256812035,0.08129779072720408,0.0,0.0,0.12333934347058532,0.14961210382276433,0.14665485497138417,0.9999999910000028,0.9999999910000028,0.9999999910000028,0.0,0.9999999910000028,0.9999999910000028,0.9999999910000028,0.018375925766616084,1.000000000330095,0.24684468,7.2759066,91.42302,91.42302,-22.851026,-10.432884,-23.955757,-5.1305718,-6.6001599,-1.752165,-7.2951536,11.691393,140.66425,60.243947,-854.85008,6.0055596,110.8363,110.8363,-38.192318,0.24684468,815.34922,-0.0
2267.0,3368.4189,22.222222,22.222222,22.222222,0.28333525,0.9633567,0.0,0.0,10.514049,25.207632,8.9722948,22.222222,22.222222,22.222222,0.0,22.222222,22.222222,22.222222,0.038977238,727.06233,0.8870210171079149,0.9999999910000028,0.9999999910000028,0.9999999910000028,0.05248601414472297,0.07885507659644381,0.0,0.0,0.11767394150762349,0.1449722623236843,0.13937740177249072,0.9999999910000028,0.9999999910000028,0.9999999910000028,0.0,0.9999999910000028,0.9999999910000028,0.9999999910000028,0.0173687616470559,1.000000000330095,0.25443991,7.5148858,90.537294,90.537294,-22.851026,-10.432884,-24.626518,-5.1495599,-6.6001599,-1.752165,-7.2951536,12.07976,141.04657,62.068002,-858.78948,6.2027225,108.41846,108.41846,-38.192318,0.25443991,813.4576599999999,-0.0
2268.0,3489.7263,22.222222,22.222222,22.222222,0.26961665,0.90778249,0.0,0.0,10.27329,24.440539,8.7509411,22.222222,22.222222,22.222222,0.0,22.222222,22.222222,22.222222,0.037917749,727.06233,0.9189654446049569,0.9999999910000028,0.9999999910000028,0.9999999910000028,0.04994473262875982,0.07430607767804022,0.0,0.0,0.11497935063369528,0.1405606139934221,0.1359388496220723,0.9999999910000028,0.9999999910000028,0.9999999910000028,0.0,0.9999999910000028,0.9999999910000028,0.9999999910000028,0.016896639638085482,1.000000000330095,0.26203513,7.7490124,89.601877,89.601877,-22.851026,-10.432884,-25.201457,-5.1647503,-6.6001599,-1.752165,-7.2951536,12.456166,141.374,63.936027,-858.78948,6.3959523,105.97535,105.97535,-38.192318,0.26203513,811.35566,-0.0
2269.0,3601.6674,22.222222,22.222222,22.222222,0.25683794,0.88186597,0.0,0.0,15.836763,23.710265,8.5375595,22.222222,22.222222,22.222222,0.0,22.222222,22.222222,22.222222,0.035925854,727.06233,0.9484434018679859,0.9999999910000028,0.9999999910000028,0.9999999910000028,0.047577559628537255,0.0721846940101701,0.0,0.0,0.17724611355074482,0.1363607163633644,0.132624137649606,0.9999999910000028,0.9999999910000028,0.9999999910000028,0.0,0.9999999910000028,0.9999999910000028,0.9999999910000028,0.016009025449492575,1.000000000330095,0.26963035,7.9922481,88.619059,88.619059,-22.851026,-10.432884,-25.872218,-5.1837384,-4.4001066,-1.752165,-7.2951536,12.846065,141.64508,65.848192,-858.78948,6.5967503,103.51026,103.51026,-38.192318,0.26963035,809.27351,-0.0
2270.0,3704.2423,22.222222,22.222222,22.222222,0.5888328,1.2085138,0.0,0.0,15.394498,23.014224,8.1330492,22.222222,22.222222,22.222222,0.0,22.222222,22.222222,22.222222,0.041237415,727.06233,0.9754549152304548,0.9999999910000028,0.9999999910000028,0.9999999910000028,0.10907745036904813,0.09892228731772919,0.0,0.0,0.17229625401129722,0.13235769702223638,0.12634039465397792,0.9999999910000028,0.9999999910000028,0.9999999910000028,0.0,0.9999999910000028,0.9999999910000028,0.9999999910000028,0.018375925766616067,1.000000000330095,0.27722557,8.2402171,87.584899,87.584899,-11.425513,-7.8246634,-26.542979,-5.1989288,-4.4001066,-1.752165,-7.2951536,13.245839,141.85578,67.802369,-862.72888,6.8013962,101.02156,101.02156,-33.418278,0.27722557,807.2791199999999,-0.0
2271.0,3797.4511,22.222222,22.222222,22.222222,0.23923123,0.83337238,0.0,0.0,9.1780559,18.926734,5.3446448,22.222222,22.222222,22.222222,0.0,22.222222,22.222222,22.222222,0.033219769,727.06233,1.000000011025817,0.9999999910000028,0.9999999910000028,0.9999999910000028,0.0443160309973414,0.06821527566918952,0.0,0.0,0.10272141713723218,0.10885002789546405,0.08302476927316887,0.9999999910000028,0.9999999910000028,0.9999999910000028,0.0,0.9999999910000028,0.9999999910000028,0.9999999910000028,0.014803158954753443,1.000000000330095,0.2886184,8.4949284,86.50229,86.50229,-22.851026,-10.432884,-27.405386,-5.2217145,-6.6001599,-2.0024743,-9.7268715,13.654169,141.99991,69.795153,-866.66829,7.0116522,98.5142,98.5142,-38.192318,0.2886184,805.1734799999999,-0.0
2272.0,3797.4511,22.222222,22.222222,22.222222,0.22841937,0.78887297,0.0,0.0,8.7847105,18.435006,5.1296158,22.222222,22.222222,22.222222,0.0,22.222222,22.222222,22.222222,0.032384531,727.06233,1.0000000110258171,0.9999999910000028,0.9999999910000028,0.9999999910000028,0.04231320418037894,0.06457279891676064,0.0,0.0,0.09831906904166092,0.10602203831643905,0.07968446626331495,0.9999999910000028,0.9999999910000028,0.9999999910000028,0.0,0.9999999910000028,0.9999999910000028,0.9999999910000028,0.014430966093356656,1.000000000330095,0.30001123,8.756382,85.372477,85.372477,-22.851026,-10.432884,-28.17197,-5.2407025,-6.6001599,-2.0024743,-9.7268715,14.071054,142.07566,71.828034,-866.66829,7.2275353,95.991893,95.991893,-38.192318,0.30001123,802.9174599999999,-0.0
2273.0,3797.4511,22.222222,22.222222,22.222222,0.52662357,1.0922585,0.0,0.0,13.804016,20.528362,7.402915,22.222222,22.222222,22.222222,0.0,22.222222,22.222222,22.222222,0.036901485,727.06233,1.000000011025817,0.9999999910000028,0.9999999910000028,0.9999999910000028,0.09755359470438112,0.08940626839530659,0.0,0.0,0.1544954728054149,0.11806119198104575,0.11499834560079304,0.9999999910000028,0.9999999910000028,0.9999999910000028,0.0,0.9999999910000028,0.9999999910000028,0.9999999910000028,0.01644377924847852,1.000000000330095,0.30380884,9.0342829,84.195331,84.195331,-11.425513,-7.8246634,-28.938555,-5.2596906,-4.4001066,-1.752165,-7.2951536,14.520417,142.07556,73.898159,-866.66829,7.4568521,93.458377,93.458377,-33.418278,0.30380884,800.7121199999999,-0.0
2274.0,3797.4511,22.222222,22.222222,22.222222,0.20872108,0.74789378,0.0,0.0,8.0630969,17.069774,4.730822,22.222222,22.222222,22.222222,0.0,22.222222,22.222222,22.222222,0.029331485,727.06233,1.0000000110258171,0.9999999910000028,0.9999999910000028,0.9999999910000028,0.0386642239438328,0.061218467996230146,0.0,0.0,0.0902427212371657,0.09817041736145639,0.07348952450917433,0.9999999910000028,0.9999999910000028,0.9999999910000028,0.0,0.9999999910000028,0.9999999910000028,0.9999999910000028,0.013070489287085842,1.000000000330095,0.31899928,9.3143121,82.971602,82.971602,-22.851026,-10.432884,-29.896785,-5.2862739,-6.6001599,-2.0024743,-9.7268715,14.970546,141.98755,75.998505,-870.60769,7.6879822,90.919769,90.919769,-38.192318,0.31899928,798.47154,-0.0
2275.0,,,,,,,,,,,,,,,,,,,,,,,,,,,,,,,,,,,,,,,,,,,,,,,,,,,,,,,,,,,,,795.99672,-0.0
2276.0,,,,,,,,,,,,,,,,,,,,,,,,,,,,,,,,,,,,,,,,,,,,,,,,,,,,,,,,,,,,,793.87011,-0.0
2277.0,,,,,,,,,,,,,,,,,,,,,,,,,,,,,,,,,,,,,,,,,,,,,,,,,,,,,,,,,,,,,791.9590599999999,-0.0
2278.0,,,,,,,,,,,,,,,,,,,,,,,,,,,,,,,,,,,,,,,,,,,,,,,,,,,,,,,,,,,,,790.2220199999999,-0.0
2279.0,,,,,,,,,,,,,,,,,,,,,,,,,,,,,,,,,,,,,,,,,,,,,,,,,,,,,,,,,,,,,788.73722,-0.0
2280.0,,,,,,,,,,,,,,,,,,,,,,,,,,,,,,,,,,,,,,,,,,,,,,,,,,,,,,,,,,,,,787.4067699999999,-0.0
2281.0,,,,,,,,,,,,,,,,,,,,,,,,,,,,,,,,,,,,,,,,,,,,,,,,,,,,,,,,,,,,,786.3516599999999,-0.0
2282.0,,,,,,,,,,,,,,,,,,,,,,,,,,,,,,,,,,,,,,,,,,,,,,,,,,,,,,,,,,,,,785.3524399999999,-0.0
2283.0,,,,,,,,,,,,,,,,,,,,,,,,,,,,,,,,,,,,,,,,,,,,,,,,,,,,,,,,,,,,,784.5964799999999,-0.0
2284.0,,,,,,,,,,,,,,,,,,,,,,,,,,,,,,,,,,,,,,,,,,,,,,,,,,,,,,,,,,,,,783.86797,-0.0
2285.0,,,,,,,,,,,,,,,,,,,,,,,,,,,,,,,,,,,,,,,,,,,,,,,,,,,,,,,,,,,,,783.3992699999999,-0.0
2286.0,,,,,,,,,,,,,,,,,,,,,,,,,,,,,,,,,,,,,,,,,,,,,,,,,,,,,,,,,,,,,783.10852,-0.0
2287.0,,,,,,,,,,,,,,,,,,,,,,,,,,,,,,,,,,,,,,,,,,,,,,,,,,,,,,,,,,,,,782.84701,-0.0
2288.0,,,,,,,,,,,,,,,,,,,,,,,,,,,,,,,,,,,,,,,,,,,,,,,,,,,,,,,,,,,,,782.84624,-0.0
2289.0,,,,,,,,,,,,,,,,,,,,,,,,,,,,,,,,,,,,,,,,,,,,,,,,,,,,,,,,,,,,,783.07621,-0.0
2290.0,,,,,,,,,,,,,,,,,,,,,,,,,,,,,,,,,,,,,,,,,,,,,,,,,,,,,,,,,,,,,783.33592,-0.0
2291.0,,,,,,,,,,,,,,,,,,,,,,,,,,,,,,,,,,,,,,,,,,,,,,,,,,,,,,,,,,,,,783.76613,-0.0
2292.0,,,,,,,,,,,,,,,,,,,,,,,,,,,,,,,,,,,,,,,,,,,,,,,,,,,,,,,,,,,,,784.40464,-0.0
2293.0,,,,,,,,,,,,,,,,,,,,,,,,,,,,,,,,,,,,,,,,,,,,,,,,,,,,,,,,,,,,,785.29949,-0.0
2294.0,,,,,,,,,,,,,,,,,,,,,,,,,,,,,,,,,,,,,,,,,,,,,,,,,,,,,,,,,,,,,786.1926,-0.0
2295.0,,,,,,,,,,,,,,,,,,,,,,,,,,,,,,,,,,,,,,,,,,,,,,,,,,,,,,,,,,,,,787.3591899999999,-0.0
2296.0,,,,,,,,,,,,,,,,,,,,,,,,,,,,,,,,,,,,,,,,,,,,,,,,,,,,,,,,,,,,,788.61187,-0.0
2297.0,,,,,,,,,,,,,,,,,,,,,,,,,,,,,,,,,,,,,,,,,,,,,,,,,,,,,,,,,,,,,789.92399,-0.0
2298.0,,,,,,,,,,,,,,,,,,,,,,,,,,,,,,,,,,,,,,,,,,,,,,,,,,,,,,,,,,,,,791.4632799999999,-0.0
2299.0,,,,,,,,,,,,,,,,,,,,,,,,,,,,,,,,,,,,,,,,,,,,,,,,,,,,,,,,,,,,,793.04189,-0.0
2300.0,,,,,,,,,,,,,,,,,,,,,,,,,,,,,,,,,,,,,,,,,,,,,,,,,,,,,,,,,,,,,795.0065299999999,-0.0
2301.0,,,,,,,,,,,,,,,,,,,,,,,,,,,,,,,,,,,,,,,,,,,,,,,,,,,,,,,,,,,,,796.8810599999999,-0.0
2302.0,,,,,,,,,,,,,,,,,,,,,,,,,,,,,,,,,,,,,,,,,,,,,,,,,,,,,,,,,,,,,799.0685199999999,-0.0
2303.0,,,,,,,,,,,,,,,,,,,,,,,,,,,,,,,,,,,,,,,,,,,,,,,,,,,,,,,,,,,,,801.32494,-0.0
2304.0,,,,,,,,,,,,,,,,,,,,,,,,,,,,,,,,,,,,,,,,,,,,,,,,,,,,,,,,,,,,,803.4980599999999,-0.0
2305.0,,,,,,,,,,,,,,,,,,,,,,,,,,,,,,,,,,,,,,,,,,,,,,,,,,,,,,,,,,,,,805.7872299999999,-0.0
2306.0,,,,,,,,,,,,,,,,,,,,,,,,,,,,,,,,,,,,,,,,,,,,,,,,,,,,,,,,,,,,,808.26375,-0.0
2307.0,,,,,,,,,,,,,,,,,,,,,,,,,,,,,,,,,,,,,,,,,,,,,,,,,,,,,,,,,,,,,810.8087899999999,-0.0
2308.0,,,,,,,,,,,,,,,,,,,,,,,,,,,,,,,,,,,,,,,,,,,,,,,,,,,,,,,,,,,,,813.3865599999999,-0.0
2309.0,,,,,,,,,,,,,,,,,,,,,,,,,,,,,,,,,,,,,,,,,,,,,,,,,,,,,,,,,,,,,816.0334499999999,-0.0
2310.0,,,,,,,,,,,,,,,,,,,,,,,,,,,,,,,,,,,,,,,,,,,,,,,,,,,,,,,,,,,,,818.8030699999999,-0.0
2311.0,,,,,,,,,,,,,,,,,,,,,,,,,,,,,,,,,,,,,,,,,,,,,,,,,,,,,,,,,,,,,821.6809499999999,-0.0
2312.0,,,,,,,,,,,,,,,,,,,,,,,,,,,,,,,,,,,,,,,,,,,,,,,,,,,,,,,,,,,,,824.5423,-0.0
2313.0,,,,,,,,,,,,,,,,,,,,,,,,,,,,,,,,,,,,,,,,,,,,,,,,,,,,,,,,,,,,,827.60277,-0.0
2314.0,,,,,,,,,,,,,,,,,,,,,,,,,,,,,,,,,,,,,,,,,,,,,,,,,,,,,,,,,,,,,830.55455,-0.0
2315.0,,,,,,,,,,,,,,,,,,,,,,,,,,,,,,,,,,,,,,,,,,,,,,,,,,,,,,,,,,,,,833.5679,-0.0
2316.0,,,,,,,,,,,,,,,,,,,,,,,,,,,,,,,,,,,,,,,,,,,,,,,,,,,,,,,,,,,,,836.58571,-0.0
2317.0,,,,,,,,,,,,,,,,,,,,,,,,,,,,,,,,,,,,,,,,,,,,,,,,,,,,,,,,,,,,,839.6993399999999,-0.0
2318.0,,,,,,,,,,,,,,,,,,,,,,,,,,,,,,,,,,,,,,,,,,,,,,,,,,,,,,,,,,,,,842.8169899999999,-0.0
2319.0,,,,,,,,,,,,,,,,,,,,,,,,,,,,,,,,,,,,,,,,,,,,,,,,,,,,,,,,,,,,,846.1005799999999,-0.0
2320.0,,,,,,,,,,,,,,,,,,,,,,,,,,,,,,,,,,,,,,,,,,,,,,,,,,,,,,,,,,,,,849.2191399999999,3027.0754
