Short auctions, disc 0.03, temp0 1032.205, tau 1.5, ffi removal, Wpt fitted, 2025-2125
Year,Agriculture mtC,C2F6 kt,CF4 kt,CH4 mt,Carbon mtC,Forestry_r06_c00 mhectares,Forestry_r06_c01 mhectares,Forestry_r06_c02 mhectares,Forestry_r06_c03 mhectares,Forestry_r06_c04 mhectares,Forestry_r06_c05 mhectares,Forestry_r06_c06 mhectares,Forestry_r06_c07 mhectares,Forestry_r06_c08 mhectares,Forestry_r06_c09 mhectares,Forestry_r06_c10 mhectares,Forestry_r06_c11 mhectares,Forestry_r10_c00 mhectares,Forestry_r10_c01 mhectares,Forestry_r10_c02 mhectares,Forestry_r10_c03 mhectares,Forestry_r10_c04 mhectares,Forestry_r10_c05 mhectares,Forestry_r10_c06 mhectares,Forestry_r10_c07 mhectares,Forestry_r10_c08 mhectares,Forestry_r10_c09 mhectares,Forestry_r10_c10 mhectares,Forestry_r10_c11 mhectares,Forestry_r10_c12 mhectares,Forestry_r10_c13 mhectares,Forestry_r10_c14 mhectares,Forestry_r10_c15 mhectares,Forestry_r10_c16 mhectares,Forestry_r10_c17 mhectares,Forestry_r10_c18 mhectares,Forestry_r10_c19 mhectares,Forestry_r10_c20 mhectares,Forestry_r10_c21 mhectares,Forestry_r10_c22 mhectares,Forestry_r10_c23 mhectares,Forestry_r10_c24 mhectares,Forestry_r10_c25 mhectares,Forestry_r10_c26 mhectares,Forestry_r10_c27 mhectares,Forestry_r10_c28 mhectares,Forestry_r10_c29 mhectares,Forestry_r10_c30 mhectares,Forestry_r10_c31 mhectares,Forestry_r17_c00 mhectares,Forestry_r17_c01 mhectares,Forestry_r17_c02 mhectares,Forestry_r17_c03 mhectares,Forestry_r17_c04 mhectares,Forestry_r17_c05 mhectares,Forestry_r17_c06 mhectares,Forestry_r17_c07 mhectares,Forestry_r17_c08 mhectares,Forestry_r17_c09 mhectares,Forestry_r17_c10 mhectares,Forestry_r17_c11 mhectares,Forestry_r17_c12 mhectares,Forestry_r17_c13 mhectares,Forestry_r17_c14 mhectares,Forestry_r17_c15 mhectares,Forestry_r17_c16 mhectares,Forestry_r17_c17 mhectares,Forestry_r17_c18 mhectares,Forestry_r17_c19 mhectares,Forestry_r35_c00 mhectares,Forestry_r35_c01 mhectares,Forestry_r35_c02 mhectares,Forestry_r35_c03 mhectares,Forestry_r35_c04 mhectares,Forestry_r35_c05 mhectares,Forestry_r35_c06 mhectares,HFC125 kt,HFC134a kt,HFC143a kt,N2O mt,SF6 kt,Seaweed mtC,Agriculture % max bid,C2F6 % max bid,CF4 % max bid,CH4 % max bid,Carbon % max bid,Forestry_r06_c00 % max bid,Forestry_r06_c01 % max bid,Forestry_r06_c02 % max bid,Forestry_r06_c03 % max bid,Forestry_r06_c04 % max bid,Forestry_r06_c05 % max bid,Forestry_r06_c06 % max bid,Forestry_r06_c07 % max bid,Forestry_r06_c08 % max bid,Forestry_r06_c09 % max bid,Forestry_r06_c10 % max bid,Forestry_r06_c11 % max bid,Forestry_r10_c00 % max bid,Forestry_r10_c01 % max bid,Forestry_r10_c02 % max bid,Forestry_r10_c03 % max bid,Forestry_r10_c04 % max bid,Forestry_r10_c05 % max bid,Forestry_r10_c06 % max bid,Forestry_r10_c07 % max bid,Forestry_r10_c08 % max bid,Forestry_r10_c09 % max bid,Forestry_r10_c10 % max bid,Forestry_r10_c11 % max bid,Forestry_r10_c12 % max bid,Forestry_r10_c13 % max bid,Forestry_r10_c14 % max bid,Forestry_r10_c15 % max bid,Forestry_r10_c16 % max bid,Forestry_r10_c17 % max bid,Forestry_r10_c18 % max bid,Forestry_r10_c19 % max bid,Forestry_r10_c20 % max bid,Forestry_r10_c21 % max bid,Forestry_r10_c22 % max bid,Forestry_r10_c23 % max bid,Forestry_r10_c24 % max bid,Forestry_r10_c25 % max bid,Forestry_r10_c26 % max bid,Forestry_r10_c27 % max bid,Forestry_r10_c28 % max bid,Forestry_r10_c29 % max bid,Forestry_r10_c30 % max bid,Forestry_r10_c31 % max bid,Forestry_r17_c00 % max bid,Forestry_r17_c01 % max bid,Forestry_r17_c02 % max bid,Forestry_r17_c03 % max bid,Forestry_r17_c04 % max bid,Forestry_r17_c05 % max bid,Forestry_r17_c06 % max bid,Forestry_r17_c07 % max bid,Forestry_r17_c08 % max bid,Forestry_r17_c09 % max bid,Forestry_r17_c10 % max bid,Forestry_r17_c11 % max bid,Forestry_r17_c12 % max bid,Forestry_r17_c13 % max bid,Forestry_r17_c14 % max bid,Forestry_r17_c15 % max bid,Forestry_r17_c16 % max bid,Forestry_r17_c17 % max bid,Forestry_r17_c18 % max bid,Forestry_r17_c19 % max bid,Forestry_r35_c00 % max bid,Forestry_r35_c01 % max bid,Forestry_r35_c02 % max bid,Forestry_r35_c03 % max bid,Forestry_r35_c04 % max bid,Forestry_r35_c05 % max bid,Forestry_r35_c06 % max bid,HFC125 % max bid,HFC134a % max bid,HFC143a % max bid,N2O % max bid,SF6 % max bid,Seaweed % max bid,Agriculture $M/mtC,C2F6 $M/kt,CF4 $M/kt,CH4 $M/mt,Carbon $M/mtC,Forestry_r06_c00 $M/mhectares,Forestry_r06_c01 $M/mhectares,Forestry_r06_c02 $M/mhectares,Forestry_r06_c03 $M/mhectares,Forestry_r06_c04 $M/mhectares,Forestry_r06_c05 $M/mhectares,Forestry_r06_c06 $M/mhectares,Forestry_r06_c07 $M/mhectares,Forestry_r06_c08 $M/mhectares,Forestry_r06_c09 $M/mhectares,Forestry_r06_c10 $M/mhectares,Forestry_r06_c11 $M/mhectares,Forestry_r10_c00 $M/mhectares,Forestry_r10_c01 $M/mhectares,Forestry_r10_c02 $M/mhectares,Forestry_r10_c03 $M/mhectares,Forestry_r10_c04 $M/mhectares,Forestry_r10_c05 $M/mhectares,Forestry_r10_c06 $M/mhectares,Forestry_r10_c07 $M/mhectares,Forestry_r10_c08 $M/mhectares,Forestry_r10_c09 $M/mhectares,Forestry_r10_c10 $M/mhectares,Forestry_r10_c11 $M/mhectares,Forestry_r10_c12 $M/mhectares,Forestry_r10_c13 $M/mhectares,Forestry_r10_c14 $M/mhectares,Forestry_r10_c15 $M/mhectares,Forestry_r10_c16 $M/mhectares,Forestry_r10_c17 $M/mhectares,Forestry_r10_c18 $M/mhectares,Forestry_r10_c19 $M/mhectares,Forestry_r10_c20 $M/mhectares,Forestry_r10_c21 $M/mhectares,Forestry_r10_c22 $M/mhectares,Forestry_r10_c23 $M/mhectares,Forestry_r10_c24 $M/mhectares,Forestry_r10_c25 $M/mhectares,Forestry_r10_c26 $M/mhectares,Forestry_r10_c27 $M/mhectares,Forestry_r10_c28 $M/mhectares,Forestry_r10_c29 $M/mhectares,Forestry_r10_c30 $M/mhectares,Forestry_r10_c31 $M/mhectares,Forestry_r17_c00 $M/mhectares,Forestry_r17_c01 $M/mhectares,Forestry_r17_c02 $M/mhectares,Forestry_r17_c03 $M/mhectares,Forestry_r17_c04 $M/mhectares,Forestry_r17_c05 $M/mhectares,Forestry_r17_c06 $M/mhectares,Forestry_r17_c07 $M/mhectares,Forestry_r17_c08 $M/mhectares,Forestry_r17_c09 $M/mhectares,Forestry_r17_c10 $M/mhectares,Forestry_r17_c11 $M/mhectares,Forestry_r17_c12 $M/mhectares,Forestry_r17_c13 $M/mhectares,Forestry_r17_c14 $M/mhectares,Forestry_r17_c15 $M/mhectares,Forestry_r17_c16 $M/mhectares,Forestry_r17_c17 $M/mhectares,Forestry_r17_c18 $M/mhectares,Forestry_r17_c19 $M/mhectares,Forestry_r35_c00 $M/mhectares,Forestry_r35_c01 $M/mhectares,Forestry_r35_c02 $M/mhectares,Forestry_r35_c03 $M/mhectares,Forestry_r35_c04 $M/mhectares,Forestry_r35_c05 $M/mhectares,Forestry_r35_c06 $M/mhectares,HFC125 $M/kt,HFC134a $M/kt,HFC143a $M/kt,N2O $M/mt,SF6 $M/kt,Seaweed $M/mtC,temp change,Capt pi
2025.0,513.2,5.3983,12.2168,169.85775,10196.044,0.0,0.0,0.0,0.0,0.0,0.0,0.0,0.0,0.0,0.0,0.0,0.0,0.0,0.0,0.0,0.0,0.0,0.0,0.0,0.0,0.0,0.0,0.0,0.0,0.0,0.0,0.0,0.0,0.0,0.0,0.0,0.0,0.0,0.0,0.0,0.0,0.0,0.0,0.0,0.0,0.0,0.0,0.0,0.0,0.0,0.0,0.0,0.0,0.0,0.0,0.0,0.0,0.0,0.0,0.0,0.0,0.0,0.0,0.0,0.0,0.0,0.0,0.0,0.0,0.0,23.045478,51.869128,0.0,0.0,0.0,10.677585,89.349,173.879,64.3741,3.556,2.2441,0.0,0.13514154048716265,1.0000000005557315,0.9999999997544367,0.653299038451488,0.9965035203602451,0.0,0.0,0.0,0.0,0.0,0.0,0.0,0.0,0.0,0.0,0.0,0.0,0.0,0.0,0.0,0.0,0.0,0.0,0.0,0.0,0.0,0.0,0.0,0.0,0.0,0.0,0.0,0.0,0.0,0.0,0.0,0.0,0.0,0.0,0.0,0.0,0.0,0.0,0.0,0.0,0.0,0.0,0.0,0.0,0.0,0.0,0.0,0.0,0.0,0.0,0.0,0.0,0.0,0.0,0.0,0.0,0.0,0.0,0.0,0.0,0.0,0.0,0.0,0.0,0.0,0.0606061941308648,0.30303308262804013,0.0,0.0,0.0,0.030303207672684792,0.9999999999776156,1.0000000000230052,0.9999999999378631,0.4870565675934811,1.0000000003119291,0.0,1.2425358,-12.623732,-4.8029185,-1.9056997,-1.8638036,38.451446,38.233525,30.245562,42.183888,39.187565,27.533357,23.725565,48.045627,19.105955,23.986939,34.474935,31.451845,53.158413,25.466636,9.5517659,54.500805,45.649779,25.755072,40.795688,52.206653,30.984075,43.546307,20.437395,48.686901,51.625115,40.156959,54.126253,18.184689,15.686297,60.190463,41.411762,25.200039,43.079508,13.154531,50.995393,37.880082,30.140608,38.364395,38.845662,22.948372,23.200005,24.189712,45.991353,21.882571,52.24104,45.986508,42.571464,35.890125,30.224823,32.468808,13.673438,25.533634,40.133699,50.416854,22.282478,28.843478,36.948809,40.822087,53.081616,18.867709,38.646653,44.371632,40.846353,46.320009,95.352274,176.18815,226.84459,120.78851,31.467189,28.1216,165.05252,-0.0,-0.092186595,-0.89557919,-146.53535,-19.340581,1.2425358,1071.2164429999998,.
2026.0,513.2,5.3983,12.2168,169.85775,10196.044,0.0,0.0,0.0,0.0,0.0,0.0,0.0,0.0,0.0,0.0,0.0,0.0,0.0,0.0,0.0,0.0,0.0,0.0,0.0,0.0,0.0,0.0,0.0,0.0,0.0,0.0,0.0,0.0,0.0,0.0,0.0,0.0,0.0,0.0,0.0,0.0,0.0,0.0,0.0,0.0,0.0,0.0,0.0,0.0,0.0,0.0,0.0,0.0,0.0,0.0,0.0,0.0,0.0,0.0,0.0,0.0,0.0,0.0,0.0,0.0,0.0,0.0,0.0,0.0,0.0,34.568265,51.869128,0.11570289,0.0,0.0,21.355139,89.349,173.879,64.3741,3.314,2.2441,0.0,0.13514154048716265,1.0000000005557308,0.9999999997544363,0.6532990384514875,0.996503520360249,0.0,0.0,0.0,0.0,0.0,0.0,0.0,0.0,0.0,0.0,0.0,0.0,0.0,0.0,0.0,0.0,0.0,0.0,0.0,0.0,0.0,0.0,0.0,0.0,0.0,0.0,0.0,0.0,0.0,0.0,0.0,0.0,0.0,0.0,0.0,0.0,0.0,0.0,0.0,0.0,0.0,0.0,0.0,0.0,0.0,0.0,0.0,0.0,0.0,0.0,0.0,0.0,0.0,0.0,0.0,0.0,0.0,0.0,0.0,0.0,0.0,0.0,0.0,0.0,0.0,0.09090941742918841,0.3030330826280402,0.0004418036979726003,0.0,0.0,0.060606327366726664,0.9999999999776155,1.0000000000230045,0.9999999999378631,0.45391042322969516,1.0000000003119294,0.0,1.2425358,-12.623732,-5.7635022,-1.9409904,-1.8638036,38.451446,38.233525,30.245562,42.183888,39.187565,27.533357,23.725565,48.045627,19.105955,23.986939,34.474935,31.451845,53.158413,25.466636,9.5517659,54.500805,45.649779,25.755072,40.795688,52.206653,30.984075,43.546307,20.437395,48.686901,51.625115,40.156959,54.126253,18.184689,15.686297,60.190463,41.411762,25.200039,43.079508,13.154531,50.995393,37.880082,30.140608,38.364395,38.845662,22.948372,23.200005,24.189712,45.991353,21.882571,52.24104,45.986508,42.571464,35.890125,30.224823,32.468808,13.673438,25.533634,40.133699,50.416854,22.282478,28.843478,36.948809,40.822087,53.081616,18.867709,38.646653,44.371632,40.846353,46.320009,95.352274,176.18815,226.84459,120.78851,31.467189,28.1216,165.05252,-0.81025928,-0.18437319,-0.89557919,-147.98619,-19.340581,1.2425358,1112.3815559999998,.
2027.0,513.2,5.3983,12.2168,169.85775,10196.044,0.0,0.0,0.0,0.0,0.0,0.0,0.0,0.0,0.0,0.0,0.0,0.0,0.0,0.0,0.0,0.0,0.0,0.0,0.0,0.0,0.0,0.0,0.0,0.0,0.0,0.0,0.0,0.0,0.0,0.0,0.0,0.0,0.0,0.0,0.0,0.0,0.0,0.0,0.0,0.0,0.0,0.0,0.0,0.0,0.0,0.0,0.0,0.0,0.0,0.0,0.0,0.0,0.0,0.0,0.0,0.0,0.0,0.0,0.0,0.0,0.0,0.0,0.0,0.0,0.0,23.045478,51.869128,0.0,0.0,0.0,10.677585,89.349,173.879,64.3741,3.556,2.2441,0.0,0.13514154048716262,1.0000000005557306,0.9999999997544365,0.6532990384514878,0.9965035203602488,0.0,0.0,0.0,0.0,0.0,0.0,0.0,0.0,0.0,0.0,0.0,0.0,0.0,0.0,0.0,0.0,0.0,0.0,0.0,0.0,0.0,0.0,0.0,0.0,0.0,0.0,0.0,0.0,0.0,0.0,0.0,0.0,0.0,0.0,0.0,0.0,0.0,0.0,0.0,0.0,0.0,0.0,0.0,0.0,0.0,0.0,0.0,0.0,0.0,0.0,0.0,0.0,0.0,0.0,0.0,0.0,0.0,0.0,0.0,0.0,0.0,0.0,0.0,0.0,0.0,0.060606194130864786,0.30303308262804024,0.0,0.0,0.0,0.03030320767268479,0.9999999999776168,1.0000000000230045,0.9999999999378636,0.4870565675934808,1.000000000311929,0.0,1.1712091,-11.899078,-4.5272113,-1.7963047,-1.7568137,36.244176,36.038764,28.509343,39.76236,36.938038,25.95283,22.363621,45.287612,18.009195,22.60999,32.495933,29.64638,50.106902,24.004746,9.0034555,51.372235,43.029295,24.276626,38.453849,49.209777,29.205462,41.046571,19.264205,45.892073,48.661622,37.851786,51.019185,17.140813,14.78584,56.735285,39.034558,23.753454,40.606568,12.399407,48.068049,35.70561,28.410413,36.162122,36.615762,21.631042,21.86823,22.801124,43.351261,20.626422,49.242191,43.346694,40.127688,33.829885,28.489794,30.604966,12.888526,24.067899,37.82986,47.522721,21.003372,27.187745,34.827797,38.478733,50.034514,17.784625,36.428177,41.824519,38.501605,43.661051,89.878663,166.07423,213.82278,113.85476,29.660844,26.507305,155.57783,-0.0,-0.086894708,-0.84416928,-138.12362,-18.230353,1.1712091,1154.35809,.
2028.0,513.2,5.3983,12.2168,169.85775,10196.044,0.0,0.0,0.0,0.0,0.0,0.0,0.0,0.0,0.0,0.0,0.0,0.0,0.0,0.0,0.0,0.0,0.0,0.0,0.0,0.0,0.0,0.0,0.0,0.0,0.0,0.0,0.0,0.0,0.0,0.0,0.0,0.0,0.0,0.0,0.0,0.0,0.0,0.0,0.0,0.0,0.0,0.0,0.0,0.0,0.0,0.0,0.0,0.0,0.0,0.0,0.0,0.0,0.0,0.0,0.0,0.0,0.0,0.0,0.0,0.0,0.0,0.0,0.0,0.0,0.0,34.568265,51.869128,0.11570289,0.0,0.0,21.355139,89.349,173.879,64.3741,3.314,2.2441,0.0,0.13514154048716262,1.0000000005557308,0.9999999997544363,0.6532990384514878,0.9965035203602494,0.0,0.0,0.0,0.0,0.0,0.0,0.0,0.0,0.0,0.0,0.0,0.0,0.0,0.0,0.0,0.0,0.0,0.0,0.0,0.0,0.0,0.0,0.0,0.0,0.0,0.0,0.0,0.0,0.0,0.0,0.0,0.0,0.0,0.0,0.0,0.0,0.0,0.0,0.0,0.0,0.0,0.0,0.0,0.0,0.0,0.0,0.0,0.0,0.0,0.0,0.0,0.0,0.0,0.0,0.0,0.0,0.0,0.0,0.0,0.0,0.0,0.0,0.0,0.0,0.0,0.09090941742918844,0.30303308262804013,0.00044180369797260034,0.0,0.0,0.060606327366726664,0.9999999999776161,1.000000000023005,0.9999999999378628,0.45391042322969516,1.000000000311929,0.0,1.1712091,-11.899078,-5.4326536,-1.8295696,-1.7568137,36.244176,36.038764,28.509343,39.76236,36.938038,25.95283,22.363621,45.287612,18.009195,22.60999,32.495933,29.64638,50.106902,24.004746,9.0034555,51.372235,43.029295,24.276626,38.453849,49.209777,29.205462,41.046571,19.264205,45.892073,48.661622,37.851786,51.019185,17.140813,14.78584,56.735285,39.034558,23.753454,40.606568,12.399407,48.068049,35.70561,28.410413,36.162122,36.615762,21.631042,21.86823,22.801124,43.351261,20.626422,49.242191,43.346694,40.127688,33.829885,28.489794,30.604966,12.888526,24.067899,37.82986,47.522721,21.003372,27.187745,34.827797,38.478733,50.034514,17.784625,36.428177,41.824519,38.501605,43.661051,89.878663,166.07423,213.82278,113.85476,29.660844,26.507305,155.57783,-0.76374708,-0.17378942,-0.84416928,-139.49118,-18.230353,1.1712091,1195.11594,.
2029.0,513.2,5.3983,12.2168,169.85775,10196.044,0.0,0.0,0.0,0.0,0.0,0.0,0.0,0.0,0.0,0.0,0.0,0.0,0.0,0.0,0.0,0.0,0.0,0.0,0.0,0.0,0.0,0.0,0.0,0.0,0.0,0.0,0.0,0.0,0.0,0.0,0.0,0.0,0.0,0.0,0.0,0.0,0.0,0.0,0.0,0.0,0.0,0.0,0.0,0.0,0.0,0.0,0.0,0.0,0.0,0.0,0.0,0.0,0.0,0.0,0.0,0.0,0.0,0.0,0.0,0.0,0.0,0.0,0.0,0.0,0.0,23.045478,51.869128,0.0,0.0,0.0,10.677585,89.349,173.879,64.3741,3.556,2.2441,0.0,0.13514154048716262,1.0000000005557306,0.9999999997544362,0.653299038451488,0.9965035203602469,0.0,0.0,0.0,0.0,0.0,0.0,0.0,0.0,0.0,0.0,0.0,0.0,0.0,0.0,0.0,0.0,0.0,0.0,0.0,0.0,0.0,0.0,0.0,0.0,0.0,0.0,0.0,0.0,0.0,0.0,0.0,0.0,0.0,0.0,0.0,0.0,0.0,0.0,0.0,0.0,0.0,0.0,0.0,0.0,0.0,0.0,0.0,0.0,0.0,0.0,0.0,0.0,0.0,0.0,0.0,0.0,0.0,0.0,0.0,0.0,0.0,0.0,0.0,0.0,0.0,0.060606194130864786,0.3030330826280402,0.0,0.0,0.0,0.030303207672684785,0.9999999999776159,1.0000000000230047,0.9999999999378636,0.4870565675934807,1.0000000003119287,0.0,1.1039769,-11.216022,-4.2673309,-1.6931895,-1.6559654,34.163612,33.969992,26.87279,37.479838,34.817644,24.463031,21.079857,42.687918,16.975393,21.312084,30.630533,27.944557,47.230561,22.626776,8.4866203,48.423259,40.559237,22.883048,36.246441,46.384935,27.528949,38.69033,18.15836,43.257681,45.868246,35.678938,48.090475,16.15686,13.937072,53.478447,36.793815,22.389908,38.275585,11.68763,45.308746,33.655962,26.77954,34.086268,34.513868,20.389331,20.612904,21.492246,40.862722,19.442381,46.415488,40.858417,37.824195,31.887911,26.854363,28.848116,12.148672,22.686303,35.658272,44.794722,19.797693,25.627057,32.828539,36.269896,47.162328,16.763715,34.337051,39.423621,36.291456,41.154728,84.71926,156.54089,201.54848,107.31903,27.95819,24.985678,146.64703,-0.0,-0.081906596,-0.79571051,-130.19476,-17.183856,1.1039769,1233.80413,.
2030.0,513.2,5.3983,12.2168,169.85775,10196.044,0.0,0.0,0.0,0.0,0.0,0.0,0.0,0.0,0.0,0.0,0.0,0.0,0.0,0.0,0.0,0.0,0.0,0.0,0.0,0.0,0.0,0.0,0.0,0.0,0.0,0.0,0.0,0.0,0.0,0.0,0.0,0.0,0.0,0.0,0.0,0.0,0.0,0.0,0.0,0.0,0.0,0.0,0.0,0.0,0.0,0.0,0.0,0.0,0.0,0.0,0.0,0.0,0.0,0.0,0.0,0.0,0.0,0.0,0.0,0.0,0.0,0.0,0.0,0.0,0.0,34.568265,51.869128,0.11570289,0.0,0.0,21.355139,89.349,173.879,64.3741,3.314,2.2441,0.0,0.13514154048716262,1.0000000005557301,0.9999999997544369,0.6532990384514878,0.9965035203602494,0.0,0.0,0.0,0.0,0.0,0.0,0.0,0.0,0.0,0.0,0.0,0.0,0.0,0.0,0.0,0.0,0.0,0.0,0.0,0.0,0.0,0.0,0.0,0.0,0.0,0.0,0.0,0.0,0.0,0.0,0.0,0.0,0.0,0.0,0.0,0.0,0.0,0.0,0.0,0.0,0.0,0.0,0.0,0.0,0.0,0.0,0.0,0.0,0.0,0.0,0.0,0.0,0.0,0.0,0.0,0.0,0.0,0.0,0.0,0.0,0.0,0.0,0.0,0.0,0.0,0.09090941742918843,0.30303308262804013,0.0004418036979726003,0.0,0.0,0.06060632736672668,0.9999999999776156,1.000000000023005,0.9999999999378634,0.4539104232296948,1.0000000003119294,0.0,1.1039769,-11.216022,-5.1207971,-1.7245448,-1.6559654,34.163612,33.969992,26.87279,37.479838,34.817644,24.463031,21.079857,42.687918,16.975393,21.312084,30.630533,27.944557,47.230561,22.626776,8.4866203,48.423259,40.559237,22.883048,36.246441,46.384935,27.528949,38.69033,18.15836,43.257681,45.868246,35.678938,48.090475,16.15686,13.937072,53.478447,36.793815,22.389908,38.275585,11.68763,45.308746,33.655962,26.77954,34.086268,34.513868,20.389331,20.612904,21.492246,40.862722,19.442381,46.415488,40.858417,37.824195,31.887911,26.854363,28.848116,12.148672,22.686303,35.658272,44.794722,19.797693,25.627057,32.828539,36.269896,47.162328,16.763715,34.337051,39.423621,36.291456,41.154728,84.71926,156.54089,201.54848,107.31903,27.95819,24.985678,146.64703,-0.71990487,-0.16381319,-0.79571051,-131.48382,-17.183856,1.1039769,1270.6616,.
2031.0,513.2,5.3983,12.2168,169.85775,10196.044,0.0,0.0,0.0,0.0,0.0,0.0,0.0,0.0,0.0,0.0,0.0,0.0,0.0,0.0,0.0,0.0,0.0,0.0,0.0,0.0,0.0,0.0,0.0,0.0,0.0,0.0,0.0,0.0,0.0,0.0,0.0,0.0,0.0,0.0,0.0,0.0,0.0,0.0,0.0,0.0,0.0,0.0,0.0,0.0,0.0,0.0,0.0,0.0,0.0,0.0,0.0,0.0,0.0,0.0,0.0,0.0,0.0,0.0,0.0,0.0,0.0,0.0,0.0,0.0,0.0,23.045478,51.869128,0.0,0.0,0.0,10.677585,89.349,173.879,64.3741,3.556,2.2441,0.0,0.13514154048716262,1.0000000005557308,0.9999999997544371,0.653299038451488,0.9965035203602454,0.0,0.0,0.0,0.0,0.0,0.0,0.0,0.0,0.0,0.0,0.0,0.0,0.0,0.0,0.0,0.0,0.0,0.0,0.0,0.0,0.0,0.0,0.0,0.0,0.0,0.0,0.0,0.0,0.0,0.0,0.0,0.0,0.0,0.0,0.0,0.0,0.0,0.0,0.0,0.0,0.0,0.0,0.0,0.0,0.0,0.0,0.0,0.0,0.0,0.0,0.0,0.0,0.0,0.0,0.0,0.0,0.0,0.0,0.0,0.0,0.0,0.0,0.0,0.0,0.0,0.060606194130864786,0.30303308262804013,0.0,0.0,0.0,0.030303207672684792,0.9999999999776159,1.0000000000230047,0.9999999999378636,0.4870565675934808,1.0000000003119287,0.0,1.0406041,-10.572177,-4.0223686,-1.5959935,-1.5609062,32.202481,32.019975,25.330182,35.328342,32.818969,23.058753,19.869787,40.237456,16.000936,20.088683,28.872215,26.340425,44.519334,21.327906,7.9994536,45.643566,38.230971,21.569467,34.165747,43.72225,25.948675,36.469347,17.115996,40.774513,43.235221,33.630821,45.329885,15.22939,13.137027,50.408566,34.681699,21.104636,36.07841,11.016712,42.707839,31.723972,25.242284,32.129577,32.532631,19.2189,19.429639,20.258503,38.517034,18.326309,43.751049,38.512976,35.652931,30.057414,25.312813,27.192116,11.451289,21.384016,33.611341,42.223322,18.661224,24.155959,30.944046,34.187855,44.455018,15.801409,32.365964,37.160544,34.208178,38.792278,79.856028,147.5548,189.97877,101.15848,26.353275,23.551397,138.22889,-0.0,-0.077204822,-0.75003347,-122.72105,-16.197432,1.0406041,1303.86989,.
2032.0,513.2,5.3983,12.2168,169.85775,10196.044,0.0,0.0,0.0,0.0,0.0,0.0,0.0,0.0,0.0,0.0,0.0,0.0,0.0,0.0,0.0,0.0,0.0,0.0,0.0,0.0,0.0,0.0,0.0,0.0,0.0,0.0,0.0,0.0,0.0,0.0,0.0,0.0,0.0,0.0,0.0,0.0,0.0,0.0,0.0,0.0,0.0,0.0,0.0,0.0,0.0,0.0,0.0,0.0,0.0,0.0,0.0,0.0,0.0,0.0,0.0,0.0,0.0,0.0,0.0,0.0,0.0,0.0,0.0,0.0,0.0,34.568265,51.869128,0.11570289,0.0,0.0,21.355139,89.349,173.879,64.3741,3.314,2.2441,0.0,0.13514154048716262,1.0000000005557301,0.9999999997544369,0.6532990384514878,0.9965035203602496,0.0,0.0,0.0,0.0,0.0,0.0,0.0,0.0,0.0,0.0,0.0,0.0,0.0,0.0,0.0,0.0,0.0,0.0,0.0,0.0,0.0,0.0,0.0,0.0,0.0,0.0,0.0,0.0,0.0,0.0,0.0,0.0,0.0,0.0,0.0,0.0,0.0,0.0,0.0,0.0,0.0,0.0,0.0,0.0,0.0,0.0,0.0,0.0,0.0,0.0,0.0,0.0,0.0,0.0,0.0,0.0,0.0,0.0,0.0,0.0,0.0,0.0,0.0,0.0,0.0,0.09090941742918844,0.30303308262804013,0.0004418036979726003,0.0,0.0,0.06060632736672666,0.9999999999776155,1.000000000023004,0.9999999999378631,0.453910423229695,1.000000000311929,0.0,1.0406041,-10.572177,-4.8268424,-1.6255489,-1.5609062,32.202481,32.019975,25.330182,35.328342,32.818969,23.058753,19.869787,40.237456,16.000936,20.088683,28.872215,26.340425,44.519334,21.327906,7.9994536,45.643566,38.230971,21.569467,34.165747,43.72225,25.948675,36.469347,17.115996,40.774513,43.235221,33.630821,45.329885,15.22939,13.137027,50.408566,34.681699,21.104636,36.07841,11.016712,42.707839,31.723972,25.242284,32.129577,32.532631,19.2189,19.429639,20.258503,38.517034,18.326309,43.751049,38.512976,35.652931,30.057414,25.312813,27.192116,11.451289,21.384016,33.611341,42.223322,18.661224,24.155959,30.944046,34.187855,44.455018,15.801409,32.365964,37.160544,34.208178,38.792278,79.856028,147.5548,189.97877,101.15848,26.353275,23.551397,138.22889,-0.67857939,-0.15440964,-0.75003347,-123.93611,-16.197432,1.0406041,1337.29367,.
2033.0,513.2,5.3983,12.2168,169.85775,10196.044,0.0,0.0,0.0,0.0,0.0,0.0,0.0,0.0,0.0,0.0,0.0,0.0,0.0,0.0,0.0,0.0,0.0,0.0,0.0,0.0,0.0,0.0,0.0,0.0,0.0,0.0,0.0,0.0,0.0,0.0,0.0,0.0,0.0,0.0,0.0,0.0,0.0,0.0,0.0,0.0,0.0,0.0,0.0,0.0,0.0,0.0,0.0,0.0,0.0,0.0,0.0,0.0,0.0,0.0,0.0,0.0,0.0,0.0,0.0,0.0,0.0,0.0,0.0,0.0,0.0,23.045478,51.869128,0.0,0.0,0.0,10.677585,89.349,173.879,64.3741,3.556,2.2441,0.0,0.13514154048716262,1.000000000555731,0.9999999997544367,0.6532990384514878,0.9965035203602481,0.0,0.0,0.0,0.0,0.0,0.0,0.0,0.0,0.0,0.0,0.0,0.0,0.0,0.0,0.0,0.0,0.0,0.0,0.0,0.0,0.0,0.0,0.0,0.0,0.0,0.0,0.0,0.0,0.0,0.0,0.0,0.0,0.0,0.0,0.0,0.0,0.0,0.0,0.0,0.0,0.0,0.0,0.0,0.0,0.0,0.0,0.0,0.0,0.0,0.0,0.0,0.0,0.0,0.0,0.0,0.0,0.0,0.0,0.0,0.0,0.0,0.0,0.0,0.0,0.0,0.0606061941308648,0.30303308262804024,0.0,0.0,0.0,0.03030320767268479,0.9999999999776158,1.0000000000230045,0.999999999937863,0.48705656759348076,1.0000000003119283,0.0,0.9808692,-3.2893476,-1.8772343,-1.9172942,-1.4713038,30.353927,30.181897,23.876126,33.300351,30.935026,21.735086,18.72918,37.927662,15.082417,18.935511,27.214832,24.828377,41.963742,20.103597,7.5402522,43.023438,36.036357,20.331292,32.204493,41.212414,24.459115,34.375857,16.133468,38.433889,40.753343,31.700274,42.727764,14.355161,12.382908,47.514908,32.690828,19.893143,34.007362,10.384308,40.256234,29.902886,23.793274,30.285208,30.665125,18.115657,18.314298,19.095582,36.305999,17.274304,41.23956,36.302174,33.606307,28.331996,23.859754,25.631177,10.793938,20.156486,31.681912,39.79953,17.589994,22.769308,29.167731,32.225333,41.903118,14.894343,30.508025,35.027376,32.244488,36.565443,75.271965,139.08455,179.07321,95.351567,24.84049,22.199451,130.29398,-0.63338427,-0.14412557,-1.050119,-110.57805,-6.1848989,0.9808692,1366.64177,.
2034.0,513.2,5.3983,12.2168,169.85775,10196.044,0.0,0.0,0.0,0.0,0.0,0.0,0.0,0.0,0.0,0.0,0.0,0.0,0.0,0.0,0.0,0.0,0.0,0.0,0.0,0.0,0.0,0.0,0.0,0.0,0.0,0.0,0.0,0.0,0.0,0.0,0.0,0.0,0.0,0.0,0.0,0.0,0.0,0.0,0.0,0.0,0.0,0.0,0.0,0.0,0.0,0.0,0.0,0.0,0.0,0.0,0.0,0.0,0.0,0.0,0.0,0.0,0.0,0.0,0.0,0.0,0.0,0.0,0.0,0.0,0.0,34.568265,51.869128,0.86383505,0.0,0.0,21.355139,89.349,173.879,64.3741,3.556,2.2441,0.0,0.13514154048716265,1.0000000005557308,0.9999999997544363,0.6532990384514878,0.9965035203602484,0.0,0.0,0.0,0.0,0.0,0.0,0.0,0.0,0.0,0.0,0.0,0.0,0.0,0.0,0.0,0.0,0.0,0.0,0.0,0.0,0.0,0.0,0.0,0.0,0.0,0.0,0.0,0.0,0.0,0.0,0.0,0.0,0.0,0.0,0.0,0.0,0.0,0.0,0.0,0.0,0.0,0.0,0.0,0.0,0.0,0.0,0.0,0.0,0.0,0.0,0.0,0.0,0.0,0.0,0.0,0.0,0.0,0.0,0.0,0.0,0.0,0.0,0.0,0.0,0.0,0.09090941742918843,0.30303308262804013,0.0032984959971902694,0.0,0.0,0.060606327366726664,0.9999999999776161,1.0000000000230043,0.9999999999378628,0.4870565675934812,1.0000000003119294,0.0,0.9808692,-3.2893476,-1.8772343,-1.9310877,-1.4713038,30.353927,30.181897,23.876126,33.300351,30.935026,21.735086,18.72918,37.927662,15.082417,18.935511,27.214832,24.828377,41.963742,20.103597,7.5402522,43.023438,36.036357,20.331292,32.204493,41.212414,24.459115,34.375857,16.133468,38.433889,40.753343,31.700274,42.727764,14.355161,12.382908,47.514908,32.690828,19.893143,34.007362,10.384308,40.256234,29.902886,23.793274,30.285208,30.665125,18.115657,18.314298,19.095582,36.305999,17.274304,41.23956,36.302174,33.606307,28.331996,23.859754,25.631177,10.793938,20.156486,31.681912,39.79953,17.589994,22.769308,29.167731,32.225333,41.903118,14.894343,30.508025,35.027376,32.244488,36.565443,75.271965,139.08455,179.07321,95.351567,24.84049,22.199451,130.29398,-0.63338427,-0.14412557,-1.050119,-111.14511,-6.1848989,0.9808692,1388.1111999999998,.
2035.0,513.2,5.3983,12.2168,169.85775,10196.044,0.0,0.0,0.0,0.0,0.0,0.0,0.0,0.0,0.0,0.0,0.0,0.0,0.0,0.0,0.0,0.0,0.0,0.0,0.0,0.0,0.0,0.0,0.0,0.0,0.0,0.0,0.0,0.0,0.0,0.0,0.0,0.0,0.0,0.0,0.0,0.0,0.0,0.0,0.0,0.0,0.0,0.0,0.0,0.0,0.0,0.0,0.0,0.0,0.0,0.0,0.0,0.0,0.0,0.0,0.0,0.0,0.0,0.0,0.0,0.0,0.0,0.0,0.0,0.0,0.0,23.045478,51.869128,0.0,0.0,0.0,10.677585,89.349,173.879,64.3741,3.556,2.2441,0.0,0.13514154048716262,1.0000000005557308,0.9999999997544368,0.6532990384514882,0.9965035203602487,0.0,0.0,0.0,0.0,0.0,0.0,0.0,0.0,0.0,0.0,0.0,0.0,0.0,0.0,0.0,0.0,0.0,0.0,0.0,0.0,0.0,0.0,0.0,0.0,0.0,0.0,0.0,0.0,0.0,0.0,0.0,0.0,0.0,0.0,0.0,0.0,0.0,0.0,0.0,0.0,0.0,0.0,0.0,0.0,0.0,0.0,0.0,0.0,0.0,0.0,0.0,0.0,0.0,0.0,0.0,0.0,0.0,0.0,0.0,0.0,0.0,0.0,0.0,0.0,0.0,0.06060619413086478,0.30303308262804024,0.0,0.0,0.0,0.03030320767268479,0.9999999999776162,1.0000000000230047,0.9999999999378636,0.48705656759348087,1.0000000003119291,0.0,0.92456329,-3.1005256,-1.7694734,-1.8072337,-1.3868449,28.611487,28.449333,22.505539,31.388775,29.159229,20.487404,17.654049,35.750459,14.216625,17.848535,25.652589,23.403126,39.554851,18.949569,7.1074109,40.553717,33.967723,19.164192,30.355823,38.846653,23.055062,32.402542,15.207341,36.227626,38.413934,29.880549,40.275016,13.531116,11.672078,44.787358,30.81424,18.751196,32.0552,9.7882063,37.945362,28.186338,22.427443,28.546713,28.904821,17.075744,17.262982,17.999417,34.221886,16.282688,38.87224,34.218281,31.677168,26.705623,22.490107,24.159843,10.174322,18.999421,29.863241,37.514874,16.580256,21.462257,27.493384,30.375467,39.497707,14.039347,28.75674,33.016662,30.393523,34.466437,70.951047,131.10053,168.79368,89.877997,23.414544,20.925112,122.81458,-0.59702542,-0.13585217,-0.98983787,-104.23041,-5.8298604,0.92456329,1416.13322,.
2036.0,513.2,5.3983,12.2168,169.85775,10196.044,0.0,0.0,0.0,0.0,0.0,0.0,0.0,0.0,0.0,0.0,0.0,0.0,0.0,0.0,0.0,0.0,0.0,0.0,0.0,0.0,0.0,0.0,0.0,0.0,0.0,0.0,0.0,0.0,0.0,0.0,0.0,0.0,0.0,0.0,0.0,0.0,0.0,0.0,0.0,0.0,0.0,0.0,0.0,0.0,0.0,0.0,0.0,0.0,0.0,0.0,0.0,0.0,0.0,0.0,0.0,0.0,0.0,0.0,0.0,0.0,0.0,0.0,0.0,0.0,0.0,34.568265,51.869128,0.86383505,0.0,0.0,21.355139,89.349,173.879,64.3741,3.556,2.2441,0.0,0.13514154048716268,1.0000000005557308,0.9999999997544369,0.6532990384514878,0.9965035203602496,0.0,0.0,0.0,0.0,0.0,0.0,0.0,0.0,0.0,0.0,0.0,0.0,0.0,0.0,0.0,0.0,0.0,0.0,0.0,0.0,0.0,0.0,0.0,0.0,0.0,0.0,0.0,0.0,0.0,0.0,0.0,0.0,0.0,0.0,0.0,0.0,0.0,0.0,0.0,0.0,0.0,0.0,0.0,0.0,0.0,0.0,0.0,0.0,0.0,0.0,0.0,0.0,0.0,0.0,0.0,0.0,0.0,0.0,0.0,0.0,0.0,0.0,0.0,0.0,0.0,0.09090941742918844,0.30303308262804013,0.0032984959971902703,0.0,0.0,0.06060632736672668,0.9999999999776165,1.0000000000230047,0.9999999999378628,0.48705656759348104,1.000000000311929,0.0,0.92456329,-3.1005256,-1.7694734,-1.8202354,-1.3868449,28.611487,28.449333,22.505539,31.388775,29.159229,20.487404,17.654049,35.750459,14.216625,17.848535,25.652589,23.403126,39.554851,18.949569,7.1074109,40.553717,33.967723,19.164192,30.355823,38.846653,23.055062,32.402542,15.207341,36.227626,38.413934,29.880549,40.275016,13.531116,11.672078,44.787358,30.81424,18.751196,32.0552,9.7882063,37.945362,28.186338,22.427443,28.546713,28.904821,17.075744,17.262982,17.999417,34.221886,16.282688,38.87224,34.218281,31.677168,26.705623,22.490107,24.159843,10.174322,18.999421,29.863241,37.514874,16.580256,21.462257,27.493384,30.375467,39.497707,14.039347,28.75674,33.016662,30.393523,34.466437,70.951047,131.10053,168.79368,89.877997,23.414544,20.925112,122.81458,-0.59702542,-0.13585217,-0.98983787,-104.76493,-5.8298604,0.92456329,1443.3767799999998,.
2037.0,513.2,5.3983,12.2168,169.85775,10196.044,0.0,0.0,0.0,0.0,0.0,0.0,0.0,0.0,0.0,0.0,0.0,0.0,0.0,0.0,0.0,0.0,0.0,0.0,0.0,0.0,0.0,0.0,0.0,0.0,0.0,0.0,0.0,0.0,0.0,0.0,0.0,0.0,0.0,0.0,0.0,0.0,0.0,0.0,0.0,0.0,0.0,0.0,0.0,0.0,0.0,0.0,0.0,0.0,0.0,0.0,0.0,0.0,0.0,0.0,0.0,0.0,0.0,0.0,0.0,0.0,0.0,0.0,0.0,0.0,0.0,23.045478,51.869128,0.0,0.0,0.0,10.677585,89.349,173.879,64.3741,3.556,2.2441,0.0,0.13514154048716265,1.0000000005557306,0.9999999997544365,0.653299038451488,0.9965035203602467,0.0,0.0,0.0,0.0,0.0,0.0,0.0,0.0,0.0,0.0,0.0,0.0,0.0,0.0,0.0,0.0,0.0,0.0,0.0,0.0,0.0,0.0,0.0,0.0,0.0,0.0,0.0,0.0,0.0,0.0,0.0,0.0,0.0,0.0,0.0,0.0,0.0,0.0,0.0,0.0,0.0,0.0,0.0,0.0,0.0,0.0,0.0,0.0,0.0,0.0,0.0,0.0,0.0,0.0,0.0,0.0,0.0,0.0,0.0,0.0,0.0,0.0,0.0,0.0,0.0,0.060606194130864786,0.30303308262804013,0.0,0.0,0.0,0.03030320767268479,0.9999999999776159,1.0000000000230045,0.9999999999378634,0.48705656759348104,1.0000000003119285,0.0,0.87148958,-2.9225427,-1.6678984,-1.7034911,-1.3072344,26.969071,26.816225,21.213629,29.58693,27.48537,19.311343,16.640634,33.698236,13.400532,16.823956,24.180026,22.059691,37.284241,17.861786,6.6994164,38.225768,32.017837,18.064089,28.613275,36.616696,21.731607,30.542504,14.334377,34.148012,36.208817,28.165283,37.963065,12.754375,11.002053,42.21638,29.045377,17.6748,30.215101,9.2263232,35.767143,26.568327,21.140016,26.908015,27.245566,16.095526,16.272017,16.966177,32.25741,15.347995,36.640815,32.254011,29.858769,25.172611,21.199082,22.772969,9.590274,17.908777,28.148969,35.361367,15.628482,20.230235,25.915152,28.631791,37.230377,13.233431,27.105985,31.12137,28.64881,32.487922,66.878166,123.57482,159.10423,84.718632,22.070453,19.723925,115.76452,-0.56275372,-0.1280537,-0.93301712,-98.247161,-5.4952026,0.87148958,1443.7253899999998,.
2038.0,513.2,5.3983,12.2168,169.85775,10196.044,0.0,0.0,0.0,0.0,0.0,0.0,0.0,0.0,0.0,0.0,0.0,0.0,0.0,0.0,0.0,0.0,0.0,0.0,0.0,0.0,0.0,0.0,0.0,0.0,0.0,0.0,0.0,0.0,0.0,0.0,0.0,0.0,0.0,0.0,0.0,0.0,0.0,0.0,0.0,0.0,0.0,0.0,0.0,0.0,0.0,0.0,0.0,0.0,0.0,0.0,0.0,0.0,0.0,0.0,0.0,0.0,0.0,0.0,0.0,0.0,0.0,0.0,0.0,0.0,0.0,34.568265,51.869128,0.86383505,0.0,0.0,21.355139,89.349,173.879,64.3741,3.556,2.2441,0.0,0.1351415404871626,1.0000000005557306,0.9999999997544367,0.653299038451488,0.996503520360249,0.0,0.0,0.0,0.0,0.0,0.0,0.0,0.0,0.0,0.0,0.0,0.0,0.0,0.0,0.0,0.0,0.0,0.0,0.0,0.0,0.0,0.0,0.0,0.0,0.0,0.0,0.0,0.0,0.0,0.0,0.0,0.0,0.0,0.0,0.0,0.0,0.0,0.0,0.0,0.0,0.0,0.0,0.0,0.0,0.0,0.0,0.0,0.0,0.0,0.0,0.0,0.0,0.0,0.0,0.0,0.0,0.0,0.0,0.0,0.0,0.0,0.0,0.0,0.0,0.0,0.09090941742918841,0.30303308262804013,0.003298495997190269,0.0,0.0,0.06060632736672666,0.9999999999776156,1.0000000000230045,0.9999999999378631,0.4870565675934807,1.000000000311929,0.0,0.87148958,-2.9225427,-1.6678984,-1.7157464,-1.3072344,26.969071,26.816225,21.213629,29.58693,27.48537,19.311343,16.640634,33.698236,13.400532,16.823956,24.180026,22.059691,37.284241,17.861786,6.6994164,38.225768,32.017837,18.064089,28.613275,36.616696,21.731607,30.542504,14.334377,34.148012,36.208817,28.165283,37.963065,12.754375,11.002053,42.21638,29.045377,17.6748,30.215101,9.2263232,35.767143,26.568327,21.140016,26.908015,27.245566,16.095526,16.272017,16.966177,32.25741,15.347995,36.640815,32.254011,29.858769,25.172611,21.199082,22.772969,9.590274,17.908777,28.148969,35.361367,15.628482,20.230235,25.915152,28.631791,37.230377,13.233431,27.105985,31.12137,28.64881,32.487922,66.878166,123.57482,159.10423,84.718632,22.070453,19.723925,115.76452,-0.56275372,-0.1280537,-0.93301712,-98.750992,-5.4952026,0.87148958,1464.3928999999998,.
2039.0,513.2,5.3983,12.2168,169.85775,10196.044,0.0,0.0,0.0,0.0,0.0,0.0,0.0,0.0,0.0,0.0,0.0,0.0,0.0,0.0,0.0,0.0,0.0,0.0,0.0,0.0,0.0,0.0,0.0,0.0,0.0,0.0,0.0,0.0,0.0,0.0,0.0,0.0,0.0,0.0,0.0,0.0,0.0,0.0,0.0,0.0,0.0,0.0,0.0,0.0,0.0,0.0,0.0,0.0,0.0,0.0,0.0,0.0,0.0,0.0,0.0,0.0,0.0,0.0,0.0,0.0,0.0,0.0,0.0,0.0,0.0,23.045478,51.869128,0.0,0.0,0.0,10.677585,89.349,173.879,64.3741,3.556,2.2441,0.0,0.13514154048716265,1.000000000555731,0.9999999997544369,0.6532990384514878,0.9965035203602454,0.0,0.0,0.0,0.0,0.0,0.0,0.0,0.0,0.0,0.0,0.0,0.0,0.0,0.0,0.0,0.0,0.0,0.0,0.0,0.0,0.0,0.0,0.0,0.0,0.0,0.0,0.0,0.0,0.0,0.0,0.0,0.0,0.0,0.0,0.0,0.0,0.0,0.0,0.0,0.0,0.0,0.0,0.0,0.0,0.0,0.0,0.0,0.0,0.0,0.0,0.0,0.0,0.0,0.0,0.0,0.0,0.0,0.0,0.0,0.0,0.0,0.0,0.0,0.0,0.0,0.060606194130864786,0.30303308262804013,0.0,0.0,0.0,0.030303207672684792,0.9999999999776151,1.0000000000230047,0.9999999999378631,0.4870565675934809,1.0000000003119291,0.0,0.82146251,-2.7547768,-1.5721542,-1.6057037,-1.2321938,25.420936,25.276864,19.99588,27.88852,25.907597,18.202793,15.685394,31.76382,12.631287,15.858192,22.791993,20.793375,35.143973,16.836446,6.3148425,36.031452,30.179882,17.027137,26.970756,34.514748,20.484124,28.789239,13.511525,32.187777,34.130283,26.548481,35.78383,12.022221,10.37049,39.792987,27.378054,16.660194,28.48063,8.6966945,33.713962,25.043196,19.926492,25.363385,25.681559,15.171577,15.337936,15.992249,30.405703,14.466958,34.537482,30.402499,28.144753,23.7276,19.982168,21.465707,9.039753,16.88074,26.533103,33.33148,14.731343,19.068937,24.427516,26.988209,35.093201,12.473778,25.549991,29.334876,27.004251,30.622982,63.039086,116.48112,149.97099,79.855436,20.803519,18.591691,109.11916,-0.53044935,-0.12070289,-0.87945812,-92.607372,-5.1797555,0.82146251,1490.4983399999999,.
2040.0,513.2,5.3983,12.2168,169.85775,10196.044,0.0,0.0,0.0,0.0,0.0,0.0,0.0,0.0,0.0,0.0,0.0,0.0,0.0,0.0,0.0,0.0,0.0,0.0,0.0,0.0,0.0,0.0,0.0,0.0,0.0,0.0,0.0,0.0,0.0,0.0,0.0,0.0,0.0,0.0,0.0,0.0,0.0,0.0,0.0,0.0,0.0,0.0,0.0,0.0,0.0,0.0,0.0,0.0,0.0,0.0,0.0,0.0,0.0,0.0,0.0,0.0,0.0,0.0,0.0,0.0,0.0,0.0,0.0,0.0,0.0,34.568265,51.869128,0.86383505,0.0,0.0,21.355139,89.349,173.879,64.3741,3.556,2.2441,0.0,0.13514154048716265,1.0000000005557308,0.9999999997544365,0.6532990384514877,0.9965035203602496,0.0,0.0,0.0,0.0,0.0,0.0,0.0,0.0,0.0,0.0,0.0,0.0,0.0,0.0,0.0,0.0,0.0,0.0,0.0,0.0,0.0,0.0,0.0,0.0,0.0,0.0,0.0,0.0,0.0,0.0,0.0,0.0,0.0,0.0,0.0,0.0,0.0,0.0,0.0,0.0,0.0,0.0,0.0,0.0,0.0,0.0,0.0,0.0,0.0,0.0,0.0,0.0,0.0,0.0,0.0,0.0,0.0,0.0,0.0,0.0,0.0,0.0,0.0,0.0,0.0,0.09090941742918843,0.3030330826280402,0.0032984959971902694,0.0,0.0,0.06060632736672668,0.9999999999776156,1.000000000023004,0.9999999999378631,0.487056567593481,1.0000000003119294,0.0,0.82146251,-2.7547768,-1.5721542,-1.6172556,-1.2321938,25.420936,25.276864,19.99588,27.88852,25.907597,18.202793,15.685394,31.76382,12.631287,15.858192,22.791993,20.793375,35.143973,16.836446,6.3148425,36.031452,30.179882,17.027137,26.970756,34.514748,20.484124,28.789239,13.511525,32.187777,34.130283,26.548481,35.78383,12.022221,10.37049,39.792987,27.378054,16.660194,28.48063,8.6966945,33.713962,25.043196,19.926492,25.363385,25.681559,15.171577,15.337936,15.992249,30.405703,14.466958,34.537482,30.402499,28.144753,23.7276,19.982168,21.465707,9.039753,16.88074,26.533103,33.33148,14.731343,19.068937,24.427516,26.988209,35.093201,12.473778,25.549991,29.334876,27.004251,30.622982,63.039086,116.48112,149.97099,79.855436,20.803519,18.591691,109.11916,-0.53044935,-0.12070289,-0.87945812,-93.082281,-5.1797555,0.82146251,1514.08711,.
2041.0,513.2,5.3983,12.2168,169.85775,10196.044,0.0,0.0,0.0,0.0,0.0,0.0,0.0,0.0,0.0,0.0,0.0,0.0,0.0,0.0,0.0,0.0,0.0,0.0,0.0,0.0,0.0,0.0,0.0,0.0,0.0,0.0,0.0,0.0,0.0,0.0,0.0,0.0,0.0,0.0,0.0,0.0,0.0,0.0,0.0,0.0,0.0,0.0,0.0,0.0,0.0,0.0,0.0,0.0,0.0,0.0,0.0,0.0,0.0,0.0,0.0,0.0,0.0,0.0,0.0,0.0,0.0,0.0,0.0,0.0,0.0,23.045478,51.869128,0.0,0.0,0.0,10.677585,89.349,173.879,64.3741,3.556,2.2441,0.0,0.13514154048716262,1.0000000005557306,0.9999999997544363,0.6532990384514878,0.9965035203602484,0.0,0.0,0.0,0.0,0.0,0.0,0.0,0.0,0.0,0.0,0.0,0.0,0.0,0.0,0.0,0.0,0.0,0.0,0.0,0.0,0.0,0.0,0.0,0.0,0.0,0.0,0.0,0.0,0.0,0.0,0.0,0.0,0.0,0.0,0.0,0.0,0.0,0.0,0.0,0.0,0.0,0.0,0.0,0.0,0.0,0.0,0.0,0.0,0.0,0.0,0.0,0.0,0.0,0.0,0.0,0.0,0.0,0.0,0.0,0.0,0.0,0.0,0.0,0.0,0.0,0.060606194130864786,0.30303308262804013,0.0,0.0,0.0,0.03030320767268479,0.9999999999776166,1.0000000000230045,0.9999999999378631,0.4870565675934809,1.0000000003119283,0.0,0.7743072,-2.5966414,-1.1855249,-1.6441942,-1.1614608,23.96167,23.825869,18.848034,26.287605,24.420395,17.157878,14.784988,29.940447,11.906199,14.947867,21.48364,19.59975,33.126565,15.869965,5.9523447,33.9631,28.447433,16.049709,25.422524,32.53346,19.308251,27.136619,12.735909,30.340067,32.171065,25.024489,33.729691,11.332097,9.7751819,37.508707,25.806441,15.703831,26.845725,8.1974686,31.778643,23.605614,18.78263,23.907422,24.207333,14.300667,14.457476,15.074229,28.660291,13.636495,32.554889,28.657271,26.529129,22.365539,18.83511,20.233488,8.5208342,15.911716,25.009994,31.418117,13.885703,17.974302,23.025276,25.438975,33.078708,11.757732,24.083317,27.650934,25.454097,28.865098,59.420385,109.79463,141.36205,75.271408,19.609312,17.524452,102.85527,-0.49999939,-0.11377405,-0.82897363,-89.529569,-4.8824163,0.7743072,1535.22433,.
2042.0,513.2,5.3983,12.2168,169.85775,10196.044,0.0,0.0,0.0,0.0,0.0,0.0,0.0,0.0,0.0,0.0,0.0,0.0,0.0,0.0,0.0,0.0,0.0,0.0,0.0,0.0,0.0,0.0,0.0,0.0,0.0,0.0,0.0,0.0,0.0,0.0,0.0,0.0,0.0,0.0,0.0,0.0,0.0,0.0,0.0,0.0,0.0,0.0,0.0,0.0,0.0,0.0,0.0,0.0,0.0,0.0,0.0,0.0,0.0,0.0,0.0,0.0,0.0,0.0,0.0,0.0,0.0,0.0,0.0,0.0,0.0,34.568265,51.869128,1.0432233,0.0,0.0,21.355139,89.349,173.879,64.3741,3.314,2.2441,0.0,0.13514154048716265,1.0000000005557308,0.9999999997544362,0.6532990384514878,0.9965035203602471,0.0,0.0,0.0,0.0,0.0,0.0,0.0,0.0,0.0,0.0,0.0,0.0,0.0,0.0,0.0,0.0,0.0,0.0,0.0,0.0,0.0,0.0,0.0,0.0,0.0,0.0,0.0,0.0,0.0,0.0,0.0,0.0,0.0,0.0,0.0,0.0,0.0,0.0,0.0,0.0,0.0,0.0,0.0,0.0,0.0,0.0,0.0,0.0,0.0,0.0,0.0,0.0,0.0,0.0,0.0,0.0,0.0,0.0,0.0,0.0,0.0,0.0,0.0,0.0,0.0,0.09090941742918844,0.3030330826280402,0.003983477955919506,0.0,0.0,0.06060632736672668,0.9999999999776161,1.0000000000230045,0.9999999999378634,0.45391042322969527,1.000000000311929,0.0,0.7743072,-2.5966414,-1.1855249,-1.6550829,-1.1614608,23.96167,23.825869,18.848034,26.287605,24.420395,17.157878,14.784988,29.940447,11.906199,14.947867,21.48364,19.59975,33.126565,15.869965,5.9523447,33.9631,28.447433,16.049709,25.422524,32.53346,19.308251,27.136619,12.735909,30.340067,32.171065,25.024489,33.729691,11.332097,9.7751819,37.508707,25.806441,15.703831,26.845725,8.1974686,31.778643,23.605614,18.78263,23.907422,24.207333,14.300667,14.457476,15.074229,28.660291,13.636495,32.554889,28.657271,26.529129,22.365539,18.83511,20.233488,8.5208342,15.911716,25.009994,31.418117,13.885703,17.974302,23.025276,25.438975,33.078708,11.757732,24.083317,27.650934,25.454097,28.865098,59.420385,109.79463,141.36205,75.271408,19.609312,17.524452,102.85527,-0.49999939,-0.11377405,-0.55264909,-89.977217,-4.8824163,0.7743072,1553.5899299999999,.
2043.0,513.2,5.3983,12.2168,169.85775,10196.044,0.0,0.0,0.0,0.0,0.0,0.0,0.0,0.0,0.0,0.0,0.0,0.0,0.0,0.0,0.0,0.0,0.0,0.0,0.0,0.0,0.0,0.0,0.0,0.0,0.0,0.0,0.0,0.0,0.0,0.0,0.0,0.0,0.0,0.0,0.0,0.0,0.0,0.0,0.0,0.0,0.0,0.0,0.0,0.0,0.0,0.0,0.0,0.0,0.0,0.0,0.0,0.0,0.0,0.0,0.0,0.0,0.0,0.0,0.0,0.0,0.0,0.0,0.0,0.0,0.0,23.045478,51.869128,0.0,0.0,0.0,10.677585,89.349,173.879,64.3741,3.556,2.2441,0.0,0.13514154048716265,1.0000000005557306,0.9999999997544362,0.6532990384514882,0.9965035203602475,0.0,0.0,0.0,0.0,0.0,0.0,0.0,0.0,0.0,0.0,0.0,0.0,0.0,0.0,0.0,0.0,0.0,0.0,0.0,0.0,0.0,0.0,0.0,0.0,0.0,0.0,0.0,0.0,0.0,0.0,0.0,0.0,0.0,0.0,0.0,0.0,0.0,0.0,0.0,0.0,0.0,0.0,0.0,0.0,0.0,0.0,0.0,0.0,0.0,0.0,0.0,0.0,0.0,0.0,0.0,0.0,0.0,0.0,0.0,0.0,0.0,0.0,0.0,0.0,0.0,0.06060619413086478,0.30303308262804024,0.0,0.0,0.0,0.03030320767268479,0.9999999999776158,1.0000000000230047,0.9999999999378631,0.48705656759348087,1.0000000003119287,0.0,0.7298588,-2.4475835,-1.1174709,-1.5806017,-1.0947882,22.586172,22.458166,17.76608,24.778588,23.018564,16.172946,13.936269,28.221742,11.222735,14.089798,20.250391,18.474644,31.224965,14.958964,5.6106558,32.013479,26.814434,15.12839,23.963167,30.665906,18.199879,25.578866,12.004815,28.598423,30.324314,23.587981,31.793469,10.681588,9.2140465,35.355554,24.325046,14.802367,25.304671,7.7269004,29.954419,22.250556,17.70443,22.535039,22.817733,13.47975,13.627558,14.208906,27.015073,12.853704,30.686105,27.012227,25.006249,21.081666,17.753898,19.072003,8.0317035,14.998319,23.574318,29.614588,13.088607,16.942504,21.703531,23.978674,31.179855,11.08279,22.700836,26.063658,23.992928,27.208123,56.009411,103.49197,133.24729,70.950521,18.483657,16.518476,96.950961,-0.47129738,-0.10724296,-0.78138715,-85.234108,-4.6021457,0.7298588,1569.2408599999999,.
2044.0,513.2,5.3983,12.2168,169.85775,10196.044,0.0,0.0,0.0,0.0,0.0,0.0,0.0,0.0,0.0,0.0,0.0,0.0,0.0,0.0,0.0,0.0,0.0,0.0,0.0,0.0,0.0,0.0,0.0,0.0,0.0,0.0,0.0,0.0,0.0,0.0,0.0,0.0,0.0,0.0,0.0,0.0,0.0,0.0,0.0,0.0,0.0,0.0,0.0,0.0,0.0,0.0,0.0,0.0,0.0,0.0,0.0,0.0,0.0,0.0,0.0,0.0,0.0,0.0,0.0,0.0,0.0,0.0,0.0,0.0,0.0,34.568265,51.869128,1.2610548,0.0,0.0,21.355139,89.349,173.879,64.3741,3.314,2.2441,0.0,0.13514154048716262,1.0000000005557304,0.9999999997544369,0.6532990384514875,0.9965035203602494,0.0,0.0,0.0,0.0,0.0,0.0,0.0,0.0,0.0,0.0,0.0,0.0,0.0,0.0,0.0,0.0,0.0,0.0,0.0,0.0,0.0,0.0,0.0,0.0,0.0,0.0,0.0,0.0,0.0,0.0,0.0,0.0,0.0,0.0,0.0,0.0,0.0,0.0,0.0,0.0,0.0,0.0,0.0,0.0,0.0,0.0,0.0,0.0,0.0,0.0,0.0,0.0,0.0,0.0,0.0,0.0,0.0,0.0,0.0,0.0,0.0,0.0,0.0,0.0,0.0,0.09090941742918841,0.30303308262804013,0.004815252877314455,0.0,0.0,0.06060632736672668,0.9999999999776161,1.0000000000230045,0.9999999999378636,0.45391042322969477,1.0000000003119294,0.0,0.7298588,-2.4475835,-1.1174709,-1.601129,-1.0947882,22.586172,22.458166,17.76608,24.778588,23.018564,16.172946,13.936269,28.221742,11.222735,14.089798,20.250391,18.474644,31.224965,14.958964,5.6106558,32.013479,26.814434,15.12839,23.963167,30.665906,18.199879,25.578866,12.004815,28.598423,30.324314,23.587981,31.793469,10.681588,9.2140465,35.355554,24.325046,14.802367,25.304671,7.7269004,29.954419,22.250556,17.70443,22.535039,22.817733,13.47975,13.627558,14.208906,27.015073,12.853704,30.686105,27.012227,25.006249,21.081666,17.753898,19.072003,8.0317035,14.998319,23.574318,29.614588,13.088607,16.942504,21.703531,23.978674,31.179855,11.08279,22.700836,26.063658,23.992928,27.208123,56.009411,103.49197,133.24729,70.950521,18.483657,16.518476,96.950961,-0.47129738,-0.10724296,-0.52092477,-85.234108,-4.0907962,0.7298588,1582.14482,.
2045.0,513.2,5.3983,12.2168,169.85775,10196.044,0.0,0.0,0.0,0.0,0.0,0.0,0.0,0.0,0.0,0.0,0.0,0.0,0.0,0.0,0.0,0.0,0.0,0.0,0.0,0.0,0.0,0.0,0.0,0.0,0.0,0.0,0.0,0.0,0.0,0.0,0.0,0.0,0.0,0.0,0.0,0.0,0.0,0.0,0.0,0.0,0.0,0.0,0.0,0.0,0.0,0.0,0.0,0.0,0.0,0.0,0.0,0.0,0.0,0.0,0.0,0.0,0.0,0.0,0.0,0.0,0.0,0.0,0.0,0.0,0.0,23.045478,51.869128,0.0,0.0,0.0,10.677585,89.349,173.879,64.3741,3.556,2.2441,0.0,0.13514154048716265,1.0000000005557306,0.9999999997544369,0.653299038451488,0.9965035203602455,0.0,0.0,0.0,0.0,0.0,0.0,0.0,0.0,0.0,0.0,0.0,0.0,0.0,0.0,0.0,0.0,0.0,0.0,0.0,0.0,0.0,0.0,0.0,0.0,0.0,0.0,0.0,0.0,0.0,0.0,0.0,0.0,0.0,0.0,0.0,0.0,0.0,0.0,0.0,0.0,0.0,0.0,0.0,0.0,0.0,0.0,0.0,0.0,0.0,0.0,0.0,0.0,0.0,0.0,0.0,0.0,0.0,0.0,0.0,0.0,0.0,0.0,0.0,0.0,0.0,0.06060619413086478,0.30303308262804013,0.0,0.0,0.0,0.030303207672684792,0.9999999999776161,1.0000000000230045,0.9999999999378634,0.4870565675934809,1.000000000311929,0.0,0.68796192,-2.3070822,-1.0533235,-1.4898687,-1.0319429,21.289634,21.168976,16.746235,23.356196,21.697205,15.244552,13.13627,26.601699,10.578504,13.280986,19.087936,17.414124,29.432524,14.100259,5.2885812,30.175774,25.275176,14.259959,22.587583,28.905558,17.155131,24.110534,11.31569,26.956756,28.583575,22.233935,29.968394,10.068421,8.6851225,33.326,22.928689,13.952651,23.852079,7.2833447,28.234913,20.973283,16.688124,21.241435,21.507901,12.705957,12.84528,13.393257,25.464297,12.115849,28.924597,25.461614,23.570788,19.871492,16.734751,17.977192,7.5706509,14.137354,22.221056,27.91459,12.337268,15.969935,20.45766,22.6022,29.390004,10.446593,21.397715,24.567497,22.615635,25.646266,52.794242,97.551106,125.59835,66.877671,17.42262,15.570248,91.385579,-0.44424298,-0.10108677,-0.73653233,-80.341321,-4.3379637,0.68796192,1592.3413299999997,.
2046.0,513.2,5.3983,12.2168,169.85775,10196.044,0.0,0.0,0.0,0.0,0.0,0.0,0.0,0.0,0.0,0.0,0.0,0.0,0.0,0.0,0.0,0.0,0.0,0.0,0.0,0.0,0.0,0.0,0.0,0.0,0.0,0.0,0.0,0.0,0.0,0.0,0.0,0.0,0.0,0.0,0.0,0.0,0.0,0.0,0.0,0.0,0.0,0.0,0.0,0.0,0.0,0.0,0.0,0.0,0.0,0.0,0.0,0.0,0.0,0.0,0.0,0.0,0.0,0.0,0.0,0.0,0.0,0.0,0.0,0.0,0.0,34.568265,51.869128,1.2610548,0.0,0.0,21.355139,89.349,173.879,64.3741,3.314,2.2441,0.0,0.13514154048716265,1.0000000005557306,0.9999999997544367,0.653299038451488,0.9965035203602496,0.0,0.0,0.0,0.0,0.0,0.0,0.0,0.0,0.0,0.0,0.0,0.0,0.0,0.0,0.0,0.0,0.0,0.0,0.0,0.0,0.0,0.0,0.0,0.0,0.0,0.0,0.0,0.0,0.0,0.0,0.0,0.0,0.0,0.0,0.0,0.0,0.0,0.0,0.0,0.0,0.0,0.0,0.0,0.0,0.0,0.0,0.0,0.0,0.0,0.0,0.0,0.0,0.0,0.0,0.0,0.0,0.0,0.0,0.0,0.0,0.0,0.0,0.0,0.0,0.0,0.09090941742918843,0.30303308262804013,0.0048152528773144545,0.0,0.0,0.060606327366726664,0.9999999999776155,1.000000000023004,0.9999999999378631,0.45391042322969494,1.000000000311929,0.0,0.68796192,-2.3070822,-1.0533235,-1.5092176,-1.0319429,21.289634,21.168976,16.746235,23.356196,21.697205,15.244552,13.13627,26.601699,10.578504,13.280986,19.087936,17.414124,29.432524,14.100259,5.2885812,30.175774,25.275176,14.259959,22.587583,28.905558,17.155131,24.110534,11.31569,26.956756,28.583575,22.233935,29.968394,10.068421,8.6851225,33.326,22.928689,13.952651,23.852079,7.2833447,28.234913,20.973283,16.688124,21.241435,21.507901,12.705957,12.84528,13.393257,25.464297,12.115849,28.924597,25.461614,23.570788,19.871492,16.734751,17.977192,7.5706509,14.137354,22.221056,27.91459,12.337268,15.969935,20.45766,22.6022,29.390004,10.446593,21.397715,24.567497,22.615635,25.646266,52.794242,97.551106,125.59835,66.877671,17.42262,15.570248,91.385579,-0.44424298,-0.10108677,-0.49102156,-80.341321,-3.8559677,0.68796192,1599.8426,.
2047.0,513.2,5.3983,12.2168,169.85775,10196.044,0.0,0.0,0.0,0.0,0.0,0.0,0.0,0.0,0.0,0.0,0.0,0.0,0.0,0.0,0.0,0.0,0.0,0.0,0.0,0.0,0.0,0.0,0.0,0.0,0.0,0.0,0.0,0.0,0.0,0.0,0.0,0.0,0.0,0.0,0.0,0.0,0.0,0.0,0.0,0.0,0.0,0.0,0.0,0.0,0.0,0.0,0.0,0.0,0.0,0.0,0.0,0.0,0.0,0.0,0.0,0.0,0.0,0.0,0.0,0.0,0.0,0.0,0.0,0.0,0.0,23.045478,51.869128,0.0,0.0,0.0,10.677585,89.349,173.879,64.3741,3.556,2.2441,0.0,0.13514154048716262,1.0000000005557308,0.9999999997544368,0.6532990384514875,0.996503520360248,0.0,0.0,0.0,0.0,0.0,0.0,0.0,0.0,0.0,0.0,0.0,0.0,0.0,0.0,0.0,0.0,0.0,0.0,0.0,0.0,0.0,0.0,0.0,0.0,0.0,0.0,0.0,0.0,0.0,0.0,0.0,0.0,0.0,0.0,0.0,0.0,0.0,0.0,0.0,0.0,0.0,0.0,0.0,0.0,0.0,0.0,0.0,0.0,0.0,0.0,0.0,0.0,0.0,0.0,0.0,0.0,0.0,0.0,0.0,0.0,0.0,0.0,0.0,0.0,0.0,0.060606194130864786,0.3030330826280402,0.0,0.0,0.0,0.030303207672684785,0.9999999999776154,1.0000000000230052,0.9999999999378631,0.4870565675934808,1.0000000003119285,0.0,0.64847009,-2.1746463,-0.99285843,-1.4772971,-0.97270514,20.067521,19.95379,15.784932,22.015455,20.451696,14.369453,12.382195,25.074653,9.9712545,12.518603,17.99221,16.414482,27.742977,13.290846,4.984995,28.443561,23.824277,13.441379,21.290964,27.24626,16.170356,22.726491,10.666123,25.409328,26.94276,20.957616,28.248086,9.4904526,8.1865609,31.412952,21.612488,13.151711,22.482872,6.8652509,26.614113,19.76933,15.730157,20.02209,20.27326,11.976583,12.107908,12.624429,24.002542,11.42035,27.264207,24.000014,22.217728,18.730787,15.774108,16.945228,7.1360645,13.325812,20.945476,26.312178,11.629058,15.053195,19.283307,21.304741,27.702897,9.8469157,20.169399,23.157222,21.317405,24.174065,49.763637,91.951274,118.38849,63.038619,16.42249,14.676452,86.139673,-0.41874162,-0.095283979,-0.69425236,-76.479197,-4.0889468,0.64847009,1604.72688,.
2048.0,513.2,5.3983,12.2168,169.85775,10196.044,0.0,0.0,0.0,0.0,0.0,0.0,0.0,0.0,0.0,0.0,0.0,0.0,0.0,0.0,0.0,0.0,0.0,0.0,0.0,0.0,0.0,0.0,0.0,0.0,0.0,0.0,0.0,0.0,0.0,0.0,0.0,0.0,0.0,0.0,0.0,0.0,0.0,0.0,0.0,0.0,0.0,0.0,0.0,0.0,0.0,0.0,0.0,0.0,0.0,0.0,0.0,0.0,0.0,0.0,0.0,0.0,0.0,0.0,0.0,0.0,0.0,0.0,0.0,0.0,0.0,34.568265,51.869128,1.735912,0.0,0.0,21.355139,89.349,173.879,64.3741,3.314,2.2441,0.0,0.13514154048716265,1.0000000005557308,0.9999999997544365,0.6532990384514878,0.9965035203602484,0.0,0.0,0.0,0.0,0.0,0.0,0.0,0.0,0.0,0.0,0.0,0.0,0.0,0.0,0.0,0.0,0.0,0.0,0.0,0.0,0.0,0.0,0.0,0.0,0.0,0.0,0.0,0.0,0.0,0.0,0.0,0.0,0.0,0.0,0.0,0.0,0.0,0.0,0.0,0.0,0.0,0.0,0.0,0.0,0.0,0.0,0.0,0.0,0.0,0.0,0.0,0.0,0.0,0.0,0.0,0.0,0.0,0.0,0.0,0.0,0.0,0.0,0.0,0.0,0.0,0.09090941742918843,0.30303308262804024,0.006628463134801667,0.0,0.0,0.06060632736672668,0.9999999999776159,1.0000000000230045,0.999999999937863,0.4539104232296953,1.000000000311929,0.0,0.64847009,-2.1746463,-0.99285843,-1.4955353,-0.97270514,20.067521,19.95379,15.784932,22.015455,20.451696,14.369453,12.382195,25.074653,9.9712545,12.518603,17.99221,16.414482,27.742977,13.290846,4.984995,28.443561,23.824277,13.441379,21.290964,27.24626,16.170356,22.726491,10.666123,25.409328,26.94276,20.957616,28.248086,9.4904526,8.1865609,31.412952,21.612488,13.151711,22.482872,6.8652509,26.614113,19.76933,15.730157,20.02209,20.27326,11.976583,12.107908,12.624429,24.002542,11.42035,27.264207,24.000014,22.217728,18.730787,15.774108,16.945228,7.1360645,13.325812,20.945476,26.312178,11.629058,15.053195,19.283307,21.304741,27.702897,9.8469157,20.169399,23.157222,21.317405,24.174065,49.763637,91.951274,118.38849,63.038619,16.42249,14.676452,86.139673,-0.41874162,-0.095283979,-0.46283491,-76.479197,-3.6346194,0.64847009,1607.08044,.
2049.0,513.2,5.3983,12.2168,169.85775,10196.044,0.0,0.0,0.0,0.0,0.0,0.0,0.0,0.0,0.0,0.0,0.0,0.0,0.0,0.0,0.0,0.0,0.0,0.0,0.0,0.0,0.0,0.0,0.0,0.0,0.0,0.0,0.0,0.0,0.0,0.0,0.0,0.0,0.0,0.0,0.0,0.0,0.0,0.0,0.0,0.0,0.0,0.0,0.0,0.0,0.0,0.0,0.0,0.0,0.0,0.0,0.0,0.0,0.0,0.0,0.0,0.0,0.0,0.0,0.0,0.0,0.0,0.0,0.0,0.0,0.0,23.045478,51.869128,0.0,0.0,0.0,10.677585,89.349,173.879,64.3741,3.556,2.2441,0.0,0.13514154048716262,1.0000000005557306,0.9999999997544365,0.653299038451488,0.9965035203602487,0.0,0.0,0.0,0.0,0.0,0.0,0.0,0.0,0.0,0.0,0.0,0.0,0.0,0.0,0.0,0.0,0.0,0.0,0.0,0.0,0.0,0.0,0.0,0.0,0.0,0.0,0.0,0.0,0.0,0.0,0.0,0.0,0.0,0.0,0.0,0.0,0.0,0.0,0.0,0.0,0.0,0.0,0.0,0.0,0.0,0.0,0.0,0.0,0.0,0.0,0.0,0.0,0.0,0.0,0.0,0.0,0.0,0.0,0.0,0.0,0.0,0.0,0.0,0.0,0.0,0.060606194130864786,0.30303308262804024,0.0,0.0,0.0,0.030303207672684792,0.9999999999776166,1.0000000000230045,0.9999999999378631,0.48705656759348087,1.0000000003119283,0.0,0.61124525,-2.0498127,-0.93586429,-1.4268767,-0.91686788,18.915564,18.808361,14.878812,20.751678,19.277685,13.544587,11.671406,23.635265,9.3988637,11.799984,16.959384,15.472224,26.150417,12.527897,4.6988359,26.810784,22.456666,12.669789,20.068775,25.682214,15.242112,21.421897,10.053844,23.950729,25.396136,19.754563,26.62653,8.9456618,7.7166188,29.60972,20.371843,12.396749,21.192264,6.4711574,25.086354,18.63449,14.827182,18.87274,19.109492,11.289078,11.412865,11.899735,22.624698,10.764775,25.69913,22.622315,20.94234,17.655563,14.86861,15.972502,6.7264252,12.560856,19.74312,24.801751,10.961503,14.18908,18.176366,20.081762,26.112638,9.2816624,19.011593,21.827903,20.093699,22.786375,46.907,86.672894,111.5925,59.419944,15.479772,13.833964,81.194903,-0.39470414,-0.089814289,-0.43626629,-72.442355,-3.4259774,0.61124525,1606.99698,.
2050.0,513.2,5.3983,12.2168,169.85775,10196.044,0.0,0.0,0.0,0.0,0.0,0.0,0.0,0.0,0.0,0.0,0.0,0.0,0.0,0.0,0.0,0.0,0.0,0.0,0.0,0.0,0.0,0.0,0.0,0.0,0.0,0.0,0.0,0.0,0.0,0.0,0.0,0.0,0.0,0.0,0.0,0.0,0.0,0.0,0.0,0.0,0.0,0.0,0.0,0.0,0.0,0.0,0.0,0.0,0.0,0.0,0.0,0.0,0.0,0.0,0.0,0.0,0.0,0.0,0.0,0.0,0.0,0.0,0.0,0.0,0.0,34.568265,51.869128,1.7651273,0.0,0.0,21.355139,89.349,173.879,64.3741,3.314,2.2441,0.0,0.13514154048716265,1.0000000005557308,0.9999999997544368,0.653299038451488,0.9965035203602475,0.0,0.0,0.0,0.0,0.0,0.0,0.0,0.0,0.0,0.0,0.0,0.0,0.0,0.0,0.0,0.0,0.0,0.0,0.0,0.0,0.0,0.0,0.0,0.0,0.0,0.0,0.0,0.0,0.0,0.0,0.0,0.0,0.0,0.0,0.0,0.0,0.0,0.0,0.0,0.0,0.0,0.0,0.0,0.0,0.0,0.0,0.0,0.0,0.0,0.0,0.0,0.0,0.0,0.0,0.0,0.0,0.0,0.0,0.0,0.0,0.0,0.0,0.0,0.0,0.0,0.09090941742918844,0.3030330826280402,0.00674001979148828,0.0,0.0,0.060606327366726685,0.9999999999776162,1.0000000000230045,0.9999999999378631,0.45391042322969527,1.0000000003119283,0.0,0.61124525,-2.0498127,-0.93586429,-1.4526637,-0.91686788,18.915564,18.808361,14.878812,20.751678,19.277685,13.544587,11.671406,23.635265,9.3988637,11.799984,16.959384,15.472224,26.150417,12.527897,4.6988359,26.810784,22.456666,12.669789,20.068775,25.682214,15.242112,21.421897,10.053844,23.950729,25.396136,19.754563,26.62653,8.9456618,7.7166188,29.60972,20.371843,12.396749,21.192264,6.4711574,25.086354,18.63449,14.827182,18.87274,19.109492,11.289078,11.412865,11.899735,22.624698,10.764775,25.69913,22.622315,20.94234,17.655563,14.86861,15.972502,6.7264252,12.560856,19.74312,24.801751,10.961503,14.18908,18.176366,20.081762,26.112638,9.2816624,19.011593,21.827903,20.093699,22.786375,46.907,86.672894,111.5925,59.419944,15.479772,13.833964,81.194903,-0.39470414,-0.089814289,-0.43626629,-72.795733,-3.4259774,0.61124525,1604.6040899999998,.
2051.0,513.2,5.3983,12.2168,169.85775,10196.044,0.0,0.0,0.0,0.0,0.0,0.0,0.0,0.0,0.0,0.0,0.0,0.0,0.0,0.0,0.0,0.0,0.0,0.0,0.0,0.0,0.0,0.0,0.0,0.0,0.0,0.0,0.0,0.0,0.0,0.0,0.0,0.0,0.0,0.0,0.0,0.0,0.0,0.0,0.0,0.0,0.0,0.0,0.0,0.0,0.0,0.0,0.0,0.0,0.0,0.0,0.0,0.0,0.0,0.0,0.0,0.0,0.0,0.0,0.0,0.0,0.0,0.0,0.0,0.0,0.0,23.045478,51.869128,0.0,0.0,0.0,10.677585,89.349,173.879,64.3741,3.314,2.2441,0.0,0.13514154048716265,1.0000000005557306,0.9999999997544365,0.653299038451488,0.9965035203602476,0.0,0.0,0.0,0.0,0.0,0.0,0.0,0.0,0.0,0.0,0.0,0.0,0.0,0.0,0.0,0.0,0.0,0.0,0.0,0.0,0.0,0.0,0.0,0.0,0.0,0.0,0.0,0.0,0.0,0.0,0.0,0.0,0.0,0.0,0.0,0.0,0.0,0.0,0.0,0.0,0.0,0.0,0.0,0.0,0.0,0.0,0.0,0.0,0.0,0.0,0.0,0.0,0.0,0.0,0.0,0.0,0.0,0.0,0.0,0.0,0.0,0.0,0.0,0.0,0.0,0.060606194130864786,0.3030330826280402,0.0,0.0,0.0,0.030303207672684785,0.9999999999776159,1.0000000000230047,0.999999999937863,0.45391042322969516,1.000000000311929,0.0,0.57615728,-1.932145,-0.88214185,-1.3854793,-0.86423591,17.829733,17.728684,14.024708,19.560447,18.171067,12.767073,11.001419,22.278504,8.8593305,11.122617,15.985846,14.584055,24.649276,11.808745,4.4291035,25.271736,21.167562,11.942491,18.916746,24.20795,14.367152,20.192193,9.4767121,22.575859,23.938294,18.62057,25.098058,8.4321442,7.2736534,27.910001,19.202416,11.685125,19.975741,6.0996865,23.646295,17.564794,13.976041,17.789368,18.012529,10.641039,10.75772,11.216642,21.325948,10.146833,24.223895,21.323701,19.740164,16.642062,14.015091,15.055615,6.3403009,11.839811,18.609785,23.378029,10.332267,13.374569,17.132968,18.928987,24.613665,8.748857,17.920249,20.574892,18.940239,21.478344,44.214347,81.697516,105.18664,56.008996,14.59117,13.039838,76.533984,-0.3720465,-0.10582323,-0.61683423,-68.950052,-3.6329763,0.57615728,1599.96553,.
2052.0,513.2,5.3983,12.2168,169.85775,10196.044,0.0,0.0,0.0,0.0,0.0,0.0,0.0,0.0,0.0,0.0,0.0,0.0,0.0,0.0,0.0,0.0,0.0,0.0,0.0,0.0,0.0,0.0,0.0,0.0,0.0,0.0,0.0,0.0,0.0,0.0,0.0,0.0,0.0,0.0,0.0,0.0,0.0,0.0,0.0,0.0,0.0,0.0,0.0,0.0,0.0,0.0,0.0,0.0,0.0,0.0,0.0,0.0,0.0,0.0,0.0,0.0,0.0,0.0,0.0,0.0,0.0,0.0,0.0,0.0,0.0,34.568265,51.869128,2.0685594,0.0,0.0,21.355139,89.349,173.879,64.3741,3.314,2.2441,0.0,0.13514154048716265,1.0000000005557308,0.9999999997544369,0.6532990384514877,0.9965035203602488,0.0,0.0,0.0,0.0,0.0,0.0,0.0,0.0,0.0,0.0,0.0,0.0,0.0,0.0,0.0,0.0,0.0,0.0,0.0,0.0,0.0,0.0,0.0,0.0,0.0,0.0,0.0,0.0,0.0,0.0,0.0,0.0,0.0,0.0,0.0,0.0,0.0,0.0,0.0,0.0,0.0,0.0,0.0,0.0,0.0,0.0,0.0,0.0,0.0,0.0,0.0,0.0,0.0,0.0,0.0,0.0,0.0,0.0,0.0,0.0,0.0,0.0,0.0,0.0,0.0,0.09090941742918843,0.30303308262804013,0.007898654842553917,0.0,0.0,0.060606327366726664,0.9999999999776159,1.0000000000230045,0.9999999999378636,0.4539104232296948,1.0000000003119291,0.0,0.57615728,-1.932145,-0.88214185,-1.4016837,-0.86423591,17.829733,17.728684,14.024708,19.560447,18.171067,12.767073,11.001419,22.278504,8.8593305,11.122617,15.985846,14.584055,24.649276,11.808745,4.4291035,25.271736,21.167562,11.942491,18.916746,24.20795,14.367152,20.192193,9.4767121,22.575859,23.938294,18.62057,25.098058,8.4321442,7.2736534,27.910001,19.202416,11.685125,19.975741,6.0996865,23.646295,17.564794,13.976041,17.789368,18.012529,10.641039,10.75772,11.216642,21.325948,10.146833,24.223895,21.323701,19.740164,16.642062,14.015091,15.055615,6.3403009,11.839811,18.609785,23.378029,10.332267,13.374569,17.132968,18.928987,24.613665,8.748857,17.920249,20.574892,18.940239,21.478344,44.214347,81.697516,105.18664,56.008996,14.59117,13.039838,76.533984,-0.3720465,-0.084658582,-0.41122282,-68.950052,-3.2293123,0.57615728,1593.21461,.
2053.0,513.2,5.3983,12.2168,169.85775,10196.044,0.0,0.0,0.0,0.0,0.0,0.0,0.0,0.0,0.0,0.0,0.0,0.0,0.0,0.0,0.0,0.0,0.0,0.0,0.0,0.0,0.0,0.0,0.0,0.0,0.0,0.0,0.0,0.0,0.0,0.0,0.0,0.0,0.0,0.0,0.0,0.0,0.0,0.0,0.0,0.0,0.0,0.0,0.0,0.0,0.0,0.0,0.0,0.0,0.0,0.0,0.0,0.0,0.0,0.0,0.0,0.0,0.0,0.0,0.0,0.0,0.0,0.0,0.0,0.0,0.0,23.045478,51.869128,0.0,0.0,0.0,10.677585,89.349,173.879,64.3741,3.314,2.2441,0.0,0.13514154048716265,1.0000000005557312,0.9999999997544371,0.6532990384514882,0.9965035203602464,0.0,0.0,0.0,0.0,0.0,0.0,0.0,0.0,0.0,0.0,0.0,0.0,0.0,0.0,0.0,0.0,0.0,0.0,0.0,0.0,0.0,0.0,0.0,0.0,0.0,0.0,0.0,0.0,0.0,0.0,0.0,0.0,0.0,0.0,0.0,0.0,0.0,0.0,0.0,0.0,0.0,0.0,0.0,0.0,0.0,0.0,0.0,0.0,0.0,0.0,0.0,0.0,0.0,0.0,0.0,0.0,0.0,0.0,0.0,0.0,0.0,0.0,0.0,0.0,0.0,0.0606061941308648,0.30303308262804013,0.0,0.0,0.0,0.0303032076726848,0.9999999999776151,1.000000000023005,0.9999999999378631,0.4539104232296949,1.0000000003119287,0.0,0.54308349,-1.821232,-0.8315033,-1.3441327,-0.81462524,16.806233,16.710985,13.219632,18.437597,17.127974,12.03419,10.369893,20.999627,8.3507687,10.484133,15.068193,13.74687,23.234306,11.130874,4.1748548,23.821035,19.952457,11.256943,17.830847,22.818314,13.542419,19.033078,8.9327101,21.279912,22.564138,17.551673,23.657327,7.9481046,6.8561159,26.307852,18.100119,11.014351,18.829052,5.7495396,22.288901,16.556503,13.173759,16.768185,16.978536,10.0302,10.140183,10.572761,20.101751,9.5643633,22.833344,20.099634,18.606997,15.686739,13.210567,14.191361,5.9763417,11.160158,17.541507,22.036035,9.739153,12.606814,16.149466,17.842385,23.20074,8.2466369,16.891554,19.393809,17.852991,20.245399,41.676262,77.007744,99.148495,52.793851,13.753577,12.291298,72.14062,-0.35068951,-0.099748541,-0.58142542,-65.306008,-3.4244286,0.54308349,1584.36648,.
2054.0,513.2,5.3983,12.2168,169.85775,10196.044,0.0,0.0,0.0,0.0,0.0,0.0,0.0,0.0,0.0,0.0,0.0,0.0,0.0,0.0,0.0,0.0,0.0,0.0,0.0,0.0,0.0,0.0,0.0,0.0,0.0,0.0,0.0,0.0,0.0,0.0,0.0,0.0,0.0,0.0,0.0,0.0,0.0,0.0,0.0,0.0,0.0,0.0,0.0,0.0,0.0,0.0,0.0,0.0,0.0,0.0,0.0,0.0,0.0,0.0,0.0,0.0,0.0,0.0,0.0,0.0,0.0,0.0,0.0,0.0,0.0,34.568265,51.869128,2.3782633,0.0,0.0,21.355139,89.349,173.879,64.3741,3.314,2.2441,0.0,0.13514154048716262,1.0000000005557306,0.9999999997544367,0.6532990384514878,0.996503520360248,0.0,0.0,0.0,0.0,0.0,0.0,0.0,0.0,0.0,0.0,0.0,0.0,0.0,0.0,0.0,0.0,0.0,0.0,0.0,0.0,0.0,0.0,0.0,0.0,0.0,0.0,0.0,0.0,0.0,0.0,0.0,0.0,0.0,0.0,0.0,0.0,0.0,0.0,0.0,0.0,0.0,0.0,0.0,0.0,0.0,0.0,0.0,0.0,0.0,0.0,0.0,0.0,0.0,0.0,0.0,0.0,0.0,0.0,0.0,0.0,0.0,0.0,0.0,0.0,0.0,0.09090941742918843,0.3030330826280402,0.009081238339790127,0.0,0.0,0.06060632736672668,0.9999999999776156,1.000000000023004,0.9999999999378631,0.45391042322969505,1.0000000003119291,0.0,0.54308349,-1.821232,-0.8315033,-1.367044,-0.81462524,16.806233,16.710985,13.219632,18.437597,17.127974,12.03419,10.369893,20.999627,8.3507687,10.484133,15.068193,13.74687,23.234306,11.130874,4.1748548,23.821035,19.952457,11.256943,17.830847,22.818314,13.542419,19.033078,8.9327101,21.279912,22.564138,17.551673,23.657327,7.9481046,6.8561159,26.307852,18.100119,11.014351,18.829052,5.7495396,22.288901,16.556503,13.173759,16.768185,16.978536,10.0302,10.140183,10.572761,20.101751,9.5643633,22.833344,20.099634,18.606997,15.686739,13.210567,14.191361,5.9763417,11.160158,17.541507,22.036035,9.739153,12.606814,16.149466,17.842385,23.20074,8.2466369,16.891554,19.393809,17.852991,20.245399,41.676262,77.007744,99.148495,52.793851,13.753577,12.291298,72.14062,-0.35068951,-0.079798833,-0.38761695,-65.306008,-3.0439365,0.54308349,1573.5528799999997,.
2055.0,513.2,5.3983,12.2168,169.85775,10196.044,0.0,0.0,0.0,0.0,0.0,0.0,0.0,0.0,0.0,0.0,0.0,0.0,0.0,0.0,0.0,0.0,0.0,0.0,0.0,0.0,0.0,0.0,0.0,0.0,0.0,0.0,0.0,0.0,0.0,0.0,0.0,0.0,0.0,0.0,0.0,0.0,0.0,0.0,0.0,0.0,0.0,0.0,0.0,0.0,0.0,0.0,0.0,0.0,0.0,0.0,0.0,0.0,0.0,0.0,0.0,0.0,0.0,0.0,0.0,0.0,0.0,0.0,0.0,0.0,0.0,23.045478,51.869128,0.0,0.0,0.0,10.677585,89.349,173.879,64.3741,3.314,2.2441,0.0,0.1351415404871626,1.0000000005557304,0.9999999997544368,0.653299038451488,0.9965035203602478,0.0,0.0,0.0,0.0,0.0,0.0,0.0,0.0,0.0,0.0,0.0,0.0,0.0,0.0,0.0,0.0,0.0,0.0,0.0,0.0,0.0,0.0,0.0,0.0,0.0,0.0,0.0,0.0,0.0,0.0,0.0,0.0,0.0,0.0,0.0,0.0,0.0,0.0,0.0,0.0,0.0,0.0,0.0,0.0,0.0,0.0,0.0,0.0,0.0,0.0,0.0,0.0,0.0,0.0,0.0,0.0,0.0,0.0,0.0,0.0,0.0,0.0,0.0,0.0,0.0,0.06060619413086478,0.30303308262804013,0.0,0.0,0.0,0.030303207672684785,0.9999999999776165,1.0000000000230047,0.9999999999378634,0.4539104232296948,1.0000000003119285,0.0,0.51190828,-1.7166858,-0.78377161,-1.3101663,-0.76786242,15.841487,15.751706,12.460771,17.379203,16.144758,11.343379,9.7746187,19.794162,7.8714004,9.8823011,14.203217,12.957744,21.900562,10.491917,3.9352011,22.45361,18.807105,10.610749,16.807283,21.50845,12.765029,17.940502,8.419936,20.058358,21.268864,16.544136,22.2993,7.4918509,6.4625468,24.797674,17.061098,10.382082,17.748187,5.4194925,21.009427,15.606092,12.417531,15.805623,16.003899,9.4544254,9.5580948,9.9658411,18.947829,9.0153297,21.522617,18.945832,17.53888,14.786256,12.452227,13.376719,5.6332752,10.519519,16.534553,20.771076,9.1800858,11.883131,15.22242,16.818159,21.868923,7.7732462,15.92191,18.280525,16.828157,19.08323,39.283874,72.587184,93.456966,49.763268,12.964065,11.585727,67.999453,-0.3305585,-0.094022567,-0.54804923,-61.853124,-3.2278524,0.51190828,1561.1082499999998,.
2056.0,513.2,5.3983,12.2168,169.85775,10196.044,0.0,0.0,0.0,0.0,0.0,0.0,0.0,0.0,0.0,0.0,0.0,0.0,0.0,0.0,0.0,0.0,0.0,0.0,0.0,0.0,0.0,0.0,0.0,0.0,0.0,0.0,0.0,0.0,0.0,0.0,0.0,0.0,0.0,0.0,0.0,0.0,0.0,0.0,0.0,0.0,0.0,0.0,0.0,0.0,0.0,0.0,0.0,0.0,0.0,0.0,0.0,0.0,0.0,0.0,0.0,0.0,0.0,0.0,0.0,0.0,0.0,0.0,0.0,0.0,0.0,34.568265,51.869128,3.0504463,0.0,0.0,21.355139,89.349,173.879,64.3741,3.314,2.2441,0.0,0.13514154048716265,1.0000000005557308,0.9999999997544365,0.6532990384514878,0.9965035203602487,0.0,0.0,0.0,0.0,0.0,0.0,0.0,0.0,0.0,0.0,0.0,0.0,0.0,0.0,0.0,0.0,0.0,0.0,0.0,0.0,0.0,0.0,0.0,0.0,0.0,0.0,0.0,0.0,0.0,0.0,0.0,0.0,0.0,0.0,0.0,0.0,0.0,0.0,0.0,0.0,0.0,0.0,0.0,0.0,0.0,0.0,0.0,0.0,0.0,0.0,0.0,0.0,0.0,0.0,0.0,0.0,0.0,0.0,0.0,0.0,0.0,0.0,0.0,0.0,0.0,0.09090941742918845,0.30303308262804024,0.011647923883377816,0.0,0.0,0.06060632736672668,0.9999999999776155,1.0000000000230047,0.9999999999378634,0.45391042322969505,1.0000000003119291,0.0,0.51190828,-1.7166858,-0.78377161,-1.3317624,-0.76786242,15.841487,15.751706,12.460771,17.379203,16.144758,11.343379,9.7746187,19.794162,7.8714004,9.8823011,14.203217,12.957744,21.900562,10.491917,3.9352011,22.45361,18.807105,10.610749,16.807283,21.50845,12.765029,17.940502,8.419936,20.058358,21.268864,16.544136,22.2993,7.4918509,6.4625468,24.797674,17.061098,10.382082,17.748187,5.4194925,21.009427,15.606092,12.417531,15.805623,16.003899,9.4544254,9.5580948,9.9658411,18.947829,9.0153297,21.522617,18.945832,17.53888,14.786256,12.452227,13.376719,5.6332752,10.519519,16.534553,20.771076,9.1800858,11.883131,15.22242,16.818159,21.868923,7.7732462,15.92191,18.280525,16.828157,19.08323,39.283874,72.587184,93.456966,49.763268,12.964065,11.585727,67.999453,-0.3305585,-0.094022567,-0.54804923,-62.149072,-3.2278524,0.51190828,1546.9863,.
2057.0,513.2,5.3983,12.2168,169.85775,10196.044,0.0,0.0,0.0,0.0,0.0,0.0,0.0,0.0,0.0,0.0,0.0,0.0,0.0,0.0,0.0,0.0,0.0,0.0,0.0,0.0,0.0,0.0,0.0,0.0,0.0,0.0,0.0,0.0,0.0,0.0,0.0,0.0,0.0,0.0,0.0,0.0,0.0,0.0,0.0,0.0,0.0,0.0,0.0,0.0,0.0,0.0,0.0,0.0,0.0,0.0,0.0,0.0,0.0,0.0,0.0,0.0,0.0,0.0,0.0,0.0,0.0,0.0,0.0,0.0,0.0,23.045478,51.869128,0.0,0.0,0.0,10.677585,89.349,173.879,64.3741,3.314,2.2441,0.0,0.13514154048716265,1.0000000005557306,0.9999999997544365,0.6532990384514878,0.9965035203602487,0.0,0.0,0.0,0.0,0.0,0.0,0.0,0.0,0.0,0.0,0.0,0.0,0.0,0.0,0.0,0.0,0.0,0.0,0.0,0.0,0.0,0.0,0.0,0.0,0.0,0.0,0.0,0.0,0.0,0.0,0.0,0.0,0.0,0.0,0.0,0.0,0.0,0.0,0.0,0.0,0.0,0.0,0.0,0.0,0.0,0.0,0.0,0.0,0.0,0.0,0.0,0.0,0.0,0.0,0.0,0.0,0.0,0.0,0.0,0.0,0.0,0.0,0.0,0.0,0.0,0.060606194130864786,0.30303308262804024,0.0,0.0,0.0,0.03030320767268479,0.9999999999776162,1.0000000000230047,0.9999999999378634,0.45391042322969505,1.0000000003119283,0.0,0.48252265,-1.618141,-0.73877991,-1.2349574,-0.72378397,14.932121,14.847494,11.745472,16.381566,15.217983,10.692222,9.2135156,18.657896,7.4195498,9.3150166,13.387894,12.213916,20.64338,9.8896377,3.7093044,21.164681,17.7275,10.001648,15.842477,20.273777,12.032264,16.910644,7.9365972,18.906927,20.047944,15.594434,21.019229,7.061788,6.0915702,23.374186,16.081721,9.7861084,16.729369,5.1083914,19.8034,14.710239,11.704714,14.898315,15.085209,8.9117027,9.009421,9.393761,17.860146,8.4978129,20.287131,17.858264,16.532076,13.937465,11.737418,12.608841,5.3099022,9.9156556,15.585402,19.578732,8.6531113,11.200991,14.348591,15.852728,20.613557,7.32703,15.007927,17.231148,15.862152,17.987775,37.028819,68.420383,88.092153,46.906653,12.219875,10.920659,64.096006,-0.31158309,-0.088625287,-0.51658896,-58.302502,-3.0425604,0.48252265,1531.2780599999999,.
2058.0,513.2,5.3983,12.2168,169.85775,10196.044,0.0,0.0,0.0,0.0,0.0,0.0,0.0,0.0,0.0,0.0,0.0,0.0,0.0,0.0,0.0,0.0,0.0,0.0,0.0,0.0,0.0,0.0,0.0,0.0,0.0,0.0,0.0,0.0,0.0,0.0,0.0,0.0,0.0,0.0,0.0,0.0,0.0,0.0,0.0,0.0,0.0,0.0,0.0,0.0,0.0,0.0,0.0,0.0,0.0,0.0,0.0,0.0,0.0,0.0,0.0,0.0,0.0,0.0,0.0,0.0,0.0,0.0,0.0,0.0,0.0,34.568265,51.869128,3.0504463,0.0,0.0,21.355139,89.349,173.879,64.3741,3.314,2.2441,0.0,0.13514154048716262,1.0000000005557301,0.9999999997544367,0.6532990384514878,0.9965035203602487,0.0,0.0,0.0,0.0,0.0,0.0,0.0,0.0,0.0,0.0,0.0,0.0,0.0,0.0,0.0,0.0,0.0,0.0,0.0,0.0,0.0,0.0,0.0,0.0,0.0,0.0,0.0,0.0,0.0,0.0,0.0,0.0,0.0,0.0,0.0,0.0,0.0,0.0,0.0,0.0,0.0,0.0,0.0,0.0,0.0,0.0,0.0,0.0,0.0,0.0,0.0,0.0,0.0,0.0,0.0,0.0,0.0,0.0,0.0,0.0,0.0,0.0,0.0,0.0,0.0,0.09090941742918844,0.30303308262804013,0.011647923883377816,0.0,0.0,0.060606327366726685,0.9999999999776165,1.0000000000230045,0.9999999999378636,0.453910423229695,1.000000000311929,0.0,0.48252265,-1.618141,-0.73877991,-1.2553138,-0.72378397,14.932121,14.847494,11.745472,16.381566,15.217983,10.692222,9.2135156,18.657896,7.4195498,9.3150166,13.387894,12.213916,20.64338,9.8896377,3.7093044,21.164681,17.7275,10.001648,15.842477,20.273777,12.032264,16.910644,7.9365972,18.906927,20.047944,15.594434,21.019229,7.061788,6.0915702,23.374186,16.081721,9.7861084,16.729369,5.1083914,19.8034,14.710239,11.704714,14.898315,15.085209,8.9117027,9.009421,9.393761,17.860146,8.4978129,20.287131,17.858264,16.532076,13.937465,11.737418,12.608841,5.3099022,9.9156556,15.585402,19.578732,8.6531113,11.200991,14.348591,15.852728,20.613557,7.32703,15.007927,17.231148,15.862152,17.987775,37.028819,68.420383,88.092153,46.906653,12.219875,10.920659,64.096006,-0.31158309,-0.088625287,-0.51658896,-58.581461,-3.0425604,0.48252265,1513.4703599999998,.
2059.0,513.2,5.3983,12.2168,169.85775,10196.044,0.0,0.0,0.0,0.0,0.0,0.0,0.0,0.0,0.0,0.0,0.0,0.0,0.0,0.0,0.0,0.0,0.0,0.0,0.0,0.0,0.0,0.0,0.0,0.0,0.0,0.0,0.0,0.0,0.0,0.0,0.0,0.0,0.0,0.0,0.0,0.0,0.0,0.0,0.0,0.0,0.0,0.0,0.0,0.0,0.0,0.0,0.0,0.0,0.0,0.0,0.0,0.0,0.0,0.0,0.0,0.0,0.0,0.0,0.0,0.0,0.0,0.0,0.0,0.0,0.0,23.045478,51.869128,0.0,0.0,0.0,10.677585,89.349,173.879,64.3741,3.314,2.2441,0.0,0.13514154048716265,1.0000000005557301,0.9999999997544369,0.653299038451488,0.9965035203602466,0.0,0.0,0.0,0.0,0.0,0.0,0.0,0.0,0.0,0.0,0.0,0.0,0.0,0.0,0.0,0.0,0.0,0.0,0.0,0.0,0.0,0.0,0.0,0.0,0.0,0.0,0.0,0.0,0.0,0.0,0.0,0.0,0.0,0.0,0.0,0.0,0.0,0.0,0.0,0.0,0.0,0.0,0.0,0.0,0.0,0.0,0.0,0.0,0.0,0.0,0.0,0.0,0.0,0.0,0.0,0.0,0.0,0.0,0.0,0.0,0.0,0.0,0.0,0.0,0.0,0.060606194130864786,0.30303308262804013,0.0,0.0,0.0,0.030303207672684792,0.9999999999776162,1.0000000000230045,0.9999999999378634,0.4539104232296952,1.0000000003119287,0.0,0.45482387,-1.5252531,-0.69637092,-1.1640658,-0.68223581,14.074956,13.995187,11.071234,15.441197,14.344408,10.078445,8.6846221,17.586857,6.9936373,8.7802965,12.619374,11.512787,19.458366,9.3219321,3.4963752,19.949742,16.709869,9.4275128,14.933054,19.109979,11.341563,15.939904,7.4810041,17.821592,18.89711,14.69925,19.812639,6.6564125,5.7418891,22.032412,15.158564,9.2243457,15.769034,4.8151489,18.666604,13.865811,11.032816,14.043091,14.219257,8.4001345,8.4922434,8.8545207,16.8349,8.0100037,19.122566,16.833127,15.583067,13.137397,11.063642,11.885042,5.0050921,9.3464564,14.690736,18.454832,8.1563873,10.558008,13.524923,14.942717,19.430255,6.9064285,14.14641,16.24201,14.951599,16.955203,34.903214,64.492773,83.035303,44.214019,11.518404,10.293768,60.416633,-0.29369695,-0.083537833,-0.48693464,-54.955699,-2.867905,0.45482387,1492.4827699999998,.
2060.0,513.2,5.3983,12.2168,169.85775,10196.044,0.0,0.0,0.0,0.0,0.0,0.0,0.0,0.0,0.0,0.0,0.0,0.0,0.0,0.0,0.0,0.0,0.0,0.0,0.0,0.0,0.0,0.0,0.0,0.0,0.0,0.0,0.0,0.0,0.0,0.0,0.0,0.0,0.0,0.0,0.0,0.0,0.0,0.0,0.0,0.0,0.0,0.0,0.0,0.0,0.0,0.0,0.0,0.0,0.0,0.0,0.0,0.0,0.0,0.0,0.0,0.0,0.0,0.0,0.0,0.0,0.0,0.0,0.0,0.0,0.0,34.568265,51.869128,3.0504463,0.0,0.0,21.355139,89.349,173.879,64.3741,3.314,2.2441,0.0,0.13514154048716256,1.0000000005557308,0.9999999997544363,0.6532990384514878,0.9965035203602484,0.0,0.0,0.0,0.0,0.0,0.0,0.0,0.0,0.0,0.0,0.0,0.0,0.0,0.0,0.0,0.0,0.0,0.0,0.0,0.0,0.0,0.0,0.0,0.0,0.0,0.0,0.0,0.0,0.0,0.0,0.0,0.0,0.0,0.0,0.0,0.0,0.0,0.0,0.0,0.0,0.0,0.0,0.0,0.0,0.0,0.0,0.0,0.0,0.0,0.0,0.0,0.0,0.0,0.0,0.0,0.0,0.0,0.0,0.0,0.0,0.0,0.0,0.0,0.0,0.0,0.09090941742918843,0.30303308262804024,0.011647923883377813,0.0,0.0,0.060606327366726664,0.9999999999776154,1.0000000000230045,0.9999999999378631,0.453910423229695,1.0000000003119291,0.0,0.45482387,-1.5252531,-0.69637092,-1.1832536,-0.68223581,14.074956,13.995187,11.071234,15.441197,14.344408,10.078445,8.6846221,17.586857,6.9936373,8.7802965,12.619374,11.512787,19.458366,9.3219321,3.4963752,19.949742,16.709869,9.4275128,14.933054,19.109979,11.341563,15.939904,7.4810041,17.821592,18.89711,14.69925,19.812639,6.6564125,5.7418891,22.032412,15.158564,9.2243457,15.769034,4.8151489,18.666604,13.865811,11.032816,14.043091,14.219257,8.4001345,8.4922434,8.8545207,16.8349,8.0100037,19.122566,16.833127,15.583067,13.137397,11.063642,11.885042,5.0050921,9.3464564,14.690736,18.454832,8.1563873,10.558008,13.524923,14.942717,19.430255,6.9064285,14.14641,16.24201,14.951599,16.955203,34.903214,64.492773,83.035303,44.214019,11.518404,10.293768,60.416633,-0.29369695,-0.083537833,-0.48693464,-55.218645,-2.867905,0.45482387,1470.27913,.
2061.0,513.2,5.3983,12.2168,169.85775,10196.044,0.0,0.0,0.0,0.0,0.0,0.0,0.0,0.0,0.0,0.0,0.0,0.0,0.0,0.0,0.0,0.0,0.0,0.0,0.0,0.0,0.0,0.0,0.0,0.0,0.0,0.0,0.0,0.0,0.0,0.0,0.0,0.0,0.0,0.0,0.0,0.0,0.0,0.0,0.0,0.0,0.0,0.0,0.0,0.0,0.0,0.0,0.0,0.0,0.0,0.0,0.0,0.0,0.0,0.0,0.0,0.0,0.0,0.0,0.0,0.0,0.0,0.0,0.0,0.0,0.0,23.045478,51.869128,0.0,0.0,0.0,10.677585,89.349,173.879,64.3741,3.314,2.2441,0.0,0.13514154048716265,1.0000000005557308,0.9999999997544372,0.6532990384514878,0.9965035203602484,0.0,0.0,0.0,0.0,0.0,0.0,0.0,0.0,0.0,0.0,0.0,0.0,0.0,0.0,0.0,0.0,0.0,0.0,0.0,0.0,0.0,0.0,0.0,0.0,0.0,0.0,0.0,0.0,0.0,0.0,0.0,0.0,0.0,0.0,0.0,0.0,0.0,0.0,0.0,0.0,0.0,0.0,0.0,0.0,0.0,0.0,0.0,0.0,0.0,0.0,0.0,0.0,0.0,0.0,0.0,0.0,0.0,0.0,0.0,0.0,0.0,0.0,0.0,0.0,0.0,0.0606061941308648,0.3030330826280402,0.0,0.0,0.0,0.03030320767268479,0.9999999999776156,1.0000000000230052,0.9999999999378634,0.4539104232296949,1.0000000003119294,0.0,0.42871512,-1.4376974,-0.65639638,-1.0972436,-0.64307268,13.266996,13.191806,10.4357,14.554809,13.520981,9.499901,8.1860893,16.577299,6.5921739,8.2762716,11.89497,10.851906,18.341376,8.786815,3.295669,18.804545,15.750654,8.886335,14.075835,18.012988,10.690511,15.024888,7.0515638,16.798559,17.812339,13.855453,18.675312,6.2743072,5.4122812,20.767662,14.288401,8.6948306,14.863827,4.5387396,17.595064,13.069856,10.399487,13.23696,13.403013,7.9179324,8.0047539,8.346235,15.868508,7.5501967,18.024853,15.866836,14.688536,12.383257,10.428544,11.202792,4.7177793,8.8099315,13.847427,17.395449,7.6881773,9.9519352,12.748537,14.084944,18.314879,6.5099713,13.334349,15.309652,14.093316,15.981905,32.899626,60.790624,78.268737,41.675953,10.857201,9.7028639,56.948471,-0.27683754,-0.078742419,-0.4589826,-51.801018,-2.7032755,0.42871512,1447.8744199999999,.
2062.0,513.2,5.3983,12.2168,169.85775,10196.044,0.0,0.0,0.0,0.0,0.0,0.0,0.0,0.0,0.0,0.0,0.0,0.0,0.0,0.0,0.0,0.0,0.0,0.0,0.0,0.0,0.0,0.0,0.0,0.0,0.0,0.0,0.0,0.0,0.0,0.0,0.0,0.0,0.0,0.0,0.0,0.0,0.0,0.0,0.0,0.0,0.0,0.0,0.0,0.0,0.0,0.0,0.0,0.0,0.0,0.0,0.0,0.0,0.0,0.0,0.0,0.0,0.0,0.0,0.0,0.0,0.0,0.0,0.0,0.0,0.0,34.568265,51.869128,3.0504463,0.0,0.0,21.355139,89.349,173.879,64.3741,3.314,2.2441,0.0,0.13514154048716265,1.0000000005557306,0.9999999997544363,0.653299038451488,0.996503520360248,0.0,0.0,0.0,0.0,0.0,0.0,0.0,0.0,0.0,0.0,0.0,0.0,0.0,0.0,0.0,0.0,0.0,0.0,0.0,0.0,0.0,0.0,0.0,0.0,0.0,0.0,0.0,0.0,0.0,0.0,0.0,0.0,0.0,0.0,0.0,0.0,0.0,0.0,0.0,0.0,0.0,0.0,0.0,0.0,0.0,0.0,0.0,0.0,0.0,0.0,0.0,0.0,0.0,0.0,0.0,0.0,0.0,0.0,0.0,0.0,0.0,0.0,0.0,0.0,0.0,0.09090941742918843,0.3030330826280402,0.011647923883377813,0.0,0.0,0.060606327366726664,0.9999999999776159,1.0000000000230043,0.9999999999378634,0.4539104232296951,1.0000000003119291,0.0,0.42871512,-1.4376974,-0.65639638,-1.11533,-0.64307268,13.266996,13.191806,10.4357,14.554809,13.520981,9.499901,8.1860893,16.577299,6.5921739,8.2762716,11.89497,10.851906,18.341376,8.786815,3.295669,18.804545,15.750654,8.886335,14.075835,18.012988,10.690511,15.024888,7.0515638,16.798559,17.812339,13.855453,18.675312,6.2743072,5.4122812,20.767662,14.288401,8.6948306,14.863827,4.5387396,17.595064,13.069856,10.399487,13.23696,13.403013,7.9179324,8.0047539,8.346235,15.868508,7.5501967,18.024853,15.866836,14.688536,12.383257,10.428544,11.202792,4.7177793,8.8099315,13.847427,17.395449,7.6881773,9.9519352,12.748537,14.084944,18.314879,6.5099713,13.334349,15.309652,14.093316,15.981905,32.899626,60.790624,78.268737,41.675953,10.857201,9.7028639,56.948471,-0.27683754,-0.078742419,-0.4589826,-52.048869,-2.7032755,0.42871512,1425.59756,.
2063.0,513.2,5.3983,12.2168,169.85775,10196.044,0.0,0.0,0.0,0.0,0.0,0.0,0.0,0.0,0.0,0.0,0.0,0.0,0.0,0.0,0.0,0.0,0.0,0.0,0.0,0.0,0.0,0.0,0.0,0.0,0.0,0.0,0.0,0.0,0.0,0.0,0.0,0.0,0.0,0.0,0.0,0.0,0.0,0.0,0.0,0.0,0.0,0.0,0.0,0.0,0.0,0.0,0.0,0.0,0.0,0.0,0.0,0.0,0.0,0.0,0.0,0.0,0.0,0.0,0.0,0.0,0.0,0.0,0.0,0.0,0.0,23.045478,51.869128,0.0,0.0,0.0,10.677585,89.349,173.879,64.3741,3.314,2.2441,0.0,0.13514154048716262,1.0000000005557308,0.9999999997544365,0.6532990384514883,0.9965035203602475,0.0,0.0,0.0,0.0,0.0,0.0,0.0,0.0,0.0,0.0,0.0,0.0,0.0,0.0,0.0,0.0,0.0,0.0,0.0,0.0,0.0,0.0,0.0,0.0,0.0,0.0,0.0,0.0,0.0,0.0,0.0,0.0,0.0,0.0,0.0,0.0,0.0,0.0,0.0,0.0,0.0,0.0,0.0,0.0,0.0,0.0,0.0,0.0,0.0,0.0,0.0,0.0,0.0,0.0,0.0,0.0,0.0,0.0,0.0,0.0,0.0,0.0,0.0,0.0,0.0,0.06060619413086478,0.30303308262804024,0.0,0.0,0.0,0.030303207672684785,0.9999999999776166,1.0000000000230043,0.9999999999378634,0.453910423229695,1.0000000003119291,0.0,0.40410512,-1.3551677,-0.61871655,-1.0342573,-0.60615768,12.505416,12.434542,9.8366479,13.719304,12.744821,8.9545679,7.7161743,15.625695,6.2137562,7.8011797,11.212151,10.228963,17.288506,8.2824159,3.1064841,17.725087,14.846502,8.376223,13.267825,16.978969,10.076832,14.162398,6.6467752,15.834253,16.789838,13.060093,17.603273,5.9141363,5.1015941,19.575513,13.468188,8.1957117,14.010583,4.2781974,16.585035,12.319593,9.8025139,12.477105,12.633625,7.4634107,7.5452483,7.867127,14.957591,7.1167845,16.990153,14.956015,13.845354,11.672407,9.8299028,10.559706,4.4469595,8.3042054,13.052528,16.396879,7.2468445,9.3806534,12.016719,13.27641,17.26353,6.1362723,12.568902,14.430815,13.284302,15.064478,31.011053,57.300994,73.775792,39.283583,10.233953,9.1458798,53.679396,-0.26094593,-0.074222282,-0.43263512,-48.827427,-2.5480965,0.40410512,1403.25559,.
2064.0,513.2,5.3983,12.2168,169.85775,10196.044,0.0,0.0,0.0,0.0,0.0,0.0,0.0,0.0,0.0,0.0,0.0,0.0,0.0,0.0,0.0,0.0,0.0,0.0,0.0,0.0,0.0,0.0,0.0,0.0,0.0,0.0,0.0,0.0,0.0,0.0,0.0,0.0,0.0,0.0,0.0,0.0,0.0,0.0,0.0,0.0,0.0,0.0,0.0,0.0,0.0,0.0,0.0,0.0,0.0,0.0,0.0,0.0,0.0,0.0,0.0,0.0,0.0,0.0,0.0,0.0,0.0,0.0,0.0,0.0,0.0,34.568265,51.869128,3.0504463,0.0,0.0,21.355139,89.349,173.879,64.3741,3.314,2.2441,0.0,0.13514154048716265,1.000000000555731,0.9999999997544368,0.6532990384514877,0.9965035203602478,0.0,0.0,0.0,0.0,0.0,0.0,0.0,0.0,0.0,0.0,0.0,0.0,0.0,0.0,0.0,0.0,0.0,0.0,0.0,0.0,0.0,0.0,0.0,0.0,0.0,0.0,0.0,0.0,0.0,0.0,0.0,0.0,0.0,0.0,0.0,0.0,0.0,0.0,0.0,0.0,0.0,0.0,0.0,0.0,0.0,0.0,0.0,0.0,0.0,0.0,0.0,0.0,0.0,0.0,0.0,0.0,0.0,0.0,0.0,0.0,0.0,0.0,0.0,0.0,0.0,0.09090941742918844,0.30303308262804024,0.011647923883377813,0.0,0.0,0.060606327366726664,0.9999999999776165,1.0000000000230045,0.9999999999378631,0.45391042322969494,1.0000000003119283,0.0,0.40410512,-1.3551677,-0.61871655,-1.0513055,-0.60615768,12.505416,12.434542,9.8366479,13.719304,12.744821,8.9545679,7.7161743,15.625695,6.2137562,7.8011797,11.212151,10.228963,17.288506,8.2824159,3.1064841,17.725087,14.846502,8.376223,13.267825,16.978969,10.076832,14.162398,6.6467752,15.834253,16.789838,13.060093,17.603273,5.9141363,5.1015941,19.575513,13.468188,8.1957117,14.010583,4.2781974,16.585035,12.319593,9.8025139,12.477105,12.633625,7.4634107,7.5452483,7.867127,14.957591,7.1167845,16.990153,14.956015,13.845354,11.672407,9.8299028,10.559706,4.4469595,8.3042054,13.052528,16.396879,7.2468445,9.3806534,12.016719,13.27641,17.26353,6.1362723,12.568902,14.430815,13.284302,15.064478,31.011053,57.300994,73.775792,39.283583,10.233953,9.1458798,53.679396,-0.26094593,-0.074222282,-0.43263512,-49.061051,-2.5480965,0.40410512,1381.15445,.
2065.0,513.2,5.3983,12.2168,169.85775,10196.044,0.0,0.0,0.0,0.0,0.0,0.0,0.0,0.0,0.0,0.0,0.0,0.0,0.0,0.0,0.0,0.0,0.0,0.0,0.0,0.0,0.0,0.0,0.0,0.0,0.0,0.0,0.0,0.0,0.0,0.0,0.0,0.0,0.0,0.0,0.0,0.0,0.0,0.0,0.0,0.0,0.0,0.0,0.0,0.0,0.0,0.0,0.0,0.0,0.0,0.0,0.0,0.0,0.0,0.0,0.0,0.0,0.0,0.0,0.0,0.0,0.0,0.0,0.0,0.0,0.0,23.045478,51.869128,0.0,0.0,0.0,10.677585,89.349,173.879,64.3741,3.314,2.2441,0.0,0.13514154048716262,1.0000000005557308,0.9999999997544367,0.653299038451488,0.9965035203602484,0.0,0.0,0.0,0.0,0.0,0.0,0.0,0.0,0.0,0.0,0.0,0.0,0.0,0.0,0.0,0.0,0.0,0.0,0.0,0.0,0.0,0.0,0.0,0.0,0.0,0.0,0.0,0.0,0.0,0.0,0.0,0.0,0.0,0.0,0.0,0.0,0.0,0.0,0.0,0.0,0.0,0.0,0.0,0.0,0.0,0.0,0.0,0.0,0.0,0.0,0.0,0.0,0.0,0.0,0.0,0.0,0.0,0.0,0.0,0.0,0.0,0.0,0.0,0.0,0.0,0.060606194130864786,0.3030330826280402,0.0,0.0,0.0,0.03030320767268479,0.9999999999776162,1.0000000000230047,0.9999999999378628,0.45391042322969505,1.0000000003119283,0.0,0.38090783,-1.2773755,-0.58319969,-0.97488674,-0.57136175,11.787554,11.720749,9.271984,12.93176,12.013216,8.440539,7.2732343,14.728716,5.8570611,7.3533601,10.568527,9.6417782,16.296075,7.8069713,2.9281592,16.707594,13.994252,7.8953935,12.506197,16.004306,9.4983802,13.349418,6.2652231,14.925302,15.826032,12.310391,16.592773,5.5746407,4.8087417,18.451798,12.695059,7.7252443,13.206318,4.0326114,15.632987,11.612398,9.2398095,11.760868,11.908404,7.0349804,7.1121202,7.4155217,14.098964,6.708252,16.014848,14.097479,13.050574,11.002363,9.2656261,9.9535353,4.1916858,7.8275101,12.30326,15.455632,6.830846,8.8421656,11.32691,12.51429,16.272532,5.7840252,11.847396,13.602427,12.521729,14.199716,29.230892,54.011682,69.540759,37.028545,9.6464821,8.6208689,50.597979,-0.24596657,-0.06996162,-0.40780009,-46.024533,-2.4018253,0.38090783,1359.00885,.
2066.0,513.2,5.3983,12.2168,169.85775,10196.044,0.0,0.0,0.0,0.0,0.0,0.0,0.0,0.0,0.0,0.0,0.0,0.0,0.0,0.0,0.0,0.0,0.0,0.0,0.0,0.0,0.0,0.0,0.0,0.0,0.0,0.0,0.0,0.0,0.0,0.0,0.0,0.0,0.0,0.0,0.0,0.0,0.0,0.0,0.0,0.0,0.0,0.0,0.0,0.0,0.0,0.0,0.0,0.0,0.0,0.0,0.0,0.0,0.0,0.0,0.0,0.0,0.0,0.0,0.0,0.0,0.0,0.0,0.0,0.0,0.0,34.568265,51.869128,3.0504463,0.0,0.0,21.355139,89.349,173.879,64.3741,3.314,2.2441,0.0,0.13514154048716265,1.0000000005557308,0.9999999997544369,0.6532990384514875,0.996503520360248,0.0,0.0,0.0,0.0,0.0,0.0,0.0,0.0,0.0,0.0,0.0,0.0,0.0,0.0,0.0,0.0,0.0,0.0,0.0,0.0,0.0,0.0,0.0,0.0,0.0,0.0,0.0,0.0,0.0,0.0,0.0,0.0,0.0,0.0,0.0,0.0,0.0,0.0,0.0,0.0,0.0,0.0,0.0,0.0,0.0,0.0,0.0,0.0,0.0,0.0,0.0,0.0,0.0,0.0,0.0,0.0,0.0,0.0,0.0,0.0,0.0,0.0,0.0,0.0,0.0,0.09090941742918843,0.3030330826280403,0.011647923883377813,0.0,0.0,0.06060632736672668,0.9999999999776158,1.0000000000230045,0.9999999999378631,0.45391042322969477,1.0000000003119291,0.0,0.38090783,-1.2773755,-0.58319969,-0.9909563,-0.57136175,11.787554,11.720749,9.271984,12.93176,12.013216,8.440539,7.2732343,14.728716,5.8570611,7.3533601,10.568527,9.6417782,16.296075,7.8069713,2.9281592,16.707594,13.994252,7.8953935,12.506197,16.004306,9.4983802,13.349418,6.2652231,14.925302,15.826032,12.310391,16.592773,5.5746407,4.8087417,18.451798,12.695059,7.7252443,13.206318,4.0326114,15.632987,11.612398,9.2398095,11.760868,11.908404,7.0349804,7.1121202,7.4155217,14.098964,6.708252,16.014848,14.097479,13.050574,11.002363,9.2656261,9.9535353,4.1916858,7.8275101,12.30326,15.455632,6.830846,8.8421656,11.32691,12.51429,16.272532,5.7840252,11.847396,13.602427,12.521729,14.199716,29.230892,54.011682,69.540759,37.028545,9.6464821,8.6208689,50.597979,-0.24596657,-0.06996162,-0.40780009,-46.244746,-2.4018253,0.38090783,1336.91921,.
2067.0,513.2,5.3983,12.2168,169.85775,10196.044,0.0,0.0,0.0,0.0,0.0,0.0,0.0,0.0,0.0,0.0,0.0,0.0,0.0,0.0,0.0,0.0,0.0,0.0,0.0,0.0,0.0,0.0,0.0,0.0,0.0,0.0,0.0,0.0,0.0,0.0,0.0,0.0,0.0,0.0,0.0,0.0,0.0,0.0,0.0,0.0,0.0,0.0,0.0,0.0,0.0,0.0,0.0,0.0,0.0,0.0,0.0,0.0,0.0,0.0,0.0,0.0,0.0,0.0,0.0,0.0,0.0,0.0,0.0,0.0,0.0,23.045478,51.869128,0.0,0.0,0.0,10.677585,89.349,173.879,64.3741,3.314,2.2441,0.0,0.13514154048716265,1.0000000005557304,0.9999999997544372,0.6532990384514878,0.9965035203602466,0.0,0.0,0.0,0.0,0.0,0.0,0.0,0.0,0.0,0.0,0.0,0.0,0.0,0.0,0.0,0.0,0.0,0.0,0.0,0.0,0.0,0.0,0.0,0.0,0.0,0.0,0.0,0.0,0.0,0.0,0.0,0.0,0.0,0.0,0.0,0.0,0.0,0.0,0.0,0.0,0.0,0.0,0.0,0.0,0.0,0.0,0.0,0.0,0.0,0.0,0.0,0.0,0.0,0.0,0.0,0.0,0.0,0.0,0.0,0.0,0.0,0.0,0.0,0.0,0.0,0.060606194130864786,0.3030330826280402,0.0,0.0,0.0,0.0303032076726848,0.9999999999776155,1.000000000023005,0.9999999999378631,0.45391042322969516,1.000000000311929,0.0,0.35904217,-1.2040489,-0.54972164,-0.91892425,-0.53856325,11.1109,11.04793,8.7397342,12.189424,11.323608,7.9560176,6.8557209,13.883227,5.5208419,6.9312472,9.9618505,9.0883007,15.360614,7.3588192,2.7600709,15.74851,13.190925,7.4421656,11.78829,15.085594,8.9531343,12.583107,5.9055737,14.068529,14.917553,11.603724,15.64028,5.2546335,4.5327003,17.39259,11.966311,7.2817837,12.448221,3.801123,14.735589,10.945799,8.7094066,11.085746,11.224812,6.6311438,6.7038554,6.9898404,13.289626,6.3231709,15.09553,13.288226,12.301417,10.370783,8.7337413,9.3821617,3.9510659,7.378179,11.597002,14.568415,6.4387275,8.3345891,10.676699,11.795919,15.338423,5.4519985,11.167307,12.821592,11.80293,13.384594,27.552919,50.911191,65.548835,34.902955,9.0927345,8.1259958,47.693448,-0.23184708,-0.065945536,-0.3843907,-43.382537,-2.2639507,0.35904217,1314.7618699999998,.
2068.0,513.2,5.3983,12.2168,169.85775,10196.044,0.0,0.0,0.0,0.0,0.0,0.0,0.0,0.0,0.0,0.0,0.0,0.0,0.0,0.0,0.0,0.0,0.0,0.0,0.0,0.0,0.0,0.0,0.0,0.0,0.0,0.0,0.0,0.0,0.0,0.0,0.0,0.0,0.0,0.0,0.0,0.0,0.0,0.0,0.0,0.0,0.0,0.0,0.0,0.0,0.0,0.0,0.0,0.0,0.0,0.0,0.0,0.0,0.0,0.0,0.0,0.0,0.0,0.0,0.0,0.0,0.0,0.0,0.0,0.0,0.0,34.568265,51.869128,3.0504463,0.0,0.0,21.355139,89.349,173.879,64.3741,3.314,2.2441,0.0,0.1351415404871626,1.0000000005557308,0.9999999997544368,0.6532990384514877,0.9965035203602451,0.0,0.0,0.0,0.0,0.0,0.0,0.0,0.0,0.0,0.0,0.0,0.0,0.0,0.0,0.0,0.0,0.0,0.0,0.0,0.0,0.0,0.0,0.0,0.0,0.0,0.0,0.0,0.0,0.0,0.0,0.0,0.0,0.0,0.0,0.0,0.0,0.0,0.0,0.0,0.0,0.0,0.0,0.0,0.0,0.0,0.0,0.0,0.0,0.0,0.0,0.0,0.0,0.0,0.0,0.0,0.0,0.0,0.0,0.0,0.0,0.0,0.0,0.0,0.0,0.0,0.0909094174291884,0.30303308262804013,0.011647923883377813,0.0,0.0,0.060606327366726664,0.9999999999776155,1.0000000000230043,0.999999999937863,0.45391042322969516,1.000000000311929,0.0,0.35904217,-1.2040489,-0.54972164,-0.93407136,-0.53856325,11.1109,11.04793,8.7397342,12.189424,11.323608,7.9560176,6.8557209,13.883227,5.5208419,6.9312472,9.9618505,9.0883007,15.360614,7.3588192,2.7600709,15.74851,13.190925,7.4421656,11.78829,15.085594,8.9531343,12.583107,5.9055737,14.068529,14.917553,11.603724,15.64028,5.2546335,4.5327003,17.39259,11.966311,7.2817837,12.448221,3.801123,14.735589,10.945799,8.7094066,11.085746,11.224812,6.6311438,6.7038554,6.9898404,13.289626,6.3231709,15.09553,13.288226,12.301417,10.370783,8.7337413,9.3821617,3.9510659,7.378179,11.597002,14.568415,6.4387275,8.3345891,10.676699,11.795919,15.338423,5.4519985,11.167307,12.821592,11.80293,13.384594,27.552919,50.911191,65.548835,34.902955,9.0927345,8.1259958,47.693448,-0.23184708,-0.065945536,-0.3843907,-43.590109,-2.2639507,0.35904217,1292.87962,.
2069.0,513.2,5.3983,12.2168,169.85775,10196.044,0.0,0.0,0.0,0.0,0.0,0.0,0.0,0.0,0.0,0.0,0.0,0.0,0.0,0.0,0.0,0.0,0.0,0.0,0.0,0.0,0.0,0.0,0.0,0.0,0.0,0.0,0.0,0.0,0.0,0.0,0.0,0.0,0.0,0.0,0.0,0.0,0.0,0.0,0.0,0.0,0.0,0.0,0.0,0.0,0.0,0.0,0.0,0.0,0.0,0.0,0.0,0.0,0.0,0.0,0.0,0.0,0.0,0.0,0.0,0.0,0.0,0.0,0.0,0.0,0.0,23.045478,51.869128,0.0,0.0,0.0,10.677585,89.349,173.879,64.3741,3.314,2.2441,0.0,0.1351415404871626,1.0000000005557304,0.9999999997544367,0.6532990384514875,0.9965035203602487,0.0,0.0,0.0,0.0,0.0,0.0,0.0,0.0,0.0,0.0,0.0,0.0,0.0,0.0,0.0,0.0,0.0,0.0,0.0,0.0,0.0,0.0,0.0,0.0,0.0,0.0,0.0,0.0,0.0,0.0,0.0,0.0,0.0,0.0,0.0,0.0,0.0,0.0,0.0,0.0,0.0,0.0,0.0,0.0,0.0,0.0,0.0,0.0,0.0,0.0,0.0,0.0,0.0,0.0,0.0,0.0,0.0,0.0,0.0,0.0,0.0,0.0,0.0,0.0,0.0,0.060606194130864786,0.30303308262804013,0.0,0.0,0.0,0.03030320767268479,0.9999999999776158,1.000000000023005,0.9999999999378631,0.45391042322969494,1.0000000003119294,0.0,0.33843168,-1.1349316,-0.51816537,-0.86617424,-0.50764752,10.473089,10.413733,8.2380377,11.489701,10.673587,7.4993096,6.4621745,13.086273,5.203923,6.5333652,9.3899995,8.5665951,14.478852,6.9363929,2.6016315,14.844481,12.433712,7.0149549,11.111594,14.219619,8.4391878,11.860785,5.5665696,13.260938,14.061225,10.937623,14.742464,4.952996,4.2725048,16.394184,11.279396,6.8637795,11.733643,3.582923,13.889706,10.317465,8.209451,10.449379,10.580462,6.250489,6.3190266,6.588595,12.526747,5.960195,14.228985,12.525427,11.595266,9.7754572,8.2323888,8.8435872,3.7242586,6.9546413,10.931287,13.732128,6.0691182,7.8561496,10.063813,11.118785,14.457934,5.1390315,10.526258,12.085581,11.125394,12.616263,25.971269,47.98868,61.786064,32.899382,8.5707744,7.6595304,44.955649,-0.21853811,-0.062159993,-0.3623251,-40.892202,-2.1339907,0.33843168,1270.87063,.
2070.0,513.2,5.3983,12.2168,169.85775,10196.044,0.0,0.0,0.0,0.0,0.0,0.0,0.0,0.0,0.0,0.0,0.0,0.0,0.0,0.0,0.0,0.0,0.0,0.0,0.0,0.0,0.0,0.0,0.0,0.0,0.0,0.0,0.0,0.0,0.0,0.0,0.0,0.0,0.0,0.0,0.0,0.0,0.0,0.0,0.0,0.0,0.0,0.0,0.0,0.0,0.0,0.0,0.0,0.0,0.0,0.0,0.0,0.0,0.0,0.0,0.0,0.0,0.0,0.0,0.0,0.0,0.0,0.0,0.0,0.0,0.0,34.568265,51.869128,3.0504463,0.0,0.0,21.355139,89.349,173.879,64.3741,3.314,2.2441,0.0,0.13514154048716265,1.0000000005557312,0.9999999997544367,0.653299038451488,0.9965035203602485,0.0,0.0,0.0,0.0,0.0,0.0,0.0,0.0,0.0,0.0,0.0,0.0,0.0,0.0,0.0,0.0,0.0,0.0,0.0,0.0,0.0,0.0,0.0,0.0,0.0,0.0,0.0,0.0,0.0,0.0,0.0,0.0,0.0,0.0,0.0,0.0,0.0,0.0,0.0,0.0,0.0,0.0,0.0,0.0,0.0,0.0,0.0,0.0,0.0,0.0,0.0,0.0,0.0,0.0,0.0,0.0,0.0,0.0,0.0,0.0,0.0,0.0,0.0,0.0,0.0,0.09090941742918843,0.3030330826280402,0.011647923883377816,0.0,0.0,0.060606327366726664,0.9999999999776155,1.0000000000230052,0.999999999937863,0.4539104232296954,1.000000000311929,0.0,0.33843168,-1.1349316,-0.51816537,-0.88045184,-0.50764752,10.473089,10.413733,8.2380377,11.489701,10.673587,7.4993096,6.4621745,13.086273,5.203923,6.5333652,9.3899995,8.5665951,14.478852,6.9363929,2.6016315,14.844481,12.433712,7.0149549,11.111594,14.219619,8.4391878,11.860785,5.5665696,13.260938,14.061225,10.937623,14.742464,4.952996,4.2725048,16.394184,11.279396,6.8637795,11.733643,3.582923,13.889706,10.317465,8.209451,10.449379,10.580462,6.250489,6.3190266,6.588595,12.526747,5.960195,14.228985,12.525427,11.595266,9.7754572,8.2323888,8.8435872,3.7242586,6.9546413,10.931287,13.732128,6.0691182,7.8561496,10.063813,11.118785,14.457934,5.1390315,10.526258,12.085581,11.125394,12.616263,25.971269,47.98868,61.786064,32.899382,8.5707744,7.6595304,44.955649,-0.21853811,-0.062159993,-0.3623251,-41.087858,-2.1339907,0.33843168,1248.79263,.
2071.0,513.2,5.3983,12.2168,169.85775,10196.044,0.0,0.0,0.0,0.0,0.0,0.0,0.0,0.0,0.0,0.0,0.0,0.0,0.0,0.0,0.0,0.0,0.0,0.0,0.0,0.0,0.0,0.0,0.0,0.0,0.0,0.0,0.0,0.0,0.0,0.0,0.0,0.0,0.0,0.0,0.0,0.0,0.0,0.0,0.0,0.0,0.0,0.0,0.0,0.0,0.0,0.0,0.0,0.0,0.0,0.0,0.0,0.0,0.0,0.0,0.0,0.0,0.0,0.0,0.0,0.0,0.0,0.0,0.0,0.0,0.0,23.045478,51.869128,0.0,0.0,0.0,10.677585,89.349,173.879,64.3741,3.314,2.2441,0.0,0.13514154048716265,1.0000000005557308,0.9999999997544361,0.6532990384514878,0.9965035203602488,0.0,0.0,0.0,0.0,0.0,0.0,0.0,0.0,0.0,0.0,0.0,0.0,0.0,0.0,0.0,0.0,0.0,0.0,0.0,0.0,0.0,0.0,0.0,0.0,0.0,0.0,0.0,0.0,0.0,0.0,0.0,0.0,0.0,0.0,0.0,0.0,0.0,0.0,0.0,0.0,0.0,0.0,0.0,0.0,0.0,0.0,0.0,0.0,0.0,0.0,0.0,0.0,0.0,0.0,0.0,0.0,0.0,0.0,0.0,0.0,0.0,0.0,0.0,0.0,0.0,0.06060619413086478,0.3030330826280402,0.0,0.0,0.0,0.030303207672684785,0.9999999999776161,1.0000000000230047,0.9999999999378631,0.45391042322969516,1.0000000003119294,0.0,0.31900431,-1.0697819,-0.48842055,-0.8164523,-0.47850647,9.8718908,9.8159424,7.7651407,10.830145,10.060879,7.0688186,6.0912192,12.335068,4.9051965,6.1583233,8.8509752,8.0748375,13.647706,6.5382156,2.4522872,13.992347,11.719966,6.6122678,10.473743,13.403355,7.9547439,11.179928,5.2470257,12.499706,13.254053,10.309758,13.896186,4.6686738,4.0272455,15.453091,10.631912,6.4697705,11.060083,3.3772485,13.09238,9.7252006,7.738195,9.8495415,9.9731005,5.8916854,5.9562887,6.2103827,11.80766,5.6180554,13.412183,11.806416,10.92965,9.214306,7.759816,8.3359291,3.5104709,6.5554164,10.303786,12.943848,5.720726,7.4051744,9.4861091,10.480521,13.62799,4.84403,9.9220076,11.391819,10.486751,11.892038,24.480412,45.233934,58.239291,31.010823,8.0787769,7.219842,42.375011,-0.20599313,-0.058591755,-0.34152616,-38.544822,-2.0114909,0.31900431,1226.917,.
2072.0,513.2,5.3983,12.2168,169.85775,10196.044,0.0,0.0,0.0,0.0,0.0,0.0,0.0,0.0,0.0,0.0,0.0,0.0,0.0,0.0,0.0,0.0,0.0,0.0,0.0,0.0,0.0,0.0,0.0,0.0,0.0,0.0,0.0,0.0,0.0,0.0,0.0,0.0,0.0,0.0,0.0,0.0,0.0,0.0,0.0,0.0,0.0,0.0,0.0,0.0,0.0,0.0,0.0,0.0,0.0,0.0,0.0,0.0,0.0,0.0,0.0,0.0,0.0,0.0,0.0,0.0,0.0,0.0,0.0,0.0,0.0,34.568265,51.869128,3.0504463,0.0,0.0,21.355139,89.349,173.879,64.3741,3.314,2.2441,0.0,0.13514154048716265,1.0000000005557306,0.9999999997544368,0.6532990384514882,0.9965035203602487,0.0,0.0,0.0,0.0,0.0,0.0,0.0,0.0,0.0,0.0,0.0,0.0,0.0,0.0,0.0,0.0,0.0,0.0,0.0,0.0,0.0,0.0,0.0,0.0,0.0,0.0,0.0,0.0,0.0,0.0,0.0,0.0,0.0,0.0,0.0,0.0,0.0,0.0,0.0,0.0,0.0,0.0,0.0,0.0,0.0,0.0,0.0,0.0,0.0,0.0,0.0,0.0,0.0,0.0,0.0,0.0,0.0,0.0,0.0,0.0,0.0,0.0,0.0,0.0,0.0,0.09090941742918843,0.30303308262804013,0.011647923883377816,0.0,0.0,0.06060632736672668,0.9999999999776161,1.0000000000230047,0.9999999999378636,0.453910423229695,1.0000000003119285,0.0,0.31900431,-1.0697819,-0.48842055,-0.8299103,-0.47850647,9.8718908,9.8159424,7.7651407,10.830145,10.060879,7.0688186,6.0912192,12.335068,4.9051965,6.1583233,8.8509752,8.0748375,13.647706,6.5382156,2.4522872,13.992347,11.719966,6.6122678,10.473743,13.403355,7.9547439,11.179928,5.2470257,12.499706,13.254053,10.309758,13.896186,4.6686738,4.0272455,15.453091,10.631912,6.4697705,11.060083,3.3772485,13.09238,9.7252006,7.738195,9.8495415,9.9731005,5.8916854,5.9562887,6.2103827,11.80766,5.6180554,13.412183,11.806416,10.92965,9.214306,7.759816,8.3359291,3.5104709,6.5554164,10.303786,12.943848,5.720726,7.4051744,9.4861091,10.480521,13.62799,4.84403,9.9220076,11.391819,10.486751,11.892038,24.480412,45.233934,58.239291,31.010823,8.0787769,7.219842,42.375011,-0.20599313,-0.058591755,-0.34152616,-38.729247,-2.0114909,0.31900431,1205.1880299999998,.
2073.0,513.2,5.3983,12.2168,169.85775,10196.044,0.0,0.0,0.0,0.0,0.0,0.0,0.0,0.0,0.0,0.0,0.0,0.0,0.0,0.0,0.0,0.0,0.0,0.0,0.0,0.0,0.0,0.0,0.0,0.0,0.0,0.0,0.0,0.0,0.0,0.0,0.0,0.0,0.0,0.0,0.0,0.0,0.0,0.0,0.0,0.0,0.0,0.0,0.0,0.0,0.0,0.0,0.0,0.0,0.0,0.0,0.0,0.0,0.0,0.0,0.0,0.0,0.0,0.0,0.0,0.0,0.0,0.0,0.0,0.0,0.0,23.045478,51.869128,0.0,0.0,0.0,10.677585,89.349,173.879,64.3741,3.314,2.2441,0.0,0.13514154048716262,1.0000000005557306,0.9999999997544368,0.653299038451488,0.9965035203602476,0.0,0.0,0.0,0.0,0.0,0.0,0.0,0.0,0.0,0.0,0.0,0.0,0.0,0.0,0.0,0.0,0.0,0.0,0.0,0.0,0.0,0.0,0.0,0.0,0.0,0.0,0.0,0.0,0.0,0.0,0.0,0.0,0.0,0.0,0.0,0.0,0.0,0.0,0.0,0.0,0.0,0.0,0.0,0.0,0.0,0.0,0.0,0.0,0.0,0.0,0.0,0.0,0.0,0.0,0.0,0.0,0.0,0.0,0.0,0.0,0.0,0.0,0.0,0.0,0.0,0.060606194130864786,0.30303308262804013,0.0,0.0,0.0,0.030303207672684792,0.9999999999776161,1.0000000000230047,0.999999999937863,0.45391042322969527,1.000000000311929,0.0,0.30069216,-1.008372,-0.46038322,-0.7695846,-0.45103824,9.3052039,9.2524671,7.3193898,10.20845,9.4833437,6.6630395,5.7415583,11.626984,4.6236182,5.8048104,8.342893,7.6113088,12.864272,6.1628953,2.3115159,13.189129,11.047192,6.2326966,9.8725077,12.633947,7.498109,10.538154,4.945825,11.782172,12.493216,9.717936,13.098488,4.4006728,3.7960651,14.56602,10.021597,6.0983792,10.425189,3.1833807,12.340824,9.1669343,7.2939909,9.2841375,9.4006037,5.5534785,5.6143733,5.8538813,11.129852,5.2955561,12.642269,11.12868,10.302243,8.6853671,7.3143708,7.8574127,3.3089555,6.1791087,9.712307,12.200818,5.3923329,6.9800871,8.9415676,9.8788962,12.845687,4.5659629,9.3524438,10.737882,9.8847685,11.209387,23.075136,42.637321,54.896118,29.230675,7.615022,6.8053935,39.942512,-0.19416828,-0.055228349,-0.32192116,-36.332191,-1.8960231,0.30069216,1183.0973,.
2074.0,513.2,5.3983,12.2168,169.85775,10196.044,0.0,0.0,0.0,0.0,0.0,0.0,0.0,0.0,0.0,0.0,0.0,0.0,0.0,0.0,0.0,0.0,0.0,0.0,0.0,0.0,0.0,0.0,0.0,0.0,0.0,0.0,0.0,0.0,0.0,0.0,0.0,0.0,0.0,0.0,0.0,0.0,0.0,0.0,0.0,0.0,0.0,0.0,0.0,0.0,0.0,0.0,0.0,0.0,0.0,0.0,0.0,0.0,0.0,0.0,0.0,0.0,0.0,0.0,0.0,0.0,0.0,0.0,0.0,0.0,0.0,34.568265,51.869128,3.0504463,0.0,0.0,21.355139,89.349,173.879,64.3741,3.314,2.2441,0.0,0.1351415404871626,1.0000000005557308,0.9999999997544363,0.6532990384514877,0.9965035203602473,0.0,0.0,0.0,0.0,0.0,0.0,0.0,0.0,0.0,0.0,0.0,0.0,0.0,0.0,0.0,0.0,0.0,0.0,0.0,0.0,0.0,0.0,0.0,0.0,0.0,0.0,0.0,0.0,0.0,0.0,0.0,0.0,0.0,0.0,0.0,0.0,0.0,0.0,0.0,0.0,0.0,0.0,0.0,0.0,0.0,0.0,0.0,0.0,0.0,0.0,0.0,0.0,0.0,0.0,0.0,0.0,0.0,0.0,0.0,0.0,0.0,0.0,0.0,0.0,0.0,0.09090941742918843,0.3030330826280402,0.011647923883377813,0.0,0.0,0.06060632736672666,0.9999999999776156,1.0000000000230045,0.9999999999378636,0.4539104232296949,1.0000000003119285,0.0,0.30069216,-1.008372,-0.46038322,-0.78227006,-0.45103824,9.3052039,9.2524671,7.3193898,10.20845,9.4833437,6.6630395,5.7415583,11.626984,4.6236182,5.8048104,8.342893,7.6113088,12.864272,6.1628953,2.3115159,13.189129,11.047192,6.2326966,9.8725077,12.633947,7.498109,10.538154,4.945825,11.782172,12.493216,9.717936,13.098488,4.4006728,3.7960651,14.56602,10.021597,6.0983792,10.425189,3.1833807,12.340824,9.1669343,7.2939909,9.2841375,9.4006037,5.5534785,5.6143733,5.8538813,11.129852,5.2955561,12.642269,11.12868,10.302243,8.6853671,7.3143708,7.8574127,3.3089555,6.1791087,9.712307,12.200818,5.3923329,6.9800871,8.9415676,9.8788962,12.845687,4.5659629,9.3524438,10.737882,9.8847685,11.209387,23.075136,42.637321,54.896118,29.230675,7.615022,6.8053935,39.942512,-0.19416828,-0.055228349,-0.32192116,-36.50603,-1.8960231,0.30069216,1161.16283,.
2075.0,513.2,5.3983,12.2168,169.85775,10196.044,0.0,0.0,0.0,0.0,0.0,0.0,0.0,0.0,0.0,0.0,0.0,0.0,0.0,0.0,0.0,0.0,0.0,0.0,0.0,0.0,0.0,0.0,0.0,0.0,0.0,0.0,0.0,0.0,0.0,0.0,0.0,0.0,0.0,0.0,0.0,0.0,0.0,0.0,0.0,0.0,0.0,0.0,0.0,0.0,0.0,0.0,0.0,0.0,0.0,0.0,0.0,0.0,0.0,0.0,0.0,0.0,0.0,0.0,0.0,0.0,0.0,0.0,0.0,0.0,0.0,23.045478,51.869128,0.0,0.0,0.0,10.677585,89.349,173.879,64.3741,3.314,2.2441,0.0,0.13514154048716265,1.0000000005557301,0.9999999997544367,0.6532990384514878,0.996503520360249,0.0,0.0,0.0,0.0,0.0,0.0,0.0,0.0,0.0,0.0,0.0,0.0,0.0,0.0,0.0,0.0,0.0,0.0,0.0,0.0,0.0,0.0,0.0,0.0,0.0,0.0,0.0,0.0,0.0,0.0,0.0,0.0,0.0,0.0,0.0,0.0,0.0,0.0,0.0,0.0,0.0,0.0,0.0,0.0,0.0,0.0,0.0,0.0,0.0,0.0,0.0,0.0,0.0,0.0,0.0,0.0,0.0,0.0,0.0,0.0,0.0,0.0,0.0,0.0,0.0,0.060606194130864786,0.3030330826280401,0.0,0.0,0.0,0.03030320767268479,0.9999999999776154,1.000000000023005,0.9999999999378636,0.4539104232296949,1.0000000003119296,0.0,0.2834312,-0.95048733,-0.43395534,-0.72540729,-0.4251468,8.7710471,8.7213377,6.8992269,9.6224436,8.938961,6.2805537,5.4119694,10.959548,4.3582036,5.4715905,7.8639768,7.1743885,12.12581,5.8091199,2.1788254,12.432019,10.413038,5.8749143,9.3057853,11.908707,7.0676869,9.9332209,4.6619144,11.105827,11.776054,9.1600867,12.346582,4.1480562,3.5781555,13.729871,9.4463162,5.7483073,9.8267409,3.0006416,11.63241,8.6407148,6.875286,8.7511901,8.8609706,5.2346861,5.2920853,5.5178446,10.490953,4.9915695,11.916551,10.489848,9.7108524,8.1867915,6.894496,7.406365,3.1190079,5.8244026,9.1547808,11.500441,5.0827909,6.5794016,8.428285,9.3118071,12.108292,4.3038579,8.8155753,10.121484,9.3173423,10.565922,21.750529,40.189764,51.744856,27.552715,7.1778886,6.4147361,37.649649,-0.18302223,-0.052058015,-0.30344157,-34.246575,-1.7871836,0.2834312,1139.40698,.
2076.0,513.2,5.3983,12.2168,169.85775,10196.044,0.0,0.0,0.0,0.0,0.0,0.0,0.0,0.0,0.0,0.0,0.0,0.0,0.0,0.0,0.0,0.0,0.0,0.0,0.0,0.0,0.0,0.0,0.0,0.0,0.0,0.0,0.0,0.0,0.0,0.0,0.0,0.0,0.0,0.0,0.0,0.0,0.0,0.0,0.0,0.0,0.0,0.0,0.0,0.0,0.0,0.0,0.0,0.0,0.0,0.0,0.0,0.0,0.0,0.0,0.0,0.0,0.0,0.0,0.0,0.0,0.0,0.0,0.0,0.0,0.0,34.568265,51.869128,3.0504463,0.0,0.0,21.355139,89.349,173.879,64.3741,3.314,2.2441,0.0,0.13514154048716262,1.0000000005557301,0.9999999997544371,0.6532990384514878,0.9965035203602455,0.0,0.0,0.0,0.0,0.0,0.0,0.0,0.0,0.0,0.0,0.0,0.0,0.0,0.0,0.0,0.0,0.0,0.0,0.0,0.0,0.0,0.0,0.0,0.0,0.0,0.0,0.0,0.0,0.0,0.0,0.0,0.0,0.0,0.0,0.0,0.0,0.0,0.0,0.0,0.0,0.0,0.0,0.0,0.0,0.0,0.0,0.0,0.0,0.0,0.0,0.0,0.0,0.0,0.0,0.0,0.0,0.0,0.0,0.0,0.0,0.0,0.0,0.0,0.0,0.0,0.09090941742918841,0.3030330826280402,0.011647923883377816,0.0,0.0,0.060606327366726664,0.9999999999776151,1.0000000000230043,0.9999999999378636,0.453910423229695,1.0000000003119287,0.0,0.2834312,-0.95048733,-0.43395534,-0.73736456,-0.4251468,8.7710471,8.7213377,6.8992269,9.6224436,8.938961,6.2805537,5.4119694,10.959548,4.3582036,5.4715905,7.8639768,7.1743885,12.12581,5.8091199,2.1788254,12.432019,10.413038,5.8749143,9.3057853,11.908707,7.0676869,9.9332209,4.6619144,11.105827,11.776054,9.1600867,12.346582,4.1480562,3.5781555,13.729871,9.4463162,5.7483073,9.8267409,3.0006416,11.63241,8.6407148,6.875286,8.7511901,8.8609706,5.2346861,5.2920853,5.5178446,10.490953,4.9915695,11.916551,10.489848,9.7108524,8.1867915,6.894496,7.406365,3.1190079,5.8244026,9.1547808,11.500441,5.0827909,6.5794016,8.428285,9.3118071,12.108292,4.3038579,8.8155753,10.121484,9.3173423,10.565922,21.750529,40.189764,51.744856,27.552715,7.1778886,6.4147361,37.649649,-0.18302223,-0.052058015,-0.30344157,-34.410434,-1.7871836,0.2834312,1118.039081,.
2077.0,513.2,5.3983,12.2168,169.85775,10196.044,0.0,0.0,0.0,0.0,0.0,0.0,0.0,0.0,0.0,0.0,0.0,0.0,0.0,0.0,0.0,0.0,0.0,0.0,0.0,0.0,0.0,0.0,0.0,0.0,0.0,0.0,0.0,0.0,0.0,0.0,0.0,0.0,0.0,0.0,0.0,0.0,0.0,0.0,0.0,0.0,0.0,0.0,0.0,0.0,0.0,0.0,0.0,0.0,0.0,0.0,0.0,0.0,0.0,0.0,0.0,0.0,0.0,0.0,0.0,0.0,0.0,0.0,0.0,0.0,0.0,23.045478,51.869128,0.0,0.0,0.0,10.677585,89.349,173.879,64.3741,3.314,2.2441,0.0,0.1351415404871626,1.0000000005557304,0.9999999997544365,0.653299038451488,0.9965035203602494,0.0,0.0,0.0,0.0,0.0,0.0,0.0,0.0,0.0,0.0,0.0,0.0,0.0,0.0,0.0,0.0,0.0,0.0,0.0,0.0,0.0,0.0,0.0,0.0,0.0,0.0,0.0,0.0,0.0,0.0,0.0,0.0,0.0,0.0,0.0,0.0,0.0,0.0,0.0,0.0,0.0,0.0,0.0,0.0,0.0,0.0,0.0,0.0,0.0,0.0,0.0,0.0,0.0,0.0,0.0,0.0,0.0,0.0,0.0,0.0,0.0,0.0,0.0,0.0,0.0,0.060606194130864786,0.3030330826280402,0.0,0.0,0.0,0.030303207672684785,0.9999999999776165,1.0000000000230043,0.9999999999378631,0.4539104232296948,1.0000000003119291,0.0,0.26716109,-0.89592547,-0.40904453,-0.68376595,-0.40074164,8.2675531,8.2206972,6.5031831,9.0700759,8.4258281,5.9200243,5.1013002,10.330425,4.1080248,5.1574988,7.4125523,6.7625493,11.429739,5.4756526,2.0537519,11.718371,9.8152868,5.5376702,8.7715952,11.225099,6.6619728,9.3630134,4.3943014,10.468307,11.100061,8.6342603,11.637837,3.9099408,3.3727547,12.94172,8.904059,5.4183309,9.2626458,2.8283925,10.964662,8.1447024,6.4806165,8.248836,8.3523146,4.9341937,4.988298,5.2010977,9.8887297,4.705033,11.232492,9.8876878,9.1534098,7.7168362,6.4987237,6.9812094,2.9399641,5.4900581,8.629259,10.840269,4.7910179,6.201717,7.944467,8.7772713,11.413227,4.0567989,8.3095252,9.5404689,8.7824888,9.9593948,20.501959,37.882707,48.774489,25.971076,6.7658484,6.046504,35.488405,-0.172516,-0.049069672,-0.28602278,-32.280682,-1.684592,0.26716109,1097.0465989999998,.
2078.0,513.2,5.3983,12.2168,169.85775,10196.044,0.0,0.0,0.0,0.0,0.0,0.0,0.0,0.0,0.0,0.0,0.0,0.0,0.0,0.0,0.0,0.0,0.0,0.0,0.0,0.0,0.0,0.0,0.0,0.0,0.0,0.0,0.0,0.0,0.0,0.0,0.0,0.0,0.0,0.0,0.0,0.0,0.0,0.0,0.0,0.0,0.0,0.0,0.0,0.0,0.0,0.0,0.0,0.0,0.0,0.0,0.0,0.0,0.0,0.0,0.0,0.0,0.0,0.0,0.0,0.0,0.0,0.0,0.0,0.0,0.0,34.568265,51.869128,3.0504463,0.0,0.0,21.355139,89.349,173.879,64.3741,3.314,2.2441,0.0,0.13514154048716265,1.0000000005557308,0.9999999997544367,0.6532990384514877,0.9965035203602476,0.0,0.0,0.0,0.0,0.0,0.0,0.0,0.0,0.0,0.0,0.0,0.0,0.0,0.0,0.0,0.0,0.0,0.0,0.0,0.0,0.0,0.0,0.0,0.0,0.0,0.0,0.0,0.0,0.0,0.0,0.0,0.0,0.0,0.0,0.0,0.0,0.0,0.0,0.0,0.0,0.0,0.0,0.0,0.0,0.0,0.0,0.0,0.0,0.0,0.0,0.0,0.0,0.0,0.0,0.0,0.0,0.0,0.0,0.0,0.0,0.0,0.0,0.0,0.0,0.0,0.09090941742918844,0.3030330826280402,0.011647923883377816,0.0,0.0,0.060606327366726664,0.9999999999776168,1.000000000023005,0.999999999937863,0.45391042322969505,1.000000000311928,0.0,0.26716109,-0.89592547,-0.40904453,-0.69503681,-0.40074164,8.2675531,8.2206972,6.5031831,9.0700759,8.4258281,5.9200243,5.1013002,10.330425,4.1080248,5.1574988,7.4125523,6.7625493,11.429739,5.4756526,2.0537519,11.718371,9.8152868,5.5376702,8.7715952,11.225099,6.6619728,9.3630134,4.3943014,10.468307,11.100061,8.6342603,11.637837,3.9099408,3.3727547,12.94172,8.904059,5.4183309,9.2626458,2.8283925,10.964662,8.1447024,6.4806165,8.248836,8.3523146,4.9341937,4.988298,5.2010977,9.8887297,4.705033,11.232492,9.8876878,9.1534098,7.7168362,6.4987237,6.9812094,2.9399641,5.4900581,8.629259,10.840269,4.7910179,6.201717,7.944467,8.7772713,11.413227,4.0567989,8.3095252,9.5404689,8.7824888,9.9593948,20.501959,37.882707,48.774489,25.971076,6.7658484,6.046504,35.488405,-0.172516,-0.049069672,-0.28602278,-32.435135,-1.684592,0.26716109,1076.3705949999999,.
2079.0,513.2,5.3983,12.2168,169.85775,10196.044,0.0,0.0,0.0,0.0,0.0,0.0,0.0,0.0,0.0,0.0,0.0,0.0,0.0,0.0,0.0,0.0,0.0,0.0,0.0,0.0,0.0,0.0,0.0,0.0,0.0,0.0,0.0,0.0,0.0,0.0,0.0,0.0,0.0,0.0,0.0,0.0,0.0,0.0,0.0,0.0,0.0,0.0,0.0,0.0,0.0,0.0,0.0,0.0,0.0,0.0,0.0,0.0,0.0,0.0,0.0,0.0,0.0,0.0,0.0,0.0,0.0,0.0,0.0,0.0,0.0,23.045478,51.869128,0.0,0.0,0.0,10.677585,89.349,173.879,64.3741,3.314,2.2441,0.0,0.13514154048716262,1.0000000005557308,0.9999999997544362,0.6532990384514882,0.9965035203602476,0.0,0.0,0.0,0.0,0.0,0.0,0.0,0.0,0.0,0.0,0.0,0.0,0.0,0.0,0.0,0.0,0.0,0.0,0.0,0.0,0.0,0.0,0.0,0.0,0.0,0.0,0.0,0.0,0.0,0.0,0.0,0.0,0.0,0.0,0.0,0.0,0.0,0.0,0.0,0.0,0.0,0.0,0.0,0.0,0.0,0.0,0.0,0.0,0.0,0.0,0.0,0.0,0.0,0.0,0.0,0.0,0.0,0.0,0.0,0.0,0.0,0.0,0.0,0.0,0.0,0.060606194130864786,0.3030330826280402,0.0,0.0,0.0,0.03030320767268479,0.9999999999776161,1.0000000000230045,0.9999999999378626,0.45391042322969527,1.0000000003119294,0.0,0.25182495,-0.84449568,-0.3855637,-0.64451498,-0.37773743,7.7929618,7.7487956,6.1298737,8.5494165,7.9421511,5.5801906,4.8084647,9.7374162,3.8722074,4.8614373,6.9870415,6.3743513,10.773625,5.1613278,1.9358582,11.045688,9.2518492,5.2197852,8.2680697,10.580732,6.2795483,8.8255381,4.1420506,9.8673832,10.462872,8.1386184,10.969778,3.6854942,3.1791448,12.198812,8.3929296,5.1072966,8.730932,2.6660312,10.335246,7.6771632,6.1086026,7.775319,7.8728576,4.6509508,4.7019493,4.9025334,9.3210761,4.4349448,10.587701,9.3200941,8.6279666,7.2738582,6.1256704,6.5804594,2.7711981,5.1749063,8.1339042,10.217993,4.5159939,5.8457131,7.4884221,8.27342,10.758061,3.823922,7.8325244,8.992807,8.278338,9.3876848,19.325063,35.708085,45.974634,24.48023,6.3774611,5.6994099,33.451225,-0.16261288,-0.046252872,-0.2696039,-30.427638,-1.5878895,0.25182495,1055.9528309999998,.
2080.0,513.2,5.3983,12.2168,169.85775,10196.044,0.0,0.0,0.0,0.0,0.0,0.0,0.0,0.0,0.0,0.0,0.0,0.0,0.0,0.0,0.0,0.0,0.0,0.0,0.0,0.0,0.0,0.0,0.0,0.0,0.0,0.0,0.0,0.0,0.0,0.0,0.0,0.0,0.0,0.0,0.0,0.0,0.0,0.0,0.0,0.0,0.0,0.0,0.0,0.0,0.0,0.0,0.0,0.0,0.0,0.0,0.0,0.0,0.0,0.0,0.0,0.0,0.0,0.0,0.0,0.0,0.0,0.0,0.0,0.0,0.0,34.568265,51.869128,3.0504463,0.0,0.0,21.355139,89.349,173.879,64.3741,3.314,2.2441,0.0,0.13514154048716265,1.0000000005557306,0.9999999997544369,0.6532990384514877,0.9965035203602488,0.0,0.0,0.0,0.0,0.0,0.0,0.0,0.0,0.0,0.0,0.0,0.0,0.0,0.0,0.0,0.0,0.0,0.0,0.0,0.0,0.0,0.0,0.0,0.0,0.0,0.0,0.0,0.0,0.0,0.0,0.0,0.0,0.0,0.0,0.0,0.0,0.0,0.0,0.0,0.0,0.0,0.0,0.0,0.0,0.0,0.0,0.0,0.0,0.0,0.0,0.0,0.0,0.0,0.0,0.0,0.0,0.0,0.0,0.0,0.0,0.0,0.0,0.0,0.0,0.0,0.09090941742918843,0.30303308262804024,0.011647923883377813,0.0,0.0,0.06060632736672668,0.9999999999776161,1.0000000000230045,0.9999999999378638,0.4539104232296949,1.000000000311929,0.0,0.25182495,-0.84449568,-0.3855637,-0.65513886,-0.37773743,7.7929618,7.7487956,6.1298737,8.5494165,7.9421511,5.5801906,4.8084647,9.7374162,3.8722074,4.8614373,6.9870415,6.3743513,10.773625,5.1613278,1.9358582,11.045688,9.2518492,5.2197852,8.2680697,10.580732,6.2795483,8.8255381,4.1420506,9.8673832,10.462872,8.1386184,10.969778,3.6854942,3.1791448,12.198812,8.3929296,5.1072966,8.730932,2.6660312,10.335246,7.6771632,6.1086026,7.775319,7.8728576,4.6509508,4.7019493,4.9025334,9.3210761,4.4349448,10.587701,9.3200941,8.6279666,7.2738582,6.1256704,6.5804594,2.7711981,5.1749063,8.1339042,10.217993,4.5159939,5.8457131,7.4884221,8.27342,10.758061,3.823922,7.8325244,8.992807,8.278338,9.3876848,19.325063,35.708085,45.974634,24.48023,6.3774611,5.6994099,33.451225,-0.16261288,-0.046252872,-0.2696039,-30.573225,-1.5878895,0.25182495,1035.7930149,.
2081.0,513.2,5.3983,12.2168,169.85775,10196.044,0.0,0.0,0.0,0.0,0.0,0.0,0.0,0.0,0.0,0.0,0.0,0.0,0.0,0.0,0.0,0.0,0.0,0.0,0.0,0.0,0.0,0.0,0.0,0.0,0.0,0.0,0.0,0.0,0.0,0.0,0.0,0.0,0.0,0.0,0.0,0.0,0.0,0.0,0.0,0.0,0.0,0.0,0.0,0.0,0.0,0.0,0.0,0.0,0.0,0.0,0.0,0.0,0.0,0.0,0.0,0.0,0.0,0.0,0.0,0.0,0.0,0.0,0.0,0.0,0.0,23.045478,51.869128,0.0,0.0,0.0,10.677585,89.349,173.879,64.3741,3.314,2.2441,0.0,0.13514154048716265,1.0000000005557306,0.9999999997544369,0.653299038451488,0.9965035203602476,0.0,0.0,0.0,0.0,0.0,0.0,0.0,0.0,0.0,0.0,0.0,0.0,0.0,0.0,0.0,0.0,0.0,0.0,0.0,0.0,0.0,0.0,0.0,0.0,0.0,0.0,0.0,0.0,0.0,0.0,0.0,0.0,0.0,0.0,0.0,0.0,0.0,0.0,0.0,0.0,0.0,0.0,0.0,0.0,0.0,0.0,0.0,0.0,0.0,0.0,0.0,0.0,0.0,0.0,0.0,0.0,0.0,0.0,0.0,0.0,0.0,0.0,0.0,0.0,0.0,0.060606194130864786,0.3030330826280401,0.0,0.0,0.0,0.030303207672684792,0.9999999999776161,1.000000000023005,0.999999999937863,0.4539104232296952,1.0000000003119291,0.0,0.23736917,-0.79601817,-0.36343076,-0.60751719,-0.35605375,7.3456139,7.303983,5.7779939,8.058645,7.4862391,5.2598649,4.5324392,9.1784487,3.6499269,4.5823709,6.5859568,6.0084374,10.155175,4.8650464,1.824732,10.411621,8.7207552,4.9201482,7.7934487,9.9733547,5.9190765,8.3189161,3.9042799,9.300955,9.86226,7.6714284,10.340068,3.4739318,2.9966489,11.498551,7.9111411,4.8141169,8.2297408,2.5129901,9.7419604,7.2364626,5.7579438,7.3289839,7.4209234,4.3839672,4.4320382,4.6211079,8.7860082,4.1803609,9.979924,8.7850826,8.132686,6.856309,5.7740319,6.2027141,2.61212,4.8778455,7.6669848,9.6314386,4.2567574,5.5101452,7.058556,7.7984919,10.140504,3.6044133,7.3829055,8.4765831,7.8031275,8.8487932,18.215725,33.658295,43.335502,23.074965,6.0113687,5.3722405,31.530988,-0.15327823,-0.043597768,-0.25412754,-28.680967,-1.4967381,0.23736917,1015.7741959999998,.
2082.0,513.2,5.3983,12.2168,169.85775,10196.044,0.0,0.0,0.0,0.0,0.0,0.0,0.0,0.0,0.0,0.0,0.0,0.0,0.0,0.0,0.0,0.0,0.0,0.0,0.0,0.0,0.0,0.0,0.0,0.0,0.0,0.0,0.0,0.0,0.0,0.0,0.0,0.0,0.0,0.0,0.0,0.0,0.0,0.0,0.0,0.0,0.0,0.0,0.0,0.0,0.0,0.0,0.0,0.0,0.0,0.0,0.0,0.0,0.0,0.0,0.0,0.0,0.0,0.0,0.0,0.0,0.0,0.0,0.0,0.0,0.0,34.568265,51.869128,3.0504463,0.0,0.0,21.355139,89.349,173.879,64.3741,3.314,2.2441,0.0,0.13514154048716262,1.0000000005557308,0.9999999997544365,0.6532990384514882,0.9965035203602469,0.0,0.0,0.0,0.0,0.0,0.0,0.0,0.0,0.0,0.0,0.0,0.0,0.0,0.0,0.0,0.0,0.0,0.0,0.0,0.0,0.0,0.0,0.0,0.0,0.0,0.0,0.0,0.0,0.0,0.0,0.0,0.0,0.0,0.0,0.0,0.0,0.0,0.0,0.0,0.0,0.0,0.0,0.0,0.0,0.0,0.0,0.0,0.0,0.0,0.0,0.0,0.0,0.0,0.0,0.0,0.0,0.0,0.0,0.0,0.0,0.0,0.0,0.0,0.0,0.0,0.09090941742918843,0.30303308262804013,0.011647923883377813,0.0,0.0,0.06060632736672666,0.9999999999776158,1.000000000023004,0.9999999999378631,0.4539104232296952,1.0000000003119285,0.0,0.23736917,-0.79601817,-0.36343076,-0.61753121,-0.35605375,7.3456139,7.303983,5.7779939,8.058645,7.4862391,5.2598649,4.5324392,9.1784487,3.6499269,4.5823709,6.5859568,6.0084374,10.155175,4.8650464,1.824732,10.411621,8.7207552,4.9201482,7.7934487,9.9733547,5.9190765,8.3189161,3.9042799,9.300955,9.86226,7.6714284,10.340068,3.4739318,2.9966489,11.498551,7.9111411,4.8141169,8.2297408,2.5129901,9.7419604,7.2364626,5.7579438,7.3289839,7.4209234,4.3839672,4.4320382,4.6211079,8.7860082,4.1803609,9.979924,8.7850826,8.132686,6.856309,5.7740319,6.2027141,2.61212,4.8778455,7.6669848,9.6314386,4.2567574,5.5101452,7.058556,7.7984919,10.140504,3.6044133,7.3829055,8.4765831,7.8031275,8.8487932,18.215725,33.658295,43.335502,23.074965,6.0113687,5.3722405,31.530988,-0.15327823,-0.043597768,-0.25412754,-28.818197,-1.4967381,0.23736917,995.9969659999999,.
2083.0,513.2,5.3983,12.2168,169.85775,10196.044,0.0,0.0,0.0,0.0,0.0,0.0,0.0,0.0,0.0,0.0,0.0,0.0,0.0,0.0,0.0,0.0,0.0,0.0,0.0,0.0,0.0,0.0,0.0,0.0,0.0,0.0,0.0,0.0,0.0,0.0,0.0,0.0,0.0,0.0,0.0,0.0,0.0,0.0,0.0,0.0,0.0,0.0,0.0,0.0,0.0,0.0,0.0,0.0,0.0,0.0,0.0,0.0,0.0,0.0,0.0,0.0,0.0,0.0,0.0,0.0,0.0,0.0,0.0,0.0,0.0,23.045478,51.869128,0.0,0.0,0.0,10.677585,89.349,173.879,64.3741,3.314,2.2441,0.0,0.13514154048716262,1.0000000005557306,0.9999999997544368,0.6532990384514877,0.996503520360249,0.0,0.0,0.0,0.0,0.0,0.0,0.0,0.0,0.0,0.0,0.0,0.0,0.0,0.0,0.0,0.0,0.0,0.0,0.0,0.0,0.0,0.0,0.0,0.0,0.0,0.0,0.0,0.0,0.0,0.0,0.0,0.0,0.0,0.0,0.0,0.0,0.0,0.0,0.0,0.0,0.0,0.0,0.0,0.0,0.0,0.0,0.0,0.0,0.0,0.0,0.0,0.0,0.0,0.0,0.0,0.0,0.0,0.0,0.0,0.0,0.0,0.0,0.0,0.0,0.0,0.060606194130864786,0.3030330826280402,0.0,0.0,0.0,0.030303207672684785,0.9999999999776156,1.0000000000230047,0.9999999999378628,0.4539104232296949,1.0000000003119296,0.0,0.22374321,-0.75032347,-0.34256835,-0.57264322,-0.33561481,6.9239456,6.8847045,5.4463134,7.5960458,7.0564983,4.9579271,4.2722586,8.6515682,3.4404061,4.3193241,6.2078959,5.6635285,9.5722266,4.5857729,1.7199849,9.8139509,8.2201482,4.6377116,7.3460729,9.4008433,5.5792973,7.8413763,3.6801583,8.7670422,9.296126,7.231057,9.7465055,3.2745139,2.824629,10.838487,7.4570092,4.5377669,7.75732,2.3687342,9.182732,6.82106,5.4274143,6.9082702,6.994932,4.1323096,4.177621,4.3558374,8.2816554,3.940391,9.4070355,8.2807829,7.6658366,6.4627288,5.4425788,5.846653,2.4621736,4.5978372,7.2268685,9.0785546,4.0124021,5.1938404,6.653366,7.3508265,9.5583978,3.3975052,6.9590965,7.9899925,7.3551961,8.3408363,17.170068,31.726171,40.847867,21.750368,5.6662916,5.0638519,29.72098,-0.14447944,-0.041095078,-0.23953958,-27.034563,-1.4108192,0.22374321,976.4698559999999,.
2084.0,513.2,5.3983,12.2168,169.85775,10196.044,0.0,0.0,0.0,0.0,0.0,0.0,0.0,0.0,0.0,0.0,0.0,0.0,0.0,0.0,0.0,0.0,0.0,0.0,0.0,0.0,0.0,0.0,0.0,0.0,0.0,0.0,0.0,0.0,0.0,0.0,0.0,0.0,0.0,0.0,0.0,0.0,0.0,0.0,0.0,0.0,0.0,0.0,0.0,0.0,0.0,0.0,0.0,0.0,0.0,0.0,0.0,0.0,0.0,0.0,0.0,0.0,0.0,0.0,0.0,0.0,0.0,0.0,0.0,0.0,0.0,34.568265,51.869128,3.0504463,0.0,0.0,21.355139,89.349,173.879,64.3741,3.314,2.2441,0.0,0.13514154048716265,1.0000000005557308,0.9999999997544367,0.6532990384514878,0.9965035203602449,0.0,0.0,0.0,0.0,0.0,0.0,0.0,0.0,0.0,0.0,0.0,0.0,0.0,0.0,0.0,0.0,0.0,0.0,0.0,0.0,0.0,0.0,0.0,0.0,0.0,0.0,0.0,0.0,0.0,0.0,0.0,0.0,0.0,0.0,0.0,0.0,0.0,0.0,0.0,0.0,0.0,0.0,0.0,0.0,0.0,0.0,0.0,0.0,0.0,0.0,0.0,0.0,0.0,0.0,0.0,0.0,0.0,0.0,0.0,0.0,0.0,0.0,0.0,0.0,0.0,0.09090941742918843,0.3030330826280401,0.011647923883377816,0.0,0.0,0.060606327366726664,0.9999999999776154,1.0000000000230047,0.9999999999378634,0.4539104232296951,1.0000000003119291,0.0,0.22374321,-0.75032347,-0.34256835,-0.58208239,-0.33561481,6.9239456,6.8847045,5.4463134,7.5960458,7.0564983,4.9579271,4.2722586,8.6515682,3.4404061,4.3193241,6.2078959,5.6635285,9.5722266,4.5857729,1.7199849,9.8139509,8.2201482,4.6377116,7.3460729,9.4008433,5.5792973,7.8413763,3.6801583,8.7670422,9.296126,7.231057,9.7465055,3.2745139,2.824629,10.838487,7.4570092,4.5377669,7.75732,2.3687342,9.182732,6.82106,5.4274143,6.9082702,6.994932,4.1323096,4.177621,4.3558374,8.2816554,3.940391,9.4070355,8.2807829,7.6658366,6.4627288,5.4425788,5.846653,2.4621736,4.5978372,7.2268685,9.0785546,4.0124021,5.1938404,6.653366,7.3508265,9.5583978,3.3975052,6.9590965,7.9899925,7.3551961,8.3408363,17.170068,31.726171,40.847867,21.750368,5.6662916,5.0638519,29.72098,-0.14447944,-0.041095078,-0.23953958,-27.163915,-1.4108192,0.22374321,957.050761,.
2085.0,513.2,5.3983,12.2168,169.85775,10196.044,0.0,0.0,0.0,0.0,0.0,0.0,0.0,0.0,0.0,0.0,0.0,0.0,0.0,0.0,0.0,0.0,0.0,0.0,0.0,0.0,0.0,0.0,0.0,0.0,0.0,0.0,0.0,0.0,0.0,0.0,0.0,0.0,0.0,0.0,0.0,0.0,0.0,0.0,0.0,0.0,0.0,0.0,0.0,0.0,0.0,0.0,0.0,0.0,0.0,0.0,0.0,0.0,0.0,0.0,0.0,0.0,0.0,0.0,0.0,0.0,0.0,0.0,0.0,0.0,0.0,23.045478,51.869128,0.0,0.0,0.0,10.677585,89.349,173.879,64.3741,3.314,2.2441,0.0,0.13514154048716265,1.0000000005557308,0.9999999997544359,0.6532990384514882,0.9965035203602488,0.0,0.0,0.0,0.0,0.0,0.0,0.0,0.0,0.0,0.0,0.0,0.0,0.0,0.0,0.0,0.0,0.0,0.0,0.0,0.0,0.0,0.0,0.0,0.0,0.0,0.0,0.0,0.0,0.0,0.0,0.0,0.0,0.0,0.0,0.0,0.0,0.0,0.0,0.0,0.0,0.0,0.0,0.0,0.0,0.0,0.0,0.0,0.0,0.0,0.0,0.0,0.0,0.0,0.0,0.0,0.0,0.0,0.0,0.0,0.0,0.0,0.0,0.0,0.0,0.0,0.060606194130864786,0.3030330826280402,0.0,0.0,0.0,0.03030320767268479,0.9999999999776159,1.0000000000230043,0.9999999999378634,0.4539104232296951,1.0000000003119294,0.0,0.21089943,-0.70725184,-0.32290353,-0.53977115,-0.31634915,6.5264828,6.4894943,5.1336728,7.1600017,6.6514265,4.6733218,4.0270135,8.1549328,3.2429127,4.0713772,5.8515373,5.3384188,9.0227417,4.3225307,1.6212507,9.25059,7.7482781,4.371488,6.9243782,8.8611965,5.2590228,7.3912492,3.4689021,8.2637781,8.7624903,6.8159648,9.1870162,3.0865434,2.6624837,10.216313,7.0289464,4.2772805,7.3120181,2.2327591,8.6556056,6.4295033,5.1158585,6.5117073,6.5933943,3.8950981,3.9378085,4.1057946,7.8062545,3.7141965,8.8670332,7.8054321,7.2257862,6.0917418,5.1301525,5.5110312,2.3208348,4.3339025,6.8120167,8.5574084,3.7820738,4.8956927,6.2714356,6.928859,9.0097067,3.2024745,6.5596159,7.5313343,6.9329777,7.8620382,16.184436,29.904959,38.503032,20.501807,5.3410232,4.7731661,28.014874,-0.13618573,-0.038736053,-0.22578903,-25.482668,-1.3298324,0.21089943,937.79802,.
2086.0,513.2,5.3983,12.2168,169.85775,10196.044,0.0,0.0,0.0,0.0,0.0,0.0,0.0,0.0,0.0,0.0,0.0,0.0,0.0,0.0,0.0,0.0,0.0,0.0,0.0,0.0,0.0,0.0,0.0,0.0,0.0,0.0,0.0,0.0,0.0,0.0,0.0,0.0,0.0,0.0,0.0,0.0,0.0,0.0,0.0,0.0,0.0,0.0,0.0,0.0,0.0,0.0,0.0,0.0,0.0,0.0,0.0,0.0,0.0,0.0,0.0,0.0,0.0,0.0,0.0,0.0,0.0,0.0,0.0,0.0,0.0,34.568265,51.869128,3.0504463,0.0,0.0,21.355139,89.349,173.879,64.3741,3.314,2.2441,0.0,0.13514154048716265,1.0000000005557308,0.9999999997544367,0.653299038451488,0.996503520360249,0.0,0.0,0.0,0.0,0.0,0.0,0.0,0.0,0.0,0.0,0.0,0.0,0.0,0.0,0.0,0.0,0.0,0.0,0.0,0.0,0.0,0.0,0.0,0.0,0.0,0.0,0.0,0.0,0.0,0.0,0.0,0.0,0.0,0.0,0.0,0.0,0.0,0.0,0.0,0.0,0.0,0.0,0.0,0.0,0.0,0.0,0.0,0.0,0.0,0.0,0.0,0.0,0.0,0.0,0.0,0.0,0.0,0.0,0.0,0.0,0.0,0.0,0.0,0.0,0.0,0.09090941742918843,0.3030330826280402,0.011647923883377816,0.0,0.0,0.060606327366726664,0.9999999999776165,1.0000000000230045,0.9999999999378636,0.45391042322969494,1.0000000003119285,0.0,0.21089943,-0.70725184,-0.32290353,-0.54866848,-0.31634915,6.5264828,6.4894943,5.1336728,7.1600017,6.6514265,4.6733218,4.0270135,8.1549328,3.2429127,4.0713772,5.8515373,5.3384188,9.0227417,4.3225307,1.6212507,9.25059,7.7482781,4.371488,6.9243782,8.8611965,5.2590228,7.3912492,3.4689021,8.2637781,8.7624903,6.8159648,9.1870162,3.0865434,2.6624837,10.216313,7.0289464,4.2772805,7.3120181,2.2327591,8.6556056,6.4295033,5.1158585,6.5117073,6.5933943,3.8950981,3.9378085,4.1057946,7.8062545,3.7141965,8.8670332,7.8054321,7.2257862,6.0917418,5.1301525,5.5110312,2.3208348,4.3339025,6.8120167,8.5574084,3.7820738,4.8956927,6.2714356,6.928859,9.0097067,3.2024745,6.5596159,7.5313343,6.9329777,7.8620382,16.184436,29.904959,38.503032,20.501807,5.3410232,4.7731661,28.014874,-0.13618573,-0.038736053,-0.22578903,-25.604595,-1.3298324,0.21089943,918.6819099999999,.
2087.0,513.2,5.3983,12.2168,169.85775,10196.044,0.0,0.0,0.0,0.0,0.0,0.0,0.0,0.0,0.0,0.0,0.0,0.0,0.0,0.0,0.0,0.0,0.0,0.0,0.0,0.0,0.0,0.0,0.0,0.0,0.0,0.0,0.0,0.0,0.0,0.0,0.0,0.0,0.0,0.0,0.0,0.0,0.0,0.0,0.0,0.0,0.0,0.0,0.0,0.0,0.0,0.0,0.0,0.0,0.0,0.0,0.0,0.0,0.0,0.0,0.0,0.0,0.0,0.0,0.0,0.0,0.0,0.0,0.0,0.0,0.0,23.045478,51.869128,0.0,0.0,0.0,10.677585,89.349,173.879,64.3741,3.314,2.2441,0.0,0.13514154048716262,1.0000000005557306,0.9999999997544367,0.6532990384514882,0.9965035203602487,0.0,0.0,0.0,0.0,0.0,0.0,0.0,0.0,0.0,0.0,0.0,0.0,0.0,0.0,0.0,0.0,0.0,0.0,0.0,0.0,0.0,0.0,0.0,0.0,0.0,0.0,0.0,0.0,0.0,0.0,0.0,0.0,0.0,0.0,0.0,0.0,0.0,0.0,0.0,0.0,0.0,0.0,0.0,0.0,0.0,0.0,0.0,0.0,0.0,0.0,0.0,0.0,0.0,0.0,0.0,0.0,0.0,0.0,0.0,0.0,0.0,0.0,0.0,0.0,0.0,0.060606194130864786,0.3030330826280402,0.0,0.0,0.0,0.03030320767268479,0.9999999999776165,1.0000000000230047,0.9999999999378626,0.4539104232296951,1.000000000311929,0.0,0.19879294,-0.66665269,-0.30436754,-0.50878608,-0.29818941,6.151836,6.1169708,4.8389789,6.7489883,6.2696074,4.405054,3.7958464,7.6868063,3.0567563,3.8376635,5.5156351,5.0319718,8.5047994,4.0743998,1.5281843,8.7195683,7.3034952,4.1205467,6.5268906,8.3525275,4.9571334,6.9669613,3.269773,7.7894034,8.2594875,6.4247005,8.6596439,2.9093632,2.5096463,9.6298552,6.6254561,4.0317471,6.8922783,2.1045896,8.1587385,6.0604235,4.8221873,6.1379086,6.2149065,3.6715035,3.7117622,3.8701052,7.3581436,3.5009864,8.3580292,7.3573684,6.8109965,5.7420509,4.8356608,5.1946754,2.1876094,4.0851188,6.4209791,8.0661782,3.5649673,4.6146599,5.9114295,6.5311142,8.4925127,3.0186394,6.1830671,7.0990049,6.5349964,7.410725,15.255383,28.188292,36.292801,19.32492,5.0344267,4.4991668,26.406706,-0.12836811,-0.036512445,-0.21282781,-24.019859,-1.2534946,0.19879294,899.6436699999999,.
2088.0,513.2,5.3983,12.2168,169.85775,10196.044,0.0,0.0,0.0,0.0,0.0,0.0,0.0,0.0,0.0,0.0,0.0,0.0,0.0,0.0,0.0,0.0,0.0,0.0,0.0,0.0,0.0,0.0,0.0,0.0,0.0,0.0,0.0,0.0,0.0,0.0,0.0,0.0,0.0,0.0,0.0,0.0,0.0,0.0,0.0,0.0,0.0,0.0,0.0,0.0,0.0,0.0,0.0,0.0,0.0,0.0,0.0,0.0,0.0,0.0,0.0,0.0,0.0,0.0,0.0,0.0,0.0,0.0,0.0,0.0,0.0,34.568265,51.869128,3.0504463,0.0,0.0,21.355139,89.349,173.879,64.3741,3.314,2.2441,0.0,0.13514154048716265,1.000000000555731,0.9999999997544367,0.6532990384514877,0.9965035203602469,0.0,0.0,0.0,0.0,0.0,0.0,0.0,0.0,0.0,0.0,0.0,0.0,0.0,0.0,0.0,0.0,0.0,0.0,0.0,0.0,0.0,0.0,0.0,0.0,0.0,0.0,0.0,0.0,0.0,0.0,0.0,0.0,0.0,0.0,0.0,0.0,0.0,0.0,0.0,0.0,0.0,0.0,0.0,0.0,0.0,0.0,0.0,0.0,0.0,0.0,0.0,0.0,0.0,0.0,0.0,0.0,0.0,0.0,0.0,0.0,0.0,0.0,0.0,0.0,0.0,0.09090941742918843,0.3030330826280402,0.011647923883377813,0.0,0.0,0.06060632736672665,0.9999999999776159,1.0000000000230047,0.9999999999378636,0.45391042322969505,1.0000000003119291,0.0,0.19879294,-0.66665269,-0.30436754,-0.51717266,-0.29818941,6.151836,6.1169708,4.8389789,6.7489883,6.2696074,4.405054,3.7958464,7.6868063,3.0567563,3.8376635,5.5156351,5.0319718,8.5047994,4.0743998,1.5281843,8.7195683,7.3034952,4.1205467,6.5268906,8.3525275,4.9571334,6.9669613,3.269773,7.7894034,8.2594875,6.4247005,8.6596439,2.9093632,2.5096463,9.6298552,6.6254561,4.0317471,6.8922783,2.1045896,8.1587385,6.0604235,4.8221873,6.1379086,6.2149065,3.6715035,3.7117622,3.8701052,7.3581436,3.5009864,8.3580292,7.3573684,6.8109965,5.7420509,4.8356608,5.1946754,2.1876094,4.0851188,6.4209791,8.0661782,3.5649673,4.6146599,5.9114295,6.5311142,8.4925127,3.0186394,6.1830671,7.0990049,6.5349964,7.410725,15.255383,28.188292,36.292801,19.32492,5.0344267,4.4991668,26.406706,-0.12836811,-0.036512445,-0.21282781,-24.134786,-1.2534946,0.19879294,880.7865499999999,.
2089.0,513.2,5.3983,12.2168,169.85775,10196.044,0.0,0.0,0.0,0.0,0.0,0.0,0.0,0.0,0.0,0.0,0.0,0.0,0.0,0.0,0.0,0.0,0.0,0.0,0.0,0.0,0.0,0.0,0.0,0.0,0.0,0.0,0.0,0.0,0.0,0.0,0.0,0.0,0.0,0.0,0.0,0.0,0.0,0.0,0.0,0.0,0.0,0.0,0.0,0.0,0.0,0.0,0.0,0.0,0.0,0.0,0.0,0.0,0.0,0.0,0.0,0.0,0.0,0.0,0.0,0.0,0.0,0.0,0.0,0.0,0.0,23.045478,51.869128,0.0,0.0,0.0,10.677585,89.349,173.879,64.3741,3.314,2.2441,0.0,0.13514154048716265,1.0000000005557306,0.9999999997544369,0.6532990384514875,0.9965035203602481,0.0,0.0,0.0,0.0,0.0,0.0,0.0,0.0,0.0,0.0,0.0,0.0,0.0,0.0,0.0,0.0,0.0,0.0,0.0,0.0,0.0,0.0,0.0,0.0,0.0,0.0,0.0,0.0,0.0,0.0,0.0,0.0,0.0,0.0,0.0,0.0,0.0,0.0,0.0,0.0,0.0,0.0,0.0,0.0,0.0,0.0,0.0,0.0,0.0,0.0,0.0,0.0,0.0,0.0,0.0,0.0,0.0,0.0,0.0,0.0,0.0,0.0,0.0,0.0,0.0,0.06060619413086478,0.30303308262804013,0.0,0.0,0.0,0.030303207672684792,0.9999999999776156,1.000000000023005,0.9999999999378634,0.4539104232296949,1.0000000003119291,0.0,0.18738141,-0.6283841,-0.2868956,-0.47957968,-0.28107212,5.7986954,5.7658316,4.5612017,6.3615688,5.9097063,4.1521859,3.5779493,7.2455522,2.881286,3.6173659,5.1990151,4.743116,8.0165891,3.8405126,1.4404603,8.2190294,6.8842447,3.8840104,6.1522204,7.8730583,4.6725737,6.5670292,3.0820746,7.3422598,7.7853592,6.0558964,8.1625449,2.7423538,2.3655823,9.0770621,6.2451278,3.8003083,6.4966334,1.9837776,7.6903935,5.7125304,4.545374,5.7855676,5.8581454,3.4607442,3.4986918,3.6479453,6.935756,3.3000155,7.8782442,6.9350253,6.4200175,5.4124336,4.5580741,4.8964798,2.0620317,3.8506163,6.0523886,7.6031466,3.3603236,4.3497595,5.5720893,6.1562015,8.0050077,2.8453571,5.8281338,6.691493,6.1598609,6.9853191,14.379662,26.570169,34.209446,18.21559,4.74543,4.2408963,24.890853,-0.12099925,-0.034416481,-0.20061062,-22.641021,-1.1815389,0.18738141,862.0011999999999,.
2090.0,513.2,5.3983,12.2168,169.85775,10196.044,0.0,0.0,0.0,0.0,0.0,0.0,0.0,0.0,0.0,0.0,0.0,0.0,0.0,0.0,0.0,0.0,0.0,0.0,0.0,0.0,0.0,0.0,0.0,0.0,0.0,0.0,0.0,0.0,0.0,0.0,0.0,0.0,0.0,0.0,0.0,0.0,0.0,0.0,0.0,0.0,0.0,0.0,0.0,0.0,0.0,0.0,0.0,0.0,0.0,0.0,0.0,0.0,0.0,0.0,0.0,0.0,0.0,0.0,0.0,0.0,0.0,0.0,0.0,0.0,0.0,34.568265,51.869128,3.0504463,0.0,0.0,21.355139,89.349,173.879,64.3741,3.314,2.2441,0.0,0.13514154048716265,1.0000000005557306,0.9999999997544367,0.653299038451488,0.9965035203602454,0.0,0.0,0.0,0.0,0.0,0.0,0.0,0.0,0.0,0.0,0.0,0.0,0.0,0.0,0.0,0.0,0.0,0.0,0.0,0.0,0.0,0.0,0.0,0.0,0.0,0.0,0.0,0.0,0.0,0.0,0.0,0.0,0.0,0.0,0.0,0.0,0.0,0.0,0.0,0.0,0.0,0.0,0.0,0.0,0.0,0.0,0.0,0.0,0.0,0.0,0.0,0.0,0.0,0.0,0.0,0.0,0.0,0.0,0.0,0.0,0.0,0.0,0.0,0.0,0.0,0.09090941742918843,0.30303308262804013,0.011647923883377816,0.0,0.0,0.06060632736672668,0.9999999999776159,1.0000000000230043,0.9999999999378636,0.45391042322969505,1.0000000003119291,0.0,0.18738141,-0.6283841,-0.2868956,-0.48748484,-0.28107212,5.7986954,5.7658316,4.5612017,6.3615688,5.9097063,4.1521859,3.5779493,7.2455522,2.881286,3.6173659,5.1990151,4.743116,8.0165891,3.8405126,1.4404603,8.2190294,6.8842447,3.8840104,6.1522204,7.8730583,4.6725737,6.5670292,3.0820746,7.3422598,7.7853592,6.0558964,8.1625449,2.7423538,2.3655823,9.0770621,6.2451278,3.8003083,6.4966334,1.9837776,7.6903935,5.7125304,4.545374,5.7855676,5.8581454,3.4607442,3.4986918,3.6479453,6.935756,3.3000155,7.8782442,6.9350253,6.4200175,5.4124336,4.5580741,4.8964798,2.0620317,3.8506163,6.0523886,7.6031466,3.3603236,4.3497595,5.5720893,6.1562015,8.0050077,2.8453571,5.8281338,6.691493,6.1598609,6.9853191,14.379662,26.570169,34.209446,18.21559,4.74543,4.2408963,24.890853,-0.12099925,-0.034416481,-0.20061062,-22.749351,-1.1815389,0.18738141,843.26451,.
2091.0,513.2,5.3983,12.2168,169.85775,10196.044,0.0,0.0,0.0,0.0,0.0,0.0,0.0,0.0,0.0,0.0,0.0,0.0,0.0,0.0,0.0,0.0,0.0,0.0,0.0,0.0,0.0,0.0,0.0,0.0,0.0,0.0,0.0,0.0,0.0,0.0,0.0,0.0,0.0,0.0,0.0,0.0,0.0,0.0,0.0,0.0,0.0,0.0,0.0,0.0,0.0,0.0,0.0,0.0,0.0,0.0,0.0,0.0,0.0,0.0,0.0,0.0,0.0,0.0,0.0,0.0,0.0,0.0,0.0,0.0,0.0,30.060197,51.869128,0.0,0.0,0.0,10.677585,89.349,173.879,64.3741,3.556,2.2441,0.0,0.13514154048716262,1.0000000005557304,0.9999999997544363,0.6532990384514877,0.9965035203602497,0.0,0.0,0.0,0.0,0.0,0.0,0.0,0.0,0.0,0.0,0.0,0.0,0.0,0.0,0.0,0.0,0.0,0.0,0.0,0.0,0.0,0.0,0.0,0.0,0.0,0.0,0.0,0.0,0.0,0.0,0.0,0.0,0.0,0.0,0.0,0.0,0.0,0.0,0.0,0.0,0.0,0.0,0.0,0.0,0.0,0.0,0.0,0.0,0.0,0.0,0.0,0.0,0.0,0.0,0.0,0.0,0.0,0.0,0.0,0.0,0.0,0.0,0.0,0.0,0.0,0.07905386622894259,0.30303308262804013,0.0,0.0,0.0,0.030303207672684785,0.9999999999776162,1.000000000023004,0.9999999999378634,0.48705656759348076,1.0000000003119291,0.0,0.16283072,-0.54605327,-0.18697992,-1.0784999,-0.24424608,4.5816427,5.288803,3.5997486,5.8107985,5.4037495,3.8046138,2.8154362,6.6143614,2.6381932,3.3142019,4.7685295,4.3516754,6.7373844,3.4212118,1.3083485,7.0771441,5.8018757,3.3802843,5.2197139,6.8070494,2.636137,5.7497024,2.7704471,6.4113388,4.5470518,5.302102,6.9577792,2.4684942,2.1312311,5.2827418,5.3947473,3.4180568,5.4937842,1.7933615,6.6931847,5.0322241,3.9606787,4.9238607,3.4191453,3.1162911,2.0851362,3.1905887,4.1315178,2.0665508,5.9889627,0.18982451,5.1841325,1.1368029,1.1660693,4.0737108,1.7945066,3.2259339,3.4426792,3.8625607e-07,2.8346389,3.6363455,4.6272994,5.0840533,6.3426776,2.4593582,3.591283,0.77322039,1.053459,5.5401742,13.260108,25.456624,32.326494,17.436765,14.759715,3.9495066,23.322252,-0.21029188,-0.071777368,-0.23243552,-20.898375,-0.79857072,0.16283072,824.5643399999999,.
2092.0,513.2,5.3983,12.2168,169.85775,10196.044,0.0,0.0,0.0,0.0,0.0,0.0,0.0,0.0,0.0,0.0,0.0,0.0,0.0,0.0,0.0,0.0,0.0,0.0,0.0,0.0,0.0,0.0,0.0,0.0,0.0,0.0,0.0,0.0,0.0,0.0,0.0,0.0,0.0,0.0,0.0,0.0,0.0,0.0,0.0,0.0,0.0,0.0,0.0,0.0,0.0,0.0,0.0,0.0,0.0,0.0,0.0,0.0,0.0,0.0,0.0,0.0,0.0,0.0,0.0,0.0,0.0,0.0,0.0,0.0,0.0,34.568265,51.869128,7.936054,0.0,0.0,10.677585,89.349,173.879,64.3741,3.314,2.2441,0.0,0.13514154048716262,1.0000000005557308,0.9999999997544367,0.6532990384514878,0.9965035203602473,0.0,0.0,0.0,0.0,0.0,0.0,0.0,0.0,0.0,0.0,0.0,0.0,0.0,0.0,0.0,0.0,0.0,0.0,0.0,0.0,0.0,0.0,0.0,0.0,0.0,0.0,0.0,0.0,0.0,0.0,0.0,0.0,0.0,0.0,0.0,0.0,0.0,0.0,0.0,0.0,0.0,0.0,0.0,0.0,0.0,0.0,0.0,0.0,0.0,0.0,0.0,0.0,0.0,0.0,0.0,0.0,0.0,0.0,0.0,0.0,0.0,0.0,0.0,0.0,0.0,0.09090941742918845,0.3030330826280402,0.030303288055382602,0.0,0.0,0.03030320767268479,0.9999999999776158,1.0000000000230052,0.9999999999378634,0.453910423229695,1.0000000003119283,0.0,0.17302285,-0.27302663,-0.18697992,-1.1220063,-0.25953428,4.6014725,5.3269945,3.6160353,5.8522519,5.4425293,3.8325188,2.8293613,6.6615547,2.6577703,3.3386828,4.8030096,4.3832597,6.7388008,3.4334385,1.3146344,7.0901268,5.8031602,3.3874189,5.2225765,6.8211197,2.5506661,5.764113,2.7818495,6.4282074,4.4205053,5.3157914,6.9655982,2.478857,2.1402701,5.1356326,5.4056493,3.4322146,5.4958831,1.8013842,6.7095327,5.0469279,3.9693888,4.9274078,3.3211549,3.1294217,2.0281313,3.198349,4.0218978,2.0197224,6.0491255,0.19509475,5.2376247,1.1578024,1.187284,4.1152285,1.8129599,3.2585427,3.4780553,7.07356e-07,2.8634277,3.6733515,4.6742792,5.1359426,6.4066597,2.4847488,3.6285174,0.78694729,1.0723125,5.5968512,12.824316,25.127485,31.671765,17.208426,14.122948,3.8276671,22.750755,-0.15771891,-0.071777368,-0.23243552,-20.898375,-0.79857072,0.17302285,806.01398,.
2093.0,513.2,5.3983,12.2168,169.85775,10196.044,0.0,0.0,0.0,0.0,0.0,0.0,0.0,0.0,0.0,0.0,0.0,0.0,0.0,0.0,0.0,0.0,0.0,0.0,0.0,0.0,0.0,0.0,0.0,0.0,0.0,0.0,0.0,0.0,0.0,0.0,0.0,0.0,0.0,0.0,0.0,0.0,0.0,0.0,0.0,0.0,0.0,0.0,0.0,0.0,0.0,0.0,0.0,0.0,0.0,0.0,0.0,0.0,0.0,0.0,0.0,0.0,0.0,0.0,0.0,0.0,0.0,0.0,0.0,0.0,0.0,34.568265,51.869128,7.936054,0.0,0.0,10.677585,89.349,173.879,64.3741,3.314,2.2441,0.0,0.13514154048716265,1.0000000005557308,0.9999999997544363,0.6532990384514878,0.996503520360248,0.0,0.0,0.0,0.0,0.0,0.0,0.0,0.0,0.0,0.0,0.0,0.0,0.0,0.0,0.0,0.0,0.0,0.0,0.0,0.0,0.0,0.0,0.0,0.0,0.0,0.0,0.0,0.0,0.0,0.0,0.0,0.0,0.0,0.0,0.0,0.0,0.0,0.0,0.0,0.0,0.0,0.0,0.0,0.0,0.0,0.0,0.0,0.0,0.0,0.0,0.0,0.0,0.0,0.0,0.0,0.0,0.0,0.0,0.0,0.0,0.0,0.0,0.0,0.0,0.0,0.09090941742918843,0.30303308262804024,0.030303288055382595,0.0,0.0,0.030303207672684792,0.9999999999776159,1.0000000000230052,0.9999999999378631,0.4539104232296952,1.0000000003119291,0.0,0.17495396,-0.54090106,-0.1852157,-1.1567838,-0.26243094,4.5112325,5.2986826,3.5447494,5.8189623,5.4120879,3.811818,2.7728173,6.6233178,2.6432603,3.3206278,4.7774544,4.360059,6.6666582,3.4116541,1.3080883,7.0267989,5.7425892,3.3603267,5.1708897,6.7622937,2.4273919,5.7203929,2.7659811,6.3775099,4.2224652,5.275327,6.8983561,2.4649741,2.1284332,4.902946,5.3586756,3.41277,5.4400378,1.791839,6.6549727,5.0108277,3.9379807,4.8798392,3.1730505,3.1119646,1.9429656,3.1738943,3.851395,1.9455654,6.0524933,0.19832897,5.2417907,1.1670656,1.1963579,4.1179697,1.814194,3.2604316,3.4806354,-8.3570756e-08,2.8651825,3.6757278,4.677261,5.139491,6.4104836,2.4866096,3.6315576,0.79287448,1.0804517,5.6008865,12.263385,24.531399,30.682042,16.797455,13.359502,3.6691164,21.944196,-0.2083077,-0.071100123,-0.23024241,-20.701191,-0.79103592,0.17495396,787.4861199999999,.
2094.0,513.2,5.3983,12.2168,169.85775,10124.493,0.0,0.0,0.0,0.0,0.0,0.0,0.0,0.0,0.0,0.0,0.0,0.0,0.0,0.0,0.0,0.0,0.0,0.0,0.0,0.0,0.0,0.0,0.0,0.0,0.0,0.0,0.0,0.0,0.0,0.0,0.0,0.0,0.0,0.0,0.0,0.0,0.0,0.0,0.0,0.0,0.0,0.0,0.0,0.0,0.0,0.0,0.0,0.0,0.0,0.0,0.0,0.0,0.0,0.0,0.0,0.0,0.0,0.0,0.0,0.0,0.0,0.0,0.0,0.0,0.0,45.270541,51.869128,7.936054,0.0,0.0,10.677585,89.349,173.879,64.3741,3.314,2.2441,0.0,0.13514154048716262,1.0000000005557306,0.9999999997544369,0.653299038451488,0.989510531374982,0.0,0.0,0.0,0.0,0.0,0.0,0.0,0.0,0.0,0.0,0.0,0.0,0.0,0.0,0.0,0.0,0.0,0.0,0.0,0.0,0.0,0.0,0.0,0.0,0.0,0.0,0.0,0.0,0.0,0.0,0.0,0.0,0.0,0.0,0.0,0.0,0.0,0.0,0.0,0.0,0.0,0.0,0.0,0.0,0.0,0.0,0.0,0.0,0.0,0.0,0.0,0.0,0.0,0.0,0.0,0.0,0.0,0.0,0.0,0.0,0.0,0.0,0.0,0.0,0.0,0.11905481831425993,0.30303308262804024,0.03030328805538259,0.0,0.0,0.03030320767268479,0.9999999999776166,1.0000000000230047,0.9999999999378631,0.4539104232296949,1.0000000003119285,0.0,0.17596035,-0.54090106,-0.1852157,-1.2021479,-0.26394053,4.466409,5.323999,3.5091418,5.8445594,5.4364166,3.8296914,2.7441676,6.6521055,2.6554964,3.3361747,4.8002517,4.3809861,6.6683086,3.4262983,1.3153312,7.0398768,5.7455882,3.369701,5.1762575,6.7768124,2.3413198,5.7384603,2.7794753,6.3955607,4.0862909,5.2917908,6.9067126,2.4772395,2.1391671,4.7420924,5.3698554,3.4295387,5.4443171,1.8012479,6.6722986,5.0286118,3.949268,4.8860206,3.0718519,3.1275081,1.8862052,3.1837604,3.736665,1.8986124,6.1143398,0.20247904,5.2961797,1.1847012,1.2140913,4.1603269,1.8328478,3.2937762,3.5166054,-4.7921517e-11,2.8945414,3.7134861,4.7252905,5.1924542,6.4761663,2.5123047,3.6693462,0.80467741,1.0965394,5.658733,11.817242,24.140924,29.951052,16.52682,12.731138,3.5462594,21.327012,-0.2083077,-0.077025133,-0.23024241,-20.701191,-0.79103592,0.17596035,768.64545,.
2095.0,513.2,5.3983,12.2168,169.85775,10124.493,0.0,0.0,0.0,0.0,0.0,0.0,0.0,0.0,0.0,0.0,0.0,0.0,0.0,0.0,0.0,0.0,0.0,0.0,0.0,0.0,0.0,0.0,0.0,0.0,0.0,0.0,0.0,0.0,0.0,0.0,0.0,0.0,0.0,0.0,0.0,0.0,0.0,0.0,0.0,0.0,0.0,0.0,0.0,0.0,0.0,0.0,0.0,0.0,0.0,0.0,0.0,0.0,0.0,0.0,0.0,0.0,0.0,0.0,0.0,0.0,0.0,0.0,0.0,0.0,0.0,46.091047,51.869128,7.936054,0.0,0.0,10.677585,89.349,173.879,64.3741,3.314,2.2441,0.0,0.13514154048716265,1.0000000005557306,0.9999999997544368,0.6532990384514877,0.9895105313749819,0.0,0.0,0.0,0.0,0.0,0.0,0.0,0.0,0.0,0.0,0.0,0.0,0.0,0.0,0.0,0.0,0.0,0.0,0.0,0.0,0.0,0.0,0.0,0.0,0.0,0.0,0.0,0.0,0.0,0.0,0.0,0.0,0.0,0.0,0.0,0.0,0.0,0.0,0.0,0.0,0.0,0.0,0.0,0.0,0.0,0.0,0.0,0.0,0.0,0.0,0.0,0.0,0.0,0.0,0.0,0.0,0.0,0.0,0.0,0.0,0.0,0.0,0.0,0.0,0.0,0.12121262757825259,0.30303308262804013,0.030303288055382602,0.0,0.0,0.030303207672684792,0.9999999999776161,1.000000000023005,0.999999999937863,0.45391042322969516,1.0000000003119285,0.0,0.17520027,-0.535176,-0.18325532,-1.2410405,-0.26280041,4.3786168,5.2964812,3.4397741,5.812202,5.4068257,3.809561,2.6891187,6.6149373,2.6413813,3.3186138,4.7754123,4.3584336,6.6128231,3.4094698,1.3102164,6.9905345,5.6993226,3.3490212,5.1369272,6.7309503,2.2510239,5.7049109,2.7671715,6.3559594,3.9385631,5.2605926,6.8547195,2.4664811,2.130006,4.5679154,5.3332417,3.4144528,5.4017511,1.7938325,6.6297092,5.0008001,3.925272,4.8498584,2.962476,3.1139685,1.82384,3.1650438,3.6102045,1.8440767,11.087913,17.721407,8.694429,12.927701,10.696144,6.4068661,2.5872957,4.9794402,10.334349,19.434571,4.3262883,5.6592592,7.2897389,8.1206053,10.899765,3.6081196,9.5653653,16.436753,14.850811,9.568644,11.245011,23.4634,28.871063,16.061385,11.977236,3.3866935,20.465294,-0.20610291,-0.076209876,-0.22780545,-20.482084,-0.78266336,0.17520027,749.6292999999998,.
2096.0,513.2,5.3983,12.2168,169.85775,10124.493,0.0,0.0,0.0,0.0,0.0,0.0,0.0,0.0,0.0,0.0,0.0,0.0,0.0,0.0,0.0,0.0,0.0,0.0,0.0,0.0,0.0,0.0,0.0,0.0,0.0,0.0,0.0,0.0,0.0,0.0,0.0,0.0,0.0,0.0,0.0,0.0,0.0,0.0,0.0,0.0,0.0,0.0,0.0,0.0,0.0,0.0,0.0,0.0,0.0,0.0,0.0,0.0,0.0,0.0,0.0,0.0,0.0,0.0,0.0,0.0,0.0,0.0,0.0,0.0,0.0,47.999369,51.869128,7.936054,0.0,0.0,10.677585,89.349,173.879,64.3741,3.314,2.2441,0.0,0.13514154048716262,1.0000000005557308,0.9999999997544365,0.653299038451488,0.989510531374981,0.0,0.0,0.0,0.0,0.0,0.0,0.0,0.0,0.0,0.0,0.0,0.0,0.0,0.0,0.0,0.0,0.0,0.0,0.0,0.0,0.0,0.0,0.0,0.0,0.0,0.0,0.0,0.0,0.0,0.0,0.0,0.0,0.0,0.0,0.0,0.0,0.0,0.0,0.0,0.0,0.0,0.0,0.0,0.0,0.0,0.0,0.0,0.0,0.0,0.0,0.0,0.0,0.0,0.0,0.0,0.0,0.0,0.0,0.0,0.0,0.0,0.0,0.0,0.0,0.0,0.12623123181793033,0.30303308262804013,0.030303288055382595,0.0,0.0,0.03030320767268479,0.9999999999776155,1.0000000000230047,0.9999999999378636,0.45391042322969516,1.0000000003119291,0.0,0.17641569,-0.267588,-0.18325532,-1.2904128,-0.26462353,4.3442975,5.329603,3.4124225,5.8465006,5.4392139,3.8330562,2.6669383,6.6536476,2.6575186,3.3390551,4.8052477,4.3857744,6.6455095,3.4350015,1.3209818,7.031383,5.7289629,3.3712421,5.1655349,6.7715005,2.2135224,5.7438223,2.7888611,6.3969789,3.8773222,5.2961351,6.8924331,2.4859761,2.1469502,4.4942514,5.3651712,3.441279,5.4308779,1.8082999,6.6715513,5.0359843,3.9514731,4.8776119,2.9187669,3.1386023,1.800964,3.1866029,3.5611812,1.8266192,25.190235,67.452116,18.296951,46.11237,37.451129,12.757518,4.713552,9.7487261,29.676191,74.672173,8.3739766,11.160046,14.542757,16.398644,23.432295,6.695667,26.281769,60.751903,53.781485,20.631307,10.792625,23.002805,28.067759,15.74664,11.361499,3.2641528,19.804322,-0.15457719,-0.076209876,-0.17085409,-20.389822,-0.67085431,0.17641569,730.2579699999999,.
2097.0,513.2,5.3983,12.2168,169.85775,10124.493,0.0,0.0,0.0,0.0,0.0,0.0,0.0,0.0,0.0,0.0,0.0,0.0,0.0,0.0,0.0,0.0,0.0,0.0,0.0,0.0,0.0,0.0,0.0,0.0,0.0,0.0,0.0,0.0,0.0,0.0,0.0,0.0,0.0,0.0,0.0,0.0,0.0,0.0,0.0,0.0,0.0,0.0,0.0,0.0,0.0,0.0,0.0,0.0,0.0,0.0,0.0,0.0,0.0,0.0,0.0,0.0,0.0,0.0,0.0,0.0,0.0,0.0,0.0,0.0,0.0,46.091047,51.869128,7.936054,0.0,0.0,10.677585,89.349,173.879,64.3741,3.314,2.2441,0.0,0.13514154048716265,1.0000000005557308,0.9999999997544369,0.6532990384514877,0.9895105313749826,0.0,0.0,0.0,0.0,0.0,0.0,0.0,0.0,0.0,0.0,0.0,0.0,0.0,0.0,0.0,0.0,0.0,0.0,0.0,0.0,0.0,0.0,0.0,0.0,0.0,0.0,0.0,0.0,0.0,0.0,0.0,0.0,0.0,0.0,0.0,0.0,0.0,0.0,0.0,0.0,0.0,0.0,0.0,0.0,0.0,0.0,0.0,0.0,0.0,0.0,0.0,0.0,0.0,0.0,0.0,0.0,0.0,0.0,0.0,0.0,0.0,0.0,0.0,0.0,0.0,0.12121262757825259,0.30303308262804013,0.030303288055382595,0.0,0.0,0.030303207672684785,0.9999999999776156,1.0000000000230045,0.9999999999378631,0.4539104232296948,1.0000000003119291,0.0,0.17563562,-0.26440522,-0.18107562,-1.3305018,-0.26345343,4.2678088,5.3037311,3.3519687,5.8162817,5.4115301,3.814144,2.6189368,6.6189628,2.6442639,3.3225533,4.7818952,4.3645577,6.6211386,3.4267501,1.3182098,7.0077443,5.7092626,3.3620703,5.1489778,6.749353,2.1881288,5.7284106,2.7825918,6.3774176,3.8294153,5.2814974,6.8686545,2.480484,2.1422847,4.4364169,5.3475276,3.4335609,5.4128763,1.8044271,6.6506797,5.0228296,3.9407625,4.862403,2.8858047,3.1316601,1.7833318,3.1781232,3.5217194,1.8105348,7.9957416,8.1291612,6.3781921,5.7709511,4.721388,4.854383,2.0148576,3.8246877,6.380158,9.1135961,3.3261476,4.3107476,5.535516,6.1112868,8.0522896,2.7809631,6.0682042,7.5802896,6.7640794,6.9895603,10.212705,22.232706,26.898957,15.222694,10.622229,3.1037297,18.891753,-0.20365146,-0.081095981,-0.16882189,-20.056135,-0.66287495,0.17563562,710.6434599999999,.
2098.0,513.2,5.3983,12.2168,169.85775,10124.493,0.0,0.0,0.0,0.0,0.0,0.0,0.0,0.0,0.0,0.0,0.0,0.0,0.0,0.0,0.0,0.0,0.0,0.0,0.0,0.0,0.0,0.0,0.0,0.0,0.0,0.0,0.0,0.0,0.0,0.0,0.0,0.0,0.0,0.0,0.0,0.0,0.0,0.0,0.0,0.0,0.0,0.0,0.0,0.0,0.0,0.0,0.0,0.0,0.0,0.0,0.0,0.0,0.0,0.0,0.0,0.0,0.0,0.0,0.0,0.0,0.0,0.0,0.0,0.0,0.0,67.508836,51.869128,7.936054,0.0,0.0,10.677585,89.349,173.879,64.3741,3.103,2.2441,0.0,0.13514154048716265,1.0000000005557312,0.9999999997544368,0.653299038451488,0.989510531374979,0.0,0.0,0.0,0.0,0.0,0.0,0.0,0.0,0.0,0.0,0.0,0.0,0.0,0.0,0.0,0.0,0.0,0.0,0.0,0.0,0.0,0.0,0.0,0.0,0.0,0.0,0.0,0.0,0.0,0.0,0.0,0.0,0.0,0.0,0.0,0.0,0.0,0.0,0.0,0.0,0.0,0.0,0.0,0.0,0.0,0.0,0.0,0.0,0.0,0.0,0.0,0.0,0.0,0.0,0.0,0.0,0.0,0.0,0.0,0.0,0.0,0.0,0.0,0.0,0.0,0.17753824069801089,0.30303308262804013,0.030303288055382602,0.0,0.0,0.030303207672684792,0.999999999977615,1.000000000023005,0.999999999937863,0.4250102725654025,1.000000000311929,0.0,0.17707557,-0.52881044,-0.18107562,-1.3881569,-0.26561335,4.2558124,5.346656,3.342206,5.8618129,5.4542503,3.8447416,2.6106255,6.6705283,2.6653493,3.3491794,4.8205735,4.3999393,6.7042641,3.4683482,1.3338832,7.0923826,5.7820168,3.4041633,5.2148761,6.8306891,2.2398242,5.7992344,2.8160892,6.4538176,3.9061765,5.346258,6.9532923,2.5103535,2.1681176,4.5236054,5.4120132,3.4748533,5.4820425,1.8260578,6.7305107,5.0843409,3.9899864,4.9246324,2.947593,3.1693243,1.8223019,3.2176157,3.5931645,1.8466282,8.8694492,11.261005,6.9684496,7.85354,6.4041789,5.2444505,2.1454277,4.1178619,7.5929337,12.601679,3.5744887,4.6484851,5.9809927,6.6194845,8.8249955,2.9700571,7.1118541,10.364795,9.2065762,7.6708792,9.7566544,21.692841,26.022884,14.858896,10.023339,2.9815043,18.192423,-0.20365146,-0.086888551,-0.22509586,-20.056135,-0.77335411,0.17707557,690.5648399999999,.
2099.0,513.2,5.3983,12.2168,169.85775,10124.493,0.0,0.0,0.0,0.0,0.0,0.0,0.0,0.0,0.0,0.0,0.0,0.0,0.0,0.0,0.0,0.0,0.0,0.0,0.0,0.0,0.0,0.0,0.0,0.0,0.0,0.0,0.0,0.0,0.0,0.0,0.0,0.0,0.0,0.0,0.0,0.0,0.0,0.0,0.0,0.0,0.0,0.0,0.0,0.0,0.0,0.0,0.0,0.0,0.0,0.0,0.0,0.0,0.0,0.0,0.0,0.0,0.0,0.0,0.0,0.0,0.0,0.0,0.0,0.0,0.0,69.136574,51.869128,7.936054,0.0,0.0,10.677585,89.349,173.879,64.3741,3.103,2.2441,0.0,0.13514154048716265,1.0000000005557308,0.9999999997544367,0.6532990384514877,0.9895105313749825,0.0,0.0,0.0,0.0,0.0,0.0,0.0,0.0,0.0,0.0,0.0,0.0,0.0,0.0,0.0,0.0,0.0,0.0,0.0,0.0,0.0,0.0,0.0,0.0,0.0,0.0,0.0,0.0,0.0,0.0,0.0,0.0,0.0,0.0,0.0,0.0,0.0,0.0,0.0,0.0,0.0,0.0,0.0,0.0,0.0,0.0,0.0,0.0,0.0,0.0,0.0,0.0,0.0,0.0,0.0,0.0,0.0,0.0,0.0,0.0,0.0,0.0,0.0,0.0,0.0,0.1818189505718605,0.30303308262804013,0.030303288055382595,0.0,0.0,0.030303207672684792,0.9999999999776155,1.0000000000230043,0.999999999937863,0.42501027256540264,1.0000000003119287,0.0,0.17832894,-0.52789046,-0.1807606,-1.4455103,-0.26749341,4.2538599,5.3862736,3.3403871,5.9041411,5.4938867,3.8730108,2.6086424,6.7185131,2.6848435,3.3737765,4.8562742,4.432577,6.7937881,3.5092157,1.3488024,7.1805244,5.8598077,3.4469826,5.2845195,6.9148379,2.3185645,5.870709,2.8485229,6.5316109,4.0264236,5.4116853,7.0426479,2.539204,2.1930242,4.662113,5.4788201,3.514802,5.555554,1.8468027,6.812233,5.1458512,4.03997,4.9900663,3.0416232,3.205687,1.8794627,3.2575064,3.7014943,1.8981318,14.117884,29.90326,10.539833,20.314614,16.462127,7.6026426,2.9344454,5.8871673,14.825302,33.303324,5.0761824,6.6903324,8.6731945,9.6940179,13.483061,4.1160705,13.357563,26.981049,23.812116,11.785481,9.2805806,21.07426,25.06204,14.440994,9.4143531,2.8536217,17.441066,-0.20329716,-0.08673739,-0.22470426,-20.021242,-0.77200869,0.17832894,670.0617399999999,.
2100.0,513.2,5.3983,12.2168,169.85775,10124.493,0.0,0.0,0.0,0.0,0.0,0.0,0.0,0.0,0.0,0.0,0.0,0.0,0.0,0.0,0.0,0.0,0.0,0.0,0.0,0.0,0.0,0.0,0.0,0.0,0.0,0.0,0.0,0.0,0.0,0.0,0.0,0.0,0.0,0.0,0.0,0.0,0.0,0.0,0.0,0.0,0.0,0.0,0.0,0.0,0.0,0.0,0.0,0.0,0.0,0.0,0.0,0.0,0.0,0.0,0.0,0.0,0.0,0.0,0.0,0.0,0.0,0.0,0.0,0.0,0.0,68.28988,51.869128,7.936054,0.0,0.0,10.677585,89.349,173.879,64.3741,3.103,2.2441,0.0,0.13514154048716262,1.0000000005557308,0.9999999997544369,0.6532990384514878,0.9895105313749816,0.0,0.0,0.0,0.0,0.0,0.0,0.0,0.0,0.0,0.0,0.0,0.0,0.0,0.0,0.0,0.0,0.0,0.0,0.0,0.0,0.0,0.0,0.0,0.0,0.0,0.0,0.0,0.0,0.0,0.0,0.0,0.0,0.0,0.0,0.0,0.0,0.0,0.0,0.0,0.0,0.0,0.0,0.0,0.0,0.0,0.0,0.0,0.0,0.0,0.0,0.0,0.0,0.0,0.0,0.0,0.0,0.0,0.0,0.0,0.0,0.0,0.0,0.0,0.0,0.0,0.17959227074628095,0.30303308262804013,0.030303288055382595,0.0,0.0,0.03030320767268479,0.9999999999776165,1.0000000000230047,0.9999999999378631,0.4250102725654023,1.000000000311928,0.0,0.18001447,-0.52789046,-0.1807606,-1.509706,-0.2700217,4.2824642,5.442001,3.3626471,5.9647227,5.5503632,3.9129363,2.6256456,6.7873597,2.7124515,3.4085273,4.9065055,4.4784415,6.8934459,3.5550799,1.3656925,7.2803446,5.9456651,3.4943829,5.3610878,7.0101939,2.3939364,5.9503317,2.8850406,6.619928,4.147168,5.4849194,7.1428893,2.5716725,2.2210206,4.8023236,5.5545049,3.5598085,5.6365068,1.8701909,6.9049546,5.2146597,4.0953538,5.0619541,3.1338053,3.2466394,1.9346306,3.301815,3.8090899,1.948702,9.7458339,14.990529,7.4938725,10.135959,8.1986229,5.579445,2.2402666,4.3703561,8.9428515,16.84394,3.782865,4.9361408,6.3680859,7.0615185,9.5617719,3.1092864,8.2444285,13.59575,11.960545,8.3048508,8.8184061,20.447583,24.106615,14.018737,8.8302612,2.7302868,16.700786,-0.20329716,-0.092519882,-0.22470426,-19.930237,-0.77200869,0.18001447,648.8447999999999,.
2101.0,513.2,5.3983,12.2168,169.85775,10124.493,0.0,0.0,0.0,0.0,0.0,0.0,0.0,0.0,0.0,0.0,0.0,0.0,0.0,0.0,0.0,0.0,0.0,0.0,0.0,0.0,0.0,0.0,0.0,0.0,0.0,0.0,0.0,0.0,0.0,0.0,0.0,0.0,0.0,0.0,0.0,0.0,0.0,0.0,0.0,0.0,0.0,0.0,0.0,0.0,0.0,0.0,0.0,0.0,0.0,0.0,0.0,0.0,0.0,0.0,0.0,0.0,0.0,0.0,0.0,0.0,0.0,0.0,0.0,0.0,0.0,92.182031,51.869128,7.936054,0.0,0.0,10.677585,89.349,173.879,64.3741,3.103,2.2441,0.0,0.13514154048716262,1.0000000005557308,0.9999999997544365,0.653299038451488,0.9895105313749822,0.0,0.0,0.0,0.0,0.0,0.0,0.0,0.0,0.0,0.0,0.0,0.0,0.0,0.0,0.0,0.0,0.0,0.0,0.0,0.0,0.0,0.0,0.0,0.0,0.0,0.0,0.0,0.0,0.0,0.0,0.0,0.0,0.0,0.0,0.0,0.0,0.0,0.0,0.0,0.0,0.0,0.0,0.0,0.0,0.0,0.0,0.0,0.0,0.0,0.0,0.0,0.0,0.0,0.0,0.0,0.0,0.0,0.0,0.0,0.0,0.0,0.0,0.0,0.0,0.0,0.2424250894758354,0.3030330826280402,0.030303288055382602,0.0,0.0,0.030303207672684792,0.9999999999776161,1.0000000000230047,0.999999999937863,0.4250102725654027,1.0000000003119285,0.0,0.18405498,-0.26718842,-0.18298167,-1.5954816,-0.27608247,4.3945968,5.572988,3.4506119,6.1086031,5.6841546,4.0070753,2.6942062,6.9511173,2.7776865,3.4905033,5.0245992,4.5861989,7.0720099,3.6425697,1.3987615,7.4653567,6.099065,3.5819737,5.498457,7.1877022,2.483168,6.0988787,2.9555029,6.7861217,4.2988016,5.6219532,7.3257992,2.634399,2.2751329,4.9791174,5.6952555,3.6467249,5.7814174,1.9156392,7.078804,5.3441967,4.197903,5.1912682,3.2474051,3.3258149,2.0027066,3.3842648,3.9447777,2.0141132,8.2025947,9.6021521,6.4313227,6.4989437,5.2605378,4.8776579,2.0041195,3.8441603,6.8408424,10.884432,3.3359647,4.3282279,5.5670345,6.1460479,8.1845457,2.7654163,6.4211195,8.774411,7.7073809,7.0851008,8.4562615,20.018671,23.396954,13.733872,8.3562901,2.6382916,16.136659,-0.20579514,-0.093656706,-0.22746527,-20.083003,-0.66985253,0.18405498,626.8848699999999,.
2102.0,513.2,5.3983,12.2168,169.85775,10124.493,0.0,0.0,0.0,0.0,0.0,0.0,0.0,0.0,0.0,0.0,0.0,0.0,0.0,0.0,0.0,0.0,0.0,0.0,0.0,0.0,0.0,0.0,0.0,0.0,0.0,0.0,0.0,0.0,0.0,0.0,0.0,0.0,0.0,0.0,0.0,0.0,0.0,0.0,0.0,0.0,0.0,0.0,0.0,0.0,0.0,0.0,0.0,0.0,0.0,0.0,0.0,0.0,0.0,0.0,0.0,0.0,0.0,0.0,0.0,0.0,0.0,0.0,0.0,0.0,0.0,75.104002,51.869128,7.936054,0.0,0.0,10.677585,89.349,173.879,64.3741,3.103,2.2441,0.0,0.13514154048716265,1.0000000005557306,0.9999999997544363,0.6532990384514878,0.9895105313749808,0.0,0.0,0.0,0.0,0.0,0.0,0.0,0.0,0.0,0.0,0.0,0.0,0.0,0.0,0.0,0.0,0.0,0.0,0.0,0.0,0.0,0.0,0.0,0.0,0.0,0.0,0.0,0.0,0.0,0.0,0.0,0.0,0.0,0.0,0.0,0.0,0.0,0.0,0.0,0.0,0.0,0.0,0.0,0.0,0.0,0.0,0.0,0.0,0.0,0.0,0.0,0.0,0.0,0.0,0.0,0.0,0.0,0.0,0.0,0.0,0.0,0.0,0.0,0.0,0.0,0.19751240244254673,0.3030330826280402,0.030303288055382595,0.0,0.0,0.030303207672684785,0.9999999999776156,1.0000000000230047,0.9999999999378634,0.4250102725654024,1.0000000003119287,0.0,0.1859984,-0.26718842,-0.18298167,-1.6649478,-0.2789976,4.4933697,5.645699,3.5282487,6.1896933,5.7592546,4.0594496,2.7550508,7.043591,2.8140335,3.5360999,5.0901629,4.6459444,12.36588,5.3208277,1.8998127,11.899811,10.708362,5.7179392,9.5274954,11.312278,13.0118,9.480892,4.1801512,10.347377,19.916328,8.6800784,12.180426,3.7126428,3.2034767,23.03437,8.9898322,5.1440575,10.087065,2.6569811,10.90862,8.110632,6.6688207,8.9269605,15.468881,4.6767327,9.3011489,5.2991337,17.757604,8.2751288,9.2442696,13.489256,7.1415576,9.1462934,7.414228,5.3401201,2.1582274,4.1878505,8.3219369,15.180403,3.6285735,4.72787,6.0934487,6.7501933,9.1021065,2.990168,7.6964067,12.254503,10.786263,7.9018389,7.9848028,19.298665,22.354143,13.248122,7.7839581,2.5120719,15.349214,-0.20579514,-0.09951025,-0.22746527,-19.990879,-0.66985253,0.1859984,603.9998499999999,.
2103.0,513.2,5.3983,12.2168,169.85775,10124.493,0.0,0.0,0.0,0.0,0.0,0.0,0.0,0.0,0.0,0.0,0.0,0.0,0.0,0.0,0.0,0.0,0.0,0.0,0.0,0.0,0.0,0.0,0.0,0.0,0.0,0.0,0.0,0.0,0.0,0.0,0.0,0.0,0.0,0.0,0.0,0.0,0.0,0.0,0.0,0.0,0.0,0.0,0.0,0.0,0.0,0.0,0.0,0.0,0.0,0.0,0.0,0.0,0.0,0.0,0.0,0.0,0.0,0.0,0.0,0.0,0.0,0.0,0.0,0.0,0.0,103.70482,51.869128,7.936054,0.0,0.0,10.677585,89.349,173.879,64.3741,2.918,2.2441,0.0,0.13514154048716262,1.0000000005557301,0.9999999997544365,0.6532990384514875,0.989510531374982,0.0,0.0,0.0,0.0,0.0,0.0,0.0,0.0,0.0,0.0,0.0,0.0,0.0,0.0,0.0,0.0,0.0,0.0,0.0,0.0,0.0,0.0,0.0,0.0,0.0,0.0,0.0,0.0,0.0,0.0,0.0,0.0,0.0,0.0,0.0,0.0,0.0,0.0,0.0,0.0,0.0,0.0,0.0,0.0,0.0,0.0,0.0,0.0,0.0,0.0,0.0,0.0,0.0,0.0,0.0,0.0,0.0,0.0,0.0,0.0,0.0,0.0,0.0,0.0,0.0,0.2727283180338628,0.3030330826280401,0.030303288055382595,0.0,0.0,0.0303032076726848,0.9999999999776159,1.0000000000230047,0.9999999999378634,0.3996712779071364,1.0000000003119291,0.0,0.19754688,-0.28069173,-0.1922293,-1.826777,-0.29632032,4.8401233,6.0100941,3.800783,6.5910929,6.1322777,4.3216865,2.9684256,7.5006528,2.9959202,3.7645261,5.41872,4.9457123,28.234217,10.299454,3.3812917,25.245176,24.467992,12.053957,21.517642,23.719698,44.192144,19.530792,7.8069779,21.049701,66.585522,17.790064,26.74907,6.9026291,5.9458722,77.084441,18.900433,9.5793601,22.918984,4.8479109,22.422203,16.331809,13.997716,20.032205,51.803516,8.6752468,30.908175,10.981379,58.91018,26.837338,7.9742075,8.3810474,6.3063036,5.753481,4.6862387,4.8087353,1.9940837,3.7947255,6.4385696,9.5122853,3.297775,4.2709704,5.4860138,6.0498583,8.002528,2.7463506,6.0843455,7.7127567,6.8011077,6.9277019,7.8936609,19.47403,22.352821,13.376621,7.5883098,2.505745,15.280894,-0.21619573,-0.10453935,-0.23896104,-20.904409,-0.70370591,0.19754688,580.2337899999999,.
2104.0,513.2,5.3983,12.2168,169.85775,10124.493,0.0,0.0,0.0,0.0,0.0,0.0,0.0,0.0,0.0,0.0,0.0,0.0,0.0,0.0,0.0,0.0,0.0,0.0,0.0,0.0,0.0,0.0,0.0,0.0,0.0,0.0,0.0,0.0,0.0,0.0,0.0,0.0,0.0,0.0,0.0,0.0,0.0,0.0,0.0,0.0,0.0,0.0,0.0,0.0,0.0,0.0,0.0,0.0,0.0,0.0,0.0,0.0,0.0,0.0,0.0,0.0,0.0,0.0,0.0,0.0,0.0,0.0,0.0,0.0,0.0,102.02015,51.869128,7.936054,0.0,0.0,10.677585,89.349,173.879,64.3741,2.918,2.2441,0.0,0.13514154048716262,1.0000000005557304,0.9999999997544369,0.6532990384514882,0.9895105313749784,0.0,0.0,0.0,0.0,0.0,0.0,0.0,0.0,0.0,0.0,0.0,0.0,0.0,0.0,0.0,0.0,0.0,0.0,0.0,0.0,0.0,0.0,0.0,0.0,0.0,0.0,0.0,0.0,0.0,0.0,0.0,0.0,0.0,0.0,0.0,0.0,0.0,0.0,0.0,0.0,0.0,0.0,0.0,0.0,0.0,0.0,0.0,0.0,0.0,0.0,0.0,0.0,0.0,0.0,0.0,0.0,0.0,0.0,0.0,0.0,0.0,0.0,0.0,0.0,0.0,0.26829788543157773,0.3030330826280402,0.030303288055382602,0.0,0.0,0.030303207672684792,0.9999999999776151,1.0000000000230045,0.9999999999378631,0.3996712779071365,1.0000000003119287,0.0,0.19978064,-0.28069173,-0.1922293,-1.9068162,-0.29967096,4.9341066,6.0826577,3.8749155,6.6718445,6.2071456,4.374115,3.0269675,7.5927445,3.0323817,3.8102306,5.4841644,5.0053917,8.3101817,3.6855084,1.3665691,8.6540963,6.9035118,3.7076757,6.0090767,8.2498303,3.9193635,6.3529285,2.9365217,7.6108397,8.4067741,5.9543014,8.4845574,2.6000093,2.2255652,10.198938,6.5469036,3.6255377,6.4236255,1.8736511,8.0015938,5.5317936,4.3374152,5.6008118,5.5663088,3.2890522,2.9401152,3.4946916,6.9638281,2.9253223,7.3179095,6.3241579,5.8664003,4.4694041,3.6763931,4.507547,1.8925534,3.5643252,5.5997291,7.185196,3.1020842,4.0082279,5.1394333,5.659714,7.4116648,2.6007439,5.3572808,5.9112639,5.2549676,6.4171603,7.4005214,18.630147,21.192652,12.806227,7.013098,2.3717762,14.421491,-0.21619573,-0.11068873,-0.23896104,-20.80763,-0.70370591,0.19978064,555.1788399999999,.
2105.0,513.2,5.3983,12.2168,169.85775,10124.493,0.0,0.0,0.0,0.0,0.0,0.0,0.0,0.0,0.0,0.0,0.0,0.0,0.0,0.0,0.0,0.0,0.0,0.0,0.0,0.0,0.0,0.0,0.0,0.0,0.0,0.0,0.0,0.0,0.0,0.0,0.0,0.0,0.0,0.0,0.0,0.0,0.0,0.0,0.0,0.0,0.0,0.0,0.0,0.0,0.0,0.0,0.0,0.0,0.0,0.0,0.0,0.0,0.0,0.0,0.0,0.0,0.0,0.0,0.0,0.0,0.0,0.0,0.0,0.0,0.0,126.75027,60.989829,7.936054,0.0,0.0,10.677585,89.349,173.879,64.3741,2.755,2.2441,0.0,0.13514154048716265,1.0000000005557301,0.9999999997544363,0.6532990384514878,0.9895105313749829,0.0,0.0,0.0,0.0,0.0,0.0,0.0,0.0,0.0,0.0,0.0,0.0,0.0,0.0,0.0,0.0,0.0,0.0,0.0,0.0,0.0,0.0,0.0,0.0,0.0,0.0,0.0,0.0,0.0,0.0,0.0,0.0,0.0,0.0,0.0,0.0,0.0,0.0,0.0,0.0,0.0,0.0,0.0,0.0,0.0,0.0,0.0,0.0,0.0,0.0,0.0,0.0,0.0,0.0,0.0,0.0,0.0,0.0,0.0,0.0,0.0,0.0,0.0,0.0,0.0,0.3333344385288744,0.35631861578291885,0.030303288055382595,0.0,0.0,0.030303207672684785,0.9999999999776154,1.0000000000230045,0.9999999999378636,0.3773455691001235,1.0000000003119291,0.0,0.22399076,-0.31114314,-0.21308368,-2.2076224,-0.33598613,5.539601,6.8148544,4.3507114,7.4753321,6.9546124,4.9008394,3.3991544,8.5072171,3.3976286,4.2691026,6.1443346,5.607932,9.740542,4.2561124,1.565342,9.9907989,8.1311986,4.3425408,7.0948255,9.5119231,5.7859091,7.3914149,3.3784306,8.7460647,11.212774,6.906506,9.8674398,2.9940556,2.5665775,13.46375,7.5520762,4.168762,7.5757143,2.154074,9.2055041,6.4198529,5.0816287,6.6172186,7.7435537,3.7814088,4.2427632,4.0776626,9.4360027,4.0659855,6.9335738,3.116677,5.7156191,2.4826697,2.1157982,4.4636418,1.9197241,3.5441098,4.6527036,3.5766381,3.0958126,3.9802309,5.0852529,5.582014,7.1633252,2.6267628,4.5963273,3.1306512,2.8712804,6.1990758,7.6603262,19.675028,22.181559,13.535151,7.1535494,2.4798522,15.024841,-0.23965016,-0.12951352,-0.26488521,-22.957708,-0.78004886,0.22399076,528.7366999999999,.
2106.0,513.2,5.3983,12.2168,154.83028,10124.493,0.0,0.0,0.0,0.0,0.0,0.0,0.0,0.0,0.0,0.0,0.0,0.0,0.0,0.0,0.0,0.0,0.0,0.0,0.0,0.0,0.0,0.0,0.0,0.0,0.0,0.0,0.0,0.0,0.0,0.0,0.0,0.0,0.0,0.0,0.0,0.0,0.0,0.0,0.0,0.0,0.0,0.0,0.0,0.0,0.0,0.0,0.0,0.0,0.0,0.0,0.0,0.0,0.0,0.0,0.0,0.0,0.0,0.0,0.0,0.0,0.0,0.0,0.0,0.0,0.0,115.22756,51.869128,7.936054,0.0,0.0,10.677585,89.349,173.879,64.3741,2.609,2.2441,0.0,0.13514154048716265,1.0000000005557315,0.9999999997544365,0.5955010769139155,0.989510531374981,0.0,0.0,0.0,0.0,0.0,0.0,0.0,0.0,0.0,0.0,0.0,0.0,0.0,0.0,0.0,0.0,0.0,0.0,0.0,0.0,0.0,0.0,0.0,0.0,0.0,0.0,0.0,0.0,0.0,0.0,0.0,0.0,0.0,0.0,0.0,0.0,0.0,0.0,0.0,0.0,0.0,0.0,0.0,0.0,0.0,0.0,0.0,0.0,0.0,0.0,0.0,0.0,0.0,0.0,0.0,0.0,0.0,0.0,0.0,0.0,0.0,0.0,0.0,0.0,0.0,0.30303141772914716,0.30303308262804013,0.030303288055382602,0.0,0.0,0.030303207672684785,0.9999999999776154,1.0000000000230052,0.9999999999378631,0.35734830845089754,1.0000000003119291,0.0,0.22654035,-0.31114314,-0.21308368,-2.3041732,-0.33981052,17.436031,9.2682637,13.708241,10.49906,9.6822332,6.6853568,10.754715,11.995707,4.6438692,5.816784,8.3580591,7.60461,15.604905,6.1054835,2.1128991,14.82099,13.270785,6.7304749,11.607948,13.998949,18.095135,11.14316,4.7221815,12.606464,29.143474,10.282921,15.205772,4.1802855,3.5921929,34.137615,11.138561,5.813077,12.388274,2.9693466,13.362899,9.482823,7.8459256,10.808888,21.906431,5.2659145,12.762054,6.2118893,25.363972,11.344611,5.9953024,8.9790887e-07,5.1040234,0.57216525,0.61764818,4.0476277,1.7829097,3.2241737,3.4107402,0.029007502,2.8275939,3.6181552,4.6061733,5.0419304,6.3300947,2.4308204,3.5300869,0.41986028,0.5599464,5.4824007,7.1229179,18.666739,20.853629,12.851765,6.5524906,2.3301118,14.063042,-0.23965016,-0.12951352,-0.26488521,-22.74315,-0.78004886,0.22654035,500.7268899999999,.
2107.0,513.2,5.3983,12.2168,154.83028,10056.519,0.0,0.0,0.0,0.0,0.0,0.0,0.0,0.0,0.0,0.0,0.0,0.0,0.0,0.0,0.0,0.0,0.0,0.0,0.0,0.0,0.0,0.0,0.0,0.0,0.0,0.0,0.0,0.0,0.0,0.0,0.0,0.0,0.0,0.0,0.0,0.0,0.0,0.0,0.0,0.0,0.0,0.0,0.0,0.0,0.0,0.0,0.0,0.0,0.0,0.0,0.0,0.0,0.0,0.0,0.0,0.0,0.0,0.0,0.0,0.0,0.0,0.0,0.0,0.0,0.0,148.28238,62.242968,7.936054,0.0,0.0,10.677585,89.349,173.879,64.3741,2.478,2.2441,0.0,0.13514154048716265,1.0000000005557306,0.9999999997544362,0.5955010769139153,0.9828671380850968,0.0,0.0,0.0,0.0,0.0,0.0,0.0,0.0,0.0,0.0,0.0,0.0,0.0,0.0,0.0,0.0,0.0,0.0,0.0,0.0,0.0,0.0,0.0,0.0,0.0,0.0,0.0,0.0,0.0,0.0,0.0,0.0,0.0,0.0,0.0,0.0,0.0,0.0,0.0,0.0,0.0,0.0,0.0,0.0,0.0,0.0,0.0,0.0,0.0,0.0,0.0,0.0,0.0,0.0,0.0,0.0,0.0,0.0,0.0,0.0,0.0,0.0,0.0,0.0,0.0,0.3899606989478223,0.36363978328223406,0.03030328805538259,0.0,0.0,0.03030320767268479,0.9999999999776159,1.0000000000230045,0.9999999999378631,0.3394055608820714,1.0000000003119285,0.0,0.26010121,-0.35333969,-0.24198163,-2.7292684,-0.39015182,55.509223,17.477439,43.688675,20.555955,18.772926,12.674545,34.376917,23.594067,8.8348111,11.019498,15.766659,14.295055,10.485386,4.5592576,1.6765487,10.707213,8.7582444,4.6756476,7.651774,10.187899,6.6522721,7.9355276,3.6201077,9.3557639,12.527293,7.4109491,10.594252,3.202499,2.7550317,15.011971,8.0911083,4.466225,8.164401,2.3093674,9.8508461,6.8943408,5.4747045,7.1364375,8.7498711,4.0528698,4.8410072,4.3862997,10.575463,4.5933758,6.7938314,0.075759052,5.8291284,0.92886218,0.9812666,4.6061975,2.0330884,3.6610606,3.8824529,1.3288618e-06,3.2137499,4.1154375,5.236501,5.7406184,7.1830226,2.7759942,4.0309367,0.63671566,0.87106286,6.2455759,7.48699,20.032714,22.164208,13.799203,6.7829135,2.475808,14.88399,-0.27215099,-0.1548188,-0.30080836,-25.705698,-0.88583739,0.26010121,470.4663999999999,.
2108.0,513.2,5.3983,12.2168,154.83028,10056.519,0.0,0.0,0.0,0.0,0.0,0.0,0.0,0.0,0.0,0.0,0.0,0.0,0.0,0.0,0.0,0.0,0.0,0.0,0.0,0.0,0.0,0.0,0.0,0.0,0.0,0.0,0.0,0.0,0.0,0.0,0.0,0.0,0.0,0.0,0.0,0.0,0.0,0.0,0.0,0.0,0.0,0.0,0.0,0.0,0.0,0.0,0.0,0.0,0.0,0.0,0.0,0.0,0.0,0.0,0.0,0.0,0.0,0.0,0.0,0.0,0.0,0.0,0.0,0.0,0.0,138.27301,62.242968,7.936054,0.0,0.0,10.677585,89.349,173.879,64.3741,2.36,2.2441,0.0,0.13514154048716262,1.0000000005557306,0.9999999997544368,0.5955010769139156,0.9828671380850948,0.0,0.0,0.0,0.0,0.0,0.0,0.0,0.0,0.0,0.0,0.0,0.0,0.0,0.0,0.0,0.0,0.0,0.0,0.0,0.0,0.0,0.0,0.0,0.0,0.0,0.0,0.0,0.0,0.0,0.0,0.0,0.0,0.0,0.0,0.0,0.0,0.0,0.0,0.0,0.0,0.0,0.0,0.0,0.0,0.0,0.0,0.0,0.0,0.0,0.0,0.0,0.0,0.0,0.0,0.0,0.0,0.0,0.0,0.0,0.0,0.0,0.0,0.0,0.0,0.0,0.3636375382241587,0.3636397832822341,0.030303288055382602,0.0,0.0,0.030303207672684792,0.9999999999776166,1.0000000000230045,0.9999999999378634,0.32324339131625834,1.0000000003119287,0.0,0.2627867,-0.35333969,-0.24198163,-2.8478034,-0.39418005,-9.9787599e-07,5.1654261,0.14017984,5.5143522,5.1902405,3.801318,0.3435601,6.2690242,2.6757439,3.3457578,4.6641042,4.2847905,7.3619417,3.6199913,1.3965868,7.9722883,6.1292782,3.5019026,5.4037593,7.6507655,1.2855227,6.0393458,2.9421168,7.1679867,3.913854,5.6592891,7.6839628,2.609734,2.2425228,4.9040647,6.0631676,3.6226911,5.7386713,1.899322,7.4924062,5.333688,4.1155786,5.0729179,2.2988398,3.2973269,1.1278433,3.3244037,3.1459936,1.3610773,6.7995786,0.17440358,5.8738317,1.2013482,1.2474715,4.6253135,2.0437375,3.6675633,3.9064965,-1.1262273e-06,3.2231034,4.1304735,5.2533877,5.7676947,7.1971362,2.7949841,4.0670824,0.81027537,1.1094958,6.2800116,6.8961415,18.863485,20.652636,12.994955,6.1515674,2.3054017,13.806433,-0.27215099,-0.16255974,-0.30080836,-25.462042,-0.88583739,0.2627867,438.0314299999999,.
2109.0,513.2,5.3983,12.2168,154.83028,10056.519,0.0,0.0,0.0,0.0,0.0,0.0,0.0,0.0,0.0,0.0,0.0,0.0,0.0,0.0,0.0,0.0,0.0,0.0,0.0,0.0,0.0,0.0,0.0,0.0,0.0,0.0,0.0,0.0,0.0,0.0,0.0,0.0,0.0,0.0,0.0,0.0,0.0,0.0,0.0,0.0,0.0,0.0,0.0,0.0,0.0,0.0,0.0,0.0,0.0,0.0,0.0,0.0,0.0,0.0,0.0,0.0,0.0,0.0,0.0,0.0,0.0,0.0,0.0,0.0,0.0,161.3185,62.242968,39.6803,0.0,0.0,21.355139,89.349,173.879,64.3741,2.156,2.2441,0.0,0.13514154048716262,1.000000000555731,0.9999999997544363,0.5955010769139152,0.9828671380850982,0.0,0.0,0.0,0.0,0.0,0.0,0.0,0.0,0.0,0.0,0.0,0.0,0.0,0.0,0.0,0.0,0.0,0.0,0.0,0.0,0.0,0.0,0.0,0.0,0.0,0.0,0.0,0.0,0.0,0.0,0.0,0.0,0.0,0.0,0.0,0.0,0.0,0.0,0.0,0.0,0.0,0.0,0.0,0.0,0.0,0.0,0.0,0.0,0.0,0.0,0.0,0.0,0.0,0.0,0.0,0.0,0.0,0.0,0.0,0.0,0.0,0.0,0.0,0.0,0.0,0.4242437639132463,0.363639783282234,0.15151655482989385,0.0,0.0,0.06060632736672668,0.9999999999776161,1.0000000000230045,0.9999999999378631,0.29530201342281925,1.0000000003119287,0.0,0.31313384,-0.83387517,-0.28553609,-3.5037488,-0.46970076,4.7166784e-07,5.867644,0.087741437,6.268762,5.8882752,4.2694959,0.21050631,7.1213104,2.9847187,3.7431335,5.2947869,4.8550218,9.7991474,4.7380671,1.794371,10.172013,8.3598271,4.7447739,7.4570908,9.7476664,4.8775774,8.0470304,3.8125339,9.1013266,8.53454,7.4460474,10.031881,3.3967497,2.9303329,10.046943,7.7326191,4.7041685,7.8803205,2.4622631,9.5288885,7.0315557,5.5611615,7.0147878,6.2657716,4.287191,3.6897097,4.4658516,7.5126982,3.5592295,43.288959,124.36581,31.068305,84.824212,68.858059,21.408603,7.7733605,16.290416,52.934767,137.63835,13.967528,18.688684,24.403445,27.597592,39.872827,11.088812,46.609044,111.82161,98.932594,35.165037,7.458439,20.886431,22.614908,14.391869,6.5486333,2.5196002,15.044239,-0.40141958,-0.20095323,-0.3549511,-29.757464,-1.04528,0.31313384,403.38441999999986,.
2110.0,513.2,5.3983,12.2168,154.83028,10056.519,0.0,0.0,0.0,0.0,0.0,0.0,0.0,0.0,0.0,0.0,0.0,0.0,0.0,0.0,0.0,0.0,0.0,0.0,0.0,0.0,0.0,0.0,0.0,0.0,0.0,0.0,0.0,0.0,0.0,0.0,0.0,0.0,0.0,0.0,0.0,0.0,0.0,0.0,0.0,0.0,0.0,0.0,0.0,0.0,0.0,0.0,0.0,0.0,0.0,0.0,0.0,0.0,0.0,0.0,0.0,0.0,0.0,0.0,0.0,0.0,0.0,0.0,0.0,0.0,0.0,149.79574,62.242968,29.794234,0.0,0.0,21.355139,89.349,173.879,64.3741,2.156,2.2441,0.0,0.13514154048716262,1.0000000005557306,0.9999999997544365,0.5955010769139155,0.9828671380850957,0.0,0.0,0.0,0.0,0.0,0.0,0.0,0.0,0.0,0.0,0.0,0.0,0.0,0.0,0.0,0.0,0.0,0.0,0.0,0.0,0.0,0.0,0.0,0.0,0.0,0.0,0.0,0.0,0.0,0.0,0.0,0.0,0.0,0.0,0.0,0.0,0.0,0.0,0.0,0.0,0.0,0.0,0.0,0.0,0.0,0.0,0.0,0.0,0.0,0.0,0.0,0.0,0.0,0.0,0.0,0.0,0.0,0.0,0.0,0.0,0.0,0.0,0.0,0.0,0.0,0.3939406116209239,0.36363978328223406,0.11376727719991245,0.0,0.0,0.060606327366726664,0.9999999999776159,1.000000000023004,0.9999999999378631,0.29530201342281914,1.000000000311929,0.0,0.31623754,-0.41693759,-0.19035739,-3.6471158,-0.47435631,15.396536,8.8101754,12.10218,9.9401731,9.176257,6.3501845,9.4887003,11.352129,4.410527,5.5259774,7.9453445,7.2313642,6.9585106,3.9275983,1.5560467,7.6716115,6.012677,3.7226293,5.476713,7.4318887,8.1827517e-07,6.3991212,3.2267332,7.1236231,0.54588803,5.9066966,7.3907541,2.8868468,2.4964967,0.60036211,5.8828888,3.9874312,5.7285031,2.113636,7.3950149,5.6663007,4.3721589,5.195823,0.37261779,3.6453632,0.34352,3.5472243,0.70980082,0.64101418,40.23518,115.6452,28.696232,77.993822,63.065727,19.799265,7.1539312,15.092634,49.189999,128.37879,12.921892,17.287252,22.591736,25.524921,37.014828,10.200359,43.264082,103.64139,91.338777,32.557269,6.8030289,19.552018,20.913076,13.477568,5.8765211,2.3201382,13.832666,-0.32113567,-0.20095323,-0.26621332,-29.326196,-0.87106663,0.31623754,365.9397399999999,.
2111.0,513.2,5.3983,12.2168,142.19242,9992.1229,0.0,0.0,0.0,0.0,0.0,0.0,0.0,0.0,0.0,0.0,0.0,0.0,0.0,0.0,0.0,0.0,0.0,0.0,0.0,0.0,0.0,0.0,0.0,0.0,0.0,0.0,0.0,0.0,0.0,0.0,0.0,0.0,0.0,0.0,0.0,0.0,0.0,0.0,0.0,0.0,0.0,0.0,0.0,0.0,0.0,0.0,0.0,0.0,0.0,0.0,0.0,0.0,0.0,0.0,0.0,0.0,0.0,0.0,0.0,0.0,0.0,0.0,0.0,0.0,0.0,161.3185,62.242968,57.558493,0.0,0.0,21.355139,89.349,173.879,64.3741,1.985,2.2441,0.0,0.13514154048716262,1.0000000005557306,0.9999999997544368,0.5468939230685094,0.9765734284514922,0.0,0.0,0.0,0.0,0.0,0.0,0.0,0.0,0.0,0.0,0.0,0.0,0.0,0.0,0.0,0.0,0.0,0.0,0.0,0.0,0.0,0.0,0.0,0.0,0.0,0.0,0.0,0.0,0.0,0.0,0.0,0.0,0.0,0.0,0.0,0.0,0.0,0.0,0.0,0.0,0.0,0.0,0.0,0.0,0.0,0.0,0.0,0.0,0.0,0.0,0.0,0.0,0.0,0.0,0.0,0.0,0.0,0.0,0.0,0.0,0.0,0.0,0.0,0.0,0.0,0.42424376391324625,0.363639783282234,0.21978323149171144,0.0,0.0,0.06060632736672668,0.9999999999776156,1.0000000000230043,0.9999999999378636,0.27188056430625956,1.0000000003119291,0.0,0.34643704,-0.45675357,-0.20853581,-3.9954017,-0.51965556,16.866848,9.6515142,13.257893,10.889422,10.052555,6.9566033,10.394836,12.436214,4.8317158,6.0536876,8.7040951,7.9219324,7.6230223,4.3026692,1.7046433,8.4042216,6.5868651,4.0781264,5.9997186,8.1416063,8.9641738e-07,7.0102133,3.5348741,7.8039024,0.59801829,6.470764,8.0965434,3.1625298,2.7349028,0.65769445,6.4446826,4.368216,6.2755537,2.3154803,8.1012111,6.2074112,4.7896837,5.6920046,0.40820139,3.9934818,0.37632487,3.8859709,0.77758414,0.70222864,44.077489,126.68888,31.436615,85.44194,69.088268,21.690021,7.8371049,16.533924,53.88746,140.63849,14.155885,18.93812,24.749162,27.962456,40.549605,11.174455,47.395639,113.53875,100.06129,35.666367,7.4526926,21.419162,22.910196,14.764625,6.4377068,2.5417027,15.153634,-0.35180292,-0.22014351,-0.2916357,-32.126738,-0.95425024,0.34643704,325.36776999999995,.
2112.0,513.2,5.3983,12.2168,142.19242,9992.1229,0.0,0.0,0.0,0.0,0.0,0.0,0.0,0.0,0.0,0.0,0.0,0.0,0.0,0.0,0.0,0.0,0.0,0.0,0.0,0.0,0.0,0.0,0.0,0.0,0.0,0.0,0.0,0.0,0.0,0.0,0.0,0.0,0.0,0.0,0.0,0.0,0.0,0.0,0.0,0.0,0.0,0.0,0.0,0.0,0.0,0.0,0.0,0.0,0.0,0.0,0.0,0.0,0.0,0.0,0.0,0.0,0.0,0.0,0.0,0.0,0.0,0.0,0.0,0.0,0.0,161.3185,62.242968,47.616309,0.0,0.0,21.355139,89.349,173.879,64.3741,1.985,2.2441,0.0,0.13514154048716262,1.0000000005557308,0.9999999997544371,0.5468939230685097,0.9765734284514888,0.0,0.0,0.0,0.0,0.0,0.0,0.0,0.0,0.0,0.0,0.0,0.0,0.0,0.0,0.0,0.0,0.0,0.0,0.0,0.0,0.0,0.0,0.0,0.0,0.0,0.0,0.0,0.0,0.0,0.0,0.0,0.0,0.0,0.0,0.0,0.0,0.0,0.0,0.0,0.0,0.0,0.0,0.0,0.0,0.0,0.0,0.0,0.0,0.0,0.0,0.0,0.0,0.0,0.0,0.0,0.0,0.0,0.0,0.0,0.0,0.0,0.0,0.0,0.0,0.0,0.4242437639132463,0.3636397832822341,0.18181967105580524,0.0,0.0,0.06060632736672668,0.9999999999776154,1.0000000000230047,0.9999999999378631,0.2718805643062598,1.0000000003119283,0.0,0.34993796,-0.45675357,-0.20853581,-4.1562903,-0.52490694,0.18993733,5.9826512,0.10665733,6.408074,5.9964694,4.2709346,3.7899342e-07,7.265872,2.9464049,3.7160422,5.3914321,4.9281719,7.5120768,4.3532433,1.7243761,8.2671615,6.5707152,4.1252968,6.0316606,8.0289238,-1.6796927e-07,7.0800827,3.5885991,7.7337065,0.14691583,6.5040298,7.9905822,3.2039989,2.7731733,-2.6817106e-07,6.3504699,4.4270986,6.2878025,2.3464257,8.013589,6.2591567,4.8409609,5.7362217,0.27709009,4.0447106,0.40604743,3.9281321,0.55105782,0.70453199,40.916925,117.65938,28.972682,78.343622,63.078399,20.021543,7.1947538,15.292905,50.018077,131.08318,13.071652,17.485196,22.871427,25.812403,37.58752,10.252509,43.929479,105.05025,92.169223,32.959296,6.7632894,20.035392,21.134753,13.821796,5.7468199,2.3253052,13.886886,-0.35180292,-0.22014351,-0.2916357,-31.654286,-0.95425024,0.34993796,281.38699999999994,.
2113.0,513.2,5.3983,12.2168,142.19242,9992.1229,0.0,0.0,0.0,0.0,0.0,0.0,0.0,0.0,0.0,0.0,0.0,0.0,0.0,0.0,0.0,0.0,0.0,0.0,0.0,0.0,0.0,0.0,0.0,0.0,0.0,0.0,0.0,0.0,0.0,0.0,0.0,0.0,0.0,0.0,0.0,0.0,0.0,0.0,0.0,0.0,0.0,0.0,0.0,0.0,0.0,0.0,0.0,0.0,0.0,0.0,0.0,0.0,0.0,0.0,0.0,0.0,0.0,0.0,0.0,0.0,0.0,0.0,0.0,0.0,0.0,161.3185,62.242968,57.558493,0.0,0.0,21.355139,89.349,173.879,64.3741,1.985,2.2441,0.0,0.13514154048716262,1.0000000005557306,0.9999999997544368,0.5468939230685094,0.9765734284514915,0.0,0.0,0.0,0.0,0.0,0.0,0.0,0.0,0.0,0.0,0.0,0.0,0.0,0.0,0.0,0.0,0.0,0.0,0.0,0.0,0.0,0.0,0.0,0.0,0.0,0.0,0.0,0.0,0.0,0.0,0.0,0.0,0.0,0.0,0.0,0.0,0.0,0.0,0.0,0.0,0.0,0.0,0.0,0.0,0.0,0.0,0.0,0.0,0.0,0.0,0.0,0.0,0.0,0.0,0.0,0.0,0.0,0.0,0.0,0.0,0.0,0.0,0.0,0.0,0.0,0.42424376391324625,0.363639783282234,0.2197832314917115,0.0,0.0,0.060606327366726664,0.9999999999776155,1.0000000000230045,0.9999999999378631,0.2718805643062597,1.0000000003119291,0.0,0.32655014,-0.43053404,-0.196565,-3.7660493,-0.48982521,15.898622,9.0974778,12.496836,10.264325,9.4754974,6.5572658,9.7981295,11.722325,4.5543555,5.7061812,8.2044444,7.4671811,7.1854297,4.0556784,1.6067898,7.9217849,6.2087521,3.8440253,5.6553102,7.6742448,8.4495936e-07,6.6077984,3.3319579,7.3559265,0.5636896,6.0993157,7.6317687,2.9809877,2.5779082,0.61994009,6.0747315,4.1174625,5.9153112,2.1825622,7.6361685,5.8510804,4.5147363,5.3652602,0.38476896,3.7642396,0.35472228,3.6629003,0.73294763,0.66191784,41.547261,119.41642,29.632025,80.537223,65.122318,20.444925,7.387223,15.584809,50.7941,132.56526,13.343279,17.850995,23.328459,26.357296,38.221892,10.532996,44.674936,107.02116,94.317361,33.618971,7.0248776,20.189614,21.595057,13.917075,6.0681561,2.3957985,14.283753,-0.33160799,-0.20750638,-0.27489462,-30.282532,-0.89947237,0.32655014,234.10624999999993,.
2114.0,513.2,5.3983,12.2168,142.19242,9992.1229,0.0,0.0,0.0,0.0,0.0,0.0,0.0,0.0,0.0,0.0,0.0,0.0,0.0,0.0,0.0,0.0,0.0,0.0,0.0,0.0,0.0,0.0,0.0,0.0,0.0,0.0,0.0,0.0,0.0,0.0,0.0,0.0,0.0,0.0,0.0,0.0,0.0,0.0,0.0,0.0,0.0,0.0,0.0,0.0,0.0,0.0,0.0,0.0,0.0,0.0,0.0,0.0,0.0,0.0,0.0,0.0,0.0,0.0,0.0,0.0,0.0,0.0,0.0,0.0,0.0,161.3185,62.242968,47.616309,0.0,0.0,21.355139,89.349,173.879,64.3741,1.985,2.2441,0.0,0.1351415404871626,1.0000000005557306,0.9999999997544363,0.5468939230685094,0.9765734284514906,0.0,0.0,0.0,0.0,0.0,0.0,0.0,0.0,0.0,0.0,0.0,0.0,0.0,0.0,0.0,0.0,0.0,0.0,0.0,0.0,0.0,0.0,0.0,0.0,0.0,0.0,0.0,0.0,0.0,0.0,0.0,0.0,0.0,0.0,0.0,0.0,0.0,0.0,0.0,0.0,0.0,0.0,0.0,0.0,0.0,0.0,0.0,0.0,0.0,0.0,0.0,0.0,0.0,0.0,0.0,0.0,0.0,0.0,0.0,0.0,0.0,0.0,0.0,0.0,0.0,0.42424376391324636,0.36363978328223395,0.18181967105580515,0.0,0.0,0.060606327366726664,0.9999999999776162,1.0000000000230047,0.9999999999378631,0.2718805643062596,1.0000000003119283,0.0,0.32985009,-0.43053404,-0.196565,-3.9177023,-0.49477513,0.17903415,5.6392226,0.10053477,6.0402243,5.6522475,4.0257655,3.5723765e-07,6.8487812,2.7772692,3.5027262,5.0819418,4.6452747,7.0808529,4.1033494,1.6253899,7.7925926,6.1935292,3.8884879,5.6854186,7.5680307,-1.5832715e-07,6.673657,3.3825989,7.2897601,0.13848226,6.1306719,7.5318901,3.0200762,2.6139818,-2.5277694e-07,5.985927,4.172965,5.9268569,2.2117313,7.5535763,5.8998555,4.56307,5.4069391,0.26118399,3.8125277,0.38273864,3.7026412,0.51942485,0.66408897,38.568126,110.90525,27.309531,73.846378,59.45744,18.872225,6.7817455,14.41503,47.146835,123.55847,12.321285,16.481474,21.558514,24.330666,35.429842,9.6639728,41.407748,99.019932,86.878332,31.067297,6.3750489,18.885279,19.921531,13.028369,5.4169289,2.1918232,13.089722,-0.33160799,-0.20750638,-0.27489462,-29.837201,-0.89947237,0.32985009,183.1866799999999,.
2115.0,513.2,5.3983,12.2168,122.1155,9877.641,0.0,0.0,0.0,0.0,0.0,0.0,0.0,0.0,0.0,0.0,0.0,0.0,0.0,0.0,0.0,0.0,0.0,0.0,0.0,0.0,0.0,0.0,0.0,0.0,0.0,0.0,0.0,0.0,0.0,0.0,0.0,0.0,0.0,0.0,0.0,0.0,0.0,0.0,0.0,0.0,0.0,0.0,0.0,0.0,0.0,0.0,0.0,0.0,0.0,0.0,0.0,0.0,0.0,0.0,0.0,0.0,0.0,0.0,0.0,0.0,0.0,0.0,0.0,0.0,0.0,173.58813,62.242968,119.04056,0.0,0.0,32.032698,89.349,173.879,64.3741,1.386,2.2441,0.0,0.13514154048716265,1.000000000555731,0.9999999997544363,0.4696749999927743,0.9653846167547656,0.0,0.0,0.0,0.0,0.0,0.0,0.0,0.0,0.0,0.0,0.0,0.0,0.0,0.0,0.0,0.0,0.0,0.0,0.0,0.0,0.0,0.0,0.0,0.0,0.0,0.0,0.0,0.0,0.0,0.0,0.0,0.0,0.0,0.0,0.0,0.0,0.0,0.0,0.0,0.0,0.0,0.0,0.0,0.0,0.0,0.0,0.0,0.0,0.0,0.0,0.0,0.0,0.0,0.0,0.0,0.0,0.0,0.0,0.0,0.0,0.0,0.0,0.0,0.0,0.0,0.4565110736949694,0.36363978328223406,0.4545483662225655,0.0,0.0,0.09090946125087226,0.9999999999776156,1.000000000023005,0.9999999999378631,0.18983700862895528,1.0000000003119285,0.0,0.47337525,-0.70529069,-0.32200814,-7.1691054,-0.71006288,5.7341243,11.216795,4.4842065,12.191125,11.368868,8.0505702,3.4629668,13.85606,5.5743944,7.0122342,10.112051,9.235834,13.802903,7.562985,2.9551122,14.883741,11.988329,7.2931313,10.910652,14.393804,2.4253924,12.465692,6.1878065,13.73146,4.2893218,11.470282,14.491103,5.5239196,4.7769371,4.8113683,11.395392,7.6360338,11.420243,4.0325671,14.274363,10.978078,8.554876,10.341283,3.405779,6.9729143,2.3248545,6.9186057,4.3228248,2.6082667,47.922061,137.86333,33.141563,88.019195,69.935637,23.05535,8.1787063,17.739222,58.583911,155.46357,15.091024,20.154704,26.424431,29.702364,43.806386,11.602524,51.176559,121.55557,105.09194,38.02744,7.6354841,24.316822,24.499119,16.938211,5.9762207,2.8667551,15.838335,-0.54323238,-0.37083495,-0.45032586,-46.446826,-1.4734944,0.47337525,128.0189099999999,.
2116.0,513.2,5.3983,12.2168,122.1155,9877.641,0.0,0.0,0.0,0.0,0.0,0.0,0.0,0.0,0.0,0.0,0.0,0.0,0.0,0.0,0.0,0.0,0.0,0.0,0.0,0.0,0.0,0.0,0.0,0.0,0.0,0.0,0.0,0.0,0.0,0.0,0.0,0.0,0.0,0.0,0.0,0.0,0.0,0.0,0.0,0.0,0.0,0.0,0.0,0.0,0.0,0.0,0.0,0.0,0.0,0.0,0.0,0.0,0.0,0.0,0.0,0.0,0.0,0.0,0.0,0.0,0.0,0.0,0.0,0.0,0.0,172.84121,62.242968,119.04056,0.0,0.0,21.355139,89.349,173.879,64.3741,1.386,2.2441,0.0,0.13514154048716265,1.0000000005557308,0.9999999997544368,0.4696749999927744,0.9653846167547652,0.0,0.0,0.0,0.0,0.0,0.0,0.0,0.0,0.0,0.0,0.0,0.0,0.0,0.0,0.0,0.0,0.0,0.0,0.0,0.0,0.0,0.0,0.0,0.0,0.0,0.0,0.0,0.0,0.0,0.0,0.0,0.0,0.0,0.0,0.0,0.0,0.0,0.0,0.0,0.0,0.0,0.0,0.0,0.0,0.0,0.0,0.0,0.0,0.0,0.0,0.0,0.0,0.0,0.0,0.0,0.0,0.0,0.0,0.0,0.0,0.0,0.0,0.0,0.0,0.0,0.4545467847129735,0.36363978328223406,0.4545483662225654,0.0,0.0,0.06060632736672668,0.9999999999776159,1.000000000023005,0.999999999937863,0.18983700862895514,1.000000000311929,0.0,0.45347811,-0.70529069,-0.32200814,-7.4057095,-0.68021716,7.2183086,11.744983,5.6403103,12.807219,11.931082,8.4253264,4.3524286,14.56148,5.8305833,7.3351341,10.587322,9.6656012,15.556477,8.1562532,3.1385347,16.421441,13.500713,8.0099151,12.229746,15.831903,5.3907675,13.624691,6.6284659,14.992456,8.812941,12.526371,16.134645,5.9112254,5.1097353,10.061937,12.541061,8.1788694,12.831134,4.3007419,15.623397,11.937626,9.3862251,11.564175,6.8977949,7.4626134,4.3894458,7.5675274,8.3026713,4.3962286,42.465172,122.17204,29.130696,76.88917,60.825375,20.315334,7.1766481,15.668401,51.921482,138.34642,13.310381,17.765806,23.309087,26.163051,38.750576,10.163708,45.264838,107.25805,92.263239,33.522927,6.681993,21.799836,21.628073,15.239139,5.0872629,2.5792732,13.905968,-0.67904047,-0.38628641,-0.60043448,-45.474117,-1.4734944,0.45347811,68.77923999999996,.
2117.0,771.9,5.3983,12.2168,57.924379,8828.2233,0.0,0.0,0.0,0.0,0.0,0.0,0.0,0.0,0.0,0.0,0.0,0.0,0.0,0.0,0.0,0.0,0.0,0.0,0.0,0.0,0.0,0.0,0.0,0.0,0.0,0.0,0.0,0.0,0.0,0.0,0.0,0.0,0.0,0.0,0.0,0.0,0.0,0.0,0.0,0.0,0.0,0.0,0.0,0.0,0.0,0.0,0.0,0.0,0.0,0.0,0.0,0.0,0.0,0.0,0.0,0.0,0.0,0.0,0.0,0.0,0.0,0.0,0.0,0.0,39.630883,195.88674,62.242968,134.9126,0.0,56.070211,32.032698,89.349,173.879,64.3741,0.361,2.2441,0.0,0.203265306122449,1.0000000005557306,0.9999999997544367,0.22278607307349568,0.8628204818433876,0.0,0.0,0.0,0.0,0.0,0.0,0.0,0.0,0.0,0.0,0.0,0.0,0.0,0.0,0.0,0.0,0.0,0.0,0.0,0.0,0.0,0.0,0.0,0.0,0.0,0.0,0.0,0.0,0.0,0.0,0.0,0.0,0.0,0.0,0.0,0.0,0.0,0.0,0.0,0.0,0.0,0.0,0.0,0.0,0.0,0.0,0.0,0.0,0.0,0.0,0.0,0.0,0.0,0.0,0.0,0.0,0.0,0.0,0.0,0.0,0.0,0.0,0.0,0.0,0.12121292402263578,0.5151531155961372,0.363639783282234,0.5151546826799076,0.0,0.1212124428424526,0.09090946125087228,0.9999999999776158,1.0000000000230047,0.9999999999378636,0.04944528146829205,1.0000000003119294,0.0,1.6653993,-2.8261746,-1.2903208,-31.28723,-2.498099,24.162184,47.884275,18.912979,52.03217,48.528286,34.37804,14.636307,59.139824,23.807828,29.947851,43.168431,39.430276,286.19983,98.69341,31.53538,253.52654,246.18382,117.81553,214.72222,237.36645,466.43772,190.50803,73.928942,208.75017,715.55014,174.07869,269.4284,65.181166,55.980001,831.68553,189.25894,90.677513,229.61676,45.47627,223.06657,158.46777,136.65264,199.22993,550.59071,81.931943,325.10015,106.99269,628.28997,282.28604,125.27677,360.22508,84.55307,220.20116,172.71373,59.31439,20.846141,45.995778,153.23809,411.43298,38.967309,51.916354,68.188035,76.294497,113.91194,29.374345,133.01514,313.48897,266.8981,97.865478,19.746472,65.52544,63.781447,26.482708,13.92635,8.3448722,40.753229,-2.1767897,-1.5478906,-1.8045035,-171.50081,-4.7235585,1.6653993,-0.7929000000001452,.
2118.0,771.9,5.3983,12.2168,55.872216,8389.3764,0.0,0.0,0.0,0.0,0.0,0.0,0.0,0.0,0.0,0.0,0.0,0.0,0.0,0.0,0.0,0.0,0.0,0.0,0.0,0.0,0.0,0.0,0.0,0.0,0.0,0.0,0.0,0.0,0.0,0.0,0.0,0.0,0.0,0.0,0.0,0.0,0.0,0.0,0.0,0.0,0.0,0.0,0.0,0.0,0.0,0.0,0.0,0.0,0.0,0.0,0.0,0.0,0.0,0.0,0.0,0.0,0.0,0.0,0.0,0.0,0.0,0.0,0.0,0.0,39.630883,188.20372,62.242968,129.62028,0.0,28.035088,32.032698,89.349,173.879,64.3741,0.366,2.2441,0.0,0.203265306122449,1.0000000005557306,0.9999999997544367,0.21489313845823255,0.8199300744707625,0.0,0.0,0.0,0.0,0.0,0.0,0.0,0.0,0.0,0.0,0.0,0.0,0.0,0.0,0.0,0.0,0.0,0.0,0.0,0.0,0.0,0.0,0.0,0.0,0.0,0.0,0.0,0.0,0.0,0.0,0.0,0.0,0.0,0.0,0.0,0.0,0.0,0.0,0.0,0.0,0.0,0.0,0.0,0.0,0.0,0.0,0.0,0.0,0.0,0.0,0.0,0.0,0.0,0.0,0.0,0.0,0.0,0.0,0.0,0.0,0.0,0.0,0.0,0.0,0.12121292402263577,0.49494791084267903,0.36363978328223406,0.4949463149645085,0.0,0.060606183589769776,0.09090946125087226,0.9999999999776155,1.0000000000230045,0.9999999999378631,0.050130119161758725,1.0000000003119291,0.0,1.76497,-2.8261746,-1.2903208,-31.832386,-2.647455,38.339482,51.663856,30.022446,56.554613,52.633183,37.092349,23.295556,64.335853,25.685917,32.295238,46.57528,42.507963,250.31124,83.571321,26.454617,223.56719,212.76519,99.875773,183.88845,208.97,395.63628,162.19873,62.290529,183.06553,625.25559,149.22426,236.08253,54.784633,46.881897,731.08291,166.64176,76.437425,197.47865,38.114367,195.8947,134.9578,115.85584,170.08733,473.02152,68.913701,275.24591,90.757122,543.40971,240.11352,102.92292,295.81644,68.897679,178.1767,139.16782,48.486072,17.01073,37.707693,125.93224,339.35813,31.901751,42.462564,55.791866,62.32379,93.415071,23.899655,109.0592,256.2894,217.05626,79.974982,16.329922,54.606896,52.465565,19.015212,11.036695,7.2370003,33.432453,-2.1767897,-1.5478906,-1.8045035,-164.67975,-4.7235585,1.76497,-77.84090000000015,.
2119.0,1102.2,5.3983,12.2168,31.661795,6332.2798,0.0,0.0,0.0,0.0,0.0,0.0,0.0,0.0,0.0,0.0,0.0,0.0,0.0,0.0,0.0,0.0,0.0,0.0,0.0,0.0,0.0,0.0,0.0,0.0,0.0,0.0,0.0,0.0,0.0,0.0,0.0,0.0,0.0,0.0,0.0,0.0,0.0,0.0,0.0,0.0,0.0,0.0,0.0,0.0,0.0,0.0,0.0,0.0,0.0,0.0,0.0,0.0,0.0,0.0,0.0,0.0,0.0,0.0,0.0,0.0,0.0,0.0,0.0,0.0,49.538595,195.88674,62.242968,142.84867,0.0,112.14044,42.71028,89.349,173.879,64.3741,0.006,2.2441,0.0,0.29024358130348915,1.0000000005557306,0.9999999997544365,0.1217761346135112,0.6188811182656816,0.0,0.0,0.0,0.0,0.0,0.0,0.0,0.0,0.0,0.0,0.0,0.0,0.0,0.0,0.0,0.0,0.0,0.0,0.0,0.0,0.0,0.0,0.0,0.0,0.0,0.0,0.0,0.0,0.0,0.0,0.0,0.0,0.0,0.0,0.0,0.0,0.0,0.0,0.0,0.0,0.0,0.0,0.0,0.0,0.0,0.0,0.0,0.0,0.0,0.0,0.0,0.0,0.0,0.0,0.0,0.0,0.0,0.0,0.0,0.0,0.0,0.0,0.0,0.0,0.15151612826600724,0.5151531155961372,0.363639783282234,0.5454580318302129,0.0,0.24242492459726048,0.1212126604094948,0.9999999999776156,1.0000000000230045,0.9999999999378636,0.0008218052321599787,1.0000000003119287,0.0,3.1855139,-5.4522191,-2.48927,-61.936478,-4.7782708,96.948577,105.84217,76.086825,116.47206,108.2533,76.092801,59.372676,132.59462,52.741423,66.261189,95.426173,87.060932,407.27471,131.39979,41.22072,366.9422,341.73363,157.19562,292.48325,342.38203,623.33146,256.41271,97.390461,298.69543,1016.1911,237.72216,384.84821,85.503115,72.874003,1195.7573,273.0893,119.61743,315.52297,59.308185,320.1227,213.57114,182.45001,269.69577,755.18495,107.57625,432.53989,142.94341,873.49565,379.21662,156.78125,450.26459,104.09592,267.16759,207.8208,73.524028,25.795015,57.349168,191.89059,518.87372,48.474863,64.433731,84.67233,94.415735,142.03455,36.102174,165.77816,388.32648,327.12524,121.17456,25.403548,71.780829,80.344971,29.219431,16.275389,11.955817,51.169755,-4.1994343,-3.1056171,-3.4812246,-302.65907,-9.1126275,3.1855139,-169.41530000000012,.
2120.0,1102.2,5.3983,12.2168,30.933766,6141.4251,0.0,0.0,0.0,0.0,0.0,0.0,0.0,0.0,0.0,0.0,0.0,0.0,0.0,0.0,0.0,0.0,0.0,0.0,0.0,0.0,0.0,0.0,0.0,0.0,0.0,0.0,0.0,0.0,0.0,0.0,0.0,0.0,0.0,0.0,0.0,0.0,0.0,0.0,0.0,0.0,0.0,0.0,0.0,0.0,0.0,0.0,0.0,0.0,0.0,0.0,0.0,0.0,0.0,0.0,0.0,0.0,0.0,0.0,0.0,0.0,0.0,0.0,0.0,0.0,49.538595,188.20372,62.242968,121.68421,0.0,70.087807,32.032698,89.349,173.879,64.3741,0.027,2.2441,0.0,0.29024358130348915,1.0000000005557312,0.9999999997544368,0.1189760230750927,0.6002280621953762,0.0,0.0,0.0,0.0,0.0,0.0,0.0,0.0,0.0,0.0,0.0,0.0,0.0,0.0,0.0,0.0,0.0,0.0,0.0,0.0,0.0,0.0,0.0,0.0,0.0,0.0,0.0,0.0,0.0,0.0,0.0,0.0,0.0,0.0,0.0,0.0,0.0,0.0,0.0,0.0,0.0,0.0,0.0,0.0,0.0,0.0,0.0,0.0,0.0,0.0,0.0,0.0,0.0,0.0,0.0,0.0,0.0,0.0,0.0,0.0,0.0,0.0,0.0,0.0,0.1515161282660072,0.4949479108426791,0.36363978328223395,0.46464296581420284,0.0,0.1515156470508083,0.09090946125087225,0.9999999999776155,1.0000000000230052,0.9999999999378634,0.003698123544719905,1.0000000003119296,0.0,3.3690108,-4.3617753,-2.240343,-61.652974,-5.0535162,1051.8181,298.96928,827.25907,355.10566,323.38992,216.65773,649.99586,407.99398,150.94796,188.17634,269.69314,244.20764,325.18373,101.21303,31.498643,295.625,269.13239,121.26249,228.08386,275.31251,481.53188,198.65989,74.635778,239.16886,810.30435,185.72672,307.84988,65.278872,55.566981,959.78171,219.66822,91.787384,247.15746,45.246702,256.7333,165.76877,140.88268,209.55902,591.26869,82.344737,333.04098,110.36751,688.53834,293.51176,116.95349,335.50479,77.031829,196.11052,151.94574,54.625856,19.203201,42.754428,143.18696,388.39103,36.106794,47.913868,62.956039,70.064314,105.75752,26.750133,123.39605,288.03172,241.33649,89.915549,19.632829,51.472237,60.502545,15.11406,11.808388,9.8880865,38.644825,-4.1994343,-2.998115,-3.5972654,-284.61232,-8.6569961,3.3690108,-268.00260000000003,.
2121.0,1784.6,5.3983,12.2168,13.223133,3981.8234,0.0,0.0,0.0,0.0,0.0,0.0,0.0,0.0,0.0,0.0,0.0,0.0,0.0,0.0,0.0,0.0,0.0,0.0,0.0,0.0,0.0,0.0,0.0,0.0,0.0,0.0,0.0,0.0,0.0,0.0,0.0,0.0,0.0,0.0,0.0,0.0,0.0,0.0,0.0,0.0,0.0,0.0,0.0,0.0,0.0,0.0,0.0,0.0,0.0,0.0,0.0,0.0,0.0,0.0,0.0,0.0,0.0,0.0,0.0,0.0,0.0,0.0,0.0,0.0,49.538595,195.88674,62.242968,142.84867,0.0,182.22815,42.71028,89.349,173.879,64.3741,0.0,2.2441,30.3,0.46994075049374595,1.0000000005557306,0.9999999997544369,0.0508582038453714,0.3891608388069744,0.0,0.0,0.0,0.0,0.0,0.0,0.0,0.0,0.0,0.0,0.0,0.0,0.0,0.0,0.0,0.0,0.0,0.0,0.0,0.0,0.0,0.0,0.0,0.0,0.0,0.0,0.0,0.0,0.0,0.0,0.0,0.0,0.0,0.0,0.0,0.0,0.0,0.0,0.0,0.0,0.0,0.0,0.0,0.0,0.0,0.0,0.0,0.0,0.0,0.0,0.0,0.0,0.0,0.0,0.0,0.0,0.0,0.0,0.0,0.0,0.0,0.0,0.0,0.0,0.15151612826600713,0.5151531155961373,0.363639783282234,0.5454580318302131,0.0,0.3939403619537097,0.1212126604094948,0.9999999999776155,1.0000000000230045,0.9999999999378636,0.0,1.0000000003119291,0.04166666666666668,7.0423576,-9.0160658,-4.3736569,-124.36872,-10.563536,1670.0777,473.02692,1318.566,561.67753,512.27964,346.10081,1044.7324,645.8221,242.64983,301.69411,426.96963,387.22497,495.74966,148.74941,45.973666,454.84835,404.39035,178.38609,339.0985,422.91767,709.5669,293.45486,109.3897,365.77735,1233.3791,276.90549,470.14796,95.186835,80.705817,1470.9248,337.47146,134.16372,369.25834,65.876336,393.09938,245.55311,207.54363,310.56898,883.21493,120.10148,488.74091,162.42492,1035.4119,433.10901,166.21466,475.98077,108.64507,274.10005,211.5817,77.411487,27.365494,60.816487,203.54094,553.54571,51.345582,67.968747,89.248081,99.116513,150.03231,37.880964,174.97367,406.76162,338.98948,127.138,29.654247,84.062762,87.52174,39.593293,16.469671,16.20569,56.347177,-8.246472,-5.97508,-6.956048,-542.07056,-16.95274,7.0423576,-383.2129,.
2122.0,1855.2,5.3983,12.2168,13.675951,3864.6461,0.0,0.0,0.0,0.0,0.0,0.0,0.0,0.0,0.0,0.0,0.0,0.0,0.0,0.0,0.0,0.0,0.0,0.0,0.0,0.0,0.0,0.0,0.0,0.0,0.0,0.0,0.0,0.0,0.0,0.0,0.0,0.0,0.0,0.0,0.0,0.0,0.0,0.0,0.0,0.0,0.0,0.0,0.0,0.0,0.0,0.0,0.0,0.0,0.0,0.0,0.0,0.0,0.0,0.0,0.0,0.0,0.0,0.0,0.0,0.0,0.0,0.0,0.0,0.0,49.538595,188.20372,62.242968,121.68421,0.0,126.15798,32.032698,89.349,173.879,64.3741,0.0,2.2441,30.3,0.48853192890059255,1.0000000005557304,0.9999999997544365,0.05259981153765233,0.37770859399944784,0.0,0.0,0.0,0.0,0.0,0.0,0.0,0.0,0.0,0.0,0.0,0.0,0.0,0.0,0.0,0.0,0.0,0.0,0.0,0.0,0.0,0.0,0.0,0.0,0.0,0.0,0.0,0.0,0.0,0.0,0.0,0.0,0.0,0.0,0.0,0.0,0.0,0.0,0.0,0.0,0.0,0.0,0.0,0.0,0.0,0.0,0.0,0.0,0.0,0.0,0.0,0.0,0.0,0.0,0.0,0.0,0.0,0.0,0.0,0.0,0.0,0.0,0.0,0.0,0.1515161282660072,0.49494791084267903,0.36363978328223406,0.46464296581420284,0.0,0.2727280077449553,0.09090946125087225,0.9999999999776168,1.0000000000230045,0.9999999999378628,0.0,1.000000000311929,0.04166666666666668,7.2585504,-7.8890576,-3.8591091,-117.57277,-10.887826,1130.9158,319.18341,896.75807,378.84115,346.10665,236.02071,717.17822,436.00936,166.6435,206.57894,288.31555,261.92968,321.64967,92.971877,28.639913,297.92822,258.40329,111.60591,214.33802,276.51891,444.63346,184.27948,68.09953,238.08885,798.66947,175.63498,305.58576,59.065406,49.974288,959.22066,220.73997,83.494155,234.59555,40.868171,256.2315,154.79507,130.09124,195.65812,561.06795,74.65047,304.75385,101.66202,662.06443,271.63427,100.40069,286.67689,65.183435,162.70044,125.17452,46.715816,16.718791,36.880391,122.94477,334.91911,31.151949,41.085348,53.85567,59.665978,90.475553,22.933765,105.44007,243.88215,202.1762,76.442539,19.84807,48.51752,54.622314,14.246451,9.9289234,11.962477,35.780715,-7.3784223,-5.5553429,-6.2364568,-484.56056,-15.069103,7.2585504,-505.08050000000003,.
2123.0,2678.5,5.3983,12.2168,6.6324948,2411.2749,0.0,0.0,0.0,0.0,0.0,0.0,0.0,0.0,0.0,0.0,0.0,0.0,0.0,0.0,0.0,0.0,0.0,0.0,0.0,0.0,0.0,0.0,0.0,0.0,0.0,0.0,0.0,0.0,0.0,0.0,0.0,0.0,0.0,0.0,0.0,0.0,0.0,0.0,0.0,0.0,0.0,0.0,0.0,0.0,0.0,0.0,0.0,0.0,0.0,0.0,0.0,0.0,0.0,0.0,0.0,0.0,0.0,0.0,0.0,0.0,0.0,0.0,0.0,0.0,49.538595,195.88674,62.242968,142.84867,0.0,126.15798,32.032698,89.349,155.41504,64.3741,0.0,2.2441,60.6,0.7053324555628704,1.0000000005557308,0.9999999997544365,0.025509595384222934,0.23566433475633325,0.0,0.0,0.0,0.0,0.0,0.0,0.0,0.0,0.0,0.0,0.0,0.0,0.0,0.0,0.0,0.0,0.0,0.0,0.0,0.0,0.0,0.0,0.0,0.0,0.0,0.0,0.0,0.0,0.0,0.0,0.0,0.0,0.0,0.0,0.0,0.0,0.0,0.0,0.0,0.0,0.0,0.0,0.0,0.0,0.0,0.0,0.0,0.0,0.0,0.0,0.0,0.0,0.0,0.0,0.0,0.0,0.0,0.0,0.0,0.0,0.0,0.0,0.0,0.0,0.1515161282660072,0.5151531155961374,0.36363978328223406,0.5454580318302132,0.0,0.2727280077449553,0.09090946125087228,0.9999999999776168,0.8938114436106449,0.9999999999378631,0.0,1.0000000003119283,0.08333333333333336,12.156959,-11.052941,-5.4668691,-171.92456,-18.235439,993.81749,279.58536,791.9465,331.63253,303.57025,209.20135,640.0131,382.11746,148.916,183.9597,252.78769,230.09351,270.29479,75.360393,23.327381,252.83892,213.72932,90.465732,175.33003,234.22722,360.50436,149.77236,54.881413,200.77411,669.35146,144.3223,257.26315,47.738915,40.224989,809.73393,187.12622,67.267846,192.87851,33.02879,216.3928,126.46343,105.68339,159.54076,461.1618,60.241462,245.70334,82.48514,547.61493,220.35964,78.552837,223.0458,50.766502,124.88317,95.845183,36.688006,13.493377,29.167496,96.125413,261.73553,24.697844,32.355236,42.244736,46.653329,70.698988,18.2302,82.280921,188.93183,155.84363,59.605404,18.726235,51.657637,45.661714,39.214448,8.0502182,12.690081,30.891282,-10.641562,-7.9908517,-8.6255497,-671.36102,-20.782639,12.156959,-640.7879,.
2124.0,2734.5,5.3983,12.2168,9.7776142,2396.9647,0.0,0.0,0.0,0.0,0.0,0.0,0.0,0.0,0.0,0.0,0.0,0.0,0.0,0.0,0.0,0.0,0.0,0.0,0.0,0.0,0.0,0.0,0.0,0.0,0.0,0.0,0.0,0.0,0.0,0.0,0.0,0.0,0.0,0.0,0.0,0.0,0.0,0.0,0.0,0.0,0.0,0.0,0.0,0.0,0.0,0.0,0.0,0.0,0.0,0.0,0.0,0.0,0.0,0.0,0.0,0.0,0.0,0.0,0.0,0.0,0.0,0.0,0.0,0.0,0.0,172.84121,62.242968,121.68421,0.0,40.657071,21.355139,89.349,173.879,64.3741,0.0,2.2441,60.6,0.7200789993416722,1.0000000005557308,0.9999999997544361,0.03760620846095992,0.23426573695927994,0.0,0.0,0.0,0.0,0.0,0.0,0.0,0.0,0.0,0.0,0.0,0.0,0.0,0.0,0.0,0.0,0.0,0.0,0.0,0.0,0.0,0.0,0.0,0.0,0.0,0.0,0.0,0.0,0.0,0.0,0.0,0.0,0.0,0.0,0.0,0.0,0.0,0.0,0.0,0.0,0.0,0.0,0.0,0.0,0.0,0.0,0.0,0.0,0.0,0.0,0.0,0.0,0.0,0.0,0.0,0.0,0.0,0.0,0.0,0.0,0.0,0.0,0.0,0.0,0.0,0.4545467847129735,0.36363978328223406,0.4646429658142027,0.0,0.08789235508189969,0.06060632736672666,0.9999999999776162,1.000000000023005,0.9999999999378626,0.0,1.000000000311929,0.08333333333333336,12.080705,-7.3686275,-3.7847555,-137.25537,-18.121057,303.35201,85.253519,243.14883,100.99606,92.675367,64.695998,198.8723,116.5023,46.547281,57.218609,77.193051,70.43917,78.883549,21.400382,6.8868744,74.558616,61.400486,25.639019,49.855745,68.953522,101.32966,42.350733,15.626968,58.878413,194.32239,41.309602,75.22762,13.636238,11.500729,236.78331,55.202912,19.042907,55.102475,9.5420621,63.53875,36.036007,29.987806,45.25151,131.33138,17.088731,68.694839,23.433391,156.85188,62.041957,21.525864,60.148329,13.97094,33.374082,25.635924,10.275516,4.0947351,8.2933052,26.247995,70.839722,7.0917157,9.1268162,11.765067,12.916435,19.383834,5.3383583,22.472497,50.779893,41.736999,16.361516,7.7539562,16.856962,14.986534,13.428647,2.5944283,6.1609489,10.97904,-7.803812,-6.2958226,-6.273127,-508.76081,-15.394548,12.080705,-782.4913000000001,.
2125.0,3325.9,5.3983,12.2168,5.4582994,2202.7745,0.0,0.0,0.0,0.0,0.0,0.0,0.0,0.0,0.0,0.0,0.0,0.0,0.0,0.0,0.0,0.0,0.0,0.0,0.0,0.0,0.0,0.0,0.0,0.0,0.0,0.0,0.0,0.0,0.0,0.0,0.0,0.0,0.0,0.0,0.0,0.0,0.0,0.0,0.0,0.0,0.0,0.0,0.0,0.0,0.0,0.0,0.0,0.0,0.0,0.0,0.0,0.0,0.0,0.0,0.0,0.0,0.0,0.0,0.0,0.0,0.0,0.0,0.0,0.0,19.815486,184.36396,62.242968,134.9126,0.0,56.070211,32.032698,89.349,155.41504,64.3741,0.0,2.2441,121.2,0.8758130348913761,1.0000000005557304,0.9999999997544368,0.02099345923044625,0.21528668803408346,0.0,0.0,0.0,0.0,0.0,0.0,0.0,0.0,0.0,0.0,0.0,0.0,0.0,0.0,0.0,0.0,0.0,0.0,0.0,0.0,0.0,0.0,0.0,0.0,0.0,0.0,0.0,0.0,0.0,0.0,0.0,0.0,0.0,0.0,0.0,0.0,0.0,0.0,0.0,0.0,0.0,0.0,0.0,0.0,0.0,0.0,0.0,0.0,0.0,0.0,0.0,0.0,0.0,0.0,0.0,0.0,0.0,0.0,0.0,0.0,0.0,0.0,0.0,0.0,0.06060659811666581,0.48484991070677685,0.3636397832822341,0.5151546826799074,0.0,0.1212124428424526,0.09090946125087225,0.9999999999776158,0.8938114436106448,0.9999999999378634,0.0,1.0000000003119291,0.1666666666666667,16.468117,-9.6698839,-4.8144123,-175.06456,-24.702175,350.99378,98.642679,281.33562,116.8576,107.23014,74.856577,230.10541,134.79912,53.857583,66.204855,89.316306,81.50172,91.272299,24.761336,7.9684657,86.26813,71.043501,29.665655,57.685645,79.78275,117.24359,49.001963,18.081201,68.125334,224.84094,47.797321,87.042201,15.777824,13.306932,273.97039,63.872591,22.033616,63.75638,11.040654,73.517581,41.695503,34.697424,52.35831,151.95712,19.772535,79.48344,27.113632,181.48564,71.785716,24.906525,69.594691,16.165092,38.615519,29.662075,11.889297,4.7378179,9.5957781,30.370272,81.965179,8.2054775,10.560193,13.612784,14.944976,22.428087,6.1767534,26.001828,58.754932,48.291841,18.93111,8.9717236,19.504367,17.340185,15.597092,3.0018862,7.1285329,12.703311,-9.983979,-8.0197634,-8.0699327,-646.25071,-19.564987,16.468117,-931.6841000000002,.
2126.0,3075.6997,5.3983,12.2168,16.509453,2268.1725,0.0,0.0,0.0,0.0,0.0,0.0,0.0,0.0,0.0,0.0,0.0,0.0,0.0,0.0,0.0,0.0,0.0,0.0,0.0,0.0,0.0,0.0,0.0,0.0,0.0,0.0,0.0,0.0,0.0,0.0,0.0,0.0,0.0,0.0,0.0,0.0,0.0,0.0,0.0,0.0,0.0,0.0,0.0,0.0,0.0,0.0,0.0,0.0,0.0,0.0,0.0,0.0,0.0,0.0,0.0,0.0,0.0,0.0,0.0,0.0,0.0,0.0,0.0,0.0,0.0,0.0,0.0,0.0,0.0,0.0,0.0,89.349,173.879,64.3741,0.0,2.2441,90.9,0.8099275049374591,1.0000000005557308,0.9999999997544372,0.0634978961528693,0.22167831769206775,0.0,0.0,0.0,0.0,0.0,0.0,0.0,0.0,0.0,0.0,0.0,0.0,0.0,0.0,0.0,0.0,0.0,0.0,0.0,0.0,0.0,0.0,0.0,0.0,0.0,0.0,0.0,0.0,0.0,0.0,0.0,0.0,0.0,0.0,0.0,0.0,0.0,0.0,0.0,0.0,0.0,0.0,0.0,0.0,0.0,0.0,0.0,0.0,0.0,0.0,0.0,0.0,0.0,0.0,0.0,0.0,0.0,0.0,0.0,0.0,0.0,0.0,0.0,0.0,0.0,0.0,0.0,0.0,0.0,0.0,0.0,0.9999999999776154,1.0000000000230047,0.9999999999378631,0.0,1.000000000311929,0.12500000000000003,13.918532,-6.394409,-2.4328642,-90.846461,-20.877798,-0.0,-0.0,-0.0,-0.0,-0.0,-0.0,-0.0,-0.0,-0.0,-0.0,-0.0,-0.0,-0.0,-0.0,-0.0,-0.0,-0.0,-0.0,-0.0,-0.0,-0.0,-0.0,-0.0,-0.0,-0.0,-0.0,-0.0,-0.0,-0.0,-0.0,-0.0,-0.0,-0.0,-0.0,-0.0,-0.0,-0.0,-0.0,-0.0,-0.0,-0.0,-0.0,-0.0,-0.0,-0.0,-0.0,-0.0,-0.0,-0.0,-0.0,-0.0,-0.0,-0.0,-0.0,-0.0,-0.0,-0.0,-0.0,-0.0,-0.0,-0.0,-0.0,-0.0,-0.0,-0.0,-0.0,-0.0,-0.0,-0.0,-0.0,-0.0,-5.3355601,-4.1092551,-4.5364554,-321.89023,-9.7967533,13.918532,-1083.6401000000003,.
2127.0,2989.6477,5.3983,12.2168,15.672461,2937.1761,0.0,0.0,0.0,0.0,0.0,0.0,0.0,0.0,0.0,0.0,0.0,0.0,0.0,0.0,0.0,0.0,0.0,0.0,0.0,0.0,0.0,0.0,0.0,0.0,0.0,0.0,0.0,0.0,0.0,0.0,0.0,0.0,0.0,0.0,0.0,0.0,0.0,0.0,0.0,0.0,0.0,0.0,0.0,0.0,0.0,0.0,0.0,0.0,0.0,0.0,0.0,0.0,0.0,0.0,0.0,0.0,0.0,0.0,0.0,0.0,0.0,0.0,0.0,0.0,8.881922,172.84121,62.242968,126.97658,0.0,42.052649,21.355139,89.349,173.879,64.3741,0.0,2.2441,90.9,0.7872673337722187,1.0000000005557308,0.9999999997544368,0.0602786961529188,0.28706293573938935,0.0,0.0,0.0,0.0,0.0,0.0,0.0,0.0,0.0,0.0,0.0,0.0,0.0,0.0,0.0,0.0,0.0,0.0,0.0,0.0,0.0,0.0,0.0,0.0,0.0,0.0,0.0,0.0,0.0,0.0,0.0,0.0,0.0,0.0,0.0,0.0,0.0,0.0,0.0,0.0,0.0,0.0,0.0,0.0,0.0,0.0,0.0,0.0,0.0,0.0,0.0,0.0,0.0,0.0,0.0,0.0,0.0,0.0,0.0,0.0,0.0,0.0,0.0,0.0,0.027165777168300216,0.45454678471297355,0.363639783282234,0.48485152445123636,0.0,0.09090931213521244,0.06060632736672666,0.9999999999776156,1.000000000023004,0.9999999999378634,0.0,1.0000000003119285,0.12500000000000003,12.78922,-5.0711629,-2.5521332,-92.715562,-12.78922,288.77497,81.156815,231.46475,96.142877,88.222019,61.587149,189.31585,110.90399,44.310535,54.469072,73.483678,67.054342,75.092943,20.372026,6.555938,70.975836,58.449996,24.406982,47.460017,65.640085,96.460442,40.315645,14.876042,56.049117,184.98458,39.324544,71.612692,12.980973,10.948083,225.40512,52.550236,18.127834,52.454625,9.0835355,60.48551,34.304362,28.546796,43.07703,125.02049,16.267562,65.393832,22.307342,149.31465,59.060643,20.491477,57.25801,13.299592,31.770351,24.404036,9.7817446,3.89797,7.8947854,24.986695,67.435647,6.7509361,8.6882435,11.199718,12.295759,18.452379,5.0818331,21.392622,48.339757,39.731403,15.575293,7.3813538,16.046931,14.266383,12.832278,2.4697578,5.8648956,10.451462,-5.2819694,-4.249238,-4.2612108,-342.74955,-10.374729,12.78922,-1234.8743000000002,.
2128.0,2843.5,5.3983,12.2168,30.232454,3130.3643,0.0,0.0,0.0,0.0,0.0,0.0,0.0,0.0,0.0,0.0,0.0,0.0,0.0,0.0,0.0,0.0,0.0,0.0,0.0,0.0,0.0,0.0,0.0,0.0,0.0,0.0,0.0,0.0,0.0,0.0,0.0,0.0,0.0,0.0,0.0,0.0,0.0,0.0,0.0,0.0,0.0,0.0,0.0,0.0,0.0,0.0,0.0,0.0,0.0,0.0,0.0,0.0,0.0,0.0,0.0,0.0,0.0,0.0,0.0,0.0,0.0,0.0,0.0,0.0,0.0,0.0,0.0,0.0,0.0,0.0,0.0,89.349,173.879,64.3741,0.162,2.2441,90.9,0.7487820934825542,1.0000000005557306,0.9999999997544368,0.11627866922898038,0.3059440548667743,0.0,0.0,0.0,0.0,0.0,0.0,0.0,0.0,0.0,0.0,0.0,0.0,0.0,0.0,0.0,0.0,0.0,0.0,0.0,0.0,0.0,0.0,0.0,0.0,0.0,0.0,0.0,0.0,0.0,0.0,0.0,0.0,0.0,0.0,0.0,0.0,0.0,0.0,0.0,0.0,0.0,0.0,0.0,0.0,0.0,0.0,0.0,0.0,0.0,0.0,0.0,0.0,0.0,0.0,0.0,0.0,0.0,0.0,0.0,0.0,0.0,0.0,0.0,0.0,0.0,0.0,0.0,0.0,0.0,0.0,0.0,0.9999999999776158,1.000000000023005,0.999999999937863,0.022188741268319427,1.0000000003119294,0.12500000000000003,11.451268,-3.5072707,-1.3344022,-49.828394,-11.451268,-0.0,-0.0,-0.0,-0.0,-0.0,-0.0,-0.0,-0.0,-0.0,-0.0,-0.0,-0.0,-0.0,-0.0,-0.0,-0.0,-0.0,-0.0,-0.0,-0.0,-0.0,-0.0,-0.0,-0.0,-0.0,-0.0,-0.0,-0.0,-0.0,-0.0,-0.0,-0.0,-0.0,-0.0,-0.0,-0.0,-0.0,-0.0,-0.0,-0.0,-0.0,-0.0,-0.0,-0.0,-0.0,-0.0,-0.0,-0.0,-0.0,-0.0,-0.0,-0.0,-0.0,-0.0,-0.0,-0.0,-0.0,-0.0,-0.0,-0.0,-0.0,-0.0,-0.0,-0.0,-0.0,-0.0,-0.0,-0.0,-0.0,-0.0,-0.0,-2.9265024,-2.2538862,-2.4882013,-176.55364,-5.3734232,11.451268,-1388.5312999999999,.
2129.0,2989.6477,5.3983,12.2168,15.672461,2937.1761,0.0,0.0,0.0,0.0,0.0,0.0,0.0,0.0,0.0,0.0,0.0,0.0,0.0,0.0,0.0,0.0,0.0,0.0,0.0,0.0,0.0,0.0,0.0,0.0,0.0,0.0,0.0,0.0,0.0,0.0,0.0,0.0,0.0,0.0,0.0,0.0,0.0,0.0,0.0,0.0,0.0,0.0,0.0,0.0,0.0,0.0,0.0,0.0,0.0,0.0,0.0,0.0,0.0,0.0,0.0,0.0,0.0,0.0,0.0,0.0,0.0,0.0,0.0,0.0,8.881922,172.84121,62.242968,126.97658,0.0,42.052649,21.355139,89.349,173.879,64.3741,0.0,2.2441,90.9,0.7872673337722188,1.0000000005557308,0.9999999997544365,0.0602786961529188,0.2870629357393893,0.0,0.0,0.0,0.0,0.0,0.0,0.0,0.0,0.0,0.0,0.0,0.0,0.0,0.0,0.0,0.0,0.0,0.0,0.0,0.0,0.0,0.0,0.0,0.0,0.0,0.0,0.0,0.0,0.0,0.0,0.0,0.0,0.0,0.0,0.0,0.0,0.0,0.0,0.0,0.0,0.0,0.0,0.0,0.0,0.0,0.0,0.0,0.0,0.0,0.0,0.0,0.0,0.0,0.0,0.0,0.0,0.0,0.0,0.0,0.0,0.0,0.0,0.0,0.0,0.027165777168300206,0.4545467847129736,0.363639783282234,0.48485152445123636,0.0,0.09090931213521244,0.060606327366726664,0.9999999999776158,1.0000000000230047,0.999999999937863,0.0,1.0000000003119291,0.12500000000000003,12.055066,-4.7800574,-2.4056303,-87.393309,-12.055066,272.19811,76.498082,218.17773,90.623883,83.157714,58.051794,178.44834,104.53765,41.766929,51.342324,69.265415,63.205149,70.782301,19.202588,6.1796004,66.901533,55.094727,23.005921,44.735618,61.872075,90.923218,38.001362,14.022096,52.831669,174.36571,37.067154,67.501831,12.235812,10.319618,212.46594,49.533637,17.087222,49.443515,8.5621034,57.013394,32.335151,26.908093,40.604232,117.8438,15.333738,61.639959,21.026809,140.74338,55.67032,19.315182,53.971166,12.536141,29.946603,23.003145,9.2202325,3.6742106,7.4415924,23.552357,63.564565,6.3634047,8.1895028,10.556808,11.589932,17.393137,4.7901151,20.164598,45.564857,37.450658,14.681207,6.9576339,15.125772,13.447434,12.095653,2.3279836,5.5282266,9.8515055,-4.9787627,-4.0053144,-4.0165999,-323.07432,-9.7791771,12.055066,-1541.7584,.
2130.0,2843.5,5.3983,12.2168,30.232454,3130.3643,0.0,0.0,0.0,0.0,0.0,0.0,0.0,0.0,0.0,0.0,0.0,0.0,0.0,0.0,0.0,0.0,0.0,0.0,0.0,0.0,0.0,0.0,0.0,0.0,0.0,0.0,0.0,0.0,0.0,0.0,0.0,0.0,0.0,0.0,0.0,0.0,0.0,0.0,0.0,0.0,0.0,0.0,0.0,0.0,0.0,0.0,0.0,0.0,0.0,0.0,0.0,0.0,0.0,0.0,0.0,0.0,0.0,0.0,0.0,0.0,0.0,0.0,0.0,0.0,0.0,0.0,0.0,0.0,0.0,0.0,0.0,89.349,173.879,64.3741,0.162,2.2441,90.9,0.7487820934825543,1.0000000005557308,0.9999999997544362,0.11627866922898038,0.30594405486677456,0.0,0.0,0.0,0.0,0.0,0.0,0.0,0.0,0.0,0.0,0.0,0.0,0.0,0.0,0.0,0.0,0.0,0.0,0.0,0.0,0.0,0.0,0.0,0.0,0.0,0.0,0.0,0.0,0.0,0.0,0.0,0.0,0.0,0.0,0.0,0.0,0.0,0.0,0.0,0.0,0.0,0.0,0.0,0.0,0.0,0.0,0.0,0.0,0.0,0.0,0.0,0.0,0.0,0.0,0.0,0.0,0.0,0.0,0.0,0.0,0.0,0.0,0.0,0.0,0.0,0.0,0.0,0.0,0.0,0.0,0.0,0.9999999999776162,1.0000000000230045,0.9999999999378631,0.022188741268319434,1.000000000311929,0.12500000000000003,10.793918,-3.305939,-1.257802,-46.96804,-10.793918,-0.0,-0.0,-0.0,-0.0,-0.0,-0.0,-0.0,-0.0,-0.0,-0.0,-0.0,-0.0,-0.0,-0.0,-0.0,-0.0,-0.0,-0.0,-0.0,-0.0,-0.0,-0.0,-0.0,-0.0,-0.0,-0.0,-0.0,-0.0,-0.0,-0.0,-0.0,-0.0,-0.0,-0.0,-0.0,-0.0,-0.0,-0.0,-0.0,-0.0,-0.0,-0.0,-0.0,-0.0,-0.0,-0.0,-0.0,-0.0,-0.0,-0.0,-0.0,-0.0,-0.0,-0.0,-0.0,-0.0,-0.0,-0.0,-0.0,-0.0,-0.0,-0.0,-0.0,-0.0,-0.0,-0.0,-0.0,-0.0,-0.0,-0.0,-0.0,-2.7585092,-2.1245039,-2.3453684,-166.41874,-5.0649667,10.793918,-1695.5922000000003,.
2131.0,2989.6477,5.3983,12.2168,15.672461,2937.1761,0.0,0.0,0.0,0.0,0.0,0.0,0.0,0.0,0.0,0.0,0.0,0.0,0.0,0.0,0.0,0.0,0.0,0.0,0.0,0.0,0.0,0.0,0.0,0.0,0.0,0.0,0.0,0.0,0.0,0.0,0.0,0.0,0.0,0.0,0.0,0.0,0.0,0.0,0.0,0.0,0.0,0.0,0.0,0.0,0.0,0.0,0.0,0.0,0.0,0.0,0.0,0.0,0.0,0.0,0.0,0.0,0.0,0.0,0.0,0.0,0.0,0.0,0.0,0.0,8.881922,172.84121,62.242968,126.97658,0.0,42.052649,21.355139,89.349,173.879,64.3741,0.0,2.2441,90.9,0.7872673337722188,1.0000000005557306,0.9999999997544371,0.0602786961529188,0.2870629357393892,0.0,0.0,0.0,0.0,0.0,0.0,0.0,0.0,0.0,0.0,0.0,0.0,0.0,0.0,0.0,0.0,0.0,0.0,0.0,0.0,0.0,0.0,0.0,0.0,0.0,0.0,0.0,0.0,0.0,0.0,0.0,0.0,0.0,0.0,0.0,0.0,0.0,0.0,0.0,0.0,0.0,0.0,0.0,0.0,0.0,0.0,0.0,0.0,0.0,0.0,0.0,0.0,0.0,0.0,0.0,0.0,0.0,0.0,0.0,0.0,0.0,0.0,0.0,0.0,0.027165777168300206,0.45454678471297355,0.36363978328223406,0.4848515244512366,0.0,0.09090931213521244,0.060606327366726685,0.9999999999776165,1.0000000000230045,0.9999999999378634,0.0,1.0000000003119283,0.12500000000000003,11.363056,-4.5056626,-2.2675373,-82.376576,-11.363056,256.57282,72.106779,205.65343,85.421701,78.384121,54.719384,168.20468,98.536761,39.369336,48.395065,65.289296,59.576915,66.719107,18.100281,5.824866,63.061111,51.932065,21.685287,42.16761,58.320365,85.703854,35.819929,13.217171,49.798915,164.3564,34.939348,63.626949,11.533426,9.7272295,200.26953,46.690204,16.106346,46.605255,8.0706036,53.740592,30.478981,25.363458,38.273383,111.07908,14.453518,58.101573,19.819784,132.66413,52.474616,18.206412,50.873,11.816515,28.227545,21.68267,8.6909534,3.4632959,7.0144146,22.200355,59.915699,5.9981193,7.7193918,9.9508042,10.924623,16.3947,4.5151429,19.007067,42.949248,35.300837,13.838446,6.5582372,14.257491,12.675496,11.401313,2.1943478,5.2108838,9.2859887,-4.6929614,-3.7753929,-3.7860306,-304.52854,-9.2178123,11.363056,-1847.9961,.
2132.0,2843.5,5.3983,12.2168,30.232454,3130.3643,0.0,0.0,0.0,0.0,0.0,0.0,0.0,0.0,0.0,0.0,0.0,0.0,0.0,0.0,0.0,0.0,0.0,0.0,0.0,0.0,0.0,0.0,0.0,0.0,0.0,0.0,0.0,0.0,0.0,0.0,0.0,0.0,0.0,0.0,0.0,0.0,0.0,0.0,0.0,0.0,0.0,0.0,0.0,0.0,0.0,0.0,0.0,0.0,0.0,0.0,0.0,0.0,0.0,0.0,0.0,0.0,0.0,0.0,0.0,0.0,0.0,0.0,0.0,0.0,0.0,0.0,0.0,0.0,0.0,0.0,0.0,89.349,173.879,64.3741,0.162,2.2441,90.9,0.7487820934825543,1.0000000005557304,0.9999999997544368,0.11627866922898035,0.3059440548667739,0.0,0.0,0.0,0.0,0.0,0.0,0.0,0.0,0.0,0.0,0.0,0.0,0.0,0.0,0.0,0.0,0.0,0.0,0.0,0.0,0.0,0.0,0.0,0.0,0.0,0.0,0.0,0.0,0.0,0.0,0.0,0.0,0.0,0.0,0.0,0.0,0.0,0.0,0.0,0.0,0.0,0.0,0.0,0.0,0.0,0.0,0.0,0.0,0.0,0.0,0.0,0.0,0.0,0.0,0.0,0.0,0.0,0.0,0.0,0.0,0.0,0.0,0.0,0.0,0.0,0.0,0.0,0.0,0.0,0.0,0.0,0.9999999999776161,1.0000000000230045,0.999999999937863,0.02218874126831944,1.000000000311929,0.12500000000000003,10.174303,-3.1161646,-1.1855991,-44.271883,-10.174303,-0.0,-0.0,-0.0,-0.0,-0.0,-0.0,-0.0,-0.0,-0.0,-0.0,-0.0,-0.0,-0.0,-0.0,-0.0,-0.0,-0.0,-0.0,-0.0,-0.0,-0.0,-0.0,-0.0,-0.0,-0.0,-0.0,-0.0,-0.0,-0.0,-0.0,-0.0,-0.0,-0.0,-0.0,-0.0,-0.0,-0.0,-0.0,-0.0,-0.0,-0.0,-0.0,-0.0,-0.0,-0.0,-0.0,-0.0,-0.0,-0.0,-0.0,-0.0,-0.0,-0.0,-0.0,-0.0,-0.0,-0.0,-0.0,-0.0,-0.0,-0.0,-0.0,-0.0,-0.0,-0.0,-0.0,-0.0,-0.0,-0.0,-0.0,-0.0,-2.6001595,-2.0025487,-2.2107347,-156.86562,-4.7742169,10.174303,-2003.7589,.
2133.0,2989.6477,5.3983,12.2168,15.672461,2937.1761,0.0,0.0,0.0,0.0,0.0,0.0,0.0,0.0,0.0,0.0,0.0,0.0,0.0,0.0,0.0,0.0,0.0,0.0,0.0,0.0,0.0,0.0,0.0,0.0,0.0,0.0,0.0,0.0,0.0,0.0,0.0,0.0,0.0,0.0,0.0,0.0,0.0,0.0,0.0,0.0,0.0,0.0,0.0,0.0,0.0,0.0,0.0,0.0,0.0,0.0,0.0,0.0,0.0,0.0,0.0,0.0,0.0,0.0,0.0,0.0,0.0,0.0,0.0,0.0,8.881922,172.84121,62.242968,126.97658,0.0,42.052649,21.355139,89.349,173.879,64.3741,0.0,2.2441,90.9,0.7872673337722184,1.0000000005557308,0.9999999997544367,0.060278696152918775,0.2870629357393893,0.0,0.0,0.0,0.0,0.0,0.0,0.0,0.0,0.0,0.0,0.0,0.0,0.0,0.0,0.0,0.0,0.0,0.0,0.0,0.0,0.0,0.0,0.0,0.0,0.0,0.0,0.0,0.0,0.0,0.0,0.0,0.0,0.0,0.0,0.0,0.0,0.0,0.0,0.0,0.0,0.0,0.0,0.0,0.0,0.0,0.0,0.0,0.0,0.0,0.0,0.0,0.0,0.0,0.0,0.0,0.0,0.0,0.0,0.0,0.0,0.0,0.0,0.0,0.0,0.027165777168300216,0.4545467847129735,0.363639783282234,0.48485152445123636,0.0,0.09090931213521243,0.060606327366726664,0.9999999999776156,1.0000000000230045,0.9999999999378634,0.0,1.000000000311929,0.12500000000000003,10.71077,-4.2470191,-2.1373714,-77.647823,-10.71077,241.84449,67.967555,193.84808,80.518146,73.884552,51.578267,158.54904,92.880348,37.109375,45.61699,61.541424,56.156956,62.889157,17.061251,5.4904949,59.441145,48.950952,20.440463,39.747017,54.972538,80.784102,33.763718,12.458451,46.940253,154.92167,32.933686,59.974502,10.87136,9.1688468,188.77324,44.009995,15.181776,43.929922,7.607318,50.655662,28.729363,23.907492,36.076334,104.70269,13.623827,54.766305,18.682048,125.04867,49.462358,17.161289,47.952682,11.138199,26.607169,20.437996,8.1920571,3.2644885,6.6117585,20.925964,56.476292,5.6538027,7.2762672,9.3795873,10.297505,15.453577,4.2559552,17.915984,40.483785,33.274424,13.044062,6.1817676,13.439052,11.947871,10.746831,2.0683832,4.9117578,8.752935,-4.4235662,-3.5586699,-3.568697,-287.04735,-8.6886722,10.71077,-2156.9408000000003,.
2134.0,2843.5,5.3983,12.2168,30.232454,3130.3643,0.0,0.0,0.0,0.0,0.0,0.0,0.0,0.0,0.0,0.0,0.0,0.0,0.0,0.0,0.0,0.0,0.0,0.0,0.0,0.0,0.0,0.0,0.0,0.0,0.0,0.0,0.0,0.0,0.0,0.0,0.0,0.0,0.0,0.0,0.0,0.0,0.0,0.0,0.0,0.0,0.0,0.0,0.0,0.0,0.0,0.0,0.0,0.0,0.0,0.0,0.0,0.0,0.0,0.0,0.0,0.0,0.0,0.0,0.0,0.0,0.0,0.0,0.0,0.0,0.0,0.0,0.0,0.0,0.0,0.0,0.0,89.349,173.879,64.3741,0.162,2.2441,90.9,0.7487820934825545,1.0000000005557312,0.9999999997544369,0.1162786692289803,0.3059440548667741,0.0,0.0,0.0,0.0,0.0,0.0,0.0,0.0,0.0,0.0,0.0,0.0,0.0,0.0,0.0,0.0,0.0,0.0,0.0,0.0,0.0,0.0,0.0,0.0,0.0,0.0,0.0,0.0,0.0,0.0,0.0,0.0,0.0,0.0,0.0,0.0,0.0,0.0,0.0,0.0,0.0,0.0,0.0,0.0,0.0,0.0,0.0,0.0,0.0,0.0,0.0,0.0,0.0,0.0,0.0,0.0,0.0,0.0,0.0,0.0,0.0,0.0,0.0,0.0,0.0,0.0,0.0,0.0,0.0,0.0,0.0,0.9999999999776155,1.0000000000230052,0.9999999999378634,0.022188741268319424,1.0000000003119294,0.12500000000000003,9.5902564,-2.937284,-1.1175408,-41.730495,-9.5902564,-0.0,-0.0,-0.0,-0.0,-0.0,-0.0,-0.0,-0.0,-0.0,-0.0,-0.0,-0.0,-0.0,-0.0,-0.0,-0.0,-0.0,-0.0,-0.0,-0.0,-0.0,-0.0,-0.0,-0.0,-0.0,-0.0,-0.0,-0.0,-0.0,-0.0,-0.0,-0.0,-0.0,-0.0,-0.0,-0.0,-0.0,-0.0,-0.0,-0.0,-0.0,-0.0,-0.0,-0.0,-0.0,-0.0,-0.0,-0.0,-0.0,-0.0,-0.0,-0.0,-0.0,-0.0,-0.0,-0.0,-0.0,-0.0,-0.0,-0.0,-0.0,-0.0,-0.0,-0.0,-0.0,-0.0,-0.0,-0.0,-0.0,-0.0,-0.0,-2.4508997,-1.8875942,-2.0838295,-147.86089,-4.5001573,9.5902564,-2314.1949000000004,.
2135.0,2989.6477,5.3983,12.2168,15.672461,2937.1761,0.0,0.0,0.0,0.0,0.0,0.0,0.0,0.0,0.0,0.0,0.0,0.0,0.0,0.0,0.0,0.0,0.0,0.0,0.0,0.0,0.0,0.0,0.0,0.0,0.0,0.0,0.0,0.0,0.0,0.0,0.0,0.0,0.0,0.0,0.0,0.0,0.0,0.0,0.0,0.0,0.0,0.0,0.0,0.0,0.0,0.0,0.0,0.0,0.0,0.0,0.0,0.0,0.0,0.0,0.0,0.0,0.0,0.0,0.0,0.0,0.0,0.0,0.0,0.0,8.881922,172.84121,62.242968,126.97658,0.0,42.052649,21.355139,89.349,173.879,64.3741,0.0,2.2441,90.9,0.7872673337722187,1.0000000005557306,0.9999999997544368,0.060278696152918816,0.2870629357393894,0.0,0.0,0.0,0.0,0.0,0.0,0.0,0.0,0.0,0.0,0.0,0.0,0.0,0.0,0.0,0.0,0.0,0.0,0.0,0.0,0.0,0.0,0.0,0.0,0.0,0.0,0.0,0.0,0.0,0.0,0.0,0.0,0.0,0.0,0.0,0.0,0.0,0.0,0.0,0.0,0.0,0.0,0.0,0.0,0.0,0.0,0.0,0.0,0.0,0.0,0.0,0.0,0.0,0.0,0.0,0.0,0.0,0.0,0.0,0.0,0.0,0.0,0.0,0.0,0.027165777168300216,0.45454678471297355,0.363639783282234,0.48485152445123647,0.0,0.09090931213521243,0.06060632736672668,0.9999999999776154,1.000000000023004,0.9999999999378636,0.0,1.0000000003119291,0.12500000000000003,10.095928,-4.0032228,-2.0146775,-73.190521,-10.095928,227.96163,64.065939,182.72041,75.896075,69.643276,48.617464,149.44768,87.548636,34.979145,42.998388,58.008694,52.933317,59.279062,16.081865,5.175318,56.02898,46.140967,19.267097,37.465376,51.816889,76.146764,31.825543,11.743285,44.245691,146.02854,31.043158,56.53172,10.2473,8.6425175,177.93688,41.483642,14.31028,41.408165,7.1706268,47.74782,27.08018,22.535104,34.005405,98.692328,12.841764,51.622495,17.609622,117.87036,46.623017,16.176161,45.200001,10.498821,25.079808,19.264772,7.7217995,3.0770935,6.2322165,19.724728,53.234322,5.3292513,6.8585797,8.8411607,9.706386,14.566478,4.011646,16.887533,38.15985,31.364336,12.29528,5.8269088,12.667596,11.262014,10.129919,1.9496496,4.6298028,8.2504807,-4.1696354,-3.3543877,-3.3638392,-270.56966,-8.1899069,10.095928,-2469.0749000000005,.
2136.0,2843.5,5.3983,12.2168,30.232454,3130.3643,0.0,0.0,0.0,0.0,0.0,0.0,0.0,0.0,0.0,0.0,0.0,0.0,0.0,0.0,0.0,0.0,0.0,0.0,0.0,0.0,0.0,0.0,0.0,0.0,0.0,0.0,0.0,0.0,0.0,0.0,0.0,0.0,0.0,0.0,0.0,0.0,0.0,0.0,0.0,0.0,0.0,0.0,0.0,0.0,0.0,0.0,0.0,0.0,0.0,0.0,0.0,0.0,0.0,0.0,0.0,0.0,0.0,0.0,0.0,0.0,0.0,0.0,0.0,0.0,0.0,0.0,0.0,0.0,0.0,0.0,0.0,89.349,173.879,64.3741,0.162,2.2441,90.9,0.7487820934825543,1.0000000005557306,0.9999999997544363,0.11627866922898035,0.30594405486677434,0.0,0.0,0.0,0.0,0.0,0.0,0.0,0.0,0.0,0.0,0.0,0.0,0.0,0.0,0.0,0.0,0.0,0.0,0.0,0.0,0.0,0.0,0.0,0.0,0.0,0.0,0.0,0.0,0.0,0.0,0.0,0.0,0.0,0.0,0.0,0.0,0.0,0.0,0.0,0.0,0.0,0.0,0.0,0.0,0.0,0.0,0.0,0.0,0.0,0.0,0.0,0.0,0.0,0.0,0.0,0.0,0.0,0.0,0.0,0.0,0.0,0.0,0.0,0.0,0.0,0.0,0.0,0.0,0.0,0.0,0.0,0.9999999999776166,1.0000000000230045,0.9999999999378634,0.022188741268319434,1.000000000311929,0.12500000000000003,9.0397365,-2.7686719,-1.0533894,-39.334994,-9.0397365,-0.0,-0.0,-0.0,-0.0,-0.0,-0.0,-0.0,-0.0,-0.0,-0.0,-0.0,-0.0,-0.0,-0.0,-0.0,-0.0,-0.0,-0.0,-0.0,-0.0,-0.0,-0.0,-0.0,-0.0,-0.0,-0.0,-0.0,-0.0,-0.0,-0.0,-0.0,-0.0,-0.0,-0.0,-0.0,-0.0,-0.0,-0.0,-0.0,-0.0,-0.0,-0.0,-0.0,-0.0,-0.0,-0.0,-0.0,-0.0,-0.0,-0.0,-0.0,-0.0,-0.0,-0.0,-0.0,-0.0,-0.0,-0.0,-0.0,-0.0,-0.0,-0.0,-0.0,-0.0,-0.0,-0.0,-0.0,-0.0,-0.0,-0.0,-0.0,-2.3102081,-1.7792385,-1.9642091,-139.37307,-4.2418299,9.0397365,-2627.8129,.
2137.0,2989.6477,5.3983,12.2168,15.672461,2937.1761,0.0,0.0,0.0,0.0,0.0,0.0,0.0,0.0,0.0,0.0,0.0,0.0,0.0,0.0,0.0,0.0,0.0,0.0,0.0,0.0,0.0,0.0,0.0,0.0,0.0,0.0,0.0,0.0,0.0,0.0,0.0,0.0,0.0,0.0,0.0,0.0,0.0,0.0,0.0,0.0,0.0,0.0,0.0,0.0,0.0,0.0,0.0,0.0,0.0,0.0,0.0,0.0,0.0,0.0,0.0,0.0,0.0,0.0,0.0,0.0,0.0,0.0,0.0,0.0,8.881922,172.84121,62.242968,126.97658,0.0,42.052649,21.355139,89.349,173.879,64.3741,0.0,2.2441,90.9,0.7872673337722188,1.0000000005557308,0.9999999997544367,0.060278696152918775,0.287062935739389,0.0,0.0,0.0,0.0,0.0,0.0,0.0,0.0,0.0,0.0,0.0,0.0,0.0,0.0,0.0,0.0,0.0,0.0,0.0,0.0,0.0,0.0,0.0,0.0,0.0,0.0,0.0,0.0,0.0,0.0,0.0,0.0,0.0,0.0,0.0,0.0,0.0,0.0,0.0,0.0,0.0,0.0,0.0,0.0,0.0,0.0,0.0,0.0,0.0,0.0,0.0,0.0,0.0,0.0,0.0,0.0,0.0,0.0,0.0,0.0,0.0,0.0,0.0,0.0,0.027165777168300206,0.4545467847129736,0.36363978328223406,0.48485152445123647,0.0,0.09090931213521246,0.060606327366726664,0.9999999999776161,1.000000000023005,0.9999999999378634,0.0,1.0000000003119283,0.12500000000000003,9.5163807,-3.7734215,-1.8990268,-68.989085,-9.5163807,214.8757,60.388292,172.23151,71.53933,65.645467,45.826623,140.86877,82.522986,32.971199,40.530105,54.678758,49.894728,55.876202,15.1587,4.8782336,52.812688,43.492287,18.161087,35.31471,48.842388,71.775628,29.998626,11.069172,41.705807,137.6459,29.261154,53.286568,9.6590628,8.1464016,167.72258,39.102311,13.488811,39.031167,6.7590035,45.0069,25.525667,21.241497,32.053356,93.026984,12.104594,48.659153,16.598757,111.10412,43.946665,15.247583,42.605336,9.8961455,23.640125,18.158895,7.2785367,2.9004558,5.8744618,18.592448,50.178454,5.0233304,6.4648691,8.3336419,9.1491997,13.730303,3.7813611,15.91812,35.969319,29.563895,11.589481,5.4924204,11.940424,10.615529,9.5484201,1.8377317,4.3640332,7.7768694,-3.9302813,-3.1618322,-3.170741,-255.03786,-7.7197727,9.5163807,-2785.0348000000004,.
2138.0,2843.5,5.3983,12.2168,30.232454,3130.3643,0.0,0.0,0.0,0.0,0.0,0.0,0.0,0.0,0.0,0.0,0.0,0.0,0.0,0.0,0.0,0.0,0.0,0.0,0.0,0.0,0.0,0.0,0.0,0.0,0.0,0.0,0.0,0.0,0.0,0.0,0.0,0.0,0.0,0.0,0.0,0.0,0.0,0.0,0.0,0.0,0.0,0.0,0.0,0.0,0.0,0.0,0.0,0.0,0.0,0.0,0.0,0.0,0.0,0.0,0.0,0.0,0.0,0.0,0.0,0.0,0.0,0.0,0.0,0.0,0.0,0.0,0.0,0.0,0.0,0.0,0.0,89.349,173.879,64.3741,0.162,2.2441,90.9,0.7487820934825545,1.0000000005557308,0.9999999997544362,0.1162786692289804,0.3059440548667742,0.0,0.0,0.0,0.0,0.0,0.0,0.0,0.0,0.0,0.0,0.0,0.0,0.0,0.0,0.0,0.0,0.0,0.0,0.0,0.0,0.0,0.0,0.0,0.0,0.0,0.0,0.0,0.0,0.0,0.0,0.0,0.0,0.0,0.0,0.0,0.0,0.0,0.0,0.0,0.0,0.0,0.0,0.0,0.0,0.0,0.0,0.0,0.0,0.0,0.0,0.0,0.0,0.0,0.0,0.0,0.0,0.0,0.0,0.0,0.0,0.0,0.0,0.0,0.0,0.0,0.0,0.0,0.0,0.0,0.0,0.0,0.9999999999776161,1.0000000000230047,0.9999999999378628,0.022188741268319438,1.0000000003119285,0.12500000000000003,8.5208186,-2.6097388,-0.99292055,-37.077005,-8.5208186,-0.0,-0.0,-0.0,-0.0,-0.0,-0.0,-0.0,-0.0,-0.0,-0.0,-0.0,-0.0,-0.0,-0.0,-0.0,-0.0,-0.0,-0.0,-0.0,-0.0,-0.0,-0.0,-0.0,-0.0,-0.0,-0.0,-0.0,-0.0,-0.0,-0.0,-0.0,-0.0,-0.0,-0.0,-0.0,-0.0,-0.0,-0.0,-0.0,-0.0,-0.0,-0.0,-0.0,-0.0,-0.0,-0.0,-0.0,-0.0,-0.0,-0.0,-0.0,-0.0,-0.0,-0.0,-0.0,-0.0,-0.0,-0.0,-0.0,-0.0,-0.0,-0.0,-0.0,-0.0,-0.0,-0.0,-0.0,-0.0,-0.0,-0.0,-0.0,-2.1775927,-1.677103,-1.8514555,-131.37249,-3.9983315,8.5208186,-2942.1011,.
2139.0,2989.6477,5.3983,12.2168,15.672461,2937.1761,0.0,0.0,0.0,0.0,0.0,0.0,0.0,0.0,0.0,0.0,0.0,0.0,0.0,0.0,0.0,0.0,0.0,0.0,0.0,0.0,0.0,0.0,0.0,0.0,0.0,0.0,0.0,0.0,0.0,0.0,0.0,0.0,0.0,0.0,0.0,0.0,0.0,0.0,0.0,0.0,0.0,0.0,0.0,0.0,0.0,0.0,0.0,0.0,0.0,0.0,0.0,0.0,0.0,0.0,0.0,0.0,0.0,0.0,0.0,0.0,0.0,0.0,0.0,0.0,8.881922,172.84121,62.242968,126.97658,0.0,42.052649,21.355139,89.349,173.879,64.3741,0.0,2.2441,90.9,0.7872673337722186,1.0000000005557306,0.9999999997544369,0.0602786961529188,0.28706293573938935,0.0,0.0,0.0,0.0,0.0,0.0,0.0,0.0,0.0,0.0,0.0,0.0,0.0,0.0,0.0,0.0,0.0,0.0,0.0,0.0,0.0,0.0,0.0,0.0,0.0,0.0,0.0,0.0,0.0,0.0,0.0,0.0,0.0,0.0,0.0,0.0,0.0,0.0,0.0,0.0,0.0,0.0,0.0,0.0,0.0,0.0,0.0,0.0,0.0,0.0,0.0,0.0,0.0,0.0,0.0,0.0,0.0,0.0,0.0,0.0,0.0,0.0,0.0,0.0,0.027165777168300216,0.45454678471297355,0.3636397832822342,0.48485152445123636,0.0,0.09090931213521242,0.06060632736672668,0.9999999999776161,1.0000000000230047,0.9999999999378636,0.0,1.000000000311929,0.12500000000000003,8.9701015,-3.5568116,-1.7900149,-65.02883,-8.9701015,202.54096,56.921757,162.34472,67.43268,61.877149,43.195987,132.78233,77.785829,31.078518,38.203511,51.539974,47.030567,52.668679,14.288529,4.598203,49.781023,40.995651,17.118566,33.287501,46.038635,67.655414,28.276582,10.433757,39.311723,129.74446,27.581444,50.227701,9.1045931,7.6787648,158.09461,36.857678,12.714498,36.790618,6.371009,42.423319,24.060389,20.022148,30.213362,87.686855,11.409741,45.865918,15.645921,104.72629,41.423946,14.37231,40.159616,9.3280662,22.283085,17.1165,6.8607189,2.7339577,5.5372436,17.525165,47.298006,4.7349707,6.0937592,7.8552567,8.6239982,12.942127,3.5642955,15.004354,33.904533,27.866806,10.924197,5.177133,11.254995,10.006154,9.0003017,1.7322384,4.1135198,7.3304453,-3.7046671,-2.9803301,-2.9887275,-240.39764,-7.2766262,8.9701015,-3101.241,.
2140.0,2843.5,5.3983,12.2168,30.232454,3130.3643,0.0,0.0,0.0,0.0,0.0,0.0,0.0,0.0,0.0,0.0,0.0,0.0,0.0,0.0,0.0,0.0,0.0,0.0,0.0,0.0,0.0,0.0,0.0,0.0,0.0,0.0,0.0,0.0,0.0,0.0,0.0,0.0,0.0,0.0,0.0,0.0,0.0,0.0,0.0,0.0,0.0,0.0,0.0,0.0,0.0,0.0,0.0,0.0,0.0,0.0,0.0,0.0,0.0,0.0,0.0,0.0,0.0,0.0,0.0,0.0,0.0,0.0,0.0,0.0,0.0,0.0,0.0,0.0,0.0,0.0,0.0,89.349,173.879,64.3741,0.162,2.2441,90.9,0.7487820934825545,1.0000000005557301,0.9999999997544371,0.11627866922898038,0.3059440548667738,0.0,0.0,0.0,0.0,0.0,0.0,0.0,0.0,0.0,0.0,0.0,0.0,0.0,0.0,0.0,0.0,0.0,0.0,0.0,0.0,0.0,0.0,0.0,0.0,0.0,0.0,0.0,0.0,0.0,0.0,0.0,0.0,0.0,0.0,0.0,0.0,0.0,0.0,0.0,0.0,0.0,0.0,0.0,0.0,0.0,0.0,0.0,0.0,0.0,0.0,0.0,0.0,0.0,0.0,0.0,0.0,0.0,0.0,0.0,0.0,0.0,0.0,0.0,0.0,0.0,0.0,0.0,0.0,0.0,0.0,0.0,0.9999999999776155,1.000000000023005,0.9999999999378631,0.022188741268319438,1.0000000003119287,0.12500000000000003,8.0316888,-2.4599291,-0.93592285,-34.948633,-8.0316888,-0.0,-0.0,-0.0,-0.0,-0.0,-0.0,-0.0,-0.0,-0.0,-0.0,-0.0,-0.0,-0.0,-0.0,-0.0,-0.0,-0.0,-0.0,-0.0,-0.0,-0.0,-0.0,-0.0,-0.0,-0.0,-0.0,-0.0,-0.0,-0.0,-0.0,-0.0,-0.0,-0.0,-0.0,-0.0,-0.0,-0.0,-0.0,-0.0,-0.0,-0.0,-0.0,-0.0,-0.0,-0.0,-0.0,-0.0,-0.0,-0.0,-0.0,-0.0,-0.0,-0.0,-0.0,-0.0,-0.0,-0.0,-0.0,-0.0,-0.0,-0.0,-0.0,-0.0,-0.0,-0.0,-0.0,-0.0,-0.0,-0.0,-0.0,-0.0,-2.0525899,-1.5808304,-1.7451744,-123.83117,-3.7688109,8.0316888,-3255.8334999999997,.
2141.0,2989.6477,5.3983,12.2168,15.672461,2937.1761,0.0,0.0,0.0,0.0,0.0,0.0,0.0,0.0,0.0,0.0,0.0,0.0,0.0,0.0,0.0,0.0,0.0,0.0,0.0,0.0,0.0,0.0,0.0,0.0,0.0,0.0,0.0,0.0,0.0,0.0,0.0,0.0,0.0,0.0,0.0,0.0,0.0,0.0,0.0,0.0,0.0,0.0,0.0,0.0,0.0,0.0,0.0,0.0,0.0,0.0,0.0,0.0,0.0,0.0,0.0,0.0,0.0,0.0,0.0,0.0,0.0,0.0,0.0,0.0,8.881922,172.84121,62.242968,126.97658,0.0,42.052649,21.355139,89.349,173.879,64.3741,0.0,2.2441,90.9,0.7872673337722185,1.0000000005557308,0.9999999997544368,0.06027869615291879,0.28706293573938924,0.0,0.0,0.0,0.0,0.0,0.0,0.0,0.0,0.0,0.0,0.0,0.0,0.0,0.0,0.0,0.0,0.0,0.0,0.0,0.0,0.0,0.0,0.0,0.0,0.0,0.0,0.0,0.0,0.0,0.0,0.0,0.0,0.0,0.0,0.0,0.0,0.0,0.0,0.0,0.0,0.0,0.0,0.0,0.0,0.0,0.0,0.0,0.0,0.0,0.0,0.0,0.0,0.0,0.0,0.0,0.0,0.0,0.0,0.0,0.0,0.0,0.0,0.0,0.0,0.02716577716830021,0.45454678471297355,0.3636397832822341,0.48485152445123636,0.0,0.09090931213521243,0.060606327366726664,0.9999999999776154,1.0000000000230043,0.9999999999378634,0.0,1.000000000311929,0.12500000000000003,8.455181,-3.3526361,-1.6872607,-61.295909,-8.455181,190.91428,53.654215,153.02547,63.561768,58.325148,40.716361,125.16008,73.320604,29.294484,36.010473,48.581368,44.33082,49.645282,13.468309,4.3342474,46.923389,38.642333,16.13589,31.376662,43.395829,63.771716,26.653391,9.8348163,37.05507,122.2966,25.998156,47.344426,8.5819522,7.2379723,149.01934,34.741897,11.984634,34.678686,6.005287,39.988047,22.679225,18.872795,28.478992,82.653271,10.754775,43.233027,14.747781,98.714572,39.046042,13.54728,37.85429,8.7925971,21.003945,16.133943,6.4668855,2.5770174,5.2193832,16.519149,44.582907,4.463164,5.7439525,7.4043329,8.1289454,12.199196,3.3596903,14.143043,31.958274,26.267138,10.297103,4.8799444,10.608912,9.4317596,8.4836476,1.6328008,3.8773869,6.9096477,-3.492004,-2.8092469,-2.8171623,-226.59783,-6.8589181,8.455181,-3407.3126,.
2142.0,2843.5,5.3983,12.2168,30.232454,3130.3643,0.0,0.0,0.0,0.0,0.0,0.0,0.0,0.0,0.0,0.0,0.0,0.0,0.0,0.0,0.0,0.0,0.0,0.0,0.0,0.0,0.0,0.0,0.0,0.0,0.0,0.0,0.0,0.0,0.0,0.0,0.0,0.0,0.0,0.0,0.0,0.0,0.0,0.0,0.0,0.0,0.0,0.0,0.0,0.0,0.0,0.0,0.0,0.0,0.0,0.0,0.0,0.0,0.0,0.0,0.0,0.0,0.0,0.0,0.0,0.0,0.0,0.0,0.0,0.0,0.0,0.0,0.0,0.0,0.0,0.0,0.0,89.349,173.879,64.3741,0.162,2.2441,90.9,0.7487820934825544,1.0000000005557306,0.9999999997544369,0.1162786692289803,0.3059440548667745,0.0,0.0,0.0,0.0,0.0,0.0,0.0,0.0,0.0,0.0,0.0,0.0,0.0,0.0,0.0,0.0,0.0,0.0,0.0,0.0,0.0,0.0,0.0,0.0,0.0,0.0,0.0,0.0,0.0,0.0,0.0,0.0,0.0,0.0,0.0,0.0,0.0,0.0,0.0,0.0,0.0,0.0,0.0,0.0,0.0,0.0,0.0,0.0,0.0,0.0,0.0,0.0,0.0,0.0,0.0,0.0,0.0,0.0,0.0,0.0,0.0,0.0,0.0,0.0,0.0,0.0,0.0,0.0,0.0,0.0,0.0,0.9999999999776158,1.0000000000230045,0.9999999999378634,0.022188741268319424,1.0000000003119287,0.12500000000000003,7.570637,-2.3187191,-0.88219705,-32.942438,-7.570637,-0.0,-0.0,-0.0,-0.0,-0.0,-0.0,-0.0,-0.0,-0.0,-0.0,-0.0,-0.0,-0.0,-0.0,-0.0,-0.0,-0.0,-0.0,-0.0,-0.0,-0.0,-0.0,-0.0,-0.0,-0.0,-0.0,-0.0,-0.0,-0.0,-0.0,-0.0,-0.0,-0.0,-0.0,-0.0,-0.0,-0.0,-0.0,-0.0,-0.0,-0.0,-0.0,-0.0,-0.0,-0.0,-0.0,-0.0,-0.0,-0.0,-0.0,-0.0,-0.0,-0.0,-0.0,-0.0,-0.0,-0.0,-0.0,-0.0,-0.0,-0.0,-0.0,-0.0,-0.0,-0.0,-0.0,-0.0,-0.0,-0.0,-0.0,-0.0,-1.9347629,-1.4900843,-1.6449942,-116.72275,-3.5524658,7.570637,-3556.0874999999996,.
2143.0,2989.6477,5.3983,12.2168,15.672461,2937.1761,0.0,0.0,0.0,0.0,0.0,0.0,0.0,0.0,0.0,0.0,0.0,0.0,0.0,0.0,0.0,0.0,0.0,0.0,0.0,0.0,0.0,0.0,0.0,0.0,0.0,0.0,0.0,0.0,0.0,0.0,0.0,0.0,0.0,0.0,0.0,0.0,0.0,0.0,0.0,0.0,0.0,0.0,0.0,0.0,0.0,0.0,0.0,0.0,0.0,0.0,0.0,0.0,0.0,0.0,0.0,0.0,0.0,0.0,0.0,0.0,0.0,0.0,0.0,0.0,8.881922,172.84121,62.242968,126.97658,0.0,42.052649,21.355139,89.349,173.879,64.3741,0.0,2.2441,90.9,0.7872673337722187,1.000000000555731,0.9999999997544368,0.0602786961529188,0.28706293573938907,0.0,0.0,0.0,0.0,0.0,0.0,0.0,0.0,0.0,0.0,0.0,0.0,0.0,0.0,0.0,0.0,0.0,0.0,0.0,0.0,0.0,0.0,0.0,0.0,0.0,0.0,0.0,0.0,0.0,0.0,0.0,0.0,0.0,0.0,0.0,0.0,0.0,0.0,0.0,0.0,0.0,0.0,0.0,0.0,0.0,0.0,0.0,0.0,0.0,0.0,0.0,0.0,0.0,0.0,0.0,0.0,0.0,0.0,0.0,0.0,0.0,0.0,0.0,0.0,0.027165777168300206,0.45454678471297355,0.36363978328223406,0.48485152445123647,0.0,0.09090931213521244,0.06060632736672668,0.9999999999776158,1.0000000000230043,0.999999999937863,0.0,1.0000000003119291,0.12500000000000003,7.969819,-3.1601811,-1.590405,-57.777273,-7.969819,179.95502,50.574244,144.24118,59.913062,54.977046,38.379075,117.97538,69.111702,27.61286,33.943325,45.792599,41.786049,46.795439,12.695173,4.0854438,44.229794,36.424105,15.209624,29.575513,40.904731,60.110959,25.123377,9.2702576,34.927957,115.27627,24.505755,44.626662,8.0893131,6.8224831,140.46502,32.74757,11.296667,32.687988,5.660559,37.69257,21.377344,17.789419,26.844181,77.908635,10.137407,40.751274,13.901198,93.047952,36.80464,12.769611,35.681299,8.287866,19.798232,15.207789,6.0956599,2.429086,4.9197692,15.570882,42.023666,4.2069602,5.4142261,6.9792939,7.6623107,11.498913,3.1668304,13.331175,30.123738,24.759297,9.7060075,4.5998156,9.999917,8.890338,7.9966515,1.5390714,3.6548091,6.5130057,-3.2915487,-2.6479847,-2.6554457,-213.59019,-6.4651881,7.969819,-3702.0496000000003,.
2144.0,2843.5,5.3983,12.2168,30.232454,3130.3643,0.0,0.0,0.0,0.0,0.0,0.0,0.0,0.0,0.0,0.0,0.0,0.0,0.0,0.0,0.0,0.0,0.0,0.0,0.0,0.0,0.0,0.0,0.0,0.0,0.0,0.0,0.0,0.0,0.0,0.0,0.0,0.0,0.0,0.0,0.0,0.0,0.0,0.0,0.0,0.0,0.0,0.0,0.0,0.0,0.0,0.0,0.0,0.0,0.0,0.0,0.0,0.0,0.0,0.0,0.0,0.0,0.0,0.0,0.0,0.0,0.0,0.0,0.0,0.0,0.0,0.0,0.0,0.0,0.0,0.0,0.0,89.349,173.879,64.3741,0.162,2.2441,90.9,0.7487820934825543,1.0000000005557308,0.9999999997544363,0.11627866922898038,0.30594405486677423,0.0,0.0,0.0,0.0,0.0,0.0,0.0,0.0,0.0,0.0,0.0,0.0,0.0,0.0,0.0,0.0,0.0,0.0,0.0,0.0,0.0,0.0,0.0,0.0,0.0,0.0,0.0,0.0,0.0,0.0,0.0,0.0,0.0,0.0,0.0,0.0,0.0,0.0,0.0,0.0,0.0,0.0,0.0,0.0,0.0,0.0,0.0,0.0,0.0,0.0,0.0,0.0,0.0,0.0,0.0,0.0,0.0,0.0,0.0,0.0,0.0,0.0,0.0,0.0,0.0,0.0,0.0,0.0,0.0,0.0,0.0,0.9999999999776161,1.0000000000230047,0.999999999937863,0.022188741268319438,1.0000000003119291,0.12500000000000003,7.1360515,-2.1856152,-0.83155533,-31.051408,-7.1360515,-0.0,-0.0,-0.0,-0.0,-0.0,-0.0,-0.0,-0.0,-0.0,-0.0,-0.0,-0.0,-0.0,-0.0,-0.0,-0.0,-0.0,-0.0,-0.0,-0.0,-0.0,-0.0,-0.0,-0.0,-0.0,-0.0,-0.0,-0.0,-0.0,-0.0,-0.0,-0.0,-0.0,-0.0,-0.0,-0.0,-0.0,-0.0,-0.0,-0.0,-0.0,-0.0,-0.0,-0.0,-0.0,-0.0,-0.0,-0.0,-0.0,-0.0,-0.0,-0.0,-0.0,-0.0,-0.0,-0.0,-0.0,-0.0,-0.0,-0.0,-0.0,-0.0,-0.0,-0.0,-0.0,-0.0,-0.0,-0.0,-0.0,-0.0,-0.0,-1.8236996,-1.4045473,-1.5505648,-110.02239,-3.3485397,7.1360515,-3844.6011,.
2145.0,2989.6477,5.3983,12.2168,15.672461,2937.1761,0.0,0.0,0.0,0.0,0.0,0.0,0.0,0.0,0.0,0.0,0.0,0.0,0.0,0.0,0.0,0.0,0.0,0.0,0.0,0.0,0.0,0.0,0.0,0.0,0.0,0.0,0.0,0.0,0.0,0.0,0.0,0.0,0.0,0.0,0.0,0.0,0.0,0.0,0.0,0.0,0.0,0.0,0.0,0.0,0.0,0.0,0.0,0.0,0.0,0.0,0.0,0.0,0.0,0.0,0.0,0.0,0.0,0.0,0.0,0.0,0.0,0.0,0.0,0.0,8.881922,172.84121,62.242968,126.97658,0.0,42.052649,21.355139,89.349,173.879,64.3741,0.0,2.2441,90.9,0.7872673337722188,1.0000000005557308,0.9999999997544371,0.0602786961529188,0.28706293573938924,0.0,0.0,0.0,0.0,0.0,0.0,0.0,0.0,0.0,0.0,0.0,0.0,0.0,0.0,0.0,0.0,0.0,0.0,0.0,0.0,0.0,0.0,0.0,0.0,0.0,0.0,0.0,0.0,0.0,0.0,0.0,0.0,0.0,0.0,0.0,0.0,0.0,0.0,0.0,0.0,0.0,0.0,0.0,0.0,0.0,0.0,0.0,0.0,0.0,0.0,0.0,0.0,0.0,0.0,0.0,0.0,0.0,0.0,0.0,0.0,0.0,0.0,0.0,0.0,0.02716577716830021,0.4545467847129736,0.36363978328223406,0.4848515244512366,0.0,0.09090931213521244,0.06060632736672668,0.9999999999776162,1.0000000000230047,0.9999999999378634,0.0,1.000000000311928,0.12500000000000003,7.5123188,-2.9787737,-1.4991093,-54.460621,-7.5123188,169.62486,47.671075,135.96115,56.473808,51.821138,36.175959,111.20311,65.144407,26.027769,31.994839,43.163916,39.387359,44.10919,11.966418,3.8509226,41.690823,34.333213,14.33653,27.877758,38.556632,56.660344,23.681193,8.7381069,32.922949,108.65894,23.099025,42.064909,7.6249534,6.4308447,132.40175,30.867725,10.648192,30.811564,5.3356198,35.528862,20.150197,16.768234,25.303215,73.43636,9.5554784,38.411984,13.103212,87.706619,34.691903,12.036583,33.633046,7.8121086,18.661733,14.334799,5.745744,2.2896466,4.6373544,14.67705,39.611335,3.9654634,5.1034274,6.5786538,7.2224627,10.838828,2.9850413,12.565911,28.394512,23.338012,9.148843,4.3357674,9.4258809,8.3799963,7.537611,1.4507224,3.4450081,6.1391325,-3.1026003,-2.4959795,-2.5030123,-201.32924,-6.0940599,7.5123188,-3983.7614000000003,.
2146.0,2843.5,5.3983,12.2168,30.232454,3130.3643,0.0,0.0,0.0,0.0,0.0,0.0,0.0,0.0,0.0,0.0,0.0,0.0,0.0,0.0,0.0,0.0,0.0,0.0,0.0,0.0,0.0,0.0,0.0,0.0,0.0,0.0,0.0,0.0,0.0,0.0,0.0,0.0,0.0,0.0,0.0,0.0,0.0,0.0,0.0,0.0,0.0,0.0,0.0,0.0,0.0,0.0,0.0,0.0,0.0,0.0,0.0,0.0,0.0,0.0,0.0,0.0,0.0,0.0,0.0,0.0,0.0,0.0,0.0,0.0,0.0,0.0,0.0,0.0,0.0,0.0,0.0,89.349,173.879,64.3741,0.162,2.2441,90.9,0.7487820934825542,1.0000000005557308,0.9999999997544367,0.1162786692289804,0.3059440548667741,0.0,0.0,0.0,0.0,0.0,0.0,0.0,0.0,0.0,0.0,0.0,0.0,0.0,0.0,0.0,0.0,0.0,0.0,0.0,0.0,0.0,0.0,0.0,0.0,0.0,0.0,0.0,0.0,0.0,0.0,0.0,0.0,0.0,0.0,0.0,0.0,0.0,0.0,0.0,0.0,0.0,0.0,0.0,0.0,0.0,0.0,0.0,0.0,0.0,0.0,0.0,0.0,0.0,0.0,0.0,0.0,0.0,0.0,0.0,0.0,0.0,0.0,0.0,0.0,0.0,0.0,0.0,0.0,0.0,0.0,0.0,0.9999999999776165,1.0000000000230047,0.9999999999378628,0.022188741268319434,1.0000000003119287,0.12500000000000003,6.7264129,-2.0601519,-0.78382065,-29.26893,-6.7264129,-0.0,-0.0,-0.0,-0.0,-0.0,-0.0,-0.0,-0.0,-0.0,-0.0,-0.0,-0.0,-0.0,-0.0,-0.0,-0.0,-0.0,-0.0,-0.0,-0.0,-0.0,-0.0,-0.0,-0.0,-0.0,-0.0,-0.0,-0.0,-0.0,-0.0,-0.0,-0.0,-0.0,-0.0,-0.0,-0.0,-0.0,-0.0,-0.0,-0.0,-0.0,-0.0,-0.0,-0.0,-0.0,-0.0,-0.0,-0.0,-0.0,-0.0,-0.0,-0.0,-0.0,-0.0,-0.0,-0.0,-0.0,-0.0,-0.0,-0.0,-0.0,-0.0,-0.0,-0.0,-0.0,-0.0,-0.0,-0.0,-0.0,-0.0,-0.0,-1.7190118,-1.3239206,-1.4615561,-103.70665,-3.1563198,6.7264129,-4119.2083,.
2147.0,2989.6477,5.3983,12.2168,15.672461,2937.1761,0.0,0.0,0.0,0.0,0.0,0.0,0.0,0.0,0.0,0.0,0.0,0.0,0.0,0.0,0.0,0.0,0.0,0.0,0.0,0.0,0.0,0.0,0.0,0.0,0.0,0.0,0.0,0.0,0.0,0.0,0.0,0.0,0.0,0.0,0.0,0.0,0.0,0.0,0.0,0.0,0.0,0.0,0.0,0.0,0.0,0.0,0.0,0.0,0.0,0.0,0.0,0.0,0.0,0.0,0.0,0.0,0.0,0.0,0.0,0.0,0.0,0.0,0.0,0.0,8.881922,172.84121,62.242968,126.97658,0.0,42.052649,21.355139,89.349,173.879,64.3741,0.0,2.2441,90.9,0.7872673337722187,1.0000000005557308,0.9999999997544367,0.06027869615291876,0.287062935739389,0.0,0.0,0.0,0.0,0.0,0.0,0.0,0.0,0.0,0.0,0.0,0.0,0.0,0.0,0.0,0.0,0.0,0.0,0.0,0.0,0.0,0.0,0.0,0.0,0.0,0.0,0.0,0.0,0.0,0.0,0.0,0.0,0.0,0.0,0.0,0.0,0.0,0.0,0.0,0.0,0.0,0.0,0.0,0.0,0.0,0.0,0.0,0.0,0.0,0.0,0.0,0.0,0.0,0.0,0.0,0.0,0.0,0.0,0.0,0.0,0.0,0.0,0.0,0.0,0.027165777168300216,0.4545467847129735,0.36363978328223406,0.48485152445123636,0.0,0.09090931213521243,0.060606327366726664,0.9999999999776158,1.000000000023005,0.9999999999378631,0.0,1.0000000003119287,0.12500000000000003,7.0810809,-2.80778,-1.4130543,-51.334359,-7.0810809,159.8877,44.934561,128.15642,53.23198,48.846393,34.099311,104.81959,61.404852,24.533669,30.158204,40.686131,37.126364,41.577142,11.279497,3.6298639,39.2976,32.362346,13.513554,26.277461,36.343323,53.407808,22.321795,8.2365038,31.033037,102.42148,21.773046,39.650211,7.1872499,6.0616879,124.80135,29.095792,10.036942,29.042854,5.0293334,33.48936,18.993494,15.805669,23.850707,69.220813,9.0069549,36.206979,12.351034,82.6719,32.700446,11.345634,31.702372,7.3636616,17.590473,13.511923,5.4159148,2.1582115,4.3711512,13.834527,37.337483,3.7378296,4.8104698,6.2010122,6.8078638,10.216635,2.8136878,11.844576,26.764551,21.998314,8.623662,4.0868766,8.8847967,7.8989502,7.1049213,1.367445,3.2472505,5.7867212,-2.9244984,-2.3527001,-2.3593291,-189.77212,-5.7442359,7.0810809,-4251.195,.
2148.0,2843.5,5.3983,12.2168,30.232454,3130.3643,0.0,0.0,0.0,0.0,0.0,0.0,0.0,0.0,0.0,0.0,0.0,0.0,0.0,0.0,0.0,0.0,0.0,0.0,0.0,0.0,0.0,0.0,0.0,0.0,0.0,0.0,0.0,0.0,0.0,0.0,0.0,0.0,0.0,0.0,0.0,0.0,0.0,0.0,0.0,0.0,0.0,0.0,0.0,0.0,0.0,0.0,0.0,0.0,0.0,0.0,0.0,0.0,0.0,0.0,0.0,0.0,0.0,0.0,0.0,0.0,0.0,0.0,0.0,0.0,0.0,0.0,0.0,0.0,0.0,0.0,0.0,89.349,173.879,64.3741,0.162,2.2441,90.9,0.7487820934825545,1.0000000005557301,0.9999999997544369,0.11627866922898032,0.30594405486677373,0.0,0.0,0.0,0.0,0.0,0.0,0.0,0.0,0.0,0.0,0.0,0.0,0.0,0.0,0.0,0.0,0.0,0.0,0.0,0.0,0.0,0.0,0.0,0.0,0.0,0.0,0.0,0.0,0.0,0.0,0.0,0.0,0.0,0.0,0.0,0.0,0.0,0.0,0.0,0.0,0.0,0.0,0.0,0.0,0.0,0.0,0.0,0.0,0.0,0.0,0.0,0.0,0.0,0.0,0.0,0.0,0.0,0.0,0.0,0.0,0.0,0.0,0.0,0.0,0.0,0.0,0.0,0.0,0.0,0.0,0.0,0.9999999999776151,1.0000000000230045,0.9999999999378634,0.022188741268319434,1.0000000003119287,0.12500000000000003,6.3402893,-1.9418908,-0.73882614,-27.588774,-6.3402893,-0.0,-0.0,-0.0,-0.0,-0.0,-0.0,-0.0,-0.0,-0.0,-0.0,-0.0,-0.0,-0.0,-0.0,-0.0,-0.0,-0.0,-0.0,-0.0,-0.0,-0.0,-0.0,-0.0,-0.0,-0.0,-0.0,-0.0,-0.0,-0.0,-0.0,-0.0,-0.0,-0.0,-0.0,-0.0,-0.0,-0.0,-0.0,-0.0,-0.0,-0.0,-0.0,-0.0,-0.0,-0.0,-0.0,-0.0,-0.0,-0.0,-0.0,-0.0,-0.0,-0.0,-0.0,-0.0,-0.0,-0.0,-0.0,-0.0,-0.0,-0.0,-0.0,-0.0,-0.0,-0.0,-0.0,-0.0,-0.0,-0.0,-0.0,-0.0,-1.6203334,-1.2479221,-1.3776568,-97.753468,-2.9751341,6.3402893,-4379.4295,.
2149.0,2989.6477,5.3983,12.2168,15.672461,2937.1761,0.0,0.0,0.0,0.0,0.0,0.0,0.0,0.0,0.0,0.0,0.0,0.0,0.0,0.0,0.0,0.0,0.0,0.0,0.0,0.0,0.0,0.0,0.0,0.0,0.0,0.0,0.0,0.0,0.0,0.0,0.0,0.0,0.0,0.0,0.0,0.0,0.0,0.0,0.0,0.0,0.0,0.0,0.0,0.0,0.0,0.0,0.0,0.0,0.0,0.0,0.0,0.0,0.0,0.0,0.0,0.0,0.0,0.0,0.0,0.0,0.0,0.0,0.0,0.0,8.881922,172.84121,62.242968,126.97658,0.0,42.052649,21.355139,89.349,173.879,64.3741,0.0,2.2441,90.9,0.7872673337722186,1.0000000005557304,0.9999999997544365,0.06027869615291879,0.2870629357393884,0.0,0.0,0.0,0.0,0.0,0.0,0.0,0.0,0.0,0.0,0.0,0.0,0.0,0.0,0.0,0.0,0.0,0.0,0.0,0.0,0.0,0.0,0.0,0.0,0.0,0.0,0.0,0.0,0.0,0.0,0.0,0.0,0.0,0.0,0.0,0.0,0.0,0.0,0.0,0.0,0.0,0.0,0.0,0.0,0.0,0.0,0.0,0.0,0.0,0.0,0.0,0.0,0.0,0.0,0.0,0.0,0.0,0.0,0.0,0.0,0.0,0.0,0.0,0.0,0.02716577716830021,0.4545467847129735,0.363639783282234,0.48485152445123647,0.0,0.09090931213521243,0.06060632736672668,0.9999999999776151,1.0000000000230043,0.9999999999378631,0.0,1.0000000003119291,0.12500000000000003,6.6745979,-2.6466019,-1.3319392,-48.387556,-6.6745979,150.70949,42.355133,120.79972,50.176247,46.04241,32.141871,98.802521,57.879962,23.125336,28.427,38.350581,34.995158,39.190444,10.632007,3.4214949,37.041757,30.504615,12.737821,24.769027,34.257068,50.341982,21.040433,7.7636948,29.251614,96.542065,20.523184,37.374127,6.7746723,5.7137222,117.63724,27.425574,9.4607806,27.375675,4.740629,31.566934,17.903189,14.898359,22.481579,65.247255,8.4899188,34.128551,11.642035,77.926195,30.823306,10.694348,29.882526,6.9409573,16.580708,12.736283,5.1050192,2.0343213,4.1202293,13.040369,35.194158,3.5232629,4.5343291,5.8450487,6.4170646,9.6301583,2.6521706,11.164649,25.228156,20.735521,8.1286285,3.8522732,8.3747731,7.4455181,6.6970697,1.2889481,3.0608451,5.4545397,-2.7566202,-2.2176455,-2.223894,-178.87842,-5.4144933,6.6745979,-4504.5911,.
2150.0,2843.5,5.3983,12.2168,30.232454,3130.3643,0.0,0.0,0.0,0.0,0.0,0.0,0.0,0.0,0.0,0.0,0.0,0.0,0.0,0.0,0.0,0.0,0.0,0.0,0.0,0.0,0.0,0.0,0.0,0.0,0.0,0.0,0.0,0.0,0.0,0.0,0.0,0.0,0.0,0.0,0.0,0.0,0.0,0.0,0.0,0.0,0.0,0.0,0.0,0.0,0.0,0.0,0.0,0.0,0.0,0.0,0.0,0.0,0.0,0.0,0.0,0.0,0.0,0.0,0.0,0.0,0.0,0.0,0.0,0.0,0.0,0.0,0.0,0.0,0.0,0.0,0.0,89.349,173.879,64.3741,0.162,2.2441,90.9,0.7487820934825543,1.0000000005557301,0.9999999997544365,0.11627866922898032,0.30594405486677445,0.0,0.0,0.0,0.0,0.0,0.0,0.0,0.0,0.0,0.0,0.0,0.0,0.0,0.0,0.0,0.0,0.0,0.0,0.0,0.0,0.0,0.0,0.0,0.0,0.0,0.0,0.0,0.0,0.0,0.0,0.0,0.0,0.0,0.0,0.0,0.0,0.0,0.0,0.0,0.0,0.0,0.0,0.0,0.0,0.0,0.0,0.0,0.0,0.0,0.0,0.0,0.0,0.0,0.0,0.0,0.0,0.0,0.0,0.0,0.0,0.0,0.0,0.0,0.0,0.0,0.0,0.0,0.0,0.0,0.0,0.0,0.9999999999776159,1.0000000000230047,0.9999999999378636,0.022188741268319424,1.0000000003119294,0.12500000000000003,5.9763308,-1.8304183,-0.6964145,-26.005065,-5.9763308,-0.0,-0.0,-0.0,-0.0,-0.0,-0.0,-0.0,-0.0,-0.0,-0.0,-0.0,-0.0,-0.0,-0.0,-0.0,-0.0,-0.0,-0.0,-0.0,-0.0,-0.0,-0.0,-0.0,-0.0,-0.0,-0.0,-0.0,-0.0,-0.0,-0.0,-0.0,-0.0,-0.0,-0.0,-0.0,-0.0,-0.0,-0.0,-0.0,-0.0,-0.0,-0.0,-0.0,-0.0,-0.0,-0.0,-0.0,-0.0,-0.0,-0.0,-0.0,-0.0,-0.0,-0.0,-0.0,-0.0,-0.0,-0.0,-0.0,-0.0,-0.0,-0.0,-0.0,-0.0,-0.0,-0.0,-0.0,-0.0,-0.0,-0.0,-0.0,-1.5273197,-1.1762863,-1.2985736,-92.142019,-2.8043493,5.9763308,-4626.1959,.
2151.0,2989.6477,5.3983,12.2168,15.672461,2937.1761,0.0,0.0,0.0,0.0,0.0,0.0,0.0,0.0,0.0,0.0,0.0,0.0,0.0,0.0,0.0,0.0,0.0,0.0,0.0,0.0,0.0,0.0,0.0,0.0,0.0,0.0,0.0,0.0,0.0,0.0,0.0,0.0,0.0,0.0,0.0,0.0,0.0,0.0,0.0,0.0,0.0,0.0,0.0,0.0,0.0,0.0,0.0,0.0,0.0,0.0,0.0,0.0,0.0,0.0,0.0,0.0,0.0,0.0,0.0,0.0,0.0,0.0,0.0,0.0,8.881922,172.84121,62.242968,126.97658,0.0,42.052649,21.355139,89.349,173.879,64.3741,0.0,2.2441,90.9,0.7872673337722188,1.0000000005557308,0.9999999997544365,0.06027869615291882,0.28706293573938885,0.0,0.0,0.0,0.0,0.0,0.0,0.0,0.0,0.0,0.0,0.0,0.0,0.0,0.0,0.0,0.0,0.0,0.0,0.0,0.0,0.0,0.0,0.0,0.0,0.0,0.0,0.0,0.0,0.0,0.0,0.0,0.0,0.0,0.0,0.0,0.0,0.0,0.0,0.0,0.0,0.0,0.0,0.0,0.0,0.0,0.0,0.0,0.0,0.0,0.0,0.0,0.0,0.0,0.0,0.0,0.0,0.0,0.0,0.0,0.0,0.0,0.0,0.0,0.0,0.027165777168300206,0.4545467847129736,0.3636397832822341,0.48485152445123647,0.0,0.09090931213521243,0.06060632736672666,0.9999999999776155,1.0000000000230052,0.9999999999378631,0.0,1.000000000311929,0.12500000000000003,6.2914487,-2.4946761,-1.2554804,-45.609913,-6.2914487,142.05815,39.923775,113.86532,47.295925,43.399387,30.296796,93.130852,54.557416,21.797847,26.795174,36.1491,32.986293,36.940752,10.021687,3.2250871,34.915408,28.753525,12.006618,23.347183,32.290572,47.452146,19.832626,7.318027,27.572452,91.000155,19.34507,35.228699,6.3857784,5.3857312,110.88438,25.851234,8.9176931,25.804199,4.4684975,29.754863,16.875473,14.043132,21.191044,61.501796,8.0025627,32.169432,10.973734,73.452912,29.053923,10.080449,28.167147,6.542518,15.628907,12.005169,4.8119702,1.917543,3.8837113,12.291798,33.17387,3.3210132,4.2740401,5.509519,6.0486988,9.0773478,2.4999251,10.523752,23.779957,19.545217,7.662012,3.6311369,7.8940268,7.0181149,6.3126305,1.2149572,2.88514,5.1414268,-2.5983789,-2.0903435,-2.0962334,-168.61007,-5.1036792,6.2914487,-4743.9576,.
2152.0,2843.5,5.3983,12.2168,30.232454,3130.3643,0.0,0.0,0.0,0.0,0.0,0.0,0.0,0.0,0.0,0.0,0.0,0.0,0.0,0.0,0.0,0.0,0.0,0.0,0.0,0.0,0.0,0.0,0.0,0.0,0.0,0.0,0.0,0.0,0.0,0.0,0.0,0.0,0.0,0.0,0.0,0.0,0.0,0.0,0.0,0.0,0.0,0.0,0.0,0.0,0.0,0.0,0.0,0.0,0.0,0.0,0.0,0.0,0.0,0.0,0.0,0.0,0.0,0.0,0.0,0.0,0.0,0.0,0.0,0.0,0.0,0.0,0.0,0.0,0.0,0.0,0.0,89.349,173.879,64.3741,0.162,2.2441,90.9,0.7487820934825545,1.0000000005557308,0.9999999997544362,0.11627866922898035,0.3059440548667741,0.0,0.0,0.0,0.0,0.0,0.0,0.0,0.0,0.0,0.0,0.0,0.0,0.0,0.0,0.0,0.0,0.0,0.0,0.0,0.0,0.0,0.0,0.0,0.0,0.0,0.0,0.0,0.0,0.0,0.0,0.0,0.0,0.0,0.0,0.0,0.0,0.0,0.0,0.0,0.0,0.0,0.0,0.0,0.0,0.0,0.0,0.0,0.0,0.0,0.0,0.0,0.0,0.0,0.0,0.0,0.0,0.0,0.0,0.0,0.0,0.0,0.0,0.0,0.0,0.0,0.0,0.0,0.0,0.0,0.0,0.0,0.9999999999776159,1.0000000000230045,0.9999999999378628,0.022188741268319434,1.000000000311928,0.12500000000000003,5.6332649,-1.7253448,-0.65643746,-24.512268,-5.6332649,-0.0,-0.0,-0.0,-0.0,-0.0,-0.0,-0.0,-0.0,-0.0,-0.0,-0.0,-0.0,-0.0,-0.0,-0.0,-0.0,-0.0,-0.0,-0.0,-0.0,-0.0,-0.0,-0.0,-0.0,-0.0,-0.0,-0.0,-0.0,-0.0,-0.0,-0.0,-0.0,-0.0,-0.0,-0.0,-0.0,-0.0,-0.0,-0.0,-0.0,-0.0,-0.0,-0.0,-0.0,-0.0,-0.0,-0.0,-0.0,-0.0,-0.0,-0.0,-0.0,-0.0,-0.0,-0.0,-0.0,-0.0,-0.0,-0.0,-0.0,-0.0,-0.0,-0.0,-0.0,-0.0,-0.0,-0.0,-0.0,-0.0,-0.0,-0.0,-1.4396453,-1.1087626,-1.2240302,-86.85269,-2.6433681,5.6332649,-4857.9761,.
2153.0,2989.6477,5.3983,12.2168,15.672461,2937.1761,0.0,0.0,0.0,0.0,0.0,0.0,0.0,0.0,0.0,0.0,0.0,0.0,0.0,0.0,0.0,0.0,0.0,0.0,0.0,0.0,0.0,0.0,0.0,0.0,0.0,0.0,0.0,0.0,0.0,0.0,0.0,0.0,0.0,0.0,0.0,0.0,0.0,0.0,0.0,0.0,0.0,0.0,0.0,0.0,0.0,0.0,0.0,0.0,0.0,0.0,0.0,0.0,0.0,0.0,0.0,0.0,0.0,0.0,0.0,0.0,0.0,0.0,0.0,0.0,8.881922,172.84121,62.242968,126.97658,0.0,42.052649,21.355139,89.349,173.879,64.3741,0.0,2.2441,90.9,0.7872673337722186,1.0000000005557306,0.9999999997544369,0.060278696152918816,0.28706293573938857,0.0,0.0,0.0,0.0,0.0,0.0,0.0,0.0,0.0,0.0,0.0,0.0,0.0,0.0,0.0,0.0,0.0,0.0,0.0,0.0,0.0,0.0,0.0,0.0,0.0,0.0,0.0,0.0,0.0,0.0,0.0,0.0,0.0,0.0,0.0,0.0,0.0,0.0,0.0,0.0,0.0,0.0,0.0,0.0,0.0,0.0,0.0,0.0,0.0,0.0,0.0,0.0,0.0,0.0,0.0,0.0,0.0,0.0,0.0,0.0,0.0,0.0,0.0,0.0,0.02716577716830021,0.45454678471297355,0.3636397832822341,0.48485152445123647,0.0,0.09090931213521243,0.06060632736672668,0.9999999999776161,1.0000000000230043,0.9999999999378636,0.0,1.0000000003119287,0.12500000000000003,5.9302938,-2.3514715,-1.1834107,-42.991717,-5.9302938,133.90343,37.631987,107.32898,44.580945,40.908085,28.557636,87.784761,51.425597,20.546561,25.257021,34.073994,31.092745,34.820202,9.4464008,3.0399539,32.911121,27.102955,11.317389,22.00696,30.436961,44.728199,18.694152,6.8979423,25.98968,85.776374,18.234584,33.206428,6.0192086,5.0765682,104.51916,24.367267,8.405781,24.322933,4.2119875,28.046812,15.906752,13.236999,19.974592,57.971341,7.5431829,30.322775,10.343797,69.236415,27.386109,9.5017899,26.550237,6.1669507,14.731744,11.316023,4.5357434,1.8074681,3.6607704,11.586199,31.269554,3.1303735,4.0286927,5.1932501,5.7014788,8.5562709,2.3564192,9.9196458,22.41489,18.423242,7.2221811,3.4226948,7.4408774,6.6152464,5.9502597,1.1452136,2.7195212,4.8462879,-2.4492214,-1.9703493,-1.975901,-158.93116,-4.8107071,5.9302938,-4967.8377,.
2154.0,2843.5,5.3983,12.2168,30.232454,3130.3643,0.0,0.0,0.0,0.0,0.0,0.0,0.0,0.0,0.0,0.0,0.0,0.0,0.0,0.0,0.0,0.0,0.0,0.0,0.0,0.0,0.0,0.0,0.0,0.0,0.0,0.0,0.0,0.0,0.0,0.0,0.0,0.0,0.0,0.0,0.0,0.0,0.0,0.0,0.0,0.0,0.0,0.0,0.0,0.0,0.0,0.0,0.0,0.0,0.0,0.0,0.0,0.0,0.0,0.0,0.0,0.0,0.0,0.0,0.0,0.0,0.0,0.0,0.0,0.0,0.0,0.0,0.0,0.0,0.0,0.0,0.0,89.349,173.879,64.3741,0.162,2.2441,90.9,0.7487820934825544,1.0000000005557308,0.9999999997544365,0.11627866922898032,0.305944054866774,0.0,0.0,0.0,0.0,0.0,0.0,0.0,0.0,0.0,0.0,0.0,0.0,0.0,0.0,0.0,0.0,0.0,0.0,0.0,0.0,0.0,0.0,0.0,0.0,0.0,0.0,0.0,0.0,0.0,0.0,0.0,0.0,0.0,0.0,0.0,0.0,0.0,0.0,0.0,0.0,0.0,0.0,0.0,0.0,0.0,0.0,0.0,0.0,0.0,0.0,0.0,0.0,0.0,0.0,0.0,0.0,0.0,0.0,0.0,0.0,0.0,0.0,0.0,0.0,0.0,0.0,0.0,0.0,0.0,0.0,0.0,0.9999999999776162,1.0000000000230047,0.9999999999378631,0.022188741268319444,1.0000000003119287,0.12500000000000003,5.3098925,-1.6263029,-0.61875526,-23.105164,-5.3098925,-0.0,-0.0,-0.0,-0.0,-0.0,-0.0,-0.0,-0.0,-0.0,-0.0,-0.0,-0.0,-0.0,-0.0,-0.0,-0.0,-0.0,-0.0,-0.0,-0.0,-0.0,-0.0,-0.0,-0.0,-0.0,-0.0,-0.0,-0.0,-0.0,-0.0,-0.0,-0.0,-0.0,-0.0,-0.0,-0.0,-0.0,-0.0,-0.0,-0.0,-0.0,-0.0,-0.0,-0.0,-0.0,-0.0,-0.0,-0.0,-0.0,-0.0,-0.0,-0.0,-0.0,-0.0,-0.0,-0.0,-0.0,-0.0,-0.0,-0.0,-0.0,-0.0,-0.0,-0.0,-0.0,-0.0,-0.0,-0.0,-0.0,-0.0,-0.0,-1.3570038,-1.0451151,-1.1537658,-81.866991,-2.491628,5.3098925,-5073.3526,.
2155.0,2989.6477,5.3983,12.2168,15.672461,2937.1761,0.0,0.0,0.0,0.0,0.0,0.0,0.0,0.0,0.0,0.0,0.0,0.0,0.0,0.0,0.0,0.0,0.0,0.0,0.0,0.0,0.0,0.0,0.0,0.0,0.0,0.0,0.0,0.0,0.0,0.0,0.0,0.0,0.0,0.0,0.0,0.0,0.0,0.0,0.0,0.0,0.0,0.0,0.0,0.0,0.0,0.0,0.0,0.0,0.0,0.0,0.0,0.0,0.0,0.0,0.0,0.0,0.0,0.0,0.0,0.0,0.0,0.0,0.0,0.0,8.881922,172.84121,62.242968,126.97658,0.0,42.052649,21.355139,89.349,173.879,64.3741,0.0,2.2441,90.9,0.7872673337722184,1.0000000005557306,0.9999999997544367,0.06027869615291879,0.287062935739389,0.0,0.0,0.0,0.0,0.0,0.0,0.0,0.0,0.0,0.0,0.0,0.0,0.0,0.0,0.0,0.0,0.0,0.0,0.0,0.0,0.0,0.0,0.0,0.0,0.0,0.0,0.0,0.0,0.0,0.0,0.0,0.0,0.0,0.0,0.0,0.0,0.0,0.0,0.0,0.0,0.0,0.0,0.0,0.0,0.0,0.0,0.0,0.0,0.0,0.0,0.0,0.0,0.0,0.0,0.0,0.0,0.0,0.0,0.0,0.0,0.0,0.0,0.0,0.0,0.027165777168300216,0.45454678471297355,0.36363978328223406,0.48485152445123636,0.0,0.09090931213521243,0.060606327366726664,0.9999999999776151,1.000000000023004,0.9999999999378634,0.0,1.0000000003119285,0.12500000000000003,5.5898707,-2.2164874,-1.1154781,-40.523817,-5.5898707,126.21683,35.471757,101.16786,42.021817,38.559794,26.918311,82.745556,48.473557,19.367105,23.807165,32.118008,29.307894,32.82138,8.9041388,2.8654481,31.021888,25.547135,10.667724,20.74367,28.689755,42.160617,17.621031,6.5019722,24.497766,80.852459,17.187844,31.300243,5.6736814,4.7851524,98.519336,22.968487,7.9232548,22.926697,3.9702022,26.43681,14.993639,12.477141,18.827968,54.643549,7.1101733,28.582124,9.7500206,65.261961,25.814034,8.9563483,25.026145,5.8129425,13.886082,10.666437,4.2753732,1.7037121,3.4506272,10.921104,29.474554,2.9506772,3.7974293,4.8951363,5.3741906,8.0651059,2.2211511,9.3502176,21.128184,17.365672,6.8075984,3.2262181,7.0137406,6.2355042,5.6086905,1.0794737,2.5634095,4.5680911,-2.308626,-1.8572432,-1.8624762,-149.80786,-4.5345529,5.5898707,-5174.6111,.
2156.0,2843.5,5.3983,12.2168,30.232454,3130.3643,0.0,0.0,0.0,0.0,0.0,0.0,0.0,0.0,0.0,0.0,0.0,0.0,0.0,0.0,0.0,0.0,0.0,0.0,0.0,0.0,0.0,0.0,0.0,0.0,0.0,0.0,0.0,0.0,0.0,0.0,0.0,0.0,0.0,0.0,0.0,0.0,0.0,0.0,0.0,0.0,0.0,0.0,0.0,0.0,0.0,0.0,0.0,0.0,0.0,0.0,0.0,0.0,0.0,0.0,0.0,0.0,0.0,0.0,0.0,0.0,0.0,0.0,0.0,0.0,0.0,0.0,0.0,0.0,0.0,0.0,0.0,89.349,173.879,64.3741,0.162,2.2441,90.9,0.7487820934825545,1.0000000005557306,0.9999999997544368,0.1162786692289803,0.30594405486677445,0.0,0.0,0.0,0.0,0.0,0.0,0.0,0.0,0.0,0.0,0.0,0.0,0.0,0.0,0.0,0.0,0.0,0.0,0.0,0.0,0.0,0.0,0.0,0.0,0.0,0.0,0.0,0.0,0.0,0.0,0.0,0.0,0.0,0.0,0.0,0.0,0.0,0.0,0.0,0.0,0.0,0.0,0.0,0.0,0.0,0.0,0.0,0.0,0.0,0.0,0.0,0.0,0.0,0.0,0.0,0.0,0.0,0.0,0.0,0.0,0.0,0.0,0.0,0.0,0.0,0.0,0.0,0.0,0.0,0.0,0.0,0.9999999999776155,1.0000000000230047,0.9999999999378634,0.022188741268319424,1.0000000003119287,0.12500000000000003,5.0050829,-1.5329465,-0.58323618,-21.778833,-5.0050829,-0.0,-0.0,-0.0,-0.0,-0.0,-0.0,-0.0,-0.0,-0.0,-0.0,-0.0,-0.0,-0.0,-0.0,-0.0,-0.0,-0.0,-0.0,-0.0,-0.0,-0.0,-0.0,-0.0,-0.0,-0.0,-0.0,-0.0,-0.0,-0.0,-0.0,-0.0,-0.0,-0.0,-0.0,-0.0,-0.0,-0.0,-0.0,-0.0,-0.0,-0.0,-0.0,-0.0,-0.0,-0.0,-0.0,-0.0,-0.0,-0.0,-0.0,-0.0,-0.0,-0.0,-0.0,-0.0,-0.0,-0.0,-0.0,-0.0,-0.0,-0.0,-0.0,-0.0,-0.0,-0.0,-0.0,-0.0,-0.0,-0.0,-0.0,-0.0,-1.2791062,-0.98512124,-1.087535,-77.16749,-2.3485984,5.0050829,-5272.0313,.
2157.0,2989.6477,5.3983,12.2168,15.672461,2937.1761,0.0,0.0,0.0,0.0,0.0,0.0,0.0,0.0,0.0,0.0,0.0,0.0,0.0,0.0,0.0,0.0,0.0,0.0,0.0,0.0,0.0,0.0,0.0,0.0,0.0,0.0,0.0,0.0,0.0,0.0,0.0,0.0,0.0,0.0,0.0,0.0,0.0,0.0,0.0,0.0,0.0,0.0,0.0,0.0,0.0,0.0,0.0,0.0,0.0,0.0,0.0,0.0,0.0,0.0,0.0,0.0,0.0,0.0,0.0,0.0,0.0,0.0,0.0,0.0,8.881922,172.84121,62.242968,126.97658,0.0,42.052649,21.355139,89.349,173.879,64.3741,0.0,2.2441,90.9,0.7872673337722186,1.0000000005557308,0.9999999997544367,0.060278696152918816,0.28706293573938846,0.0,0.0,0.0,0.0,0.0,0.0,0.0,0.0,0.0,0.0,0.0,0.0,0.0,0.0,0.0,0.0,0.0,0.0,0.0,0.0,0.0,0.0,0.0,0.0,0.0,0.0,0.0,0.0,0.0,0.0,0.0,0.0,0.0,0.0,0.0,0.0,0.0,0.0,0.0,0.0,0.0,0.0,0.0,0.0,0.0,0.0,0.0,0.0,0.0,0.0,0.0,0.0,0.0,0.0,0.0,0.0,0.0,0.0,0.0,0.0,0.0,0.0,0.0,0.0,0.02716577716830021,0.45454678471297355,0.36363978328223406,0.48485152445123647,0.0,0.09090931213521243,0.060606327366726664,0.9999999999776148,1.0000000000230045,0.999999999937863,0.0,1.000000000311929,0.12500000000000003,5.2689892,-2.089252,-1.0514451,-38.197584,-5.2689892,118.97147,33.435533,95.360413,39.609592,36.346304,25.37309,77.995623,45.690977,18.255354,22.440536,30.274303,27.625501,30.937298,8.3930048,2.7009597,29.241105,24.080625,10.055353,19.552899,27.042846,39.740425,16.609512,6.1287324,23.091494,76.211197,16.201191,29.503481,5.3479889,4.5104651,92.863923,21.650001,7.4684276,21.610611,3.7422963,24.919229,14.132943,11.760902,17.747166,51.506786,6.7020203,26.941393,9.1903296,61.515658,24.332203,8.4422172,23.589542,5.4792558,13.088964,10.05414,4.0299493,1.605912,3.252547,10.294188,27.782594,2.7812963,3.5794413,4.6141354,5.0656901,7.6021359,2.0936479,8.8134768,19.91534,16.368812,6.4168144,3.04102,6.6111232,5.8775608,5.2867287,1.0175075,2.4162594,4.305864,-2.1761014,-1.7506298,-1.7555624,-141.20828,-4.274251,5.2689892,-5365.6473,.
2158.0,2843.5,5.3983,12.2168,30.232454,3130.3643,0.0,0.0,0.0,0.0,0.0,0.0,0.0,0.0,0.0,0.0,0.0,0.0,0.0,0.0,0.0,0.0,0.0,0.0,0.0,0.0,0.0,0.0,0.0,0.0,0.0,0.0,0.0,0.0,0.0,0.0,0.0,0.0,0.0,0.0,0.0,0.0,0.0,0.0,0.0,0.0,0.0,0.0,0.0,0.0,0.0,0.0,0.0,0.0,0.0,0.0,0.0,0.0,0.0,0.0,0.0,0.0,0.0,0.0,0.0,0.0,0.0,0.0,0.0,0.0,0.0,0.0,0.0,0.0,0.0,0.0,0.0,89.349,173.879,64.3741,0.162,2.2441,90.9,0.7487820934825543,1.0000000005557306,0.9999999997544365,0.11627866922898038,0.30594405486677456,0.0,0.0,0.0,0.0,0.0,0.0,0.0,0.0,0.0,0.0,0.0,0.0,0.0,0.0,0.0,0.0,0.0,0.0,0.0,0.0,0.0,0.0,0.0,0.0,0.0,0.0,0.0,0.0,0.0,0.0,0.0,0.0,0.0,0.0,0.0,0.0,0.0,0.0,0.0,0.0,0.0,0.0,0.0,0.0,0.0,0.0,0.0,0.0,0.0,0.0,0.0,0.0,0.0,0.0,0.0,0.0,0.0,0.0,0.0,0.0,0.0,0.0,0.0,0.0,0.0,0.0,0.0,0.0,0.0,0.0,0.0,0.9999999999776161,1.0000000000230047,0.9999999999378631,0.022188741268319434,1.0000000003119294,0.12500000000000003,4.7177707,-1.4449491,-0.54975603,-20.528639,-4.7177707,-0.0,-0.0,-0.0,-0.0,-0.0,-0.0,-0.0,-0.0,-0.0,-0.0,-0.0,-0.0,-0.0,-0.0,-0.0,-0.0,-0.0,-0.0,-0.0,-0.0,-0.0,-0.0,-0.0,-0.0,-0.0,-0.0,-0.0,-0.0,-0.0,-0.0,-0.0,-0.0,-0.0,-0.0,-0.0,-0.0,-0.0,-0.0,-0.0,-0.0,-0.0,-0.0,-0.0,-0.0,-0.0,-0.0,-0.0,-0.0,-0.0,-0.0,-0.0,-0.0,-0.0,-0.0,-0.0,-0.0,-0.0,-0.0,-0.0,-0.0,-0.0,-0.0,-0.0,-0.0,-0.0,-0.0,-0.0,-0.0,-0.0,-0.0,-0.0,-1.2056803,-0.92857125,-1.025106,-72.737761,-2.2137792,4.7177707,-5455.7627,.
2159.0,2989.6477,5.3983,12.2168,15.672461,2937.1761,0.0,0.0,0.0,0.0,0.0,0.0,0.0,0.0,0.0,0.0,0.0,0.0,0.0,0.0,0.0,0.0,0.0,0.0,0.0,0.0,0.0,0.0,0.0,0.0,0.0,0.0,0.0,0.0,0.0,0.0,0.0,0.0,0.0,0.0,0.0,0.0,0.0,0.0,0.0,0.0,0.0,0.0,0.0,0.0,0.0,0.0,0.0,0.0,0.0,0.0,0.0,0.0,0.0,0.0,0.0,0.0,0.0,0.0,0.0,0.0,0.0,0.0,0.0,0.0,8.881922,172.84121,62.242968,126.97658,0.0,42.052649,21.355139,89.349,173.879,64.3741,0.0,2.2441,90.9,0.7872673337722188,1.0000000005557306,0.9999999997544367,0.06027869615291879,0.2870629357393893,0.0,0.0,0.0,0.0,0.0,0.0,0.0,0.0,0.0,0.0,0.0,0.0,0.0,0.0,0.0,0.0,0.0,0.0,0.0,0.0,0.0,0.0,0.0,0.0,0.0,0.0,0.0,0.0,0.0,0.0,0.0,0.0,0.0,0.0,0.0,0.0,0.0,0.0,0.0,0.0,0.0,0.0,0.0,0.0,0.0,0.0,0.0,0.0,0.0,0.0,0.0,0.0,0.0,0.0,0.0,0.0,0.0,0.0,0.0,0.0,0.0,0.0,0.0,0.0,0.027165777168300206,0.45454678471297355,0.36363978328223406,0.4848515244512366,0.0,0.09090931213521246,0.06060632736672668,0.9999999999776162,1.000000000023005,0.9999999999378636,0.0,1.0000000003119285,0.12500000000000003,4.9665277,-1.9693204,-0.99108785,-36.004886,-4.9665277,112.14202,31.516197,89.886335,37.33584,34.259877,23.916571,73.518355,43.068128,17.207422,21.152358,28.536434,26.039684,29.161371,7.911212,2.5459135,27.562546,22.698298,9.478135,18.430482,25.490476,37.459162,15.656058,5.7769181,21.765948,71.836363,15.271177,27.80986,5.0409925,4.2515459,87.533154,20.407203,7.0397093,20.370073,3.5274732,23.488763,13.321654,11.085778,16.728406,48.550085,6.3172969,25.394847,8.662767,57.984407,22.935435,7.9575994,22.235406,5.1647241,12.337604,9.476991,3.7986137,1.5137261,3.0658375,9.7032592,26.187759,2.6216385,3.3739667,4.3492652,4.7748987,7.1657422,1.973464,8.3075472,18.772118,15.429175,6.048463,2.866453,6.2316177,5.5401647,4.9832488,0.9590984,2.2775562,4.0586898,-2.0511843,-1.6501365,-1.654786,-133.10234,-4.0288915,4.9665277,-5542.8738,.
2160.0,2843.5,5.3983,12.2168,30.232454,3130.3643,0.0,0.0,0.0,0.0,0.0,0.0,0.0,0.0,0.0,0.0,0.0,0.0,0.0,0.0,0.0,0.0,0.0,0.0,0.0,0.0,0.0,0.0,0.0,0.0,0.0,0.0,0.0,0.0,0.0,0.0,0.0,0.0,0.0,0.0,0.0,0.0,0.0,0.0,0.0,0.0,0.0,0.0,0.0,0.0,0.0,0.0,0.0,0.0,0.0,0.0,0.0,0.0,0.0,0.0,0.0,0.0,0.0,0.0,0.0,0.0,0.0,0.0,0.0,0.0,0.0,0.0,0.0,0.0,0.0,0.0,0.0,89.349,173.879,64.3741,0.162,2.2441,90.9,0.7487820934825543,1.0000000005557308,0.9999999997544363,0.1162786692289804,0.3059440548667745,0.0,0.0,0.0,0.0,0.0,0.0,0.0,0.0,0.0,0.0,0.0,0.0,0.0,0.0,0.0,0.0,0.0,0.0,0.0,0.0,0.0,0.0,0.0,0.0,0.0,0.0,0.0,0.0,0.0,0.0,0.0,0.0,0.0,0.0,0.0,0.0,0.0,0.0,0.0,0.0,0.0,0.0,0.0,0.0,0.0,0.0,0.0,0.0,0.0,0.0,0.0,0.0,0.0,0.0,0.0,0.0,0.0,0.0,0.0,0.0,0.0,0.0,0.0,0.0,0.0,0.0,0.0,0.0,0.0,0.0,0.0,0.9999999999776161,1.0000000000230047,0.9999999999378626,0.022188741268319438,1.0000000003119285,0.12500000000000003,4.4469513,-1.3620031,-0.51819779,-19.350211,-4.4469513,-0.0,-0.0,-0.0,-0.0,-0.0,-0.0,-0.0,-0.0,-0.0,-0.0,-0.0,-0.0,-0.0,-0.0,-0.0,-0.0,-0.0,-0.0,-0.0,-0.0,-0.0,-0.0,-0.0,-0.0,-0.0,-0.0,-0.0,-0.0,-0.0,-0.0,-0.0,-0.0,-0.0,-0.0,-0.0,-0.0,-0.0,-0.0,-0.0,-0.0,-0.0,-0.0,-0.0,-0.0,-0.0,-0.0,-0.0,-0.0,-0.0,-0.0,-0.0,-0.0,-0.0,-0.0,-0.0,-0.0,-0.0,-0.0,-0.0,-0.0,-0.0,-0.0,-0.0,-0.0,-0.0,-0.0,-0.0,-0.0,-0.0,-0.0,-0.0,-1.1364693,-0.87526746,-0.96626073,-68.562316,-2.0866992,4.4469513,-5628.0013,.
2161.0,2989.6477,5.3983,12.2168,15.672461,2937.1761,0.0,0.0,0.0,0.0,0.0,0.0,0.0,0.0,0.0,0.0,0.0,0.0,0.0,0.0,0.0,0.0,0.0,0.0,0.0,0.0,0.0,0.0,0.0,0.0,0.0,0.0,0.0,0.0,0.0,0.0,0.0,0.0,0.0,0.0,0.0,0.0,0.0,0.0,0.0,0.0,0.0,0.0,0.0,0.0,0.0,0.0,0.0,0.0,0.0,0.0,0.0,0.0,0.0,0.0,0.0,0.0,0.0,0.0,0.0,0.0,0.0,0.0,0.0,0.0,8.881922,172.84121,62.242968,126.97658,0.0,42.052649,21.355139,89.349,173.879,64.3741,0.0,2.2441,90.9,0.7872673337722186,1.0000000005557308,0.9999999997544369,0.06027869615291879,0.28706293573938924,0.0,0.0,0.0,0.0,0.0,0.0,0.0,0.0,0.0,0.0,0.0,0.0,0.0,0.0,0.0,0.0,0.0,0.0,0.0,0.0,0.0,0.0,0.0,0.0,0.0,0.0,0.0,0.0,0.0,0.0,0.0,0.0,0.0,0.0,0.0,0.0,0.0,0.0,0.0,0.0,0.0,0.0,0.0,0.0,0.0,0.0,0.0,0.0,0.0,0.0,0.0,0.0,0.0,0.0,0.0,0.0,0.0,0.0,0.0,0.0,0.0,0.0,0.0,0.0,0.02716577716830021,0.45454678471297355,0.36363978328223406,0.4848515244512363,0.0,0.09090931213521243,0.06060632736672666,0.9999999999776159,1.0000000000230047,0.9999999999378634,0.0,1.0000000003119287,0.12500000000000003,4.6814287,-1.8562733,-0.93419535,-33.938059,-4.6814287,105.70461,29.707038,84.726492,35.19261,32.29322,22.543662,69.298101,40.595841,16.219645,19.938126,26.898326,24.5449,27.487389,7.4570761,2.3997677,25.980343,21.395323,8.9340513,17.372497,24.027218,35.308853,14.757336,5.4452993,20.516494,67.712662,14.394549,26.213461,4.7516189,4.0074898,82.508393,19.235746,6.6356012,19.200748,3.3249818,22.140412,12.556937,10.449409,15.768127,45.763112,5.9546582,23.937079,8.1654888,54.655865,21.618847,7.5008007,20.959002,4.8682478,11.629375,8.932973,3.5805577,1.426832,2.8898459,9.1462524,24.684475,2.4711457,3.1802872,4.0995996,4.5008,6.7543992,1.8601791,7.83066,17.694521,14.543477,5.7012565,2.7019069,5.8738973,5.2221366,4.69719,0.90404223,2.1468151,3.8257044,-1.933438,-1.5554119,-1.5597945,-125.46172,-3.7976166,4.6814287,-5711.2654999999995,.
2162.0,2843.5,5.3983,12.2168,30.232454,3130.3643,0.0,0.0,0.0,0.0,0.0,0.0,0.0,0.0,0.0,0.0,0.0,0.0,0.0,0.0,0.0,0.0,0.0,0.0,0.0,0.0,0.0,0.0,0.0,0.0,0.0,0.0,0.0,0.0,0.0,0.0,0.0,0.0,0.0,0.0,0.0,0.0,0.0,0.0,0.0,0.0,0.0,0.0,0.0,0.0,0.0,0.0,0.0,0.0,0.0,0.0,0.0,0.0,0.0,0.0,0.0,0.0,0.0,0.0,0.0,0.0,0.0,0.0,0.0,0.0,0.0,0.0,0.0,0.0,0.0,0.0,0.0,89.349,173.879,64.3741,0.162,2.2441,90.9,0.7487820934825545,1.0000000005557306,0.9999999997544367,0.11627866922898035,0.3059440548667743,0.0,0.0,0.0,0.0,0.0,0.0,0.0,0.0,0.0,0.0,0.0,0.0,0.0,0.0,0.0,0.0,0.0,0.0,0.0,0.0,0.0,0.0,0.0,0.0,0.0,0.0,0.0,0.0,0.0,0.0,0.0,0.0,0.0,0.0,0.0,0.0,0.0,0.0,0.0,0.0,0.0,0.0,0.0,0.0,0.0,0.0,0.0,0.0,0.0,0.0,0.0,0.0,0.0,0.0,0.0,0.0,0.0,0.0,0.0,0.0,0.0,0.0,0.0,0.0,0.0,0.0,0.0,0.0,0.0,0.0,0.0,0.9999999999776155,1.000000000023005,0.9999999999378634,0.022188741268319438,1.0000000003119294,0.12500000000000003,4.1916781,-1.2838186,-0.48845112,-18.239429,-4.1916781,-0.0,-0.0,-0.0,-0.0,-0.0,-0.0,-0.0,-0.0,-0.0,-0.0,-0.0,-0.0,-0.0,-0.0,-0.0,-0.0,-0.0,-0.0,-0.0,-0.0,-0.0,-0.0,-0.0,-0.0,-0.0,-0.0,-0.0,-0.0,-0.0,-0.0,-0.0,-0.0,-0.0,-0.0,-0.0,-0.0,-0.0,-0.0,-0.0,-0.0,-0.0,-0.0,-0.0,-0.0,-0.0,-0.0,-0.0,-0.0,-0.0,-0.0,-0.0,-0.0,-0.0,-0.0,-0.0,-0.0,-0.0,-0.0,-0.0,-0.0,-0.0,-0.0,-0.0,-0.0,-0.0,-0.0,-0.0,-0.0,-0.0,-0.0,-0.0,-1.0712313,-0.82502353,-0.91079341,-64.626558,-1.9669142,4.1916781,-5795.422,.
2163.0,2989.6477,5.3983,12.2168,15.672461,2937.1761,0.0,0.0,0.0,0.0,0.0,0.0,0.0,0.0,0.0,0.0,0.0,0.0,0.0,0.0,0.0,0.0,0.0,0.0,0.0,0.0,0.0,0.0,0.0,0.0,0.0,0.0,0.0,0.0,0.0,0.0,0.0,0.0,0.0,0.0,0.0,0.0,0.0,0.0,0.0,0.0,0.0,0.0,0.0,0.0,0.0,0.0,0.0,0.0,0.0,0.0,0.0,0.0,0.0,0.0,0.0,0.0,0.0,0.0,0.0,0.0,0.0,0.0,0.0,0.0,8.881922,172.84121,62.242968,126.97658,0.0,42.052649,21.355139,89.349,173.879,64.3741,0.0,2.2441,90.9,0.7872673337722185,1.0000000005557306,0.9999999997544368,0.06027869615291882,0.2870629357393884,0.0,0.0,0.0,0.0,0.0,0.0,0.0,0.0,0.0,0.0,0.0,0.0,0.0,0.0,0.0,0.0,0.0,0.0,0.0,0.0,0.0,0.0,0.0,0.0,0.0,0.0,0.0,0.0,0.0,0.0,0.0,0.0,0.0,0.0,0.0,0.0,0.0,0.0,0.0,0.0,0.0,0.0,0.0,0.0,0.0,0.0,0.0,0.0,0.0,0.0,0.0,0.0,0.0,0.0,0.0,0.0,0.0,0.0,0.0,0.0,0.0,0.0,0.0,0.0,0.027165777168300216,0.4545467847129735,0.363639783282234,0.48485152445123636,0.0,0.09090931213521242,0.06060632736672668,0.9999999999776155,1.0000000000230045,0.9999999999378634,0.0,1.0000000003119294,0.12500000000000003,4.4126955,-1.7497156,-0.88056871,-31.989875,-4.4126955,99.636729,28.001733,79.862844,33.17241,30.439457,21.249563,65.320106,38.265474,15.288571,18.793596,25.354252,23.135922,25.9095,7.0290094,2.2620112,24.488965,20.167144,8.4212002,16.375245,22.647958,33.28198,13.910205,5.1327169,19.338763,63.825678,13.568243,24.708701,4.4788565,3.7774435,77.772074,18.131535,6.2546905,18.098546,3.1341143,20.869462,11.836117,9.8495702,14.862972,43.136122,5.6128365,22.562993,7.6967563,51.518395,20.377837,7.070224,19.75587,4.5887905,10.961801,8.4201838,3.3750191,1.344926,2.7239569,8.6212201,23.267485,2.3292918,2.9977257,3.8642658,4.2424357,6.3666691,1.7533972,7.3811481,16.678783,13.708622,5.373981,2.5468064,5.5367116,4.9223646,4.4275521,0.85214651,2.0235792,3.6060933,-1.8224507,-1.4661249,-1.4702559,-118.25971,-3.5796179,4.4126955,-5878.4075,.
2164.0,2843.5,5.3983,12.2168,30.232454,3130.3643,0.0,0.0,0.0,0.0,0.0,0.0,0.0,0.0,0.0,0.0,0.0,0.0,0.0,0.0,0.0,0.0,0.0,0.0,0.0,0.0,0.0,0.0,0.0,0.0,0.0,0.0,0.0,0.0,0.0,0.0,0.0,0.0,0.0,0.0,0.0,0.0,0.0,0.0,0.0,0.0,0.0,0.0,0.0,0.0,0.0,0.0,0.0,0.0,0.0,0.0,0.0,0.0,0.0,0.0,0.0,0.0,0.0,0.0,0.0,0.0,0.0,0.0,0.0,0.0,0.0,0.0,0.0,0.0,0.0,0.0,0.0,89.349,173.879,64.3741,0.162,2.2441,90.9,0.7487820934825543,1.0000000005557306,0.9999999997544365,0.11627866922898032,0.30594405486677456,0.0,0.0,0.0,0.0,0.0,0.0,0.0,0.0,0.0,0.0,0.0,0.0,0.0,0.0,0.0,0.0,0.0,0.0,0.0,0.0,0.0,0.0,0.0,0.0,0.0,0.0,0.0,0.0,0.0,0.0,0.0,0.0,0.0,0.0,0.0,0.0,0.0,0.0,0.0,0.0,0.0,0.0,0.0,0.0,0.0,0.0,0.0,0.0,0.0,0.0,0.0,0.0,0.0,0.0,0.0,0.0,0.0,0.0,0.0,0.0,0.0,0.0,0.0,0.0,0.0,0.0,0.0,0.0,0.0,0.0,0.0,0.9999999999776156,1.0000000000230045,0.9999999999378636,0.02218874126831943,1.0000000003119294,0.12500000000000003,3.9510587,-1.2101221,-0.46041202,-17.192412,-3.9510587,-0.0,-0.0,-0.0,-0.0,-0.0,-0.0,-0.0,-0.0,-0.0,-0.0,-0.0,-0.0,-0.0,-0.0,-0.0,-0.0,-0.0,-0.0,-0.0,-0.0,-0.0,-0.0,-0.0,-0.0,-0.0,-0.0,-0.0,-0.0,-0.0,-0.0,-0.0,-0.0,-0.0,-0.0,-0.0,-0.0,-0.0,-0.0,-0.0,-0.0,-0.0,-0.0,-0.0,-0.0,-0.0,-0.0,-0.0,-0.0,-0.0,-0.0,-0.0,-0.0,-0.0,-0.0,-0.0,-0.0,-0.0,-0.0,-0.0,-0.0,-0.0,-0.0,-0.0,-0.0,-0.0,-0.0,-0.0,-0.0,-0.0,-0.0,-0.0,-1.0097382,-0.7776638,-0.85851014,-60.91673,-1.8540052,3.9510587,-5962.615,.
2165.0,2989.6477,5.3983,12.2168,15.672461,2937.1761,0.0,0.0,0.0,0.0,0.0,0.0,0.0,0.0,0.0,0.0,0.0,0.0,0.0,0.0,0.0,0.0,0.0,0.0,0.0,0.0,0.0,0.0,0.0,0.0,0.0,0.0,0.0,0.0,0.0,0.0,0.0,0.0,0.0,0.0,0.0,0.0,0.0,0.0,0.0,0.0,0.0,0.0,0.0,0.0,0.0,0.0,0.0,0.0,0.0,0.0,0.0,0.0,0.0,0.0,0.0,0.0,0.0,0.0,0.0,0.0,0.0,0.0,0.0,0.0,8.881922,172.84121,62.242968,126.97658,0.0,42.052649,21.355139,89.349,173.879,64.3741,0.0,2.2441,90.9,0.7872673337722188,1.0000000005557308,0.9999999997544365,0.06027869615291879,0.28706293573938924,0.0,0.0,0.0,0.0,0.0,0.0,0.0,0.0,0.0,0.0,0.0,0.0,0.0,0.0,0.0,0.0,0.0,0.0,0.0,0.0,0.0,0.0,0.0,0.0,0.0,0.0,0.0,0.0,0.0,0.0,0.0,0.0,0.0,0.0,0.0,0.0,0.0,0.0,0.0,0.0,0.0,0.0,0.0,0.0,0.0,0.0,0.0,0.0,0.0,0.0,0.0,0.0,0.0,0.0,0.0,0.0,0.0,0.0,0.0,0.0,0.0,0.0,0.0,0.0,0.02716577716830021,0.45454678471297366,0.36363978328223406,0.48485152445123647,0.0,0.09090931213521243,0.060606327366726664,0.999999999977615,1.0000000000230047,0.9999999999378631,0.0,1.0000000003119294,0.12500000000000003,4.1593888,-1.6492748,-0.83002047,-30.153525,-4.1593888,93.917173,26.394319,75.27839,31.268178,28.692108,20.029751,61.570465,36.068879,14.410945,17.714767,23.898814,21.807826,24.422189,6.6255155,2.1321625,23.083198,19.009467,7.9377889,15.435239,21.347872,31.371459,13.111702,4.8380779,18.228639,60.161823,12.78937,23.29032,4.2217518,3.5606028,73.307639,17.090711,5.8956457,17.059616,2.9542033,19.67147,11.156676,9.2841646,14.009777,40.659932,5.2906367,21.267784,7.254931,48.561028,19.208066,6.6643642,18.621802,4.3253751,10.332549,7.9368308,3.1812792,1.2677218,2.5675907,8.1263268,21.931836,2.195581,2.825644,3.6424411,3.9989025,6.0011962,1.652745,6.95744,15.721353,12.921691,5.0654925,2.4006093,5.2188817,4.6398008,4.1733925,0.80322981,1.9074174,3.3990888,-1.7178346,-1.3819633,-1.3858572,-111.47112,-3.3741332,4.1593888,-6045.7842,.
2166.0,2843.5,5.3983,12.2168,30.232454,3130.3643,0.0,0.0,0.0,0.0,0.0,0.0,0.0,0.0,0.0,0.0,0.0,0.0,0.0,0.0,0.0,0.0,0.0,0.0,0.0,0.0,0.0,0.0,0.0,0.0,0.0,0.0,0.0,0.0,0.0,0.0,0.0,0.0,0.0,0.0,0.0,0.0,0.0,0.0,0.0,0.0,0.0,0.0,0.0,0.0,0.0,0.0,0.0,0.0,0.0,0.0,0.0,0.0,0.0,0.0,0.0,0.0,0.0,0.0,0.0,0.0,0.0,0.0,0.0,0.0,0.0,0.0,0.0,0.0,0.0,0.0,0.0,89.349,173.879,64.3741,0.162,2.2441,90.9,0.7487820934825545,1.0000000005557308,0.9999999997544368,0.11627866922898035,0.3059440548667744,0.0,0.0,0.0,0.0,0.0,0.0,0.0,0.0,0.0,0.0,0.0,0.0,0.0,0.0,0.0,0.0,0.0,0.0,0.0,0.0,0.0,0.0,0.0,0.0,0.0,0.0,0.0,0.0,0.0,0.0,0.0,0.0,0.0,0.0,0.0,0.0,0.0,0.0,0.0,0.0,0.0,0.0,0.0,0.0,0.0,0.0,0.0,0.0,0.0,0.0,0.0,0.0,0.0,0.0,0.0,0.0,0.0,0.0,0.0,0.0,0.0,0.0,0.0,0.0,0.0,0.0,0.0,0.0,0.0,0.0,0.0,0.9999999999776159,1.0000000000230045,0.9999999999378634,0.022188741268319434,1.0000000003119285,0.12500000000000003,3.7242517,-1.1406562,-0.43398249,-16.205497,-3.7242517,-0.0,-0.0,-0.0,-0.0,-0.0,-0.0,-0.0,-0.0,-0.0,-0.0,-0.0,-0.0,-0.0,-0.0,-0.0,-0.0,-0.0,-0.0,-0.0,-0.0,-0.0,-0.0,-0.0,-0.0,-0.0,-0.0,-0.0,-0.0,-0.0,-0.0,-0.0,-0.0,-0.0,-0.0,-0.0,-0.0,-0.0,-0.0,-0.0,-0.0,-0.0,-0.0,-0.0,-0.0,-0.0,-0.0,-0.0,-0.0,-0.0,-0.0,-0.0,-0.0,-0.0,-0.0,-0.0,-0.0,-0.0,-0.0,-0.0,-0.0,-0.0,-0.0,-0.0,-0.0,-0.0,-0.0,-0.0,-0.0,-0.0,-0.0,-0.0,-0.95177513,-0.73302272,-0.80922815,-57.41986,-1.7475777,3.7242517,-6129.8885,.
2167.0,2989.6477,5.3983,12.2168,15.672461,2937.1761,0.0,0.0,0.0,0.0,0.0,0.0,0.0,0.0,0.0,0.0,0.0,0.0,0.0,0.0,0.0,0.0,0.0,0.0,0.0,0.0,0.0,0.0,0.0,0.0,0.0,0.0,0.0,0.0,0.0,0.0,0.0,0.0,0.0,0.0,0.0,0.0,0.0,0.0,0.0,0.0,0.0,0.0,0.0,0.0,0.0,0.0,0.0,0.0,0.0,0.0,0.0,0.0,0.0,0.0,0.0,0.0,0.0,0.0,0.0,0.0,0.0,0.0,0.0,0.0,8.881922,172.84121,62.242968,126.97658,0.0,42.052649,21.355139,89.349,173.879,64.3741,0.0,2.2441,90.9,0.7872673337722187,1.0000000005557304,0.9999999997544365,0.060278696152918816,0.2870629357393895,0.0,0.0,0.0,0.0,0.0,0.0,0.0,0.0,0.0,0.0,0.0,0.0,0.0,0.0,0.0,0.0,0.0,0.0,0.0,0.0,0.0,0.0,0.0,0.0,0.0,0.0,0.0,0.0,0.0,0.0,0.0,0.0,0.0,0.0,0.0,0.0,0.0,0.0,0.0,0.0,0.0,0.0,0.0,0.0,0.0,0.0,0.0,0.0,0.0,0.0,0.0,0.0,0.0,0.0,0.0,0.0,0.0,0.0,0.0,0.0,0.0,0.0,0.0,0.0,0.02716577716830021,0.45454678471297355,0.3636397832822341,0.48485152445123647,0.0,0.09090931213521243,0.06060632736672668,0.9999999999776166,1.0000000000230045,0.9999999999378631,0.0,1.000000000311929,0.12500000000000003,3.9206228,-1.5545997,-0.7823739,-28.42259,-3.9206228,88.525943,24.879177,70.957103,29.473257,27.045063,18.879962,58.036068,33.998378,13.583698,16.697867,22.526924,20.555967,23.020255,6.2451838,2.0097677,21.758128,17.918246,7.4821273,14.549193,20.122417,29.570608,12.359037,4.5603525,17.18224,56.708288,12.055208,21.953361,3.979406,3.3562096,69.09948,16.109634,5.5572115,16.080324,2.7846199,18.542247,10.516237,8.7512156,13.205558,38.325886,4.9869325,20.046927,6.8384683,45.773427,18.105444,6.2818025,17.552835,4.0770809,9.7394183,7.4812242,2.9986607,1.1949494,2.4202005,7.6598424,20.672859,2.0695456,2.6634405,3.4333501,3.7693491,5.656703,1.5578707,6.5580545,14.818883,12.179933,4.7747125,2.2628045,4.9192965,4.3734572,3.9338227,0.75712114,1.7979239,3.2039672,-1.6192238,-1.302633,-1.3063033,-105.07222,-3.1804441,3.9206228,-6212.6231,.
2168.0,2843.5,5.3983,12.2168,30.232454,3130.3643,0.0,0.0,0.0,0.0,0.0,0.0,0.0,0.0,0.0,0.0,0.0,0.0,0.0,0.0,0.0,0.0,0.0,0.0,0.0,0.0,0.0,0.0,0.0,0.0,0.0,0.0,0.0,0.0,0.0,0.0,0.0,0.0,0.0,0.0,0.0,0.0,0.0,0.0,0.0,0.0,0.0,0.0,0.0,0.0,0.0,0.0,0.0,0.0,0.0,0.0,0.0,0.0,0.0,0.0,0.0,0.0,0.0,0.0,0.0,0.0,0.0,0.0,0.0,0.0,0.0,0.0,0.0,0.0,0.0,0.0,0.0,89.349,173.879,64.3741,0.162,2.2441,90.9,0.7487820934825544,1.0000000005557306,0.9999999997544363,0.11627866922898032,0.3059440548667745,0.0,0.0,0.0,0.0,0.0,0.0,0.0,0.0,0.0,0.0,0.0,0.0,0.0,0.0,0.0,0.0,0.0,0.0,0.0,0.0,0.0,0.0,0.0,0.0,0.0,0.0,0.0,0.0,0.0,0.0,0.0,0.0,0.0,0.0,0.0,0.0,0.0,0.0,0.0,0.0,0.0,0.0,0.0,0.0,0.0,0.0,0.0,0.0,0.0,0.0,0.0,0.0,0.0,0.0,0.0,0.0,0.0,0.0,0.0,0.0,0.0,0.0,0.0,0.0,0.0,0.0,0.0,0.0,0.0,0.0,0.0,0.9999999999776165,1.000000000023005,0.999999999937863,0.022188741268319448,1.0000000003119285,0.12500000000000003,3.5104645,-1.0751778,-0.40907012,-15.275235,-3.5104645,-0.0,-0.0,-0.0,-0.0,-0.0,-0.0,-0.0,-0.0,-0.0,-0.0,-0.0,-0.0,-0.0,-0.0,-0.0,-0.0,-0.0,-0.0,-0.0,-0.0,-0.0,-0.0,-0.0,-0.0,-0.0,-0.0,-0.0,-0.0,-0.0,-0.0,-0.0,-0.0,-0.0,-0.0,-0.0,-0.0,-0.0,-0.0,-0.0,-0.0,-0.0,-0.0,-0.0,-0.0,-0.0,-0.0,-0.0,-0.0,-0.0,-0.0,-0.0,-0.0,-0.0,-0.0,-0.0,-0.0,-0.0,-0.0,-0.0,-0.0,-0.0,-0.0,-0.0,-0.0,-0.0,-0.0,-0.0,-0.0,-0.0,-0.0,-0.0,-0.89713934,-0.69094422,-0.76277514,-54.123725,-1.6472596,3.5104645,-6296.0815999999995,.
2169.0,2989.6477,5.3983,12.2168,15.672461,2937.1761,0.0,0.0,0.0,0.0,0.0,0.0,0.0,0.0,0.0,0.0,0.0,0.0,0.0,0.0,0.0,0.0,0.0,0.0,0.0,0.0,0.0,0.0,0.0,0.0,0.0,0.0,0.0,0.0,0.0,0.0,0.0,0.0,0.0,0.0,0.0,0.0,0.0,0.0,0.0,0.0,0.0,0.0,0.0,0.0,0.0,0.0,0.0,0.0,0.0,0.0,0.0,0.0,0.0,0.0,0.0,0.0,0.0,0.0,0.0,0.0,0.0,0.0,0.0,0.0,8.881922,172.84121,62.242968,126.97658,0.0,42.052649,21.355139,89.349,173.879,64.3741,0.0,2.2441,90.9,0.7872673337722184,1.0000000005557308,0.9999999997544362,0.060278696152918775,0.2870629357393888,0.0,0.0,0.0,0.0,0.0,0.0,0.0,0.0,0.0,0.0,0.0,0.0,0.0,0.0,0.0,0.0,0.0,0.0,0.0,0.0,0.0,0.0,0.0,0.0,0.0,0.0,0.0,0.0,0.0,0.0,0.0,0.0,0.0,0.0,0.0,0.0,0.0,0.0,0.0,0.0,0.0,0.0,0.0,0.0,0.0,0.0,0.0,0.0,0.0,0.0,0.0,0.0,0.0,0.0,0.0,0.0,0.0,0.0,0.0,0.0,0.0,0.0,0.0,0.0,0.027165777168300216,0.45454678471297355,0.36363978328223406,0.48485152445123636,0.0,0.09090931213521243,0.060606327366726664,0.9999999999776158,1.0000000000230045,0.999999999937863,0.0,1.000000000311929,0.12500000000000003,3.695563,-1.4653593,-0.73746244,-26.791017,-3.695563,83.444192,23.45101,66.883875,27.781371,25.492566,17.796175,54.704561,32.046732,12.803938,15.739341,21.233787,19.375971,21.698798,5.8866847,1.8943988,20.509122,16.889666,7.0526226,13.71401,18.967308,27.873135,11.649578,4.2985696,16.195909,53.453,11.36319,20.693148,3.7509718,3.1635494,65.132887,15.184875,5.2382048,15.157248,2.6247714,17.477846,9.9125618,8.24886,12.447505,36.125823,4.7006622,18.896151,6.4459122,43.145845,17.066117,5.9212013,16.54523,3.8430398,9.1803359,7.0517714,2.8265253,1.1263544,2.2812711,7.2201361,19.486152,1.9507452,2.5105481,3.2362618,3.5529731,5.3319851,1.4684425,6.1815953,13.968219,11.480755,4.5006245,2.1329103,4.6369088,4.1224029,3.7080051,0.71365928,1.6947157,3.0200464,-1.5262738,-1.2278565,-1.2313162,-99.040644,-2.9978736,3.695563,-6378.3396999999995,.
2170.0,2843.5,5.3983,12.2168,30.232454,3130.3643,0.0,0.0,0.0,0.0,0.0,0.0,0.0,0.0,0.0,0.0,0.0,0.0,0.0,0.0,0.0,0.0,0.0,0.0,0.0,0.0,0.0,0.0,0.0,0.0,0.0,0.0,0.0,0.0,0.0,0.0,0.0,0.0,0.0,0.0,0.0,0.0,0.0,0.0,0.0,0.0,0.0,0.0,0.0,0.0,0.0,0.0,0.0,0.0,0.0,0.0,0.0,0.0,0.0,0.0,0.0,0.0,0.0,0.0,0.0,0.0,0.0,0.0,0.0,0.0,0.0,0.0,0.0,0.0,0.0,0.0,0.0,89.349,173.879,64.3741,0.162,2.2441,90.9,0.7487820934825545,1.0000000005557306,0.9999999997544368,0.11627866922898035,0.3059440548667748,0.0,0.0,0.0,0.0,0.0,0.0,0.0,0.0,0.0,0.0,0.0,0.0,0.0,0.0,0.0,0.0,0.0,0.0,0.0,0.0,0.0,0.0,0.0,0.0,0.0,0.0,0.0,0.0,0.0,0.0,0.0,0.0,0.0,0.0,0.0,0.0,0.0,0.0,0.0,0.0,0.0,0.0,0.0,0.0,0.0,0.0,0.0,0.0,0.0,0.0,0.0,0.0,0.0,0.0,0.0,0.0,0.0,0.0,0.0,0.0,0.0,0.0,0.0,0.0,0.0,0.0,0.0,0.0,0.0,0.0,0.0,0.9999999999776155,1.0000000000230045,0.9999999999378634,0.022188741268319427,1.0000000003119291,0.12500000000000003,3.3089494,-1.0134582,-0.38558782,-14.398374,-3.3089494,-0.0,-0.0,-0.0,-0.0,-0.0,-0.0,-0.0,-0.0,-0.0,-0.0,-0.0,-0.0,-0.0,-0.0,-0.0,-0.0,-0.0,-0.0,-0.0,-0.0,-0.0,-0.0,-0.0,-0.0,-0.0,-0.0,-0.0,-0.0,-0.0,-0.0,-0.0,-0.0,-0.0,-0.0,-0.0,-0.0,-0.0,-0.0,-0.0,-0.0,-0.0,-0.0,-0.0,-0.0,-0.0,-0.0,-0.0,-0.0,-0.0,-0.0,-0.0,-0.0,-0.0,-0.0,-0.0,-0.0,-0.0,-0.0,-0.0,-0.0,-0.0,-0.0,-0.0,-0.0,-0.0,-0.0,-0.0,-0.0,-0.0,-0.0,-0.0,-0.84563988,-0.65128119,-0.71898873,-51.016802,-1.5527002,3.3089494,-6461.1622,.
2171.0,2989.6477,5.3983,12.2168,15.672461,2937.1761,0.0,0.0,0.0,0.0,0.0,0.0,0.0,0.0,0.0,0.0,0.0,0.0,0.0,0.0,0.0,0.0,0.0,0.0,0.0,0.0,0.0,0.0,0.0,0.0,0.0,0.0,0.0,0.0,0.0,0.0,0.0,0.0,0.0,0.0,0.0,0.0,0.0,0.0,0.0,0.0,0.0,0.0,0.0,0.0,0.0,0.0,0.0,0.0,0.0,0.0,0.0,0.0,0.0,0.0,0.0,0.0,0.0,0.0,0.0,0.0,0.0,0.0,0.0,0.0,8.881922,172.84121,62.242968,126.97658,0.0,42.052649,21.355139,89.349,173.879,64.3741,0.0,2.2441,90.9,0.7872673337722186,1.0000000005557304,0.9999999997544371,0.0602786961529188,0.28706293573938857,0.0,0.0,0.0,0.0,0.0,0.0,0.0,0.0,0.0,0.0,0.0,0.0,0.0,0.0,0.0,0.0,0.0,0.0,0.0,0.0,0.0,0.0,0.0,0.0,0.0,0.0,0.0,0.0,0.0,0.0,0.0,0.0,0.0,0.0,0.0,0.0,0.0,0.0,0.0,0.0,0.0,0.0,0.0,0.0,0.0,0.0,0.0,0.0,0.0,0.0,0.0,0.0,0.0,0.0,0.0,0.0,0.0,0.0,0.0,0.0,0.0,0.0,0.0,0.0,0.02716577716830021,0.45454678471297355,0.36363978328223406,0.48485152445123647,0.0,0.09090931213521243,0.06060632736672668,0.999999999977615,1.0000000000230047,0.9999999999378631,0.0,1.0000000003119291,0.12500000000000003,3.4834226,-1.3812417,-0.69512907,-25.253103,-3.4834226,78.654154,22.104826,63.044467,26.186607,24.029189,16.774601,51.564295,30.207118,12.068939,14.835838,20.01488,18.263711,20.453199,5.5487649,1.7856525,19.331815,15.92013,6.6477732,12.926769,17.878507,26.273103,10.980844,4.0518141,15.266198,50.38458,10.710896,19.505277,3.5356507,2.9819488,61.393993,14.313201,4.9375104,14.28716,2.4740987,16.474546,9.3435402,7.7753417,11.732967,34.052053,4.430825,17.811435,6.0758905,40.669097,16.086452,5.5813001,15.595466,3.6224336,8.6533471,6.6469708,2.6642712,1.061697,2.1503168,6.8056707,18.367567,1.8387645,2.3664324,3.0504871,3.3490179,5.0259074,1.3841479,5.8267465,13.166386,10.821713,4.2422703,2.0104725,4.3707313,3.8857601,3.4951505,0.67269232,1.5974321,2.8466834,-1.4386594,-1.1573725,-1.1606336,-93.355306,-2.8257834,3.4834226,-6542.3405999999995,.
2172.0,2843.5,5.3983,12.2168,30.232454,3130.3643,0.0,0.0,0.0,0.0,0.0,0.0,0.0,0.0,0.0,0.0,0.0,0.0,0.0,0.0,0.0,0.0,0.0,0.0,0.0,0.0,0.0,0.0,0.0,0.0,0.0,0.0,0.0,0.0,0.0,0.0,0.0,0.0,0.0,0.0,0.0,0.0,0.0,0.0,0.0,0.0,0.0,0.0,0.0,0.0,0.0,0.0,0.0,0.0,0.0,0.0,0.0,0.0,0.0,0.0,0.0,0.0,0.0,0.0,0.0,0.0,0.0,0.0,0.0,0.0,0.0,0.0,0.0,0.0,0.0,0.0,0.0,89.349,173.879,64.3741,0.162,2.2441,90.9,0.7487820934825543,1.0000000005557306,0.9999999997544367,0.11627866922898035,0.30594405486677456,0.0,0.0,0.0,0.0,0.0,0.0,0.0,0.0,0.0,0.0,0.0,0.0,0.0,0.0,0.0,0.0,0.0,0.0,0.0,0.0,0.0,0.0,0.0,0.0,0.0,0.0,0.0,0.0,0.0,0.0,0.0,0.0,0.0,0.0,0.0,0.0,0.0,0.0,0.0,0.0,0.0,0.0,0.0,0.0,0.0,0.0,0.0,0.0,0.0,0.0,0.0,0.0,0.0,0.0,0.0,0.0,0.0,0.0,0.0,0.0,0.0,0.0,0.0,0.0,0.0,0.0,0.0,0.0,0.0,0.0,0.0,0.9999999999776158,1.000000000023004,0.9999999999378634,0.022188741268319438,1.000000000311929,0.12500000000000003,3.1190022,-0.95528158,-0.3634535,-13.571848,-3.1190022,-0.0,-0.0,-0.0,-0.0,-0.0,-0.0,-0.0,-0.0,-0.0,-0.0,-0.0,-0.0,-0.0,-0.0,-0.0,-0.0,-0.0,-0.0,-0.0,-0.0,-0.0,-0.0,-0.0,-0.0,-0.0,-0.0,-0.0,-0.0,-0.0,-0.0,-0.0,-0.0,-0.0,-0.0,-0.0,-0.0,-0.0,-0.0,-0.0,-0.0,-0.0,-0.0,-0.0,-0.0,-0.0,-0.0,-0.0,-0.0,-0.0,-0.0,-0.0,-0.0,-0.0,-0.0,-0.0,-0.0,-0.0,-0.0,-0.0,-0.0,-0.0,-0.0,-0.0,-0.0,-0.0,-0.0,-0.0,-0.0,-0.0,-0.0,-0.0,-0.79709669,-0.61389499,-0.67771583,-48.088229,-1.4635689,3.1190022,-6624.5839,.
2173.0,2989.6477,5.3983,12.2168,15.672461,2937.1761,0.0,0.0,0.0,0.0,0.0,0.0,0.0,0.0,0.0,0.0,0.0,0.0,0.0,0.0,0.0,0.0,0.0,0.0,0.0,0.0,0.0,0.0,0.0,0.0,0.0,0.0,0.0,0.0,0.0,0.0,0.0,0.0,0.0,0.0,0.0,0.0,0.0,0.0,0.0,0.0,0.0,0.0,0.0,0.0,0.0,0.0,0.0,0.0,0.0,0.0,0.0,0.0,0.0,0.0,0.0,0.0,0.0,0.0,0.0,0.0,0.0,0.0,0.0,0.0,8.881922,172.84121,62.242968,126.97658,0.0,42.052649,21.355139,89.349,173.879,64.3741,0.0,2.2441,90.9,0.7872673337722186,1.0000000005557308,0.9999999997544367,0.0602786961529188,0.2870629357393889,0.0,0.0,0.0,0.0,0.0,0.0,0.0,0.0,0.0,0.0,0.0,0.0,0.0,0.0,0.0,0.0,0.0,0.0,0.0,0.0,0.0,0.0,0.0,0.0,0.0,0.0,0.0,0.0,0.0,0.0,0.0,0.0,0.0,0.0,0.0,0.0,0.0,0.0,0.0,0.0,0.0,0.0,0.0,0.0,0.0,0.0,0.0,0.0,0.0,0.0,0.0,0.0,0.0,0.0,0.0,0.0,0.0,0.0,0.0,0.0,0.0,0.0,0.0,0.0,0.02716577716830021,0.45454678471297355,0.36363978328223406,0.48485152445123636,0.0,0.09090931213521246,0.06060632736672668,0.9999999999776162,1.000000000023005,0.999999999937863,0.0,1.000000000311928,0.12500000000000003,3.2834599,-1.3019528,-0.65522582,-23.803471,-3.2834599,74.139084,20.835919,59.425457,24.683388,22.649815,15.811671,48.604293,28.473106,11.376133,13.9842,18.865944,17.215299,19.279101,5.2302431,1.6831488,18.22209,15.006249,6.2661638,12.18472,16.852207,24.764919,10.350499,3.8192234,14.389856,47.492299,10.096047,18.385594,3.3326899,2.8107727,57.869727,13.491565,4.6540772,13.467018,2.3320754,15.52884,8.8071828,7.3290053,11.059447,32.097326,4.1764775,16.788985,5.7271095,38.334524,15.163024,5.2609107,14.700223,3.4144911,8.1566095,6.2654075,2.5113312,1.0007513,2.0268798,6.4149974,17.313194,1.7332119,2.2305895,2.8753767,3.1567706,4.7373997,1.3046922,5.4922674,12.410581,10.200502,3.9987466,1.8950631,4.1198334,3.6627016,3.2945145,0.63407703,1.5057329,2.6832721,-1.3560745,-1.0909346,-1.0940085,-87.99633,-2.6635719,3.2834599,-6705.7729,.
2174.0,2843.5,5.3983,12.2168,30.232454,3130.3643,0.0,0.0,0.0,0.0,0.0,0.0,0.0,0.0,0.0,0.0,0.0,0.0,0.0,0.0,0.0,0.0,0.0,0.0,0.0,0.0,0.0,0.0,0.0,0.0,0.0,0.0,0.0,0.0,0.0,0.0,0.0,0.0,0.0,0.0,0.0,0.0,0.0,0.0,0.0,0.0,0.0,0.0,0.0,0.0,0.0,0.0,0.0,0.0,0.0,0.0,0.0,0.0,0.0,0.0,0.0,0.0,0.0,0.0,0.0,0.0,0.0,0.0,0.0,0.0,0.0,0.0,0.0,0.0,0.0,0.0,0.0,89.349,173.879,64.3741,0.162,2.2441,90.9,0.7487820934825545,1.000000000555731,0.9999999997544367,0.11627866922898038,0.3059440548667742,0.0,0.0,0.0,0.0,0.0,0.0,0.0,0.0,0.0,0.0,0.0,0.0,0.0,0.0,0.0,0.0,0.0,0.0,0.0,0.0,0.0,0.0,0.0,0.0,0.0,0.0,0.0,0.0,0.0,0.0,0.0,0.0,0.0,0.0,0.0,0.0,0.0,0.0,0.0,0.0,0.0,0.0,0.0,0.0,0.0,0.0,0.0,0.0,0.0,0.0,0.0,0.0,0.0,0.0,0.0,0.0,0.0,0.0,0.0,0.0,0.0,0.0,0.0,0.0,0.0,0.0,0.0,0.0,0.0,0.0,0.0,0.9999999999776159,1.0000000000230047,0.9999999999378628,0.022188741268319434,1.0000000003119291,0.12500000000000003,2.9399587,-0.90044451,-0.34258979,-12.792769,-2.9399587,-0.0,-0.0,-0.0,-0.0,-0.0,-0.0,-0.0,-0.0,-0.0,-0.0,-0.0,-0.0,-0.0,-0.0,-0.0,-0.0,-0.0,-0.0,-0.0,-0.0,-0.0,-0.0,-0.0,-0.0,-0.0,-0.0,-0.0,-0.0,-0.0,-0.0,-0.0,-0.0,-0.0,-0.0,-0.0,-0.0,-0.0,-0.0,-0.0,-0.0,-0.0,-0.0,-0.0,-0.0,-0.0,-0.0,-0.0,-0.0,-0.0,-0.0,-0.0,-0.0,-0.0,-0.0,-0.0,-0.0,-0.0,-0.0,-0.0,-0.0,-0.0,-0.0,-0.0,-0.0,-0.0,-0.0,-0.0,-0.0,-0.0,-0.0,-0.0,-0.75134008,-0.5786549,-0.63881217,-45.327768,-1.379554,2.9399587,-6786.5841,.
2175.0,2989.6477,5.3983,12.2168,15.672461,2937.1761,0.0,0.0,0.0,0.0,0.0,0.0,0.0,0.0,0.0,0.0,0.0,0.0,0.0,0.0,0.0,0.0,0.0,0.0,0.0,0.0,0.0,0.0,0.0,0.0,0.0,0.0,0.0,0.0,0.0,0.0,0.0,0.0,0.0,0.0,0.0,0.0,0.0,0.0,0.0,0.0,0.0,0.0,0.0,0.0,0.0,0.0,0.0,0.0,0.0,0.0,0.0,0.0,0.0,0.0,0.0,0.0,0.0,0.0,0.0,0.0,0.0,0.0,0.0,0.0,8.881922,172.84121,62.242968,126.97658,0.0,42.052649,21.355139,89.349,173.879,64.3741,0.0,2.2441,90.9,0.7872673337722186,1.0000000005557308,0.9999999997544368,0.060278696152918816,0.2870629357393891,0.0,0.0,0.0,0.0,0.0,0.0,0.0,0.0,0.0,0.0,0.0,0.0,0.0,0.0,0.0,0.0,0.0,0.0,0.0,0.0,0.0,0.0,0.0,0.0,0.0,0.0,0.0,0.0,0.0,0.0,0.0,0.0,0.0,0.0,0.0,0.0,0.0,0.0,0.0,0.0,0.0,0.0,0.0,0.0,0.0,0.0,0.0,0.0,0.0,0.0,0.0,0.0,0.0,0.0,0.0,0.0,0.0,0.0,0.0,0.0,0.0,0.0,0.0,0.0,0.02716577716830021,0.45454678471297355,0.3636397832822341,0.48485152445123636,0.0,0.09090931213521243,0.060606327366726664,0.9999999999776162,1.000000000023004,0.9999999999378636,0.0,1.000000000311929,0.12500000000000003,3.0949759,-1.2272153,-0.61761318,-22.437055,-3.0949759,69.883197,19.639852,56.014192,23.266461,21.349623,14.904016,45.814208,26.838633,10.723096,13.18145,17.782962,16.22707,18.172402,4.9300058,1.5865291,17.176067,14.144829,5.9064604,11.485267,15.884822,23.343311,9.7563378,3.5999843,13.563819,44.766046,9.5164924,17.330186,3.1413798,2.6494229,54.547768,12.717094,4.3869141,12.693956,2.1982047,14.637421,8.3016145,6.9082904,10.42459,30.254808,3.9367306,15.825229,5.39835,36.133966,14.292605,4.9589129,13.85637,3.2184853,7.6883868,5.9057475,2.3671705,0.94330407,1.9105286,6.0467503,16.319346,1.6337184,2.1025445,2.7103183,2.975559,4.4654536,1.2297975,5.1769888,11.698163,9.6149518,3.7692022,1.7862788,3.8833381,3.4524475,3.1053959,0.59767842,1.4192977,2.5292413,-1.2782303,-1.0283105,-1.0312079,-82.94498,-2.510672,3.0949759,-6867.9452,.
2176.0,2843.5,5.3983,12.2168,30.232454,3130.3643,0.0,0.0,0.0,0.0,0.0,0.0,0.0,0.0,0.0,0.0,0.0,0.0,0.0,0.0,0.0,0.0,0.0,0.0,0.0,0.0,0.0,0.0,0.0,0.0,0.0,0.0,0.0,0.0,0.0,0.0,0.0,0.0,0.0,0.0,0.0,0.0,0.0,0.0,0.0,0.0,0.0,0.0,0.0,0.0,0.0,0.0,0.0,0.0,0.0,0.0,0.0,0.0,0.0,0.0,0.0,0.0,0.0,0.0,0.0,0.0,0.0,0.0,0.0,0.0,0.0,0.0,0.0,0.0,0.0,0.0,0.0,89.349,173.879,64.3741,0.162,2.2441,90.9,0.7487820934825545,1.0000000005557308,0.9999999997544369,0.11627866922898032,0.3059440548667745,0.0,0.0,0.0,0.0,0.0,0.0,0.0,0.0,0.0,0.0,0.0,0.0,0.0,0.0,0.0,0.0,0.0,0.0,0.0,0.0,0.0,0.0,0.0,0.0,0.0,0.0,0.0,0.0,0.0,0.0,0.0,0.0,0.0,0.0,0.0,0.0,0.0,0.0,0.0,0.0,0.0,0.0,0.0,0.0,0.0,0.0,0.0,0.0,0.0,0.0,0.0,0.0,0.0,0.0,0.0,0.0,0.0,0.0,0.0,0.0,0.0,0.0,0.0,0.0,0.0,0.0,0.0,0.0,0.0,0.0,0.0,0.9999999999776159,1.0000000000230045,0.9999999999378631,0.022188741268319434,1.000000000311929,0.12500000000000003,2.7711931,-0.84875531,-0.32292373,-12.058412,-2.7711931,-0.0,-0.0,-0.0,-0.0,-0.0,-0.0,-0.0,-0.0,-0.0,-0.0,-0.0,-0.0,-0.0,-0.0,-0.0,-0.0,-0.0,-0.0,-0.0,-0.0,-0.0,-0.0,-0.0,-0.0,-0.0,-0.0,-0.0,-0.0,-0.0,-0.0,-0.0,-0.0,-0.0,-0.0,-0.0,-0.0,-0.0,-0.0,-0.0,-0.0,-0.0,-0.0,-0.0,-0.0,-0.0,-0.0,-0.0,-0.0,-0.0,-0.0,-0.0,-0.0,-0.0,-0.0,-0.0,-0.0,-0.0,-0.0,-0.0,-0.0,-0.0,-0.0,-0.0,-0.0,-0.0,-0.0,-0.0,-0.0,-0.0,-0.0,-0.0,-0.70821008,-0.54543775,-0.60214174,-42.725768,-1.300362,2.7711931,-6949.7154,.
2177.0,2989.6477,5.3983,12.2168,15.672461,2937.1761,0.0,0.0,0.0,0.0,0.0,0.0,0.0,0.0,0.0,0.0,0.0,0.0,0.0,0.0,0.0,0.0,0.0,0.0,0.0,0.0,0.0,0.0,0.0,0.0,0.0,0.0,0.0,0.0,0.0,0.0,0.0,0.0,0.0,0.0,0.0,0.0,0.0,0.0,0.0,0.0,0.0,0.0,0.0,0.0,0.0,0.0,0.0,0.0,0.0,0.0,0.0,0.0,0.0,0.0,0.0,0.0,0.0,0.0,0.0,0.0,0.0,0.0,0.0,0.0,8.881922,172.84121,62.242968,126.97658,0.0,42.052649,21.355139,89.349,173.879,64.3741,0.0,2.2441,90.9,0.7872673337722186,1.0000000005557306,0.9999999997544367,0.0602786961529188,0.2870629357393885,0.0,0.0,0.0,0.0,0.0,0.0,0.0,0.0,0.0,0.0,0.0,0.0,0.0,0.0,0.0,0.0,0.0,0.0,0.0,0.0,0.0,0.0,0.0,0.0,0.0,0.0,0.0,0.0,0.0,0.0,0.0,0.0,0.0,0.0,0.0,0.0,0.0,0.0,0.0,0.0,0.0,0.0,0.0,0.0,0.0,0.0,0.0,0.0,0.0,0.0,0.0,0.0,0.0,0.0,0.0,0.0,0.0,0.0,0.0,0.0,0.0,0.0,0.0,0.0,0.02716577716830021,0.4545467847129735,0.363639783282234,0.48485152445123636,0.0,0.09090931213521244,0.060606327366726664,0.9999999999776156,1.0000000000230043,0.999999999937863,0.0,1.0000000003119291,0.12500000000000003,2.9173116,-1.1567682,-0.58215966,-21.149076,-2.9173116,65.871616,18.512444,52.798748,21.930871,20.124067,14.048465,43.184285,25.297986,10.107547,12.424781,16.762147,15.29557,17.129232,4.6470033,1.4954559,16.190091,13.332858,5.5674054,10.825966,14.972968,22.00331,9.1962841,3.3933305,12.7852,42.196292,8.9702068,16.335362,2.9610518,2.4973351,51.416503,11.987081,4.1350873,11.965271,2.0720188,13.797173,7.8250679,6.5117262,9.8261755,28.518058,3.7107461,14.916796,5.0884626,34.059728,13.472151,4.674251,13.060957,3.0337311,7.2470419,5.5667334,2.2312852,0.88915456,1.8008564,5.6996421,15.382548,1.5399363,1.9818499,2.5547349,2.8047498,4.2091183,1.1592021,4.8798084,11.026641,9.0630142,3.5528346,1.6837391,3.6604186,3.2542629,2.9271335,0.56336923,1.3378242,2.3840525,-1.2048546,-0.96928128,-0.97201235,-78.183599,-2.3665491,2.9173116,-7032.2437,.
2178.0,2843.5,5.3983,12.2168,30.232454,3130.3643,0.0,0.0,0.0,0.0,0.0,0.0,0.0,0.0,0.0,0.0,0.0,0.0,0.0,0.0,0.0,0.0,0.0,0.0,0.0,0.0,0.0,0.0,0.0,0.0,0.0,0.0,0.0,0.0,0.0,0.0,0.0,0.0,0.0,0.0,0.0,0.0,0.0,0.0,0.0,0.0,0.0,0.0,0.0,0.0,0.0,0.0,0.0,0.0,0.0,0.0,0.0,0.0,0.0,0.0,0.0,0.0,0.0,0.0,0.0,0.0,0.0,0.0,0.0,0.0,0.0,0.0,0.0,0.0,0.0,0.0,0.0,89.349,173.879,64.3741,0.162,2.2441,90.9,0.7487820934825543,1.0000000005557306,0.9999999997544367,0.11627866922898035,0.3059440548667745,0.0,0.0,0.0,0.0,0.0,0.0,0.0,0.0,0.0,0.0,0.0,0.0,0.0,0.0,0.0,0.0,0.0,0.0,0.0,0.0,0.0,0.0,0.0,0.0,0.0,0.0,0.0,0.0,0.0,0.0,0.0,0.0,0.0,0.0,0.0,0.0,0.0,0.0,0.0,0.0,0.0,0.0,0.0,0.0,0.0,0.0,0.0,0.0,0.0,0.0,0.0,0.0,0.0,0.0,0.0,0.0,0.0,0.0,0.0,0.0,0.0,0.0,0.0,0.0,0.0,0.0,0.0,0.0,0.0,0.0,0.0,0.9999999999776155,1.0000000000230045,0.9999999999378634,0.022188741268319424,1.000000000311929,0.12500000000000003,2.6121152,-0.80003328,-0.30438659,-11.366209,-2.6121152,-0.0,-0.0,-0.0,-0.0,-0.0,-0.0,-0.0,-0.0,-0.0,-0.0,-0.0,-0.0,-0.0,-0.0,-0.0,-0.0,-0.0,-0.0,-0.0,-0.0,-0.0,-0.0,-0.0,-0.0,-0.0,-0.0,-0.0,-0.0,-0.0,-0.0,-0.0,-0.0,-0.0,-0.0,-0.0,-0.0,-0.0,-0.0,-0.0,-0.0,-0.0,-0.0,-0.0,-0.0,-0.0,-0.0,-0.0,-0.0,-0.0,-0.0,-0.0,-0.0,-0.0,-0.0,-0.0,-0.0,-0.0,-0.0,-0.0,-0.0,-0.0,-0.0,-0.0,-0.0,-0.0,-0.0,-0.0,-0.0,-0.0,-0.0,-0.0,-0.66755593,-0.51412739,-0.56757634,-40.273135,-1.2257159,2.6121152,-7115.148,.
2179.0,2989.6477,5.3983,12.2168,15.672461,2937.1761,0.0,0.0,0.0,0.0,0.0,0.0,0.0,0.0,0.0,0.0,0.0,0.0,0.0,0.0,0.0,0.0,0.0,0.0,0.0,0.0,0.0,0.0,0.0,0.0,0.0,0.0,0.0,0.0,0.0,0.0,0.0,0.0,0.0,0.0,0.0,0.0,0.0,0.0,0.0,0.0,0.0,0.0,0.0,0.0,0.0,0.0,0.0,0.0,0.0,0.0,0.0,0.0,0.0,0.0,0.0,0.0,0.0,0.0,0.0,0.0,0.0,0.0,0.0,0.0,8.881922,172.84121,62.242968,126.97658,0.0,42.052649,21.355139,89.349,173.879,64.3741,0.0,2.2441,90.9,0.7872673337722188,1.0000000005557315,0.9999999997544367,0.060278696152918816,0.2870629357393893,0.0,0.0,0.0,0.0,0.0,0.0,0.0,0.0,0.0,0.0,0.0,0.0,0.0,0.0,0.0,0.0,0.0,0.0,0.0,0.0,0.0,0.0,0.0,0.0,0.0,0.0,0.0,0.0,0.0,0.0,0.0,0.0,0.0,0.0,0.0,0.0,0.0,0.0,0.0,0.0,0.0,0.0,0.0,0.0,0.0,0.0,0.0,0.0,0.0,0.0,0.0,0.0,0.0,0.0,0.0,0.0,0.0,0.0,0.0,0.0,0.0,0.0,0.0,0.0,0.02716577716830021,0.4545467847129736,0.363639783282234,0.48485152445123647,0.0,0.09090931213521244,0.06060632736672668,0.999999999977615,1.0000000000230052,0.999999999937863,0.0,1.0000000003119294,0.12500000000000003,2.749846,-1.0903649,-0.54874131,-19.935033,-2.749846,62.090316,17.449754,49.767884,20.671949,18.968863,13.242025,40.705331,23.845778,9.5273322,11.711548,15.799931,14.417542,16.145944,4.3802463,1.4096106,15.260713,12.567497,5.2478136,10.204511,14.113458,20.74023,8.6683798,3.1985395,12.051278,39.774052,8.4552802,15.397645,2.7910753,2.3539779,48.464985,11.298973,3.8977163,11.278416,1.9530764,13.005159,7.375877,6.1379265,9.2621129,26.881005,3.4977341,14.060511,4.7963641,32.10456,12.698794,4.4059299,12.311205,2.8595825,6.8310321,5.2471802,2.1032003,0.83811345,1.6974799,5.3724593,14.499527,1.4515377,1.8680836,2.4080827,2.6437456,3.9674977,1.0926592,4.5996875,10.393666,8.5427602,3.3488873,1.5870855,3.4502956,3.0674549,2.7591041,0.53102953,1.2610276,2.2471981,-1.135691,-0.91364057,-0.91621487,-73.695541,-2.2306995,2.749846,-7198.605699999999,.
2180.0,2843.5,5.3983,12.2168,30.232454,3130.3643,0.0,0.0,0.0,0.0,0.0,0.0,0.0,0.0,0.0,0.0,0.0,0.0,0.0,0.0,0.0,0.0,0.0,0.0,0.0,0.0,0.0,0.0,0.0,0.0,0.0,0.0,0.0,0.0,0.0,0.0,0.0,0.0,0.0,0.0,0.0,0.0,0.0,0.0,0.0,0.0,0.0,0.0,0.0,0.0,0.0,0.0,0.0,0.0,0.0,0.0,0.0,0.0,0.0,0.0,0.0,0.0,0.0,0.0,0.0,0.0,0.0,0.0,0.0,0.0,0.0,0.0,0.0,0.0,0.0,0.0,0.0,89.349,173.879,64.3741,0.162,2.2441,90.9,0.7487820934825545,1.0000000005557306,0.9999999997544367,0.11627866922898032,0.3059440548667746,0.0,0.0,0.0,0.0,0.0,0.0,0.0,0.0,0.0,0.0,0.0,0.0,0.0,0.0,0.0,0.0,0.0,0.0,0.0,0.0,0.0,0.0,0.0,0.0,0.0,0.0,0.0,0.0,0.0,0.0,0.0,0.0,0.0,0.0,0.0,0.0,0.0,0.0,0.0,0.0,0.0,0.0,0.0,0.0,0.0,0.0,0.0,0.0,0.0,0.0,0.0,0.0,0.0,0.0,0.0,0.0,0.0,0.0,0.0,0.0,0.0,0.0,0.0,0.0,0.0,0.0,0.0,0.0,0.0,0.0,0.0,0.9999999999776155,1.0000000000230043,0.9999999999378631,0.02218874126831944,1.0000000003119294,0.12500000000000003,2.4621691,-0.7541081,-0.28691355,-10.713743,-2.4621691,-0.0,-0.0,-0.0,-0.0,-0.0,-0.0,-0.0,-0.0,-0.0,-0.0,-0.0,-0.0,-0.0,-0.0,-0.0,-0.0,-0.0,-0.0,-0.0,-0.0,-0.0,-0.0,-0.0,-0.0,-0.0,-0.0,-0.0,-0.0,-0.0,-0.0,-0.0,-0.0,-0.0,-0.0,-0.0,-0.0,-0.0,-0.0,-0.0,-0.0,-0.0,-0.0,-0.0,-0.0,-0.0,-0.0,-0.0,-0.0,-0.0,-0.0,-0.0,-0.0,-0.0,-0.0,-0.0,-0.0,-0.0,-0.0,-0.0,-0.0,-0.0,-0.0,-0.0,-0.0,-0.0,-0.0,-0.0,-0.0,-0.0,-0.0,-0.0,-0.62923549,-0.48461437,-0.53499514,-37.961292,-1.1553548,2.4621691,-7282.477099999999,.
2181.0,2989.6477,5.3983,12.2168,15.672461,2937.1761,0.0,0.0,0.0,0.0,0.0,0.0,0.0,0.0,0.0,0.0,0.0,0.0,0.0,0.0,0.0,0.0,0.0,0.0,0.0,0.0,0.0,0.0,0.0,0.0,0.0,0.0,0.0,0.0,0.0,0.0,0.0,0.0,0.0,0.0,0.0,0.0,0.0,0.0,0.0,0.0,0.0,0.0,0.0,0.0,0.0,0.0,0.0,0.0,0.0,0.0,0.0,0.0,0.0,0.0,0.0,0.0,0.0,0.0,0.0,0.0,0.0,0.0,0.0,0.0,8.881922,172.84121,62.242968,126.97658,0.0,42.052649,21.355139,89.349,173.879,64.3741,0.0,2.2441,90.9,0.7872673337722186,1.0000000005557308,0.9999999997544367,0.060278696152918816,0.28706293573938935,0.0,0.0,0.0,0.0,0.0,0.0,0.0,0.0,0.0,0.0,0.0,0.0,0.0,0.0,0.0,0.0,0.0,0.0,0.0,0.0,0.0,0.0,0.0,0.0,0.0,0.0,0.0,0.0,0.0,0.0,0.0,0.0,0.0,0.0,0.0,0.0,0.0,0.0,0.0,0.0,0.0,0.0,0.0,0.0,0.0,0.0,0.0,0.0,0.0,0.0,0.0,0.0,0.0,0.0,0.0,0.0,0.0,0.0,0.0,0.0,0.0,0.0,0.0,0.0,0.02716577716830021,0.45454678471297355,0.36363978328223406,0.48485152445123647,0.0,0.09090931213521244,0.060606327366726664,0.9999999999776165,1.0000000000230045,0.9999999999378636,0.0,1.0000000003119285,0.12500000000000003,2.5919936,-1.0277735,-0.51724131,-18.79068,-2.5919936,58.526077,16.448067,46.911004,19.485295,17.879973,12.481879,38.368678,22.476933,8.9804243,11.039257,14.892951,13.589916,15.219101,4.1288022,1.3286932,14.384686,11.846072,4.9465676,9.6187304,13.303288,19.549656,8.1707793,3.0149302,11.359485,37.490859,7.9699126,14.513758,2.6308562,2.2188499,45.682897,10.650366,3.6739715,10.630989,1.8409618,12.258609,6.9524714,5.7855844,8.7304297,25.337926,3.2969499,13.25338,4.5210332,30.261627,11.969831,4.1530115,11.604491,2.6954308,6.4389029,4.9459706,1.982468,0.79000231,1.6000376,5.0640582,13.667195,1.3682135,1.7608479,2.2698489,2.4919838,3.7397471,1.0299361,4.3356466,9.7970275,8.0523708,3.1566475,1.4959803,3.2522345,2.8913704,2.6007202,0.50054626,1.1886395,2.1181998,-1.0704977,-0.86119386,-0.86362039,-69.465115,-2.1026483,2.5919936,-7366.7426000000005,.
2182.0,2843.5,5.3983,12.2168,30.232454,3130.3643,0.0,0.0,0.0,0.0,0.0,0.0,0.0,0.0,0.0,0.0,0.0,0.0,0.0,0.0,0.0,0.0,0.0,0.0,0.0,0.0,0.0,0.0,0.0,0.0,0.0,0.0,0.0,0.0,0.0,0.0,0.0,0.0,0.0,0.0,0.0,0.0,0.0,0.0,0.0,0.0,0.0,0.0,0.0,0.0,0.0,0.0,0.0,0.0,0.0,0.0,0.0,0.0,0.0,0.0,0.0,0.0,0.0,0.0,0.0,0.0,0.0,0.0,0.0,0.0,0.0,0.0,0.0,0.0,0.0,0.0,0.0,89.349,173.879,64.3741,0.162,2.2441,90.9,0.7487820934825543,1.0000000005557308,0.9999999997544362,0.11627866922898035,0.3059440548667747,0.0,0.0,0.0,0.0,0.0,0.0,0.0,0.0,0.0,0.0,0.0,0.0,0.0,0.0,0.0,0.0,0.0,0.0,0.0,0.0,0.0,0.0,0.0,0.0,0.0,0.0,0.0,0.0,0.0,0.0,0.0,0.0,0.0,0.0,0.0,0.0,0.0,0.0,0.0,0.0,0.0,0.0,0.0,0.0,0.0,0.0,0.0,0.0,0.0,0.0,0.0,0.0,0.0,0.0,0.0,0.0,0.0,0.0,0.0,0.0,0.0,0.0,0.0,0.0,0.0,0.0,0.0,0.0,0.0,0.0,0.0,0.9999999999776161,1.0000000000230047,0.999999999937863,0.022188741268319438,1.0000000003119287,0.12500000000000003,2.3208306,-0.71081921,-0.27044354,-10.09873,-2.3208306,-0.0,-0.0,-0.0,-0.0,-0.0,-0.0,-0.0,-0.0,-0.0,-0.0,-0.0,-0.0,-0.0,-0.0,-0.0,-0.0,-0.0,-0.0,-0.0,-0.0,-0.0,-0.0,-0.0,-0.0,-0.0,-0.0,-0.0,-0.0,-0.0,-0.0,-0.0,-0.0,-0.0,-0.0,-0.0,-0.0,-0.0,-0.0,-0.0,-0.0,-0.0,-0.0,-0.0,-0.0,-0.0,-0.0,-0.0,-0.0,-0.0,-0.0,-0.0,-0.0,-0.0,-0.0,-0.0,-0.0,-0.0,-0.0,-0.0,-0.0,-0.0,-0.0,-0.0,-0.0,-0.0,-0.0,-0.0,-0.0,-0.0,-0.0,-0.0,-0.59311479,-0.45679553,-0.50428423,-35.782158,-1.0890327,2.3208306,-7451.3715999999995,.
2183.0,2989.6477,5.3983,12.2168,15.672461,2937.1761,0.0,0.0,0.0,0.0,0.0,0.0,0.0,0.0,0.0,0.0,0.0,0.0,0.0,0.0,0.0,0.0,0.0,0.0,0.0,0.0,0.0,0.0,0.0,0.0,0.0,0.0,0.0,0.0,0.0,0.0,0.0,0.0,0.0,0.0,0.0,0.0,0.0,0.0,0.0,0.0,0.0,0.0,0.0,0.0,0.0,0.0,0.0,0.0,0.0,0.0,0.0,0.0,0.0,0.0,0.0,0.0,0.0,0.0,0.0,0.0,0.0,0.0,0.0,0.0,8.881922,172.84121,62.242968,126.97658,0.0,42.052649,21.355139,89.349,173.879,64.3741,0.0,2.2441,90.9,0.7872673337722185,1.0000000005557308,0.9999999997544362,0.06027869615291879,0.28706293573938874,0.0,0.0,0.0,0.0,0.0,0.0,0.0,0.0,0.0,0.0,0.0,0.0,0.0,0.0,0.0,0.0,0.0,0.0,0.0,0.0,0.0,0.0,0.0,0.0,0.0,0.0,0.0,0.0,0.0,0.0,0.0,0.0,0.0,0.0,0.0,0.0,0.0,0.0,0.0,0.0,0.0,0.0,0.0,0.0,0.0,0.0,0.0,0.0,0.0,0.0,0.0,0.0,0.0,0.0,0.0,0.0,0.0,0.0,0.0,0.0,0.0,0.0,0.0,0.0,0.02716577716830021,0.4545467847129735,0.3636397832822341,0.48485152445123636,0.0,0.09090931213521243,0.06060632736672666,0.9999999999776156,1.0000000000230047,0.9999999999378634,0.0,1.000000000311929,0.12500000000000003,2.4432025,-0.96877513,-0.48754955,-17.712018,-2.4432025,55.166441,15.50388,44.218121,18.366759,16.853589,11.765368,36.166159,21.186665,8.4649112,10.405558,14.038034,12.809799,14.345462,3.8917921,1.2524208,13.558946,11.166059,4.6626144,9.066576,12.539625,18.427426,7.7017432,2.8418609,10.707404,35.33873,7.512407,13.680609,2.4798343,2.0914789,43.060512,10.038992,3.4630705,10.020726,1.7352831,11.554915,6.5533711,5.4534682,8.2292673,23.883425,3.1076915,12.492582,4.2615074,28.524486,11.282714,3.9146116,10.938346,2.540702,6.0692835,4.6620516,1.8686662,0.74465294,1.5081889,4.7733605,12.882642,1.2896724,1.6597681,2.1395503,2.3489338,3.5250703,0.97081351,4.0867627,9.234638,7.5901318,2.975443,1.410105,3.065543,2.7253939,2.4514282,0.47181286,1.1204067,1.9966064,-1.0090468,-0.81175781,-0.81404504,-65.477533,-1.9819476,2.4432025,-7536.4939,.
2184.0,2843.5,5.3983,12.2168,30.232454,3130.3643,0.0,0.0,0.0,0.0,0.0,0.0,0.0,0.0,0.0,0.0,0.0,0.0,0.0,0.0,0.0,0.0,0.0,0.0,0.0,0.0,0.0,0.0,0.0,0.0,0.0,0.0,0.0,0.0,0.0,0.0,0.0,0.0,0.0,0.0,0.0,0.0,0.0,0.0,0.0,0.0,0.0,0.0,0.0,0.0,0.0,0.0,0.0,0.0,0.0,0.0,0.0,0.0,0.0,0.0,0.0,0.0,0.0,0.0,0.0,0.0,0.0,0.0,0.0,0.0,0.0,0.0,0.0,0.0,0.0,0.0,0.0,89.349,173.879,64.3741,0.162,2.2441,90.9,0.7487820934825544,1.0000000005557306,0.9999999997544369,0.11627866922898035,0.30594405486677456,0.0,0.0,0.0,0.0,0.0,0.0,0.0,0.0,0.0,0.0,0.0,0.0,0.0,0.0,0.0,0.0,0.0,0.0,0.0,0.0,0.0,0.0,0.0,0.0,0.0,0.0,0.0,0.0,0.0,0.0,0.0,0.0,0.0,0.0,0.0,0.0,0.0,0.0,0.0,0.0,0.0,0.0,0.0,0.0,0.0,0.0,0.0,0.0,0.0,0.0,0.0,0.0,0.0,0.0,0.0,0.0,0.0,0.0,0.0,0.0,0.0,0.0,0.0,0.0,0.0,0.0,0.0,0.0,0.0,0.0,0.0,0.9999999999776155,1.0000000000230045,0.9999999999378636,0.022188741268319424,1.0000000003119291,0.12500000000000003,2.1876054,-0.67001528,-0.25491897,-9.5190214,-2.1876054,-0.0,-0.0,-0.0,-0.0,-0.0,-0.0,-0.0,-0.0,-0.0,-0.0,-0.0,-0.0,-0.0,-0.0,-0.0,-0.0,-0.0,-0.0,-0.0,-0.0,-0.0,-0.0,-0.0,-0.0,-0.0,-0.0,-0.0,-0.0,-0.0,-0.0,-0.0,-0.0,-0.0,-0.0,-0.0,-0.0,-0.0,-0.0,-0.0,-0.0,-0.0,-0.0,-0.0,-0.0,-0.0,-0.0,-0.0,-0.0,-0.0,-0.0,-0.0,-0.0,-0.0,-0.0,-0.0,-0.0,-0.0,-0.0,-0.0,-0.0,-0.0,-0.0,-0.0,-0.0,-0.0,-0.0,-0.0,-0.0,-0.0,-0.0,-0.0,-0.55906758,-0.43057359,-0.47533625,-33.728116,-1.0265177,2.1876054,-7621.9008,.
2185.0,2989.6477,5.3983,12.2168,15.672461,2937.1761,0.0,0.0,0.0,0.0,0.0,0.0,0.0,0.0,0.0,0.0,0.0,0.0,0.0,0.0,0.0,0.0,0.0,0.0,0.0,0.0,0.0,0.0,0.0,0.0,0.0,0.0,0.0,0.0,0.0,0.0,0.0,0.0,0.0,0.0,0.0,0.0,0.0,0.0,0.0,0.0,0.0,0.0,0.0,0.0,0.0,0.0,0.0,0.0,0.0,0.0,0.0,0.0,0.0,0.0,0.0,0.0,0.0,0.0,0.0,0.0,0.0,0.0,0.0,0.0,8.881922,172.84121,62.242968,126.97658,0.0,42.052649,21.355139,89.349,173.879,64.3741,0.0,2.2441,90.9,0.7872673337722187,1.0000000005557306,0.9999999997544371,0.060278696152918816,0.2870629357393884,0.0,0.0,0.0,0.0,0.0,0.0,0.0,0.0,0.0,0.0,0.0,0.0,0.0,0.0,0.0,0.0,0.0,0.0,0.0,0.0,0.0,0.0,0.0,0.0,0.0,0.0,0.0,0.0,0.0,0.0,0.0,0.0,0.0,0.0,0.0,0.0,0.0,0.0,0.0,0.0,0.0,0.0,0.0,0.0,0.0,0.0,0.0,0.0,0.0,0.0,0.0,0.0,0.0,0.0,0.0,0.0,0.0,0.0,0.0,0.0,0.0,0.0,0.0,0.0,0.027165777168300216,0.45454678471297355,0.363639783282234,0.4848515244512366,0.0,0.09090931213521244,0.06060632736672668,0.9999999999776154,1.000000000023005,0.9999999999378634,0.0,1.000000000311929,0.12500000000000003,2.3029527,-0.91316347,-0.45956221,-16.695276,-2.3029527,51.999662,14.613894,41.67982,17.312432,15.886124,11.089988,34.090074,19.970464,7.9789907,9.8082368,13.232194,12.074464,13.521974,3.6683873,1.1805267,12.780607,10.525081,4.3949612,8.5461174,11.819799,17.369616,7.2596316,2.6787264,10.092755,33.310143,7.0811641,12.895286,2.3374816,1.9714194,40.588662,9.4627123,3.2642761,9.4454956,1.6356707,10.891616,6.1771808,5.1404168,7.7568737,22.512419,2.9292973,11.775457,4.0168794,26.887064,10.63504,3.6898969,10.31044,2.3948553,5.7208818,4.3944308,1.7613971,0.70190682,1.4216127,4.4993501,12.143126,1.2156399,1.5644906,2.0167313,2.2140954,3.3227169,0.91508484,3.8521658,8.704532,7.1544271,2.8046404,1.3291592,2.8895683,2.5689452,2.3107062,0.44472887,1.0560908,1.8819931,-0.95112336,-0.76515959,-0.76731553,-61.718855,-1.8681757,2.3029527,-7707.7614,.
2186.0,2843.5,5.3983,12.2168,30.232454,3130.3643,0.0,0.0,0.0,0.0,0.0,0.0,0.0,0.0,0.0,0.0,0.0,0.0,0.0,0.0,0.0,0.0,0.0,0.0,0.0,0.0,0.0,0.0,0.0,0.0,0.0,0.0,0.0,0.0,0.0,0.0,0.0,0.0,0.0,0.0,0.0,0.0,0.0,0.0,0.0,0.0,0.0,0.0,0.0,0.0,0.0,0.0,0.0,0.0,0.0,0.0,0.0,0.0,0.0,0.0,0.0,0.0,0.0,0.0,0.0,0.0,0.0,0.0,0.0,0.0,0.0,0.0,0.0,0.0,0.0,0.0,0.0,89.349,173.879,64.3741,0.162,2.2441,90.9,0.7487820934825543,1.0000000005557301,0.9999999997544368,0.11627866922898035,0.3059440548667747,0.0,0.0,0.0,0.0,0.0,0.0,0.0,0.0,0.0,0.0,0.0,0.0,0.0,0.0,0.0,0.0,0.0,0.0,0.0,0.0,0.0,0.0,0.0,0.0,0.0,0.0,0.0,0.0,0.0,0.0,0.0,0.0,0.0,0.0,0.0,0.0,0.0,0.0,0.0,0.0,0.0,0.0,0.0,0.0,0.0,0.0,0.0,0.0,0.0,0.0,0.0,0.0,0.0,0.0,0.0,0.0,0.0,0.0,0.0,0.0,0.0,0.0,0.0,0.0,0.0,0.0,0.0,0.0,0.0,0.0,0.0,0.9999999999776154,1.000000000023004,0.9999999999378631,0.02218874126831943,1.0000000003119291,0.12500000000000003,2.0620279,-0.63155366,-0.24028558,-8.9725907,-2.0620279,-0.0,-0.0,-0.0,-0.0,-0.0,-0.0,-0.0,-0.0,-0.0,-0.0,-0.0,-0.0,-0.0,-0.0,-0.0,-0.0,-0.0,-0.0,-0.0,-0.0,-0.0,-0.0,-0.0,-0.0,-0.0,-0.0,-0.0,-0.0,-0.0,-0.0,-0.0,-0.0,-0.0,-0.0,-0.0,-0.0,-0.0,-0.0,-0.0,-0.0,-0.0,-0.0,-0.0,-0.0,-0.0,-0.0,-0.0,-0.0,-0.0,-0.0,-0.0,-0.0,-0.0,-0.0,-0.0,-0.0,-0.0,-0.0,-0.0,-0.0,-0.0,-0.0,-0.0,-0.0,-0.0,-0.0,-0.0,-0.0,-0.0,-0.0,-0.0,-0.52697481,-0.40585691,-0.44805001,-31.791984,-0.96759143,2.0620279,-7793.792699999999,.
2187.0,2989.6477,5.3983,12.2168,15.672461,2937.1761,0.0,0.0,0.0,0.0,0.0,0.0,0.0,0.0,0.0,0.0,0.0,0.0,0.0,0.0,0.0,0.0,0.0,0.0,0.0,0.0,0.0,0.0,0.0,0.0,0.0,0.0,0.0,0.0,0.0,0.0,0.0,0.0,0.0,0.0,0.0,0.0,0.0,0.0,0.0,0.0,0.0,0.0,0.0,0.0,0.0,0.0,0.0,0.0,0.0,0.0,0.0,0.0,0.0,0.0,0.0,0.0,0.0,0.0,0.0,0.0,0.0,0.0,0.0,0.0,8.881922,172.84121,62.242968,126.97658,0.0,42.052649,21.355139,89.349,173.879,64.3741,0.0,2.2441,90.9,0.7872673337722186,1.0000000005557308,0.9999999997544367,0.0602786961529188,0.2870629357393892,0.0,0.0,0.0,0.0,0.0,0.0,0.0,0.0,0.0,0.0,0.0,0.0,0.0,0.0,0.0,0.0,0.0,0.0,0.0,0.0,0.0,0.0,0.0,0.0,0.0,0.0,0.0,0.0,0.0,0.0,0.0,0.0,0.0,0.0,0.0,0.0,0.0,0.0,0.0,0.0,0.0,0.0,0.0,0.0,0.0,0.0,0.0,0.0,0.0,0.0,0.0,0.0,0.0,0.0,0.0,0.0,0.0,0.0,0.0,0.0,0.0,0.0,0.0,0.0,0.027165777168300216,0.4545467847129736,0.36363978328223406,0.48485152445123647,0.0,0.09090931213521244,0.060606327366726664,0.9999999999776169,1.0000000000230043,0.999999999937863,0.0,1.0000000003119283,0.12500000000000003,2.1707538,-0.86074415,-0.43318146,-15.736899,-2.1707538,49.014668,13.774997,39.287227,16.318628,14.974196,10.453377,32.133164,18.824077,7.520964,9.2452038,12.472612,11.381341,12.745757,3.4578068,1.1127596,12.046948,9.9208985,4.1426725,8.0555353,11.141294,16.372529,6.8428991,2.5249566,9.5133899,31.398004,6.6746763,12.155044,2.2033006,1.8582519,38.258707,8.9195139,3.0768933,8.9032855,1.5417765,10.266392,5.8225854,4.8453359,7.3115974,21.220114,2.7611436,11.099497,3.7862941,25.343636,10.024545,3.4780817,9.7185789,2.2573808,5.3924798,4.1421725,1.6602857,0.6616145,1.3400063,4.241069,11.446061,1.1458572,1.4746824,1.9009627,2.0869972,3.1319793,0.86255523,3.6310358,8.2048563,6.7437338,2.6436426,1.25286,2.7236952,2.4214772,2.1780622,0.41919962,0.99546686,1.773959,-0.89652498,-0.7212363,-0.72326848,-58.17594,-1.7609348,2.1707538,-7880.2895,.
2188.0,2843.5,5.3983,12.2168,30.232454,3130.3643,0.0,0.0,0.0,0.0,0.0,0.0,0.0,0.0,0.0,0.0,0.0,0.0,0.0,0.0,0.0,0.0,0.0,0.0,0.0,0.0,0.0,0.0,0.0,0.0,0.0,0.0,0.0,0.0,0.0,0.0,0.0,0.0,0.0,0.0,0.0,0.0,0.0,0.0,0.0,0.0,0.0,0.0,0.0,0.0,0.0,0.0,0.0,0.0,0.0,0.0,0.0,0.0,0.0,0.0,0.0,0.0,0.0,0.0,0.0,0.0,0.0,0.0,0.0,0.0,0.0,0.0,0.0,0.0,0.0,0.0,0.0,89.349,173.879,64.3741,0.162,2.2441,90.9,0.7487820934825544,1.0000000005557308,0.9999999997544367,0.11627866922898032,0.30594405486677423,0.0,0.0,0.0,0.0,0.0,0.0,0.0,0.0,0.0,0.0,0.0,0.0,0.0,0.0,0.0,0.0,0.0,0.0,0.0,0.0,0.0,0.0,0.0,0.0,0.0,0.0,0.0,0.0,0.0,0.0,0.0,0.0,0.0,0.0,0.0,0.0,0.0,0.0,0.0,0.0,0.0,0.0,0.0,0.0,0.0,0.0,0.0,0.0,0.0,0.0,0.0,0.0,0.0,0.0,0.0,0.0,0.0,0.0,0.0,0.0,0.0,0.0,0.0,0.0,0.0,0.0,0.0,0.0,0.0,0.0,0.0,0.9999999999776159,1.0000000000230043,0.9999999999378628,0.02218874126831944,1.000000000311929,0.12500000000000003,1.9436591,-0.5952999,-0.22649221,-8.4575273,-1.9436591,-0.0,-0.0,-0.0,-0.0,-0.0,-0.0,-0.0,-0.0,-0.0,-0.0,-0.0,-0.0,-0.0,-0.0,-0.0,-0.0,-0.0,-0.0,-0.0,-0.0,-0.0,-0.0,-0.0,-0.0,-0.0,-0.0,-0.0,-0.0,-0.0,-0.0,-0.0,-0.0,-0.0,-0.0,-0.0,-0.0,-0.0,-0.0,-0.0,-0.0,-0.0,-0.0,-0.0,-0.0,-0.0,-0.0,-0.0,-0.0,-0.0,-0.0,-0.0,-0.0,-0.0,-0.0,-0.0,-0.0,-0.0,-0.0,-0.0,-0.0,-0.0,-0.0,-0.0,-0.0,-0.0,-0.0,-0.0,-0.0,-0.0,-0.0,-0.0,-0.4967243,-0.38255906,-0.4223301,-29.966994,-0.91204772,1.9436591,-7967.029600000001,.
2189.0,2989.6477,5.3983,12.2168,15.672461,2937.1761,0.0,0.0,0.0,0.0,0.0,0.0,0.0,0.0,0.0,0.0,0.0,0.0,0.0,0.0,0.0,0.0,0.0,0.0,0.0,0.0,0.0,0.0,0.0,0.0,0.0,0.0,0.0,0.0,0.0,0.0,0.0,0.0,0.0,0.0,0.0,0.0,0.0,0.0,0.0,0.0,0.0,0.0,0.0,0.0,0.0,0.0,0.0,0.0,0.0,0.0,0.0,0.0,0.0,0.0,0.0,0.0,0.0,0.0,0.0,0.0,0.0,0.0,0.0,0.0,8.881922,172.84121,62.242968,126.97658,0.0,42.052649,21.355139,89.349,173.879,64.3741,0.0,2.2441,90.9,0.7872673337722186,1.0000000005557308,0.9999999997544368,0.06027869615291882,0.2870629357393893,0.0,0.0,0.0,0.0,0.0,0.0,0.0,0.0,0.0,0.0,0.0,0.0,0.0,0.0,0.0,0.0,0.0,0.0,0.0,0.0,0.0,0.0,0.0,0.0,0.0,0.0,0.0,0.0,0.0,0.0,0.0,0.0,0.0,0.0,0.0,0.0,0.0,0.0,0.0,0.0,0.0,0.0,0.0,0.0,0.0,0.0,0.0,0.0,0.0,0.0,0.0,0.0,0.0,0.0,0.0,0.0,0.0,0.0,0.0,0.0,0.0,0.0,0.0,0.0,0.02716577716830021,0.4545467847129735,0.3636397832822341,0.48485152445123636,0.0,0.09090931213521244,0.06060632736672668,0.9999999999776162,1.000000000023005,0.9999999999378631,0.0,1.0000000003119294,0.12500000000000003,2.0461437,-0.81133392,-0.40831507,-14.833536,-2.0461437,46.201026,12.984256,37.03198,15.381872,14.114616,9.8533104,30.288589,17.743498,7.0892299,8.7144913,11.756633,10.728005,12.014099,3.2593146,1.0488827,11.355404,9.3513983,3.9048661,7.5931146,10.501739,15.432679,6.4500887,2.3800137,8.9672824,29.59563,6.2915226,11.457294,2.0768222,1.7515806,36.062501,8.4074974,2.900267,8.3922005,1.4532723,9.6770595,5.4883452,4.5671938,6.8918818,20.001992,2.6026427,10.462341,3.5689453,23.888808,9.4490955,3.2784256,9.1606927,2.1277979,5.0829294,3.9043948,1.5649785,0.62363512,1.2630845,3.9976143,10.78901,1.0800803,1.3900296,1.7918397,1.9671951,2.9521909,0.81304103,3.4225995,7.7338639,6.3566158,2.4918867,1.1809407,2.567344,2.2824745,2.0530325,0.39513584,0.93832299,1.6721265,-0.84506078,-0.67983439,-0.68174991,-54.836403,-1.6598499,2.0461437,-8054.0086,.
2190.0,2843.5,5.3983,12.2168,30.232454,3130.3643,0.0,0.0,0.0,0.0,0.0,0.0,0.0,0.0,0.0,0.0,0.0,0.0,0.0,0.0,0.0,0.0,0.0,0.0,0.0,0.0,0.0,0.0,0.0,0.0,0.0,0.0,0.0,0.0,0.0,0.0,0.0,0.0,0.0,0.0,0.0,0.0,0.0,0.0,0.0,0.0,0.0,0.0,0.0,0.0,0.0,0.0,0.0,0.0,0.0,0.0,0.0,0.0,0.0,0.0,0.0,0.0,0.0,0.0,0.0,0.0,0.0,0.0,0.0,0.0,0.0,0.0,0.0,0.0,0.0,0.0,0.0,89.349,173.879,64.3741,0.162,2.2441,90.9,0.7487820934825545,1.0000000005557306,0.9999999997544369,0.11627866922898032,0.30594405486677473,0.0,0.0,0.0,0.0,0.0,0.0,0.0,0.0,0.0,0.0,0.0,0.0,0.0,0.0,0.0,0.0,0.0,0.0,0.0,0.0,0.0,0.0,0.0,0.0,0.0,0.0,0.0,0.0,0.0,0.0,0.0,0.0,0.0,0.0,0.0,0.0,0.0,0.0,0.0,0.0,0.0,0.0,0.0,0.0,0.0,0.0,0.0,0.0,0.0,0.0,0.0,0.0,0.0,0.0,0.0,0.0,0.0,0.0,0.0,0.0,0.0,0.0,0.0,0.0,0.0,0.0,0.0,0.0,0.0,0.0,0.0,0.9999999999776168,1.0000000000230045,0.999999999937863,0.022188741268319438,1.0000000003119287,0.12500000000000003,1.8320851,-0.56112725,-0.21349063,-7.9720306,-1.8320851,-0.0,-0.0,-0.0,-0.0,-0.0,-0.0,-0.0,-0.0,-0.0,-0.0,-0.0,-0.0,-0.0,-0.0,-0.0,-0.0,-0.0,-0.0,-0.0,-0.0,-0.0,-0.0,-0.0,-0.0,-0.0,-0.0,-0.0,-0.0,-0.0,-0.0,-0.0,-0.0,-0.0,-0.0,-0.0,-0.0,-0.0,-0.0,-0.0,-0.0,-0.0,-0.0,-0.0,-0.0,-0.0,-0.0,-0.0,-0.0,-0.0,-0.0,-0.0,-0.0,-0.0,-0.0,-0.0,-0.0,-0.0,-0.0,-0.0,-0.0,-0.0,-0.0,-0.0,-0.0,-0.0,-0.0,-0.0,-0.0,-0.0,-0.0,-0.0,-0.4682103,-0.36059861,-0.39808663,-28.246766,-0.85969245,1.8320851,-8141.2709,.
2191.0,2989.6477,5.3983,12.2168,15.672461,2937.1761,0.0,0.0,0.0,0.0,0.0,0.0,0.0,0.0,0.0,0.0,0.0,0.0,0.0,0.0,0.0,0.0,0.0,0.0,0.0,0.0,0.0,0.0,0.0,0.0,0.0,0.0,0.0,0.0,0.0,0.0,0.0,0.0,0.0,0.0,0.0,0.0,0.0,0.0,0.0,0.0,0.0,0.0,0.0,0.0,0.0,0.0,0.0,0.0,0.0,0.0,0.0,0.0,0.0,0.0,0.0,0.0,0.0,0.0,0.0,0.0,0.0,0.0,0.0,0.0,8.881922,172.84121,62.242968,126.97658,0.0,42.052649,21.355139,89.349,173.879,64.3741,0.0,2.2441,90.9,0.7872673337722187,1.0000000005557304,0.9999999997544365,0.060278696152918816,0.2870629357393888,0.0,0.0,0.0,0.0,0.0,0.0,0.0,0.0,0.0,0.0,0.0,0.0,0.0,0.0,0.0,0.0,0.0,0.0,0.0,0.0,0.0,0.0,0.0,0.0,0.0,0.0,0.0,0.0,0.0,0.0,0.0,0.0,0.0,0.0,0.0,0.0,0.0,0.0,0.0,0.0,0.0,0.0,0.0,0.0,0.0,0.0,0.0,0.0,0.0,0.0,0.0,0.0,0.0,0.0,0.0,0.0,0.0,0.0,0.0,0.0,0.0,0.0,0.0,0.0,0.02716577716830021,0.4545467847129735,0.36363978328223406,0.48485152445123647,0.0,0.09090931213521246,0.060606327366726664,0.9999999999776159,1.000000000023004,0.9999999999378631,0.0,1.0000000003119287,0.12500000000000003,1.9286866,-0.76476003,-0.38487611,-13.982031,-1.9286866,43.548898,12.238906,34.906193,14.498889,13.304379,9.2876901,28.5499,16.724949,6.6822791,8.2142439,11.081754,10.112174,11.32444,3.0722166,0.98867251,10.703557,8.8145898,3.6807109,7.1572388,9.8988958,14.54678,6.0798272,2.2433912,8.4525237,27.89672,5.9303634,10.799599,1.9576041,1.6510327,33.992365,7.9248726,2.7337798,7.9104539,1.3698485,9.1215567,5.1732917,4.3050182,6.4962596,18.853796,2.4532404,9.8617595,3.3640733,22.517493,8.9066787,3.0902306,8.6348315,2.0056536,4.7911485,3.6802666,1.4751424,0.58783591,1.1905783,3.7681349,10.169677,1.0180793,1.3102362,1.6889807,1.85427,2.7827231,0.76636915,3.2261282,7.2899085,5.9917201,2.3488422,1.1131499,2.4199679,2.1514511,1.9351801,0.37245343,0.88445941,1.5761396,-0.79655084,-0.64080911,-0.64261468,-51.688569,-1.5645678,1.9286866,-8228.811300000001,.
2192.0,2843.5,5.3983,12.2168,30.232454,3130.3643,0.0,0.0,0.0,0.0,0.0,0.0,0.0,0.0,0.0,0.0,0.0,0.0,0.0,0.0,0.0,0.0,0.0,0.0,0.0,0.0,0.0,0.0,0.0,0.0,0.0,0.0,0.0,0.0,0.0,0.0,0.0,0.0,0.0,0.0,0.0,0.0,0.0,0.0,0.0,0.0,0.0,0.0,0.0,0.0,0.0,0.0,0.0,0.0,0.0,0.0,0.0,0.0,0.0,0.0,0.0,0.0,0.0,0.0,0.0,0.0,0.0,0.0,0.0,0.0,0.0,0.0,0.0,0.0,0.0,0.0,0.0,89.349,173.879,64.3741,0.162,2.2441,90.9,0.7487820934825543,1.0000000005557308,0.9999999997544367,0.11627866922898032,0.3059440548667744,0.0,0.0,0.0,0.0,0.0,0.0,0.0,0.0,0.0,0.0,0.0,0.0,0.0,0.0,0.0,0.0,0.0,0.0,0.0,0.0,0.0,0.0,0.0,0.0,0.0,0.0,0.0,0.0,0.0,0.0,0.0,0.0,0.0,0.0,0.0,0.0,0.0,0.0,0.0,0.0,0.0,0.0,0.0,0.0,0.0,0.0,0.0,0.0,0.0,0.0,0.0,0.0,0.0,0.0,0.0,0.0,0.0,0.0,0.0,0.0,0.0,0.0,0.0,0.0,0.0,0.0,0.0,0.0,0.0,0.0,0.0,0.9999999999776156,1.0000000000230045,0.9999999999378634,0.022188741268319427,1.0000000003119287,0.12500000000000003,1.7269159,-0.52891625,-0.20123539,-7.5144034,-1.7269159,-0.0,-0.0,-0.0,-0.0,-0.0,-0.0,-0.0,-0.0,-0.0,-0.0,-0.0,-0.0,-0.0,-0.0,-0.0,-0.0,-0.0,-0.0,-0.0,-0.0,-0.0,-0.0,-0.0,-0.0,-0.0,-0.0,-0.0,-0.0,-0.0,-0.0,-0.0,-0.0,-0.0,-0.0,-0.0,-0.0,-0.0,-0.0,-0.0,-0.0,-0.0,-0.0,-0.0,-0.0,-0.0,-0.0,-0.0,-0.0,-0.0,-0.0,-0.0,-0.0,-0.0,-0.0,-0.0,-0.0,-0.0,-0.0,-0.0,-0.0,-0.0,-0.0,-0.0,-0.0,-0.0,-0.0,-0.0,-0.0,-0.0,-0.0,-0.0,-0.44133311,-0.33989877,-0.37523483,-26.625286,-0.81034259,1.7269159,-8316.3446,.
2193.0,2989.6477,5.3983,12.2168,15.672461,2937.1761,0.0,0.0,0.0,0.0,0.0,0.0,0.0,0.0,0.0,0.0,0.0,0.0,0.0,0.0,0.0,0.0,0.0,0.0,0.0,0.0,0.0,0.0,0.0,0.0,0.0,0.0,0.0,0.0,0.0,0.0,0.0,0.0,0.0,0.0,0.0,0.0,0.0,0.0,0.0,0.0,0.0,0.0,0.0,0.0,0.0,0.0,0.0,0.0,0.0,0.0,0.0,0.0,0.0,0.0,0.0,0.0,0.0,0.0,0.0,0.0,0.0,0.0,0.0,0.0,8.881922,172.84121,62.242968,126.97658,0.0,42.052649,21.355139,89.349,173.879,64.3741,0.0,2.2441,90.9,0.7872673337722187,1.0000000005557315,0.9999999997544371,0.0602786961529188,0.2870629357393883,0.0,0.0,0.0,0.0,0.0,0.0,0.0,0.0,0.0,0.0,0.0,0.0,0.0,0.0,0.0,0.0,0.0,0.0,0.0,0.0,0.0,0.0,0.0,0.0,0.0,0.0,0.0,0.0,0.0,0.0,0.0,0.0,0.0,0.0,0.0,0.0,0.0,0.0,0.0,0.0,0.0,0.0,0.0,0.0,0.0,0.0,0.0,0.0,0.0,0.0,0.0,0.0,0.0,0.0,0.0,0.0,0.0,0.0,0.0,0.0,0.0,0.0,0.0,0.0,0.027165777168300216,0.4545467847129736,0.36363978328223395,0.48485152445123647,0.0,0.09090931213521244,0.06060632736672668,0.9999999999776158,1.0000000000230047,0.9999999999378631,0.0,1.0000000003119287,0.12500000000000003,1.8179721,-0.72085968,-0.36278265,-13.179405,-1.8179721,41.049013,11.536343,32.902434,13.666594,12.540653,8.7545387,26.911019,15.764868,6.2986889,7.7427127,10.445616,9.5316937,10.674371,2.8958588,0.93191866,10.089129,8.3085963,3.469423,6.746384,9.3306587,13.711735,5.7308202,2.1146114,7.9673143,26.295334,5.5899363,10.179658,1.8452296,1.5562567,32.041065,7.4699525,2.5768497,7.4563615,1.2912136,8.597942,4.8763236,4.0578925,6.1233477,17.771511,2.3124143,9.2956542,3.1709617,21.224897,8.3953989,2.9128387,8.1391568,1.8905209,4.5161169,3.4690042,1.3904632,0.55409172,1.1222342,3.5518285,9.5858956,0.9596374,1.2350233,1.5920263,1.7478273,2.6229834,0.72237643,3.0409353,6.8714379,5.6477708,2.214009,1.0492505,2.2810519,2.027949,1.8240928,0.35107308,0.83368782,1.4856627,-0.75082556,-0.60402405,-0.60572596,-48.721434,-1.4747552,1.8179721,-8404.481800000001,.
2194.0,2843.5,5.3983,12.2168,30.232454,3130.3643,0.0,0.0,0.0,0.0,0.0,0.0,0.0,0.0,0.0,0.0,0.0,0.0,0.0,0.0,0.0,0.0,0.0,0.0,0.0,0.0,0.0,0.0,0.0,0.0,0.0,0.0,0.0,0.0,0.0,0.0,0.0,0.0,0.0,0.0,0.0,0.0,0.0,0.0,0.0,0.0,0.0,0.0,0.0,0.0,0.0,0.0,0.0,0.0,0.0,0.0,0.0,0.0,0.0,0.0,0.0,0.0,0.0,0.0,0.0,0.0,0.0,0.0,0.0,0.0,0.0,0.0,0.0,0.0,0.0,0.0,0.0,89.349,173.879,64.3741,0.162,2.2441,90.9,0.7487820934825544,1.0000000005557308,0.9999999997544367,0.11627866922898032,0.3059440548667747,0.0,0.0,0.0,0.0,0.0,0.0,0.0,0.0,0.0,0.0,0.0,0.0,0.0,0.0,0.0,0.0,0.0,0.0,0.0,0.0,0.0,0.0,0.0,0.0,0.0,0.0,0.0,0.0,0.0,0.0,0.0,0.0,0.0,0.0,0.0,0.0,0.0,0.0,0.0,0.0,0.0,0.0,0.0,0.0,0.0,0.0,0.0,0.0,0.0,0.0,0.0,0.0,0.0,0.0,0.0,0.0,0.0,0.0,0.0,0.0,0.0,0.0,0.0,0.0,0.0,0.0,0.0,0.0,0.0,0.0,0.0,0.9999999999776156,1.000000000023004,0.9999999999378631,0.022188741268319444,1.0000000003119294,0.12500000000000003,1.6277839,-0.49855429,-0.18968366,-7.0830459,-1.6277839,-0.0,-0.0,-0.0,-0.0,-0.0,-0.0,-0.0,-0.0,-0.0,-0.0,-0.0,-0.0,-0.0,-0.0,-0.0,-0.0,-0.0,-0.0,-0.0,-0.0,-0.0,-0.0,-0.0,-0.0,-0.0,-0.0,-0.0,-0.0,-0.0,-0.0,-0.0,-0.0,-0.0,-0.0,-0.0,-0.0,-0.0,-0.0,-0.0,-0.0,-0.0,-0.0,-0.0,-0.0,-0.0,-0.0,-0.0,-0.0,-0.0,-0.0,-0.0,-0.0,-0.0,-0.0,-0.0,-0.0,-0.0,-0.0,-0.0,-0.0,-0.0,-0.0,-0.0,-0.0,-0.0,-0.0,-0.0,-0.0,-0.0,-0.0,-0.0,-0.41599878,-0.32038719,-0.35369481,-25.096886,-0.76382561,1.6277839,-8493.056400000001,.
2195.0,2989.6477,5.3983,12.2168,15.672461,2937.1761,0.0,0.0,0.0,0.0,0.0,0.0,0.0,0.0,0.0,0.0,0.0,0.0,0.0,0.0,0.0,0.0,0.0,0.0,0.0,0.0,0.0,0.0,0.0,0.0,0.0,0.0,0.0,0.0,0.0,0.0,0.0,0.0,0.0,0.0,0.0,0.0,0.0,0.0,0.0,0.0,0.0,0.0,0.0,0.0,0.0,0.0,0.0,0.0,0.0,0.0,0.0,0.0,0.0,0.0,0.0,0.0,0.0,0.0,0.0,0.0,0.0,0.0,0.0,0.0,8.881922,172.84121,62.242968,126.97658,0.0,42.052649,21.355139,89.349,173.879,64.3741,0.0,2.2441,90.9,0.7872673337722186,1.0000000005557304,0.9999999997544363,0.0602786961529188,0.28706293573938924,0.0,0.0,0.0,0.0,0.0,0.0,0.0,0.0,0.0,0.0,0.0,0.0,0.0,0.0,0.0,0.0,0.0,0.0,0.0,0.0,0.0,0.0,0.0,0.0,0.0,0.0,0.0,0.0,0.0,0.0,0.0,0.0,0.0,0.0,0.0,0.0,0.0,0.0,0.0,0.0,0.0,0.0,0.0,0.0,0.0,0.0,0.0,0.0,0.0,0.0,0.0,0.0,0.0,0.0,0.0,0.0,0.0,0.0,0.0,0.0,0.0,0.0,0.0,0.0,0.02716577716830021,0.4545467847129736,0.36363978328223406,0.48485152445123647,0.0,0.09090931213521244,0.060606327366726664,0.9999999999776165,1.0000000000230045,0.9999999999378636,0.0,1.000000000311929,0.12500000000000003,1.7136131,-0.67947938,-0.34195744,-12.422853,-1.7136131,38.692632,10.87411,31.0137,12.882075,11.820769,8.2519924,25.366216,14.859901,5.9371184,7.2982493,9.8459949,8.9845355,10.061618,2.7296247,0.87842272,9.509972,7.8316489,3.2702639,6.359114,8.7950407,12.924626,5.4018477,1.993224,7.5099578,24.785874,5.2690511,9.5953036,1.7393059,1.4669212,30.201776,7.0411467,2.428928,7.0283358,1.2170926,8.104385,4.5964027,3.8249529,5.7718425,16.751354,2.1796723,8.7620456,2.9889355,20.006501,7.9134687,2.7456298,7.6719359,1.7819973,4.2568733,3.2698692,1.3106449,0.52228459,1.0578134,3.347939,9.035626,0.90455029,1.1641279,1.5006375,1.6474949,2.4724134,0.68090906,2.8663732,6.4769893,5.3235657,2.0869159,0.98901924,2.1501102,1.9115365,1.7193824,0.33092005,0.78583073,1.4003796,-0.7077251,-0.5693506,-0.57095482,-45.924625,-1.3900982,1.7136131,-8581.981600000001,.
2196.0,2843.5,5.3983,12.2168,30.232454,3130.3643,0.0,0.0,0.0,0.0,0.0,0.0,0.0,0.0,0.0,0.0,0.0,0.0,0.0,0.0,0.0,0.0,0.0,0.0,0.0,0.0,0.0,0.0,0.0,0.0,0.0,0.0,0.0,0.0,0.0,0.0,0.0,0.0,0.0,0.0,0.0,0.0,0.0,0.0,0.0,0.0,0.0,0.0,0.0,0.0,0.0,0.0,0.0,0.0,0.0,0.0,0.0,0.0,0.0,0.0,0.0,0.0,0.0,0.0,0.0,0.0,0.0,0.0,0.0,0.0,0.0,0.0,0.0,0.0,0.0,0.0,0.0,89.349,173.879,64.3741,0.162,2.2441,90.9,0.7487820934825544,1.0000000005557308,0.9999999997544365,0.11627866922898035,0.3059440548667739,0.0,0.0,0.0,0.0,0.0,0.0,0.0,0.0,0.0,0.0,0.0,0.0,0.0,0.0,0.0,0.0,0.0,0.0,0.0,0.0,0.0,0.0,0.0,0.0,0.0,0.0,0.0,0.0,0.0,0.0,0.0,0.0,0.0,0.0,0.0,0.0,0.0,0.0,0.0,0.0,0.0,0.0,0.0,0.0,0.0,0.0,0.0,0.0,0.0,0.0,0.0,0.0,0.0,0.0,0.0,0.0,0.0,0.0,0.0,0.0,0.0,0.0,0.0,0.0,0.0,0.0,0.0,0.0,0.0,0.0,0.0,0.9999999999776161,1.0000000000230047,0.9999999999378631,0.022188741268319444,1.000000000311929,0.12500000000000003,1.5343424,-0.46993523,-0.17879504,-6.6764501,-1.5343424,-0.0,-0.0,-0.0,-0.0,-0.0,-0.0,-0.0,-0.0,-0.0,-0.0,-0.0,-0.0,-0.0,-0.0,-0.0,-0.0,-0.0,-0.0,-0.0,-0.0,-0.0,-0.0,-0.0,-0.0,-0.0,-0.0,-0.0,-0.0,-0.0,-0.0,-0.0,-0.0,-0.0,-0.0,-0.0,-0.0,-0.0,-0.0,-0.0,-0.0,-0.0,-0.0,-0.0,-0.0,-0.0,-0.0,-0.0,-0.0,-0.0,-0.0,-0.0,-0.0,-0.0,-0.0,-0.0,-0.0,-0.0,-0.0,-0.0,-0.0,-0.0,-0.0,-0.0,-0.0,-0.0,-0.0,-0.0,-0.0,-0.0,-0.0,-0.0,-0.39211875,-0.30199566,-0.33339128,-23.656222,-0.71997889,1.5343424,-8671.1419,.
2197.0,2989.6477,5.3983,12.2168,15.672461,2937.1761,0.0,0.0,0.0,0.0,0.0,0.0,0.0,0.0,0.0,0.0,0.0,0.0,0.0,0.0,0.0,0.0,0.0,0.0,0.0,0.0,0.0,0.0,0.0,0.0,0.0,0.0,0.0,0.0,0.0,0.0,0.0,0.0,0.0,0.0,0.0,0.0,0.0,0.0,0.0,0.0,0.0,0.0,0.0,0.0,0.0,0.0,0.0,0.0,0.0,0.0,0.0,0.0,0.0,0.0,0.0,0.0,0.0,0.0,0.0,0.0,0.0,0.0,0.0,0.0,8.881922,172.84121,62.242968,126.97658,0.0,42.052649,21.355139,89.349,173.879,64.3741,0.0,2.2441,90.9,0.7872673337722188,1.0000000005557306,0.9999999997544362,0.06027869615291882,0.28706293573938896,0.0,0.0,0.0,0.0,0.0,0.0,0.0,0.0,0.0,0.0,0.0,0.0,0.0,0.0,0.0,0.0,0.0,0.0,0.0,0.0,0.0,0.0,0.0,0.0,0.0,0.0,0.0,0.0,0.0,0.0,0.0,0.0,0.0,0.0,0.0,0.0,0.0,0.0,0.0,0.0,0.0,0.0,0.0,0.0,0.0,0.0,0.0,0.0,0.0,0.0,0.0,0.0,0.0,0.0,0.0,0.0,0.0,0.0,0.0,0.0,0.0,0.0,0.0,0.0,0.027165777168300206,0.45454678471297355,0.3636397832822341,0.48485152445123636,0.0,0.09090931213521243,0.060606327366726664,0.9999999999776161,1.0000000000230047,0.9999999999378631,0.0,1.0000000003119287,0.12500000000000003,1.6152447,-0.64047449,-0.32232769,-11.709731,-1.6152447,36.471517,10.249891,29.233387,12.142591,11.142208,7.7782942,23.910092,14.006881,5.5963035,6.8792999,9.2807945,8.4687864,9.4840404,2.572933,0.82799766,8.9640607,7.3820802,3.0825374,5.9940748,8.2901694,12.182699,5.0917595,1.8788048,7.0788555,23.363064,4.966586,9.0444939,1.6394626,1.3827139,28.468071,6.636956,2.2894976,6.6248806,1.1472265,7.6391601,4.3325503,3.6053849,5.4405151,15.789757,2.0545502,8.2590683,2.8173584,18.858046,7.4592032,2.5880194,7.2315354,1.6797033,4.0125114,3.0821653,1.2354085,0.49230332,0.99709055,3.1557536,8.5169441,0.8526254,1.0973022,1.4144948,1.5529219,2.3304868,0.6418221,2.7018316,6.1051836,5.0179712,1.9671183,0.93224549,2.026685,1.8018065,1.6206828,0.31192388,0.74072083,1.3199921,-0.66709879,-0.53666754,-0.53817967,-43.288363,-1.3103009,1.6152447,-8760.674,.
2198.0,2843.5,5.3983,12.2168,30.232454,3130.3643,0.0,0.0,0.0,0.0,0.0,0.0,0.0,0.0,0.0,0.0,0.0,0.0,0.0,0.0,0.0,0.0,0.0,0.0,0.0,0.0,0.0,0.0,0.0,0.0,0.0,0.0,0.0,0.0,0.0,0.0,0.0,0.0,0.0,0.0,0.0,0.0,0.0,0.0,0.0,0.0,0.0,0.0,0.0,0.0,0.0,0.0,0.0,0.0,0.0,0.0,0.0,0.0,0.0,0.0,0.0,0.0,0.0,0.0,0.0,0.0,0.0,0.0,0.0,0.0,0.0,0.0,0.0,0.0,0.0,0.0,0.0,89.349,173.879,64.3741,0.162,2.2441,90.9,0.7487820934825543,1.0000000005557306,0.9999999997544369,0.11627866922898035,0.30594405486677473,0.0,0.0,0.0,0.0,0.0,0.0,0.0,0.0,0.0,0.0,0.0,0.0,0.0,0.0,0.0,0.0,0.0,0.0,0.0,0.0,0.0,0.0,0.0,0.0,0.0,0.0,0.0,0.0,0.0,0.0,0.0,0.0,0.0,0.0,0.0,0.0,0.0,0.0,0.0,0.0,0.0,0.0,0.0,0.0,0.0,0.0,0.0,0.0,0.0,0.0,0.0,0.0,0.0,0.0,0.0,0.0,0.0,0.0,0.0,0.0,0.0,0.0,0.0,0.0,0.0,0.0,0.0,0.0,0.0,0.0,0.0,0.9999999999776158,1.0000000000230045,0.9999999999378636,0.02218874126831942,1.0000000003119291,0.12500000000000003,1.4462649,-0.44295903,-0.16853147,-6.2931946,-1.4462649,-0.0,-0.0,-0.0,-0.0,-0.0,-0.0,-0.0,-0.0,-0.0,-0.0,-0.0,-0.0,-0.0,-0.0,-0.0,-0.0,-0.0,-0.0,-0.0,-0.0,-0.0,-0.0,-0.0,-0.0,-0.0,-0.0,-0.0,-0.0,-0.0,-0.0,-0.0,-0.0,-0.0,-0.0,-0.0,-0.0,-0.0,-0.0,-0.0,-0.0,-0.0,-0.0,-0.0,-0.0,-0.0,-0.0,-0.0,-0.0,-0.0,-0.0,-0.0,-0.0,-0.0,-0.0,-0.0,-0.0,-0.0,-0.0,-0.0,-0.0,-0.0,-0.0,-0.0,-0.0,-0.0,-0.0,-0.0,-0.0,-0.0,-0.0,-0.0,-0.36960953,-0.28465987,-0.31425326,-22.298258,-0.67864916,1.4462649,-8850.334900000002,.
2199.0,2989.6477,5.3983,12.2168,15.672461,2937.1761,0.0,0.0,0.0,0.0,0.0,0.0,0.0,0.0,0.0,0.0,0.0,0.0,0.0,0.0,0.0,0.0,0.0,0.0,0.0,0.0,0.0,0.0,0.0,0.0,0.0,0.0,0.0,0.0,0.0,0.0,0.0,0.0,0.0,0.0,0.0,0.0,0.0,0.0,0.0,0.0,0.0,0.0,0.0,0.0,0.0,0.0,0.0,0.0,0.0,0.0,0.0,0.0,0.0,0.0,0.0,0.0,0.0,0.0,0.0,0.0,0.0,0.0,0.0,0.0,8.881922,172.84121,62.242968,126.97658,0.0,42.052649,21.355139,89.349,173.879,64.3741,0.0,2.2441,90.9,0.7872673337722188,1.0000000005557304,0.9999999997544371,0.06027869615291882,0.2870629357393885,0.0,0.0,0.0,0.0,0.0,0.0,0.0,0.0,0.0,0.0,0.0,0.0,0.0,0.0,0.0,0.0,0.0,0.0,0.0,0.0,0.0,0.0,0.0,0.0,0.0,0.0,0.0,0.0,0.0,0.0,0.0,0.0,0.0,0.0,0.0,0.0,0.0,0.0,0.0,0.0,0.0,0.0,0.0,0.0,0.0,0.0,0.0,0.0,0.0,0.0,0.0,0.0,0.0,0.0,0.0,0.0,0.0,0.0,0.0,0.0,0.0,0.0,0.0,0.0,0.02716577716830022,0.4545467847129736,0.363639783282234,0.4848515244512366,0.0,0.09090931213521244,0.06060632736672668,0.9999999999776161,1.0000000000230047,0.9999999999378634,0.0,1.000000000311929,0.12500000000000003,1.522523,-0.60370863,-0.30382476,-11.037544,-1.522523,34.377902,9.6615057,27.555271,11.445557,10.5026,7.3317883,22.537555,13.202829,5.2750528,6.4844,8.748039,7.9826434,8.9396177,2.4252362,0.78046721,8.4494869,6.9583186,2.9055871,5.6499904,7.8142798,11.483362,4.7994717,1.7709537,6.6725003,22.021928,4.6814837,8.525303,1.5453507,1.3033405,26.833887,6.2559676,2.158071,6.2445853,1.081371,7.2006411,4.0838442,3.3984211,5.1282073,14.883361,1.9366106,7.784964,2.6556305,17.775517,7.0310144,2.4394565,6.8164157,1.5832815,3.7821768,2.9052364,1.164491,0.4640431,0.93985347,2.9746005,8.0280367,0.80368121,1.0343126,1.333297,1.4637779,2.1967073,0.60497888,2.5467354,5.7547211,4.7299192,1.8541977,0.87873079,1.910345,1.6983754,1.527649,0.29401818,0.69820043,1.2442191,-0.62880459,-0.50586063,-0.50728596,-40.803434,-1.2350842,1.522523,-8940.2383,.
2200.0,2843.5,5.3983,12.2168,30.232454,3130.3643,0.0,0.0,0.0,0.0,0.0,0.0,0.0,0.0,0.0,0.0,0.0,0.0,0.0,0.0,0.0,0.0,0.0,0.0,0.0,0.0,0.0,0.0,0.0,0.0,0.0,0.0,0.0,0.0,0.0,0.0,0.0,0.0,0.0,0.0,0.0,0.0,0.0,0.0,0.0,0.0,0.0,0.0,0.0,0.0,0.0,0.0,0.0,0.0,0.0,0.0,0.0,0.0,0.0,0.0,0.0,0.0,0.0,0.0,0.0,0.0,0.0,0.0,0.0,0.0,0.0,0.0,0.0,0.0,0.0,0.0,0.0,89.349,173.879,64.3741,0.162,2.2441,90.9,0.7487820934825544,1.0000000005557308,0.9999999997544368,0.11627866922898035,0.3059440548667746,0.0,0.0,0.0,0.0,0.0,0.0,0.0,0.0,0.0,0.0,0.0,0.0,0.0,0.0,0.0,0.0,0.0,0.0,0.0,0.0,0.0,0.0,0.0,0.0,0.0,0.0,0.0,0.0,0.0,0.0,0.0,0.0,0.0,0.0,0.0,0.0,0.0,0.0,0.0,0.0,0.0,0.0,0.0,0.0,0.0,0.0,0.0,0.0,0.0,0.0,0.0,0.0,0.0,0.0,0.0,0.0,0.0,0.0,0.0,0.0,0.0,0.0,0.0,0.0,0.0,0.0,0.0,0.0,0.0,0.0,0.0,0.9999999999776159,1.000000000023004,0.9999999999378631,0.022188741268319427,1.000000000311929,0.12500000000000003,1.3632434,-0.41753137,-0.15885708,-5.9319395,-1.3632434,-0.0,-0.0,-0.0,-0.0,-0.0,-0.0,-0.0,-0.0,-0.0,-0.0,-0.0,-0.0,-0.0,-0.0,-0.0,-0.0,-0.0,-0.0,-0.0,-0.0,-0.0,-0.0,-0.0,-0.0,-0.0,-0.0,-0.0,-0.0,-0.0,-0.0,-0.0,-0.0,-0.0,-0.0,-0.0,-0.0,-0.0,-0.0,-0.0,-0.0,-0.0,-0.0,-0.0,-0.0,-0.0,-0.0,-0.0,-0.0,-0.0,-0.0,-0.0,-0.0,-0.0,-0.0,-0.0,-0.0,-0.0,-0.0,-0.0,-0.0,-0.0,-0.0,-0.0,-0.0,-0.0,-0.0,-0.0,-0.0,-0.0,-0.0,-0.0,-0.34839243,-0.26831923,-0.29621384,-21.018247,-0.63969192,1.3632434,-9030.289900000002,.
2201.0,2989.6477,5.3983,12.2168,15.672461,2937.1761,0.0,0.0,0.0,0.0,0.0,0.0,0.0,0.0,0.0,0.0,0.0,0.0,0.0,0.0,0.0,0.0,0.0,0.0,0.0,0.0,0.0,0.0,0.0,0.0,0.0,0.0,0.0,0.0,0.0,0.0,0.0,0.0,0.0,0.0,0.0,0.0,0.0,0.0,0.0,0.0,0.0,0.0,0.0,0.0,0.0,0.0,0.0,0.0,0.0,0.0,0.0,0.0,0.0,0.0,0.0,0.0,0.0,0.0,0.0,0.0,0.0,0.0,0.0,0.0,8.881922,172.84121,62.242968,126.97658,0.0,42.052649,21.355139,89.349,173.879,64.3741,0.0,2.2441,90.9,0.7872673337722187,1.0000000005557308,0.9999999997544369,0.060278696152918775,0.28706293573938924,0.0,0.0,0.0,0.0,0.0,0.0,0.0,0.0,0.0,0.0,0.0,0.0,0.0,0.0,0.0,0.0,0.0,0.0,0.0,0.0,0.0,0.0,0.0,0.0,0.0,0.0,0.0,0.0,0.0,0.0,0.0,0.0,0.0,0.0,0.0,0.0,0.0,0.0,0.0,0.0,0.0,0.0,0.0,0.0,0.0,0.0,0.0,0.0,0.0,0.0,0.0,0.0,0.0,0.0,0.0,0.0,0.0,0.0,0.0,0.0,0.0,0.0,0.0,0.0,0.027165777168300216,0.45454678471297355,0.36363978328223406,0.48485152445123636,0.0,0.09090931213521244,0.060606327366726664,0.9999999999776156,1.000000000023005,0.9999999999378634,0.0,1.0000000003119283,0.12500000000000003,1.435124,-0.56905328,-0.28638397,-10.403944,-1.435124,32.40447,9.1068958,25.973486,10.788535,9.8997075,6.9109137,21.243807,12.444933,4.9722432,6.1121689,8.2458657,7.524407,8.426447,2.2860177,0.7356652,7.9644518,6.5588826,2.7387945,5.3256578,7.3657081,10.82417,4.5239624,1.6692938,6.2894714,20.75778,4.4127473,8.0359157,1.4566413,1.2285234,25.293512,5.8968495,2.0341889,5.8861206,1.0192959,6.7872948,3.8494149,3.2033378,4.8338272,14.028995,1.8254412,7.3380752,2.5031864,16.755129,6.6274054,2.2994218,6.4251255,1.4923947,3.5650644,2.738464,1.0976445,0.43740512,0.88590204,2.8038462,7.5671945,0.75754662,0.97493881,1.2567603,1.379751,2.0706073,0.57025062,2.4005424,5.4243766,4.4584025,1.7477592,0.82828805,1.8006834,1.6008817,1.4399557,0.27714033,0.65812087,1.1727959,-0.59270863,-0.47682216,-0.47816567,-38.46115,-1.1641854,1.435124,-9120.548900000002,.
2202.0,2843.5,5.3983,12.2168,30.232454,3130.3643,0.0,0.0,0.0,0.0,0.0,0.0,0.0,0.0,0.0,0.0,0.0,0.0,0.0,0.0,0.0,0.0,0.0,0.0,0.0,0.0,0.0,0.0,0.0,0.0,0.0,0.0,0.0,0.0,0.0,0.0,0.0,0.0,0.0,0.0,0.0,0.0,0.0,0.0,0.0,0.0,0.0,0.0,0.0,0.0,0.0,0.0,0.0,0.0,0.0,0.0,0.0,0.0,0.0,0.0,0.0,0.0,0.0,0.0,0.0,0.0,0.0,0.0,0.0,0.0,0.0,0.0,0.0,0.0,0.0,0.0,0.0,89.349,173.879,64.3741,0.162,2.2441,90.9,0.7487820934825545,1.0000000005557308,0.9999999997544367,0.11627866922898038,0.3059440548667743,0.0,0.0,0.0,0.0,0.0,0.0,0.0,0.0,0.0,0.0,0.0,0.0,0.0,0.0,0.0,0.0,0.0,0.0,0.0,0.0,0.0,0.0,0.0,0.0,0.0,0.0,0.0,0.0,0.0,0.0,0.0,0.0,0.0,0.0,0.0,0.0,0.0,0.0,0.0,0.0,0.0,0.0,0.0,0.0,0.0,0.0,0.0,0.0,0.0,0.0,0.0,0.0,0.0,0.0,0.0,0.0,0.0,0.0,0.0,0.0,0.0,0.0,0.0,0.0,0.0,0.0,0.0,0.0,0.0,0.0,0.0,0.9999999999776158,1.0000000000230045,0.9999999999378628,0.02218874126831944,1.000000000311929,0.12500000000000003,1.2849876,-0.39356336,-0.14973803,-5.5914219,-1.2849876,-0.0,-0.0,-0.0,-0.0,-0.0,-0.0,-0.0,-0.0,-0.0,-0.0,-0.0,-0.0,-0.0,-0.0,-0.0,-0.0,-0.0,-0.0,-0.0,-0.0,-0.0,-0.0,-0.0,-0.0,-0.0,-0.0,-0.0,-0.0,-0.0,-0.0,-0.0,-0.0,-0.0,-0.0,-0.0,-0.0,-0.0,-0.0,-0.0,-0.0,-0.0,-0.0,-0.0,-0.0,-0.0,-0.0,-0.0,-0.0,-0.0,-0.0,-0.0,-0.0,-0.0,-0.0,-0.0,-0.0,-0.0,-0.0,-0.0,-0.0,-0.0,-0.0,-0.0,-0.0,-0.0,-0.0,-0.0,-0.0,-0.0,-0.0,-0.0,-0.32839328,-0.25291661,-0.27920995,-19.811714,-0.60297099,1.2849876,-9210.8369,.
2203.0,2989.6477,5.3983,12.2168,15.672461,2937.1761,0.0,0.0,0.0,0.0,0.0,0.0,0.0,0.0,0.0,0.0,0.0,0.0,0.0,0.0,0.0,0.0,0.0,0.0,0.0,0.0,0.0,0.0,0.0,0.0,0.0,0.0,0.0,0.0,0.0,0.0,0.0,0.0,0.0,0.0,0.0,0.0,0.0,0.0,0.0,0.0,0.0,0.0,0.0,0.0,0.0,0.0,0.0,0.0,0.0,0.0,0.0,0.0,0.0,0.0,0.0,0.0,0.0,0.0,0.0,0.0,0.0,0.0,0.0,0.0,8.881922,172.84121,62.242968,126.97658,0.0,42.052649,21.355139,89.349,173.879,64.3741,0.0,2.2441,90.9,0.7872673337722186,1.0000000005557306,0.9999999997544365,0.060278696152918816,0.2870629357393894,0.0,0.0,0.0,0.0,0.0,0.0,0.0,0.0,0.0,0.0,0.0,0.0,0.0,0.0,0.0,0.0,0.0,0.0,0.0,0.0,0.0,0.0,0.0,0.0,0.0,0.0,0.0,0.0,0.0,0.0,0.0,0.0,0.0,0.0,0.0,0.0,0.0,0.0,0.0,0.0,0.0,0.0,0.0,0.0,0.0,0.0,0.0,0.0,0.0,0.0,0.0,0.0,0.0,0.0,0.0,0.0,0.0,0.0,0.0,0.0,0.0,0.0,0.0,0.0,0.027165777168300216,0.4545467847129735,0.3636397832822341,0.48485152445123636,0.0,0.09090931213521244,0.060606327366726664,0.9999999999776166,1.0000000000230047,0.9999999999378631,0.0,1.000000000311929,0.12500000000000003,1.352742,-0.5363873,-0.26994436,-9.8067151,-1.352742,30.544321,8.5841227,24.482501,10.169229,9.3314238,6.514199,20.024325,11.730543,4.6868161,5.7613054,7.7725193,7.0924753,7.9427345,2.1547909,0.69343501,7.5072597,6.1823759,2.5815765,5.0199433,6.9428864,10.202819,4.2642685,1.5734695,5.9284301,19.566198,4.1594376,7.5746213,1.3730241,1.1580011,23.841561,5.5583462,1.9174182,5.5482332,0.96078417,6.3976763,3.6284427,3.0194531,4.5563458,13.223673,1.7206534,6.9168397,2.3594933,15.793316,6.2469653,2.1674255,6.0562971,1.4067251,3.3604151,2.5812649,1.0346352,0.41229628,0.83504764,2.642894,7.1328066,0.71406035,0.91897333,1.1846171,1.3005477,1.951746,0.5375159,2.2627414,5.1129952,4.2024719,1.6474306,0.78074092,1.6973168,1.5089845,1.3572964,0.26123134,0.62034204,1.1054726,-0.55868473,-0.44945062,-0.450717,-36.253323,-1.0973564,1.352742,-9301.4109,.
2204.0,2843.5,5.3983,12.2168,30.232454,3130.3643,0.0,0.0,0.0,0.0,0.0,0.0,0.0,0.0,0.0,0.0,0.0,0.0,0.0,0.0,0.0,0.0,0.0,0.0,0.0,0.0,0.0,0.0,0.0,0.0,0.0,0.0,0.0,0.0,0.0,0.0,0.0,0.0,0.0,0.0,0.0,0.0,0.0,0.0,0.0,0.0,0.0,0.0,0.0,0.0,0.0,0.0,0.0,0.0,0.0,0.0,0.0,0.0,0.0,0.0,0.0,0.0,0.0,0.0,0.0,0.0,0.0,0.0,0.0,0.0,0.0,0.0,0.0,0.0,0.0,0.0,0.0,89.349,173.879,64.3741,0.162,2.2441,90.9,0.7487820934825545,1.0000000005557306,0.9999999997544367,0.1162786692289803,0.30594405486677434,0.0,0.0,0.0,0.0,0.0,0.0,0.0,0.0,0.0,0.0,0.0,0.0,0.0,0.0,0.0,0.0,0.0,0.0,0.0,0.0,0.0,0.0,0.0,0.0,0.0,0.0,0.0,0.0,0.0,0.0,0.0,0.0,0.0,0.0,0.0,0.0,0.0,0.0,0.0,0.0,0.0,0.0,0.0,0.0,0.0,0.0,0.0,0.0,0.0,0.0,0.0,0.0,0.0,0.0,0.0,0.0,0.0,0.0,0.0,0.0,0.0,0.0,0.0,0.0,0.0,0.0,0.0,0.0,0.0,0.0,0.0,0.9999999999776162,1.0000000000230047,0.9999999999378631,0.022188741268319448,1.0000000003119285,0.12500000000000003,1.2112241,-0.37097121,-0.14114246,-5.2704514,-1.2112241,-0.0,-0.0,-0.0,-0.0,-0.0,-0.0,-0.0,-0.0,-0.0,-0.0,-0.0,-0.0,-0.0,-0.0,-0.0,-0.0,-0.0,-0.0,-0.0,-0.0,-0.0,-0.0,-0.0,-0.0,-0.0,-0.0,-0.0,-0.0,-0.0,-0.0,-0.0,-0.0,-0.0,-0.0,-0.0,-0.0,-0.0,-0.0,-0.0,-0.0,-0.0,-0.0,-0.0,-0.0,-0.0,-0.0,-0.0,-0.0,-0.0,-0.0,-0.0,-0.0,-0.0,-0.0,-0.0,-0.0,-0.0,-0.0,-0.0,-0.0,-0.0,-0.0,-0.0,-0.0,-0.0,-0.0,-0.0,-0.0,-0.0,-0.0,-0.0,-0.30954216,-0.23839816,-0.26318216,-18.67444,-0.56835799,1.2112241,-9391.887900000002,.
2205.0,2989.6477,5.3983,12.2168,15.672461,2937.1761,0.0,0.0,0.0,0.0,0.0,0.0,0.0,0.0,0.0,0.0,0.0,0.0,0.0,0.0,0.0,0.0,0.0,0.0,0.0,0.0,0.0,0.0,0.0,0.0,0.0,0.0,0.0,0.0,0.0,0.0,0.0,0.0,0.0,0.0,0.0,0.0,0.0,0.0,0.0,0.0,0.0,0.0,0.0,0.0,0.0,0.0,0.0,0.0,0.0,0.0,0.0,0.0,0.0,0.0,0.0,0.0,0.0,0.0,0.0,0.0,0.0,0.0,0.0,0.0,8.881922,172.84121,62.242968,126.97658,0.0,42.052649,21.355139,89.349,173.879,64.3741,0.0,2.2441,90.9,0.7872673337722186,1.0000000005557308,0.9999999997544363,0.060278696152918816,0.2870629357393892,0.0,0.0,0.0,0.0,0.0,0.0,0.0,0.0,0.0,0.0,0.0,0.0,0.0,0.0,0.0,0.0,0.0,0.0,0.0,0.0,0.0,0.0,0.0,0.0,0.0,0.0,0.0,0.0,0.0,0.0,0.0,0.0,0.0,0.0,0.0,0.0,0.0,0.0,0.0,0.0,0.0,0.0,0.0,0.0,0.0,0.0,0.0,0.0,0.0,0.0,0.0,0.0,0.0,0.0,0.0,0.0,0.0,0.0,0.0,0.0,0.0,0.0,0.0,0.0,0.02716577716830021,0.45454678471297355,0.36363978328223406,0.48485152445123647,0.0,0.09090931213521244,0.06060632736672666,0.9999999999776161,1.0000000000230047,0.9999999999378631,0.0,1.0000000003119285,0.12500000000000003,1.2750891,-0.50559647,-0.25444845,-9.2437695,-1.2750891,28.790952,8.0913589,23.077106,9.5854739,8.7957619,6.1402573,18.874847,11.057162,4.4177737,5.4305829,7.3263449,6.6853382,7.4867891,2.0310971,0.653629,7.0763123,5.8274823,2.4333835,4.731778,6.5443363,9.6171352,4.019482,1.4831459,5.5881139,18.443018,3.9206689,7.139807,1.2942069,1.0915271,22.472958,5.2392744,1.8073505,5.2297419,0.90563123,6.0304236,3.4201553,2.8461242,4.2947929,12.46458,1.6218809,6.5197848,2.2240487,14.886715,5.8883639,2.0430064,5.7086408,1.3259733,3.1675136,2.4330898,0.97524289,0.38862879,0.78711248,2.4911811,6.7233543,0.67307036,0.8662205,1.1166152,1.2258909,1.8397078,0.50666029,2.1328508,4.8194883,3.9612328,1.5528614,0.7359232,1.5998839,1.4223627,1.279382,0.24623559,0.58473187,1.0420139,-0.52661394,-0.42365031,-0.424844,-34.172234,-1.0343636,1.2750891,-9482.5949,.
2206.0,2843.5,5.3983,12.2168,30.232454,3130.3643,0.0,0.0,0.0,0.0,0.0,0.0,0.0,0.0,0.0,0.0,0.0,0.0,0.0,0.0,0.0,0.0,0.0,0.0,0.0,0.0,0.0,0.0,0.0,0.0,0.0,0.0,0.0,0.0,0.0,0.0,0.0,0.0,0.0,0.0,0.0,0.0,0.0,0.0,0.0,0.0,0.0,0.0,0.0,0.0,0.0,0.0,0.0,0.0,0.0,0.0,0.0,0.0,0.0,0.0,0.0,0.0,0.0,0.0,0.0,0.0,0.0,0.0,0.0,0.0,0.0,0.0,0.0,0.0,0.0,0.0,0.0,89.349,173.879,64.3741,0.162,2.2441,90.9,0.7487820934825544,1.0000000005557308,0.9999999997544371,0.11627866922898035,0.3059440548667744,0.0,0.0,0.0,0.0,0.0,0.0,0.0,0.0,0.0,0.0,0.0,0.0,0.0,0.0,0.0,0.0,0.0,0.0,0.0,0.0,0.0,0.0,0.0,0.0,0.0,0.0,0.0,0.0,0.0,0.0,0.0,0.0,0.0,0.0,0.0,0.0,0.0,0.0,0.0,0.0,0.0,0.0,0.0,0.0,0.0,0.0,0.0,0.0,0.0,0.0,0.0,0.0,0.0,0.0,0.0,0.0,0.0,0.0,0.0,0.0,0.0,0.0,0.0,0.0,0.0,0.0,0.0,0.0,0.0,0.0,0.0,0.9999999999776159,1.0000000000230045,0.9999999999378634,0.022188741268319424,1.0000000003119291,0.12500000000000003,1.1416948,-0.34967595,-0.1330403,-4.9679059,-1.1416948,-0.0,-0.0,-0.0,-0.0,-0.0,-0.0,-0.0,-0.0,-0.0,-0.0,-0.0,-0.0,-0.0,-0.0,-0.0,-0.0,-0.0,-0.0,-0.0,-0.0,-0.0,-0.0,-0.0,-0.0,-0.0,-0.0,-0.0,-0.0,-0.0,-0.0,-0.0,-0.0,-0.0,-0.0,-0.0,-0.0,-0.0,-0.0,-0.0,-0.0,-0.0,-0.0,-0.0,-0.0,-0.0,-0.0,-0.0,-0.0,-0.0,-0.0,-0.0,-0.0,-0.0,-0.0,-0.0,-0.0,-0.0,-0.0,-0.0,-0.0,-0.0,-0.0,-0.0,-0.0,-0.0,-0.0,-0.0,-0.0,-0.0,-0.0,-0.0,-0.29177318,-0.22471313,-0.24807442,-17.602451,-0.53573191,1.1416948,-9573.154900000001,.
2207.0,2989.6477,5.3983,12.2168,15.672461,2937.1761,0.0,0.0,0.0,0.0,0.0,0.0,0.0,0.0,0.0,0.0,0.0,0.0,0.0,0.0,0.0,0.0,0.0,0.0,0.0,0.0,0.0,0.0,0.0,0.0,0.0,0.0,0.0,0.0,0.0,0.0,0.0,0.0,0.0,0.0,0.0,0.0,0.0,0.0,0.0,0.0,0.0,0.0,0.0,0.0,0.0,0.0,0.0,0.0,0.0,0.0,0.0,0.0,0.0,0.0,0.0,0.0,0.0,0.0,0.0,0.0,0.0,0.0,0.0,0.0,8.881922,172.84121,62.242968,126.97658,0.0,42.052649,21.355139,89.349,173.879,64.3741,0.0,2.2441,90.9,0.7872673337722188,1.0000000005557308,0.9999999997544372,0.060278696152918816,0.2870629357393886,0.0,0.0,0.0,0.0,0.0,0.0,0.0,0.0,0.0,0.0,0.0,0.0,0.0,0.0,0.0,0.0,0.0,0.0,0.0,0.0,0.0,0.0,0.0,0.0,0.0,0.0,0.0,0.0,0.0,0.0,0.0,0.0,0.0,0.0,0.0,0.0,0.0,0.0,0.0,0.0,0.0,0.0,0.0,0.0,0.0,0.0,0.0,0.0,0.0,0.0,0.0,0.0,0.0,0.0,0.0,0.0,0.0,0.0,0.0,0.0,0.0,0.0,0.0,0.0,0.02716577716830021,0.4545467847129736,0.363639783282234,0.48485152445123647,0.0,0.09090931213521244,0.060606327366726685,0.9999999999776151,1.000000000023005,0.9999999999378631,0.0,1.0000000003119287,0.12500000000000003,1.2018937,-0.47657317,-0.23984207,-8.7131393,-1.2018937,27.138234,7.6268818,21.752385,9.0352284,8.2908492,5.7877814,17.791354,10.422435,4.1641754,5.1188452,6.9057827,6.3015724,7.0570167,1.9145038,0.61610802,6.670103,5.4929609,2.2936973,4.4601546,6.1686646,9.0650723,3.7887473,1.3980072,5.2673333,17.384314,3.6956064,6.7299529,1.2199141,1.028869,21.182918,4.9385186,1.7036012,4.9295333,0.85364429,5.6842526,3.2238243,2.682745,4.0482542,11.749062,1.5287783,6.1455225,2.0963792,14.032157,5.5503477,1.9257295,5.3809415,1.249857,2.9856853,2.2934205,0.91925996,0.3663199,0.74192901,2.3481771,6.3374063,0.63443337,0.8164959,1.052517,1.1555198,1.734101,0.47757592,2.0104165,4.54283,3.7338419,1.4637208,0.6936782,1.508044,1.3407132,1.2059402,0.23210066,0.55116587,0.98219807,-0.49638415,-0.39933105,-0.40045622,-32.210608,-0.97498691,1.2018937,-9663.797900000001,.
2208.0,2843.5,5.3983,12.2168,30.232454,3130.3643,0.0,0.0,0.0,0.0,0.0,0.0,0.0,0.0,0.0,0.0,0.0,0.0,0.0,0.0,0.0,0.0,0.0,0.0,0.0,0.0,0.0,0.0,0.0,0.0,0.0,0.0,0.0,0.0,0.0,0.0,0.0,0.0,0.0,0.0,0.0,0.0,0.0,0.0,0.0,0.0,0.0,0.0,0.0,0.0,0.0,0.0,0.0,0.0,0.0,0.0,0.0,0.0,0.0,0.0,0.0,0.0,0.0,0.0,0.0,0.0,0.0,0.0,0.0,0.0,0.0,0.0,0.0,0.0,0.0,0.0,0.0,89.349,173.879,64.3741,0.162,2.2441,90.9,0.7487820934825543,1.0000000005557304,0.9999999997544368,0.11627866922898038,0.3059440548667741,0.0,0.0,0.0,0.0,0.0,0.0,0.0,0.0,0.0,0.0,0.0,0.0,0.0,0.0,0.0,0.0,0.0,0.0,0.0,0.0,0.0,0.0,0.0,0.0,0.0,0.0,0.0,0.0,0.0,0.0,0.0,0.0,0.0,0.0,0.0,0.0,0.0,0.0,0.0,0.0,0.0,0.0,0.0,0.0,0.0,0.0,0.0,0.0,0.0,0.0,0.0,0.0,0.0,0.0,0.0,0.0,0.0,0.0,0.0,0.0,0.0,0.0,0.0,0.0,0.0,0.0,0.0,0.0,0.0,0.0,0.0,0.9999999999776158,1.0000000000230043,0.9999999999378631,0.022188741268319434,1.000000000311929,0.12500000000000003,1.0761569,-0.32960312,-0.12540324,-4.6827278,-1.0761569,-0.0,-0.0,-0.0,-0.0,-0.0,-0.0,-0.0,-0.0,-0.0,-0.0,-0.0,-0.0,-0.0,-0.0,-0.0,-0.0,-0.0,-0.0,-0.0,-0.0,-0.0,-0.0,-0.0,-0.0,-0.0,-0.0,-0.0,-0.0,-0.0,-0.0,-0.0,-0.0,-0.0,-0.0,-0.0,-0.0,-0.0,-0.0,-0.0,-0.0,-0.0,-0.0,-0.0,-0.0,-0.0,-0.0,-0.0,-0.0,-0.0,-0.0,-0.0,-0.0,-0.0,-0.0,-0.0,-0.0,-0.0,-0.0,-0.0,-0.0,-0.0,-0.0,-0.0,-0.0,-0.0,-0.0,-0.0,-0.0,-0.0,-0.0,-0.0,-0.2750242,-0.21181368,-0.23383394,-16.591998,-0.50497871,1.0761569,-9754.3359,.
2209.0,2989.6477,5.3983,12.2168,15.672461,2937.1761,0.0,0.0,0.0,0.0,0.0,0.0,0.0,0.0,0.0,0.0,0.0,0.0,0.0,0.0,0.0,0.0,0.0,0.0,0.0,0.0,0.0,0.0,0.0,0.0,0.0,0.0,0.0,0.0,0.0,0.0,0.0,0.0,0.0,0.0,0.0,0.0,0.0,0.0,0.0,0.0,0.0,0.0,0.0,0.0,0.0,0.0,0.0,0.0,0.0,0.0,0.0,0.0,0.0,0.0,0.0,0.0,0.0,0.0,0.0,0.0,0.0,0.0,0.0,0.0,8.881922,172.84121,62.242968,126.97658,0.0,42.052649,21.355139,89.349,173.879,64.3741,0.0,2.2441,90.9,0.7872673337722185,1.0000000005557306,0.9999999997544368,0.06027869615291879,0.2870629357393892,0.0,0.0,0.0,0.0,0.0,0.0,0.0,0.0,0.0,0.0,0.0,0.0,0.0,0.0,0.0,0.0,0.0,0.0,0.0,0.0,0.0,0.0,0.0,0.0,0.0,0.0,0.0,0.0,0.0,0.0,0.0,0.0,0.0,0.0,0.0,0.0,0.0,0.0,0.0,0.0,0.0,0.0,0.0,0.0,0.0,0.0,0.0,0.0,0.0,0.0,0.0,0.0,0.0,0.0,0.0,0.0,0.0,0.0,0.0,0.0,0.0,0.0,0.0,0.0,0.027165777168300216,0.4545467847129735,0.363639783282234,0.48485152445123636,0.0,0.09090931213521244,0.06060632736672666,0.9999999999776161,1.0000000000230047,0.9999999999378636,0.0,1.000000000311929,0.12500000000000003,1.1329001,-0.44921592,-0.22607415,-8.2129695,-1.1329001,25.580388,7.1890676,20.503709,8.5165694,7.8149205,5.4555391,16.770057,9.8241448,3.9251347,4.8250026,6.5093626,5.9398364,6.6519151,1.8046035,0.5807409,6.2872118,5.1776425,2.1620297,4.2041235,5.814558,8.5447001,3.5712577,1.3177559,4.9649668,16.386383,3.4834635,6.3436261,1.1498861,0.96980772,19.966932,4.6550274,1.6058075,4.6465579,0.80464162,5.3579532,3.0387636,2.5287445,3.8158679,11.074618,1.4410202,5.7927444,1.9760385,13.226654,5.2317351,1.8151848,5.0720534,1.1781101,2.8142948,2.1617688,0.86649068,0.34529164,0.69933925,2.2133821,5.9736132,0.5980143,0.7696257,0.99209818,1.0891882,1.6345565,0.45016111,1.8950103,4.282053,3.5195041,1.3796972,0.65385823,1.4214761,1.2637508,1.1367143,0.21877714,0.51952669,0.92581588,-0.46788967,-0.37640782,-0.37746839,-30.361587,-0.91901867,1.1329001,-9844.8889,.
2210.0,2843.5,5.3983,12.2168,30.232454,3130.3643,0.0,0.0,0.0,0.0,0.0,0.0,0.0,0.0,0.0,0.0,0.0,0.0,0.0,0.0,0.0,0.0,0.0,0.0,0.0,0.0,0.0,0.0,0.0,0.0,0.0,0.0,0.0,0.0,0.0,0.0,0.0,0.0,0.0,0.0,0.0,0.0,0.0,0.0,0.0,0.0,0.0,0.0,0.0,0.0,0.0,0.0,0.0,0.0,0.0,0.0,0.0,0.0,0.0,0.0,0.0,0.0,0.0,0.0,0.0,0.0,0.0,0.0,0.0,0.0,0.0,0.0,0.0,0.0,0.0,0.0,0.0,89.349,173.879,64.3741,0.162,2.2441,90.9,0.7487820934825545,1.0000000005557308,0.9999999997544365,0.11627866922898035,0.30594405486677445,0.0,0.0,0.0,0.0,0.0,0.0,0.0,0.0,0.0,0.0,0.0,0.0,0.0,0.0,0.0,0.0,0.0,0.0,0.0,0.0,0.0,0.0,0.0,0.0,0.0,0.0,0.0,0.0,0.0,0.0,0.0,0.0,0.0,0.0,0.0,0.0,0.0,0.0,0.0,0.0,0.0,0.0,0.0,0.0,0.0,0.0,0.0,0.0,0.0,0.0,0.0,0.0,0.0,0.0,0.0,0.0,0.0,0.0,0.0,0.0,0.0,0.0,0.0,0.0,0.0,0.0,0.0,0.0,0.0,0.0,0.0,0.9999999999776154,1.0000000000230047,0.9999999999378634,0.02218874126831943,1.0000000003119294,0.12500000000000003,1.0143811,-0.31068255,-0.11820458,-4.4139201,-1.0143811,-0.0,-0.0,-0.0,-0.0,-0.0,-0.0,-0.0,-0.0,-0.0,-0.0,-0.0,-0.0,-0.0,-0.0,-0.0,-0.0,-0.0,-0.0,-0.0,-0.0,-0.0,-0.0,-0.0,-0.0,-0.0,-0.0,-0.0,-0.0,-0.0,-0.0,-0.0,-0.0,-0.0,-0.0,-0.0,-0.0,-0.0,-0.0,-0.0,-0.0,-0.0,-0.0,-0.0,-0.0,-0.0,-0.0,-0.0,-0.0,-0.0,-0.0,-0.0,-0.0,-0.0,-0.0,-0.0,-0.0,-0.0,-0.0,-0.0,-0.0,-0.0,-0.0,-0.0,-0.0,-0.0,-0.0,-0.0,-0.0,-0.0,-0.0,-0.0,-0.25923669,-0.19965471,-0.22041091,-15.63955,-0.47599087,1.0143811,-9935.2589,.
2211.0,2989.6477,5.3983,12.2168,15.672461,2937.1761,0.0,0.0,0.0,0.0,0.0,0.0,0.0,0.0,0.0,0.0,0.0,0.0,0.0,0.0,0.0,0.0,0.0,0.0,0.0,0.0,0.0,0.0,0.0,0.0,0.0,0.0,0.0,0.0,0.0,0.0,0.0,0.0,0.0,0.0,0.0,0.0,0.0,0.0,0.0,0.0,0.0,0.0,0.0,0.0,0.0,0.0,0.0,0.0,0.0,0.0,0.0,0.0,0.0,0.0,0.0,0.0,0.0,0.0,0.0,0.0,0.0,0.0,0.0,0.0,8.881922,172.84121,62.242968,126.97658,0.0,42.052649,21.355139,89.349,173.879,64.3741,0.0,2.2441,90.9,0.7872673337722188,1.0000000005557306,0.9999999997544365,0.060278696152918816,0.28706293573938935,0.0,0.0,0.0,0.0,0.0,0.0,0.0,0.0,0.0,0.0,0.0,0.0,0.0,0.0,0.0,0.0,0.0,0.0,0.0,0.0,0.0,0.0,0.0,0.0,0.0,0.0,0.0,0.0,0.0,0.0,0.0,0.0,0.0,0.0,0.0,0.0,0.0,0.0,0.0,0.0,0.0,0.0,0.0,0.0,0.0,0.0,0.0,0.0,0.0,0.0,0.0,0.0,0.0,0.0,0.0,0.0,0.0,0.0,0.0,0.0,0.0,0.0,0.0,0.0,0.02716577716830021,0.45454678471297355,0.3636397832822341,0.48485152445123636,0.0,0.09090931213521243,0.060606327366726664,0.9999999999776165,1.0000000000230045,0.9999999999378634,0.0,1.0000000003119283,0.12500000000000003,1.067867,-0.42342909,-0.21309657,-7.7415114,-1.067867,24.111969,6.7763857,19.326713,8.0276834,7.3663121,5.1423688,15.807387,9.2601987,3.6998159,4.5480277,6.1356985,5.5988655,6.270068,1.7010118,0.547404,5.9263001,4.8804247,2.0379204,3.9627896,5.4807786,8.0541993,3.3662529,1.2421113,4.6799574,15.445738,3.2834984,5.979476,1.0838779,0.91413679,18.820749,4.3878098,1.5136276,4.3798265,0.7584519,5.0503848,2.8643262,2.3835842,3.5968214,10.43889,1.3582997,5.4602171,1.8626058,12.46739,4.9314121,1.7109857,4.7808968,1.1104818,2.6527427,2.0376744,0.81675057,0.32547049,0.65919431,2.0863249,5.6307034,0.56368583,0.72544603,0.93514769,1.0266643,1.5407263,0.42432002,1.786229,4.0362456,3.3174701,1.300497,0.61632409,1.3398776,1.1912063,1.0714623,0.20621843,0.48970373,0.87267026,-0.44103089,-0.35480047,-0.35580016,-28.618708,-0.86626324,1.067867,-10025.625900000001,.
2212.0,2843.5,5.3983,12.2168,30.232454,3130.3643,0.0,0.0,0.0,0.0,0.0,0.0,0.0,0.0,0.0,0.0,0.0,0.0,0.0,0.0,0.0,0.0,0.0,0.0,0.0,0.0,0.0,0.0,0.0,0.0,0.0,0.0,0.0,0.0,0.0,0.0,0.0,0.0,0.0,0.0,0.0,0.0,0.0,0.0,0.0,0.0,0.0,0.0,0.0,0.0,0.0,0.0,0.0,0.0,0.0,0.0,0.0,0.0,0.0,0.0,0.0,0.0,0.0,0.0,0.0,0.0,0.0,0.0,0.0,0.0,0.0,0.0,0.0,0.0,0.0,0.0,0.0,89.349,173.879,64.3741,0.162,2.2441,90.9,0.7487820934825543,1.0000000005557301,0.9999999997544368,0.11627866922898035,0.30594405486677434,0.0,0.0,0.0,0.0,0.0,0.0,0.0,0.0,0.0,0.0,0.0,0.0,0.0,0.0,0.0,0.0,0.0,0.0,0.0,0.0,0.0,0.0,0.0,0.0,0.0,0.0,0.0,0.0,0.0,0.0,0.0,0.0,0.0,0.0,0.0,0.0,0.0,0.0,0.0,0.0,0.0,0.0,0.0,0.0,0.0,0.0,0.0,0.0,0.0,0.0,0.0,0.0,0.0,0.0,0.0,0.0,0.0,0.0,0.0,0.0,0.0,0.0,0.0,0.0,0.0,0.0,0.0,0.0,0.0,0.0,0.0,0.9999999999776165,1.0000000000230045,0.9999999999378634,0.022188741268319427,1.0000000003119291,0.12500000000000003,0.95615146,-0.2928481,-0.11141916,-4.160543,-0.95615146,-0.0,-0.0,-0.0,-0.0,-0.0,-0.0,-0.0,-0.0,-0.0,-0.0,-0.0,-0.0,-0.0,-0.0,-0.0,-0.0,-0.0,-0.0,-0.0,-0.0,-0.0,-0.0,-0.0,-0.0,-0.0,-0.0,-0.0,-0.0,-0.0,-0.0,-0.0,-0.0,-0.0,-0.0,-0.0,-0.0,-0.0,-0.0,-0.0,-0.0,-0.0,-0.0,-0.0,-0.0,-0.0,-0.0,-0.0,-0.0,-0.0,-0.0,-0.0,-0.0,-0.0,-0.0,-0.0,-0.0,-0.0,-0.0,-0.0,-0.0,-0.0,-0.0,-0.0,-0.0,-0.0,-0.0,-0.0,-0.0,-0.0,-0.0,-0.0,-0.24435544,-0.18819371,-0.20775843,-14.741776,-0.44866704,0.95615146,-10115.707900000001,.
2213.0,2989.6477,5.3983,12.2168,15.672461,2937.1761,0.0,0.0,0.0,0.0,0.0,0.0,0.0,0.0,0.0,0.0,0.0,0.0,0.0,0.0,0.0,0.0,0.0,0.0,0.0,0.0,0.0,0.0,0.0,0.0,0.0,0.0,0.0,0.0,0.0,0.0,0.0,0.0,0.0,0.0,0.0,0.0,0.0,0.0,0.0,0.0,0.0,0.0,0.0,0.0,0.0,0.0,0.0,0.0,0.0,0.0,0.0,0.0,0.0,0.0,0.0,0.0,0.0,0.0,0.0,0.0,0.0,0.0,0.0,0.0,8.881922,172.84121,62.242968,126.97658,0.0,42.052649,21.355139,89.349,173.879,64.3741,0.0,2.2441,90.9,0.7872673337722187,1.0000000005557304,0.9999999997544369,0.0602786961529188,0.28706293573938874,0.0,0.0,0.0,0.0,0.0,0.0,0.0,0.0,0.0,0.0,0.0,0.0,0.0,0.0,0.0,0.0,0.0,0.0,0.0,0.0,0.0,0.0,0.0,0.0,0.0,0.0,0.0,0.0,0.0,0.0,0.0,0.0,0.0,0.0,0.0,0.0,0.0,0.0,0.0,0.0,0.0,0.0,0.0,0.0,0.0,0.0,0.0,0.0,0.0,0.0,0.0,0.0,0.0,0.0,0.0,0.0,0.0,0.0,0.0,0.0,0.0,0.0,0.0,0.0,0.027165777168300216,0.45454678471297355,0.36363978328223406,0.4848515244512366,0.0,0.09090931213521244,0.06060632736672668,0.9999999999776162,1.0000000000230045,0.9999999999378634,0.0,1.0000000003119287,0.12500000000000003,1.0065671,-0.39912252,-0.20086396,-7.297117,-1.0065671,22.727843,6.3873935,18.21728,7.5668616,6.9434557,4.8471758,14.899979,8.7286254,3.4874314,4.2869523,5.7834843,5.2774677,5.9101404,1.6033668,0.51598077,5.5861062,4.6002683,1.9209354,3.7353092,5.1661595,7.5918554,3.1730162,1.1708091,4.4113087,14.559089,3.0950122,5.6362296,1.0216589,0.8616616,17.740361,4.1359316,1.4267392,4.1284066,0.71491365,4.760472,2.6999021,2.2467567,3.3903492,9.8396548,1.2803277,5.1467783,1.7556846,11.751711,4.6483288,1.6127682,4.5064538,1.0467356,2.5004645,1.9207035,0.76986574,0.30678715,0.62135386,1.9665613,5.307478,0.53132796,0.68380246,0.88146639,0.96772961,1.4522823,0.39996231,1.6836921,3.8045486,3.1270338,1.2258431,0.58094457,1.2629631,1.1228262,1.009956,0.19438065,0.46159273,0.82257542,-0.41571391,-0.33443347,-0.33537578,-26.975877,-0.81653619,1.0065671,-10205.7289,.
2214.0,2843.5,5.3983,12.2168,30.232454,3130.3643,0.0,0.0,0.0,0.0,0.0,0.0,0.0,0.0,0.0,0.0,0.0,0.0,0.0,0.0,0.0,0.0,0.0,0.0,0.0,0.0,0.0,0.0,0.0,0.0,0.0,0.0,0.0,0.0,0.0,0.0,0.0,0.0,0.0,0.0,0.0,0.0,0.0,0.0,0.0,0.0,0.0,0.0,0.0,0.0,0.0,0.0,0.0,0.0,0.0,0.0,0.0,0.0,0.0,0.0,0.0,0.0,0.0,0.0,0.0,0.0,0.0,0.0,0.0,0.0,0.0,0.0,0.0,0.0,0.0,0.0,0.0,89.349,173.879,64.3741,0.162,2.2441,90.9,0.7487820934825542,1.0000000005557308,0.9999999997544363,0.11627866922898035,0.30594405486677395,0.0,0.0,0.0,0.0,0.0,0.0,0.0,0.0,0.0,0.0,0.0,0.0,0.0,0.0,0.0,0.0,0.0,0.0,0.0,0.0,0.0,0.0,0.0,0.0,0.0,0.0,0.0,0.0,0.0,0.0,0.0,0.0,0.0,0.0,0.0,0.0,0.0,0.0,0.0,0.0,0.0,0.0,0.0,0.0,0.0,0.0,0.0,0.0,0.0,0.0,0.0,0.0,0.0,0.0,0.0,0.0,0.0,0.0,0.0,0.0,0.0,0.0,0.0,0.0,0.0,0.0,0.0,0.0,0.0,0.0,0.0,0.9999999999776155,1.0000000000230045,0.9999999999378631,0.022188741268319427,1.000000000311929,0.12500000000000003,0.90126446,-0.27603742,-0.10502324,-3.9217108,-0.90126446,-0.0,-0.0,-0.0,-0.0,-0.0,-0.0,-0.0,-0.0,-0.0,-0.0,-0.0,-0.0,-0.0,-0.0,-0.0,-0.0,-0.0,-0.0,-0.0,-0.0,-0.0,-0.0,-0.0,-0.0,-0.0,-0.0,-0.0,-0.0,-0.0,-0.0,-0.0,-0.0,-0.0,-0.0,-0.0,-0.0,-0.0,-0.0,-0.0,-0.0,-0.0,-0.0,-0.0,-0.0,-0.0,-0.0,-0.0,-0.0,-0.0,-0.0,-0.0,-0.0,-0.0,-0.0,-0.0,-0.0,-0.0,-0.0,-0.0,-0.0,-0.0,-0.0,-0.0,-0.0,-0.0,-0.0,-0.0,-0.0,-0.0,-0.0,-0.0,-0.23032844,-0.17739062,-0.19583224,-13.895537,-0.42291172,0.90126446,-10295.5069,.
2215.0,2989.6477,5.3983,12.2168,15.672461,2937.1761,0.0,0.0,0.0,0.0,0.0,0.0,0.0,0.0,0.0,0.0,0.0,0.0,0.0,0.0,0.0,0.0,0.0,0.0,0.0,0.0,0.0,0.0,0.0,0.0,0.0,0.0,0.0,0.0,0.0,0.0,0.0,0.0,0.0,0.0,0.0,0.0,0.0,0.0,0.0,0.0,0.0,0.0,0.0,0.0,0.0,0.0,0.0,0.0,0.0,0.0,0.0,0.0,0.0,0.0,0.0,0.0,0.0,0.0,0.0,0.0,0.0,0.0,0.0,0.0,8.881922,172.84121,62.242968,126.97658,0.0,42.052649,21.355139,89.349,173.879,64.3741,0.0,2.2441,90.9,0.7872673337722187,1.0000000005557308,0.9999999997544371,0.06027869615291879,0.2870629357393894,0.0,0.0,0.0,0.0,0.0,0.0,0.0,0.0,0.0,0.0,0.0,0.0,0.0,0.0,0.0,0.0,0.0,0.0,0.0,0.0,0.0,0.0,0.0,0.0,0.0,0.0,0.0,0.0,0.0,0.0,0.0,0.0,0.0,0.0,0.0,0.0,0.0,0.0,0.0,0.0,0.0,0.0,0.0,0.0,0.0,0.0,0.0,0.0,0.0,0.0,0.0,0.0,0.0,0.0,0.0,0.0,0.0,0.0,0.0,0.0,0.0,0.0,0.0,0.0,0.02716577716830021,0.4545467847129736,0.36363978328223406,0.48485152445123636,0.0,0.09090931213521244,0.060606327366726664,0.9999999999776154,1.0000000000230052,0.9999999999378634,0.0,1.0000000003119291,0.12500000000000003,0.94878602,-0.37621126,-0.18933355,-6.8782326,-0.94878602,21.423172,6.020731,17.171534,7.1324928,6.5448729,4.5689281,14.044659,8.2275666,3.2872385,4.0408637,5.4514887,4.9745194,5.5708742,1.511327,0.48636136,5.2654409,4.3361941,1.8106658,3.5208872,4.8696008,7.1560518,2.9908721,1.1035998,4.1580816,13.723338,2.9173458,5.312687,0.96301148,0.8121987,16.721991,3.8985122,1.3448385,3.8914191,0.67387469,4.4872015,2.5449167,2.1177837,3.1957293,9.2748184,1.2068317,4.8513322,1.6549011,11.077114,4.3814957,1.5201887,4.2477649,0.98664869,2.3569276,1.8104473,0.7256723,0.28917632,0.58568561,1.8536727,5.002807,0.50082756,0.6445494,0.83086661,0.91217797,1.3689154,0.37700284,1.5870413,3.5861519,2.9475293,1.1554747,0.54759597,1.1904639,1.0583714,0.95198036,0.18322241,0.43509542,0.77535622,-0.39185023,-0.31523562,-0.31612384,-25.427351,-0.76966367,0.94878602,-10385.0869,.
2216.0,2843.5,5.3983,12.2168,30.232454,3130.3643,0.0,0.0,0.0,0.0,0.0,0.0,0.0,0.0,0.0,0.0,0.0,0.0,0.0,0.0,0.0,0.0,0.0,0.0,0.0,0.0,0.0,0.0,0.0,0.0,0.0,0.0,0.0,0.0,0.0,0.0,0.0,0.0,0.0,0.0,0.0,0.0,0.0,0.0,0.0,0.0,0.0,0.0,0.0,0.0,0.0,0.0,0.0,0.0,0.0,0.0,0.0,0.0,0.0,0.0,0.0,0.0,0.0,0.0,0.0,0.0,0.0,0.0,0.0,0.0,0.0,0.0,0.0,0.0,0.0,0.0,0.0,89.349,173.879,64.3741,0.162,2.2441,90.9,0.7487820934825544,1.0000000005557306,0.9999999997544367,0.11627866922898038,0.305944054866774,0.0,0.0,0.0,0.0,0.0,0.0,0.0,0.0,0.0,0.0,0.0,0.0,0.0,0.0,0.0,0.0,0.0,0.0,0.0,0.0,0.0,0.0,0.0,0.0,0.0,0.0,0.0,0.0,0.0,0.0,0.0,0.0,0.0,0.0,0.0,0.0,0.0,0.0,0.0,0.0,0.0,0.0,0.0,0.0,0.0,0.0,0.0,0.0,0.0,0.0,0.0,0.0,0.0,0.0,0.0,0.0,0.0,0.0,0.0,0.0,0.0,0.0,0.0,0.0,0.0,0.0,0.0,0.0,0.0,0.0,0.0,0.9999999999776159,1.0000000000230045,0.999999999937863,0.022188741268319444,1.0000000003119291,0.12500000000000003,0.84952819,-0.26019175,-0.098994478,-3.6965886,-0.84952819,-0.0,-0.0,-0.0,-0.0,-0.0,-0.0,-0.0,-0.0,-0.0,-0.0,-0.0,-0.0,-0.0,-0.0,-0.0,-0.0,-0.0,-0.0,-0.0,-0.0,-0.0,-0.0,-0.0,-0.0,-0.0,-0.0,-0.0,-0.0,-0.0,-0.0,-0.0,-0.0,-0.0,-0.0,-0.0,-0.0,-0.0,-0.0,-0.0,-0.0,-0.0,-0.0,-0.0,-0.0,-0.0,-0.0,-0.0,-0.0,-0.0,-0.0,-0.0,-0.0,-0.0,-0.0,-0.0,-0.0,-0.0,-0.0,-0.0,-0.0,-0.0,-0.0,-0.0,-0.0,-0.0,-0.0,-0.0,-0.0,-0.0,-0.0,-0.0,-0.21710665,-0.16720767,-0.18459067,-13.097877,-0.39863486,0.84952819,-10474.3639,.
2217.0,2989.6477,5.3983,12.2168,15.672461,2937.1761,0.0,0.0,0.0,0.0,0.0,0.0,0.0,0.0,0.0,0.0,0.0,0.0,0.0,0.0,0.0,0.0,0.0,0.0,0.0,0.0,0.0,0.0,0.0,0.0,0.0,0.0,0.0,0.0,0.0,0.0,0.0,0.0,0.0,0.0,0.0,0.0,0.0,0.0,0.0,0.0,0.0,0.0,0.0,0.0,0.0,0.0,0.0,0.0,0.0,0.0,0.0,0.0,0.0,0.0,0.0,0.0,0.0,0.0,0.0,0.0,0.0,0.0,0.0,0.0,8.881922,172.84121,62.242968,126.97658,0.0,42.052649,21.355139,89.349,173.879,64.3741,0.0,2.2441,90.9,0.7872673337722186,1.0000000005557304,0.9999999997544365,0.060278696152918816,0.28706293573938907,0.0,0.0,0.0,0.0,0.0,0.0,0.0,0.0,0.0,0.0,0.0,0.0,0.0,0.0,0.0,0.0,0.0,0.0,0.0,0.0,0.0,0.0,0.0,0.0,0.0,0.0,0.0,0.0,0.0,0.0,0.0,0.0,0.0,0.0,0.0,0.0,0.0,0.0,0.0,0.0,0.0,0.0,0.0,0.0,0.0,0.0,0.0,0.0,0.0,0.0,0.0,0.0,0.0,0.0,0.0,0.0,0.0,0.0,0.0,0.0,0.0,0.0,0.0,0.0,0.027165777168300216,0.4545467847129735,0.3636397832822341,0.48485152445123636,0.0,0.09090931213521243,0.06060632736672666,0.9999999999776165,1.0000000000230045,0.9999999999378634,0.0,1.0000000003119291,0.12500000000000003,0.89432182,-0.35461519,-0.17846503,-6.4833939,-0.89432182,20.193394,5.6751164,16.185818,6.7230585,6.1691704,4.3066529,13.238438,7.7552707,3.0985376,3.8089016,5.1385509,4.6889617,5.2510832,1.4245706,0.45844223,4.9631831,4.0872788,1.7067262,3.3187739,4.5900658,6.7452651,2.8191838,1.0402487,3.9193907,12.935562,2.7498783,5.007717,0.90773068,0.76557517,15.762081,3.6747216,1.2676393,3.6680357,0.63519152,4.2296177,2.3988281,1.9962142,3.0122813,8.7424059,1.1375546,4.5728459,1.559903,10.441243,4.12998,1.4329236,4.0039258,0.93001102,2.2216303,1.7065202,0.68401574,0.27257641,0.55206486,1.7472643,4.7156255,0.47207801,0.60754963,0.78317147,0.85981523,1.290334,0.35536133,1.4959387,3.3802921,2.778329,1.0891457,0.51616173,1.1221264,0.99761655,0.8973328,0.17270469,0.41011917,0.7308476,-0.36935642,-0.29713981,-0.29797704,-23.967717,-0.72548182,0.89432182,-10563.396900000002,.
2218.0,2843.5,5.3983,12.2168,30.232454,3130.3643,0.0,0.0,0.0,0.0,0.0,0.0,0.0,0.0,0.0,0.0,0.0,0.0,0.0,0.0,0.0,0.0,0.0,0.0,0.0,0.0,0.0,0.0,0.0,0.0,0.0,0.0,0.0,0.0,0.0,0.0,0.0,0.0,0.0,0.0,0.0,0.0,0.0,0.0,0.0,0.0,0.0,0.0,0.0,0.0,0.0,0.0,0.0,0.0,0.0,0.0,0.0,0.0,0.0,0.0,0.0,0.0,0.0,0.0,0.0,0.0,0.0,0.0,0.0,0.0,0.0,0.0,0.0,0.0,0.0,0.0,0.0,89.349,173.879,64.3741,0.162,2.2441,90.9,0.7487820934825544,1.000000000555731,0.9999999997544368,0.11627866922898035,0.3059440548667741,0.0,0.0,0.0,0.0,0.0,0.0,0.0,0.0,0.0,0.0,0.0,0.0,0.0,0.0,0.0,0.0,0.0,0.0,0.0,0.0,0.0,0.0,0.0,0.0,0.0,0.0,0.0,0.0,0.0,0.0,0.0,0.0,0.0,0.0,0.0,0.0,0.0,0.0,0.0,0.0,0.0,0.0,0.0,0.0,0.0,0.0,0.0,0.0,0.0,0.0,0.0,0.0,0.0,0.0,0.0,0.0,0.0,0.0,0.0,0.0,0.0,0.0,0.0,0.0,0.0,0.0,0.0,0.0,0.0,0.0,0.0,0.9999999999776166,1.0000000000230047,0.999999999937863,0.022188741268319427,1.0000000003119283,0.12500000000000003,0.8007618,-0.24525567,-0.09331179,-3.4843893,-0.8007618,-0.0,-0.0,-0.0,-0.0,-0.0,-0.0,-0.0,-0.0,-0.0,-0.0,-0.0,-0.0,-0.0,-0.0,-0.0,-0.0,-0.0,-0.0,-0.0,-0.0,-0.0,-0.0,-0.0,-0.0,-0.0,-0.0,-0.0,-0.0,-0.0,-0.0,-0.0,-0.0,-0.0,-0.0,-0.0,-0.0,-0.0,-0.0,-0.0,-0.0,-0.0,-0.0,-0.0,-0.0,-0.0,-0.0,-0.0,-0.0,-0.0,-0.0,-0.0,-0.0,-0.0,-0.0,-0.0,-0.0,-0.0,-0.0,-0.0,-0.0,-0.0,-0.0,-0.0,-0.0,-0.0,-0.0,-0.0,-0.0,-0.0,-0.0,-0.0,-0.20464384,-0.15760927,-0.17399441,-12.346005,-0.37575159,0.8007618,-10651.9999,.
2219.0,2989.6477,5.3983,12.2168,15.672461,2937.1761,0.0,0.0,0.0,0.0,0.0,0.0,0.0,0.0,0.0,0.0,0.0,0.0,0.0,0.0,0.0,0.0,0.0,0.0,0.0,0.0,0.0,0.0,0.0,0.0,0.0,0.0,0.0,0.0,0.0,0.0,0.0,0.0,0.0,0.0,0.0,0.0,0.0,0.0,0.0,0.0,0.0,0.0,0.0,0.0,0.0,0.0,0.0,0.0,0.0,0.0,0.0,0.0,0.0,0.0,0.0,0.0,0.0,0.0,0.0,0.0,0.0,0.0,0.0,0.0,8.881922,172.84121,62.242968,126.97658,0.0,42.052649,21.355139,89.349,173.879,64.3741,0.0,2.2441,90.9,0.7872673337722186,1.0000000005557308,0.9999999997544365,0.060278696152918816,0.2870629357393893,0.0,0.0,0.0,0.0,0.0,0.0,0.0,0.0,0.0,0.0,0.0,0.0,0.0,0.0,0.0,0.0,0.0,0.0,0.0,0.0,0.0,0.0,0.0,0.0,0.0,0.0,0.0,0.0,0.0,0.0,0.0,0.0,0.0,0.0,0.0,0.0,0.0,0.0,0.0,0.0,0.0,0.0,0.0,0.0,0.0,0.0,0.0,0.0,0.0,0.0,0.0,0.0,0.0,0.0,0.0,0.0,0.0,0.0,0.0,0.0,0.0,0.0,0.0,0.0,0.027165777168300216,0.45454678471297355,0.3636397832822341,0.48485152445123636,0.0,0.09090931213521244,0.060606327366726664,0.9999999999776162,1.000000000023005,0.999999999937863,0.0,1.0000000003119285,0.12500000000000003,0.84298409,-0.33425883,-0.1682204,-6.1112206,-0.84298409,19.034211,5.3493415,15.256685,6.3371274,5.8150348,4.0594334,12.478498,7.3100864,2.9206689,3.590255,4.8435771,4.4197961,4.9496495,1.3427945,0.43212577,4.678276,3.8526523,1.6087531,3.1282627,4.3265772,6.3580593,2.6573511,0.98053415,3.6944016,12.193008,2.592024,4.7202536,0.85562323,0.72162802,14.857273,3.4637776,1.1948716,3.4574755,0.59872893,3.9868204,2.2611255,1.8816234,2.8393641,8.240556,1.0722543,4.3103458,1.4703582,9.8418726,3.8929022,1.3506679,3.7740841,0.87662458,2.0940996,1.608559,0.64475044,0.25692941,0.52037408,1.6469642,4.4449293,0.4449788,0.5726738,0.73821422,0.81045831,1.2162636,0.33496214,1.4100657,3.1862495,2.6188416,1.0266243,0.48653193,1.0577117,0.94034928,0.84582222,0.16279074,0.38657665,0.68889396,-0.34815385,-0.28008277,-0.28087194,-22.591872,-0.6838362,0.84298409,-10740.448900000001,.
2220.0,2843.5,5.3983,12.2168,30.232454,3130.3643,0.0,0.0,0.0,0.0,0.0,0.0,0.0,0.0,0.0,0.0,0.0,0.0,0.0,0.0,0.0,0.0,0.0,0.0,0.0,0.0,0.0,0.0,0.0,0.0,0.0,0.0,0.0,0.0,0.0,0.0,0.0,0.0,0.0,0.0,0.0,0.0,0.0,0.0,0.0,0.0,0.0,0.0,0.0,0.0,0.0,0.0,0.0,0.0,0.0,0.0,0.0,0.0,0.0,0.0,0.0,0.0,0.0,0.0,0.0,0.0,0.0,0.0,0.0,0.0,0.0,0.0,0.0,0.0,0.0,0.0,0.0,89.349,173.879,64.3741,0.162,2.2441,90.9,0.7487820934825543,1.0000000005557308,0.9999999997544371,0.11627866922898032,0.3059440548667742,0.0,0.0,0.0,0.0,0.0,0.0,0.0,0.0,0.0,0.0,0.0,0.0,0.0,0.0,0.0,0.0,0.0,0.0,0.0,0.0,0.0,0.0,0.0,0.0,0.0,0.0,0.0,0.0,0.0,0.0,0.0,0.0,0.0,0.0,0.0,0.0,0.0,0.0,0.0,0.0,0.0,0.0,0.0,0.0,0.0,0.0,0.0,0.0,0.0,0.0,0.0,0.0,0.0,0.0,0.0,0.0,0.0,0.0,0.0,0.0,0.0,0.0,0.0,0.0,0.0,0.0,0.0,0.0,0.0,0.0,0.0,0.9999999999776161,1.0000000000230045,0.9999999999378634,0.02218874126831942,1.000000000311929,0.12500000000000003,0.75479479,-0.231177,-0.087955312,-3.2843711,-0.75479479,-0.0,-0.0,-0.0,-0.0,-0.0,-0.0,-0.0,-0.0,-0.0,-0.0,-0.0,-0.0,-0.0,-0.0,-0.0,-0.0,-0.0,-0.0,-0.0,-0.0,-0.0,-0.0,-0.0,-0.0,-0.0,-0.0,-0.0,-0.0,-0.0,-0.0,-0.0,-0.0,-0.0,-0.0,-0.0,-0.0,-0.0,-0.0,-0.0,-0.0,-0.0,-0.0,-0.0,-0.0,-0.0,-0.0,-0.0,-0.0,-0.0,-0.0,-0.0,-0.0,-0.0,-0.0,-0.0,-0.0,-0.0,-0.0,-0.0,-0.0,-0.0,-0.0,-0.0,-0.0,-0.0,-0.0,-0.0,-0.0,-0.0,-0.0,-0.0,-0.19289644,-0.14856185,-0.16400642,-11.637294,-0.35418191,0.75479479,-10828.1129,.
2221.0,2989.6477,5.3983,12.2168,15.672461,2937.1761,0.0,0.0,0.0,0.0,0.0,0.0,0.0,0.0,0.0,0.0,0.0,0.0,0.0,0.0,0.0,0.0,0.0,0.0,0.0,0.0,0.0,0.0,0.0,0.0,0.0,0.0,0.0,0.0,0.0,0.0,0.0,0.0,0.0,0.0,0.0,0.0,0.0,0.0,0.0,0.0,0.0,0.0,0.0,0.0,0.0,0.0,0.0,0.0,0.0,0.0,0.0,0.0,0.0,0.0,0.0,0.0,0.0,0.0,0.0,0.0,0.0,0.0,0.0,0.0,8.881922,172.84121,62.242968,126.97658,0.0,42.052649,21.355139,89.349,173.879,64.3741,0.0,2.2441,90.9,0.7872673337722188,1.0000000005557304,0.9999999997544371,0.060278696152918816,0.28706293573938885,0.0,0.0,0.0,0.0,0.0,0.0,0.0,0.0,0.0,0.0,0.0,0.0,0.0,0.0,0.0,0.0,0.0,0.0,0.0,0.0,0.0,0.0,0.0,0.0,0.0,0.0,0.0,0.0,0.0,0.0,0.0,0.0,0.0,0.0,0.0,0.0,0.0,0.0,0.0,0.0,0.0,0.0,0.0,0.0,0.0,0.0,0.0,0.0,0.0,0.0,0.0,0.0,0.0,0.0,0.0,0.0,0.0,0.0,0.0,0.0,0.0,0.0,0.0,0.0,0.027165777168300216,0.45454678471297355,0.363639783282234,0.48485152445123647,0.0,0.09090931213521244,0.060606327366726685,0.999999999977615,1.0000000000230047,0.9999999999378631,0.0,1.0000000003119287,0.12500000000000003,0.79459336,-0.31507101,-0.15856386,-5.7604115,-0.79459336,17.941569,5.0422674,14.380889,5.9733504,5.481228,3.8264054,11.762181,6.8904575,2.7530105,3.3841597,4.5655359,4.1660817,4.6655194,1.2657126,0.40731998,4.4097239,3.6314943,1.5164041,2.9486876,4.078214,5.9930807,2.5048083,0.92424748,3.4823278,11.493079,2.4432312,4.4492917,0.80650695,0.68020362,14.004405,3.2649426,1.1262811,3.2590023,0.56435944,3.7579606,2.1313277,1.7736105,2.6763729,7.7675144,1.0107025,4.0629143,1.3859536,9.2769089,3.6694337,1.2731341,3.5574362,0.82630274,1.9738897,1.5162211,0.60773913,0.24218061,0.49050248,1.5524217,4.1897721,0.4194352,0.53979998,0.6958377,0.76393469,1.1464451,0.31573394,1.3291221,3.0033458,2.4685093,0.96769188,0.45860301,0.99699474,0.88636939,0.79726857,0.15344588,0.36438557,0.64934863,-0.3281684,-0.26400487,-0.26474874,-21.295006,-0.6445812,0.79459336,-10915.5049,.
2222.0,2843.5,5.3983,12.2168,30.232454,3130.3643,0.0,0.0,0.0,0.0,0.0,0.0,0.0,0.0,0.0,0.0,0.0,0.0,0.0,0.0,0.0,0.0,0.0,0.0,0.0,0.0,0.0,0.0,0.0,0.0,0.0,0.0,0.0,0.0,0.0,0.0,0.0,0.0,0.0,0.0,0.0,0.0,0.0,0.0,0.0,0.0,0.0,0.0,0.0,0.0,0.0,0.0,0.0,0.0,0.0,0.0,0.0,0.0,0.0,0.0,0.0,0.0,0.0,0.0,0.0,0.0,0.0,0.0,0.0,0.0,0.0,0.0,0.0,0.0,0.0,0.0,0.0,89.349,173.879,64.3741,0.162,2.2441,90.9,0.7487820934825542,1.0000000005557308,0.9999999997544367,0.11627866922898035,0.3059440548667733,0.0,0.0,0.0,0.0,0.0,0.0,0.0,0.0,0.0,0.0,0.0,0.0,0.0,0.0,0.0,0.0,0.0,0.0,0.0,0.0,0.0,0.0,0.0,0.0,0.0,0.0,0.0,0.0,0.0,0.0,0.0,0.0,0.0,0.0,0.0,0.0,0.0,0.0,0.0,0.0,0.0,0.0,0.0,0.0,0.0,0.0,0.0,0.0,0.0,0.0,0.0,0.0,0.0,0.0,0.0,0.0,0.0,0.0,0.0,0.0,0.0,0.0,0.0,0.0,0.0,0.0,0.0,0.0,0.0,0.0,0.0,0.9999999999776155,1.000000000023004,0.9999999999378631,0.022188741268319438,1.0000000003119291,0.12500000000000003,0.71146648,-0.21790649,-0.082906317,-3.0958347,-0.71146648,-0.0,-0.0,-0.0,-0.0,-0.0,-0.0,-0.0,-0.0,-0.0,-0.0,-0.0,-0.0,-0.0,-0.0,-0.0,-0.0,-0.0,-0.0,-0.0,-0.0,-0.0,-0.0,-0.0,-0.0,-0.0,-0.0,-0.0,-0.0,-0.0,-0.0,-0.0,-0.0,-0.0,-0.0,-0.0,-0.0,-0.0,-0.0,-0.0,-0.0,-0.0,-0.0,-0.0,-0.0,-0.0,-0.0,-0.0,-0.0,-0.0,-0.0,-0.0,-0.0,-0.0,-0.0,-0.0,-0.0,-0.0,-0.0,-0.0,-0.0,-0.0,-0.0,-0.0,-0.0,-0.0,-0.0,-0.0,-0.0,-0.0,-0.0,-0.0,-0.1818234,-0.14003379,-0.15459178,-10.969265,-0.33385042,0.71146648,-11001.8479,.
2223.0,2989.6477,5.3983,12.2168,15.672461,2937.1761,0.0,0.0,0.0,0.0,0.0,0.0,0.0,0.0,0.0,0.0,0.0,0.0,0.0,0.0,0.0,0.0,0.0,0.0,0.0,0.0,0.0,0.0,0.0,0.0,0.0,0.0,0.0,0.0,0.0,0.0,0.0,0.0,0.0,0.0,0.0,0.0,0.0,0.0,0.0,0.0,0.0,0.0,0.0,0.0,0.0,0.0,0.0,0.0,0.0,0.0,0.0,0.0,0.0,0.0,0.0,0.0,0.0,0.0,0.0,0.0,0.0,0.0,0.0,0.0,8.881922,172.84121,62.242968,126.97658,0.0,42.052649,21.355139,89.349,173.879,64.3741,0.0,2.2441,90.9,0.7872673337722185,1.0000000005557301,0.9999999997544367,0.060278696152918775,0.2870629357393894,0.0,0.0,0.0,0.0,0.0,0.0,0.0,0.0,0.0,0.0,0.0,0.0,0.0,0.0,0.0,0.0,0.0,0.0,0.0,0.0,0.0,0.0,0.0,0.0,0.0,0.0,0.0,0.0,0.0,0.0,0.0,0.0,0.0,0.0,0.0,0.0,0.0,0.0,0.0,0.0,0.0,0.0,0.0,0.0,0.0,0.0,0.0,0.0,0.0,0.0,0.0,0.0,0.0,0.0,0.0,0.0,0.0,0.0,0.0,0.0,0.0,0.0,0.0,0.0,0.02716577716830021,0.4545467847129735,0.363639783282234,0.48485152445123636,0.0,0.09090931213521246,0.060606327366726664,0.9999999999776158,1.0000000000230052,0.9999999999378631,0.0,1.0000000003119294,0.12500000000000003,0.74898045,-0.29698464,-0.14946165,-5.4297404,-0.74898045,16.91165,4.7528206,13.555367,5.6304557,5.1665831,3.606754,11.086983,6.4949171,2.5949764,3.1898951,4.3034555,3.9269316,4.3976995,1.1930555,0.38393815,4.1565877,3.4230317,1.4293563,2.7794209,3.8441078,5.6490534,2.3610221,0.87119189,3.282428,10.83333,2.3029797,4.1938841,0.76021016,0.64115715,13.200494,3.0775215,1.0616279,3.0719222,0.5319629,3.5422383,2.0089808,1.671798,2.5227382,7.3216273,0.95268408,3.8296864,1.3063942,8.7443764,3.4587932,1.200051,3.3532248,0.77886959,1.8605804,1.4291838,0.57285242,0.22827845,0.46234563,1.4633063,3.9492621,0.3953579,0.50881325,0.65589377,0.72008171,1.0806344,0.29760952,1.2528251,2.8309415,2.3268068,0.91214241,0.43227732,0.93976317,0.83548816,0.75150209,0.14463746,0.34346835,0.61207336,-0.30933019,-0.24884991,-0.24955108,-20.072586,-0.60757961,0.74898045,-11087.8799,.
2224.0,2843.5,5.3983,12.2168,30.232454,3130.3643,0.0,0.0,0.0,0.0,0.0,0.0,0.0,0.0,0.0,0.0,0.0,0.0,0.0,0.0,0.0,0.0,0.0,0.0,0.0,0.0,0.0,0.0,0.0,0.0,0.0,0.0,0.0,0.0,0.0,0.0,0.0,0.0,0.0,0.0,0.0,0.0,0.0,0.0,0.0,0.0,0.0,0.0,0.0,0.0,0.0,0.0,0.0,0.0,0.0,0.0,0.0,0.0,0.0,0.0,0.0,0.0,0.0,0.0,0.0,0.0,0.0,0.0,0.0,0.0,0.0,0.0,0.0,0.0,0.0,0.0,0.0,89.349,173.879,64.3741,0.162,2.2441,90.9,0.7487820934825545,1.000000000555731,0.9999999997544367,0.11627866922898038,0.3059440548667747,0.0,0.0,0.0,0.0,0.0,0.0,0.0,0.0,0.0,0.0,0.0,0.0,0.0,0.0,0.0,0.0,0.0,0.0,0.0,0.0,0.0,0.0,0.0,0.0,0.0,0.0,0.0,0.0,0.0,0.0,0.0,0.0,0.0,0.0,0.0,0.0,0.0,0.0,0.0,0.0,0.0,0.0,0.0,0.0,0.0,0.0,0.0,0.0,0.0,0.0,0.0,0.0,0.0,0.0,0.0,0.0,0.0,0.0,0.0,0.0,0.0,0.0,0.0,0.0,0.0,0.0,0.0,0.0,0.0,0.0,0.0,0.9999999999776155,1.0000000000230052,0.999999999937863,0.02218874126831943,1.0000000003119294,0.12500000000000003,0.6706254,-0.20539777,-0.078147155,-2.9181211,-0.6706254,-0.0,-0.0,-0.0,-0.0,-0.0,-0.0,-0.0,-0.0,-0.0,-0.0,-0.0,-0.0,-0.0,-0.0,-0.0,-0.0,-0.0,-0.0,-0.0,-0.0,-0.0,-0.0,-0.0,-0.0,-0.0,-0.0,-0.0,-0.0,-0.0,-0.0,-0.0,-0.0,-0.0,-0.0,-0.0,-0.0,-0.0,-0.0,-0.0,-0.0,-0.0,-0.0,-0.0,-0.0,-0.0,-0.0,-0.0,-0.0,-0.0,-0.0,-0.0,-0.0,-0.0,-0.0,-0.0,-0.0,-0.0,-0.0,-0.0,-0.0,-0.0,-0.0,-0.0,-0.0,-0.0,-0.0,-0.0,-0.0,-0.0,-0.0,-0.0,-0.17138599,-0.13199528,-0.14571758,-10.339585,-0.31468604,0.6706254,-11172.8299,.
2225.0,2989.6477,5.3983,12.2168,15.672461,2937.1761,0.0,0.0,0.0,0.0,0.0,0.0,0.0,0.0,0.0,0.0,0.0,0.0,0.0,0.0,0.0,0.0,0.0,0.0,0.0,0.0,0.0,0.0,0.0,0.0,0.0,0.0,0.0,0.0,0.0,0.0,0.0,0.0,0.0,0.0,0.0,0.0,0.0,0.0,0.0,0.0,0.0,0.0,0.0,0.0,0.0,0.0,0.0,0.0,0.0,0.0,0.0,0.0,0.0,0.0,0.0,0.0,0.0,0.0,0.0,0.0,0.0,0.0,0.0,0.0,8.881922,172.84121,62.242968,126.97658,0.0,42.052649,21.355139,89.349,173.879,64.3741,0.0,2.2441,90.9,0.7872673337722188,1.0000000005557306,0.9999999997544365,0.06027869615291882,0.2870629357393893,0.0,0.0,0.0,0.0,0.0,0.0,0.0,0.0,0.0,0.0,0.0,0.0,0.0,0.0,0.0,0.0,0.0,0.0,0.0,0.0,0.0,0.0,0.0,0.0,0.0,0.0,0.0,0.0,0.0,0.0,0.0,0.0,0.0,0.0,0.0,0.0,0.0,0.0,0.0,0.0,0.0,0.0,0.0,0.0,0.0,0.0,0.0,0.0,0.0,0.0,0.0,0.0,0.0,0.0,0.0,0.0,0.0,0.0,0.0,0.0,0.0,0.0,0.0,0.0,0.027165777168300216,0.4545467847129735,0.36363978328223406,0.48485152445123636,0.0,0.09090931213521242,0.060606327366726664,0.9999999999776159,1.0000000000230045,0.999999999937863,0.0,1.0000000003119291,0.12500000000000003,0.70598591,-0.27993651,-0.14088194,-5.118051,-0.70598591,15.940852,4.4799893,12.777234,5.3072445,4.8700001,3.3997116,10.450545,6.1220823,2.4460142,3.0067821,4.0564195,3.7015096,4.1452536,1.1245692,0.36189853,3.9179825,3.2265356,1.3473054,2.6198708,3.6234403,5.3247746,2.2254897,0.82118192,3.0940032,10.211452,2.1707793,3.953138,0.71657098,0.60435211,12.442732,2.9008592,1.0006862,2.8955813,0.50142605,3.3388993,1.893657,1.5758299,2.3779227,6.9013359,0.89799612,3.6098468,1.2314019,8.2424134,3.2602443,1.1311631,3.160736,0.73415929,1.7537755,1.3471428,0.53996834,0.21517434,0.4358051,1.3793066,3.7225583,0.37266274,0.47960529,0.61824279,0.67874608,1.0186016,0.28052552,1.1809078,2.6684338,2.1932386,0.8597817,0.40746283,0.88581692,0.78752772,0.7083628,0.13633468,0.32375186,0.57693785,-0.29157337,-0.23456491,-0.23522582,-18.920337,-0.57270205,0.70598591,-11257.2749,.
2226.0,2843.5,5.3983,12.2168,30.232454,3130.3643,0.0,0.0,0.0,0.0,0.0,0.0,0.0,0.0,0.0,0.0,0.0,0.0,0.0,0.0,0.0,0.0,0.0,0.0,0.0,0.0,0.0,0.0,0.0,0.0,0.0,0.0,0.0,0.0,0.0,0.0,0.0,0.0,0.0,0.0,0.0,0.0,0.0,0.0,0.0,0.0,0.0,0.0,0.0,0.0,0.0,0.0,0.0,0.0,0.0,0.0,0.0,0.0,0.0,0.0,0.0,0.0,0.0,0.0,0.0,0.0,0.0,0.0,0.0,0.0,0.0,0.0,0.0,0.0,0.0,0.0,0.0,89.349,173.879,64.3741,0.162,2.2441,90.9,0.7487820934825545,1.0000000005557306,0.9999999997544368,0.11627866922898038,0.30594405486677456,0.0,0.0,0.0,0.0,0.0,0.0,0.0,0.0,0.0,0.0,0.0,0.0,0.0,0.0,0.0,0.0,0.0,0.0,0.0,0.0,0.0,0.0,0.0,0.0,0.0,0.0,0.0,0.0,0.0,0.0,0.0,0.0,0.0,0.0,0.0,0.0,0.0,0.0,0.0,0.0,0.0,0.0,0.0,0.0,0.0,0.0,0.0,0.0,0.0,0.0,0.0,0.0,0.0,0.0,0.0,0.0,0.0,0.0,0.0,0.0,0.0,0.0,0.0,0.0,0.0,0.0,0.0,0.0,0.0,0.0,0.0,0.9999999999776165,1.0000000000230045,0.9999999999378636,0.022188741268319424,1.0000000003119285,0.12500000000000003,0.63212876,-0.19360709,-0.073661189,-2.7506091,-0.63212876,-0.0,-0.0,-0.0,-0.0,-0.0,-0.0,-0.0,-0.0,-0.0,-0.0,-0.0,-0.0,-0.0,-0.0,-0.0,-0.0,-0.0,-0.0,-0.0,-0.0,-0.0,-0.0,-0.0,-0.0,-0.0,-0.0,-0.0,-0.0,-0.0,-0.0,-0.0,-0.0,-0.0,-0.0,-0.0,-0.0,-0.0,-0.0,-0.0,-0.0,-0.0,-0.0,-0.0,-0.0,-0.0,-0.0,-0.0,-0.0,-0.0,-0.0,-0.0,-0.0,-0.0,-0.0,-0.0,-0.0,-0.0,-0.0,-0.0,-0.0,-0.0,-0.0,-0.0,-0.0,-0.0,-0.0,-0.0,-0.0,-0.0,-0.0,-0.0,-0.16154773,-0.12441821,-0.13735279,-9.7460503,-0.29662177,0.63212876,-11340.7129,.
2227.0,2989.6477,5.3983,12.2168,15.672461,2937.1761,0.0,0.0,0.0,0.0,0.0,0.0,0.0,0.0,0.0,0.0,0.0,0.0,0.0,0.0,0.0,0.0,0.0,0.0,0.0,0.0,0.0,0.0,0.0,0.0,0.0,0.0,0.0,0.0,0.0,0.0,0.0,0.0,0.0,0.0,0.0,0.0,0.0,0.0,0.0,0.0,0.0,0.0,0.0,0.0,0.0,0.0,0.0,0.0,0.0,0.0,0.0,0.0,0.0,0.0,0.0,0.0,0.0,0.0,0.0,0.0,0.0,0.0,0.0,0.0,8.881922,172.84121,62.242968,126.97658,0.0,42.052649,21.355139,89.349,173.879,64.3741,0.0,2.2441,90.9,0.7872673337722186,1.0000000005557306,0.9999999997544368,0.06027869615291879,0.2870629357393892,0.0,0.0,0.0,0.0,0.0,0.0,0.0,0.0,0.0,0.0,0.0,0.0,0.0,0.0,0.0,0.0,0.0,0.0,0.0,0.0,0.0,0.0,0.0,0.0,0.0,0.0,0.0,0.0,0.0,0.0,0.0,0.0,0.0,0.0,0.0,0.0,0.0,0.0,0.0,0.0,0.0,0.0,0.0,0.0,0.0,0.0,0.0,0.0,0.0,0.0,0.0,0.0,0.0,0.0,0.0,0.0,0.0,0.0,0.0,0.0,0.0,0.0,0.0,0.0,0.027165777168300216,0.45454678471297355,0.36363978328223406,0.48485152445123647,0.0,0.09090931213521244,0.06060632736672668,0.9999999999776162,1.000000000023005,0.9999999999378631,0.0,1.0000000003119287,0.12500000000000003,0.66545943,-0.26386701,-0.13279474,-4.824254,-0.66545943,15.025782,4.2228196,12.043768,5.0025869,4.5904422,3.2045542,9.8506412,5.7706497,2.305603,2.8341805,3.8235645,3.4890279,3.9072991,1.0600143,0.34112407,3.6930743,3.0413193,1.2699646,2.4694795,3.41544,5.0191108,2.0977375,0.77404271,2.9163947,9.625273,2.0461677,3.7262117,0.67543688,0.56965983,11.728468,2.734338,0.94324268,2.7293631,0.47264215,3.1472328,1.7849534,1.4853709,2.2414202,6.505171,0.84644747,3.4026268,1.1607144,7.7692651,3.073093,1.0662297,2.9792968,0.69201554,1.6531016,1.2698113,0.50897195,0.20282245,0.4107881,1.3001287,3.5088682,0.35127038,0.45207398,0.58275312,0.63978328,0.96012968,0.26442221,1.1131189,2.5152548,2.0673377,0.81042671,0.3840728,0.8349674,0.74232041,0.66769987,0.12850851,0.30516718,0.54381926,-0.27483587,-0.22109992,-0.2217229,-17.834232,-0.53982661,0.66545943,-11423.849900000001,.
2228.0,2843.5,5.3983,12.2168,30.232454,3130.3643,0.0,0.0,0.0,0.0,0.0,0.0,0.0,0.0,0.0,0.0,0.0,0.0,0.0,0.0,0.0,0.0,0.0,0.0,0.0,0.0,0.0,0.0,0.0,0.0,0.0,0.0,0.0,0.0,0.0,0.0,0.0,0.0,0.0,0.0,0.0,0.0,0.0,0.0,0.0,0.0,0.0,0.0,0.0,0.0,0.0,0.0,0.0,0.0,0.0,0.0,0.0,0.0,0.0,0.0,0.0,0.0,0.0,0.0,0.0,0.0,0.0,0.0,0.0,0.0,0.0,0.0,0.0,0.0,0.0,0.0,0.0,89.349,173.879,64.3741,0.162,2.2441,90.9,0.7487820934825541,1.0000000005557308,0.9999999997544363,0.11627866922898032,0.30594405486677384,0.0,0.0,0.0,0.0,0.0,0.0,0.0,0.0,0.0,0.0,0.0,0.0,0.0,0.0,0.0,0.0,0.0,0.0,0.0,0.0,0.0,0.0,0.0,0.0,0.0,0.0,0.0,0.0,0.0,0.0,0.0,0.0,0.0,0.0,0.0,0.0,0.0,0.0,0.0,0.0,0.0,0.0,0.0,0.0,0.0,0.0,0.0,0.0,0.0,0.0,0.0,0.0,0.0,0.0,0.0,0.0,0.0,0.0,0.0,0.0,0.0,0.0,0.0,0.0,0.0,0.0,0.0,0.0,0.0,0.0,0.0,0.9999999999776154,1.0000000000230045,0.9999999999378634,0.022188741268319427,1.0000000003119287,0.12500000000000003,0.59584198,-0.18249326,-0.069432735,-2.5927128,-0.59584198,-0.0,-0.0,-0.0,-0.0,-0.0,-0.0,-0.0,-0.0,-0.0,-0.0,-0.0,-0.0,-0.0,-0.0,-0.0,-0.0,-0.0,-0.0,-0.0,-0.0,-0.0,-0.0,-0.0,-0.0,-0.0,-0.0,-0.0,-0.0,-0.0,-0.0,-0.0,-0.0,-0.0,-0.0,-0.0,-0.0,-0.0,-0.0,-0.0,-0.0,-0.0,-0.0,-0.0,-0.0,-0.0,-0.0,-0.0,-0.0,-0.0,-0.0,-0.0,-0.0,-0.0,-0.0,-0.0,-0.0,-0.0,-0.0,-0.0,-0.0,-0.0,-0.0,-0.0,-0.0,-0.0,-0.0,-0.0,-0.0,-0.0,-0.0,-0.0,-0.15227423,-0.1172761,-0.12946818,-9.1865871,-0.27959447,0.59584198,-11506.1849,.
2229.0,2989.6477,5.3983,12.2168,15.672461,2937.1761,0.0,0.0,0.0,0.0,0.0,0.0,0.0,0.0,0.0,0.0,0.0,0.0,0.0,0.0,0.0,0.0,0.0,0.0,0.0,0.0,0.0,0.0,0.0,0.0,0.0,0.0,0.0,0.0,0.0,0.0,0.0,0.0,0.0,0.0,0.0,0.0,0.0,0.0,0.0,0.0,0.0,0.0,0.0,0.0,0.0,0.0,0.0,0.0,0.0,0.0,0.0,0.0,0.0,0.0,0.0,0.0,0.0,0.0,0.0,0.0,0.0,0.0,0.0,0.0,8.881922,172.84121,62.242968,126.97658,0.0,42.052649,21.355139,89.349,173.879,64.3741,0.0,2.2441,90.9,0.7872673337722187,1.0000000005557304,0.9999999997544368,0.0602786961529188,0.28706293573938935,0.0,0.0,0.0,0.0,0.0,0.0,0.0,0.0,0.0,0.0,0.0,0.0,0.0,0.0,0.0,0.0,0.0,0.0,0.0,0.0,0.0,0.0,0.0,0.0,0.0,0.0,0.0,0.0,0.0,0.0,0.0,0.0,0.0,0.0,0.0,0.0,0.0,0.0,0.0,0.0,0.0,0.0,0.0,0.0,0.0,0.0,0.0,0.0,0.0,0.0,0.0,0.0,0.0,0.0,0.0,0.0,0.0,0.0,0.0,0.0,0.0,0.0,0.0,0.0,0.027165777168300216,0.45454678471297355,0.36363978328223395,0.48485152445123647,0.0,0.09090931213521243,0.060606327366726664,0.9999999999776154,1.0000000000230045,0.9999999999378631,0.0,1.0000000003119294,0.12500000000000003,0.62725933,-0.24871996,-0.12517178,-4.5473221,-0.62725933,14.163241,3.9804124,11.352407,4.715418,4.326932,3.0205997,9.2851741,5.4393908,2.1732519,2.6714869,3.6040762,3.2887434,3.6830041,0.99916518,0.32154216,3.4810767,2.8667351,1.1970634,2.3277212,3.2193798,4.7309933,1.9773188,0.7296095,2.7489818,9.0727429,1.9287093,3.5123119,0.63666404,0.53695902,11.055206,2.5773758,0.88909669,2.5726865,0.44551055,2.9665688,1.6824898,1.4001045,2.1127535,6.1317476,0.79785792,3.2073021,1.0940846,7.3232775,2.8966848,1.0050238,2.808273,0.65229102,1.5582068,1.1969189,0.47975488,0.19117961,0.38720719,1.225496,3.3074448,0.33110602,0.42612309,0.54930071,0.6030571,0.90501431,0.24924329,1.0492213,2.3708689,1.9486641,0.76390491,0.36202545,0.78703686,0.69970818,0.62937117,0.1211316,0.28764933,0.51260181,-0.25905916,-0.20840788,-0.2089951,-16.810475,-0.50883836,0.62725933,-11588.209900000002,.
2230.0,2843.5,5.3983,12.2168,30.232454,3130.3643,0.0,0.0,0.0,0.0,0.0,0.0,0.0,0.0,0.0,0.0,0.0,0.0,0.0,0.0,0.0,0.0,0.0,0.0,0.0,0.0,0.0,0.0,0.0,0.0,0.0,0.0,0.0,0.0,0.0,0.0,0.0,0.0,0.0,0.0,0.0,0.0,0.0,0.0,0.0,0.0,0.0,0.0,0.0,0.0,0.0,0.0,0.0,0.0,0.0,0.0,0.0,0.0,0.0,0.0,0.0,0.0,0.0,0.0,0.0,0.0,0.0,0.0,0.0,0.0,0.0,0.0,0.0,0.0,0.0,0.0,0.0,89.349,173.879,64.3741,0.162,2.2441,90.9,0.7487820934825543,1.0000000005557304,0.9999999997544369,0.11627866922898035,0.3059440548667735,0.0,0.0,0.0,0.0,0.0,0.0,0.0,0.0,0.0,0.0,0.0,0.0,0.0,0.0,0.0,0.0,0.0,0.0,0.0,0.0,0.0,0.0,0.0,0.0,0.0,0.0,0.0,0.0,0.0,0.0,0.0,0.0,0.0,0.0,0.0,0.0,0.0,0.0,0.0,0.0,0.0,0.0,0.0,0.0,0.0,0.0,0.0,0.0,0.0,0.0,0.0,0.0,0.0,0.0,0.0,0.0,0.0,0.0,0.0,0.0,0.0,0.0,0.0,0.0,0.0,0.0,0.0,0.0,0.0,0.0,0.0,0.9999999999776151,1.0000000000230045,0.9999999999378634,0.02218874126831943,1.000000000311929,0.12500000000000003,0.56163821,-0.1720174,-0.065447012,-2.4438805,-0.56163821,-0.0,-0.0,-0.0,-0.0,-0.0,-0.0,-0.0,-0.0,-0.0,-0.0,-0.0,-0.0,-0.0,-0.0,-0.0,-0.0,-0.0,-0.0,-0.0,-0.0,-0.0,-0.0,-0.0,-0.0,-0.0,-0.0,-0.0,-0.0,-0.0,-0.0,-0.0,-0.0,-0.0,-0.0,-0.0,-0.0,-0.0,-0.0,-0.0,-0.0,-0.0,-0.0,-0.0,-0.0,-0.0,-0.0,-0.0,-0.0,-0.0,-0.0,-0.0,-0.0,-0.0,-0.0,-0.0,-0.0,-0.0,-0.0,-0.0,-0.0,-0.0,-0.0,-0.0,-0.0,-0.0,-0.0,-0.0,-0.0,-0.0,-0.0,-0.0,-0.14353307,-0.11054397,-0.12203618,-8.6592394,-0.2635446,0.56163821,-11669.938900000001,.
2231.0,2989.6477,5.3983,12.2168,15.672461,2937.1761,0.0,0.0,0.0,0.0,0.0,0.0,0.0,0.0,0.0,0.0,0.0,0.0,0.0,0.0,0.0,0.0,0.0,0.0,0.0,0.0,0.0,0.0,0.0,0.0,0.0,0.0,0.0,0.0,0.0,0.0,0.0,0.0,0.0,0.0,0.0,0.0,0.0,0.0,0.0,0.0,0.0,0.0,0.0,0.0,0.0,0.0,0.0,0.0,0.0,0.0,0.0,0.0,0.0,0.0,0.0,0.0,0.0,0.0,0.0,0.0,0.0,0.0,0.0,0.0,8.881922,172.84121,62.242968,126.97658,0.0,42.052649,21.355139,89.349,173.879,64.3741,0.0,2.2441,90.9,0.7872673337722186,1.0000000005557301,0.9999999997544367,0.060278696152918816,0.28706293573938957,0.0,0.0,0.0,0.0,0.0,0.0,0.0,0.0,0.0,0.0,0.0,0.0,0.0,0.0,0.0,0.0,0.0,0.0,0.0,0.0,0.0,0.0,0.0,0.0,0.0,0.0,0.0,0.0,0.0,0.0,0.0,0.0,0.0,0.0,0.0,0.0,0.0,0.0,0.0,0.0,0.0,0.0,0.0,0.0,0.0,0.0,0.0,0.0,0.0,0.0,0.0,0.0,0.0,0.0,0.0,0.0,0.0,0.0,0.0,0.0,0.0,0.0,0.0,0.0,0.02716577716830021,0.45454678471297355,0.36363978328223406,0.48485152445123636,0.0,0.09090931213521244,0.06060632736672666,0.9999999999776161,1.0000000000230045,0.9999999999378631,0.0,1.0000000003119294,0.12500000000000003,0.59125208,-0.23444242,-0.11798641,-4.2862872,-0.59125208,13.350213,3.7519205,10.700732,4.4447337,4.0785484,2.8472049,8.7521671,5.1271475,2.0484984,2.5181326,3.3971875,3.0999561,3.4715846,0.94180902,0.30308432,3.2812487,2.7021728,1.1283471,2.1941005,3.0345742,4.4594149,1.8638126,0.68772693,2.591179,8.5519304,1.8179935,3.3106909,0.60011692,0.50613538,10.420592,2.4294239,0.83805891,2.4250037,0.41993643,2.7962756,1.585908,1.3197328,1.9914728,5.7797602,0.75205761,3.0231898,1.0312797,6.9028914,2.7304033,0.94733132,2.6470667,0.61484684,1.4687593,1.1282109,0.45221499,0.18020512,0.36497991,1.1551475,3.117584,0.31209918,0.40166188,0.5177686,0.56843916,0.85306279,0.23493571,0.98899168,2.2347713,1.8368028,0.72005364,0.34124371,0.74185772,0.65954207,0.59324269,0.11417815,0.27113708,0.48317636,-0.24418811,-0.19644442,-0.19699792,-15.845485,-0.47962895,0.59125208,-11751.5599,.
2232.0,2843.5,5.3983,12.2168,30.232454,3130.3643,0.0,0.0,0.0,0.0,0.0,0.0,0.0,0.0,0.0,0.0,0.0,0.0,0.0,0.0,0.0,0.0,0.0,0.0,0.0,0.0,0.0,0.0,0.0,0.0,0.0,0.0,0.0,0.0,0.0,0.0,0.0,0.0,0.0,0.0,0.0,0.0,0.0,0.0,0.0,0.0,0.0,0.0,0.0,0.0,0.0,0.0,0.0,0.0,0.0,0.0,0.0,0.0,0.0,0.0,0.0,0.0,0.0,0.0,0.0,0.0,0.0,0.0,0.0,0.0,0.0,0.0,0.0,0.0,0.0,0.0,0.0,89.349,173.879,64.3741,0.162,2.2441,90.9,0.7487820934825544,1.0000000005557308,0.9999999997544365,0.11627866922898032,0.3059440548667741,0.0,0.0,0.0,0.0,0.0,0.0,0.0,0.0,0.0,0.0,0.0,0.0,0.0,0.0,0.0,0.0,0.0,0.0,0.0,0.0,0.0,0.0,0.0,0.0,0.0,0.0,0.0,0.0,0.0,0.0,0.0,0.0,0.0,0.0,0.0,0.0,0.0,0.0,0.0,0.0,0.0,0.0,0.0,0.0,0.0,0.0,0.0,0.0,0.0,0.0,0.0,0.0,0.0,0.0,0.0,0.0,0.0,0.0,0.0,0.0,0.0,0.0,0.0,0.0,0.0,0.0,0.0,0.0,0.0,0.0,0.0,0.9999999999776168,1.0000000000230047,0.999999999937863,0.022188741268319434,1.0000000003119283,0.12500000000000003,0.52939788,-0.16214289,-0.061690086,-2.3035918,-0.52939788,-0.0,-0.0,-0.0,-0.0,-0.0,-0.0,-0.0,-0.0,-0.0,-0.0,-0.0,-0.0,-0.0,-0.0,-0.0,-0.0,-0.0,-0.0,-0.0,-0.0,-0.0,-0.0,-0.0,-0.0,-0.0,-0.0,-0.0,-0.0,-0.0,-0.0,-0.0,-0.0,-0.0,-0.0,-0.0,-0.0,-0.0,-0.0,-0.0,-0.0,-0.0,-0.0,-0.0,-0.0,-0.0,-0.0,-0.0,-0.0,-0.0,-0.0,-0.0,-0.0,-0.0,-0.0,-0.0,-0.0,-0.0,-0.0,-0.0,-0.0,-0.0,-0.0,-0.0,-0.0,-0.0,-0.0,-0.0,-0.0,-0.0,-0.0,-0.0,-0.13529368,-0.10419829,-0.1150308,-8.1621637,-0.24841606,0.52939788,-11832.6579,.
2233.0,2989.6477,5.3983,12.2168,15.672461,2937.1761,0.0,0.0,0.0,0.0,0.0,0.0,0.0,0.0,0.0,0.0,0.0,0.0,0.0,0.0,0.0,0.0,0.0,0.0,0.0,0.0,0.0,0.0,0.0,0.0,0.0,0.0,0.0,0.0,0.0,0.0,0.0,0.0,0.0,0.0,0.0,0.0,0.0,0.0,0.0,0.0,0.0,0.0,0.0,0.0,0.0,0.0,0.0,0.0,0.0,0.0,0.0,0.0,0.0,0.0,0.0,0.0,0.0,0.0,0.0,0.0,0.0,0.0,0.0,0.0,8.881922,172.84121,62.242968,126.97658,0.0,42.052649,21.355139,89.349,173.879,64.3741,0.0,2.2441,90.9,0.7872673337722187,1.0000000005557308,0.9999999997544367,0.06027869615291882,0.28706293573938907,0.0,0.0,0.0,0.0,0.0,0.0,0.0,0.0,0.0,0.0,0.0,0.0,0.0,0.0,0.0,0.0,0.0,0.0,0.0,0.0,0.0,0.0,0.0,0.0,0.0,0.0,0.0,0.0,0.0,0.0,0.0,0.0,0.0,0.0,0.0,0.0,0.0,0.0,0.0,0.0,0.0,0.0,0.0,0.0,0.0,0.0,0.0,0.0,0.0,0.0,0.0,0.0,0.0,0.0,0.0,0.0,0.0,0.0,0.0,0.0,0.0,0.0,0.0,0.0,0.02716577716830021,0.45454678471297355,0.36363978328223406,0.48485152445123636,0.0,0.09090931213521243,0.060606327366726664,0.9999999999776159,1.0000000000230047,0.9999999999378628,0.0,1.0000000003119291,0.12500000000000003,0.55731179,-0.22098446,-0.1112135,-4.0402368,-0.55731179,12.583856,3.5365449,10.086466,4.1895878,3.8444231,2.6837637,8.2497569,4.8328283,1.9309062,2.3735815,3.202175,2.9220059,3.2723014,0.88774532,0.28568604,3.0928916,2.547057,1.0635754,2.0681502,2.8603772,4.2034262,1.7568221,0.64824859,2.4424347,8.0610146,1.7136332,3.1206437,0.56566775,0.47708114,9.8224076,2.289965,0.7899509,2.2857986,0.39583036,2.6357579,1.4948704,1.2439747,1.8771541,5.4479783,0.70888643,2.8496464,0.97208,6.5066372,2.573667,0.89295062,2.4951142,0.57955212,1.3844465,1.063447,0.426256,0.16986061,0.34402857,1.0888373,2.9386219,0.29418341,0.37860484,0.48804657,0.53580842,0.8040935,0.22144943,0.93221952,2.1064863,1.7313628,0.67871961,0.32165492,0.69927205,0.62168165,0.55918813,0.10762385,0.25557271,0.45544006,-0.23017071,-0.1851677,-0.18568944,-14.935889,-0.45209629,0.55731179,-11913.6939,.
2234.0,2843.5,5.3983,12.2168,30.232454,3130.3643,0.0,0.0,0.0,0.0,0.0,0.0,0.0,0.0,0.0,0.0,0.0,0.0,0.0,0.0,0.0,0.0,0.0,0.0,0.0,0.0,0.0,0.0,0.0,0.0,0.0,0.0,0.0,0.0,0.0,0.0,0.0,0.0,0.0,0.0,0.0,0.0,0.0,0.0,0.0,0.0,0.0,0.0,0.0,0.0,0.0,0.0,0.0,0.0,0.0,0.0,0.0,0.0,0.0,0.0,0.0,0.0,0.0,0.0,0.0,0.0,0.0,0.0,0.0,0.0,0.0,0.0,0.0,0.0,0.0,0.0,0.0,89.349,173.879,64.3741,0.162,2.2441,90.9,0.7487820934825545,1.0000000005557304,0.9999999997544369,0.11627866922898035,0.3059440548667744,0.0,0.0,0.0,0.0,0.0,0.0,0.0,0.0,0.0,0.0,0.0,0.0,0.0,0.0,0.0,0.0,0.0,0.0,0.0,0.0,0.0,0.0,0.0,0.0,0.0,0.0,0.0,0.0,0.0,0.0,0.0,0.0,0.0,0.0,0.0,0.0,0.0,0.0,0.0,0.0,0.0,0.0,0.0,0.0,0.0,0.0,0.0,0.0,0.0,0.0,0.0,0.0,0.0,0.0,0.0,0.0,0.0,0.0,0.0,0.0,0.0,0.0,0.0,0.0,0.0,0.0,0.0,0.0,0.0,0.0,0.0,0.9999999999776161,1.0000000000230045,0.9999999999378631,0.022188741268319427,1.0000000003119291,0.12500000000000003,0.49900828,-0.15283523,-0.058148823,-2.1713562,-0.49900828,-0.0,-0.0,-0.0,-0.0,-0.0,-0.0,-0.0,-0.0,-0.0,-0.0,-0.0,-0.0,-0.0,-0.0,-0.0,-0.0,-0.0,-0.0,-0.0,-0.0,-0.0,-0.0,-0.0,-0.0,-0.0,-0.0,-0.0,-0.0,-0.0,-0.0,-0.0,-0.0,-0.0,-0.0,-0.0,-0.0,-0.0,-0.0,-0.0,-0.0,-0.0,-0.0,-0.0,-0.0,-0.0,-0.0,-0.0,-0.0,-0.0,-0.0,-0.0,-0.0,-0.0,-0.0,-0.0,-0.0,-0.0,-0.0,-0.0,-0.0,-0.0,-0.0,-0.0,-0.0,-0.0,-0.0,-0.0,-0.0,-0.0,-0.0,-0.0,-0.12752727,-0.098216885,-0.10842756,-7.6936221,-0.23415597,0.49900828,-11994.4699,.
2235.0,2989.6477,5.3983,12.2168,15.672461,2937.1761,0.0,0.0,0.0,0.0,0.0,0.0,0.0,0.0,0.0,0.0,0.0,0.0,0.0,0.0,0.0,0.0,0.0,0.0,0.0,0.0,0.0,0.0,0.0,0.0,0.0,0.0,0.0,0.0,0.0,0.0,0.0,0.0,0.0,0.0,0.0,0.0,0.0,0.0,0.0,0.0,0.0,0.0,0.0,0.0,0.0,0.0,0.0,0.0,0.0,0.0,0.0,0.0,0.0,0.0,0.0,0.0,0.0,0.0,0.0,0.0,0.0,0.0,0.0,0.0,8.881922,172.84121,62.242968,126.97658,0.0,42.052649,21.355139,89.349,173.879,64.3741,0.0,2.2441,90.9,0.7872673337722188,1.0000000005557306,0.9999999997544369,0.060278696152918816,0.28706293573938924,0.0,0.0,0.0,0.0,0.0,0.0,0.0,0.0,0.0,0.0,0.0,0.0,0.0,0.0,0.0,0.0,0.0,0.0,0.0,0.0,0.0,0.0,0.0,0.0,0.0,0.0,0.0,0.0,0.0,0.0,0.0,0.0,0.0,0.0,0.0,0.0,0.0,0.0,0.0,0.0,0.0,0.0,0.0,0.0,0.0,0.0,0.0,0.0,0.0,0.0,0.0,0.0,0.0,0.0,0.0,0.0,0.0,0.0,0.0,0.0,0.0,0.0,0.0,0.0,0.02716577716830022,0.45454678471297355,0.363639783282234,0.48485152445123647,0.0,0.09090931213521244,0.06060632736672668,0.9999999999776165,1.0000000000230047,0.999999999937863,0.0,1.000000000311929,0.12500000000000003,0.52531982,-0.20829905,-0.10482939,-3.8083106,-0.52531982,11.861491,3.3335328,9.5074619,3.9490883,3.6237375,2.5297047,7.7761871,4.5554042,1.8200643,2.2373282,3.0183571,2.7542708,3.084458,0.83678511,0.26928649,2.915347,2.4008455,1.0025218,1.9494299,2.6961799,3.9621324,1.6559734,0.61103647,2.3022289,7.5982794,1.6152637,2.941506,0.53319611,0.44969473,9.2585612,2.1585117,0.74460448,2.1545844,0.37310808,2.4844547,1.4090587,1.1725655,1.7693978,5.1352421,0.66819345,2.686065,0.91627863,6.1331296,2.425928,0.84169161,2.3518844,0.54628346,1.3049736,1.0024008,0.40178716,0.16010991,0.32427992,1.0263336,2.769933,0.27729608,0.35687138,0.4600307,0.50505083,0.75793524,0.20873733,0.8787063,1.9855654,1.6319755,0.63975833,0.30319061,0.65913098,0.58599458,0.52708845,0.1014458,0.24090179,0.42929594,-0.21695797,-0.17453832,-0.1750301,-14.078508,-0.42614411,0.52531982,-12075.1209,.
2236.0,2843.5,5.3983,12.2168,30.232454,3130.3643,0.0,0.0,0.0,0.0,0.0,0.0,0.0,0.0,0.0,0.0,0.0,0.0,0.0,0.0,0.0,0.0,0.0,0.0,0.0,0.0,0.0,0.0,0.0,0.0,0.0,0.0,0.0,0.0,0.0,0.0,0.0,0.0,0.0,0.0,0.0,0.0,0.0,0.0,0.0,0.0,0.0,0.0,0.0,0.0,0.0,0.0,0.0,0.0,0.0,0.0,0.0,0.0,0.0,0.0,0.0,0.0,0.0,0.0,0.0,0.0,0.0,0.0,0.0,0.0,0.0,0.0,0.0,0.0,0.0,0.0,0.0,89.349,173.879,64.3741,0.162,2.2441,90.9,0.7487820934825543,1.0000000005557306,0.9999999997544365,0.11627866922898038,0.30594405486677384,0.0,0.0,0.0,0.0,0.0,0.0,0.0,0.0,0.0,0.0,0.0,0.0,0.0,0.0,0.0,0.0,0.0,0.0,0.0,0.0,0.0,0.0,0.0,0.0,0.0,0.0,0.0,0.0,0.0,0.0,0.0,0.0,0.0,0.0,0.0,0.0,0.0,0.0,0.0,0.0,0.0,0.0,0.0,0.0,0.0,0.0,0.0,0.0,0.0,0.0,0.0,0.0,0.0,0.0,0.0,0.0,0.0,0.0,0.0,0.0,0.0,0.0,0.0,0.0,0.0,0.0,0.0,0.0,0.0,0.0,0.0,0.9999999999776156,1.000000000023004,0.9999999999378634,0.02218874126831944,1.000000000311929,0.12500000000000003,0.47036316,-0.14406186,-0.054810843,-2.0467115,-0.47036316,-0.0,-0.0,-0.0,-0.0,-0.0,-0.0,-0.0,-0.0,-0.0,-0.0,-0.0,-0.0,-0.0,-0.0,-0.0,-0.0,-0.0,-0.0,-0.0,-0.0,-0.0,-0.0,-0.0,-0.0,-0.0,-0.0,-0.0,-0.0,-0.0,-0.0,-0.0,-0.0,-0.0,-0.0,-0.0,-0.0,-0.0,-0.0,-0.0,-0.0,-0.0,-0.0,-0.0,-0.0,-0.0,-0.0,-0.0,-0.0,-0.0,-0.0,-0.0,-0.0,-0.0,-0.0,-0.0,-0.0,-0.0,-0.0,-0.0,-0.0,-0.0,-0.0,-0.0,-0.0,-0.0,-0.0,-0.0,-0.0,-0.0,-0.0,-0.0,-0.12020669,-0.092578834,-0.10220338,-7.2519767,-0.22071446,0.47036316,-12155.582900000001,.
2237.0,2989.6477,5.3983,12.2168,15.672461,2937.1761,0.0,0.0,0.0,0.0,0.0,0.0,0.0,0.0,0.0,0.0,0.0,0.0,0.0,0.0,0.0,0.0,0.0,0.0,0.0,0.0,0.0,0.0,0.0,0.0,0.0,0.0,0.0,0.0,0.0,0.0,0.0,0.0,0.0,0.0,0.0,0.0,0.0,0.0,0.0,0.0,0.0,0.0,0.0,0.0,0.0,0.0,0.0,0.0,0.0,0.0,0.0,0.0,0.0,0.0,0.0,0.0,0.0,0.0,0.0,0.0,0.0,0.0,0.0,0.0,8.881922,172.84121,62.242968,126.97658,0.0,42.052649,21.355139,89.349,173.879,64.3741,0.0,2.2441,90.9,0.7872673337722186,1.0000000005557308,0.9999999997544368,0.06027869615291879,0.28706293573938946,0.0,0.0,0.0,0.0,0.0,0.0,0.0,0.0,0.0,0.0,0.0,0.0,0.0,0.0,0.0,0.0,0.0,0.0,0.0,0.0,0.0,0.0,0.0,0.0,0.0,0.0,0.0,0.0,0.0,0.0,0.0,0.0,0.0,0.0,0.0,0.0,0.0,0.0,0.0,0.0,0.0,0.0,0.0,0.0,0.0,0.0,0.0,0.0,0.0,0.0,0.0,0.0,0.0,0.0,0.0,0.0,0.0,0.0,0.0,0.0,0.0,0.0,0.0,0.0,0.027165777168300216,0.45454678471297355,0.363639783282234,0.48485152445123636,0.0,0.09090931213521244,0.06060632736672666,0.9999999999776156,1.0000000000230045,0.9999999999378628,0.0,1.0000000003119294,0.12500000000000003,0.49516431,-0.19634183,-0.098811757,-3.589698,-0.49516431,11.180593,3.1421743,8.9616947,3.7223945,3.4157201,2.3844893,7.3298022,4.2939053,1.7155851,2.1088965,2.8450911,2.5961644,2.9073975,0.78875022,0.25382835,2.7479941,2.2630272,0.94497292,1.8375246,2.5414081,3.7346898,1.5609137,0.57596047,2.1700716,7.1621071,1.5225409,2.7726515,0.50258847,0.42388041,8.7270819,2.0346043,0.70186114,2.0309025,0.35169015,2.3418368,1.3281729,1.1052554,1.6678271,4.8404582,0.62983641,2.5318739,0.86368049,5.7810629,2.2866698,0.79337506,2.2168766,0.51492455,1.2300628,0.94485887,0.37872293,0.15091895,0.30566493,0.96741787,2.6109275,0.26137815,0.3363855,0.43362305,0.47605884,0.71442666,0.19675495,0.82826497,1.8715858,1.5382934,0.60303359,0.28578623,0.62129416,0.5523561,0.49683141,0.0956224,0.22707304,0.4046526,-0.2045037,-0.16451911,-0.16498266,-13.270344,-0.4016817,0.49516431,-12236.144900000001,.
2238.0,2843.5,5.3983,12.2168,30.232454,3130.3643,0.0,0.0,0.0,0.0,0.0,0.0,0.0,0.0,0.0,0.0,0.0,0.0,0.0,0.0,0.0,0.0,0.0,0.0,0.0,0.0,0.0,0.0,0.0,0.0,0.0,0.0,0.0,0.0,0.0,0.0,0.0,0.0,0.0,0.0,0.0,0.0,0.0,0.0,0.0,0.0,0.0,0.0,0.0,0.0,0.0,0.0,0.0,0.0,0.0,0.0,0.0,0.0,0.0,0.0,0.0,0.0,0.0,0.0,0.0,0.0,0.0,0.0,0.0,0.0,0.0,0.0,0.0,0.0,0.0,0.0,0.0,89.349,173.879,64.3741,0.162,2.2441,90.9,0.7487820934825545,1.000000000555731,0.9999999997544367,0.11627866922898038,0.3059440548667733,0.0,0.0,0.0,0.0,0.0,0.0,0.0,0.0,0.0,0.0,0.0,0.0,0.0,0.0,0.0,0.0,0.0,0.0,0.0,0.0,0.0,0.0,0.0,0.0,0.0,0.0,0.0,0.0,0.0,0.0,0.0,0.0,0.0,0.0,0.0,0.0,0.0,0.0,0.0,0.0,0.0,0.0,0.0,0.0,0.0,0.0,0.0,0.0,0.0,0.0,0.0,0.0,0.0,0.0,0.0,0.0,0.0,0.0,0.0,0.0,0.0,0.0,0.0,0.0,0.0,0.0,0.0,0.0,0.0,0.0,0.0,0.9999999999776154,1.0000000000230047,0.9999999999378634,0.022188741268319434,1.0000000003119287,0.12500000000000003,0.44336239,-0.13579212,-0.051664476,-1.9292218,-0.44336239,-0.0,-0.0,-0.0,-0.0,-0.0,-0.0,-0.0,-0.0,-0.0,-0.0,-0.0,-0.0,-0.0,-0.0,-0.0,-0.0,-0.0,-0.0,-0.0,-0.0,-0.0,-0.0,-0.0,-0.0,-0.0,-0.0,-0.0,-0.0,-0.0,-0.0,-0.0,-0.0,-0.0,-0.0,-0.0,-0.0,-0.0,-0.0,-0.0,-0.0,-0.0,-0.0,-0.0,-0.0,-0.0,-0.0,-0.0,-0.0,-0.0,-0.0,-0.0,-0.0,-0.0,-0.0,-0.0,-0.0,-0.0,-0.0,-0.0,-0.0,-0.0,-0.0,-0.0,-0.0,-0.0,-0.0,-0.0,-0.0,-0.0,-0.0,-0.0,-0.11330633,-0.08726443,-0.096336486,-6.8356836,-0.20804454,0.44336239,-12316.288900000001,.
2239.0,2989.6477,5.3983,12.2168,15.672461,2937.1761,0.0,0.0,0.0,0.0,0.0,0.0,0.0,0.0,0.0,0.0,0.0,0.0,0.0,0.0,0.0,0.0,0.0,0.0,0.0,0.0,0.0,0.0,0.0,0.0,0.0,0.0,0.0,0.0,0.0,0.0,0.0,0.0,0.0,0.0,0.0,0.0,0.0,0.0,0.0,0.0,0.0,0.0,0.0,0.0,0.0,0.0,0.0,0.0,0.0,0.0,0.0,0.0,0.0,0.0,0.0,0.0,0.0,0.0,0.0,0.0,0.0,0.0,0.0,0.0,8.881922,172.84121,62.242968,126.97658,0.0,42.052649,21.355139,89.349,173.879,64.3741,0.0,2.2441,90.9,0.7872673337722186,1.0000000005557308,0.9999999997544362,0.060278696152918816,0.2870629357393894,0.0,0.0,0.0,0.0,0.0,0.0,0.0,0.0,0.0,0.0,0.0,0.0,0.0,0.0,0.0,0.0,0.0,0.0,0.0,0.0,0.0,0.0,0.0,0.0,0.0,0.0,0.0,0.0,0.0,0.0,0.0,0.0,0.0,0.0,0.0,0.0,0.0,0.0,0.0,0.0,0.0,0.0,0.0,0.0,0.0,0.0,0.0,0.0,0.0,0.0,0.0,0.0,0.0,0.0,0.0,0.0,0.0,0.0,0.0,0.0,0.0,0.0,0.0,0.0,0.02716577716830021,0.4545467847129735,0.363639783282234,0.48485152445123636,0.0,0.09090931213521243,0.060606327366726664,0.9999999999776159,1.0000000000230043,0.9999999999378634,0.0,1.0000000003119294,0.12500000000000003,0.46673985,-0.18507101,-0.093139558,-3.3836347,-0.46673985,10.538781,2.9618007,8.4472568,3.5087138,3.2196438,2.2476099,6.9090415,4.0474176,1.6171035,1.9878372,2.6817712,2.4471339,2.7405009,0.74347273,0.23925756,2.590248,2.1331202,0.89072761,1.7320432,2.3955209,3.5203033,1.4713109,0.54289799,2.0455006,6.7509728,1.4351408,2.6134899,0.47373784,0.39954794,8.2261117,1.9178097,0.66157144,1.9143204,0.33150169,2.2074058,1.2519304,1.0418092,1.572087,4.5625961,0.59368122,2.386534,0.8141017,5.4492063,2.1554056,0.74783209,2.0896189,0.48536578,1.1594522,0.8906201,0.35698269,0.14225559,0.28811851,0.91188412,2.4610496,0.24637397,0.3170756,0.40873132,0.44873112,0.67341564,0.18546042,0.78071917,1.7641491,1.4499891,0.56841699,0.26938093,0.58562934,0.5206486,0.46831126,0.090133283,0.21403812,0.38142388,-0.19276435,-0.15507504,-0.15551198,-12.508572,-0.37862352,0.46673985,-12396.4889,.
2240.0,2843.5,5.3983,12.2168,30.232454,3130.3643,0.0,0.0,0.0,0.0,0.0,0.0,0.0,0.0,0.0,0.0,0.0,0.0,0.0,0.0,0.0,0.0,0.0,0.0,0.0,0.0,0.0,0.0,0.0,0.0,0.0,0.0,0.0,0.0,0.0,0.0,0.0,0.0,0.0,0.0,0.0,0.0,0.0,0.0,0.0,0.0,0.0,0.0,0.0,0.0,0.0,0.0,0.0,0.0,0.0,0.0,0.0,0.0,0.0,0.0,0.0,0.0,0.0,0.0,0.0,0.0,0.0,0.0,0.0,0.0,0.0,0.0,0.0,0.0,0.0,0.0,0.0,89.349,173.879,64.3741,0.162,2.2441,90.9,0.7487820934825544,1.0000000005557306,0.9999999997544367,0.11627866922898032,0.3059440548667745,0.0,0.0,0.0,0.0,0.0,0.0,0.0,0.0,0.0,0.0,0.0,0.0,0.0,0.0,0.0,0.0,0.0,0.0,0.0,0.0,0.0,0.0,0.0,0.0,0.0,0.0,0.0,0.0,0.0,0.0,0.0,0.0,0.0,0.0,0.0,0.0,0.0,0.0,0.0,0.0,0.0,0.0,0.0,0.0,0.0,0.0,0.0,0.0,0.0,0.0,0.0,0.0,0.0,0.0,0.0,0.0,0.0,0.0,0.0,0.0,0.0,0.0,0.0,0.0,0.0,0.0,0.0,0.0,0.0,0.0,0.0,0.9999999999776168,1.0000000000230045,0.9999999999378634,0.022188741268319427,1.0000000003119287,0.12500000000000003,0.41791158,-0.1279971,-0.048698724,-1.8184766,-0.41791158,-0.0,-0.0,-0.0,-0.0,-0.0,-0.0,-0.0,-0.0,-0.0,-0.0,-0.0,-0.0,-0.0,-0.0,-0.0,-0.0,-0.0,-0.0,-0.0,-0.0,-0.0,-0.0,-0.0,-0.0,-0.0,-0.0,-0.0,-0.0,-0.0,-0.0,-0.0,-0.0,-0.0,-0.0,-0.0,-0.0,-0.0,-0.0,-0.0,-0.0,-0.0,-0.0,-0.0,-0.0,-0.0,-0.0,-0.0,-0.0,-0.0,-0.0,-0.0,-0.0,-0.0,-0.0,-0.0,-0.0,-0.0,-0.0,-0.0,-0.0,-0.0,-0.0,-0.0,-0.0,-0.0,-0.0,-0.0,-0.0,-0.0,-0.0,-0.0,-0.10680208,-0.082255095,-0.090806378,-6.4432874,-0.19610193,0.41791158,-12476.4339,.
2241.0,2989.6477,5.3983,12.2168,15.672461,2937.1761,0.0,0.0,0.0,0.0,0.0,0.0,0.0,0.0,0.0,0.0,0.0,0.0,0.0,0.0,0.0,0.0,0.0,0.0,0.0,0.0,0.0,0.0,0.0,0.0,0.0,0.0,0.0,0.0,0.0,0.0,0.0,0.0,0.0,0.0,0.0,0.0,0.0,0.0,0.0,0.0,0.0,0.0,0.0,0.0,0.0,0.0,0.0,0.0,0.0,0.0,0.0,0.0,0.0,0.0,0.0,0.0,0.0,0.0,0.0,0.0,0.0,0.0,0.0,0.0,8.881922,172.84121,62.242968,126.97658,0.0,42.052649,21.355139,89.349,173.879,64.3741,0.0,2.2441,90.9,0.7872673337722186,1.0000000005557306,0.9999999997544363,0.0602786961529188,0.2870629357393894,0.0,0.0,0.0,0.0,0.0,0.0,0.0,0.0,0.0,0.0,0.0,0.0,0.0,0.0,0.0,0.0,0.0,0.0,0.0,0.0,0.0,0.0,0.0,0.0,0.0,0.0,0.0,0.0,0.0,0.0,0.0,0.0,0.0,0.0,0.0,0.0,0.0,0.0,0.0,0.0,0.0,0.0,0.0,0.0,0.0,0.0,0.0,0.0,0.0,0.0,0.0,0.0,0.0,0.0,0.0,0.0,0.0,0.0,0.0,0.0,0.0,0.0,0.0,0.0,0.02716577716830021,0.4545467847129736,0.36363978328223406,0.48485152445123647,0.0,0.09090931213521244,0.060606327366726664,0.9999999999776162,1.0000000000230047,0.999999999937863,0.0,1.000000000311929,0.12500000000000003,0.43994708,-0.17444718,-0.087792967,-3.1894002,-0.43994708,9.933812,2.7917812,7.9623497,3.3072993,3.0348231,2.1185879,6.5124343,3.8150793,1.5242752,1.8737272,2.5278266,2.3066584,2.583185,0.70079436,0.2255232,2.4415572,2.0106703,0.8395962,1.6326168,2.2580082,3.3182235,1.3868516,0.51173342,1.9280805,6.3634394,1.3527579,2.4634649,0.44654335,0.37661225,7.7538992,1.8077195,0.62359453,1.8044305,0.31247214,2.0806917,1.1800645,0.98200512,1.4818428,4.3006844,0.55960149,2.2495372,0.76736893,5.1363995,2.0316765,0.70490347,1.9696662,0.4575038,1.0928949,0.83949487,0.33649042,0.13408953,0.27157933,0.85953824,2.3197752,0.2322311,0.29887416,0.38526847,0.42297212,0.63475883,0.17481423,0.73590269,1.6628797,1.3667538,0.53578753,0.25391737,0.55201182,0.49076124,0.44142828,0.084959264,0.20175145,0.35952859,-0.18169889,-0.14617309,-0.14658496,-11.790529,-0.35688898,0.43994708,-12556.5359,.
2242.0,2843.5,5.3983,12.2168,30.232454,3130.3643,0.0,0.0,0.0,0.0,0.0,0.0,0.0,0.0,0.0,0.0,0.0,0.0,0.0,0.0,0.0,0.0,0.0,0.0,0.0,0.0,0.0,0.0,0.0,0.0,0.0,0.0,0.0,0.0,0.0,0.0,0.0,0.0,0.0,0.0,0.0,0.0,0.0,0.0,0.0,0.0,0.0,0.0,0.0,0.0,0.0,0.0,0.0,0.0,0.0,0.0,0.0,0.0,0.0,0.0,0.0,0.0,0.0,0.0,0.0,0.0,0.0,0.0,0.0,0.0,0.0,0.0,0.0,0.0,0.0,0.0,0.0,89.349,173.879,64.3741,0.162,2.2441,90.9,0.7487820934825544,1.000000000555731,0.9999999997544365,0.1162786692289803,0.3059440548667738,0.0,0.0,0.0,0.0,0.0,0.0,0.0,0.0,0.0,0.0,0.0,0.0,0.0,0.0,0.0,0.0,0.0,0.0,0.0,0.0,0.0,0.0,0.0,0.0,0.0,0.0,0.0,0.0,0.0,0.0,0.0,0.0,0.0,0.0,0.0,0.0,0.0,0.0,0.0,0.0,0.0,0.0,0.0,0.0,0.0,0.0,0.0,0.0,0.0,0.0,0.0,0.0,0.0,0.0,0.0,0.0,0.0,0.0,0.0,0.0,0.0,0.0,0.0,0.0,0.0,0.0,0.0,0.0,0.0,0.0,0.0,0.9999999999776161,1.0000000000230045,0.9999999999378634,0.022188741268319427,1.0000000003119285,0.12500000000000003,0.39392174,-0.12064954,-0.045903218,-1.7140886,-0.39392174,-0.0,-0.0,-0.0,-0.0,-0.0,-0.0,-0.0,-0.0,-0.0,-0.0,-0.0,-0.0,-0.0,-0.0,-0.0,-0.0,-0.0,-0.0,-0.0,-0.0,-0.0,-0.0,-0.0,-0.0,-0.0,-0.0,-0.0,-0.0,-0.0,-0.0,-0.0,-0.0,-0.0,-0.0,-0.0,-0.0,-0.0,-0.0,-0.0,-0.0,-0.0,-0.0,-0.0,-0.0,-0.0,-0.0,-0.0,-0.0,-0.0,-0.0,-0.0,-0.0,-0.0,-0.0,-0.0,-0.0,-0.0,-0.0,-0.0,-0.0,-0.0,-0.0,-0.0,-0.0,-0.0,-0.0,-0.0,-0.0,-0.0,-0.0,-0.0,-0.10067121,-0.077533316,-0.08559372,-6.0734163,-0.18484488,0.39392174,-12636.2749,.
2243.0,2989.6477,5.3983,12.2168,15.672461,2937.1761,0.0,0.0,0.0,0.0,0.0,0.0,0.0,0.0,0.0,0.0,0.0,0.0,0.0,0.0,0.0,0.0,0.0,0.0,0.0,0.0,0.0,0.0,0.0,0.0,0.0,0.0,0.0,0.0,0.0,0.0,0.0,0.0,0.0,0.0,0.0,0.0,0.0,0.0,0.0,0.0,0.0,0.0,0.0,0.0,0.0,0.0,0.0,0.0,0.0,0.0,0.0,0.0,0.0,0.0,0.0,0.0,0.0,0.0,0.0,0.0,0.0,0.0,0.0,0.0,8.881922,172.84121,62.242968,126.97658,0.0,42.052649,21.355139,89.349,173.879,64.3741,0.0,2.2441,90.9,0.7872673337722188,1.0000000005557308,0.9999999997544369,0.06027869615291879,0.2870629357393894,0.0,0.0,0.0,0.0,0.0,0.0,0.0,0.0,0.0,0.0,0.0,0.0,0.0,0.0,0.0,0.0,0.0,0.0,0.0,0.0,0.0,0.0,0.0,0.0,0.0,0.0,0.0,0.0,0.0,0.0,0.0,0.0,0.0,0.0,0.0,0.0,0.0,0.0,0.0,0.0,0.0,0.0,0.0,0.0,0.0,0.0,0.0,0.0,0.0,0.0,0.0,0.0,0.0,0.0,0.0,0.0,0.0,0.0,0.0,0.0,0.0,0.0,0.0,0.0,0.02716577716830021,0.4545467847129735,0.363639783282234,0.48485152445123636,0.0,0.09090931213521243,0.06060632736672668,0.9999999999776158,1.0000000000230047,0.9999999999378634,0.0,1.0000000003119291,0.12500000000000003,0.41469231,-0.1644332,-0.082753291,-3.0063156,-0.41469231,9.3635705,2.6315215,7.5052782,3.1174468,2.8606118,1.9969723,6.1385939,3.5960781,1.4367755,1.7661676,2.382719,2.1742468,2.4348996,0.66056589,0.21257724,2.3014018,1.8952496,0.79139995,1.538898,2.1283893,3.1277439,1.3072407,0.48235783,1.8174008,5.9981519,1.275104,2.322052,0.42090993,0.35499317,7.3087937,1.7039491,0.58779765,1.7008488,0.29453496,1.9612514,1.1123239,0.92563401,1.396779,4.0538075,0.52747808,2.1204045,0.72331881,4.8415492,1.9150499,0.66443913,1.8565993,0.43124121,1.0301582,0.79130443,0.31717449,0.12639225,0.25598956,0.81019723,2.1866107,0.21890008,0.28171756,0.36315248,0.39869179,0.59832108,0.16477918,0.69365887,1.5674236,1.2882965,0.50503113,0.23934147,0.52032408,0.46258954,0.41608849,0.080082255,0.1901701,0.33889018,-0.17126863,-0.13778216,-0.13817038,-11.113704,-0.3364021,0.41469231,-12716.047900000001,.
2244.0,2843.5,5.3983,12.2168,30.232454,3130.3643,0.0,0.0,0.0,0.0,0.0,0.0,0.0,0.0,0.0,0.0,0.0,0.0,0.0,0.0,0.0,0.0,0.0,0.0,0.0,0.0,0.0,0.0,0.0,0.0,0.0,0.0,0.0,0.0,0.0,0.0,0.0,0.0,0.0,0.0,0.0,0.0,0.0,0.0,0.0,0.0,0.0,0.0,0.0,0.0,0.0,0.0,0.0,0.0,0.0,0.0,0.0,0.0,0.0,0.0,0.0,0.0,0.0,0.0,0.0,0.0,0.0,0.0,0.0,0.0,0.0,0.0,0.0,0.0,0.0,0.0,0.0,89.349,173.879,64.3741,0.162,2.2441,90.9,0.7487820934825544,1.0000000005557306,0.9999999997544361,0.11627866922898038,0.30594405486677334,0.0,0.0,0.0,0.0,0.0,0.0,0.0,0.0,0.0,0.0,0.0,0.0,0.0,0.0,0.0,0.0,0.0,0.0,0.0,0.0,0.0,0.0,0.0,0.0,0.0,0.0,0.0,0.0,0.0,0.0,0.0,0.0,0.0,0.0,0.0,0.0,0.0,0.0,0.0,0.0,0.0,0.0,0.0,0.0,0.0,0.0,0.0,0.0,0.0,0.0,0.0,0.0,0.0,0.0,0.0,0.0,0.0,0.0,0.0,0.0,0.0,0.0,0.0,0.0,0.0,0.0,0.0,0.0,0.0,0.0,0.0,0.9999999999776159,1.0000000000230045,0.9999999999378636,0.022188741268319434,1.0000000003119291,0.12500000000000003,0.37130902,-0.11372376,-0.043268185,-1.6156929,-0.37130902,-0.0,-0.0,-0.0,-0.0,-0.0,-0.0,-0.0,-0.0,-0.0,-0.0,-0.0,-0.0,-0.0,-0.0,-0.0,-0.0,-0.0,-0.0,-0.0,-0.0,-0.0,-0.0,-0.0,-0.0,-0.0,-0.0,-0.0,-0.0,-0.0,-0.0,-0.0,-0.0,-0.0,-0.0,-0.0,-0.0,-0.0,-0.0,-0.0,-0.0,-0.0,-0.0,-0.0,-0.0,-0.0,-0.0,-0.0,-0.0,-0.0,-0.0,-0.0,-0.0,-0.0,-0.0,-0.0,-0.0,-0.0,-0.0,-0.0,-0.0,-0.0,-0.0,-0.0,-0.0,-0.0,-0.0,-0.0,-0.0,-0.0,-0.0,-0.0,-0.094892268,-0.073082586,-0.080680291,-5.7247774,-0.17423403,0.37130902,-12795.556900000001,.
2245.0,2989.6477,5.3983,12.2168,15.672461,2937.1761,0.0,0.0,0.0,0.0,0.0,0.0,0.0,0.0,0.0,0.0,0.0,0.0,0.0,0.0,0.0,0.0,0.0,0.0,0.0,0.0,0.0,0.0,0.0,0.0,0.0,0.0,0.0,0.0,0.0,0.0,0.0,0.0,0.0,0.0,0.0,0.0,0.0,0.0,0.0,0.0,0.0,0.0,0.0,0.0,0.0,0.0,0.0,0.0,0.0,0.0,0.0,0.0,0.0,0.0,0.0,0.0,0.0,0.0,0.0,0.0,0.0,0.0,0.0,0.0,8.881922,172.84121,62.242968,126.97658,0.0,42.052649,21.355139,89.349,173.879,64.3741,0.0,2.2441,90.9,0.7872673337722187,1.0000000005557304,0.9999999997544365,0.06027869615291879,0.2870629357393896,0.0,0.0,0.0,0.0,0.0,0.0,0.0,0.0,0.0,0.0,0.0,0.0,0.0,0.0,0.0,0.0,0.0,0.0,0.0,0.0,0.0,0.0,0.0,0.0,0.0,0.0,0.0,0.0,0.0,0.0,0.0,0.0,0.0,0.0,0.0,0.0,0.0,0.0,0.0,0.0,0.0,0.0,0.0,0.0,0.0,0.0,0.0,0.0,0.0,0.0,0.0,0.0,0.0,0.0,0.0,0.0,0.0,0.0,0.0,0.0,0.0,0.0,0.0,0.0,0.02716577716830021,0.45454678471297355,0.363639783282234,0.4848515244512363,0.0,0.09090931213521243,0.06060632736672666,0.9999999999776158,1.000000000023004,0.9999999999378634,0.0,1.000000000311929,0.12500000000000003,0.39088728,-0.15499406,-0.078002914,-2.8337408,-0.39088728,8.8260633,2.4804614,7.0744446,2.9384926,2.696401,1.8823379,5.7862135,3.3896485,1.3542987,1.6647823,2.2459412,2.0494361,2.2951264,0.62264671,0.20037444,2.1692919,1.7864546,0.74597035,1.4505589,2.0062111,2.9481986,1.2321997,0.45466852,1.7130745,5.6538335,1.2019079,2.1887567,0.39674798,0.33461511,6.889239,1.6061354,0.55405566,1.6032132,0.27762745,1.8486676,1.048472,0.87249883,1.3165981,3.8211024,0.49719868,1.9986846,0.68179735,4.5636244,1.8051182,0.6262976,1.7500229,0.4064862,0.97102295,0.74588032,0.29896738,0.11913681,0.24129472,0.7636886,2.0610903,0.20633432,0.26554582,0.34230604,0.37580525,0.563975,0.15532018,0.65384001,1.4774471,1.214343,0.47604028,0.22560229,0.49045535,0.436035,0.39220331,0.075485206,0.17925355,0.3194365,-0.16143711,-0.1298729,-0.13023884,-10.475732,-0.31709124,0.39088728,-12875.2399,.
2246.0,2843.5,5.3983,12.2168,30.232454,3130.3643,0.0,0.0,0.0,0.0,0.0,0.0,0.0,0.0,0.0,0.0,0.0,0.0,0.0,0.0,0.0,0.0,0.0,0.0,0.0,0.0,0.0,0.0,0.0,0.0,0.0,0.0,0.0,0.0,0.0,0.0,0.0,0.0,0.0,0.0,0.0,0.0,0.0,0.0,0.0,0.0,0.0,0.0,0.0,0.0,0.0,0.0,0.0,0.0,0.0,0.0,0.0,0.0,0.0,0.0,0.0,0.0,0.0,0.0,0.0,0.0,0.0,0.0,0.0,0.0,0.0,0.0,0.0,0.0,0.0,0.0,0.0,89.349,173.879,64.3741,0.162,2.2441,90.9,0.7487820934825544,1.0000000005557308,0.9999999997544368,0.11627866922898035,0.30594405486677395,0.0,0.0,0.0,0.0,0.0,0.0,0.0,0.0,0.0,0.0,0.0,0.0,0.0,0.0,0.0,0.0,0.0,0.0,0.0,0.0,0.0,0.0,0.0,0.0,0.0,0.0,0.0,0.0,0.0,0.0,0.0,0.0,0.0,0.0,0.0,0.0,0.0,0.0,0.0,0.0,0.0,0.0,0.0,0.0,0.0,0.0,0.0,0.0,0.0,0.0,0.0,0.0,0.0,0.0,0.0,0.0,0.0,0.0,0.0,0.0,0.0,0.0,0.0,0.0,0.0,0.0,0.0,0.0,0.0,0.0,0.0,0.9999999999776158,1.000000000023005,0.9999999999378631,0.022188741268319427,1.0000000003119285,0.12500000000000003,0.34999437,-0.10719555,-0.040784414,-1.5229455,-0.34999437,-0.0,-0.0,-0.0,-0.0,-0.0,-0.0,-0.0,-0.0,-0.0,-0.0,-0.0,-0.0,-0.0,-0.0,-0.0,-0.0,-0.0,-0.0,-0.0,-0.0,-0.0,-0.0,-0.0,-0.0,-0.0,-0.0,-0.0,-0.0,-0.0,-0.0,-0.0,-0.0,-0.0,-0.0,-0.0,-0.0,-0.0,-0.0,-0.0,-0.0,-0.0,-0.0,-0.0,-0.0,-0.0,-0.0,-0.0,-0.0,-0.0,-0.0,-0.0,-0.0,-0.0,-0.0,-0.0,-0.0,-0.0,-0.0,-0.0,-0.0,-0.0,-0.0,-0.0,-0.0,-0.0,-0.0,-0.0,-0.0,-0.0,-0.0,-0.0,-0.089445063,-0.068887347,-0.076048912,-5.3961517,-0.16423228,0.34999437,-12954.4739,.
2247.0,2989.6477,5.3983,12.2168,15.672461,2937.1761,0.0,0.0,0.0,0.0,0.0,0.0,0.0,0.0,0.0,0.0,0.0,0.0,0.0,0.0,0.0,0.0,0.0,0.0,0.0,0.0,0.0,0.0,0.0,0.0,0.0,0.0,0.0,0.0,0.0,0.0,0.0,0.0,0.0,0.0,0.0,0.0,0.0,0.0,0.0,0.0,0.0,0.0,0.0,0.0,0.0,0.0,0.0,0.0,0.0,0.0,0.0,0.0,0.0,0.0,0.0,0.0,0.0,0.0,0.0,0.0,0.0,0.0,0.0,0.0,8.881922,172.84121,62.242968,126.97658,0.0,42.052649,21.355139,89.349,173.879,64.3741,0.0,2.2441,90.9,0.7872673337722187,1.0000000005557308,0.9999999997544365,0.0602786961529188,0.28706293573938924,0.0,0.0,0.0,0.0,0.0,0.0,0.0,0.0,0.0,0.0,0.0,0.0,0.0,0.0,0.0,0.0,0.0,0.0,0.0,0.0,0.0,0.0,0.0,0.0,0.0,0.0,0.0,0.0,0.0,0.0,0.0,0.0,0.0,0.0,0.0,0.0,0.0,0.0,0.0,0.0,0.0,0.0,0.0,0.0,0.0,0.0,0.0,0.0,0.0,0.0,0.0,0.0,0.0,0.0,0.0,0.0,0.0,0.0,0.0,0.0,0.0,0.0,0.0,0.0,0.02716577716830021,0.45454678471297355,0.36363978328223406,0.48485152445123636,0.0,0.09090931213521244,0.06060632736672668,0.9999999999776159,1.0000000000230052,0.9999999999378628,0.0,1.0000000003119291,0.12500000000000003,0.36844875,-0.14609676,-0.073525227,-2.6710725,-0.36844875,8.3194111,2.3380728,6.6683425,2.7698111,2.5416165,1.774284,5.4540612,3.1950688,1.2765565,1.569217,2.1170149,1.9317901,2.1633768,0.58690424,0.18887213,2.0447657,1.6839048,0.7031486,1.3672909,1.8910463,2.7789599,1.1614664,0.42856868,1.6147371,5.3292803,1.1329134,2.0631131,0.37397302,0.31540683,6.4937685,1.5139367,0.5222506,1.5111822,0.2616905,1.7425465,0.98828541,0.82241383,1.24102,3.6017555,0.46865744,1.883952,0.6426594,4.3016537,1.7014971,0.59034556,1.6495644,0.38315223,0.91528226,0.70306373,0.28180543,0.11229787,0.22744341,0.71984975,1.9427753,0.19448989,0.2503024,0.32265627,0.35423249,0.53160053,0.14640416,0.61630692,1.3926356,1.1446348,0.44871362,0.2126518,0.46230121,0.41100481,0.36968923,0.071152046,0.16896367,0.30109954,-0.15216996,-0.12241767,-0.12276259,-9.8743821,-0.29888891,0.36844875,-13033.886900000001,.
2248.0,2843.5,5.3983,12.2168,30.232454,3130.3643,0.0,0.0,0.0,0.0,0.0,0.0,0.0,0.0,0.0,0.0,0.0,0.0,0.0,0.0,0.0,0.0,0.0,0.0,0.0,0.0,0.0,0.0,0.0,0.0,0.0,0.0,0.0,0.0,0.0,0.0,0.0,0.0,0.0,0.0,0.0,0.0,0.0,0.0,0.0,0.0,0.0,0.0,0.0,0.0,0.0,0.0,0.0,0.0,0.0,0.0,0.0,0.0,0.0,0.0,0.0,0.0,0.0,0.0,0.0,0.0,0.0,0.0,0.0,0.0,0.0,0.0,0.0,0.0,0.0,0.0,0.0,89.349,173.879,64.3741,0.162,2.2441,90.9,0.7487820934825543,1.0000000005557306,0.9999999997544368,0.1162786692289804,0.30594405486677445,0.0,0.0,0.0,0.0,0.0,0.0,0.0,0.0,0.0,0.0,0.0,0.0,0.0,0.0,0.0,0.0,0.0,0.0,0.0,0.0,0.0,0.0,0.0,0.0,0.0,0.0,0.0,0.0,0.0,0.0,0.0,0.0,0.0,0.0,0.0,0.0,0.0,0.0,0.0,0.0,0.0,0.0,0.0,0.0,0.0,0.0,0.0,0.0,0.0,0.0,0.0,0.0,0.0,0.0,0.0,0.0,0.0,0.0,0.0,0.0,0.0,0.0,0.0,0.0,0.0,0.0,0.0,0.0,0.0,0.0,0.0,0.9999999999776165,1.0000000000230045,0.9999999999378638,0.02218874126831943,1.000000000311929,0.12500000000000003,0.32990326,-0.10104209,-0.038443222,-1.4355222,-0.32990326,-0.0,-0.0,-0.0,-0.0,-0.0,-0.0,-0.0,-0.0,-0.0,-0.0,-0.0,-0.0,-0.0,-0.0,-0.0,-0.0,-0.0,-0.0,-0.0,-0.0,-0.0,-0.0,-0.0,-0.0,-0.0,-0.0,-0.0,-0.0,-0.0,-0.0,-0.0,-0.0,-0.0,-0.0,-0.0,-0.0,-0.0,-0.0,-0.0,-0.0,-0.0,-0.0,-0.0,-0.0,-0.0,-0.0,-0.0,-0.0,-0.0,-0.0,-0.0,-0.0,-0.0,-0.0,-0.0,-0.0,-0.0,-0.0,-0.0,-0.0,-0.0,-0.0,-0.0,-0.0,-0.0,-0.0,-0.0,-0.0,-0.0,-0.0,-0.0,-0.084310551,-0.064932932,-0.071683393,-5.0863906,-0.15480468,0.32990326,-13112.9469,.
2249.0,2989.6477,5.3983,12.2168,15.672461,2937.1761,0.0,0.0,0.0,0.0,0.0,0.0,0.0,0.0,0.0,0.0,0.0,0.0,0.0,0.0,0.0,0.0,0.0,0.0,0.0,0.0,0.0,0.0,0.0,0.0,0.0,0.0,0.0,0.0,0.0,0.0,0.0,0.0,0.0,0.0,0.0,0.0,0.0,0.0,0.0,0.0,0.0,0.0,0.0,0.0,0.0,0.0,0.0,0.0,0.0,0.0,0.0,0.0,0.0,0.0,0.0,0.0,0.0,0.0,0.0,0.0,0.0,0.0,0.0,0.0,8.881922,172.84121,62.242968,126.97658,0.0,42.052649,21.355139,89.349,173.879,64.3741,0.0,2.2441,90.9,0.7872673337722188,1.0000000005557306,0.9999999997544369,0.06027869615291879,0.28706293573938946,0.0,0.0,0.0,0.0,0.0,0.0,0.0,0.0,0.0,0.0,0.0,0.0,0.0,0.0,0.0,0.0,0.0,0.0,0.0,0.0,0.0,0.0,0.0,0.0,0.0,0.0,0.0,0.0,0.0,0.0,0.0,0.0,0.0,0.0,0.0,0.0,0.0,0.0,0.0,0.0,0.0,0.0,0.0,0.0,0.0,0.0,0.0,0.0,0.0,0.0,0.0,0.0,0.0,0.0,0.0,0.0,0.0,0.0,0.0,0.0,0.0,0.0,0.0,0.0,0.027165777168300216,0.45454678471297355,0.363639783282234,0.48485152445123636,0.0,0.09090931213521244,0.06060632736672668,0.9999999999776165,1.000000000023005,0.999999999937863,0.0,1.0000000003119287,0.12500000000000003,0.34729828,-0.13771021,-0.069304579,-2.517742,-0.34729828,7.8418429,2.2038579,6.2855524,2.6108126,2.3957174,1.6724328,5.1409758,3.0116588,1.2032769,1.4791375,1.9954896,1.8208975,2.0391901,0.55321354,0.1780301,1.9273878,1.5872417,0.662785,1.2888028,1.7824925,2.6194363,1.0947935,0.40396709,1.5220445,5.0233578,1.0678796,1.944682,0.35250544,0.29730119,6.1209997,1.4270305,0.49227128,1.4244341,0.24666839,1.6425172,0.93155378,0.77520391,1.1697804,3.395,0.44175459,1.7758054,0.60576812,4.0547212,1.6038242,0.55645731,1.5548727,0.36115772,0.86274131,0.662705,0.26562864,0.10585152,0.21438723,0.67852743,1.831252,0.18332537,0.23593402,0.30413448,0.33389809,0.50108448,0.13799997,0.58092838,1.3126926,1.078928,0.42295562,0.20044471,0.43576323,0.38741145,0.34846756,0.067067628,0.15926446,0.28381519,-0.14343478,-0.11539039,-0.11571552,-9.3075522,-0.28173146,0.34729828,-13192.0859,.
2250.0,2843.5,5.3983,12.2168,30.232454,3130.3643,0.0,0.0,0.0,0.0,0.0,0.0,0.0,0.0,0.0,0.0,0.0,0.0,0.0,0.0,0.0,0.0,0.0,0.0,0.0,0.0,0.0,0.0,0.0,0.0,0.0,0.0,0.0,0.0,0.0,0.0,0.0,0.0,0.0,0.0,0.0,0.0,0.0,0.0,0.0,0.0,0.0,0.0,0.0,0.0,0.0,0.0,0.0,0.0,0.0,0.0,0.0,0.0,0.0,0.0,0.0,0.0,0.0,0.0,0.0,0.0,0.0,0.0,0.0,0.0,0.0,0.0,0.0,0.0,0.0,0.0,0.0,89.349,173.879,64.3741,0.162,2.2441,90.9,0.7487820934825543,1.0000000005557308,0.9999999997544365,0.11627866922898038,0.30594405486677406,0.0,0.0,0.0,0.0,0.0,0.0,0.0,0.0,0.0,0.0,0.0,0.0,0.0,0.0,0.0,0.0,0.0,0.0,0.0,0.0,0.0,0.0,0.0,0.0,0.0,0.0,0.0,0.0,0.0,0.0,0.0,0.0,0.0,0.0,0.0,0.0,0.0,0.0,0.0,0.0,0.0,0.0,0.0,0.0,0.0,0.0,0.0,0.0,0.0,0.0,0.0,0.0,0.0,0.0,0.0,0.0,0.0,0.0,0.0,0.0,0.0,0.0,0.0,0.0,0.0,0.0,0.0,0.0,0.0,0.0,0.0,0.9999999999776156,1.0000000000230043,0.9999999999378634,0.02218874126831944,1.0000000003119287,0.12500000000000003,0.31096546,-0.095241861,-0.036236424,-1.3531174,-0.31096546,-0.0,-0.0,-0.0,-0.0,-0.0,-0.0,-0.0,-0.0,-0.0,-0.0,-0.0,-0.0,-0.0,-0.0,-0.0,-0.0,-0.0,-0.0,-0.0,-0.0,-0.0,-0.0,-0.0,-0.0,-0.0,-0.0,-0.0,-0.0,-0.0,-0.0,-0.0,-0.0,-0.0,-0.0,-0.0,-0.0,-0.0,-0.0,-0.0,-0.0,-0.0,-0.0,-0.0,-0.0,-0.0,-0.0,-0.0,-0.0,-0.0,-0.0,-0.0,-0.0,-0.0,-0.0,-0.0,-0.0,-0.0,-0.0,-0.0,-0.0,-0.0,-0.0,-0.0,-0.0,-0.0,-0.0,-0.0,-0.0,-0.0,-0.0,-0.0,-0.07947078,-0.061205516,-0.067568473,-4.7944109,-0.14591826,0.31096546,-13272.145900000001,.
2251.0,2989.6477,5.3983,12.2168,15.672461,2937.1761,0.0,0.0,0.0,0.0,0.0,0.0,0.0,0.0,0.0,0.0,0.0,0.0,0.0,0.0,0.0,0.0,0.0,0.0,0.0,0.0,0.0,0.0,0.0,0.0,0.0,0.0,0.0,0.0,0.0,0.0,0.0,0.0,0.0,0.0,0.0,0.0,0.0,0.0,0.0,0.0,0.0,0.0,0.0,0.0,0.0,0.0,0.0,0.0,0.0,0.0,0.0,0.0,0.0,0.0,0.0,0.0,0.0,0.0,0.0,0.0,0.0,0.0,0.0,0.0,8.881922,172.84121,62.242968,126.97658,0.0,42.052649,21.355139,89.349,173.879,64.3741,0.0,2.2441,90.9,0.7872673337722186,1.0000000005557308,0.9999999997544371,0.06027869615291879,0.2870629357393895,0.0,0.0,0.0,0.0,0.0,0.0,0.0,0.0,0.0,0.0,0.0,0.0,0.0,0.0,0.0,0.0,0.0,0.0,0.0,0.0,0.0,0.0,0.0,0.0,0.0,0.0,0.0,0.0,0.0,0.0,0.0,0.0,0.0,0.0,0.0,0.0,0.0,0.0,0.0,0.0,0.0,0.0,0.0,0.0,0.0,0.0,0.0,0.0,0.0,0.0,0.0,0.0,0.0,0.0,0.0,0.0,0.0,0.0,0.0,0.0,0.0,0.0,0.0,0.0,0.02716577716830021,0.45454678471297355,0.363639783282234,0.48485152445123636,0.0,0.09090931213521244,0.060606327366726664,0.9999999999776156,1.0000000000230045,0.9999999999378631,0.0,1.000000000311929,0.12500000000000003,0.32736194,-0.12980508,-0.065326212,-2.3732133,-0.32736194,7.391689,2.0773474,5.9247359,2.4609413,2.2581934,1.5764283,4.8458627,2.8387773,1.1342039,1.394229,1.8809404,1.7163705,1.9221322,0.52145682,0.16781044,1.8167478,1.4961276,0.62473843,1.2148203,1.6801702,2.4690699,1.0319479,0.38077772,1.434673,4.7349965,1.0065789,1.8330493,0.33227019,0.28023489,5.7696292,1.3451131,0.4640129,1.3426658,0.23250862,1.54823,0.87807878,0.73070404,1.1026302,3.2001131,0.41639607,1.6738669,0.57099455,3.8219636,1.5117581,0.52451438,1.4656166,0.34042579,0.81321643,0.62466302,0.25038047,0.099775205,0.20208053,0.63957718,1.7261306,0.17280175,0.22239044,0.28667592,0.31473098,0.47232018,0.1300782,0.54758072,1.2373387,1.0169932,0.39867624,0.18893837,0.41074863,0.36517245,0.32846409,0.063217671,0.15012203,0.26752304,-0.13520103,-0.10876651,-0.10907297,-8.7732606,-0.26555892,0.32736194,-13352.0699,.
2252.0,2843.5,5.3983,12.2168,30.232454,3130.3643,0.0,0.0,0.0,0.0,0.0,0.0,0.0,0.0,0.0,0.0,0.0,0.0,0.0,0.0,0.0,0.0,0.0,0.0,0.0,0.0,0.0,0.0,0.0,0.0,0.0,0.0,0.0,0.0,0.0,0.0,0.0,0.0,0.0,0.0,0.0,0.0,0.0,0.0,0.0,0.0,0.0,0.0,0.0,0.0,0.0,0.0,0.0,0.0,0.0,0.0,0.0,0.0,0.0,0.0,0.0,0.0,0.0,0.0,0.0,0.0,0.0,0.0,0.0,0.0,0.0,0.0,0.0,0.0,0.0,0.0,0.0,89.349,173.879,64.3741,0.162,2.2441,90.9,0.7487820934825544,1.0000000005557312,0.9999999997544367,0.11627866922898035,0.30594405486677356,0.0,0.0,0.0,0.0,0.0,0.0,0.0,0.0,0.0,0.0,0.0,0.0,0.0,0.0,0.0,0.0,0.0,0.0,0.0,0.0,0.0,0.0,0.0,0.0,0.0,0.0,0.0,0.0,0.0,0.0,0.0,0.0,0.0,0.0,0.0,0.0,0.0,0.0,0.0,0.0,0.0,0.0,0.0,0.0,0.0,0.0,0.0,0.0,0.0,0.0,0.0,0.0,0.0,0.0,0.0,0.0,0.0,0.0,0.0,0.0,0.0,0.0,0.0,0.0,0.0,0.0,0.0,0.0,0.0,0.0,0.0,0.999999999977615,1.0000000000230052,0.9999999999378628,0.022188741268319434,1.0000000003119294,0.12500000000000003,0.29311477,-0.089774589,-0.034156305,-1.2754429,-0.29311477,-0.0,-0.0,-0.0,-0.0,-0.0,-0.0,-0.0,-0.0,-0.0,-0.0,-0.0,-0.0,-0.0,-0.0,-0.0,-0.0,-0.0,-0.0,-0.0,-0.0,-0.0,-0.0,-0.0,-0.0,-0.0,-0.0,-0.0,-0.0,-0.0,-0.0,-0.0,-0.0,-0.0,-0.0,-0.0,-0.0,-0.0,-0.0,-0.0,-0.0,-0.0,-0.0,-0.0,-0.0,-0.0,-0.0,-0.0,-0.0,-0.0,-0.0,-0.0,-0.0,-0.0,-0.0,-0.0,-0.0,-0.0,-0.0,-0.0,-0.0,-0.0,-0.0,-0.0,-0.0,-0.0,-0.0,-0.0,-0.0,-0.0,-0.0,-0.0,-0.074908832,-0.057692069,-0.063689766,-4.5191921,-0.13754195,0.29311477,-13431.485900000001,.
2253.0,2989.6477,5.3983,12.2168,15.672461,2937.1761,0.0,0.0,0.0,0.0,0.0,0.0,0.0,0.0,0.0,0.0,0.0,0.0,0.0,0.0,0.0,0.0,0.0,0.0,0.0,0.0,0.0,0.0,0.0,0.0,0.0,0.0,0.0,0.0,0.0,0.0,0.0,0.0,0.0,0.0,0.0,0.0,0.0,0.0,0.0,0.0,0.0,0.0,0.0,0.0,0.0,0.0,0.0,0.0,0.0,0.0,0.0,0.0,0.0,0.0,0.0,0.0,0.0,0.0,0.0,0.0,0.0,0.0,0.0,0.0,8.881922,172.84121,62.242968,126.97658,0.0,42.052649,21.355139,89.349,173.879,64.3741,0.0,2.2441,90.9,0.7872673337722187,1.0000000005557308,0.9999999997544367,0.06027869615291879,0.2870629357393895,0.0,0.0,0.0,0.0,0.0,0.0,0.0,0.0,0.0,0.0,0.0,0.0,0.0,0.0,0.0,0.0,0.0,0.0,0.0,0.0,0.0,0.0,0.0,0.0,0.0,0.0,0.0,0.0,0.0,0.0,0.0,0.0,0.0,0.0,0.0,0.0,0.0,0.0,0.0,0.0,0.0,0.0,0.0,0.0,0.0,0.0,0.0,0.0,0.0,0.0,0.0,0.0,0.0,0.0,0.0,0.0,0.0,0.0,0.0,0.0,0.0,0.0,0.0,0.0,0.02716577716830021,0.45454678471297355,0.363639783282234,0.48485152445123636,0.0,0.09090931213521243,0.06060632736672668,0.9999999999776155,1.000000000023004,0.9999999999378631,0.0,1.0000000003119294,0.12500000000000003,0.30857003,-0.12235374,-0.06157622,-2.2369811,-0.30857003,6.9673758,1.9580992,5.5846319,2.3196732,2.1285638,1.4859349,4.5676904,2.6758198,1.0690959,1.3141945,1.7729667,1.6178438,1.811794,0.49152306,0.15817743,1.7124591,1.4102437,0.58887588,1.1450846,1.5837215,2.3273352,0.97270983,0.35891953,1.3523169,4.4631883,0.94879716,1.7278247,0.31319652,0.26414826,5.4384289,1.2678981,0.43737666,1.2655913,0.21916167,1.4593553,0.82767347,0.68875863,1.0393347,3.0164135,0.39249323,1.5777801,0.53821713,3.6025673,1.424977,0.49440511,1.3814842,0.32088396,0.76653448,0.58880481,0.23600761,0.094047701,0.19048028,0.60286283,1.6270437,0.16288222,0.20962432,0.27021955,0.29666413,0.44520707,0.12261118,0.51614734,1.1663104,0.9586136,0.37579059,0.17809253,0.38716998,0.34421006,0.30960891,0.059588718,0.14150441,0.25216612,-0.12743994,-0.10252287,-0.10281174,-8.2696396,-0.25031475,0.30857003,-13510.9619,.
2254.0,2843.5,5.3983,12.2168,30.232454,3130.3643,0.0,0.0,0.0,0.0,0.0,0.0,0.0,0.0,0.0,0.0,0.0,0.0,0.0,0.0,0.0,0.0,0.0,0.0,0.0,0.0,0.0,0.0,0.0,0.0,0.0,0.0,0.0,0.0,0.0,0.0,0.0,0.0,0.0,0.0,0.0,0.0,0.0,0.0,0.0,0.0,0.0,0.0,0.0,0.0,0.0,0.0,0.0,0.0,0.0,0.0,0.0,0.0,0.0,0.0,0.0,0.0,0.0,0.0,0.0,0.0,0.0,0.0,0.0,0.0,0.0,0.0,0.0,0.0,0.0,0.0,0.0,89.349,173.879,64.3741,0.162,2.2441,90.9,0.7487820934825543,1.0000000005557308,0.9999999997544369,0.11627866922898035,0.30594405486677434,0.0,0.0,0.0,0.0,0.0,0.0,0.0,0.0,0.0,0.0,0.0,0.0,0.0,0.0,0.0,0.0,0.0,0.0,0.0,0.0,0.0,0.0,0.0,0.0,0.0,0.0,0.0,0.0,0.0,0.0,0.0,0.0,0.0,0.0,0.0,0.0,0.0,0.0,0.0,0.0,0.0,0.0,0.0,0.0,0.0,0.0,0.0,0.0,0.0,0.0,0.0,0.0,0.0,0.0,0.0,0.0,0.0,0.0,0.0,0.0,0.0,0.0,0.0,0.0,0.0,0.0,0.0,0.0,0.0,0.0,0.0,0.9999999999776166,1.0000000000230047,0.9999999999378631,0.022188741268319427,1.0000000003119285,0.12500000000000003,0.27628878,-0.08462116,-0.032195593,-1.2022273,-0.27628878,-0.0,-0.0,-0.0,-0.0,-0.0,-0.0,-0.0,-0.0,-0.0,-0.0,-0.0,-0.0,-0.0,-0.0,-0.0,-0.0,-0.0,-0.0,-0.0,-0.0,-0.0,-0.0,-0.0,-0.0,-0.0,-0.0,-0.0,-0.0,-0.0,-0.0,-0.0,-0.0,-0.0,-0.0,-0.0,-0.0,-0.0,-0.0,-0.0,-0.0,-0.0,-0.0,-0.0,-0.0,-0.0,-0.0,-0.0,-0.0,-0.0,-0.0,-0.0,-0.0,-0.0,-0.0,-0.0,-0.0,-0.0,-0.0,-0.0,-0.0,-0.0,-0.0,-0.0,-0.0,-0.0,-0.0,-0.0,-0.0,-0.0,-0.0,-0.0,-0.070608759,-0.054380308,-0.060033713,-4.259772,-0.12964648,0.27628878,-13589.8839,.
2255.0,2989.6477,5.3983,12.2168,15.672461,2937.1761,0.0,0.0,0.0,0.0,0.0,0.0,0.0,0.0,0.0,0.0,0.0,0.0,0.0,0.0,0.0,0.0,0.0,0.0,0.0,0.0,0.0,0.0,0.0,0.0,0.0,0.0,0.0,0.0,0.0,0.0,0.0,0.0,0.0,0.0,0.0,0.0,0.0,0.0,0.0,0.0,0.0,0.0,0.0,0.0,0.0,0.0,0.0,0.0,0.0,0.0,0.0,0.0,0.0,0.0,0.0,0.0,0.0,0.0,0.0,0.0,0.0,0.0,0.0,0.0,8.881922,172.84121,62.242968,126.97658,0.0,42.052649,21.355139,89.349,173.879,64.3741,0.0,2.2441,90.9,0.7872673337722186,1.0000000005557308,0.9999999997544367,0.06027869615291882,0.2870629357393894,0.0,0.0,0.0,0.0,0.0,0.0,0.0,0.0,0.0,0.0,0.0,0.0,0.0,0.0,0.0,0.0,0.0,0.0,0.0,0.0,0.0,0.0,0.0,0.0,0.0,0.0,0.0,0.0,0.0,0.0,0.0,0.0,0.0,0.0,0.0,0.0,0.0,0.0,0.0,0.0,0.0,0.0,0.0,0.0,0.0,0.0,0.0,0.0,0.0,0.0,0.0,0.0,0.0,0.0,0.0,0.0,0.0,0.0,0.0,0.0,0.0,0.0,0.0,0.0,0.02716577716830021,0.45454678471297355,0.36363978328223406,0.48485152445123647,0.0,0.09090931213521244,0.06060632736672668,0.9999999999776162,1.000000000023005,0.9999999999378628,0.0,1.0000000003119285,0.12500000000000003,0.29085685,-0.11533013,-0.058041493,-2.1085693,-0.29085685,6.56742,1.8456963,5.2640512,2.1865145,2.0063756,1.4006362,4.3054863,2.5222168,1.0077255,1.2387544,1.6711911,1.524973,1.7077896,0.46330763,0.1490974,1.6141569,1.32929,0.555072,1.0793521,1.4928094,2.1937366,0.9168723,0.33831608,1.2746883,4.2069831,0.89433233,1.6286405,0.29521776,0.24898507,5.1262408,1.1951156,0.41226945,1.1929412,0.20658089,1.3755823,0.78016163,0.64922107,0.97967267,2.843259,0.36996251,1.4872091,0.50732126,3.3957652,1.3431775,0.46602423,1.3021814,0.30246391,0.72253227,0.555005,0.22245981,0.088648978,0.17954593,0.56825604,1.5336447,0.15353212,0.19759103,0.25470784,0.2796344,0.41965037,0.1155728,0.48651837,1.0993594,0.90358526,0.35421868,0.16786929,0.36494484,0.32445099,0.29183609,0.056168082,0.13338148,0.23769075,-0.12012437,-0.096637636,-0.096909925,-7.7949284,-0.23594566,0.29085685,-13668.814900000001,.
2256.0,2843.5,5.3983,12.2168,30.232454,3130.3643,0.0,0.0,0.0,0.0,0.0,0.0,0.0,0.0,0.0,0.0,0.0,0.0,0.0,0.0,0.0,0.0,0.0,0.0,0.0,0.0,0.0,0.0,0.0,0.0,0.0,0.0,0.0,0.0,0.0,0.0,0.0,0.0,0.0,0.0,0.0,0.0,0.0,0.0,0.0,0.0,0.0,0.0,0.0,0.0,0.0,0.0,0.0,0.0,0.0,0.0,0.0,0.0,0.0,0.0,0.0,0.0,0.0,0.0,0.0,0.0,0.0,0.0,0.0,0.0,0.0,0.0,0.0,0.0,0.0,0.0,0.0,89.349,173.879,64.3741,0.162,2.2441,90.9,0.7487820934825545,1.0000000005557304,0.9999999997544365,0.11627866922898032,0.3059440548667741,0.0,0.0,0.0,0.0,0.0,0.0,0.0,0.0,0.0,0.0,0.0,0.0,0.0,0.0,0.0,0.0,0.0,0.0,0.0,0.0,0.0,0.0,0.0,0.0,0.0,0.0,0.0,0.0,0.0,0.0,0.0,0.0,0.0,0.0,0.0,0.0,0.0,0.0,0.0,0.0,0.0,0.0,0.0,0.0,0.0,0.0,0.0,0.0,0.0,0.0,0.0,0.0,0.0,0.0,0.0,0.0,0.0,0.0,0.0,0.0,0.0,0.0,0.0,0.0,0.0,0.0,0.0,0.0,0.0,0.0,0.0,0.9999999999776159,1.0000000000230045,0.9999999999378636,0.022188741268319427,1.0000000003119291,0.12500000000000003,0.26042868,-0.07976356,-0.030347435,-1.1332145,-0.26042868,-0.0,-0.0,-0.0,-0.0,-0.0,-0.0,-0.0,-0.0,-0.0,-0.0,-0.0,-0.0,-0.0,-0.0,-0.0,-0.0,-0.0,-0.0,-0.0,-0.0,-0.0,-0.0,-0.0,-0.0,-0.0,-0.0,-0.0,-0.0,-0.0,-0.0,-0.0,-0.0,-0.0,-0.0,-0.0,-0.0,-0.0,-0.0,-0.0,-0.0,-0.0,-0.0,-0.0,-0.0,-0.0,-0.0,-0.0,-0.0,-0.0,-0.0,-0.0,-0.0,-0.0,-0.0,-0.0,-0.0,-0.0,-0.0,-0.0,-0.0,-0.0,-0.0,-0.0,-0.0,-0.0,-0.0,-0.0,-0.0,-0.0,-0.0,-0.0,-0.066555527,-0.051258656,-0.056587533,-4.0152437,-0.12220424,0.26042868,-13747.4609,.
2257.0,2989.6477,5.3983,12.2168,15.672461,2937.1761,0.0,0.0,0.0,0.0,0.0,0.0,0.0,0.0,0.0,0.0,0.0,0.0,0.0,0.0,0.0,0.0,0.0,0.0,0.0,0.0,0.0,0.0,0.0,0.0,0.0,0.0,0.0,0.0,0.0,0.0,0.0,0.0,0.0,0.0,0.0,0.0,0.0,0.0,0.0,0.0,0.0,0.0,0.0,0.0,0.0,0.0,0.0,0.0,0.0,0.0,0.0,0.0,0.0,0.0,0.0,0.0,0.0,0.0,0.0,0.0,0.0,0.0,0.0,0.0,8.881922,172.84121,62.242968,126.97658,0.0,42.052649,21.355139,89.349,173.879,64.3741,0.0,2.2441,90.9,0.7872673337722185,1.0000000005557301,0.9999999997544367,0.06027869615291879,0.28706293573938946,0.0,0.0,0.0,0.0,0.0,0.0,0.0,0.0,0.0,0.0,0.0,0.0,0.0,0.0,0.0,0.0,0.0,0.0,0.0,0.0,0.0,0.0,0.0,0.0,0.0,0.0,0.0,0.0,0.0,0.0,0.0,0.0,0.0,0.0,0.0,0.0,0.0,0.0,0.0,0.0,0.0,0.0,0.0,0.0,0.0,0.0,0.0,0.0,0.0,0.0,0.0,0.0,0.0,0.0,0.0,0.0,0.0,0.0,0.0,0.0,0.0,0.0,0.0,0.0,0.02716577716830021,0.4545467847129735,0.36363978328223395,0.48485152445123647,0.0,0.09090931213521243,0.06060632736672668,0.9999999999776159,1.0000000000230047,0.9999999999378634,0.0,1.0000000003119294,0.12500000000000003,0.27416047,-0.10870971,-0.054709674,-1.9875288,-0.27416047,6.1904232,1.7397457,4.9618731,2.0609996,1.8912014,1.3202339,4.0583337,2.3774313,0.94987789,1.1676448,1.5752579,1.4374333,1.6097555,0.43671187,0.1405386,1.5214977,1.2529833,0.5232086,1.0173928,1.4071161,2.0678072,0.86424008,0.31889535,1.201516,3.965485,0.84299399,1.5351499,0.27827105,0.23469231,4.8319736,1.1265111,0.3886035,1.1244615,0.19472231,1.2966183,0.73537716,0.61195313,0.92343545,2.6800443,0.34872515,1.4018372,0.47819895,3.2008344,1.2660736,0.43927254,1.2274309,0.28510124,0.68105596,0.52314545,0.2096897,0.083560164,0.16923926,0.53563582,1.4456072,0.14471874,0.1862485,0.24008657,0.26358224,0.39556072,0.10893845,0.45859023,1.0362517,0.85171577,0.33388508,0.15823291,0.34399551,0.30582618,0.27508351,0.052943805,0.12572484,0.22404633,-0.11322874,-0.09109024,-0.091346899,-7.3474676,-0.22240142,0.27416047,-13825.8929,.
2258.0,2843.5,5.3983,12.2168,30.232454,3130.3643,0.0,0.0,0.0,0.0,0.0,0.0,0.0,0.0,0.0,0.0,0.0,0.0,0.0,0.0,0.0,0.0,0.0,0.0,0.0,0.0,0.0,0.0,0.0,0.0,0.0,0.0,0.0,0.0,0.0,0.0,0.0,0.0,0.0,0.0,0.0,0.0,0.0,0.0,0.0,0.0,0.0,0.0,0.0,0.0,0.0,0.0,0.0,0.0,0.0,0.0,0.0,0.0,0.0,0.0,0.0,0.0,0.0,0.0,0.0,0.0,0.0,0.0,0.0,0.0,0.0,0.0,0.0,0.0,0.0,0.0,0.0,89.349,173.879,64.3741,0.162,2.2441,90.9,0.7487820934825543,1.0000000005557306,0.9999999997544369,0.1162786692289804,0.30594405486677334,0.0,0.0,0.0,0.0,0.0,0.0,0.0,0.0,0.0,0.0,0.0,0.0,0.0,0.0,0.0,0.0,0.0,0.0,0.0,0.0,0.0,0.0,0.0,0.0,0.0,0.0,0.0,0.0,0.0,0.0,0.0,0.0,0.0,0.0,0.0,0.0,0.0,0.0,0.0,0.0,0.0,0.0,0.0,0.0,0.0,0.0,0.0,0.0,0.0,0.0,0.0,0.0,0.0,0.0,0.0,0.0,0.0,0.0,0.0,0.0,0.0,0.0,0.0,0.0,0.0,0.0,0.0,0.0,0.0,0.0,0.0,0.9999999999776159,1.0000000000230045,0.9999999999378636,0.022188741268319438,1.0000000003119287,0.12500000000000003,0.24547901,-0.075184805,-0.028605368,-1.0681634,-0.24547901,-0.0,-0.0,-0.0,-0.0,-0.0,-0.0,-0.0,-0.0,-0.0,-0.0,-0.0,-0.0,-0.0,-0.0,-0.0,-0.0,-0.0,-0.0,-0.0,-0.0,-0.0,-0.0,-0.0,-0.0,-0.0,-0.0,-0.0,-0.0,-0.0,-0.0,-0.0,-0.0,-0.0,-0.0,-0.0,-0.0,-0.0,-0.0,-0.0,-0.0,-0.0,-0.0,-0.0,-0.0,-0.0,-0.0,-0.0,-0.0,-0.0,-0.0,-0.0,-0.0,-0.0,-0.0,-0.0,-0.0,-0.0,-0.0,-0.0,-0.0,-0.0,-0.0,-0.0,-0.0,-0.0,-0.0,-0.0,-0.0,-0.0,-0.0,-0.0,-0.062734968,-0.048316199,-0.053339177,-3.7847523,-0.11518922,0.24547901,-13904.1159,.
2259.0,2989.6477,5.3983,12.2168,15.672461,2937.1761,0.0,0.0,0.0,0.0,0.0,0.0,0.0,0.0,0.0,0.0,0.0,0.0,0.0,0.0,0.0,0.0,0.0,0.0,0.0,0.0,0.0,0.0,0.0,0.0,0.0,0.0,0.0,0.0,0.0,0.0,0.0,0.0,0.0,0.0,0.0,0.0,0.0,0.0,0.0,0.0,0.0,0.0,0.0,0.0,0.0,0.0,0.0,0.0,0.0,0.0,0.0,0.0,0.0,0.0,0.0,0.0,0.0,0.0,0.0,0.0,0.0,0.0,0.0,0.0,8.881922,172.84121,62.242968,126.97658,0.0,42.052649,21.355139,89.349,173.879,64.3741,0.0,2.2441,90.9,0.7872673337722184,1.0000000005557301,0.9999999997544363,0.06027869615291879,0.2870629357393896,0.0,0.0,0.0,0.0,0.0,0.0,0.0,0.0,0.0,0.0,0.0,0.0,0.0,0.0,0.0,0.0,0.0,0.0,0.0,0.0,0.0,0.0,0.0,0.0,0.0,0.0,0.0,0.0,0.0,0.0,0.0,0.0,0.0,0.0,0.0,0.0,0.0,0.0,0.0,0.0,0.0,0.0,0.0,0.0,0.0,0.0,0.0,0.0,0.0,0.0,0.0,0.0,0.0,0.0,0.0,0.0,0.0,0.0,0.0,0.0,0.0,0.0,0.0,0.0,0.02716577716830021,0.45454678471297355,0.363639783282234,0.48485152445123636,0.0,0.09090931213521244,0.06060632736672666,0.9999999999776151,1.0000000000230045,0.9999999999378631,0.0,1.0000000003119291,0.12500000000000003,0.25842254,-0.10246933,-0.051569115,-1.8734365,-0.25842254,5.8350676,1.6398772,4.6770413,1.9426898,1.7826387,1.2444471,3.8253688,2.240957,0.89535102,1.1006172,1.4848317,1.3549187,1.5173489,0.41164283,0.13247111,1.4341575,1.1810569,0.49317428,0.95899033,1.3263418,1.9491066,0.81462917,0.30058945,1.1325441,3.73785,0.79460269,1.447026,0.26229715,0.22122001,4.5545986,1.0618447,0.36629607,1.0599128,0.18354445,1.2221871,0.6931635,0.57682451,0.87042647,2.5261988,0.3287069,1.321366,0.45074837,3.0170934,1.1933958,0.4140565,1.1569713,0.26873526,0.64196056,0.49311476,0.19765266,0.078763469,0.15952423,0.50488813,1.3626235,0.1364113,0.17555707,0.22630462,0.24845154,0.37285391,0.10268494,0.43226527,0.97676659,0.8028238,0.31471871,0.14914969,0.32424876,0.2882705,0.25929259,0.049904614,0.11850772,0.21118516,-0.10672895,-0.085861288,-0.086103213,-6.9256929,-0.20963467,0.25842254,-13982.199900000001,.
2260.0,2843.5,5.3983,12.2168,30.232454,3130.3643,0.0,0.0,0.0,0.0,0.0,0.0,0.0,0.0,0.0,0.0,0.0,0.0,0.0,0.0,0.0,0.0,0.0,0.0,0.0,0.0,0.0,0.0,0.0,0.0,0.0,0.0,0.0,0.0,0.0,0.0,0.0,0.0,0.0,0.0,0.0,0.0,0.0,0.0,0.0,0.0,0.0,0.0,0.0,0.0,0.0,0.0,0.0,0.0,0.0,0.0,0.0,0.0,0.0,0.0,0.0,0.0,0.0,0.0,0.0,0.0,0.0,0.0,0.0,0.0,0.0,0.0,0.0,0.0,0.0,0.0,0.0,89.349,173.879,64.3741,0.162,2.2441,90.9,0.7487820934825544,1.000000000555731,0.9999999997544365,0.11627866922898035,0.30594405486677406,0.0,0.0,0.0,0.0,0.0,0.0,0.0,0.0,0.0,0.0,0.0,0.0,0.0,0.0,0.0,0.0,0.0,0.0,0.0,0.0,0.0,0.0,0.0,0.0,0.0,0.0,0.0,0.0,0.0,0.0,0.0,0.0,0.0,0.0,0.0,0.0,0.0,0.0,0.0,0.0,0.0,0.0,0.0,0.0,0.0,0.0,0.0,0.0,0.0,0.0,0.0,0.0,0.0,0.0,0.0,0.0,0.0,0.0,0.0,0.0,0.0,0.0,0.0,0.0,0.0,0.0,0.0,0.0,0.0,0.0,0.0,0.9999999999776154,1.0000000000230052,0.9999999999378631,0.022188741268319434,1.0000000003119291,0.12500000000000003,0.23138751,-0.07086889,-0.026963303,-1.0068464,-0.23138751,-0.0,-0.0,-0.0,-0.0,-0.0,-0.0,-0.0,-0.0,-0.0,-0.0,-0.0,-0.0,-0.0,-0.0,-0.0,-0.0,-0.0,-0.0,-0.0,-0.0,-0.0,-0.0,-0.0,-0.0,-0.0,-0.0,-0.0,-0.0,-0.0,-0.0,-0.0,-0.0,-0.0,-0.0,-0.0,-0.0,-0.0,-0.0,-0.0,-0.0,-0.0,-0.0,-0.0,-0.0,-0.0,-0.0,-0.0,-0.0,-0.0,-0.0,-0.0,-0.0,-0.0,-0.0,-0.0,-0.0,-0.0,-0.0,-0.0,-0.0,-0.0,-0.0,-0.0,-0.0,-0.0,-0.0,-0.0,-0.0,-0.0,-0.0,-0.0,-0.059133724,-0.045542652,-0.05027729,-3.567492,-0.10857689,0.23138751,-14060.153900000001,.
2261.0,2989.6477,5.3983,12.2168,15.672461,2937.1761,0.0,0.0,0.0,0.0,0.0,0.0,0.0,0.0,0.0,0.0,0.0,0.0,0.0,0.0,0.0,0.0,0.0,0.0,0.0,0.0,0.0,0.0,0.0,0.0,0.0,0.0,0.0,0.0,0.0,0.0,0.0,0.0,0.0,0.0,0.0,0.0,0.0,0.0,0.0,0.0,0.0,0.0,0.0,0.0,0.0,0.0,0.0,0.0,0.0,0.0,0.0,0.0,0.0,0.0,0.0,0.0,0.0,0.0,0.0,0.0,0.0,0.0,0.0,0.0,8.881922,172.84121,62.242968,126.97658,0.0,42.052649,21.355139,89.349,173.879,64.3741,0.0,2.2441,90.9,0.7872673337722187,1.0000000005557308,0.9999999997544362,0.060278696152918775,0.28706293573938924,0.0,0.0,0.0,0.0,0.0,0.0,0.0,0.0,0.0,0.0,0.0,0.0,0.0,0.0,0.0,0.0,0.0,0.0,0.0,0.0,0.0,0.0,0.0,0.0,0.0,0.0,0.0,0.0,0.0,0.0,0.0,0.0,0.0,0.0,0.0,0.0,0.0,0.0,0.0,0.0,0.0,0.0,0.0,0.0,0.0,0.0,0.0,0.0,0.0,0.0,0.0,0.0,0.0,0.0,0.0,0.0,0.0,0.0,0.0,0.0,0.0,0.0,0.0,0.0,0.027165777168300206,0.45454678471297355,0.36363978328223406,0.4848515244512363,0.0,0.09090931213521243,0.06060632736672668,0.9999999999776158,1.0000000000230045,0.999999999937863,0.0,1.0000000003119285,0.12500000000000003,0.24358803,-0.096587172,-0.048608837,-1.7658936,-0.24358803,5.5001108,1.5457416,4.40856,1.8311714,1.6803079,1.1730107,3.605777,2.1123169,0.84395421,1.0374373,1.3995963,1.2771409,1.4302469,0.38801284,0.12486673,1.351831,1.1132594,0.46486406,0.90394036,1.2502044,1.8372199,0.76786612,0.28333439,1.0675314,3.5232821,0.74898924,1.3639608,0.24724022,0.20852107,4.293146,1.0008905,0.34526917,0.99906944,0.17300825,1.1520285,0.65337308,0.54371243,0.82046043,2.3811847,0.30983778,1.2455142,0.42487357,2.8438999,1.12489,0.39028796,1.0905564,0.25330876,0.6051094,0.46480795,0.18630659,0.074242123,0.15036689,0.47590549,1.2844033,0.12858073,0.16547938,0.21331381,0.23418941,0.35145057,0.0967904,0.40745148,0.9206962,0.75673843,0.29665257,0.14058789,0.30563556,0.2717226,0.24440813,0.047039885,0.11170489,0.19906226,-0.10060227,-0.080932499,-0.081160537,-6.5281298,-0.19760078,0.24358803,-14138.047900000001,.
2262.0,2843.5,5.3983,12.2168,30.232454,3130.3643,0.0,0.0,0.0,0.0,0.0,0.0,0.0,0.0,0.0,0.0,0.0,0.0,0.0,0.0,0.0,0.0,0.0,0.0,0.0,0.0,0.0,0.0,0.0,0.0,0.0,0.0,0.0,0.0,0.0,0.0,0.0,0.0,0.0,0.0,0.0,0.0,0.0,0.0,0.0,0.0,0.0,0.0,0.0,0.0,0.0,0.0,0.0,0.0,0.0,0.0,0.0,0.0,0.0,0.0,0.0,0.0,0.0,0.0,0.0,0.0,0.0,0.0,0.0,0.0,0.0,0.0,0.0,0.0,0.0,0.0,0.0,89.349,173.879,64.3741,0.162,2.2441,90.9,0.7487820934825543,1.0000000005557304,0.9999999997544369,0.11627866922898042,0.3059440548667736,0.0,0.0,0.0,0.0,0.0,0.0,0.0,0.0,0.0,0.0,0.0,0.0,0.0,0.0,0.0,0.0,0.0,0.0,0.0,0.0,0.0,0.0,0.0,0.0,0.0,0.0,0.0,0.0,0.0,0.0,0.0,0.0,0.0,0.0,0.0,0.0,0.0,0.0,0.0,0.0,0.0,0.0,0.0,0.0,0.0,0.0,0.0,0.0,0.0,0.0,0.0,0.0,0.0,0.0,0.0,0.0,0.0,0.0,0.0,0.0,0.0,0.0,0.0,0.0,0.0,0.0,0.0,0.0,0.0,0.0,0.0,0.9999999999776168,1.0000000000230045,0.9999999999378634,0.02218874126831943,1.0000000003119294,0.12500000000000003,0.21810492,-0.066800725,-0.025415499,-0.94904931,-0.21810492,-0.0,-0.0,-0.0,-0.0,-0.0,-0.0,-0.0,-0.0,-0.0,-0.0,-0.0,-0.0,-0.0,-0.0,-0.0,-0.0,-0.0,-0.0,-0.0,-0.0,-0.0,-0.0,-0.0,-0.0,-0.0,-0.0,-0.0,-0.0,-0.0,-0.0,-0.0,-0.0,-0.0,-0.0,-0.0,-0.0,-0.0,-0.0,-0.0,-0.0,-0.0,-0.0,-0.0,-0.0,-0.0,-0.0,-0.0,-0.0,-0.0,-0.0,-0.0,-0.0,-0.0,-0.0,-0.0,-0.0,-0.0,-0.0,-0.0,-0.0,-0.0,-0.0,-0.0,-0.0,-0.0,-0.0,-0.0,-0.0,-0.0,-0.0,-0.0,-0.055739206,-0.042928317,-0.047391168,-3.3627034,-0.10234413,0.21810492,-14215.6479,.
2263.0,2989.6477,5.3983,12.2168,15.672461,2937.1761,0.0,0.0,0.0,0.0,0.0,0.0,0.0,0.0,0.0,0.0,0.0,0.0,0.0,0.0,0.0,0.0,0.0,0.0,0.0,0.0,0.0,0.0,0.0,0.0,0.0,0.0,0.0,0.0,0.0,0.0,0.0,0.0,0.0,0.0,0.0,0.0,0.0,0.0,0.0,0.0,0.0,0.0,0.0,0.0,0.0,0.0,0.0,0.0,0.0,0.0,0.0,0.0,0.0,0.0,0.0,0.0,0.0,0.0,0.0,0.0,0.0,0.0,0.0,0.0,8.881922,172.84121,62.242968,126.97658,0.0,42.052649,21.355139,89.349,173.879,64.3741,0.0,2.2441,90.9,0.7872673337722188,1.0000000005557308,0.9999999997544367,0.0602786961529188,0.28706293573938957,0.0,0.0,0.0,0.0,0.0,0.0,0.0,0.0,0.0,0.0,0.0,0.0,0.0,0.0,0.0,0.0,0.0,0.0,0.0,0.0,0.0,0.0,0.0,0.0,0.0,0.0,0.0,0.0,0.0,0.0,0.0,0.0,0.0,0.0,0.0,0.0,0.0,0.0,0.0,0.0,0.0,0.0,0.0,0.0,0.0,0.0,0.0,0.0,0.0,0.0,0.0,0.0,0.0,0.0,0.0,0.0,0.0,0.0,0.0,0.0,0.0,0.0,0.0,0.0,0.02716577716830021,0.45454678471297355,0.363639783282234,0.48485152445123647,0.0,0.09090931213521246,0.060606327366726685,0.9999999999776162,1.0000000000230045,0.999999999937863,0.0,1.0000000003119285,0.12500000000000003,0.22960508,-0.091042674,-0.045818491,-1.6645241,-0.22960508,5.184382,1.4570097,4.1554906,1.7260547,1.5838514,1.1056751,3.3987906,1.9910613,0.79550778,0.97788416,1.3192537,1.2038277,1.3481449,0.36573932,0.11769887,1.2742304,1.0493538,0.43817896,0.85205048,1.1784376,1.731756,0.72378746,0.26706983,1.0062508,3.3210313,0.7059942,1.2856639,0.23304762,0.19655111,4.0467019,0.94343528,0.32544931,0.94171876,0.16307687,1.0858974,0.61586679,0.51250111,0.77336265,2.2444949,0.29205182,1.1740166,0.40048409,2.6806484,1.0603167,0.36788383,1.027954,0.2387678,0.57037364,0.43812607,0.17561183,0.069980322,0.14173522,0.44858656,1.2106733,0.12119967,0.15598018,0.20106872,0.22074598,0.33127587,0.091234235,0.3840621,0.86784447,0.71329854,0.27962349,0.13251757,0.28809083,0.25612461,0.23037811,0.044339603,0.10529257,0.18763528,-0.094827286,-0.076286642,-0.07650159,-6.1533885,-0.18625768,0.22960508,-14293.082900000001,.
2264.0,2843.5,5.3983,12.2168,30.232454,3130.3643,0.0,0.0,0.0,0.0,0.0,0.0,0.0,0.0,0.0,0.0,0.0,0.0,0.0,0.0,0.0,0.0,0.0,0.0,0.0,0.0,0.0,0.0,0.0,0.0,0.0,0.0,0.0,0.0,0.0,0.0,0.0,0.0,0.0,0.0,0.0,0.0,0.0,0.0,0.0,0.0,0.0,0.0,0.0,0.0,0.0,0.0,0.0,0.0,0.0,0.0,0.0,0.0,0.0,0.0,0.0,0.0,0.0,0.0,0.0,0.0,0.0,0.0,0.0,0.0,0.0,0.0,0.0,0.0,0.0,0.0,0.0,89.349,173.879,64.3741,0.162,2.2441,90.9,0.7487820934825543,1.0000000005557306,0.9999999997544367,0.11627866922898038,0.305944054866774,0.0,0.0,0.0,0.0,0.0,0.0,0.0,0.0,0.0,0.0,0.0,0.0,0.0,0.0,0.0,0.0,0.0,0.0,0.0,0.0,0.0,0.0,0.0,0.0,0.0,0.0,0.0,0.0,0.0,0.0,0.0,0.0,0.0,0.0,0.0,0.0,0.0,0.0,0.0,0.0,0.0,0.0,0.0,0.0,0.0,0.0,0.0,0.0,0.0,0.0,0.0,0.0,0.0,0.0,0.0,0.0,0.0,0.0,0.0,0.0,0.0,0.0,0.0,0.0,0.0,0.0,0.0,0.0,0.0,0.0,0.0,0.9999999999776158,1.0000000000230045,0.999999999937863,0.022188741268319434,1.000000000311929,0.12500000000000003,0.2055848,-0.06296609,-0.023956545,-0.89457,-0.2055848,-0.0,-0.0,-0.0,-0.0,-0.0,-0.0,-0.0,-0.0,-0.0,-0.0,-0.0,-0.0,-0.0,-0.0,-0.0,-0.0,-0.0,-0.0,-0.0,-0.0,-0.0,-0.0,-0.0,-0.0,-0.0,-0.0,-0.0,-0.0,-0.0,-0.0,-0.0,-0.0,-0.0,-0.0,-0.0,-0.0,-0.0,-0.0,-0.0,-0.0,-0.0,-0.0,-0.0,-0.0,-0.0,-0.0,-0.0,-0.0,-0.0,-0.0,-0.0,-0.0,-0.0,-0.0,-0.0,-0.0,-0.0,-0.0,-0.0,-0.0,-0.0,-0.0,-0.0,-0.0,-0.0,-0.0,-0.0,-0.0,-0.0,-0.0,-0.0,-0.052539548,-0.040464056,-0.044670721,-3.1696704,-0.096469157,0.2055848,-14370.3829,.
2265.0,2989.6477,5.3983,12.2168,15.672461,2937.1761,0.0,0.0,0.0,0.0,0.0,0.0,0.0,0.0,0.0,0.0,0.0,0.0,0.0,0.0,0.0,0.0,0.0,0.0,0.0,0.0,0.0,0.0,0.0,0.0,0.0,0.0,0.0,0.0,0.0,0.0,0.0,0.0,0.0,0.0,0.0,0.0,0.0,0.0,0.0,0.0,0.0,0.0,0.0,0.0,0.0,0.0,0.0,0.0,0.0,0.0,0.0,0.0,0.0,0.0,0.0,0.0,0.0,0.0,0.0,0.0,0.0,0.0,0.0,0.0,8.881922,172.84121,62.242968,126.97658,0.0,42.052649,21.355139,89.349,173.879,64.3741,0.0,2.2441,90.9,0.7872673337722187,1.0000000005557306,0.9999999997544369,0.0602786961529188,0.2870629357393895,0.0,0.0,0.0,0.0,0.0,0.0,0.0,0.0,0.0,0.0,0.0,0.0,0.0,0.0,0.0,0.0,0.0,0.0,0.0,0.0,0.0,0.0,0.0,0.0,0.0,0.0,0.0,0.0,0.0,0.0,0.0,0.0,0.0,0.0,0.0,0.0,0.0,0.0,0.0,0.0,0.0,0.0,0.0,0.0,0.0,0.0,0.0,0.0,0.0,0.0,0.0,0.0,0.0,0.0,0.0,0.0,0.0,0.0,0.0,0.0,0.0,0.0,0.0,0.0,0.02716577716830021,0.4545467847129735,0.3636397832822341,0.48485152445123636,0.0,0.09090931213521243,0.06060632736672668,0.9999999999776156,1.0000000000230043,0.9999999999378636,0.0,1.000000000311929,0.12500000000000003,0.21642481,-0.085816452,-0.043188322,-1.5689736,-0.21642481,4.8867772,1.3733714,3.9169484,1.6269721,1.4929318,1.0422048,3.2036861,1.8767662,0.74984238,0.92174961,1.2435232,1.1347231,1.2707558,0.34474439,0.11094247,1.2010843,0.98911657,0.4130257,0.8031393,1.1107904,1.6323461,0.6822391,0.25173893,0.94848784,3.1303905,0.66546724,1.2118615,0.21966974,0.18526827,3.8144046,0.88927823,0.30676719,0.88766025,0.15371559,1.0235624,0.58051352,0.48308145,0.72896847,2.1156517,0.27528685,1.1066232,0.37749466,2.5267682,0.9994502,0.3467658,0.96894525,0.22506155,0.53763186,0.41297585,0.16553099,0.065963165,0.13359903,0.42283586,1.1411757,0.11424231,0.14702628,0.18952656,0.20807425,0.31225928,0.085997017,0.36201536,0.81802665,0.67235229,0.26357196,0.12491052,0.27155324,0.24142201,0.21715346,0.041794328,0.099248346,0.17686424,-0.089383812,-0.071907477,-0.072110086,-5.8001588,-0.17556573,0.21642481,-14447.5259,.
2266.0,2843.5,5.3983,12.2168,30.232454,3130.3643,0.0,0.0,0.0,0.0,0.0,0.0,0.0,0.0,0.0,0.0,0.0,0.0,0.0,0.0,0.0,0.0,0.0,0.0,0.0,0.0,0.0,0.0,0.0,0.0,0.0,0.0,0.0,0.0,0.0,0.0,0.0,0.0,0.0,0.0,0.0,0.0,0.0,0.0,0.0,0.0,0.0,0.0,0.0,0.0,0.0,0.0,0.0,0.0,0.0,0.0,0.0,0.0,0.0,0.0,0.0,0.0,0.0,0.0,0.0,0.0,0.0,0.0,0.0,0.0,0.0,0.0,0.0,0.0,0.0,0.0,0.0,89.349,173.879,64.3741,0.162,2.2441,90.9,0.7487820934825544,1.0000000005557308,0.9999999997544371,0.11627866922898042,0.3059440548667737,0.0,0.0,0.0,0.0,0.0,0.0,0.0,0.0,0.0,0.0,0.0,0.0,0.0,0.0,0.0,0.0,0.0,0.0,0.0,0.0,0.0,0.0,0.0,0.0,0.0,0.0,0.0,0.0,0.0,0.0,0.0,0.0,0.0,0.0,0.0,0.0,0.0,0.0,0.0,0.0,0.0,0.0,0.0,0.0,0.0,0.0,0.0,0.0,0.0,0.0,0.0,0.0,0.0,0.0,0.0,0.0,0.0,0.0,0.0,0.0,0.0,0.0,0.0,0.0,0.0,0.0,0.0,0.0,0.0,0.0,0.0,0.999999999977615,1.0000000000230045,0.9999999999378631,0.022188741268319434,1.0000000003119287,0.12500000000000003,0.19378339,-0.059351579,-0.022581341,-0.84321802,-0.19378339,-0.0,-0.0,-0.0,-0.0,-0.0,-0.0,-0.0,-0.0,-0.0,-0.0,-0.0,-0.0,-0.0,-0.0,-0.0,-0.0,-0.0,-0.0,-0.0,-0.0,-0.0,-0.0,-0.0,-0.0,-0.0,-0.0,-0.0,-0.0,-0.0,-0.0,-0.0,-0.0,-0.0,-0.0,-0.0,-0.0,-0.0,-0.0,-0.0,-0.0,-0.0,-0.0,-0.0,-0.0,-0.0,-0.0,-0.0,-0.0,-0.0,-0.0,-0.0,-0.0,-0.0,-0.0,-0.0,-0.0,-0.0,-0.0,-0.0,-0.0,-0.0,-0.0,-0.0,-0.0,-0.0,-0.0,-0.0,-0.0,-0.0,-0.0,-0.0,-0.049523563,-0.038141254,-0.042106439,-2.9877184,-0.090931433,0.19378339,-14524.2019,.
2267.0,2989.6477,5.3983,12.2168,15.672461,2937.1761,0.0,0.0,0.0,0.0,0.0,0.0,0.0,0.0,0.0,0.0,0.0,0.0,0.0,0.0,0.0,0.0,0.0,0.0,0.0,0.0,0.0,0.0,0.0,0.0,0.0,0.0,0.0,0.0,0.0,0.0,0.0,0.0,0.0,0.0,0.0,0.0,0.0,0.0,0.0,0.0,0.0,0.0,0.0,0.0,0.0,0.0,0.0,0.0,0.0,0.0,0.0,0.0,0.0,0.0,0.0,0.0,0.0,0.0,0.0,0.0,0.0,0.0,0.0,0.0,8.881922,172.84121,62.242968,126.97658,0.0,42.052649,21.355139,89.349,173.879,64.3741,0.0,2.2441,90.9,0.7872673337722186,1.0000000005557308,0.9999999997544368,0.0602786961529188,0.28706293573938935,0.0,0.0,0.0,0.0,0.0,0.0,0.0,0.0,0.0,0.0,0.0,0.0,0.0,0.0,0.0,0.0,0.0,0.0,0.0,0.0,0.0,0.0,0.0,0.0,0.0,0.0,0.0,0.0,0.0,0.0,0.0,0.0,0.0,0.0,0.0,0.0,0.0,0.0,0.0,0.0,0.0,0.0,0.0,0.0,0.0,0.0,0.0,0.0,0.0,0.0,0.0,0.0,0.0,0.0,0.0,0.0,0.0,0.0,0.0,0.0,0.0,0.0,0.0,0.0,0.02716577716830021,0.4545467847129735,0.363639783282234,0.48485152445123647,0.0,0.09090931213521244,0.060606327366726664,0.9999999999776158,1.0000000000230045,0.9999999999378631,0.0,1.0000000003119291,0.12500000000000003,0.20400114,-0.080890236,-0.040709136,-1.4789081,-0.20400114,4.6062562,1.2945342,3.6920996,1.5335772,1.4072315,0.98237802,3.0197814,1.7690321,0.70679836,0.86883741,1.1721398,1.0695854,1.1978093,0.32495465,0.10457392,1.1321372,0.93233723,0.38931633,0.75703582,1.0470265,1.5386427,0.64307579,0.23728809,0.89404076,2.9506933,0.6272667,1.1422957,0.2070598,0.17463312,3.5954422,0.83823002,0.2891575,0.83670492,0.14489168,0.96480575,0.54718967,0.4553506,0.6871227,1.9942047,0.25948426,1.0430985,0.35582493,2.3817214,0.94207767,0.32686002,0.91332383,0.2121421,0.5067696,0.38926934,0.15602883,0.062176609,0.1259299,0.39856335,1.0756676,0.10768434,0.13858637,0.17864696,0.19612994,0.29433432,0.081060436,0.3412342,0.77106857,0.63375652,0.24844185,0.11774014,0.25596497,0.2275634,0.20468796,0.039395163,0.093551085,0.16671151,-0.084252815,-0.067779693,-0.067970672,-5.467206,-0.16548754,0.20400114,-14600.7409,.
2268.0,2843.5,5.3983,12.2168,30.232454,3130.3643,0.0,0.0,0.0,0.0,0.0,0.0,0.0,0.0,0.0,0.0,0.0,0.0,0.0,0.0,0.0,0.0,0.0,0.0,0.0,0.0,0.0,0.0,0.0,0.0,0.0,0.0,0.0,0.0,0.0,0.0,0.0,0.0,0.0,0.0,0.0,0.0,0.0,0.0,0.0,0.0,0.0,0.0,0.0,0.0,0.0,0.0,0.0,0.0,0.0,0.0,0.0,0.0,0.0,0.0,0.0,0.0,0.0,0.0,0.0,0.0,0.0,0.0,0.0,0.0,0.0,0.0,0.0,0.0,0.0,0.0,0.0,89.349,173.879,64.3741,0.162,2.2441,90.9,0.7487820934825542,1.0000000005557308,0.9999999997544363,0.11627866922898035,0.3059440548667741,0.0,0.0,0.0,0.0,0.0,0.0,0.0,0.0,0.0,0.0,0.0,0.0,0.0,0.0,0.0,0.0,0.0,0.0,0.0,0.0,0.0,0.0,0.0,0.0,0.0,0.0,0.0,0.0,0.0,0.0,0.0,0.0,0.0,0.0,0.0,0.0,0.0,0.0,0.0,0.0,0.0,0.0,0.0,0.0,0.0,0.0,0.0,0.0,0.0,0.0,0.0,0.0,0.0,0.0,0.0,0.0,0.0,0.0,0.0,0.0,0.0,0.0,0.0,0.0,0.0,0.0,0.0,0.0,0.0,0.0,0.0,0.9999999999776162,1.000000000023005,0.9999999999378631,0.022188741268319424,1.0000000003119294,0.12500000000000003,0.18265943,-0.055944556,-0.02128508,-0.79481386,-0.18265943,-0.0,-0.0,-0.0,-0.0,-0.0,-0.0,-0.0,-0.0,-0.0,-0.0,-0.0,-0.0,-0.0,-0.0,-0.0,-0.0,-0.0,-0.0,-0.0,-0.0,-0.0,-0.0,-0.0,-0.0,-0.0,-0.0,-0.0,-0.0,-0.0,-0.0,-0.0,-0.0,-0.0,-0.0,-0.0,-0.0,-0.0,-0.0,-0.0,-0.0,-0.0,-0.0,-0.0,-0.0,-0.0,-0.0,-0.0,-0.0,-0.0,-0.0,-0.0,-0.0,-0.0,-0.0,-0.0,-0.0,-0.0,-0.0,-0.0,-0.0,-0.0,-0.0,-0.0,-0.0,-0.0,-0.0,-0.0,-0.0,-0.0,-0.0,-0.0,-0.046680708,-0.03595179,-0.039689357,-2.8162111,-0.085711597,0.18265943,-14677.144900000001,.
2269.0,2989.6477,5.3983,12.2168,15.672461,2937.1761,0.0,0.0,0.0,0.0,0.0,0.0,0.0,0.0,0.0,0.0,0.0,0.0,0.0,0.0,0.0,0.0,0.0,0.0,0.0,0.0,0.0,0.0,0.0,0.0,0.0,0.0,0.0,0.0,0.0,0.0,0.0,0.0,0.0,0.0,0.0,0.0,0.0,0.0,0.0,0.0,0.0,0.0,0.0,0.0,0.0,0.0,0.0,0.0,0.0,0.0,0.0,0.0,0.0,0.0,0.0,0.0,0.0,0.0,0.0,0.0,0.0,0.0,0.0,0.0,8.881922,172.84121,62.242968,126.97658,0.0,42.052649,21.355139,89.349,173.879,64.3741,0.0,2.2441,90.9,0.7872673337722187,1.0000000005557308,0.9999999997544365,0.0602786961529188,0.28706293573938946,0.0,0.0,0.0,0.0,0.0,0.0,0.0,0.0,0.0,0.0,0.0,0.0,0.0,0.0,0.0,0.0,0.0,0.0,0.0,0.0,0.0,0.0,0.0,0.0,0.0,0.0,0.0,0.0,0.0,0.0,0.0,0.0,0.0,0.0,0.0,0.0,0.0,0.0,0.0,0.0,0.0,0.0,0.0,0.0,0.0,0.0,0.0,0.0,0.0,0.0,0.0,0.0,0.0,0.0,0.0,0.0,0.0,0.0,0.0,0.0,0.0,0.0,0.0,0.0,0.027165777168300206,0.4545467847129736,0.3636397832822341,0.48485152445123647,0.0,0.09090931213521244,0.06060632736672668,0.9999999999776162,1.000000000023005,0.999999999937863,0.0,1.0000000003119283,0.12500000000000003,0.19229064,-0.076246806,-0.038372265,-1.3940127,-0.19229064,4.3418383,1.2202227,3.4801579,1.4455436,1.3264506,0.92598551,2.8464336,1.6674825,0.66622524,0.81896259,1.1048542,1.0081868,1.1290501,0.30630092,0.098570948,1.0671479,0.87881726,0.36696798,0.71357887,0.9869229,1.4503183,0.6061606,0.22366678,0.84271916,2.7813114,0.59125902,1.0767233,0.19517372,0.16460846,3.3890491,0.79011219,0.27255867,0.78867464,0.13657431,0.90942196,0.51577874,0.42921161,0.64767904,1.8797292,0.2445888,0.9832204,0.33539912,2.2450008,0.88799856,0.30809692,0.8608953,0.19996427,0.47767895,0.36692369,0.14707214,0.058607418,0.11870101,0.37568418,1.0139198,0.10150281,0.13063095,0.16839189,0.18487128,0.27743833,0.076407236,0.32164596,0.72680608,0.5973763,0.23418027,0.11098138,0.24127153,0.21450033,0.19293804,0.037133719,0.08818087,0.15714159,-0.079416359,-0.063888862,-0.064068877,-5.153366,-0.15598788,0.19229064,-14753.3659,.
2270.0,2843.5,5.3983,12.2168,30.232454,3130.3643,0.0,0.0,0.0,0.0,0.0,0.0,0.0,0.0,0.0,0.0,0.0,0.0,0.0,0.0,0.0,0.0,0.0,0.0,0.0,0.0,0.0,0.0,0.0,0.0,0.0,0.0,0.0,0.0,0.0,0.0,0.0,0.0,0.0,0.0,0.0,0.0,0.0,0.0,0.0,0.0,0.0,0.0,0.0,0.0,0.0,0.0,0.0,0.0,0.0,0.0,0.0,0.0,0.0,0.0,0.0,0.0,0.0,0.0,0.0,0.0,0.0,0.0,0.0,0.0,0.0,0.0,0.0,0.0,0.0,0.0,0.0,89.349,173.879,64.3741,0.162,2.2441,90.9,0.7487820934825545,1.0000000005557306,0.9999999997544365,0.1162786692289804,0.30594405486677434,0.0,0.0,0.0,0.0,0.0,0.0,0.0,0.0,0.0,0.0,0.0,0.0,0.0,0.0,0.0,0.0,0.0,0.0,0.0,0.0,0.0,0.0,0.0,0.0,0.0,0.0,0.0,0.0,0.0,0.0,0.0,0.0,0.0,0.0,0.0,0.0,0.0,0.0,0.0,0.0,0.0,0.0,0.0,0.0,0.0,0.0,0.0,0.0,0.0,0.0,0.0,0.0,0.0,0.0,0.0,0.0,0.0,0.0,0.0,0.0,0.0,0.0,0.0,0.0,0.0,0.0,0.0,0.0,0.0,0.0,0.0,0.9999999999776161,1.0000000000230047,0.999999999937863,0.022188741268319438,1.0000000003119285,0.12500000000000003,0.17217404,-0.052733109,-0.020063229,-0.74918829,-0.17217404,-0.0,-0.0,-0.0,-0.0,-0.0,-0.0,-0.0,-0.0,-0.0,-0.0,-0.0,-0.0,-0.0,-0.0,-0.0,-0.0,-0.0,-0.0,-0.0,-0.0,-0.0,-0.0,-0.0,-0.0,-0.0,-0.0,-0.0,-0.0,-0.0,-0.0,-0.0,-0.0,-0.0,-0.0,-0.0,-0.0,-0.0,-0.0,-0.0,-0.0,-0.0,-0.0,-0.0,-0.0,-0.0,-0.0,-0.0,-0.0,-0.0,-0.0,-0.0,-0.0,-0.0,-0.0,-0.0,-0.0,-0.0,-0.0,-0.0,-0.0,-0.0,-0.0,-0.0,-0.0,-0.0,-0.0,-0.0,-0.0,-0.0,-0.0,-0.0,-0.044001044,-0.03388801,-0.037411025,-2.6545491,-0.080791401,0.17217404,-14829.190900000001,.
2271.0,2989.6477,5.3983,12.2168,15.672461,2937.1761,0.0,0.0,0.0,0.0,0.0,0.0,0.0,0.0,0.0,0.0,0.0,0.0,0.0,0.0,0.0,0.0,0.0,0.0,0.0,0.0,0.0,0.0,0.0,0.0,0.0,0.0,0.0,0.0,0.0,0.0,0.0,0.0,0.0,0.0,0.0,0.0,0.0,0.0,0.0,0.0,0.0,0.0,0.0,0.0,0.0,0.0,0.0,0.0,0.0,0.0,0.0,0.0,0.0,0.0,0.0,0.0,0.0,0.0,0.0,0.0,0.0,0.0,0.0,0.0,8.881922,172.84121,62.242968,126.97658,0.0,42.052649,21.355139,89.349,173.879,64.3741,0.0,2.2441,90.9,0.7872673337722188,1.0000000005557306,0.9999999997544369,0.060278696152918816,0.2870629357393896,0.0,0.0,0.0,0.0,0.0,0.0,0.0,0.0,0.0,0.0,0.0,0.0,0.0,0.0,0.0,0.0,0.0,0.0,0.0,0.0,0.0,0.0,0.0,0.0,0.0,0.0,0.0,0.0,0.0,0.0,0.0,0.0,0.0,0.0,0.0,0.0,0.0,0.0,0.0,0.0,0.0,0.0,0.0,0.0,0.0,0.0,0.0,0.0,0.0,0.0,0.0,0.0,0.0,0.0,0.0,0.0,0.0,0.0,0.0,0.0,0.0,0.0,0.0,0.0,0.02716577716830022,0.45454678471297355,0.363639783282234,0.4848515244512366,0.0,0.09090931213521243,0.06060632736672668,0.9999999999776158,1.0000000000230045,0.9999999999378634,0.0,1.000000000311929,0.12500000000000003,0.18125237,-0.071869927,-0.03616954,-1.3139907,-0.18125237,4.092599,1.1501769,3.2803826,1.3625635,1.2503069,0.87283015,2.6830367,1.5717621,0.62798119,0.77195079,1.0414311,0.95031274,1.064238,0.288718,0.092912572,1.0058892,0.82836956,0.34590252,0.67261652,0.93026949,1.3670641,0.57136451,0.21082739,0.79434364,2.6216528,0.55731834,1.0149149,0.18396995,0.15515926,3.1945038,0.74475652,0.25691269,0.74340149,0.12873438,0.85721742,0.48617093,0.40457311,0.61049962,1.771825,0.23054841,0.92677953,0.31614584,2.1161286,0.83702381,0.2904109,0.81147639,0.18848551,0.45025822,0.34586077,0.1386296,0.055243112,0.11188709,0.35411838,0.95571669,0.095676138,0.1231322,0.15872551,0.17425891,0.26151223,0.072021148,0.30318217,0.68508444,0.56308446,0.22073737,0.10461059,0.22742156,0.20218713,0.1818626,0.035002092,0.083118928,0.14812102,-0.074857535,-0.06022138,-0.060391061,-4.8575417,-0.14703354,0.18125237,-14904.896900000002,.
2272.0,2843.5,5.3983,12.2168,30.232454,3130.3643,0.0,0.0,0.0,0.0,0.0,0.0,0.0,0.0,0.0,0.0,0.0,0.0,0.0,0.0,0.0,0.0,0.0,0.0,0.0,0.0,0.0,0.0,0.0,0.0,0.0,0.0,0.0,0.0,0.0,0.0,0.0,0.0,0.0,0.0,0.0,0.0,0.0,0.0,0.0,0.0,0.0,0.0,0.0,0.0,0.0,0.0,0.0,0.0,0.0,0.0,0.0,0.0,0.0,0.0,0.0,0.0,0.0,0.0,0.0,0.0,0.0,0.0,0.0,0.0,0.0,0.0,0.0,0.0,0.0,0.0,0.0,89.349,173.879,64.3741,0.162,2.2441,90.9,0.7487820934825544,1.0000000005557306,0.9999999997544367,0.11627866922898042,0.3059440548667738,0.0,0.0,0.0,0.0,0.0,0.0,0.0,0.0,0.0,0.0,0.0,0.0,0.0,0.0,0.0,0.0,0.0,0.0,0.0,0.0,0.0,0.0,0.0,0.0,0.0,0.0,0.0,0.0,0.0,0.0,0.0,0.0,0.0,0.0,0.0,0.0,0.0,0.0,0.0,0.0,0.0,0.0,0.0,0.0,0.0,0.0,0.0,0.0,0.0,0.0,0.0,0.0,0.0,0.0,0.0,0.0,0.0,0.0,0.0,0.0,0.0,0.0,0.0,0.0,0.0,0.0,0.0,0.0,0.0,0.0,0.0,0.9999999999776154,1.0000000000230045,0.9999999999378631,0.022188741268319438,1.0000000003119285,0.12500000000000003,0.16229054,-0.049706013,-0.018911518,-0.70618182,-0.16229054,-0.0,-0.0,-0.0,-0.0,-0.0,-0.0,-0.0,-0.0,-0.0,-0.0,-0.0,-0.0,-0.0,-0.0,-0.0,-0.0,-0.0,-0.0,-0.0,-0.0,-0.0,-0.0,-0.0,-0.0,-0.0,-0.0,-0.0,-0.0,-0.0,-0.0,-0.0,-0.0,-0.0,-0.0,-0.0,-0.0,-0.0,-0.0,-0.0,-0.0,-0.0,-0.0,-0.0,-0.0,-0.0,-0.0,-0.0,-0.0,-0.0,-0.0,-0.0,-0.0,-0.0,-0.0,-0.0,-0.0,-0.0,-0.0,-0.0,-0.0,-0.0,-0.0,-0.0,-0.0,-0.0,-0.0,-0.0,-0.0,-0.0,-0.0,-0.0,-0.041475204,-0.0319427,-0.035263479,-2.5021671,-0.076153644,0.16229054,-14980.493900000001,.
