Short auctions, disc 0.03, temp0 895.953, tau 1.5, ffi removal, Wpt fitted, 2025-2125
Year,Agriculture mtC,Black_walnut_10 mhectares,Black_walnut_150 mhectares,Black_walnut_55 mhectares,C2F6 kt,CF4 kt,CH4 mt,Carbon mtC,HFC125 kt,HFC134a kt,HFC143a kt,Loblolly_pine_10 mhectares,Loblolly_pine_150 mhectares,Loblolly_pine_24 mhectares,N2O mt,Ponderosa_pine_10 mhectares,Ponderosa_pine_103 mhectares,Ponderosa_pine_150 mhectares,SF6 kt,Seaweed mt,Agriculture % max bid,Black_walnut_10 % max bid,Black_walnut_150 % max bid,Black_walnut_55 % max bid,C2F6 % max bid,CF4 % max bid,CH4 % max bid,Carbon % max bid,HFC125 % max bid,HFC134a % max bid,HFC143a % max bid,Loblolly_pine_10 % max bid,Loblolly_pine_150 % max bid,Loblolly_pine_24 % max bid,N2O % max bid,Ponderosa_pine_10 % max bid,Ponderosa_pine_103 % max bid,Ponderosa_pine_150 % max bid,SF6 % max bid,Seaweed % max bid,Agriculture $M/mtC,Black_walnut_10 $M/mhectares,Black_walnut_150 $M/mhectares,Black_walnut_55 $M/mhectares,C2F6 $M/kt,CF4 $M/kt,CH4 $M/mt,Carbon $M/mtC,HFC125 $M/kt,HFC134a $M/kt,HFC143a $M/kt,Loblolly_pine_10 $M/mhectares,Loblolly_pine_150 $M/mhectares,Loblolly_pine_24 $M/mhectares,N2O $M/mt,Ponderosa_pine_10 $M/mhectares,Ponderosa_pine_103 $M/mhectares,Ponderosa_pine_150 $M/mhectares,SF6 $M/kt,Seaweed $M/mt,temp change,Capt pi
2025.0,686.66351,5.4444444,4.8888889,6.1111111,5.3983,12.2168,142.19242,9308.8091,89.349,173.879,64.3741,5.4444444,6.0,5.8888889,0.202,5.4444444,6.6666667,4.6631871,2.2441,727.06233,0.18082221455623912,0.24499999824500068,0.22000000072000064,0.2749999997750008,1.0000000005557306,0.9999999997544368,0.5468939230685093,0.9097902126071183,0.9999999999776156,1.000000000023005,0.999999999937863,0.24499999824500068,0.27000000027000076,0.2650000007650008,0.027667442816052632,0.24499999824500068,0.30000000180000086,0.20984341970984402,1.0000000003119287,1.000000000330095,19.513806,472.01633,6674.6188,3806.1445,-106.03471,-48.411303,-57.359054,-29.270709,-10.208821,-3.484501,-22.567609,748.793,7239.0985,3188.0528,-3454.8914,389.83049,11118.193,11118.193,-199.3751,19.513806,1016.21376,.
2026.0,686.66351,5.6666667,5.0,6.4444444,5.3983,12.2168,142.19242,9233.6803,89.349,173.879,64.3741,5.7777778,6.2222222,6.2222222,0.182,5.6666667,6.8888889,4.7777778,2.2441,727.06233,0.1808222145562391,0.25500000175500076,0.22500000022500063,0.28999999829000084,1.0000000005557312,0.9999999997544363,0.5468939230685097,0.9024475497390049,0.9999999999776151,1.0000000000230045,0.9999999999378631,0.2600000012600007,0.2799999992800008,0.2799999992800008,0.02492809204218603,0.25500000175500076,0.3100000008100009,0.2150000012150006,1.0000000003119294,1.000000000330095,19.513806,476.54277,6646.0848,3821.9967,-106.03471,-48.411303,-57.359054,-29.270709,-10.208821,-3.484501,-11.283805,758.09788,7254.1409,3200.1749,-3473.1713,393.5196,11018.611,11018.611,-177.22231,19.513806,1027.58277,.
2027.0,686.66351,5.6666667,4.8888889,6.3333333,5.3983,12.2168,142.19242,9308.8091,89.349,173.879,64.3741,5.7775121,6.1111111,6.1111111,0.186,5.6666667,6.6666667,4.5555556,2.2441,727.06233,0.18082221455623906,0.25500000175500076,0.22000000072000064,0.28499999878500076,1.0000000005557306,0.9999999997544368,0.5468939230685095,0.9097902126071159,0.9999999999776166,1.0000000000230038,0.9999999999378628,0.25998804475998877,0.2749999997750008,0.2749999997750008,0.02547596219695935,0.25500000175500076,0.30000000180000086,0.2050000022050006,1.0000000003119291,1.000000000330095,18.675908,460.36897,6333.0741,3673.0366,-101.48172,-46.332582,-55.74723,-28.013862,-9.7704667,-3.3348809,-21.598584,733.68636,6956.011,3073.417,-3341.5326,380.13181,10448.619,10448.619,-190.81418,18.675908,1040.88328,.
2028.0,686.66351,6.0,5.1111111,6.6666667,5.3983,12.2168,142.19242,9233.6803,89.349,173.879,64.3741,6.0,6.4444444,6.4444444,0.166,6.0,6.7777778,4.7777778,2.2441,727.06233,0.18082221455623915,0.27000000027000076,0.22999999973000063,0.30000000180000086,1.0000000005557312,0.9999999997544365,0.5468939230685095,0.9024475497390033,0.9999999999776159,1.000000000023005,0.9999999999378636,0.27000000027000076,0.28999999829000084,0.28999999829000084,0.02273661142309275,0.27000000027000076,0.3050000013050009,0.2150000012150006,1.0000000003119287,1.000000000330095,18.675908,464.71123,6304.515,3688.1684,-101.48172,-46.332582,-56.172782,-28.013862,-9.7704667,-3.3348809,-21.598584,741.26521,6968.9135,3083.1227,-3359.0275,383.70203,10350.263,10350.263,-190.81418,18.675908,1051.77213,.
2029.0,686.66351,6.0,4.8888889,6.5555555,5.3983,12.2168,142.19242,9233.6803,89.349,173.879,64.3741,6.0,6.3333333,6.2222222,0.174,6.0,6.5555555,4.5555556,2.2441,727.06233,0.1808222145562391,0.27000000027000076,0.22000000072000064,0.2949999977950008,1.000000000555731,0.9999999997544367,0.5468939230685094,0.9024475497390038,0.9999999999776159,1.0000000000230045,0.9999999999378631,0.27000000027000076,0.28499999878500076,0.2799999992800008,0.02383235173263938,0.27000000027000076,0.2949999977950008,0.2050000022050006,1.0000000003119291,1.000000000330095,17.826941,448.58589,5990.3205,3534.9364,-96.868572,-55.283002,-54.4317,-26.740411,-18.652644,-4.2443791,-20.616759,715.92843,6663.7527,2951.33,-3223.0329,370.37945,9784.4896,9784.4896,-182.14017,17.826941,1063.77046,.
2030.0,686.66351,6.3333333,5.1111111,6.8197145,5.3983,12.2168,142.19242,9233.6803,89.349,173.879,64.3741,6.3333333,6.5555555,6.5555555,0.158,6.3333333,6.7777778,4.6666667,2.2441,727.06233,0.18082221455623906,0.28499999878500076,0.22999999973000063,0.306887152806888,1.0000000005557306,0.9999999997544363,0.5468939230685098,0.9024475497390027,0.9999999999776156,1.0000000000230038,0.9999999999378634,0.28499999878500076,0.2949999977950008,0.2949999977950008,0.021640871113546106,0.28499999878500076,0.3050000013050009,0.2100000017100006,1.000000000311928,1.000000000330095,17.826941,453.53364,5961.8098,3551.4656,-96.868572,-44.226401,-54.4317,-26.740411,-9.326322,-3.1832843,-20.616759,723.38312,6674.6933,2958.7847,-3223.0329,374.47396,9687.8159,9687.8159,-182.14017,17.826941,1076.57015,.
2031.0,686.66351,6.2222222,5.0,6.7777778,5.3983,12.2168,142.19242,9233.6803,89.349,173.879,64.3741,6.3333333,6.4444444,6.4444444,0.162,6.2222222,6.5555555,4.5555556,2.2441,727.06233,0.1808222145562391,0.2799999992800008,0.22500000022500063,0.3050000013050009,1.0000000005557301,0.9999999997544367,0.5468939230685093,0.9024475497390049,0.9999999999776155,1.000000000023005,0.9999999999378638,0.28499999878500076,0.28999999829000084,0.28999999829000084,0.02218874126831944,0.2799999992800008,0.2949999977950008,0.2050000022050006,1.0000000003119294,1.000000000330095,17.050152,438.31368,5675.0271,3412.3791,-92.647636,-52.874108,-52.836914,-25.575228,-17.839877,-4.0594351,-29.57761,698.07638,6393.7777,2836.0729,-3098.5649,361.93135,9166.2465,9166.2465,-174.20362,17.050152,1089.85509,.
2032.0,686.66351,6.5555555,5.1111111,7.0,5.3983,12.2168,142.19242,9233.6803,89.349,173.879,64.3741,6.6666667,6.7369176,6.6666667,0.146,6.5555555,6.6666667,4.6666667,2.2441,727.06233,0.18082221455623906,0.2949999977950008,0.22999999973000063,0.3150000003150009,1.0000000005557304,0.9999999997544368,0.5468939230685095,0.9024475497390028,0.9999999999776155,1.0000000000230043,0.9999999999378636,0.30000000180000086,0.30316129230316213,0.30000000180000086,0.019997260649226155,0.2949999977950008,0.30000000180000086,0.2100000017100006,1.0000000003119291,1.000000000330095,17.050152,442.09373,5646.3509,3427.3266,-92.647636,-42.299287,-53.225421,-25.575228,-8.9199383,-3.0445763,-19.718407,703.16818,6402.6688,2841.1647,-3098.5649,365.07465,9065.3979,9065.3979,-174.20362,17.050152,1103.6714200000001,.
2033.0,686.66351,6.5555555,5.0,7.0,5.3983,12.2168,142.19242,9233.6803,89.349,173.879,64.3741,6.5555555,6.6666667,6.6666667,0.146,6.5555555,6.4874595,4.4444444,2.2441,727.06233,0.18082221455623906,0.2949999977950008,0.22500000022500063,0.3150000003150009,1.0000000005557308,0.9999999997544371,0.5468939230685093,0.9024475497390039,0.9999999999776155,1.000000000023005,0.9999999999378634,0.2949999977950008,0.30000000180000086,0.30000000180000086,0.019997260649226148,0.2949999977950008,0.2919356777919365,0.19999999820000056,1.0000000003119287,1.000000000330095,16.379127,427.5938,5395.4896,3306.1116,-89.0014,-50.793198,-51.877117,-24.568691,-17.137771,-3.8996722,-28.413555,679.30787,6158.1713,2733.1615,-2991.9613,353.11933,8610.5062,8610.5062,-167.34767,16.379127,1118.43371,.
2034.0,686.66351,6.8888889,5.2222222,7.3333333,5.3983,12.2168,142.19242,9165.7067,89.349,173.879,64.3741,6.8888889,6.8888889,6.8888889,0.126,6.8888889,6.6666667,4.5555556,2.2441,727.06233,0.18082221455623912,0.3100000008100009,0.23499999923500067,0.3299999988300009,1.0000000005557308,0.9999999997544367,0.5468939230685097,0.8958041955428527,0.9999999999776156,1.0000000000230052,0.9999999999378631,0.3100000008100009,0.3100000008100009,0.3100000008100009,0.017257909875359558,0.3100000008100009,0.30000000180000086,0.2050000022050006,1.0000000003119294,1.000000000330095,16.379127,429.74529,5365.1943,3319.0782,-89.0014,-50.793198,-52.250334,-24.568691,-17.137771,-3.8996722,-28.413555,682.03798,6165.0044,2735.8916,-3007.3047,354.91224,8511.1344,8511.1344,-167.34767,16.379127,1133.09578,.
2035.0,758.288,6.8888889,5.2222222,7.3333333,5.3983,12.2168,142.19242,9165.7067,89.349,173.879,64.3741,6.8888889,7.0,7.0,0.122,6.8888889,6.5555555,4.5555556,2.2441,727.06233,0.19968341616321128,0.3100000008100009,0.23499999923500067,0.3299999988300009,1.0000000005557306,0.9999999997544362,0.5468939230685094,0.8958041955428507,0.9999999999776159,1.000000000023004,0.9999999999378624,0.3100000008100009,0.3150000003150009,0.3150000003150009,0.016710039720586243,0.3100000008100009,0.2949999977950008,0.2050000022050006,1.0000000003119294,1.000000000330095,16.191871,419.90117,5196.1995,3245.4091,-86.709311,-39.58808,-51.268315,-24.287806,-16.696415,-3.7992424,-18.45454,666.02546,6011.9153,2666.9854,-2929.8564,346.79145,8193.6364,8193.6364,-163.0379,16.191871,1148.4552899999999,.
2036.0,771.84899,7.2222222,5.3333333,7.6666667,5.3983,12.2168,142.19242,9108.4658,89.349,173.879,64.3741,7.2222222,7.2222222,7.2222222,0.108,7.2222222,6.7777778,4.6666667,2.2441,727.06233,0.20325449312836857,0.3249999993250009,0.23999999874000066,0.345000001845001,1.0000000005557308,0.9999999997544363,0.5468939230685094,0.8902097945812031,0.9999999999776161,1.0000000000230045,0.9999999999378636,0.3249999993250009,0.3249999993250009,0.3249999993250009,0.014792494178879623,0.3249999993250009,0.3050000013050009,0.2100000017100006,1.0000000003119294,1.000000000330095,17.147579,420.39048,5163.683,3256.5409,-86.709311,-39.58808,-51.63192,-25.721369,-8.3482076,-2.8494318,-18.45454,666.64636,6016.8762,2667.6063,-2929.8564,347.19921,8093.8494,8093.8494,-144.92258,17.147579,1165.53491,.
2037.0,771.84899,7.3333333,5.3333333,7.7777778,5.3983,12.2168,142.19242,9108.4658,89.349,173.879,64.3741,7.3333333,7.3333333,7.3333333,0.099,7.3333333,6.6666667,4.5579991,2.2441,727.06233,0.20325449312836855,0.3299999988300009,0.23999999874000066,0.350000001350001,1.0000000005557308,0.9999999997544368,0.5468939230685094,0.8902097945812046,0.9999999999776161,1.0000000000230047,0.9999999999378634,0.3299999988300009,0.3299999988300009,0.3299999988300009,0.013559786330639657,0.3299999988300009,0.30000000180000086,0.20510995970511053,1.0000000003119294,1.000000000330095,16.729514,410.45429,5005.3735,3187.868,-84.595303,-38.622906,-51.082594,-25.094271,-16.28935,-3.7066153,-27.006916,650.79056,5875.0063,2602.9663,-2887.5929,338.99527,7798.0768,7798.0768,-159.06297,16.729514,1184.4588800000001,.
2038.0,771.84899,7.5555555,5.5555555,8.1111111,5.3983,12.2168,131.41534,9029.7595,89.349,173.879,64.3741,7.5555555,7.5555555,7.5555555,0.084,7.5555555,6.7777778,4.7777778,2.2441,727.06233,0.20325449312836852,0.33999999784000096,0.2499999977500007,0.36499999986500103,1.0000000005557308,0.9999999997544365,0.5054436153768396,0.8825174871505443,0.9999999999776159,1.0000000000230045,0.9999999999378628,0.33999999784000096,0.33999999784000096,0.33999999784000096,0.011505273250239704,0.33999999784000096,0.3050000013050009,0.2150000012150006,1.000000000311928,1.000000000330095,16.755631,410.60312,4971.7633,3198.4538,-84.595303,-38.622906,-51.437334,-25.133447,-8.144675,-2.7799615,-18.004611,650.97941,5879.5281,2603.1551,-2887.5929,339.11929,7698.4572,7698.4572,-159.06297,16.755631,1202.78437,.
2039.0,771.84899,7.4444444,5.3333333,8.0,5.3983,12.2168,131.41534,9029.7595,89.349,173.879,64.3741,7.4444444,7.4444444,7.4444444,0.09,7.4444444,6.5555555,4.5555556,2.2441,727.06233,0.20325449312836863,0.33499999833500094,0.23999999874000066,0.360000000360001,1.0000000005557306,0.9999999997544365,0.5054436153768395,0.8825174871505469,0.9999999999776155,1.000000000023005,0.9999999999378631,0.33499999833500094,0.33499999833500094,0.33499999833500094,0.01232707848239969,0.33499999833500094,0.2949999977950008,0.2050000022050006,1.0000000003119287,1.000000000330095,16.281737,393.09059,4726.8646,3072.0548,-80.987251,-36.975611,-49.922714,-24.422606,-15.594597,-3.5485254,-25.855051,623.21466,5633.1904,2492.1287,-2778.3967,324.6556,7273.5727,7273.5727,-152.27882,16.281737,1222.74609,.
2040.0,771.84899,7.7777778,5.5555555,8.3333333,5.3983,12.2168,131.41534,8768.5976,89.349,173.879,64.3741,7.7777778,7.7777778,7.7777778,0.075,7.7777778,6.6728854,4.6666667,2.2441,727.06233,0.20325449312836857,0.350000001350001,0.2499999977500007,0.374999998875001,1.0000000005557306,0.9999999997544361,0.5054436153768396,0.8569930040535756,0.999999999977615,1.000000000023004,0.9999999999378631,0.350000001350001,0.350000001350001,0.350000001350001,0.01027256540199974,0.350000001350001,0.3002798433002807,0.2100000017100006,1.0000000003119294,1.000000000330095,16.281737,393.09059,4693.0153,3082.0983,-80.987251,-36.975611,-50.262325,-24.422606,-7.7972986,-2.6613941,-17.236701,623.21466,5637.5779,2492.1287,-2778.3967,324.6556,7175.915,7175.915,-135.35895,16.281737,1239.1122500000001,.
2041.0,771.84899,7.6666667,5.4444444,8.3333333,5.3983,12.2168,131.41534,9029.7595,89.349,173.879,64.3741,7.6666667,7.6666667,7.6666667,0.075,7.6666667,6.5555555,4.5515775,2.2441,727.06233,0.20325449312836846,0.345000001845001,0.24499999824500068,0.374999998875001,1.00000000055573,0.9999999997544369,0.5054436153768395,0.8825174871505462,0.9999999999776166,1.0000000000230045,0.9999999999378634,0.345000001845001,0.345000001845001,0.345000001845001,0.010272565401999736,0.345000001845001,0.2949999977950008,0.20482098770482154,1.0000000003119285,1.000000000330095,15.692724,378.87002,4491.1536,2980.2924,-78.05743,-35.637969,-49.425992,-23.539086,-15.030442,-3.4201528,-24.91971,600.66904,5437.9495,2401.9726,-2691.3413,312.91075,6818.7078,6818.7078,-146.76993,15.692724,1262.96604,.
2042.0,771.84899,8.0,5.5555555,8.6666667,5.3983,12.2168,131.41534,8768.5976,89.349,173.879,64.3741,8.0,8.0,8.0,0.057,8.0,6.6666667,4.5555556,2.2441,727.06233,0.2032544931283686,0.360000000360001,0.2499999977500007,0.3900000018900011,1.0000000005557315,0.9999999997544369,0.5054436153768392,0.8569930040535751,0.9999999999776162,1.0000000000230052,0.9999999999378634,0.360000000360001,0.360000000360001,0.360000000360001,0.007807149705519802,0.360000000360001,0.30000000180000086,0.2050000022050006,1.0000000003119287,1.000000000330095,15.692724,378.87002,4458.1364,2989.9987,-78.05743,-35.637969,-49.753316,-23.539086,-15.030442,-3.4201528,-16.61314,600.66904,5442.2519,2401.9726,-2704.798,312.91075,6719.7968,6719.7968,-146.76993,15.692724,1280.8278,.
2043.0,771.84899,7.7777778,5.4444444,8.5555555,5.3983,12.2168,131.41534,8768.5976,89.349,173.879,64.3741,7.7777778,7.8771904,7.7777778,0.063,7.7777778,6.3333333,4.3333333,2.2441,727.06233,0.20325449312836857,0.350000001350001,0.24499999824500068,0.3849999978850011,1.000000000555731,0.9999999997544368,0.5054436153768391,0.8569930040535741,0.9999999999776161,1.0000000000230045,0.9999999999378628,0.350000001350001,0.3544735683544746,0.350000001350001,0.008628954937679779,0.350000001350001,0.28499999878500076,0.19499999869500054,1.0000000003119294,1.000000000330095,14.950427,360.94872,4214.9368,2857.8253,-74.365158,-33.952223,-48.023568,-22.42564,-14.319472,-3.2583728,-23.740959,572.2562,5188.737,2288.3545,-2589.6758,298.10945,6306.5662,6306.5662,-139.82742,14.950427,1302.8247000000001,.
2044.0,771.84899,8.1111111,5.5555555,8.8888889,5.3983,12.2168,131.41534,8768.5976,89.349,173.879,64.3741,8.1111111,8.1111111,8.1111111,0.048,8.1111111,6.4444444,4.4444444,2.2441,727.06233,0.20325449312836855,0.36499999986500103,0.2499999977500007,0.4000000009000011,1.0000000005557306,0.9999999997544363,0.5054436153768395,0.8569930040535731,0.9999999999776162,1.0000000000230043,0.9999999999378636,0.36499999986500103,0.36499999986500103,0.36499999986500103,0.00657444185727983,0.36499999986500103,0.28999999829000084,0.19999999820000056,1.0000000003119294,1.000000000330095,14.950427,360.94872,4181.7858,2867.0823,-74.365158,-33.952223,-48.647251,-22.42564,-14.319472,-3.2583728,-15.827306,572.2562,5192.3008,2288.3545,-2589.6758,298.10945,6210.2446,6210.2446,-124.29104,14.950427,1321.27113,.
2045.0,771.84899,7.8888889,5.3333333,8.7777778,5.3983,12.2168,131.41534,8768.5976,89.349,173.879,64.3741,7.8888889,8.0,7.8888889,0.057,7.8888889,6.2222222,4.2222222,2.2441,727.06233,0.20325449312836855,0.35500000085500105,0.23999999874000066,0.39500000139500113,1.0000000005557304,0.9999999997544368,0.5054436153768391,0.8569930040535753,0.9999999999776161,1.0000000000230047,0.9999999999378636,0.35500000085500105,0.360000000360001,0.35500000085500105,0.007807149705519805,0.35500000085500105,0.2799999992800008,0.18999999919000055,1.0000000003119291,1.000000000330095,14.296764,345.1673,3966.4505,2752.9161,-71.113761,-32.467762,-47.116707,-21.445145,-6.8466977,-3.11591,-15.135303,547.23599,4968.3996,2190.8496,-2476.4499,285.0755,5845.7015,5845.7015,-118.85678,14.296764,1339.13001,.
2046.0,771.84899,8.2222222,5.5555555,9.1111111,5.3983,12.2168,131.41534,8647.075,89.349,173.879,64.3741,8.2222222,8.3333333,8.2222222,0.036,8.2222222,6.3333333,4.3333333,2.2441,727.06233,0.20325449312836852,0.369999999370001,0.2499999977500007,0.4099999999100012,1.0000000005557306,0.9999999997544369,0.5054436153768395,0.8451160742655767,0.9999999999776156,1.0000000000230043,0.9999999999378634,0.369999999370001,0.374999998875001,0.369999999370001,0.004930831392959873,0.369999999370001,0.28499999878500076,0.19499999869500054,1.0000000003119287,1.000000000330095,14.296764,345.1673,3933.1851,2766.3754,-71.113761,-32.467762,-47.713121,-21.445145,-13.693395,-3.11591,-15.135303,547.23599,4971.0054,2197.4414,-2488.7095,285.0755,5751.8992,5751.8992,-118.85678,14.296764,1354.3192199999999,.
2047.0,771.84899,8.0,5.3333333,9.0,5.3983,12.2168,131.41534,8768.5976,89.349,173.879,64.3741,8.0,8.1111111,8.1111111,0.045,8.0,6.0,4.1111111,2.2441,727.06233,0.20325449312836863,0.360000000360001,0.23999999874000066,0.40500000040500117,1.0000000005557306,0.9999999997544371,0.5054436153768392,0.8569930040535745,0.9999999999776161,1.0000000000230047,0.9999999999378634,0.360000000360001,0.36499999986500103,0.36499999986500103,0.006163539241199841,0.360000000360001,0.27000000027000076,0.1849999996850005,1.0000000003119285,1.000000000330095,13.637814,329.25826,3719.4819,2652.3582,-67.836072,-30.971297,-46.082911,-20.456722,-13.062256,-2.9722953,-21.656558,522.01345,4743.7298,2102.8097,-2385.6976,271.93614,5396.7462,5396.7462,-127.5509,13.637814,1372.20494,.
2048.0,771.84899,8.3333333,5.4617671,9.4444444,5.3983,12.2168,131.41534,8389.3764,89.349,173.879,64.3741,8.3333333,8.4444444,8.4444444,0.027,8.3333333,6.1111111,4.2222222,2.2441,727.06233,0.20325449312836863,0.374999998875001,0.24577951974578024,0.4249999984250012,1.0000000005557308,0.9999999997544365,0.5054436153768396,0.8199300744707644,0.9999999999776156,1.000000000023005,0.9999999999378631,0.374999998875001,0.3799999983800011,0.3799999983800011,0.003698123544719906,0.374999998875001,0.2749999997750008,0.18999999919000055,1.0000000003119294,1.000000000330095,13.637814,329.25826,3686.4145,2666.9846,-67.836072,-30.971297,-46.651836,-20.456722,-13.062256,-2.9722953,-14.437705,522.01345,4744.7801,2109.8218,-2385.6976,271.93614,5306.2947,5306.2947,-113.37858,13.637814,1381.49811,.
2049.0,771.84899,8.2222222,5.3333333,9.3333333,5.3983,12.2168,131.41534,8759.0681,89.349,173.879,64.3741,8.2222222,8.3333333,8.3333333,0.03,8.2222222,5.8888889,4.0,2.2441,727.06233,0.20325449312836852,0.369999999370001,0.23999999874000066,0.41999999892000117,1.0000000005557304,0.9999999997544367,0.5054436153768395,0.8560616447639064,0.9999999999776165,1.000000000023004,0.9999999999378631,0.369999999370001,0.374999998875001,0.374999998875001,0.004109026160799893,0.369999999370001,0.2650000007650008,0.1800000001800005,1.0000000003119291,1.000000000330095,13.083564,315.87697,3504.2889,2572.6578,-65.079165,-29.712601,-45.301675,-19.625346,-12.531397,-2.8514991,-13.850947,500.79845,4552.0927,2031.1516,-2299.9604,260.88446,5003.6269,5003.6269,-108.77079,13.083564,1400.4868099999999,.
2050.0,771.84899,8.5555555,5.4444444,9.7777778,5.3983,12.2168,131.41534,8389.3764,89.349,173.879,64.3741,8.5555555,8.6666667,8.7777778,0.012,8.5555555,6.0,4.1111111,2.2441,727.06233,0.20325449312836857,0.3849999978850011,0.24499999824500068,0.4400000014400013,1.000000000555731,0.9999999997544368,0.5054436153768392,0.8199300744707626,0.9999999999776161,1.000000000023005,0.9999999999378638,0.3849999978850011,0.3900000018900011,0.39500000139500113,0.0016436104643199581,0.3849999978850011,0.27000000027000076,0.1849999996850005,1.000000000311929,1.000000000330095,13.083564,315.87697,3471.4341,2586.7461,-65.079165,-29.712601,-46.12038,-19.625346,-12.531397,-2.8514991,-13.850947,500.79845,4551.3101,2038.5734,-2311.1797,260.88446,4916.5472,4916.5472,-108.77079,13.083564,1407.73515,.
2051.0,771.84899,8.2222222,5.2222222,9.4726708,5.3983,12.2168,131.41534,8389.3764,89.349,173.879,64.3741,8.2222222,8.3333333,8.4444444,0.024,8.2222222,5.6666667,3.7777778,2.2441,727.06233,0.20325449312836855,0.369999999370001,0.23499999923500067,0.42627018642627135,1.0000000005557308,0.9999999997544371,0.5054436153768394,0.8199300744707643,0.9999999999776156,1.0000000000230047,0.9999999999378634,0.369999999370001,0.374999998875001,0.3799999983800011,0.0032872209286399176,0.369999999370001,0.25500000175500076,0.17000000117000047,1.0000000003119294,1.000000000330095,12.378818,298.86228,3253.5653,2460.3752,-61.57368,-28.112134,-44.152512,-18.568228,-11.856394,-3.3723791,-19.657299,473.82297,4309.5358,1936.1165,-2197.3032,246.83194,4571.9422,4571.9422,-115.77584,12.378818,1418.40148,.
2052.0,771.84899,8.5555555,5.3333333,10.0,5.3983,12.2168,122.1155,8389.3764,89.349,173.879,64.3741,8.5555555,8.6666667,8.8888889,0.006,8.5555555,5.7777778,3.8888889,2.2441,727.06233,0.20325449312836852,0.3849999978850011,0.23999999874000066,0.45000000045000127,1.0000000005557308,0.9999999997544368,0.4696749999927744,0.8199300744707626,0.9999999999776158,1.0000000000230047,0.999999999937863,0.3849999978850011,0.3900000018900011,0.4000000009000011,0.000821805232159979,0.3849999978850011,0.2600000012600007,0.1750000006750005,1.000000000311928,1.000000000330095,12.378818,298.86228,3222.0228,2479.5034,-61.57368,-28.112134,-44.668916,-18.568228,-11.856394,-2.6979033,-13.104866,473.82297,4311.3527,1943.7958,-2197.3032,246.83194,4492.1787,4492.1787,-102.91186,12.378818,1428.13171,.
2053.0,771.84899,8.4444444,5.2222222,9.8888889,5.3983,12.2168,122.1155,8389.3764,89.349,173.879,64.3741,8.4444444,8.5555555,8.7777778,0.012,8.4444444,5.4444444,3.6666667,2.2441,727.06233,0.20325449312836863,0.3799999983800011,0.23499999923500067,0.44500000094500125,1.0000000005557308,0.9999999997544363,0.4696749999927743,0.8199300744707638,0.9999999999776158,1.000000000023005,0.9999999999378634,0.3799999983800011,0.3849999978850011,0.39500000139500113,0.0016436104643199581,0.3799999983800011,0.24499999824500068,0.16500000166500048,1.0000000003119285,1.000000000330095,11.850297,286.10216,3054.0062,2389.184,-58.944752,-26.911868,-43.503281,-17.775446,-11.350177,-3.2283932,-18.818019,453.5928,4127.5447,1868.4703,-2113.6497,236.29329,4224.3966,4224.3966,-110.83272,11.850297,1436.9536699999999,.
2054.0,771.84899,8.7777778,5.3333333,10.333333,5.3983,12.2168,122.1155,8372.9214,89.349,173.879,64.3741,8.7777778,8.8888889,9.1111111,0.0,8.7777778,5.5555555,3.7777778,2.2441,727.06233,0.20325449312836855,0.39500000139500113,0.23999999874000066,0.46499998546500126,1.0000000005557304,0.9999999997544363,0.4696749999927744,0.8183218560845427,0.9999999999776151,1.0000000000230043,0.9999999999378631,0.39500000139500113,0.4000000009000011,0.4099999999100012,0.0,0.39500000139500113,0.2499999977500007,0.17000000117000047,1.0000000003119294,1.000000000330095,11.850297,286.10216,3023.1383,2399.705,-58.944752,-26.911868,-44.244814,-17.775446,-11.350177,-2.5827146,-12.545346,453.5928,4125.7615,1876.1525,-2113.6497,236.29329,4148.532,4148.532,-98.517972,11.850297,1444.66299,.
2055.0,771.84899,8.6666667,5.2222222,10.222222,5.3983,12.2168,122.1155,8389.3764,89.349,173.879,64.3741,8.6666667,8.7777778,9.1111111,0.0,8.6666667,5.3333333,3.5555556,2.2441,727.06233,0.20325449312836852,0.3900000018900011,0.23499999923500067,0.4599999904600013,1.0000000005557301,0.9999999997544367,0.4696749999927743,0.8199300744707648,0.9999999999776161,1.0000000000230045,0.9999999999378631,0.3900000018900011,0.39500000139500113,0.4099999999100012,0.0,0.3900000018900011,0.23999999874000066,0.16000000216000046,1.0000000003119287,1.000000000330095,11.387485,274.92848,2874.8607,2314.6958,-56.642673,-25.860829,-43.229411,-17.081228,-10.906898,-3.1023087,-18.083083,435.87779,3960.9629,1809.8385,-2040.8663,227.06489,3913.95,3913.95,-106.50416,11.387485,1452.27173,.
2056.0,771.84899,9.0,5.3333333,10.666667,5.3983,12.2168,122.1155,8324.9803,89.349,173.879,64.3741,9.0,9.0286834,9.4444444,0.0,9.0,5.4444444,3.6666667,2.2441,727.06233,0.2032544931283686,0.40500000040500117,0.23999999874000066,0.4800000154800014,1.0000000005557312,0.9999999997544369,0.4696749999927742,0.8136363648371592,0.9999999999776158,1.0000000000230054,0.999999999937863,0.40500000040500117,0.4062907534062919,0.4249999984250012,0.0,0.40500000040500117,0.24499999824500068,0.16500000166500048,1.0000000003119291,1.000000000330095,11.387485,274.92848,2844.4001,2320.9387,-56.642673,-25.860829,-43.941984,-17.081228,-10.906898,-3.1023087,-18.083083,435.87779,3955.2249,1816.3742,-2050.6312,227.06489,3841.7156,3841.7156,-106.50416,11.387485,1457.8806100000002,.
2057.0,771.84899,8.8888889,5.1111111,10.444444,5.3983,12.2168,122.1155,8324.9803,89.349,173.879,64.3741,8.8888889,8.8888889,9.4444444,0.0,8.8888889,5.2222222,3.4444444,2.2441,727.06233,0.20325449312836857,0.4000000009000011,0.22999999973000063,0.46999998047000136,1.000000000555731,0.9999999997544365,0.4696749999927744,0.813636364837159,0.9999999999776159,1.0000000000230043,0.999999999937863,0.4000000009000011,0.4000000009000011,0.4249999984250012,0.0,0.4000000009000011,0.23499999923500067,0.15499999815500043,1.0000000003119296,1.000000000330095,10.93905,264.10189,2702.7118,2232.6332,-54.412103,-24.842438,-42.896075,-16.408575,-10.477388,-2.9801408,-17.370977,418.71307,3792.3652,1756.1795,-1969.878,218.12315,3621.4687,3621.4687,-90.942278,10.93905,1463.69129,.
2058.0,778.6463,9.2222222,5.3333333,10.888889,5.3983,12.2168,122.1155,8324.9803,89.349,173.879,64.3741,9.2222222,9.2222222,9.8888889,0.0,9.2222222,5.3333333,3.5555556,2.2441,727.06233,0.20504445958111522,0.41499999941500115,0.23999999874000066,0.49000000549000144,1.0000000005557306,0.9999999997544367,0.4696749999927743,0.8136363648371561,0.9999999999776165,1.000000000023004,0.9999999999378634,0.41499999941500115,0.41499999941500115,0.44500000094500125,0.0,0.41499999941500115,0.23999999874000066,0.16000000216000046,1.0000000003119294,1.000000000330095,10.93905,264.10189,2672.4559,2232.4904,-54.412103,-24.842438,-43.580587,-16.408575,-10.477388,-2.9801408,-17.370977,418.71307,3783.4938,1767.4283,-1979.2584,218.12315,3552.5472,3552.5472,-90.942278,10.93905,1468.61897,.
2059.0,771.84899,9.1111111,5.1111111,10.666667,5.3983,12.2168,122.1155,8324.9803,89.349,173.879,64.3741,9.1111111,9.0,9.7777778,0.0,9.1111111,5.0,3.3333333,2.2441,727.06233,0.20325449312836855,0.4099999999100012,0.22999999973000063,0.4800000154800014,1.0000000005557301,0.9999999997544369,0.469674999992774,0.8136363648371587,0.9999999999776165,1.0000000000230045,0.9999999999378638,0.4099999999100012,0.40500000040500117,0.4400000014400013,0.0,0.4099999999100012,0.22500000022500063,0.14999999865000044,1.000000000311929,1.000000000330095,10.477615,253.83494,2530.4553,2135.5522,-26.058437,-17.845895,-42.397894,-15.716423,-10.035427,-2.2835452,-11.092153,402.87315,3614.1695,1703.5672,-1895.7687,209.63356,3336.7505,3336.7505,-87.106121,10.477615,1473.29632,.
2060.0,855.99377,9.5555555,5.2222222,11.0,5.3983,12.2168,122.1155,8257.0067,89.349,173.879,64.3741,9.5555555,9.3333333,10.222222,0.0,9.5555555,5.1111111,3.3426779,2.2441,727.06233,0.22541271945227428,0.42999999793000127,0.23499999923500067,0.4950000004950014,1.000000000555731,0.9999999997544362,0.4696749999927745,0.8069930106410041,0.9999999999776151,1.000000000023004,0.9999999999378638,0.42999999793000127,0.41999999892000117,0.4599999904600013,0.0,0.42999999793000127,0.22999999973000063,0.15042050565042092,1.0000000003119278,1.000000000330095,10.477615,256.0356,2498.5805,2129.644,-52.116874,-23.794526,-43.272077,-15.716423,-10.035427,-2.8544315,-11.092153,407.32885,3608.8035,1714.1791,-1895.7687,211.42852,3262.54,3262.54,-87.106121,10.477615,1474.7604000000001,.
2061.0,855.99377,9.5555555,5.1111111,10.888889,5.3983,12.2168,114.00801,8324.9803,89.349,173.879,64.3741,9.5555555,9.2222222,10.127954,0.0,9.5555555,4.8888889,3.2222222,2.2441,727.06233,0.2254127194522744,0.42999999793000127,0.22999999973000063,0.49000000549000144,1.0000000005557306,0.9999999997544368,0.4384923461471002,0.8136363648371565,0.9999999999776155,1.0000000000230052,0.9999999999378631,0.42999999793000127,0.41499999941500115,0.45575793045575924,0.0,0.42999999793000127,0.22000000072000064,0.14499999914500042,1.0000000003119283,1.000000000330095,10.079915,248.41293,2372.7823,2040.2329,-50.138665,-22.891353,-42.470594,-15.119872,-9.6545107,-2.7460854,-16.006689,395.77972,3465.3315,1661.4965,-1832.4543,205.12002,3067.7606,3067.7606,-83.799819,10.079915,1478.65981,.
2062.0,855.99377,10.0,5.2222222,11.222222,5.3983,12.2168,114.00801,8257.0067,89.349,173.879,64.3741,10.0,9.5555555,10.666667,0.0,10.0,4.8888889,3.2222222,2.2441,727.06233,0.2254127194522744,0.45000000045000127,0.23499999923500067,0.5049999905050014,1.0000000005557306,0.9999999997544367,0.43849234614710025,0.8069930106410049,0.9999999999776155,1.0000000000230047,0.9999999999378631,0.45000000045000127,0.42999999793000127,0.4800000154800014,0.0,0.45000000045000127,0.22000000072000064,0.14499999914500042,1.0000000003119294,1.000000000330095,10.079915,250.48725,2341.3911,2029.019,-50.138665,-22.891353,-43.311596,-15.119872,-9.6545107,-3.2953025,-16.006689,399.31699,3457.325,1673.9339,-1841.098,206.82757,2997.5241,2997.5241,-83.799819,10.079915,1479.87663,.
2063.0,855.99377,9.8888889,5.0,10.888889,5.3983,12.2168,114.00801,8257.0067,89.349,173.879,64.3741,10.0,9.3333333,10.555556,0.0,9.8888889,4.6666667,3.0,2.2441,727.06233,0.2254127194522743,0.44500000094500125,0.22500000022500063,0.49000000549000144,1.0000000005557301,0.9999999997544369,0.4384923461471001,0.8069930106410047,0.9999999999776165,1.0000000000230036,0.9999999999378631,0.45000000045000127,0.41999999892000117,0.47500002047500134,0.0,0.44500000094500125,0.2100000017100006,0.13500000013500038,1.0000000003119294,1.000000000330095,9.6575181,241.95751,2213.0188,1930.461,-24.018808,-16.449072,-42.100953,-14.486277,-9.2499407,-2.6310113,-15.335932,385.61378,3303.7284,1615.7566,-1763.9472,199.78713,2805.0518,2805.0518,-80.288207,9.6575181,1481.38438,.
2064.0,855.99377,10.333333,5.1111111,11.222222,5.3983,12.2168,114.00801,8113.9749,89.349,173.879,64.3741,10.444444,9.6666667,11.0,0.0,10.333333,4.6666667,3.1111111,2.2441,727.06233,0.22541271945227437,0.46499998546500126,0.22999999973000063,0.5049999905050014,1.0000000005557308,0.9999999997544371,0.4384923461471,0.7930138936203776,0.9999999999776161,1.000000000023005,0.9999999999378638,0.46999998047000136,0.43500000193500127,0.4950000004950014,0.0,0.46499998546500126,0.2100000017100006,0.1399999996400004,1.0000000003119291,1.000000000330095,9.6575181,243.90388,2182.4527,1915.0383,-48.037616,-21.932096,-43.108153,-14.486277,-9.2499407,-2.6310113,-15.335932,388.28491,3293.7665,1627.7773,-1772.2286,201.40408,2738.4898,2738.4898,-80.288207,9.6575181,1480.20009,.
2065.0,855.99377,10.111111,4.7777778,10.666667,5.3983,12.2168,114.00801,8257.0067,89.349,173.879,64.3741,10.111111,9.3333333,10.777778,0.0,10.111111,4.3333333,2.7777778,2.2441,727.06233,0.2254127194522744,0.45499999545500125,0.2150000012150006,0.4800000154800014,1.0000000005557312,0.9999999997544369,0.4384923461471001,0.806993010641006,0.9999999999776156,1.0000000000230047,0.9999999999378634,0.45499999545500125,0.41999999892000117,0.48500001048500135,0.0,0.45499999545500125,0.19499999869500054,0.12500000112500034,1.0000000003119291,1.000000000330095,9.103137,231.58161,2027.9517,1788.9087,-45.28006,-20.673104,-41.582951,-13.654706,-8.7189562,-2.9759766,-14.455587,368.12608,3094.3597,1545.6671,-1678.3015,191.24167,2519.008,2519.008,-75.679335,9.103137,1482.57906,.
2066.0,855.99377,10.555556,4.8888889,10.888889,5.3983,12.2168,114.00801,7532.1261,89.349,173.879,64.3741,10.555556,9.5555555,11.222222,0.0,10.555556,4.3333333,2.7777778,2.2441,727.06233,0.2254127194522743,0.47500002047500134,0.22000000072000064,0.49000000549000144,1.0000000005557306,0.9999999997544362,0.4384923461471002,0.7361472914835693,0.9999999999776158,1.0000000000230043,0.999999999937863,0.47500002047500134,0.42999999793000127,0.5049999905050014,0.0,0.47500002047500134,0.19499999869500054,0.12500000112500034,1.0000000003119291,1.000000000330095,9.103137,232.89583,1998.1256,1770.1546,-45.28006,-20.673104,-42.342457,-13.654706,-8.7189562,-2.4799805,-14.455587,369.79374,3082.1894,1556.2802,-1678.3015,192.33686,2456.8452,2456.8452,-75.679335,9.103137,1470.90076,.
2067.0,855.99377,10.444444,4.6666667,10.666667,5.3983,12.2168,114.00801,8257.0067,89.349,173.879,64.3741,10.444444,9.4444444,11.1126,0.0,10.444444,4.1111111,2.6666667,2.2441,727.06233,0.2254127194522744,0.46999998047000136,0.2100000017100006,0.4800000154800014,1.0000000005557308,0.9999999997544367,0.4384923461471,0.8069930106410028,0.9999999999776156,1.000000000023005,0.9999999999378636,0.46999998047000136,0.4249999984250012,0.5000670005000685,0.0,0.46999998047000136,0.1849999996850005,0.12000000162000034,1.0000000003119285,1.000000000330095,8.7312543,224.29237,1887.3205,1678.9182,-43.430272,-19.828563,-41.523274,-13.096881,-12.544152,-2.8544016,-13.865045,355.84267,2943.174,1502.194,-1617.2264,185.23851,2297.2301,2297.2301,-72.587671,8.7312543,1479.68125,.
2068.0,855.99377,10.888889,4.7777778,10.888889,5.3983,12.2168,106.87681,7291.0657,89.349,173.879,64.3741,10.888889,9.6666667,11.666667,0.0,10.888889,4.1111111,2.6666667,2.2441,727.06233,0.2254127194522743,0.49000000549000144,0.2150000012150006,0.49000000549000144,1.0000000005557306,0.9999999997544363,0.41106465383983004,0.7125874150040785,0.9999999999776155,1.0000000000230047,0.999999999937863,0.49000000549000144,0.43500000193500127,0.5250000155250015,0.0,0.49000000549000144,0.1849999996850005,0.12000000162000034,1.0000000003119294,1.000000000330095,8.7312543,224.85351,1857.4725,1660.1415,-43.430272,-19.828563,-42.433872,-13.096881,-8.3627681,-2.8544016,-13.865045,356.55472,2928.4031,1510.9966,-1617.2264,185.70613,2238.2612,2238.2612,-72.587671,8.7312543,1463.3438700000002,.
2069.0,855.99377,10.333333,4.4444444,10.222222,5.3983,12.2168,106.87681,7291.0657,89.349,173.879,64.3741,10.333333,9.2222222,11.222222,0.0,10.333333,3.6666667,2.3333333,2.2441,727.06233,0.22541271945227434,0.46499998546500126,0.19999999820000056,0.4599999904600013,1.0000000005557308,0.9999999997544367,0.4110646538398297,0.7125874150040804,0.9999999999776159,1.0000000000230045,0.999999999937863,0.46499998546500126,0.41499999941500115,0.5049999905050014,0.0,0.46499998546500126,0.16500000166500048,0.1049999986050003,1.0000000003119283,1.000000000330095,8.3852653,210.51417,1709.089,1536.1088,-40.62244,-13.909963,-40.542185,-12.577898,-7.8221026,-2.6698602,-12.968649,333.75389,2723.903,1420.8981,-1512.6703,173.86476,2038.5977,2038.5977,-67.89477,8.3852653,1459.81725,.
2070.0,855.99377,10.777778,4.5555556,11.888889,5.3983,12.2168,106.87681,7240.9798,89.349,173.879,64.3741,10.777778,9.4444444,11.666667,0.0,10.777778,3.7050015,2.3333333,2.2441,727.06233,0.22541271945227437,0.48500001048500135,0.2050000022050006,0.5350000055350016,1.0000000005557306,0.9999999997544368,0.41106465383982976,0.7076923031675284,0.9999999999776151,1.0000000000230052,0.9999999999378628,0.48500001048500135,0.4249999984250012,0.5250000155250015,0.0,0.48500001048500135,0.16672506766672554,0.1049999986050003,1.0000000003119296,1.000000000330095,8.7194566,210.51417,1680.442,1680.442,-40.62244,-18.546617,-41.564257,-13.079185,-11.733154,-2.6698602,-12.968649,333.75389,2706.9778,1427.7499,-1519.6734,173.86476,1984.2564,1984.2564,-67.89477,8.7194566,1453.58342,.
2071.0,855.99377,10.888889,4.4444444,11.666667,5.3983,12.2168,106.87681,7240.9798,89.349,173.879,64.3741,11.0,9.3333333,11.777778,0.0,10.888889,3.5555556,2.2222222,2.2441,727.06233,0.22541271945227434,0.49000000549000144,0.19999999820000056,0.5250000155250015,1.0000000005557312,0.9999999997544363,0.41106465383982976,0.7076923031675278,0.9999999999776158,1.0000000000230045,0.999999999937863,0.4950000004950014,0.41999999892000117,0.5300000105300015,0.0,0.49000000549000144,0.16000000216000046,0.09999999910000028,1.0000000003119294,1.000000000330095,8.4797152,206.58201,1606.5679,1606.5679,-39.505525,-18.036678,-41.415418,-12.719573,-11.410551,-3.0291945,-12.612076,328.44941,2608.8846,1394.6838,-1477.89,170.5958,1879.5833,1879.5833,-66.028003,8.4797152,1447.7647299999999,.
2072.0,855.99377,11.444444,4.4444444,11.777778,5.3983,12.2168,106.87681,7176.5838,89.349,173.879,64.3741,11.444444,9.5578268,12.222222,0.0,11.444444,3.5555556,2.2222222,2.2441,727.06233,0.22541271945227434,0.5149999805150015,0.19999999820000056,0.5300000105300015,1.0000000005557306,0.9999999997544367,0.41106465383982976,0.7013986033073529,0.9999999999776162,1.000000000023004,0.9999999999378631,0.5149999805150015,0.43010220643010344,0.5499999905500016,0.0,0.5149999805150015,0.16000000216000046,0.09999999910000028,1.0000000003119294,1.000000000330095,8.4797152,208.41925,1578.7519,1578.7519,-39.505525,-18.036678,-42.57505,-12.719573,-11.410551,-3.0291945,-12.612076,331.99437,2584.2852,1400.4003,-1484.7005,172.0979,1830.0108,1830.0108,-66.028003,8.4797152,1440.28499,.
2073.0,855.99377,11.444444,4.2222222,11.360559,5.3983,12.2168,100.55507,7176.5838,89.349,173.879,64.3741,11.444444,9.3333333,12.111111,0.0,11.333333,3.3333333,2.0,2.2441,727.06233,0.22541271945227437,0.5149999805150015,0.18999999919000055,0.5112251555112266,1.0000000005557308,0.9999999997544369,0.38675026922481937,0.7013986033073545,0.9999999999776159,1.000000000023005,0.9999999999378631,0.5149999805150015,0.41999999892000117,0.5449999955450016,0.0,0.5099999855100014,0.14999999865000044,0.09000000009000025,1.000000000311929,1.000000000330095,8.1353897,201.70092,1487.8479,1487.8479,-37.901373,-17.304284,-41.799866,-12.203084,-10.947216,-2.9061917,-12.099953,321.60065,2454.9255,1348.566,-1424.4131,166.54315,1708.7335,1708.7335,-63.346884,8.1353897,1433.2397,.
2074.0,855.99377,11.888889,4.3333333,11.555556,5.3983,12.2168,100.55507,6940.4649,89.349,173.879,64.3741,12.0,9.5555555,12.666667,0.0,11.888889,3.3333333,2.1111111,2.2441,727.06233,0.22541271945227434,0.5350000055350016,0.19499999869500054,0.5200000205200015,1.000000000555731,0.9999999997544367,0.38675026922481937,0.678321681015375,0.9999999999776155,1.0000000000230043,0.9999999999378634,0.5400000005400015,0.42999999793000127,0.5700000155700017,0.0,0.5350000055350016,0.14999999865000044,0.09499999959500027,1.000000000311929,1.000000000330095,8.1353897,203.42769,1460.9428,1460.9428,-37.901373,-17.304284,-42.91241,-12.203084,-7.2981442,-2.9061917,-12.099953,324.37398,2429.6187,1353.1418,-1424.4131,167.96889,1662.3657,1662.3657,-63.346884,8.1353897,1421.96389,.
2075.0,855.99377,12.111111,4.2222222,11.222222,5.3983,12.2168,100.55507,7047.8891,89.349,173.879,64.3741,12.222222,9.4444444,12.666667,0.0,12.111111,3.2222222,1.8888889,2.2441,727.06233,0.2254127194522744,0.5449999955450016,0.18999999919000055,0.5049999905050014,1.0000000005557306,0.9999999997544367,0.3867502692248195,0.6888207131372334,0.9999999999776155,1.0000000000230043,0.9999999999378634,0.5499999905500016,0.4249999984250012,0.5700000155700017,0.0,0.5449999955450016,0.14499999914500042,0.08500000058500023,1.000000000311928,1.000000000330095,7.8868135,199.64089,1390.1015,1390.1015,-18.37165,-12.581665,-42.679774,-11.83022,-7.07515,-2.8173932,-11.73024,318.45838,2329.993,1315.7923,-1387.2246,164.83905,1567.1533,1567.1533,-53.734909,7.8868135,1414.86995,.
2076.0,855.99377,12.666667,4.3333333,11.444444,5.3983,12.2168,94.911913,6940.4649,89.349,173.879,64.3741,12.777778,9.6666667,13.222222,0.0,12.666667,3.2222222,1.8888889,2.2441,727.06233,0.22541271945227437,0.5700000155700017,0.19499999869500054,0.5149999805150015,1.0000000005557304,0.9999999997544368,0.3650458192251531,0.6783216810153774,0.9999999999776154,1.0000000000230047,0.9999999999378636,0.5750000105750016,0.43500000193500127,0.5949999905950017,0.0,0.5700000155700017,0.14499999914500042,0.08500000058500023,1.0000000003119296,1.000000000330095,7.8868135,202.04465,1363.7666,1363.7666,-36.743299,-16.775553,-44.066482,-11.83022,-10.612725,-3.2198779,-15.64032,322.01363,2303.8031,1321.8486,-1393.559,166.83014,1523.2474,1523.2474,-61.411325,7.8868135,1403.9281799999999,.
2077.0,855.99377,12.777778,4.1111111,11.016399,5.3983,12.2168,94.911913,6940.4649,89.349,173.879,64.3741,12.777778,9.4444444,13.222222,0.0,12.777778,3.0,1.7777778,2.2441,727.06233,0.2254127194522743,0.5750000105750016,0.1849999996850005,0.49573795549573935,1.0000000005557301,0.9999999997544368,0.3650458192251531,0.6783216810153758,0.9999999999776159,1.000000000023004,0.9999999999378634,0.5750000105750016,0.4249999984250012,0.5949999905950017,0.0,0.5750000105750016,0.13500000013500038,0.08000000108000023,1.0000000003119294,1.000000000330095,7.6094923,196.93564,1289.9799,1289.9799,-35.451308,-16.185681,-43.706275,-11.414238,-10.239554,-3.1066585,-15.090365,313.58828,2196.6165,1283.1516,-1344.5578,162.61822,1427.562,1427.562,-59.251941,7.6094923,1393.8618999999999,.
2078.0,939.09786,13.333333,4.2222222,11.222222,5.3983,12.2168,94.911913,6886.8015,89.349,173.879,64.3741,13.444444,9.6666667,13.777778,0.0,13.333333,3.0,1.7777778,2.2441,727.06233,0.2472968961613017,0.5999999856000017,0.18999999919000055,0.5049999905050014,1.0000000005557308,0.9999999997544369,0.3650458192251531,0.673076924616276,0.9999999999776156,1.0000000000230052,0.9999999999378631,0.6049999806050017,0.43500000193500127,0.6200000106200018,0.0,0.5999999856000017,0.13500000013500038,0.08000000108000023,1.000000000311929,1.000000000330095,7.6094923,198.60723,1263.7087,1263.7087,-17.725654,-12.13926,-44.895561,-11.414238,-6.8263691,-2.7183262,-11.317774,315.95306,2169.5267,1291.3549,-1344.5578,164.00567,1385.6449,1385.6449,-51.845448,7.6094923,1381.03706,.
2079.0,939.09786,13.444444,4.0,10.888889,5.3983,12.2168,89.843237,6886.8015,89.349,173.879,64.3741,13.444444,9.4444444,13.777778,0.0,13.444444,2.8888889,1.6666667,2.2441,727.06233,0.24729689616130177,0.6049999806050017,0.1800000001800005,0.49000000549000144,1.0000000005557308,0.9999999997544363,0.3455509115331455,0.6730769246162774,0.9999999999776155,1.000000000023005,0.999999999937863,0.6049999806050017,0.4249999984250012,0.6200000106200018,0.0,0.6049999806050017,0.13000000063000036,0.07500000157500021,1.0000000003119294,1.000000000330095,7.3639386,193.50257,1197.0727,1197.0727,-34.307316,-15.663378,-44.885444,-11.045908,-9.9091294,-3.0064085,-14.603408,307.53037,2072.3776,1258.5748,-1307.0841,159.79726,1300.5348,1300.5348,-57.339916,7.3639386,1369.43532,.
2080.0,939.09786,14.0,4.1111111,10.999426,5.3983,12.2168,89.843237,6833.1381,89.349,173.879,64.3741,14.0,9.6666667,14.444444,0.0,14.0,2.7777778,1.6666667,2.2441,727.06233,0.24729689616130165,0.6300000006300018,0.1849999996850005,0.49497417049497555,1.0000000005557306,0.9999999997544365,0.34555091153314543,0.6678321682171761,0.9999999999776161,1.000000000023004,0.9999999999378631,0.6300000006300018,0.43500000193500127,0.6499999806500019,0.0,0.6300000006300018,0.12500000112500034,0.07500000157500021,1.0000000003119291,1.000000000330095,7.3639386,194.49347,1170.767,1170.767,-17.153658,-11.747534,-46.036353,-11.045908,-6.6060863,-3.0064085,-10.952556,308.78776,2044.2824,1267.3275,-1301.1697,160.62301,1260.2771,1260.2771,-50.172427,7.3639386,1356.20305,.
2081.0,939.09786,14.555556,4.1111111,11.111111,5.3983,12.2168,85.265202,6672.1479,89.349,173.879,64.3741,14.568562,9.8888889,15.111111,0.0,14.555556,2.8888889,1.6666667,2.2441,727.06233,0.2472968961613018,0.6550000206550018,0.1849999996850005,0.4999999955000014,1.0000000005557308,0.9999999997544365,0.3279430846103394,0.6520978990198767,0.9999999999776159,1.0000000000230045,0.9999999999378636,0.6555852906555871,0.44500000094500125,0.6799999956800019,0.0,0.6550000206550018,0.13000000063000036,0.07500000157500021,1.0000000003119294,1.000000000330095,7.9300977,196.25172,1150.0328,1150.0328,-17.260113,-11.820439,-47.914374,-11.895147,-9.9706252,-3.0250662,-11.020527,311.40357,2028.8565,1283.8133,-1315.1958,162.07919,1225.6176,1225.6176,-50.483795,7.9300977,1340.11606,.
2082.0,939.09786,15.111111,4.2222222,11.111111,5.3983,12.2168,85.265202,6629.2172,89.349,173.879,64.3741,15.111111,10.111111,15.777778,0.0,15.111111,2.7777778,1.6666667,2.2441,727.06233,0.24729689616130174,0.6799999956800019,0.18999999919000055,0.4999999955000014,1.0000000005557306,0.9999999997544365,0.3279430846103395,0.6479020958552844,0.9999999999776158,1.0000000000230045,0.9999999999378634,0.6799999956800019,0.45499999545500125,0.710000010710002,0.0,0.6799999956800019,0.12500000112500034,0.07500000157500021,1.0000000003119294,1.000000000330095,7.9300977,196.66514,1121.7799,1121.7799,-34.520226,-15.760585,-49.506694,-11.895147,-9.9706252,-3.4031995,-14.694036,311.92818,2000.1738,1292.1806,-1315.1958,162.42371,1183.4518,1183.4518,-57.695766,7.9300977,1324.46101,.
2083.0,939.09786,15.111111,4.0,10.777778,5.3983,12.2168,81.109521,6629.2172,89.349,173.879,64.3741,15.111111,9.8888889,16.0,0.0,15.111111,2.5555556,1.4444444,2.2441,727.06233,0.2472968961613017,0.6799999956800019,0.1800000001800005,0.48500001048500135,1.0000000005557306,0.9999999997544367,0.3119596961490468,0.6479020958552836,0.9999999999776156,1.0000000000230045,0.9999999999378634,0.6799999956800019,0.44500000094500125,0.720000000720002,0.0,0.6799999956800019,0.11500000211500032,0.06499999806500019,1.000000000311928,1.000000000330095,7.6819337,190.7777,1059.0705,1059.0705,-16.719976,-11.450531,-49.499926,-11.522901,-9.658605,-3.2967,-10.675651,302.50551,1909.0861,1266.8475,-1274.0382,157.56332,1105.8982,1105.8982,-48.903958,7.6819337,1308.75148,.
2084.0,1021.1613,15.666667,4.0,10.777778,5.3983,12.2168,81.109521,6579.1314,89.349,173.879,64.3741,15.666667,10.096897,16.666667,0.0,15.666667,2.5555556,1.4444444,2.2441,727.06233,0.26890703378883213,0.705000015705002,0.1800000001800005,0.48500001048500135,1.0000000005557308,0.9999999997544367,0.31195969614904684,0.6430069937921675,0.9999999999776151,1.0000000000230052,0.9999999999378631,0.705000015705002,0.45436036545436165,0.7500000157500022,0.0,0.705000015705002,0.11500000211500032,0.06499999806500019,1.000000000311929,1.000000000330095,7.6819337,190.9112,1031.2628,1031.2628,-16.719976,-11.450531,-51.182643,-11.522901,-9.658605,-3.2967,-10.675651,302.67491,1879.6287,1279.2296,-1274.0382,157.67457,1065.7589,1065.7589,-48.903958,7.6819337,1290.35207,.
2085.0,1021.1613,16.111111,4.0,10.777778,5.3983,12.2168,77.32002,6532.6231,89.349,173.879,64.3741,16.111111,10.111111,17.222222,0.0,16.111111,2.4444444,1.3333333,2.2441,727.06233,0.2689070337888321,0.7249999957250021,0.1800000001800005,0.48500001048500135,1.0000000005557306,0.9999999997544365,0.29738469230311726,0.6384615362915937,0.9999999999776154,1.0000000000230043,0.9999999999378631,0.7249999957250021,0.45499999545500125,0.7749999907750021,0.0,0.7249999957250021,0.10999999811000032,0.05999999856000017,1.0000000003119294,1.000000000330095,7.8428171,189.34943,995.04698,995.04698,-33.166392,-15.142477,-52.571967,-11.764226,-9.5795916,-3.6330343,-14.117757,300.19883,1833.6736,1275.261,-1269.3335,156.38469,1017.6529,1017.6529,-48.503893,7.8428171,1272.72446,.
2086.0,1021.1613,16.606929,4.0,10.777778,5.3983,12.2168,73.850062,6482.5373,89.349,173.879,64.3741,16.666667,10.222222,17.888889,0.0,16.666667,2.4444444,1.3333333,2.2441,727.06233,0.268907033788832,0.7473118057473139,0.1800000001800005,0.48500001048500135,1.0000000005557301,0.9999999997544371,0.2840386999956301,0.6335664342284726,0.9999999999776166,1.0000000000230045,0.9999999999378631,0.7500000157500022,0.4599999904600013,0.8050000058050022,0.0,0.7500000157500022,0.10999999811000032,0.05999999856000017,1.000000000311929,1.000000000330095,7.8428171,189.34943,967.21565,967.21565,-33.166392,-15.142477,-54.379998,-11.764226,-9.5795916,-3.6330343,-14.117757,300.19883,1801.4653,1279.638,-1269.3335,156.38469,978.86132,978.86132,-48.503893,7.8428171,1253.8667599999999,.
2087.0,1021.1613,16.777778,3.7777778,10.444444,5.3983,12.2168,73.850062,6466.0971,89.349,173.879,64.3741,16.777778,10.111111,18.0,0.0,16.777778,2.3333333,1.2222222,2.2441,727.06233,0.2689070337888321,0.7550000107550022,0.17000000117000047,0.46999998047000136,1.0000000005557315,0.9999999997544369,0.28403869999563025,0.6319596623103232,0.9999999999776159,1.0000000000230052,0.9999999999378631,0.7550000107550022,0.45499999545500125,0.8100000008100023,0.0,0.7550000107550022,0.1049999986050003,0.05499999905500016,1.0000000003119291,1.000000000330095,7.6592109,184.91661,917.35491,917.35491,-16.194971,-11.090985,-55.008448,-11.488816,-9.3553261,-3.5479823,-10.340437,293.17095,1726.0006,1250.5172,-1239.6174,152.72361,918.68025,918.68025,-47.368381,7.6592109,1235.3281,.
2088.0,1021.1613,17.333333,3.7777778,10.444444,5.3983,12.2168,70.660609,6382.3656,89.349,173.879,64.3741,17.333333,10.222222,18.555556,0.0,17.333333,2.2222222,1.2222222,2.2441,727.06233,0.2689070337888321,0.7799999857800022,0.17000000117000047,0.46999998047000136,1.0000000005557308,0.9999999997544367,0.271771573072742,0.6237762203288002,0.9999999999776161,1.0000000000230045,0.9999999999378631,0.7799999857800022,0.4599999904600013,0.8350000208350024,0.0,0.7799999857800022,0.09999999910000028,0.05499999905500016,1.0000000003119291,1.000000000330095,7.6592109,184.91661,890.12352,890.12352,-32.389942,-11.090985,-57.045798,-11.488816,-9.3553261,-3.5479823,-10.340437,293.17095,1690.5738,1246.9783,-1239.6174,152.72361,882.09576,882.09576,-47.368381,7.6592109,1215.15838,.
2089.0,1021.1613,17.666667,3.7777778,10.228582,5.3983,12.2168,67.718731,6382.3656,89.349,173.879,64.3741,17.666667,10.111111,18.777778,0.0,17.666667,2.1111111,1.1111111,2.2441,727.06233,0.2689070337888321,0.7950000157950022,0.17000000117000047,0.46028619046028746,1.0000000005557301,0.9999999997544363,0.2604566576883008,0.6237762203287999,0.9999999999776156,1.0000000000230045,0.9999999999378631,0.7950000157950022,0.45499999545500125,0.8450000108450024,0.0,0.7950000157950022,0.09499999959500027,0.04999999955000014,1.000000000311928,1.000000000330095,7.5666721,182.68245,852.47216,852.47216,-15.999303,-10.956984,-58.503486,-11.350008,-9.2422949,-3.5051155,-10.215504,289.62886,1632.938,1223.5209,-1224.6403,150.8784,836.01108,836.01108,-46.796075,7.5666721,1195.67744,.
2090.0,1102.184,18.333333,3.7777778,10.222222,5.3983,12.2168,64.99646,6332.2798,89.349,173.879,64.3741,18.444444,10.222222,19.222222,0.0,18.333333,2.1111111,1.0,2.2441,727.06233,0.2902431086347574,0.8249999858250023,0.17000000117000047,0.4599999904600013,1.0000000005557301,0.9999999997544363,0.24998638461153866,0.6188811182656818,0.9999999999776158,1.0000000000230045,0.9999999999378636,0.8299999808300024,0.4599999904600013,0.8649999908650023,0.0,0.8249999858250023,0.09499999959500027,0.04500000004500013,1.0000000003119294,1.000000000330095,7.5666721,183.70183,825.60844,825.60844,-15.999303,-10.956984,-60.784585,-11.350008,-9.2422949,-3.855627,-13.620672,291.75563,1593.4065,1210.6372,-1224.6403,151.70857,801.35585,801.35585,-46.796075,7.5666721,1173.48063,.
2091.0,1102.184,19.0,3.6666667,10.111111,5.3983,12.2168,62.469887,6282.194,89.349,173.879,64.3741,19.111111,10.111111,19.333333,0.0,19.0,2.0,1.0,2.2441,727.06233,0.29024310863475733,0.8550000008550024,0.16500000166500048,0.45499999545500125,1.0000000005557301,0.9999999997544371,0.2402687961501497,0.6139860162025618,0.9999999999776155,1.000000000023004,0.9999999999378634,0.8599999958600025,0.45499999545500125,0.8699999858700025,0.0,0.8550000008550024,0.09000000009000025,0.04500000004500013,1.0000000003119285,1.000000000330095,7.5010292,184.08419,792.38934,792.38934,-31.72101,-10.861929,-62.651591,-11.251544,-12.216154,-4.1696492,-13.502509,293.19031,1541.0683,1182.1832,-1214.0163,152.00491,762.2389,762.2389,-46.390107,7.5010292,1151.88709,.
2092.0,1102.184,19.888889,3.6666667,10.0,5.3983,12.2168,57.924379,6228.5306,89.349,173.879,64.3741,20.111111,10.222222,19.54817,0.0,19.888889,1.8888889,0.88888889,2.2441,727.06233,0.29024310863475744,0.8950000058950025,0.16500000166500048,0.45000000045000127,1.0000000005557308,0.9999999997544371,0.2227860730734956,0.6087412598034619,0.9999999999776161,1.0000000000230054,0.9999999999378634,0.9049999959050026,0.4599999904600013,0.8796676508796701,0.0,0.8950000058950025,0.08500000058500023,0.04000000009000011,1.0000000003119287,1.000000000330095,7.5010292,186.32245,766.27536,766.27536,-15.860505,-10.861929,-65.178938,-11.251544,-9.1621155,-4.1696492,-13.502509,297.39484,1498.9203,1158.114,-1214.0163,153.83794,730.91733,730.91733,-46.390107,7.5010292,1129.72523,.
2093.0,1102.184,20.888889,3.5555556,10.0,5.3983,12.2168,55.872216,6128.3589,89.349,173.879,64.3741,21.111111,10.111111,19.555556,0.0,20.888889,1.8888889,0.88888889,2.2441,727.06233,0.2902431086347575,0.9400000059400027,0.16000000216000046,0.45000000045000127,1.0000000005557308,0.9999999997544367,0.21489313845823246,0.5989510459037906,0.9999999999776156,1.000000000023005,0.9999999999378631,0.9499999959500027,0.45499999545500125,0.8800000208800025,0.0,0.9400000059400027,0.08500000058500023,0.04000000009000011,1.0000000003119296,1.000000000330095,7.4883568,188.72006,739.05709,739.05709,-31.667419,-10.843579,-67.724693,-11.232535,-12.195516,-4.1626049,-13.479698,301.73533,1451.0017,1126.6016,-1211.9653,155.80577,699.15598,699.15598,-46.311734,7.4883568,1106.45697,.
2094.0,1102.184,21.979053,3.5555556,9.8888889,5.3983,12.2168,53.948473,6081.8507,89.349,173.879,64.3741,22.111111,10.111111,19.555556,0.0,21.888889,1.7777778,0.88888889,2.2441,727.06233,0.29024310863475733,0.9890573859890602,0.16000000216000046,0.44500000094500125,1.0000000005557306,0.9999999997544368,0.2074941269198847,0.5944055981766492,0.9999999999776162,1.0000000000230038,0.9999999999378628,0.9949999959950029,0.45499999545500125,0.8800000208800025,0.0,0.9850000059850027,0.08000000108000023,0.04000000009000011,1.0000000003119291,1.000000000330095,7.4883568,191.40459,713.1163,713.1163,-31.667419,-10.843579,-70.380564,-11.232535,-12.195516,-4.5094887,-13.479698,306.09084,1403.014,1091.8371,-1211.9653,158.02048,669.48301,669.48301,-46.311734,7.4883568,1083.182,.
2095.0,1182.166,22.222222,3.5555556,10.0,5.3983,12.2168,50.44032,5981.679,89.349,173.879,64.3741,22.222222,10.174121,19.666667,0.0,22.222222,1.7777778,0.88888889,2.2441,727.06233,0.311305131232459,0.9999999910000028,0.16000000216000046,0.45000000045000127,1.0000000005557308,0.9999999997544365,0.1940012307662462,0.5846153842769762,0.9999999999776159,1.000000000023005,0.9999999999378634,0.9999999910000028,0.4578354454578367,0.8850000158850025,0.0,0.9999999910000028,0.08000000108000023,0.04000000009000011,1.0000000003119291,1.000000000330095,7.5852283,196.5717,696.24203,696.24203,-32.077078,-10.983854,-74.384788,-11.377842,-12.35328,-4.5678247,-13.654075,313.96865,1369.9957,1066.7238,-1227.6436,162.29524,648.85224,648.85224,-46.910836,7.5852283,1057.37228,.
2096.0,1182.166,22.222222,3.5555556,9.8888889,5.3983,12.2168,47.320987,5935.1707,89.349,173.879,64.3741,22.222222,10.0,19.444444,0.0,22.222222,1.7777778,0.77777778,2.2441,727.06233,0.311305131232459,0.9999999910000028,0.16000000216000046,0.44500000094500125,1.0000000005557308,0.9999999997544368,0.18200379615104617,0.5800699267764037,0.9999999999776155,1.0000000000230045,0.9999999999378638,0.9999999910000028,0.45000000045000127,0.8749999808750025,0.0,0.9999999910000028,0.08000000108000023,0.0350000001350001,1.0000000003119294,1.000000000330095,7.5852283,198.8515,669.97327,669.97327,-16.038539,-10.983854,-77.344038,-11.377842,-9.2649603,-4.5678247,-10.240556,316.91119,1316.6773,1024.0123,-1222.1137,164.19391,620.1517,620.1517,-40.209288,7.5852283,1032.70058,.
2097.0,1261.1073,22.222222,3.6666667,10.111111,5.3983,12.2168,43.238663,5781.3357,89.349,173.879,64.3741,22.222222,10.333333,19.777778,0.0,22.222222,1.7777778,0.88888889,2.2441,727.06233,0.33209310158193694,0.9999999910000028,0.16500000166500048,0.45499999545500125,1.0000000005557308,0.9999999997544367,0.16630254999744157,0.5650349662510644,0.9999999999776154,1.0000000000230047,0.9999999999378628,0.9999999910000028,0.46499998546500126,0.8900000108900026,0.0,0.9999999910000028,0.08000000108000023,0.04000000009000011,1.0000000003119283,1.000000000330095,7.8386673,210.61833,665.04593,665.04593,-16.574421,-11.350849,-83.403413,-11.758001,-12.76603,-5.0835568,-10.582715,336.54025,1303.6605,1009.7808,-1257.2324,173.89003,611.52629,611.52629,-41.552767,7.8386673,1004.79048,.
2098.0,1261.1073,22.222222,3.5555556,10.0,5.3983,12.2168,40.84624,5715.0698,89.349,173.879,64.3741,22.222222,10.111111,19.222222,0.0,22.222222,1.6666667,0.77777778,2.2441,727.06233,0.332093101581937,0.9999999910000028,0.16000000216000046,0.45000000045000127,1.0000000005557306,0.9999999997544367,0.15710092307450613,0.5585585129688091,0.9999999999776156,1.000000000023005,0.999999999937863,0.9999999910000028,0.45499999545500125,0.8649999908650023,0.0,0.9999999910000028,0.07500000157500021,0.0350000001350001,1.0000000003119287,1.000000000330095,7.8386673,213.72639,637.32506,637.32506,-33.148843,-11.350849,-87.01756,-11.758001,-12.76603,-5.446668,-14.110287,341.20418,1245.3115,959.75032,-1257.2324,176.46206,582.55519,582.55519,-48.478229,7.8386673,978.382479,.
2099.0,1339.008,22.222222,3.7777778,10.333333,5.3983,12.2168,36.691737,5519.3131,89.349,173.879,64.3741,22.222222,10.444444,19.777778,0.0,22.222222,1.7777778,0.88888889,2.2441,727.06233,0.3526070460166445,0.9999999910000028,0.17000000117000047,0.46499998546500126,1.0000000005557304,0.9999999997544362,0.14112206538244434,0.5394263632169929,0.9999999999776151,1.000000000023004,0.9999999999378634,0.9999999910000028,0.46999998047000136,0.8900000108900026,0.0,0.9999999910000028,0.08000000108000023,0.04000000009000011,1.0000000003119291,1.000000000330095,8.2072473,223.5781,637.92838,637.92838,-34.707526,-11.884574,-95.038821,-12.310871,-13.366299,-5.7027744,-14.773763,355.1667,1241.9024,952.98612,-1316.3485,184.63715,579.7343,579.7343,-50.757711,8.2072473,948.462519,.
2100.0,1339.008,22.222222,3.6666667,10.111111,5.3983,12.2168,34.023029,5291.2101,89.349,173.879,64.3741,22.222222,10.222222,19.222222,0.0,22.222222,1.6666667,0.77777778,2.2441,727.06233,0.3526070460166444,0.9999999910000028,0.16500000166500048,0.45499999545500125,1.0000000005557301,0.9999999997544367,0.13085780384414067,0.5171328695340767,0.9999999999776161,1.0000000000230045,0.9999999999378631,0.9999999910000028,0.4599999904600013,0.8649999908650023,0.0,0.9999999910000028,0.07500000157500021,0.0350000001350001,1.0000000003119291,1.000000000330095,8.5620924,221.98938,606.41079,606.41079,-34.707526,-11.884574,-99.259534,-12.843139,-13.366299,-6.0829594,-14.773763,350.86574,1189.7192,903.45318,-1310.3651,183.36818,546.14914,546.14914,-50.757711,8.5620924,918.389249,.
2101.0,1339.008,22.222222,3.1111111,9.0,5.3983,12.2168,34.023029,5291.2101,89.349,173.879,64.3741,22.222222,9.2222222,22.222222,0.0,22.222222,1.3333333,0.44444444,2.2441,727.06233,0.3526070460166445,0.9999999910000028,0.1399999996400004,0.40500000040500117,1.000000000555731,0.9999999997544368,0.13085780384414067,0.5171328695340767,0.9999999999776156,1.0000000000230052,0.9999999999378634,0.9999999910000028,0.41499999941500115,0.9999999910000028,0.0,0.9999999910000028,0.05999999856000017,0.019999999820000055,1.0000000003119291,1.000000000330095,8.3313491,204.55736,537.69845,537.69845,-16.23642,-11.119371,-96.953716,-12.497024,-12.505693,-5.6913006,-13.822537,321.40091,1064.0492,1064.0492,-1220.3974,169.0126,479.95376,479.95376,-40.705383,8.3313491,891.1367679,.
2102.0,1415.8679,22.222222,3.0,8.6666667,5.3983,12.2168,31.661795,5198.1935,89.349,173.879,64.3741,22.222222,9.0986119,22.222222,0.0,22.222222,1.2222222,0.33333333,2.2441,727.06233,0.37284691186967495,0.9999999910000028,0.13500000013500038,0.3900000018900011,1.0000000005557308,0.9999999997544363,0.12177613461351114,0.5080419545329306,0.9999999999776159,1.0000000000230043,0.9999999999378628,0.9999999910000028,0.4094375359094387,0.9999999910000028,0.0,0.9999999910000028,0.05499999905500016,0.014999999865000042,1.0000000003119285,1.000000000330095,8.4240783,199.71648,508.26302,508.26302,-16.23642,-11.119371,-101.17502,-12.636117,-12.505693,-6.0470069,-13.822537,311.56307,1015.4507,1015.4507,-1214.7993,165.06491,449.45051,449.45051,-40.705383,8.4240783,860.965924,.
2103.0,1491.6872,22.222222,3.1111111,8.8888889,5.3983,12.2168,28.274388,4908.4112,89.349,173.879,64.3741,22.222222,9.4444444,22.222222,0.0,22.222222,1.2222222,0.33333333,2.2441,727.06233,0.3928127518079351,0.9999999910000028,0.1399999996400004,0.4000000009000011,1.0000000005557306,0.9999999997544363,0.10874764615217312,0.47972027584185184,0.9999999999776156,1.0000000000230043,0.9999999999378631,0.9999999910000028,0.4249999984250012,0.9999999910000028,0.0,0.9999999910000028,0.05499999905500016,0.014999999865000042,1.0000000003119278,1.000000000330095,9.0104555,201.96,501.8564,501.8564,-17.033407,-11.665181,-110.85555,-13.515683,-13.119553,-6.3438328,-14.501035,313.20196,1015.1937,1015.1937,-1268.5565,166.96325,439.54782,439.54782,-42.703465,9.0104555,827.482425,.
2104.0,1491.6872,22.222222,2.8888889,8.5555555,5.3983,12.2168,26.508969,4810.526,89.349,173.879,64.3741,22.222222,9.2222222,22.222222,0.0,22.222222,1.0,0.22222222,2.2441,727.06233,0.39281275180793507,0.9999999910000028,0.13000000063000036,0.3849999978850011,1.0000000005557301,0.9999999997544367,0.10195757307535452,0.4701535314857907,0.9999999999776156,1.0000000000230047,0.9999999999378634,0.9999999910000028,0.41499999941500115,0.9999999910000028,0.0,0.9999999910000028,0.04500000004500013,0.009999999910000027,1.0000000003119294,1.000000000330095,9.0104555,192.63446,470.60473,470.60473,-17.033407,-11.665181,-115.71263,-13.515683,-13.119553,-6.7169994,-14.501035,297.42744,966.54804,966.54804,-1262.6835,159.28439,407.90298,407.90298,-42.703465,9.0104555,797.258367,.
2105.0,1566.4657,22.222222,2.8888889,8.4444444,5.3983,12.2168,23.448645,4568.5431,89.349,173.879,64.3741,22.222222,9.3333333,22.222222,0.0,22.222222,1.0,0.22222222,2.2441,727.06233,0.4125045131645181,0.9999999910000028,0.13000000063000036,0.3799999983800011,1.0000000005557308,0.9999999997544371,0.09018709615245867,0.4465034950876553,0.9999999999776154,1.000000000023004,0.9999999999378636,0.9999999910000028,0.41999999892000117,0.9999999910000028,0.0,0.9999999910000028,0.04500000004500013,0.009999999910000027,1.0000000003119283,1.000000000330095,9.3356927,188.32288,455.64398,455.64398,-17.648237,-12.086242,-125.21775,-14.003539,-13.59311,-7.3460893,-15.024458,289.44555,953.03175,953.03175,-1302.1758,155.75016,390.58124,390.58124,-44.244869,9.3356927,763.38709,.
2106.0,1632.5915,22.222222,2.6666667,8.0,5.3983,12.2168,21.690865,4468.3715,89.349,173.879,64.3741,22.222222,9.1111111,22.222222,0.0,22.222222,0.77777778,0.11111111,2.2441,727.06233,0.4299177198096521,0.9999999910000028,0.12000000162000034,0.360000000360001,1.0000000005557308,0.9999999997544369,0.08342640384487038,0.4367132909614167,0.9999999999776158,1.0000000000230056,0.9999999999378631,0.9999999910000028,0.4099999999100012,0.9999999910000028,0.0,0.9999999910000028,0.0350000001350001,0.004999999955000014,1.0000000003119285,1.000000000330095,9.2653293,175.72922,424.48203,424.48203,-17.648237,-12.086242,-130.69418,-13.897994,-13.59311,-7.3460893,-15.024458,268.96519,907.13478,907.13478,-1290.006,145.36103,359.35145,359.35145,-44.244869,9.2653293,731.1290799999999,.
2107.0,1784.5573,22.222222,2.5555556,7.7777778,5.3983,12.2168,19.386933,4003.2888,89.349,173.879,64.3741,22.222222,9.1980702,22.222222,0.0,22.222222,0.66666667,0.0,2.2441,727.06233,0.46993556274528525,0.9999999910000028,0.11500000211500032,0.350000001350001,1.000000000555731,0.9999999997544368,0.07456512692192979,0.39125874527598686,0.9999999999776158,1.0000000000230045,0.9999999999378631,0.9999999910000028,0.4139131594139143,0.9999999910000028,0.0,0.9999999910000028,0.030000000180000087,0.0,1.000000000311929,1.000000000330095,10.593733,166.08294,403.49764,403.49764,-18.067979,-12.373699,-139.56079,-15.8906,-13.916406,-7.9166392,-15.381797,253.35017,884.43177,884.43177,-1314.4575,137.40177,336.94093,336.94093,-45.29718,10.593733,691.69571,.
2108.0,1784.5573,22.222222,2.3333333,7.3333333,5.3983,12.2168,18.03327,4039.0644,89.349,173.879,64.3741,22.222222,9.0,22.222222,0.0,22.222222,0.55555555,0.0,2.2441,727.06233,0.4699355627452851,0.9999999910000028,0.1049999986050003,0.3299999988300009,1.0000000005557306,0.9999999997544367,0.06935873076816375,0.394755249542053,0.9999999999776168,1.0000000000230038,0.9999999999378628,0.9999999910000028,0.40500000040500117,0.9999999910000028,0.0,0.9999999910000028,0.02499999977500007,0.0,1.0000000003119291,1.000000000330095,10.058683,152.17062,374.42486,374.42486,-18.067979,-12.373699,-145.62206,-15.088025,-13.916406,-8.3124711,-15.381797,231.22675,843.65821,843.65821,-1301.9982,125.91297,307.84041,307.84041,-45.29718,10.058683,660.7196,.
2109.0,1784.5573,22.222222,2.5555556,7.7777778,5.3983,12.2168,14.634703,4003.2888,89.349,173.879,64.3741,22.222222,9.8383872,22.222222,0.0,22.222222,0.55555556,0.0,2.2441,727.06233,0.4699355627452852,0.9999999910000028,0.11500000211500032,0.350000001350001,1.000000000555731,0.9999999997544369,0.05628731922990328,0.39125874527598675,0.9999999999776165,1.000000000023005,0.9999999999378638,0.9999999910000028,0.44272742444272867,0.9999999910000028,0.0,0.9999999910000028,0.02500000022500007,0.0,1.000000000311929,1.000000000330095,9.9603069,151.96673,379.91026,379.91026,-39.540896,-13.53962,-166.14161,-14.94046,-19.034612,-9.5288493,-16.831158,230.22084,881.70631,881.70631,-1411.0467,125.7607,307.12912,307.12912,-49.56534,9.9603069,628.51106,.
2110.0,1784.5573,22.222222,2.3333333,7.3333333,5.3983,12.2168,13.223133,4003.2888,89.349,173.879,64.3741,22.222222,9.0,22.222222,0.0,22.222222,0.44444444,0.0,2.2441,727.06233,0.4699355627452852,0.9999999910000028,0.1049999986050003,0.3299999988300009,1.000000000555731,0.9999999997544368,0.05085820384537142,0.39125874527598664,0.9999999999776155,1.0000000000230047,0.9999999999378634,0.9999999910000028,0.40500000040500117,0.9999999910000028,0.0,0.9999999910000028,0.019999999820000055,0.0,1.0000000003119285,1.000000000330095,9.6572278,138.03143,351.84979,351.84979,-19.770448,-9.0264133,-172.93982,-14.485842,-15.227689,-9.5288493,-12.623368,208.83121,797.27686,797.27686,-1390.5967,114.23505,284.93205,284.93205,-41.30445,9.6572278,596.1554699999999,.
2111.0,1924.7482,22.222222,2.6666667,8.1111111,5.3983,12.2168,9.7776142,3813.6781,89.349,155.41504,64.3741,22.222222,9.5555555,22.222222,0.0,22.222222,0.66666667,0.0,2.2441,727.06233,0.5068526678913445,0.9999999910000028,0.12000000162000034,0.36499999986500103,1.0000000005557306,0.9999999997544363,0.037606208460959925,0.3727272707111483,0.9999999999776158,0.8938114436106445,0.9999999999378631,0.9999999910000028,0.42999999793000127,0.9999999910000028,0.0,0.9999999910000028,0.030000000180000087,0.0,1.0000000003119276,1.000000000330095,10.320482,140.45475,368.05714,368.05714,-22.331094,-10.195504,-203.20478,-15.480723,-17.199962,-10.763015,-14.258332,212.06773,811.88087,811.88087,-1547.6066,116.25039,298.49235,298.49235,-46.654155,10.320482,558.61253,.
2112.0,1855.1731,22.222222,2.4444444,7.6232159,5.3983,12.2168,8.5270374,3903.1171,89.349,155.41504,64.3741,22.222222,8.6666667,22.222222,0.0,22.222222,0.55555555,0.0,2.2441,727.06233,0.4885311414424269,0.9999999910000028,0.10999999811000032,0.3430447158430457,1.0000000005557308,0.9999999997544367,0.03279629769180314,0.3814685313763145,0.9999999999776156,0.893811443610645,0.9999999999378634,0.9999999910000028,0.3900000018900011,0.9999999910000028,0.0,0.9999999910000028,0.02499999977500007,0.0,1.000000000311929,1.000000000330095,9.6054856,126.86866,341.09429,341.09429,-22.331094,-10.195504,-211.25806,-14.408228,-17.199962,-11.252243,-14.258332,191.76465,729.6383,729.6383,-1524.508,105.0011,277.19947,277.19947,-46.654155,9.6054856,526.86554,.
2113.0,1943.0445,22.222222,3.0,8.6666667,5.3983,12.2168,5.1298836,3713.5065,89.349,155.41504,64.3741,22.222222,9.4444444,22.222222,0.0,22.222222,0.88888889,0.11111111,2.2441,727.06233,0.5116707155027361,0.9999999910000028,0.13500000013500038,0.3900000018900011,1.0000000005557301,0.9999999997544363,0.01973032153815801,0.36293706658490876,0.9999999999776151,0.893811443610644,0.9999999999378634,0.9999999910000028,0.4249999984250012,0.9999999910000028,0.0,0.9999999910000028,0.04000000009000011,0.004999999955000014,1.0000000003119291,1.000000000330095,10.224118,134.76362,367.17845,367.17845,-25.907919,-17.742813,-254.43896,-15.336177,-24.943652,-13.62213,-22.056165,205.15319,758.06884,758.06884,-1750.8265,111.50141,299.08561,299.08561,-64.952235,10.224118,488.53957,.
2114.0,1924.7482,22.222222,2.7777778,8.2222222,5.3983,12.2168,4.2015008,3813.6781,89.349,155.41504,64.3741,22.222222,8.4444444,22.111111,0.0,22.222222,0.77777778,0.0,2.2441,727.06233,0.5068526678913445,0.9999999910000028,0.12500000112500034,0.369999999370001,1.0000000005557301,0.9999999997544363,0.01615961846128985,0.3727272707111492,0.9999999999776161,0.8938114436106448,0.9999999999378634,0.9999999910000028,0.3799999983800011,0.9949999959950029,0.0,0.9999999910000028,0.0350000001350001,0.0,1.0000000003119287,1.000000000330095,9.4563513,126.45851,341.29256,341.29256,-25.907919,-11.828542,-263.34758,-14.184527,-19.954921,-13.62213,-16.542124,195.19873,676.0906,676.0906,-1706.1626,104.5668,278.57473,278.57473,-54.126862,9.4563513,455.16712,.
2115.0,1943.0445,22.222222,3.0,8.6666667,5.3983,12.2168,5.1298836,3713.5065,89.349,155.41504,64.3741,22.222222,9.4444444,22.222222,0.0,22.222222,0.88888889,0.11111111,2.2441,727.06233,0.5116707155027364,0.9999999910000028,0.13500000013500038,0.3900000018900011,1.0000000005557308,0.9999999997544368,0.019730321538158,0.3629370665849097,0.9999999999776156,0.8938114436106451,0.9999999999378634,0.9999999910000028,0.4249999984250012,0.9999999910000028,0.0,0.9999999910000028,0.04000000009000011,0.004999999955000014,1.0000000003119294,1.000000000330095,9.6372117,127.02764,346.10091,346.10091,-24.420698,-16.724303,-239.83312,-14.455818,-23.511784,-12.840164,-20.790051,193.37656,714.55259,714.55259,-1650.3219,105.10077,281.91688,281.91688,-61.223711,9.6372117,417.06552,.
2116.0,1924.7482,22.222222,2.7777778,8.2222222,5.3983,12.2168,4.2015008,3813.6781,89.349,155.41504,64.3741,22.222222,8.4444444,22.111111,0.0,22.222222,0.77777778,0.0,2.2441,727.06233,0.5068526678913445,0.9999999910000028,0.12500000112500034,0.369999999370001,1.0000000005557308,0.9999999997544362,0.016159618461289854,0.37272727071114875,0.9999999999776162,0.8938114436106441,0.9999999999378626,0.9999999910000028,0.3799999983800011,0.9949999959950029,0.0,0.9999999910000028,0.0350000001350001,0.0,1.0000000003119296,1.000000000330095,8.913518,119.19928,321.70097,321.70097,-24.420698,-11.149536,-248.23035,-13.370277,-18.809427,-12.840164,-15.592538,183.99352,637.28023,637.28023,-1608.2219,98.564237,262.5834,262.5834,-51.019759,8.913518,381.78697,.
2117.0,1943.0445,22.222222,3.0,8.6666667,5.3983,12.2168,5.1298836,3713.5065,89.349,155.41504,64.3741,22.222222,9.4444444,22.222222,0.0,22.222222,0.88888889,0.11111111,2.2441,727.06233,0.5116707155027364,0.9999999910000028,0.13500000013500038,0.3900000018900011,1.0000000005557308,0.9999999997544363,0.019730321538158,0.3629370665849082,0.9999999999776162,0.8938114436106445,0.9999999999378631,0.9999999910000028,0.4249999984250012,0.9999999910000028,0.0,0.9999999910000028,0.04000000009000011,0.004999999955000014,1.0000000003119291,1.000000000330095,9.0839963,119.73573,326.2333,326.2333,-23.01885,-15.76426,-226.06572,-13.625995,-22.162111,-12.103086,-19.596617,182.27595,673.53435,673.53435,-1555.5867,99.06756,265.73369,265.73369,-57.709219,9.0839963,342.73348999999996,.
2118.0,1924.7482,22.222222,2.7777778,8.2222222,5.3983,12.2168,4.2015008,3813.6781,89.349,155.41504,64.3741,22.222222,8.4444444,22.111111,0.0,22.222222,0.77777778,0.0,2.2441,727.06233,0.5068526678913446,0.9999999910000028,0.12500000112500034,0.369999999370001,1.0000000005557306,0.9999999997544367,0.016159618461289858,0.372727270711149,0.9999999999776161,0.8938114436106445,0.9999999999378634,0.9999999910000028,0.3799999983800011,0.9949999959950029,0.0,0.9999999910000028,0.0350000001350001,0.0,1.0000000003119294,1.000000000330095,8.4018456,112.35675,303.23402,303.23402,-23.01885,-10.509507,-233.98092,-12.602768,-17.729689,-12.103086,-14.697463,173.43154,600.69774,600.69774,-1515.9034,92.906247,247.51004,247.51004,-48.091016,8.4018456,306.70176000000004,.
2119.0,1943.0445,22.222222,3.0,8.6666667,5.3983,12.2168,5.1298836,3713.5065,89.349,155.41504,64.3741,22.222222,9.4444444,22.222222,0.0,22.222222,0.88888889,0.11111111,2.2441,727.06233,0.5116707155027361,0.9999999910000028,0.13500000013500038,0.3900000018900011,1.0000000005557308,0.9999999997544365,0.01973032153815801,0.36293706658490904,0.9999999999776156,0.8938114436106445,0.9999999999378631,0.9999999910000028,0.4249999984250012,0.9999999910000028,0.0,0.9999999910000028,0.04000000009000011,0.004999999955000014,1.0000000003119283,1.000000000330095,8.5625378,112.86241,307.50617,307.50617,-21.697474,-14.859327,-213.08862,-12.843807,-20.889916,-11.40832,-18.471691,171.81257,634.87072,634.87072,-1466.2897,93.380677,250.47949,250.47949,-54.396474,8.5625378,267.31484,.
2120.0,1924.7482,22.222222,2.7777778,8.2222222,5.3983,12.2168,4.2015008,3813.6781,89.349,155.41504,64.3741,22.222222,8.4444444,22.111111,0.0,22.222222,0.77777778,0.0,2.2441,727.06233,0.5068526678913448,0.9999999910000028,0.12500000112500034,0.369999999370001,1.0000000005557304,0.9999999997544371,0.016159618461289858,0.3727272707111491,0.9999999999776156,0.8938114436106451,0.9999999999378631,0.9999999910000028,0.3799999983800011,0.9949999959950029,0.0,0.9999999910000028,0.0350000001350001,0.0,1.0000000003119287,1.000000000330095,7.9195453,105.90701,285.82715,285.82715,-21.697474,-9.9062179,-220.54945,-11.879318,-16.711932,-11.40832,-13.853768,163.47586,566.21523,566.21523,-1428.8843,87.573048,233.30195,233.30195,-45.330395,7.9195453,230.91732000000002,.
2121.0,1924.7482,22.222222,3.0,8.7777778,5.3983,12.2168,4.1031835,3713.5065,89.349,144.36048,64.3741,22.222222,9.2222222,22.222222,0.0,22.222222,0.88888889,0.11111111,2.2441,727.06233,0.5068526678913448,0.9999999910000028,0.13500000013500038,0.39500000139500113,1.0000000005557308,0.9999999997544363,0.015781474999757215,0.36293706658490993,0.9999999999776151,0.8302352785748766,0.9999999999378631,0.9999999910000028,0.41499999941500115,0.9999999910000028,0.0,0.9999999910000028,0.04000000009000011,0.004999999955000014,1.0000000003119294,1.000000000330095,8.0578777,115.96277,291.23939,291.23939,-21.20878,-14.191031,-214.92535,-12.086817,-20.339008,-11.380062,-17.922348,172.90132,589.88498,589.88498,-1420.811,96.03111,237.49852,237.49852,-52.124473,8.0578777,191.38138000000004,.
2122.0,1924.7482,22.222222,2.6666667,8.1111111,5.3983,12.2168,3.3477249,3813.6781,89.349,136.79143,64.3741,22.222222,8.2222222,21.594108,0.0,22.222222,0.77777778,0.0,2.2441,727.06233,0.5068526678913445,0.9999999910000028,0.12000000162000034,0.36499999986500103,1.0000000005557301,0.9999999997544367,0.012875864999801914,0.37272727071114886,0.9999999999776166,0.7867047199670274,0.9999999999378634,0.9999999910000028,0.369999999370001,0.9717348609717376,0.0,0.9999999910000028,0.0350000001350001,0.0,1.0000000003119291,1.000000000330095,7.4663872,105.80512,267.82311,267.82311,-21.000003,-9.6354396,-220.38488,-11.199581,-16.415931,-11.302307,-13.630607,160.45246,523.11908,523.11908,-1376.4739,87.556073,218.78488,218.78488,-43.611532,7.4663872,154.73378000000002,.
2123.0,2443.8843,22.222222,1.5555556,5.7777778,5.3983,12.2168,0.0,2714.8064,73.463608,91.702961,64.3741,22.222222,2.8888889,9.5555555,0.0,22.222222,0.11111111,0.0,2.2441,727.06233,0.643559130213901,0.9999999910000028,0.07000000207000019,0.2600000012600007,1.0000000005557308,0.9999999997544369,0.0,0.26532978228580917,0.8222096273976831,0.527395263384938,0.9999999999378638,0.9999999910000028,0.13000000063000036,0.42999999793000127,0.0,0.9999999910000028,0.004999999955000014,0.0,1.0000000003119287,1.000000000330095,10.497297,199.95103,199.95103,199.95103,-37.163298,-18.38125,-578.06184,-15.745945,-35.780117,-26.867636,-29.00168,253.72574,253.72574,253.72574,-2257.3167,166.62586,166.62586,166.62586,-69.877455,10.497297,92.47044000000005,.
2124.0,2678.4758,22.222222,0.0,1.6666667,5.3983,12.2168,0.0,2418.43,80.847582,100.0765,64.3741,21.444444,0.22222222,3.5555556,0.0,22.222222,0.0,0.0,2.2441,727.06233,0.7053351732514433,0.9999999910000028,0.0,0.07500000157500021,1.0000000005557308,0.9999999997544365,0.0,0.23636363365486035,0.9048515595942906,0.57555253942283,0.9999999999378631,0.9649999809650027,0.009999999910000027,0.16000000216000046,0.0,0.9999999910000028,0.0,0.0,1.0000000003119291,1.000000000330095,11.720002,96.507526,96.507526,96.507526,-24.775532,-12.725481,-461.49366,-17.580003,-26.238752,-21.16844,-21.092131,122.4622,122.4622,122.4622,-1710.6062,80.422938,80.422938,80.422938,-51.761078,11.720002,44.92781000000002,.
2125.0,2839.9736,22.222222,0.0,1.4444444,5.3983,12.2168,0.0,2361.1891,89.349,136.79143,64.3741,20.007388,0.11111111,3.2222222,0.0,22.222222,0.0,0.0,2.2441,727.06233,0.7478631209531647,0.9999999910000028,0.0,0.06499999806500019,1.0000000005557304,0.9999999997544361,0.0,0.23076923269321348,0.9999999999776162,0.7867047199670273,0.999999999937863,0.9003324609003349,0.004999999955000014,0.14499999914500042,0.0,0.9999999910000028,0.0,0.0,1.0000000003119291,1.000000000330095,12.454878,88.232442,88.232442,88.232442,-17.560337,-8.6084972,-275.36791,-18.682318,-16.902536,-12.771111,-13.720996,111.96162,111.96162,111.96162,-1066.8342,73.527035,73.527035,73.527035,-32.949479,12.454878,2.2831599999999526,.
2126.0,2843.4921,10.888889,0.0,0.0,5.3983,12.2168,2.6421698,2360.6828,89.349,155.41504,64.3741,8.2222222,0.0,0.22222222,0.0,11.0,0.0,0.0,2.2441,727.06233,0.7487896635066148,0.49000000549000144,0.0,0.0,1.0000000005557308,0.9999999997544367,0.010162191538305195,0.23071974980236332,0.9999999999776156,0.8938114436106446,0.9999999999378636,0.369999999370001,0.0,0.009999999910000027,0.0,0.4950000004950014,0.0,0.0,1.0000000003119294,1.000000000330095,12.159293,40.518243,40.518243,40.518243,-11.226723,-5.6565557,-205.47449,-18.23894,-11.704466,-9.4175349,-9.4406023,51.415195,51.415195,51.415195,-759.71152,33.765203,33.765203,33.765203,-22.995357,12.159293,-35.86704999999995,.
2127.0,2674.1542,22.222222,0.0,1.1111111,5.3983,12.2168,5.7971831,3377.2159,89.349,155.41504,64.3741,18.555556,0.0,2.7960529,0.0,22.222222,0.0,0.0,2.2441,727.06233,0.7041971467347491,0.9999999910000028,0.0,0.04999999955000014,1.0000000005557306,0.9999999997544367,0.022296858076580058,0.3300699303932583,0.9999999999776151,0.8938114436106446,0.9999999999378634,0.8350000208350024,0.0,0.12582238062582274,0.0,0.9999999910000028,0.0,0.0,1.0000000003119294,1.000000000330095,10.672652,77.521079,77.521079,77.521079,-10.25688,-5.0296254,-160.76695,-10.672652,-9.8719121,-7.4567817,-8.0133645,98.369551,98.369551,98.369551,-623.05416,64.600899,64.600899,64.600899,-19.24521,10.672652,-55.22560999999996,.
2128.0,2678.3656,10.0,0.0,0.0,5.3983,12.2168,10.113417,3377.2159,89.349,173.879,64.3741,7.5555555,0.0,0.11111111,0.0,10.111111,0.0,0.0,2.2441,727.06233,0.7053061537859352,0.45000000045000127,0.0,0.0,1.0000000005557306,0.9999999997544368,0.03889775769170927,0.33006993039325877,0.9999999999776161,1.0000000000230045,0.9999999999378634,0.33999999784000096,0.0,0.004999999955000014,0.0,0.45499999545500125,0.0,0.0,1.0000000003119287,1.000000000330095,10.361798,35.694447,35.694447,35.694447,-6.5668558,-3.311973,-120.2972,-10.361798,-6.851835,-5.5138215,-5.5255932,45.29409,45.29409,45.29409,-444.8393,29.745372,29.745372,29.745372,-13.464413,10.361798,-90.39811999999995,.
2129.0,2674.1542,22.222222,0.0,1.1111111,5.3983,12.2168,5.7971831,3377.2159,89.349,155.41504,64.3741,18.555556,0.0,2.7960529,0.0,22.222222,0.0,0.0,2.2441,727.06233,0.7041971467347493,0.9999999910000028,0.0,0.04999999955000014,1.000000000555731,0.9999999997544369,0.02229685807658005,0.3300699303932594,0.9999999999776154,0.893811443610645,0.999999999937863,0.8350000208350024,0.0,0.12582238062582274,0.0,0.9999999910000028,0.0,0.0,1.0000000003119294,1.000000000330095,10.059998,73.071052,73.071052,73.071052,-9.6680934,-4.7409043,-151.53826,-10.059998,-9.3052239,-7.028732,-7.5533646,92.722737,92.722737,92.722737,-587.2883,60.892543,60.892543,60.892543,-18.140456,10.059998,-124.20885999999996,.
2130.0,2678.3656,10.0,0.0,0.0,5.3983,12.2168,10.113417,3377.2159,89.349,173.879,64.3741,7.5555555,0.0,0.11111111,0.0,10.111111,0.0,0.0,2.2441,727.06233,0.7053061537859351,0.45000000045000127,0.0,0.0,1.0000000005557308,0.9999999997544363,0.03889775769170927,0.33006993039325905,0.9999999999776162,1.000000000023004,0.999999999937863,0.33999999784000096,0.0,0.004999999955000014,0.0,0.45499999545500125,0.0,0.0,1.0000000003119294,1.000000000330095,9.7669887,33.64544,33.64544,33.64544,-6.1898914,-3.1218522,-113.39165,-9.7669887,-6.4585116,-5.1973056,-5.2084016,42.694024,42.694024,42.694024,-419.30371,28.037866,28.037866,28.037866,-12.6915,9.7669887,-157.5235600000001,.
2131.0,2674.1542,22.222222,0.0,1.1111111,5.3983,12.2168,5.7971831,3377.2159,89.349,155.41504,64.3741,18.555556,0.0,2.7960529,0.0,22.222222,0.0,0.0,2.2441,727.06233,0.7041971467347493,0.9999999910000028,0.0,0.04999999955000014,1.0000000005557308,0.9999999997544371,0.022296858076580047,0.3300699303932581,0.9999999999776168,0.8938114436106449,0.9999999999378636,0.8350000208350024,0.0,0.12582238062582274,0.0,0.9999999910000028,0.0,0.0,1.0000000003119291,1.000000000330095,9.4825133,68.876475,68.876475,68.876475,-9.1131053,-4.468757,-142.83935,-9.4825133,-8.771066,-6.625254,-7.1197706,87.400072,87.400072,87.400072,-553.57555,57.397062,57.397062,57.397062,-17.09912,9.4825133,-189.95506,.
2132.0,2678.3656,10.0,0.0,0.0,5.3983,12.2168,10.113417,3377.2159,89.349,173.879,64.3741,7.5555555,0.0,0.11111111,0.0,10.111111,0.0,0.0,2.2441,727.06233,0.7053061537859352,0.45000000045000127,0.0,0.0,1.0000000005557308,0.9999999997544368,0.038897757691709264,0.3300699303932592,0.9999999999776162,1.0000000000230047,0.9999999999378636,0.33999999784000096,0.0,0.004999999955000014,0.0,0.45499999545500125,0.0,0.0,1.0000000003119291,1.000000000330095,9.2063235,31.714054,31.714054,31.714054,-5.8345663,-2.9426451,-106.88251,-9.2063235,-6.0877666,-4.898959,-4.909418,40.243212,40.243212,40.243212,-395.23396,26.428378,26.428378,26.428378,-11.962956,9.2063235,-221.8369600000001,.
2133.0,2674.1542,22.222222,0.0,1.1111111,5.3983,12.2168,5.7971831,3377.2159,89.349,155.41504,64.3741,18.555556,0.0,2.7960529,0.0,22.222222,0.0,0.0,2.2441,727.06233,0.704197146734749,0.9999999910000028,0.0,0.04999999955000014,1.0000000005557312,0.9999999997544365,0.02229685807658006,0.33006993039325844,0.9999999999776156,0.8938114436106445,0.9999999999378631,0.8350000208350024,0.0,0.12582238062582274,0.0,0.9999999910000028,0.0,0.0,1.0000000003119278,1.000000000330095,8.9381782,64.922683,64.922683,64.922683,-8.5899757,-4.2122321,-134.63979,-8.9381782,-8.2675709,-6.2449373,-6.7110666,82.38295,82.38295,82.38295,-521.79805,54.102236,54.102236,54.102236,-16.11756,8.9381782,-252.89316000000008,.
2134.0,2678.3656,10.0,0.0,0.0,5.3983,12.2168,10.113417,3377.2159,89.349,173.879,64.3741,7.5555555,0.0,0.11111111,0.0,10.111111,0.0,0.0,2.2441,727.06233,0.7053061537859353,0.45000000045000127,0.0,0.0,1.0000000005557306,0.9999999997544365,0.03889775769170928,0.33006993039325855,0.9999999999776159,1.0000000000230045,0.9999999999378631,0.33999999784000096,0.0,0.004999999955000014,0.0,0.45499999545500125,0.0,0.0,1.0000000003119283,1.000000000330095,8.6778429,29.893537,29.893537,29.893537,-5.4996383,-2.7737252,-100.74701,-8.6778429,-5.7383039,-4.6177387,-4.6275973,37.933087,37.933087,37.933087,-372.54591,24.911281,24.911281,24.911281,-11.276234,8.6778429,-283.51926000000003,.
2135.0,2674.1542,22.222222,0.0,1.1111111,5.3983,12.2168,5.7971831,3377.2159,89.349,155.41504,64.3741,18.555556,0.0,2.7960529,0.0,22.222222,0.0,0.0,2.2441,727.06233,0.7041971467347491,0.9999999910000028,0.0,0.04999999955000014,1.0000000005557306,0.9999999997544362,0.022296858076580058,0.33006993039325905,0.9999999999776148,0.8938114436106448,0.9999999999378634,0.8350000208350024,0.0,0.12582238062582274,0.0,0.9999999910000028,0.0,0.0,1.0000000003119296,1.000000000330095,8.4250902,61.195856,61.195856,61.195856,-8.096876,-3.9704327,-126.91091,-8.4250902,-7.7929785,-5.8864524,-6.325824,77.653832,77.653832,77.653832,-491.8447,50.996546,50.996546,50.996546,-15.192346,8.4250902,-313.11966000000007,.
2136.0,2678.3656,10.0,0.0,0.0,5.3983,12.2168,10.113417,3377.2159,89.349,173.879,64.3741,7.5555555,0.0,0.11111111,0.0,10.111111,0.0,0.0,2.2441,727.06233,0.705306153785935,0.45000000045000127,0.0,0.0,1.0000000005557304,0.9999999997544371,0.03889775769170927,0.3300699303932587,0.9999999999776166,1.000000000023004,0.999999999937863,0.33999999784000096,0.0,0.004999999955000014,0.0,0.45499999545500125,0.0,0.0,1.000000000311929,1.000000000330095,8.1796992,28.177526,28.177526,28.177526,-5.1839366,-2.6145021,-94.963723,-8.1796992,-5.4089018,-4.3526616,-4.3619543,35.755573,35.755573,35.755573,-351.16025,23.481272,23.481272,23.481272,-10.628932,8.1796992,-342.36086,.
2137.0,2674.1542,22.222222,0.0,1.1111111,5.3983,12.2168,5.7971831,3377.2159,89.349,155.41504,64.3741,18.555556,0.0,2.7960529,0.0,22.222222,0.0,0.0,2.2441,727.06233,0.7041971467347493,0.9999999910000028,0.0,0.04999999955000014,1.000000000555731,0.9999999997544372,0.02229685807658005,0.3300699303932586,0.9999999999776159,0.893811443610645,0.9999999999378631,0.8350000208350024,0.0,0.12582238062582274,0.0,0.9999999910000028,0.0,0.0,1.000000000311929,1.000000000330095,7.9414556,57.682963,57.682963,57.682963,-7.6320822,-3.7425137,-119.62571,-7.9414556,-7.3456297,-5.5485459,-5.9626958,73.196184,73.196184,73.196184,-463.61081,48.069136,48.069136,48.069136,-14.320244,7.9414556,-372.54026,.
2138.0,2678.3656,10.0,0.0,0.0,5.3983,12.2168,10.113417,3377.2159,89.349,173.879,64.3741,7.5555555,0.0,0.11111111,0.0,10.111111,0.0,0.0,2.2441,727.06233,0.7053061537859353,0.45000000045000127,0.0,0.0,1.0000000005557312,0.9999999997544371,0.03889775769170927,0.33006993039325916,0.9999999999776158,1.0000000000230045,0.9999999999378631,0.33999999784000096,0.0,0.004999999955000014,0.0,0.45499999545500125,0.0,0.0,1.0000000003119294,1.000000000330095,7.710151,26.560021,26.560021,26.560021,-4.8863574,-2.4644189,-89.512417,-7.710151,-5.0984087,-4.1028011,-4.1115603,33.703057,33.703057,33.703057,-331.00222,22.133351,22.133351,22.133351,-10.018788,7.710151,-400.0550599999999,.
2139.0,2674.1542,22.222222,0.0,1.1111111,5.3983,12.2168,5.7971831,3377.2159,89.349,155.41504,64.3741,18.555556,0.0,2.7960529,0.0,22.222222,0.0,0.0,2.2441,727.06233,0.7041971467347492,0.9999999910000028,0.0,0.04999999955000014,1.0000000005557301,0.9999999997544362,0.022296858076580058,0.3300699303932584,0.9999999999776161,0.893811443610644,0.9999999999378636,0.8350000208350024,0.0,0.12582238062582274,0.0,0.9999999910000028,0.0,0.0,1.0000000003119291,1.000000000330095,7.4855835,54.371725,54.371725,54.371725,-7.1939694,-3.5276781,-112.7587,-7.4855835,-6.9239605,-5.2300367,-5.6204127,68.994424,68.994424,68.994424,-436.99765,45.309771,45.309771,45.309771,-13.498203,7.4855835,-428.38375999999994,.
2140.0,2678.3656,10.0,0.0,0.0,5.3983,12.2168,10.113417,3377.2159,89.349,173.879,64.3741,7.5555555,0.0,0.11111111,0.0,10.111111,0.0,0.0,2.2441,727.06233,0.7053061537859353,0.45000000045000127,0.0,0.0,1.0000000005557304,0.9999999997544369,0.038897757691709264,0.330069930393258,0.9999999999776159,1.0000000000230045,0.999999999937864,0.33999999784000096,0.0,0.004999999955000014,0.0,0.45499999545500125,0.0,0.0,1.0000000003119291,1.000000000330095,7.2675568,25.035367,25.035367,25.035367,-4.6058605,-2.3229512,-84.374038,-7.2675568,-4.8057392,-3.8672835,-3.8755399,31.768363,31.768363,31.768363,-312.00134,20.862806,20.862806,20.862806,-9.4436681,7.2675568,-454.16535999999996,.
2141.0,2674.1542,22.222222,0.0,1.1111111,5.3983,12.2168,5.7971831,3377.2159,89.349,155.41504,64.3741,18.555556,0.0,2.7960529,0.0,22.222222,0.0,0.0,2.2441,727.06233,0.704197146734749,0.9999999910000028,0.0,0.04999999955000014,1.0000000005557304,0.9999999997544367,0.022296858076580058,0.3300699303932582,0.9999999999776151,0.8938114436106445,0.9999999999378638,0.8350000208350024,0.0,0.12582238062582274,0.0,0.9999999910000028,0.0,0.0,1.0000000003119291,1.000000000330095,7.0558804,51.250566,51.250566,51.250566,-6.7810062,-3.3251749,-106.28589,-7.0558804,-6.5264968,-4.9298112,-5.297778,65.033862,65.033862,65.033862,-411.9122,42.708805,42.708805,42.708805,-12.723351,7.0558804,-480.99055999999996,.
2142.0,2678.3656,10.0,0.0,0.0,5.3983,12.2168,10.113417,3377.2159,89.349,173.879,64.3741,7.5555555,0.0,0.11111111,0.0,10.111111,0.0,0.0,2.2441,727.06233,0.7053061537859352,0.45000000045000127,0.0,0.0,1.0000000005557304,0.9999999997544369,0.038897757691709264,0.330069930393258,0.9999999999776155,1.0000000000230045,0.9999999999378628,0.33999999784000096,0.0,0.004999999955000014,0.0,0.45499999545500125,0.0,0.0,1.0000000003119283,1.000000000330095,6.8503693,23.598234,23.598234,23.598234,-4.3414653,-2.1896043,-79.530623,-6.8503693,-4.5298701,-3.6452856,-3.6530681,29.944729,29.944729,29.944729,-294.09118,19.665195,19.665195,19.665195,-8.9015629,6.8503693,-504.5760600000001,.
2143.0,2674.1542,22.222222,0.0,1.1111111,5.3983,12.2168,5.7971831,3377.2159,89.349,155.41504,64.3741,18.555556,0.0,2.7960529,0.0,22.222222,0.0,0.0,2.2441,727.06233,0.7041971467347492,0.9999999910000028,0.0,0.04999999955000014,1.0000000005557306,0.9999999997544367,0.022296858076580058,0.3300699303932594,0.9999999999776155,0.893811443610645,0.999999999937863,0.8350000208350024,0.0,0.12582238062582274,0.0,0.9999999910000028,0.0,0.0,1.0000000003119296,1.000000000330095,6.650844,48.308574,48.308574,48.308574,-6.3917487,-3.1342963,-100.18465,-6.650844,-6.1518492,-4.6468198,-4.9936639,61.300652,61.300652,61.300652,-388.26675,40.257145,40.257145,40.257145,-11.992979,6.650844,-528.7717600000001,.
2144.0,2678.3656,10.0,0.0,0.0,5.3983,12.2168,10.113417,3377.2159,89.349,173.879,64.3741,7.5555555,0.0,0.11111111,0.0,10.111111,0.0,0.0,2.2441,727.06233,0.7053061537859352,0.45000000045000127,0.0,0.0,1.0000000005557304,0.9999999997544365,0.03889775769170927,0.3300699303932592,0.9999999999776159,1.0000000000230043,0.999999999937863,0.33999999784000096,0.0,0.004999999955000014,0.0,0.45499999545500125,0.0,0.0,1.0000000003119294,1.000000000330095,6.4571301,22.243599,22.243599,22.243599,-4.0922474,-2.0639121,-74.96524,-6.4571301,-4.269837,-3.4360313,-3.443367,28.225779,28.225779,28.225779,-277.20915,18.536333,18.536333,18.536333,-8.3905768,6.4571301,-549.7572600000001,.
2145.0,2674.1542,22.222222,0.0,1.1111111,5.3983,12.2168,5.7971831,3377.2159,89.349,155.41504,64.3741,18.555556,0.0,2.7960529,0.0,22.222222,0.0,0.0,2.2441,727.06233,0.7041971467347491,0.9999999910000028,0.0,0.04999999955000014,1.0000000005557301,0.9999999997544368,0.02229685807658004,0.33006993039325855,0.9999999999776165,0.8938114436106446,0.9999999999378636,0.8350000208350024,0.0,0.12582238062582274,0.0,0.9999999910000028,0.0,0.0,1.0000000003119294,1.000000000330095,6.2690584,45.535464,45.535464,45.535464,-6.0248362,-2.9543748,-94.433637,-6.2690584,-5.7987079,-4.3800734,-4.7070071,57.781744,57.781744,57.781744,-365.97865,37.94622,37.94622,37.94622,-11.304532,6.2690584,-571.32646,.
2146.0,2678.3656,10.0,0.0,0.0,5.3983,12.2168,10.113417,3377.2159,89.349,173.879,64.3741,7.5555555,0.0,0.11111111,0.0,10.111111,0.0,0.0,2.2441,727.06233,0.7053061537859352,0.45000000045000127,0.0,0.0,1.0000000005557308,0.9999999997544367,0.03889775769170927,0.33006993039325916,0.9999999999776158,1.000000000023005,0.9999999999378631,0.33999999784000096,0.0,0.004999999955000014,0.0,0.45499999545500125,0.0,0.0,1.0000000003119291,1.000000000330095,6.0864644,20.966726,20.966726,20.966726,-3.8573357,-1.9454351,-70.661928,-6.0864644,-4.0247309,-3.238789,-3.2457037,26.605504,26.605504,26.605504,-261.29621,17.472271,17.472271,17.472271,-7.9089234,6.0864644,-590.38156,.
2147.0,2674.1542,22.222222,0.0,1.1111111,5.3983,12.2168,5.7971831,3377.2159,89.349,155.41504,64.3741,18.555556,0.0,2.7960529,0.0,22.222222,0.0,0.0,2.2441,727.06233,0.7041971467347491,0.9999999910000028,0.0,0.04999999955000014,1.000000000555731,0.9999999997544363,0.02229685807658006,0.3300699303932582,0.9999999999776158,0.8938114436106441,0.999999999937863,0.8350000208350024,0.0,0.12582238062582274,0.0,0.9999999910000028,0.0,0.0,1.0000000003119283,1.000000000330095,5.9091888,42.921542,42.921542,42.921542,-5.6789859,-2.7847816,-89.01276,-5.9091888,-5.4658384,-4.1286393,-4.4368057,54.464835,54.464835,54.464835,-344.96998,35.767952,35.767952,35.767952,-10.655606,5.9091888,-610.07106,.
2148.0,2678.3656,10.0,0.0,0.0,5.3983,12.2168,10.113417,3377.2159,89.349,173.879,64.3741,7.5555555,0.0,0.11111111,0.0,10.111111,0.0,0.0,2.2441,727.06233,0.7053061537859353,0.45000000045000127,0.0,0.0,1.0000000005557308,0.9999999997544367,0.03889775769170928,0.3300699303932581,0.9999999999776158,1.0000000000230045,0.999999999937863,0.33999999784000096,0.0,0.004999999955000014,0.0,0.45499999545500125,0.0,0.0,1.000000000311928,1.000000000330095,5.7370765,19.76315,19.76315,19.76315,-3.6359088,-1.8337591,-66.605645,-5.7370765,-3.7936949,-3.0528693,-3.059387,25.078239,25.078239,25.078239,-246.29674,16.469292,16.469292,16.469292,-7.4549188,5.7370765,-627.8938599999999,.
2149.0,2674.1542,22.222222,0.0,1.1111111,5.3983,12.2168,5.7971831,3377.2159,89.349,155.41504,64.3741,18.555556,0.0,2.7960529,0.0,22.222222,0.0,0.0,2.2441,727.06233,0.7041971467347491,0.9999999910000028,0.0,0.04999999955000014,1.0000000005557301,0.9999999997544365,0.02229685807658005,0.3300699303932594,0.9999999999776156,0.8938114436106444,0.9999999999378631,0.8350000208350024,0.0,0.12582238062582274,0.0,0.9999999910000028,0.0,0.0,1.0000000003119296,1.000000000330095,5.5699772,40.45767,40.45767,40.45767,-5.3529889,-2.6249238,-83.903063,-5.5699772,-5.1520769,-3.8916385,-4.1821149,51.338331,51.338331,51.338331,-325.16729,33.714725,33.714725,33.714725,-10.043931,5.5699772,-646.86106,.
2150.0,2678.3656,10.0,0.0,0.0,5.3983,12.2168,10.113417,3377.2159,89.349,173.879,64.3741,7.5555555,0.0,0.11111111,0.0,10.111111,0.0,0.0,2.2441,727.06233,0.705306153785935,0.45000000045000127,0.0,0.0,1.0000000005557301,0.9999999997544372,0.03889775769170926,0.330069930393259,0.9999999999776158,1.000000000023004,0.9999999999378634,0.33999999784000096,0.0,0.004999999955000014,0.0,0.45499999545500125,0.0,0.0,1.0000000003119283,1.000000000330095,5.4077448,18.628664,18.628664,18.628664,-3.4271928,-1.7284939,-62.782208,-5.4077448,-3.5759213,-2.8776221,-2.8837657,23.638646,23.638646,23.638646,-232.1583,15.523887,15.523887,15.523887,-7.026976,5.4077448,-663.18226,.
2151.0,2674.1542,22.222222,0.0,1.1111111,5.3983,12.2168,5.7971831,3377.2159,89.349,155.41504,64.3741,18.555556,0.0,2.7960529,0.0,22.222222,0.0,0.0,2.2441,727.06233,0.7041971467347493,0.9999999910000028,0.0,0.04999999955000014,1.000000000555731,0.9999999997544369,0.02229685807658005,0.33006993039325916,0.9999999999776158,0.8938114436106456,0.9999999999378631,0.8350000208350024,0.0,0.12582238062582274,0.0,0.9999999910000028,0.0,0.0,1.0000000003119291,1.000000000330095,5.2502377,38.135234,38.135234,38.135234,-5.0457054,-2.4742424,-79.086684,-5.2502377,-4.8563266,-3.6682425,-3.9420444,48.391301,48.391301,48.391301,-306.50136,31.779362,31.779362,31.779362,-9.467368,5.2502377,-680.40906,.
2152.0,2678.3656,10.0,0.0,0.0,5.3983,12.2168,10.113417,3377.2159,89.349,173.879,64.3741,7.5555555,0.0,0.11111111,0.0,10.111111,0.0,0.0,2.2441,727.06233,0.7053061537859353,0.45000000045000127,0.0,0.0,1.000000000555731,0.9999999997544369,0.03889775769170928,0.33006993039325905,0.9999999999776159,1.0000000000230045,0.999999999937863,0.33999999784000096,0.0,0.004999999955000014,0.0,0.45499999545500125,0.0,0.0,1.0000000003119294,1.000000000330095,5.0973181,17.559303,17.559303,17.559303,-3.2304579,-1.6292712,-59.178252,-5.0973181,-3.3706488,-2.7124348,-2.7182257,22.281691,22.281691,22.281691,-218.83146,14.632752,14.632752,14.632752,-6.6235988,5.0973181,-694.8632600000001,.
2153.0,2674.1542,22.222222,0.0,1.1111111,5.3983,12.2168,5.7971831,3377.2159,89.349,155.41504,64.3741,18.555556,0.0,2.7960529,0.0,22.222222,0.0,0.0,2.2441,727.06233,0.7041971467347489,0.9999999910000028,0.0,0.04999999955000014,1.0000000005557304,0.9999999997544363,0.022296858076580058,0.3300699303932584,0.9999999999776165,0.8938114436106439,0.9999999999378631,0.8350000208350024,0.0,0.12582238062582274,0.0,0.9999999910000028,0.0,0.0,1.0000000003119294,1.000000000330095,4.9488526,35.946116,35.946116,35.946116,-4.7560613,-2.3322108,-74.546785,-4.9488526,-4.5775536,-3.4576704,-3.7157549,45.613442,45.613442,45.613442,-288.90693,29.955096,29.955096,29.955096,-8.9239023,4.9488526,-710.56386,.
2154.0,2678.3656,10.0,0.0,0.0,5.3983,12.2168,10.113417,3377.2159,89.349,173.879,64.3741,7.5555555,0.0,0.11111111,0.0,10.111111,0.0,0.0,2.2441,727.06233,0.7053061537859353,0.45000000045000127,0.0,0.0,1.0000000005557304,0.9999999997544368,0.03889775769170927,0.3300699303932591,0.9999999999776162,1.0000000000230052,0.9999999999378638,0.33999999784000096,0.0,0.004999999955000014,0.0,0.45499999545500125,0.0,0.0,1.0000000003119287,1.000000000330095,4.8047112,16.551327,16.551327,16.551327,-3.0450164,-1.5357444,-55.781179,-4.8047112,-3.1771597,-2.55673,-2.5621884,21.002631,21.002631,21.002631,-206.26964,13.792772,13.792772,13.792772,-6.2433772,4.8047112,-723.4346599999999,.
2155.0,2674.1542,22.222222,0.0,1.1111111,5.3983,12.2168,5.7971831,3377.2159,89.349,155.41504,64.3741,18.555556,0.0,2.7960529,0.0,22.222222,0.0,0.0,2.2441,727.06233,0.7041971467347491,0.9999999910000028,0.0,0.04999999955000014,1.0000000005557308,0.9999999997544367,0.022296858076580058,0.3300699303932583,0.9999999999776154,0.8938114436106444,0.9999999999378634,0.8350000208350024,0.0,0.12582238062582274,0.0,0.9999999910000028,0.0,0.0,1.0000000003119285,1.000000000330095,4.6647682,33.882662,33.882662,33.882662,-4.4830439,-2.1983323,-70.267494,-4.6647682,-4.3147833,-3.2591859,-3.5024554,42.995044,42.995044,42.995044,-272.32249,28.235551,28.235551,28.235551,-8.4116338,4.6647682,-738.9310599999999,.
2156.0,2678.3656,10.0,0.0,0.0,5.3983,12.2168,10.113417,3377.2159,89.349,173.879,64.3741,7.5555555,0.0,0.11111111,0.0,10.111111,0.0,0.0,2.2441,727.06233,0.7053061537859353,0.45000000045000127,0.0,0.0,1.0000000005557308,0.9999999997544367,0.03889775769170927,0.33006993039325816,0.9999999999776155,1.0000000000230045,0.9999999999378628,0.33999999784000096,0.0,0.004999999955000014,0.0,0.45499999545500125,0.0,0.0,1.0000000003119276,1.000000000330095,4.5289011,15.601213,15.601213,15.601213,-2.87022,-1.4475864,-52.579111,-4.5289011,-2.9947778,-2.4099632,-2.4151083,19.796994,19.796994,19.796994,-194.42892,13.001011,13.001011,13.001011,-5.8849818,4.5289011,-751.6539600000001,.
2157.0,2674.1542,22.222222,0.0,1.1111111,5.3983,12.2168,5.7971831,3377.2159,89.349,155.41504,64.3741,18.555556,0.0,2.7960529,0.0,22.222222,0.0,0.0,2.2441,727.06233,0.7041971467347493,0.9999999910000028,0.0,0.04999999955000014,1.000000000555731,0.9999999997544368,0.022296858076580058,0.33006993039325905,0.9999999999776156,0.8938114436106449,0.9999999999378634,0.8350000208350024,0.0,0.12582238062582274,0.0,0.9999999910000028,0.0,0.0,1.000000000311929,1.000000000330095,4.3969914,31.937658,31.937658,31.937658,-4.2256989,-2.0721391,-66.233853,-4.3969914,-4.0670971,-3.0720953,-3.3014001,40.526953,40.526953,40.526953,-256.69006,26.614715,26.614715,26.614715,-7.9287716,4.3969914,-765.88876,.
2158.0,2678.3656,10.0,0.0,0.0,5.3983,12.2168,10.113417,3377.2159,89.349,173.879,64.3741,7.5555555,0.0,0.11111111,0.0,10.111111,0.0,0.0,2.2441,727.06233,0.7053061537859352,0.45000000045000127,0.0,0.0,1.0000000005557301,0.9999999997544367,0.03889775769170929,0.33006993039325866,0.9999999999776159,1.000000000023004,0.999999999937863,0.33999999784000096,0.0,0.004999999955000014,0.0,0.45499999545500125,0.0,0.0,1.0000000003119294,1.000000000330095,4.2689237,14.70564,14.70564,14.70564,-2.7054576,-1.364489,-49.560855,-4.2689237,-2.8228653,-2.2716215,-2.2764712,18.660565,18.660565,18.660565,-183.2679,12.2547,12.2547,12.2547,-5.5471597,4.2689237,-777.44946,.
2159.0,2674.1542,22.222222,0.0,1.1111111,5.3983,12.2168,5.7971831,3377.2159,89.349,155.41504,64.3741,18.555556,0.0,2.7960529,0.0,22.222222,0.0,0.0,2.2441,727.06233,0.704197146734749,0.9999999910000028,0.0,0.04999999955000014,1.0000000005557304,0.9999999997544367,0.022296858076580047,0.3300699303932587,0.9999999999776162,0.8938114436106448,0.9999999999378631,0.8350000208350024,0.0,0.12582238062582274,0.0,0.9999999910000028,0.0,0.0,1.0000000003119291,1.000000000330095,4.1445861,30.104306,30.104306,30.104306,-3.9831265,-1.9531898,-62.431759,-4.1445861,-3.8336291,-2.8957445,-3.1118862,38.20054,38.20054,38.20054,-241.955,25.086922,25.086922,25.086922,-7.4736277,4.1445861,-791.6030599999999,.
2160.0,2678.3656,10.0,0.0,0.0,5.3983,12.2168,10.113417,3377.2159,89.349,173.879,64.3741,7.5555555,0.0,0.11111111,0.0,10.111111,0.0,0.0,2.2441,727.06233,0.7053061537859353,0.45000000045000127,0.0,0.0,1.000000000555731,0.9999999997544369,0.03889775769170929,0.3300699303932594,0.9999999999776155,1.000000000023005,0.9999999999378634,0.33999999784000096,0.0,0.004999999955000014,0.0,0.45499999545500125,0.0,0.0,1.0000000003119294,1.000000000330095,4.02387,13.861476,13.861476,13.861476,-2.5501533,-1.2861618,-46.715859,-4.02387,-2.6608213,-2.1412211,-2.1457925,17.589373,17.589373,17.589373,-172.74758,11.55123,11.55123,11.55123,-5.2287301,4.02387,-803.26846,.
2161.0,2674.1542,22.222222,0.0,1.1111111,5.3983,12.2168,5.7971831,3377.2159,89.349,155.41504,64.3741,18.555556,0.0,2.7960529,0.0,22.222222,0.0,0.0,2.2441,727.06233,0.704197146734749,0.9999999910000028,0.0,0.04999999955000014,1.0000000005557308,0.9999999997544368,0.02229685807658005,0.33006993039325855,0.9999999999776161,0.8938114436106444,0.9999999999378628,0.8350000208350024,0.0,0.12582238062582274,0.0,0.9999999910000028,0.0,0.0,1.0000000003119287,1.000000000330095,3.9066699,28.376196,28.376196,28.376196,-3.7544787,-1.8410687,-58.84792,-3.9066699,-3.6135631,-2.7295169,-2.9332512,36.007673,36.007673,36.007673,-228.0658,23.64683,23.64683,23.64683,-7.0446109,3.9066699,-816.36276,.
2162.0,2678.3656,10.0,0.0,0.0,5.3983,12.2168,10.113417,3377.2159,89.349,173.879,64.3741,7.5555555,0.0,0.11111111,0.0,10.111111,0.0,0.0,2.2441,727.06233,0.7053061537859353,0.45000000045000127,0.0,0.0,1.0000000005557308,0.9999999997544362,0.03889775769170928,0.3300699303932579,0.9999999999776158,1.0000000000230045,0.9999999999378634,0.33999999784000096,0.0,0.004999999955000014,0.0,0.45499999545500125,0.0,0.0,1.000000000311928,1.000000000330095,3.7928834,13.06577,13.06577,13.06577,-2.4037641,-1.2123308,-44.034178,-3.7928834,-2.5080792,-2.0183063,-2.0226152,16.579671,16.579671,16.579671,-162.83116,10.888142,10.888142,10.888142,-4.9285796,3.7928834,-826.8895600000001,.
2163.0,2674.1542,22.222222,0.0,1.1111111,5.3983,12.2168,5.7971831,3377.2159,89.349,155.41504,64.3741,18.555556,0.0,2.7960529,0.0,22.222222,0.0,0.0,2.2441,727.06233,0.7041971467347492,0.9999999910000028,0.0,0.04999999955000014,1.0000000005557304,0.9999999997544368,0.022296858076580058,0.33006993039325916,0.9999999999776156,0.8938114436106441,0.9999999999378631,0.8350000208350024,0.0,0.12582238062582274,0.0,0.9999999910000028,0.0,0.0,1.0000000003119294,1.000000000330095,3.6824111,26.747286,26.747286,26.747286,-3.5389563,-1.7353839,-55.469809,-3.6824111,-3.4061298,-2.5728315,-2.7648706,33.940685,33.940685,33.940685,-214.97389,22.289405,22.289405,22.289405,-6.6402214,3.6824111,-838.9237599999999,.
2164.0,2678.3656,10.0,0.0,0.0,5.3983,12.2168,10.113417,3377.2159,89.349,173.879,64.3741,7.5555555,0.0,0.11111111,0.0,10.111111,0.0,0.0,2.2441,727.06233,0.705306153785935,0.45000000045000127,0.0,0.0,1.0000000005557306,0.9999999997544367,0.038897757691709264,0.3300699303932591,0.9999999999776158,1.000000000023004,0.9999999999378634,0.33999999784000096,0.0,0.004999999955000014,0.0,0.45499999545500125,0.0,0.0,1.000000000311928,1.000000000330095,3.5751564,12.315742,12.315742,12.315742,-2.2657782,-1.1427381,-41.506436,-3.5751564,-2.3641052,-1.9024472,-1.9065088,15.62793,15.62793,15.62793,-153.48398,10.263118,10.263118,10.263118,-4.6456589,3.5751564,-848.5388600000001,.
2165.0,2674.1542,22.222222,0.0,1.1111111,5.3983,12.2168,5.7971831,3377.2159,89.349,155.41504,64.3741,18.555556,0.0,2.7960529,0.0,22.222222,0.0,0.0,2.2441,727.06233,0.7041971467347493,0.9999999910000028,0.0,0.04999999955000014,1.0000000005557308,0.9999999997544371,0.02229685807658005,0.3300699303932596,0.9999999999776158,0.8938114436106455,0.9999999999378631,0.8350000208350024,0.0,0.12582238062582274,0.0,0.9999999910000028,0.0,0.0,1.000000000311929,1.000000000330095,3.4710256,25.211882,25.211882,25.211882,-3.3358057,-1.6357657,-52.285615,-3.4710256,-3.210604,-2.4251404,-2.6061557,31.992351,31.992351,31.992351,-202.63351,21.009902,21.009902,21.009902,-6.2590456,3.4710256,-859.71146,.
2166.0,2678.3656,10.0,0.0,0.0,5.3983,12.2168,10.113417,3377.2159,89.349,173.879,64.3741,7.5555555,0.0,0.11111111,0.0,10.111111,0.0,0.0,2.2441,727.06233,0.7053061537859353,0.45000000045000127,0.0,0.0,1.0000000005557308,0.9999999997544363,0.03889775769170928,0.3300699303932593,0.9999999999776156,1.000000000023004,0.9999999999378631,0.33999999784000096,0.0,0.004999999955000014,0.0,0.45499999545500125,0.0,0.0,1.0000000003119298,1.000000000330095,3.3699278,11.608768,11.608768,11.608768,-2.1357132,-1.0771402,-39.123796,-3.3699278,-2.2283959,-1.793239,-1.7970674,14.730823,14.730823,14.730823,-144.67337,9.673973,9.673973,9.673973,-4.3789791,3.3699278,-868.4735599999999,.
2167.0,2674.1542,22.222222,0.0,1.1111111,5.3983,12.2168,5.7971831,3377.2159,89.349,155.41504,64.3741,18.555556,0.0,2.7960529,0.0,22.222222,0.0,0.0,2.2441,727.06233,0.704197146734749,0.9999999910000028,0.0,0.04999999955000014,1.0000000005557304,0.9999999997544368,0.022296858076580047,0.3300699303932585,0.9999999999776165,0.893811443610644,0.9999999999378631,0.8350000208350024,0.0,0.12582238062582274,0.0,0.9999999910000028,0.0,0.0,1.0000000003119291,1.000000000330095,3.2717745,23.764617,23.764617,23.764617,-3.1443168,-1.5418661,-49.284207,-3.2717745,-3.0263022,-2.2859275,-2.4565517,30.155859,30.155859,30.155859,-191.00151,19.803848,19.803848,19.803848,-5.8997507,3.2717745,-878.7479599999999,.
2168.0,2678.3656,10.0,0.0,0.0,5.3983,12.2168,10.113417,3377.2159,89.349,173.879,64.3741,7.5555555,0.0,0.11111111,0.0,10.111111,0.0,0.0,2.2441,727.06233,0.7053061537859353,0.45000000045000127,0.0,0.0,1.000000000555731,0.9999999997544368,0.03889775769170927,0.3300699303932587,0.9999999999776165,1.000000000023005,0.9999999999378636,0.33999999784000096,0.0,0.004999999955000014,0.0,0.45499999545500125,0.0,0.0,1.0000000003119287,1.000000000330095,3.1764801,10.942377,10.942377,10.942377,-2.0131146,-1.015308,-36.87793,-3.1764801,-2.1004769,-1.6902997,-1.6939084,13.885213,13.885213,13.885213,-136.36853,9.1186474,9.1186474,9.1186474,-4.1276078,3.1764801,-886.53936,.
2169.0,2674.1542,22.222222,0.0,1.1111111,5.3983,12.2168,5.7971831,3377.2159,89.349,155.41504,64.3741,18.555556,0.0,2.7960529,0.0,22.222222,0.0,0.0,2.2441,727.06233,0.7041971467347491,0.9999999910000028,0.0,0.04999999955000014,1.0000000005557308,0.9999999997544363,0.02229685807658005,0.33006993039325855,0.9999999999776158,0.8938114436106445,0.9999999999378634,0.8350000208350024,0.0,0.12582238062582274,0.0,0.9999999910000028,0.0,0.0,1.0000000003119294,1.000000000330095,3.0839613,22.400431,22.400431,22.400431,-2.9638202,-1.4533567,-46.455092,-3.0839613,-2.8525801,-2.1547059,-2.3155356,28.424789,28.424789,28.424789,-180.03725,18.667026,18.667026,18.667026,-5.5610809,3.0839613,-895.8232599999999,.
2170.0,2678.3656,10.0,0.0,0.0,5.3983,12.2168,10.113417,3377.2159,89.349,173.879,64.3741,7.5555555,0.0,0.11111111,0.0,10.111111,0.0,0.0,2.2441,727.06233,0.7053061537859352,0.45000000045000127,0.0,0.0,1.0000000005557308,0.9999999997544369,0.03889775769170929,0.33006993039325827,0.9999999999776156,1.0000000000230045,0.9999999999378628,0.33999999784000096,0.0,0.004999999955000014,0.0,0.45499999545500125,0.0,0.0,1.000000000311928,1.000000000330095,2.9941372,10.31424,10.31424,10.31424,-1.8975536,-0.95702514,-34.760986,-2.9941372,-1.9799009,-1.5932696,-1.5966711,13.088145,13.088145,13.088145,-128.54042,8.5951997,8.5951997,8.5951997,-3.8906662,2.9941372,-902.59636,.
2171.0,2674.1542,22.222222,0.0,1.1111111,5.3983,12.2168,5.7971831,3377.2159,89.349,155.41504,64.3741,18.555556,0.0,2.7960529,0.0,22.222222,0.0,0.0,2.2441,727.06233,0.7041971467347493,0.9999999910000028,0.0,0.04999999955000014,1.0000000005557308,0.9999999997544367,0.022296858076580047,0.33006993039325905,0.9999999999776156,0.8938114436106448,0.9999999999378636,0.8350000208350024,0.0,0.12582238062582274,0.0,0.9999999910000028,0.0,0.0,1.0000000003119294,1.000000000330095,2.9069293,21.114554,21.114554,21.114554,-2.7936848,-1.369928,-43.788379,-2.9069293,-2.6888303,-2.0310169,-2.1826144,26.79309,26.79309,26.79309,-169.70237,17.595462,17.595462,17.595462,-5.2418521,2.9069293,-911.05196,.
2172.0,2678.3656,10.0,0.0,0.0,5.3983,12.2168,10.113417,3377.2159,89.349,173.879,64.3741,7.5555555,0.0,0.11111111,0.0,10.111111,0.0,0.0,2.2441,727.06233,0.7053061537859352,0.45000000045000127,0.0,0.0,1.0000000005557301,0.9999999997544368,0.03889775769170928,0.3300699303932586,0.9999999999776151,1.000000000023004,0.9999999999378634,0.33999999784000096,0.0,0.004999999955000014,0.0,0.45499999545500125,0.0,0.0,1.0000000003119294,1.000000000330095,2.8222615,9.7221601,9.7221601,9.7221601,-1.7886262,-0.90208799,-32.765564,-2.8222615,-1.8662465,-1.5018094,-1.5050157,12.336832,12.336832,12.336832,-121.16167,8.1018001,8.1018001,8.1018001,-3.6673261,2.8222615,-917.46126,.
2173.0,2674.1542,22.222222,0.0,1.1111111,5.3983,12.2168,5.7971831,3377.2159,89.349,155.41504,64.3741,18.555556,0.0,2.7960529,0.0,22.222222,0.0,0.0,2.2441,727.06233,0.7041971467347491,0.9999999910000028,0.0,0.04999999955000014,1.0000000005557308,0.9999999997544368,0.02229685807658005,0.33006993039325905,0.9999999999776159,0.893811443610645,0.9999999999378634,0.8350000208350024,0.0,0.12582238062582274,0.0,0.9999999910000028,0.0,0.0,1.000000000311929,1.000000000330095,2.7400597,19.902493,19.902493,19.902493,-2.6333158,-1.2912886,-41.274747,-2.7400597,-2.5344804,-1.9144283,-2.0573234,25.255057,25.255057,25.255057,-159.96076,16.585411,16.585411,16.585411,-4.9409484,2.7400597,-925.58916,.
2174.0,2678.3656,10.0,0.0,0.0,5.3983,12.2168,10.113417,3377.2159,89.349,173.879,64.3741,7.5555555,0.0,0.11111111,0.0,10.111111,0.0,0.0,2.2441,727.06233,0.7053061537859353,0.45000000045000127,0.0,0.0,1.0000000005557308,0.9999999997544368,0.03889775769170927,0.3300699303932594,0.9999999999776156,1.0000000000230052,0.9999999999378634,0.33999999784000096,0.0,0.004999999955000014,0.0,0.45499999545500125,0.0,0.0,1.0000000003119294,1.000000000330095,2.6602521,9.1640684,9.1640684,9.1640684,-1.6859518,-0.85030445,-30.884686,-2.6602521,-1.7591163,-1.4155994,-1.4186216,11.628647,11.628647,11.628647,-114.2065,7.6367236,7.6367236,7.6367236,-3.4568066,2.6602521,-931.32816,.
2175.0,2674.1542,22.222222,0.0,1.1111111,5.3983,12.2168,5.7971831,3377.2159,89.349,155.41504,64.3741,18.555556,0.0,2.7960529,0.0,22.222222,0.0,0.0,2.2441,727.06233,0.7041971467347491,0.9999999910000028,0.0,0.04999999955000014,1.0000000005557308,0.9999999997544365,0.022296858076580047,0.33006993039325855,0.9999999999776162,0.8938114436106441,0.9999999999378628,0.8350000208350024,0.0,0.12582238062582274,0.0,0.9999999910000028,0.0,0.0,1.0000000003119283,1.000000000330095,2.582769,18.760008,18.760008,18.760008,-2.4821527,-1.2171633,-38.905408,-2.582769,-2.3889909,-1.8045322,-1.9392246,23.805313,23.805313,23.805313,-150.77836,15.63334,15.63334,15.63334,-4.6573177,2.582769,-938.76846,.
2176.0,2678.3656,10.0,0.0,0.0,5.3983,12.2168,10.113417,3377.2159,89.349,173.879,64.3741,7.5555555,0.0,0.11111111,0.0,10.111111,0.0,0.0,2.2441,727.06233,0.7053061537859353,0.45000000045000127,0.0,0.0,1.0000000005557308,0.9999999997544367,0.03889775769170927,0.3300699303932581,0.9999999999776161,1.000000000023005,0.9999999999378631,0.33999999784000096,0.0,0.004999999955000014,0.0,0.45499999545500125,0.0,0.0,1.0000000003119283,1.000000000330095,2.5075428,8.6380134,8.6380134,8.6380134,-1.5891712,-0.80149349,-29.111779,-2.5075428,-1.6581358,-1.3343382,-1.3371869,10.961115,10.961115,10.961115,-107.65058,7.1983445,7.1983445,7.1983445,-3.2583717,2.5075428,-943.79566,.
2177.0,2674.1542,22.222222,0.0,1.1111111,5.3983,12.2168,5.7971831,3377.2159,89.349,155.41504,64.3741,18.555556,0.0,2.7960529,0.0,22.222222,0.0,0.0,2.2441,727.06233,0.7041971467347491,0.9999999910000028,0.0,0.04999999955000014,1.0000000005557306,0.9999999997544368,0.02229685807658006,0.3300699303932585,0.9999999999776161,0.8938114436106448,0.9999999999378634,0.8350000208350024,0.0,0.12582238062582274,0.0,0.9999999910000028,0.0,0.0,1.0000000003119294,1.000000000330095,2.4345075,17.683107,17.683107,17.683107,-2.339667,-1.1472932,-36.672078,-2.4345075,-2.251853,-1.7009447,-1.8279052,22.438791,22.438791,22.438791,-142.12306,14.735922,14.735922,14.735922,-4.3899686,2.4345075,-950.6673599999999,.
2178.0,2678.3656,10.0,0.0,0.0,5.3983,12.2168,10.113417,3377.2159,89.349,173.879,64.3741,7.5555555,0.0,0.11111111,0.0,10.111111,0.0,0.0,2.2441,727.06233,0.7053061537859351,0.45000000045000127,0.0,0.0,1.0000000005557308,0.9999999997544365,0.03889775769170928,0.33006993039325844,0.9999999999776156,1.0000000000230047,0.999999999937863,0.33999999784000096,0.0,0.004999999955000014,0.0,0.45499999545500125,0.0,0.0,1.0000000003119283,1.000000000330095,2.3635995,8.1421561,8.1421561,8.1421561,-1.4979463,-0.75548449,-27.440644,-2.3635995,-1.5629521,-1.2577417,-1.2604269,10.331903,10.331903,10.331903,-101.47099,6.7851301,6.7851301,6.7851301,-3.0713278,2.3635995,-955.1431600000001,.
2179.0,2674.1542,22.222222,0.0,1.1111111,5.3983,12.2168,5.7971831,3377.2159,89.349,155.41504,64.3741,18.555556,0.0,2.7960529,0.0,22.222222,0.0,0.0,2.2441,727.06233,0.7041971467347492,0.9999999910000028,0.0,0.04999999955000014,1.0000000005557308,0.9999999997544369,0.022296858076580047,0.3300699303932594,0.9999999999776156,0.8938114436106449,0.999999999937863,0.8350000208350024,0.0,0.12582238062582274,0.0,0.9999999910000028,0.0,0.0,1.0000000003119287,1.000000000330095,2.2947568,16.668024,16.668024,16.668024,-2.2053605,-1.0814338,-34.566951,-2.2947568,-2.1225875,-1.6033035,-1.7229759,21.150713,21.150713,21.150713,-133.96462,13.89002,13.89002,13.89002,-4.1379665,2.2947568,-961.36176,.
2180.0,2678.3656,10.0,0.0,0.0,5.3983,12.2168,10.113417,3377.2159,89.349,173.879,64.3741,7.5555555,0.0,0.11111111,0.0,10.111111,0.0,0.0,2.2441,727.06233,0.7053061537859353,0.45000000045000127,0.0,0.0,1.0000000005557312,0.9999999997544363,0.03889775769170929,0.33006993039325927,0.9999999999776151,1.0000000000230045,0.9999999999378631,0.33999999784000096,0.0,0.004999999955000014,0.0,0.45499999545500125,0.0,0.0,1.0000000003119294,1.000000000330095,2.2279193,7.674763,7.674763,7.674763,-1.4119581,-0.71211659,-25.865438,-2.2279193,-1.4732322,-1.1855422,-1.1880733,9.7388091,9.7388091,9.7388091,-95.646144,6.3956358,6.3956358,6.3956358,-2.8950211,2.2279193,-965.31186,.
2181.0,2674.1542,22.222222,0.0,1.1111111,5.3983,12.2168,5.7971831,3377.2159,89.349,155.41504,64.3741,18.555556,0.0,2.7960529,0.0,22.222222,0.0,0.0,2.2441,727.06233,0.7041971467347491,0.9999999910000028,0.0,0.04999999955000014,1.0000000005557301,0.9999999997544368,0.022296858076580058,0.33006993039325866,0.9999999999776168,0.8938114436106439,0.9999999999378628,0.8350000208350024,0.0,0.12582238062582274,0.0,0.9999999910000028,0.0,0.0,1.0000000003119294,1.000000000330095,2.1630284,15.711212,15.711212,15.711212,-2.0787638,-1.0193551,-32.582667,-2.1630284,-2.0007423,-1.5112673,-1.6240701,19.936575,19.936575,19.936575,-126.2745,13.092676,13.092676,13.092676,-3.9004303,2.1630284,-970.7605599999999,.
2182.0,2678.3656,10.0,0.0,0.0,5.3983,12.2168,10.113417,3377.2159,89.349,173.879,64.3741,7.5555555,0.0,0.11111111,0.0,10.111111,0.0,0.0,2.2441,727.06233,0.7053061537859354,0.45000000045000127,0.0,0.0,1.000000000555731,0.9999999997544369,0.03889775769170928,0.3300699303932585,0.9999999999776159,1.0000000000230052,0.9999999999378636,0.33999999784000096,0.0,0.004999999955000014,0.0,0.45499999545500125,0.0,0.0,1.0000000003119287,1.000000000330095,2.1000276,7.2342002,7.2342002,7.2342002,-1.3309059,-0.67123818,-24.380656,-2.1000276,-1.3886627,-1.1174872,-1.119873,9.1797616,9.1797616,9.1797616,-90.155664,6.0285002,6.0285002,6.0285002,-2.728835,2.1000276,-973.9599599999999,.
2183.0,2674.1542,22.222222,0.0,1.1111111,5.3983,12.2168,5.7971831,3377.2159,89.349,155.41504,64.3741,18.555556,0.0,2.7960529,0.0,22.222222,0.0,0.0,2.2441,727.06233,0.7041971467347492,0.9999999910000028,0.0,0.04999999955000014,1.000000000555731,0.9999999997544367,0.02229685807658005,0.33006993039325877,0.9999999999776159,0.8938114436106446,0.999999999937863,0.8350000208350024,0.0,0.12582238062582274,0.0,0.9999999910000028,0.0,0.0,1.000000000311929,1.000000000330095,2.0388617,14.809324,14.809324,14.809324,-1.9594343,-0.96083996,-30.712288,-2.0388617,-1.8858915,-1.4245144,-1.5308418,18.792134,18.792134,18.792134,-119.02583,12.341103,12.341103,12.341103,-3.6765296,2.0388617,-979.1392599999999,.
2184.0,2678.3656,10.0,0.0,0.0,5.3983,12.2168,10.113417,3377.2159,89.349,173.879,64.3741,7.5555555,0.0,0.11111111,0.0,10.111111,0.0,0.0,2.2441,727.06233,0.7053061537859351,0.45000000045000127,0.0,0.0,1.0000000005557304,0.9999999997544363,0.0388977576917093,0.33006993039325827,0.9999999999776156,1.000000000023004,0.9999999999378634,0.33999999784000096,0.0,0.004999999955000014,0.0,0.45499999545500125,0.0,0.0,1.000000000311928,1.000000000330095,1.9794774,6.8189275,6.8189275,6.8189275,-1.2545064,-0.63270636,-22.981107,-1.9794774,-1.3089477,-1.0533389,-1.0555877,8.6528058,8.6528058,8.6528058,-84.98036,5.6824396,5.6824396,5.6824396,-2.5721887,1.9794774,-982.18336,.
2185.0,2674.1542,22.222222,0.0,1.1111111,5.3983,12.2168,5.7971831,3377.2159,89.349,155.41504,64.3741,18.555556,0.0,2.7960529,0.0,22.222222,0.0,0.0,2.2441,727.06233,0.7041971467347492,0.9999999910000028,0.0,0.04999999955000014,1.0000000005557301,0.9999999997544363,0.02229685807658005,0.3300699303932591,0.9999999999776158,0.8938114436106449,0.9999999999378638,0.8350000208350024,0.0,0.12582238062582274,0.0,0.9999999910000028,0.0,0.0,1.0000000003119294,1.000000000330095,1.9218227,13.959208,13.959208,13.959208,-1.8469547,-0.90568382,-28.949277,-1.9218227,-1.7776336,-1.3427415,-1.4429652,17.713389,17.713389,17.713389,-112.19326,11.632673,11.632673,11.632673,-3.4654818,1.9218227,-987.0398600000001,.
2186.0,2678.3656,10.0,0.0,0.0,5.3983,12.2168,10.113417,3377.2159,89.349,173.879,64.3741,7.5555555,0.0,0.11111111,0.0,10.111111,0.0,0.0,2.2441,727.06233,0.7053061537859351,0.45000000045000127,0.0,0.0,1.0000000005557304,0.9999999997544371,0.03889775769170928,0.33006993039325844,0.9999999999776155,1.0000000000230043,0.9999999999378638,0.33999999784000096,0.0,0.004999999955000014,0.0,0.45499999545500125,0.0,0.0,1.000000000311929,1.000000000330095,1.8658473,6.4274932,6.4274932,6.4274932,-1.1824926,-0.59638643,-21.661897,-1.8658473,-1.2338088,-0.99287294,-0.99499266,8.1560993,8.1560993,8.1560993,-80.10214,5.3562443,5.3562443,5.3562443,-2.4245346,1.8658473,-989.67806,.
2187.0,2674.1542,22.222222,0.0,1.1111111,5.3983,12.2168,5.7971831,3377.2159,89.349,155.41504,64.3741,18.555556,0.0,2.7960529,0.0,22.222222,0.0,0.0,2.2441,727.06233,0.7041971467347492,0.9999999910000028,0.0,0.04999999955000014,1.0000000005557308,0.9999999997544369,0.02229685807658005,0.33006993039325894,0.9999999999776155,0.8938114436106449,0.9999999999378631,0.8350000208350024,0.0,0.12582238062582274,0.0,0.9999999910000028,0.0,0.0,1.0000000003119287,1.000000000330095,1.8115022,13.157892,13.157892,13.157892,-1.740932,-0.85369386,-27.28747,-1.8115022,-1.6755901,-1.2656626,-1.3601331,16.696568,16.696568,16.696568,-105.75291,10.96491,10.96491,10.96491,-3.2665489,1.8115022,-994.18506,.
2188.0,2678.3656,10.0,0.0,0.0,5.3983,12.2168,10.113417,3377.2159,89.349,173.879,64.3741,7.5555555,0.0,0.11111111,0.0,10.111111,0.0,0.0,2.2441,727.06233,0.7053061537859353,0.45000000045000127,0.0,0.0,1.0000000005557308,0.9999999997544367,0.03889775769170928,0.3300699303932594,0.9999999999776155,1.0000000000230054,0.9999999999378634,0.33999999784000096,0.0,0.004999999955000014,0.0,0.45499999545500125,0.0,0.0,1.0000000003119294,1.000000000330095,1.75874,6.0585288,6.0585288,6.0585288,-1.1146127,-0.56215141,-20.418416,-1.75874,-1.1629831,-0.93587797,-0.93787601,7.6879058,7.6879058,7.6879058,-75.503949,5.048774,5.048774,5.048774,-2.2853564,1.75874,-996.57646,.
2189.0,2674.1542,22.222222,0.0,1.1111111,5.3983,12.2168,5.7971831,3377.2159,89.349,155.41504,64.3741,18.555556,0.0,2.7960529,0.0,22.222222,0.0,0.0,2.2441,727.06233,0.704197146734749,0.9999999910000028,0.0,0.04999999955000014,1.0000000005557306,0.9999999997544363,0.022296858076580058,0.3300699303932587,0.9999999999776161,0.8938114436106441,0.9999999999378626,0.8350000208350024,0.0,0.12582238062582274,0.0,0.9999999910000028,0.0,0.0,1.0000000003119294,1.000000000330095,1.7075146,12.402575,12.402575,12.402575,-1.6409954,-0.80468834,-25.721058,-1.7075146,-1.5794044,-1.1930084,-1.2820559,15.738117,15.738117,15.738117,-99.682258,10.33548,10.33548,10.33548,-3.0790357,1.7075146,-1000.6675600000001,.
2190.0,2678.3656,10.0,0.0,0.0,5.3983,12.2168,10.113417,3377.2159,89.349,173.879,64.3741,7.5555555,0.0,0.11111111,0.0,10.111111,0.0,0.0,2.2441,727.06233,0.7053061537859353,0.45000000045000127,0.0,0.0,1.0000000005557308,0.9999999997544365,0.03889775769170927,0.33006993039325827,0.9999999999776159,1.0000000000230045,0.9999999999378638,0.33999999784000096,0.0,0.004999999955000014,0.0,0.45499999545500125,0.0,0.0,1.0000000003119291,1.000000000330095,1.6577812,5.7107444,5.7107444,5.7107444,-1.0506294,-0.52988162,-19.246315,-1.6577812,-1.0962231,-0.88215474,-0.88403809,7.2465886,7.2465886,7.2465886,-71.169714,4.7589537,4.7589537,4.7589537,-2.1541676,1.6577812,-1002.66906,.
2191.0,2674.1542,22.222222,0.0,1.1111111,5.3983,12.2168,5.7971831,3377.2159,89.349,155.41504,64.3741,18.555556,0.0,2.7960529,0.0,22.222222,0.0,0.0,2.2441,727.06233,0.7041971467347491,0.9999999910000028,0.0,0.04999999955000014,1.0000000005557308,0.9999999997544367,0.022296858076580058,0.33006993039325877,0.9999999999776159,0.8938114436106446,0.9999999999378631,0.8350000208350024,0.0,0.12582238062582274,0.0,0.9999999910000028,0.0,0.0,1.000000000311929,1.000000000330095,1.6094963,11.690617,11.690617,11.690617,-1.5467955,-0.75849594,-24.244564,-1.6094963,-1.4887401,-1.1245248,-1.2084607,14.834684,14.834684,14.834684,-93.960088,9.7421807,9.7421807,9.7421807,-2.9022864,1.6094963,-1006.4899600000001,.
2192.0,2678.3656,10.0,0.0,0.0,5.3983,12.2168,10.113417,3377.2159,89.349,173.879,64.3741,7.5555555,0.0,0.11111111,0.0,10.111111,0.0,0.0,2.2441,727.06233,0.7053061537859353,0.45000000045000127,0.0,0.0,1.0000000005557308,0.9999999997544363,0.03889775769170928,0.3300699303932585,0.9999999999776159,1.0000000000230045,0.9999999999378631,0.33999999784000096,0.0,0.004999999955000014,0.0,0.45499999545500125,0.0,0.0,1.0000000003119283,1.000000000330095,1.5626177,5.3829243,5.3829243,5.3829243,-0.99031897,-0.49946425,-18.141498,-1.5626177,-1.0332954,-0.83151545,-0.83329069,6.8306048,6.8306048,6.8306048,-67.084281,4.4857703,4.4857703,4.4857703,-2.0305095,1.5626177,-1008.04996,.
2193.0,2674.1542,22.222222,0.0,1.1111111,5.3983,12.2168,5.7971831,3377.2159,89.349,155.41504,64.3741,18.555556,0.0,2.7960529,0.0,22.222222,0.0,0.0,2.2441,727.06233,0.7041971467347492,0.9999999910000028,0.0,0.04999999955000014,1.0000000005557306,0.9999999997544365,0.022296858076580058,0.33006993039325944,0.9999999999776155,0.8938114436106449,0.999999999937863,0.8350000208350024,0.0,0.12582238062582274,0.0,0.9999999910000028,0.0,0.0,1.000000000311929,1.000000000330095,1.5171046,11.019528,11.019528,11.019528,-1.4580031,-0.71495517,-22.852827,-1.5171046,-1.4032804,-1.0599725,-1.1390901,13.983113,13.983113,13.983113,-88.566395,9.1829397,9.1829397,9.1829397,-2.7356833,1.5171046,-1011.4383600000001,.
2194.0,2678.3656,10.0,0.0,0.0,5.3983,12.2168,10.113417,3377.2159,89.349,173.879,64.3741,7.5555555,0.0,0.11111111,0.0,10.111111,0.0,0.0,2.2441,727.06233,0.7053061537859353,0.45000000045000127,0.0,0.0,1.0000000005557306,0.9999999997544362,0.0388977576917093,0.33006993039325927,0.9999999999776154,1.0000000000230045,0.9999999999378631,0.33999999784000096,0.0,0.004999999955000014,0.0,0.45499999545500125,0.0,0.0,1.0000000003119294,1.000000000330095,1.4729171,5.0739225,5.0739225,5.0739225,-0.93347061,-0.47079295,-17.100102,-1.4729171,-0.97398005,-0.78378306,-0.7854564,6.4385001,6.4385001,6.4385001,-63.233369,4.2282687,4.2282687,4.2282687,-1.91395,1.4729171,-1012.71586,.
2195.0,2674.1542,22.222222,0.0,1.1111111,5.3983,12.2168,5.7971831,3377.2159,89.349,155.41504,64.3741,18.555556,0.0,2.7960529,0.0,22.222222,0.0,0.0,2.2441,727.06233,0.704197146734749,0.9999999910000028,0.0,0.04999999955000014,1.0000000005557301,0.9999999997544369,0.02229685807658005,0.33006993039325905,0.9999999999776166,0.8938114436106444,0.9999999999378634,0.8350000208350024,0.0,0.12582238062582274,0.0,0.9999999910000028,0.0,0.0,1.0000000003119287,1.000000000330095,1.4300166,10.386962,10.386962,10.386962,-1.3743078,-0.67391382,-21.540981,-1.4300166,-1.3227263,-0.99912575,-1.0737016,13.180425,13.180425,13.180425,-83.482321,8.6558014,8.6558014,8.6558014,-2.5786439,1.4300166,-1015.7573600000001,.
2196.0,2678.3656,10.0,0.0,0.0,5.3983,12.2168,10.113417,3377.2159,89.349,173.879,64.3741,7.5555555,0.0,0.11111111,0.0,10.111111,0.0,0.0,2.2441,727.06233,0.7053061537859353,0.45000000045000127,0.0,0.0,1.0000000005557315,0.9999999997544369,0.038897757691709264,0.3300699303932591,0.9999999999776162,1.0000000000230056,0.9999999999378638,0.33999999784000096,0.0,0.004999999955000014,0.0,0.45499999545500125,0.0,0.0,1.0000000003119287,1.000000000330095,1.3883656,4.7826586,4.7826586,4.7826586,-0.87988558,-0.44376751,-16.118486,-1.3883656,-0.91806961,-0.73879071,-0.74036799,6.0689039,6.0689039,6.0689039,-59.603515,3.9855488,3.9855488,3.9855488,-1.8040814,1.3883656,-1016.63276,.
2197.0,2674.1542,22.222222,0.0,1.1111111,5.3983,12.2168,5.7971831,3377.2159,89.349,155.41504,64.3741,18.555556,0.0,2.7960529,0.0,22.222222,0.0,0.0,2.2441,727.06233,0.7041971467347492,0.9999999910000028,0.0,0.04999999955000014,1.000000000555731,0.9999999997544369,0.022296858076580058,0.3300699303932589,0.9999999999776159,0.8938114436106445,0.999999999937863,0.8350000208350024,0.0,0.12582238062582274,0.0,0.9999999910000028,0.0,0.0,1.0000000003119294,1.000000000330095,1.3479278,9.7907076,9.7907076,9.7907076,-1.2954169,-0.63522841,-20.304441,-1.3479278,-1.2467964,-0.94177184,-1.0120668,12.423815,12.423815,12.423815,-78.690095,8.158923,8.158923,8.158923,-2.4306192,1.3479278,-1019.4182599999999,.
2198.0,2678.3656,10.0,0.0,0.0,5.3983,12.2168,10.113417,3377.2159,89.349,173.879,64.3741,7.5555555,0.0,0.11111111,0.0,10.111111,0.0,0.0,2.2441,727.06233,0.7053061537859352,0.45000000045000127,0.0,0.0,1.0000000005557308,0.9999999997544362,0.03889775769170928,0.3300699303932584,0.9999999999776166,1.000000000023004,0.9999999999378631,0.33999999784000096,0.0,0.004999999955000014,0.0,0.45499999545500125,0.0,0.0,1.0000000003119291,1.000000000330095,1.3086678,4.5081144,4.5081144,4.5081144,-0.82937655,-0.41829344,-15.193219,-1.3086678,-0.86536866,-0.6963811,-0.69786783,5.720524,5.720524,5.720524,-56.182029,3.756762,3.756762,3.756762,-1.7005198,1.3086678,-1020.39616,.
2199.0,2674.1542,22.222222,0.0,1.1111111,5.3983,12.2168,5.7971831,3377.2159,89.349,155.41504,64.3741,18.555556,0.0,2.7960529,0.0,22.222222,0.0,0.0,2.2441,727.06233,0.7041971467347491,0.9999999910000028,0.0,0.04999999955000014,1.0000000005557304,0.9999999997544365,0.02229685807658005,0.3300699303932591,0.9999999999776161,0.8938114436106449,0.9999999999378636,0.8350000208350024,0.0,0.12582238062582274,0.0,0.9999999910000028,0.0,0.0,1.0000000003119291,1.000000000330095,1.2705512,9.2286809,9.2286809,9.2286809,-1.2210547,-0.5987637,-19.138883,-1.2705512,-1.1752252,-0.88771029,-0.95397001,11.710637,11.710637,11.710637,-74.172961,7.6905674,7.6905674,7.6905674,-2.2910917,1.2705512,-1027.02666,.
2200.0,2678.3656,10.0,0.0,0.0,5.3983,12.2168,10.113417,3377.2159,89.349,173.879,64.3741,7.5555555,0.0,0.11111111,0.0,10.111111,0.0,0.0,2.2441,727.06233,0.7053061537859352,0.45000000045000127,0.0,0.0,1.0000000005557304,0.9999999997544367,0.03889775769170928,0.3300699303932584,0.9999999999776155,1.0000000000230045,0.9999999999378636,0.33999999784000096,0.0,0.004999999955000014,0.0,0.45499999545500125,0.0,0.0,1.0000000003119285,1.000000000330095,1.2335449,4.2493302,4.2493302,4.2493302,-0.78176694,-0.39428169,-14.321066,-1.2335449,-0.81569296,-0.65640598,-0.65780737,5.3921425,5.3921425,5.3921425,-52.956951,3.5411085,3.5411085,3.5411085,-1.602903,1.2335449,-1031.48466,.
2201.0,2674.1542,22.222222,0.0,1.1111111,5.3983,12.2168,5.7971831,3377.2159,89.349,155.41504,64.3741,18.555556,0.0,2.7960529,0.0,22.222222,0.0,0.0,2.2441,727.06233,0.7041971467347492,0.9999999910000028,0.0,0.04999999955000014,1.0000000005557306,0.9999999997544371,0.02229685807658004,0.33006993039325877,0.9999999999776156,0.8938114436106448,0.9999999999378634,0.8350000208350024,0.0,0.12582238062582274,0.0,0.9999999910000028,0.0,0.0,1.0000000003119283,1.000000000330095,1.1976164,8.6989169,8.6989169,8.6989169,-1.1509611,-0.56439221,-18.040233,-1.1976164,-1.1077625,-0.83675208,-0.89920823,11.038398,11.038398,11.038398,-69.91513,7.2490974,7.2490974,7.2490974,-2.1595737,1.1976164,-1037.80336,.
2202.0,2678.3656,10.0,0.0,0.0,5.3983,12.2168,10.113417,3377.2159,89.349,173.879,64.3741,7.5555555,0.0,0.11111111,0.0,10.111111,0.0,0.0,2.2441,727.06233,0.7053061537859353,0.45000000045000127,0.0,0.0,1.0000000005557308,0.9999999997544368,0.03889775769170929,0.330069930393259,0.9999999999776154,1.000000000023005,0.999999999937863,0.33999999784000096,0.0,0.004999999955000014,0.0,0.45499999545500125,0.0,0.0,1.0000000003119296,1.000000000330095,1.1627344,4.0054013,4.0054013,4.0054013,-0.73689032,-0.37164831,-13.498978,-1.1627344,-0.76886885,-0.61872559,-0.62004653,5.0826114,5.0826114,5.0826114,-49.917005,3.3378344,3.3378344,3.3378344,-1.5108898,1.1627344,-1041.82316,.
2203.0,2674.1542,22.222222,0.0,1.1111111,5.3983,12.2168,5.7971831,3377.2159,89.349,155.41504,64.3741,18.555556,0.0,2.7960529,0.0,22.222222,0.0,0.0,2.2441,727.06233,0.704197146734749,0.9999999910000028,0.0,0.04999999955000014,1.0000000005557304,0.9999999997544367,0.022296858076580047,0.33006993039325927,0.9999999999776165,0.893811443610644,0.9999999999378631,0.8350000208350024,0.0,0.12582238062582274,0.0,0.9999999910000028,0.0,0.0,1.0000000003119294,1.000000000330095,1.1288683,8.1995635,8.1995635,8.1995635,-1.0848913,-0.53199379,-17.004649,-1.1288683,-1.0441724,-0.78871909,-0.84759,10.404749,10.404749,10.404749,-65.901715,6.8329696,6.8329696,6.8329696,-2.0356053,1.1288683,-1047.64776,.
2204.0,2678.3656,10.0,0.0,0.0,5.3983,12.2168,10.113417,3377.2159,89.349,173.879,64.3741,7.5555555,0.0,0.11111111,0.0,10.111111,0.0,0.0,2.2441,727.06233,0.7053061537859353,0.45000000045000127,0.0,0.0,1.0000000005557308,0.9999999997544368,0.03889775769170926,0.3300699303932584,0.9999999999776162,1.000000000023005,0.9999999999378638,0.33999999784000096,0.0,0.004999999955000014,0.0,0.45499999545500125,0.0,0.0,1.0000000003119291,1.000000000330095,1.0959886,3.7754748,3.7754748,3.7754748,-0.6945898,-0.35031417,-12.724082,-1.0959886,-0.72473263,-0.58320821,-0.58445332,4.7908488,4.7908488,4.7908488,-47.051565,3.146229,3.146229,3.146229,-1.4241585,1.0959886,-1051.22936,.
2205.0,2674.1542,22.222222,0.0,1.1111111,5.3983,12.2168,5.7971831,3377.2159,89.349,155.41504,64.3741,18.555556,0.0,2.7960529,0.0,22.222222,0.0,0.0,2.2441,727.06233,0.7041971467347491,0.9999999910000028,0.0,0.04999999955000014,1.0000000005557308,0.9999999997544371,0.02229685807658005,0.3300699303932591,0.9999999999776156,0.8938114436106445,0.9999999999378634,0.8350000208350024,0.0,0.12582238062582274,0.0,0.9999999910000028,0.0,0.0,1.0000000003119294,1.000000000330095,1.0640666,7.728875,7.728875,7.728875,-1.0226141,-0.50145517,-16.028513,-1.0640666,-0.98423261,-0.74344339,-0.79893486,9.8074739,9.8074739,9.8074739,-62.118687,6.4407292,6.4407292,6.4407292,-1.9187532,1.0640666,-1056.66096,.
2206.0,2678.3656,10.0,0.0,0.0,5.3983,12.2168,10.113417,3377.2159,89.349,173.879,64.3741,7.5555555,0.0,0.11111111,0.0,10.111111,0.0,0.0,2.2441,727.06233,0.7053061537859351,0.45000000045000127,0.0,0.0,1.0000000005557308,0.9999999997544368,0.03889775769170928,0.33006993039325816,0.9999999999776158,1.0000000000230045,0.9999999999378631,0.33999999784000096,0.0,0.004999999955000014,0.0,0.45499999545500125,0.0,0.0,1.0000000003119283,1.000000000330095,1.0330744,3.5587471,3.5587471,3.5587471,-0.6547175,-0.33020471,-11.993667,-1.0330744,-0.68313001,-0.54972967,-0.55090331,4.5158344,4.5158344,4.5158344,-44.350613,2.9656226,2.9656226,2.9656226,-1.342406,1.0330744,-1059.83526,.
2207.0,2674.1542,22.222222,0.0,1.1111111,5.3983,12.2168,5.7971831,3377.2159,89.349,155.41504,64.3741,18.555556,0.0,2.7960529,0.0,22.222222,0.0,0.0,2.2441,727.06233,0.7041971467347493,0.9999999910000028,0.0,0.04999999955000014,1.000000000555731,0.9999999997544362,0.02229685807658005,0.33006993039325777,0.9999999999776155,0.8938114436106448,0.9999999999378634,0.8350000208350024,0.0,0.12582238062582274,0.0,0.9999999910000028,0.0,0.0,1.0000000003119283,1.000000000330095,1.0029849,7.2852059,7.2852059,7.2852059,-0.96391183,-0.47266959,-15.108411,-1.0029849,-0.92773363,-0.7007667,-0.75307273,9.2444848,9.2444848,9.2444848,-58.552821,6.071005,6.071005,6.071005,-1.8086089,1.0029849,-1064.70866,.
2208.0,2678.3656,10.0,0.0,0.0,5.3983,12.2168,10.113417,3377.2159,89.349,173.879,64.3741,7.5555555,0.0,0.11111111,0.0,10.111111,0.0,0.0,2.2441,727.06233,0.7053061537859352,0.45000000045000127,0.0,0.0,1.0000000005557304,0.9999999997544365,0.03889775769170928,0.3300699303932592,0.9999999999776151,1.0000000000230043,0.999999999937863,0.33999999784000096,0.0,0.004999999955000014,0.0,0.45499999545500125,0.0,0.0,1.0000000003119296,1.000000000330095,0.97377172,3.3544605,3.3544605,3.3544605,-0.61713404,-0.31124961,-11.305182,-0.97377172,-0.64391556,-0.51817294,-0.51927921,4.2566071,4.2566071,4.2566071,-41.804706,2.7953837,2.7953837,2.7953837,-1.2653464,0.97377172,-1067.33786,.
2209.0,2674.1542,22.222222,0.0,1.1111111,5.3983,12.2168,5.7971831,3377.2159,89.349,155.41504,64.3741,18.555556,0.0,2.7960529,0.0,22.222222,0.0,0.0,2.2441,727.06233,0.704197146734749,0.9999999910000028,0.0,0.04999999955000014,1.0000000005557308,0.9999999997544368,0.02229685807658005,0.3300699303932592,0.9999999999776165,0.8938114436106444,0.9999999999378631,0.8350000208350024,0.0,0.12582238062582274,0.0,0.9999999910000028,0.0,0.0,1.0000000003119287,1.000000000330095,0.94540943,6.8670053,6.8670053,6.8670053,-0.90857934,-0.44553643,-14.241126,-0.94540943,-0.87447793,-0.66053982,-0.70984328,8.7138136,8.7138136,8.7138136,-55.191649,5.7225044,5.7225044,5.7225044,-1.7047874,0.94540943,-1071.65336,.
2210.0,2678.3656,10.0,0.0,0.0,5.3983,12.2168,10.113417,3377.2159,89.349,173.879,64.3741,7.5555555,0.0,0.11111111,0.0,10.111111,0.0,0.0,2.2441,727.06233,0.7053061537859353,0.45000000045000127,0.0,0.0,1.0000000005557312,0.9999999997544369,0.038897757691709264,0.33006993039325927,0.9999999999776156,1.0000000000230056,0.999999999937863,0.33999999784000096,0.0,0.004999999955000014,0.0,0.45499999545500125,0.0,0.0,1.000000000311929,1.000000000330095,0.91787324,3.1619007,3.1619007,3.1619007,-0.58170802,-0.2933826,-10.656218,-0.91787324,-0.60695217,-0.48842769,-0.48947046,4.0122604,4.0122604,4.0122604,-39.404945,2.6349173,2.6349173,2.6349173,-1.1927103,0.91787324,-1073.7426600000001,.
2211.0,2674.1542,22.222222,0.0,1.1111111,5.3983,12.2168,5.7971831,3377.2159,89.349,155.41504,64.3741,18.555556,0.0,2.7960529,0.0,22.222222,0.0,0.0,2.2441,727.06233,0.7041971467347492,0.9999999910000028,0.0,0.04999999955000014,1.0000000005557312,0.9999999997544367,0.02229685807658005,0.3300699303932592,0.9999999999776161,0.8938114436106444,0.9999999999378628,0.8350000208350024,0.0,0.12582238062582274,0.0,0.9999999910000028,0.0,0.0,1.0000000003119296,1.000000000330095,0.89113906,6.4728111,6.4728111,6.4728111,-0.85642317,-0.41996081,-13.423627,-0.89113906,-0.82427932,-0.62262213,-0.66909537,8.213605,8.213605,8.213605,-52.023423,5.3940093,5.3940093,5.3940093,-1.6069256,0.89113906,-1077.54006,.
2212.0,2678.3656,10.0,0.0,0.0,5.3983,12.2168,10.113417,3377.2159,89.349,173.879,64.3741,7.5555555,0.0,0.11111111,0.0,10.111111,0.0,0.0,2.2441,727.06233,0.7053061537859353,0.45000000045000127,0.0,0.0,1.0000000005557306,0.9999999997544365,0.03889775769170929,0.3300699303932581,0.9999999999776162,1.0000000000230043,0.9999999999378631,0.33999999784000096,0.0,0.004999999955000014,0.0,0.45499999545500125,0.0,0.0,1.0000000003119294,1.000000000330095,0.86518356,2.9803947,2.9803947,2.9803947,-0.5483156,-0.27654124,-10.044508,-0.86518356,-0.57211063,-0.46038995,-0.46137285,3.7819402,3.7819402,3.7819402,-37.14294,2.4836622,2.4836622,2.4836622,-1.1242439,0.86518356,-1079.08756,.
2213.0,2674.1542,22.222222,0.0,1.1111111,5.3983,12.2168,5.7971831,3377.2159,89.349,155.41504,64.3741,18.555556,0.0,2.7960529,0.0,22.222222,0.0,0.0,2.2441,727.06233,0.7041971467347491,0.9999999910000028,0.0,0.04999999955000014,1.0000000005557304,0.9999999997544369,0.02229685807658004,0.3300699303932593,0.9999999999776166,0.8938114436106446,0.9999999999378636,0.8350000208350024,0.0,0.12582238062582274,0.0,0.9999999910000028,0.0,0.0,1.000000000311929,1.000000000330095,0.83998404,6.1012453,6.1012453,6.1012453,-0.80726098,-0.39585334,-12.653056,-0.83998404,-0.77696231,-0.58688108,-0.63068656,7.7421105,7.7421105,7.7421105,-49.037065,5.0843711,5.0843711,5.0843711,-1.5146815,0.83998404,-1082.19036,.
2214.0,2678.3656,10.0,0.0,0.0,5.3983,12.2168,10.113417,3377.2159,89.349,173.879,64.3741,7.5555555,0.0,0.11111111,0.0,10.111111,0.0,0.0,2.2441,727.06233,0.7053061537859351,0.45000000045000127,0.0,0.0,1.000000000555731,0.9999999997544363,0.03889775769170927,0.3300699303932584,0.9999999999776154,1.0000000000230045,0.9999999999378638,0.33999999784000096,0.0,0.004999999955000014,0.0,0.45499999545500125,0.0,0.0,1.000000000311929,1.000000000330095,0.81551848,2.8093079,2.8093079,2.8093079,-0.51684004,-0.26066664,-9.4679118,-0.81551848,-0.53926914,-0.43396168,-0.43488816,3.5648414,3.5648414,3.5648414,-35.010783,2.3410899,2.3410899,2.3410899,-1.0597077,0.81551848,-1083.00906,.
2215.0,2674.1542,22.222222,0.0,1.1111111,5.3983,12.2168,5.7971831,3377.2159,89.349,155.41504,64.3741,18.555556,0.0,2.7960529,0.0,22.222222,0.0,0.0,2.2441,727.06233,0.7041971467347493,0.9999999910000028,0.0,0.04999999955000014,1.0000000005557306,0.9999999997544369,0.022296858076580058,0.33006993039325827,0.9999999999776156,0.8938114436106449,0.9999999999378631,0.8350000208350024,0.0,0.12582238062582274,0.0,0.9999999910000028,0.0,0.0,1.0000000003119283,1.000000000330095,0.79176552,5.7510088,5.7510088,5.7510088,-0.7609209,-0.37312974,-11.926719,-0.79176552,-0.7323615,-0.5531917,-0.59448257,7.2976817,7.2976817,7.2976817,-46.222137,4.7925074,4.7925074,4.7925074,-1.4277326,0.79176552,-1085.53876,.
2216.0,2678.3656,10.0,0.0,0.0,5.3983,12.2168,10.113417,3377.2159,89.349,173.879,64.3741,7.5555555,0.0,0.11111111,0.0,10.111111,0.0,0.0,2.2441,727.06233,0.7053061537859353,0.45000000045000127,0.0,0.0,1.0000000005557306,0.9999999997544368,0.03889775769170927,0.33006993039325877,0.9999999999776155,1.000000000023005,0.9999999999378631,0.33999999784000096,0.0,0.004999999955000014,0.0,0.45499999545500125,0.0,0.0,1.0000000003119294,1.000000000330095,0.76870439,2.6480421,2.6480421,2.6480421,-0.48717131,-0.24570331,-8.924415,-0.76870439,-0.50831289,-0.4090505,-0.4099238,3.3602049,3.3602049,3.3602049,-33.001021,2.2067017,2.2067017,2.2067017,-0.99887614,0.76870439,-1085.83296,.
2217.0,2674.1542,22.222222,0.0,1.1111111,5.3983,12.2168,5.7971831,3377.2159,89.349,155.41504,64.3741,18.555556,0.0,2.7960529,0.0,22.222222,0.0,0.0,2.2441,727.06233,0.704197146734749,0.9999999910000028,0.0,0.04999999955000014,1.0000000005557304,0.9999999997544369,0.022296858076580047,0.33006993039325866,0.9999999999776162,0.8938114436106441,0.999999999937863,0.8350000208350024,0.0,0.12582238062582274,0.0,0.9999999910000028,0.0,0.0,1.0000000003119294,1.000000000330095,0.74631494,5.4208774,5.4208774,5.4208774,-0.71724092,-0.35171057,-11.242076,-0.74631494,-0.69032095,-0.52143624,-0.56035684,6.8787649,6.8787649,6.8787649,-43.568798,4.5173978,4.5173978,4.5173978,-1.3457749,0.74631494,-1087.98976,.
2218.0,2678.3656,10.0,0.0,0.0,5.3983,12.2168,10.113417,3377.2159,89.349,173.879,64.3741,7.5555555,0.0,0.11111111,0.0,10.111111,0.0,0.0,2.2441,727.06233,0.7053061537859353,0.45000000045000127,0.0,0.0,1.0000000005557308,0.9999999997544371,0.03889775769170926,0.3300699303932587,0.9999999999776162,1.0000000000230047,0.9999999999378638,0.33999999784000096,0.0,0.004999999955000014,0.0,0.45499999545500125,0.0,0.0,1.0000000003119291,1.000000000330095,0.72457761,2.4960336,2.4960336,2.4960336,-0.45920568,-0.23159894,-8.412117,-0.72457761,-0.47913365,-0.38556933,-0.3863925,3.1673154,3.1673154,3.1673154,-31.106627,2.080028,2.080028,2.080028,-0.94153656,0.72457761,-1088.01436,.
2219.0,2674.1542,22.222222,0.0,1.1111111,5.3983,12.2168,5.7971831,3377.2159,89.349,155.41504,64.3741,18.555556,0.0,2.7960529,0.0,22.222222,0.0,0.0,2.2441,727.06233,0.7041971467347493,0.9999999910000028,0.0,0.04999999955000014,1.0000000005557312,0.9999999997544368,0.022296858076580047,0.3300699303932592,0.9999999999776155,0.8938114436106449,0.9999999999378631,0.8350000208350024,0.0,0.12582238062582274,0.0,0.9999999910000028,0.0,0.0,1.0000000003119294,1.000000000330095,0.70347341,5.1096969,5.1096969,5.1096969,-0.67606836,-0.33152094,-10.596735,-0.70347341,-0.65069371,-0.49150366,-0.52819006,6.4838957,6.4838957,6.4838957,-41.06777,4.2580807,4.2580807,4.2580807,-1.2685219,0.70347341,-1089.90746,.
2220.0,2678.3656,10.0,0.0,0.0,5.3983,12.2168,10.113417,3377.2159,89.349,173.879,64.3741,7.5555555,0.0,0.11111111,0.0,10.111111,0.0,0.0,2.2441,727.06233,0.7053061537859352,0.45000000045000127,0.0,0.0,1.0000000005557308,0.9999999997544362,0.038897757691709264,0.33006993039325827,0.9999999999776158,1.0000000000230045,0.9999999999378631,0.33999999784000096,0.0,0.004999999955000014,0.0,0.45499999545500125,0.0,0.0,1.0000000003119283,1.000000000330095,0.68298389,2.3527511,2.3527511,2.3527511,-0.4328454,-0.21830421,-7.9292271,-0.68298389,-0.45162942,-0.36343607,-0.36421199,2.9854986,2.9854986,2.9854986,-29.32098,1.9606259,1.9606259,1.9606259,-0.88748851,0.68298389,-1089.53456,.
2221.0,2674.1542,22.222222,0.0,1.1111111,5.3983,12.2168,5.7971831,3377.2159,89.349,155.41504,64.3741,18.555556,0.0,2.7960529,0.0,22.222222,0.0,0.0,2.2441,727.06233,0.7041971467347493,0.9999999910000028,0.0,0.04999999955000014,1.0000000005557312,0.9999999997544369,0.022296858076580047,0.3300699303932579,0.9999999999776161,0.893811443610645,0.9999999999378634,0.8350000208350024,0.0,0.12582238062582274,0.0,0.9999999910000028,0.0,0.0,1.0000000003119285,1.000000000330095,0.66309116,4.8163794,4.8163794,4.8163794,-0.63725927,-0.31249028,-9.9884394,-0.66309116,-0.61334122,-0.46328934,-0.49786979,6.1116935,6.1116935,6.1116935,-38.710312,4.0136495,4.0136495,4.0136495,-1.1957036,0.66309116,-1091.09086,.
2222.0,2678.3656,10.0,0.0,0.0,5.3983,12.2168,10.113417,3377.2159,89.349,173.879,64.3741,7.5555555,0.0,0.11111111,0.0,10.111111,0.0,0.0,2.2441,727.06233,0.7053061537859351,0.45000000045000127,0.0,0.0,1.0000000005557306,0.9999999997544365,0.03889775769170928,0.3300699303932582,0.9999999999776155,1.0000000000230047,0.9999999999378631,0.33999999784000096,0.0,0.004999999955000014,0.0,0.45499999545500125,0.0,0.0,1.0000000003119294,1.000000000330095,0.64377782,2.2176936,2.2176936,2.2176936,-0.4079983,-0.20577266,-7.474057,-0.64377782,-0.42570404,-0.34257336,-0.34330473,2.8141187,2.8141187,2.8141187,-27.637836,1.848078,1.848078,1.848078,-0.83654304,0.64377782,-1090.61776,.
2223.0,2674.1542,22.222222,0.0,1.1111111,5.3983,12.2168,5.7971831,3377.2159,89.349,155.41504,64.3741,18.555556,0.0,2.7960529,0.0,22.222222,0.0,0.0,2.2441,727.06233,0.7041971467347491,0.9999999910000028,0.0,0.04999999955000014,1.0000000005557308,0.9999999997544367,0.022296858076580047,0.33006993039325905,0.9999999999776158,0.8938114436106445,0.999999999937863,0.8350000208350024,0.0,0.12582238062582274,0.0,0.9999999910000028,0.0,0.0,1.0000000003119285,1.000000000330095,0.62502701,4.5398995,4.5398995,4.5398995,-0.60067798,-0.29455206,-9.4150621,-0.62502701,-0.57813293,-0.43669464,-0.46929003,5.7608573,5.7608573,5.7608573,-36.488182,3.7832496,3.7832496,3.7832496,-1.1270653,0.62502701,-1092.67256,.
2224.0,2678.3656,10.0,0.0,0.0,5.3983,12.2168,10.113417,3377.2159,89.349,173.879,64.3741,7.5555555,0.0,0.11111111,0.0,10.111111,0.0,0.0,2.2441,727.06233,0.7053061537859354,0.45000000045000127,0.0,0.0,1.0000000005557308,0.9999999997544368,0.03889775769170927,0.3300699303932595,0.9999999999776154,1.0000000000230052,0.999999999937863,0.33999999784000096,0.0,0.004999999955000014,0.0,0.45499999545500125,0.0,0.0,1.0000000003119294,1.000000000330095,0.60682234,2.0903889,2.0903889,2.0903889,-0.38457753,-0.19396046,-7.0450156,-0.60682234,-0.40126689,-0.32290824,-0.32359764,2.6525768,2.6525768,2.6525768,-26.051311,1.7419907,1.7419907,1.7419907,-0.78852205,0.60682234,-1092.70876,.
2225.0,2674.1542,22.222222,0.0,1.1111111,5.3983,12.2168,5.7971831,3377.2159,89.349,155.41504,64.3741,18.555556,0.0,2.7960529,0.0,22.222222,0.0,0.0,2.2441,727.06233,0.7041971467347491,0.9999999910000028,0.0,0.04999999955000014,1.0000000005557312,0.9999999997544363,0.02229685807658005,0.33006993039325916,0.9999999999776154,0.8938114436106444,0.999999999937863,0.8350000208350024,0.0,0.12582238062582274,0.0,0.9999999910000028,0.0,0.0,1.0000000003119298,1.000000000330095,0.5891479,4.2792907,4.2792907,4.2792907,-0.56619661,-0.27764357,-8.874599,-0.5891479,-0.54494573,-0.41162658,-0.44235086,5.4301605,5.4301605,5.4301605,-34.393611,3.5660756,3.5660756,3.5660756,-1.0623671,0.5891479,-1094.77996,.
2226.0,2678.3656,10.0,0.0,0.0,5.3983,12.2168,10.113417,3377.2159,89.349,173.879,64.3741,7.5555555,0.0,0.11111111,0.0,10.111111,0.0,0.0,2.2441,727.06233,0.7053061537859352,0.45000000045000127,0.0,0.0,1.0000000005557308,0.9999999997544367,0.03889775769170927,0.33006993039325827,0.9999999999776165,1.000000000023004,0.999999999937863,0.33999999784000096,0.0,0.004999999955000014,0.0,0.45499999545500125,0.0,0.0,1.0000000003119294,1.000000000330095,0.57198826,1.970392,1.970392,1.970392,-0.36250121,-0.18282634,-6.6406029,-0.57198826,-0.37823253,-0.30437199,-0.30502181,2.500308,2.500308,2.500308,-24.555859,1.6419933,1.6419933,1.6419933,-0.74325766,0.57198826,-1094.99386,.
2227.0,2674.1542,22.222222,0.0,1.1111111,5.3983,12.2168,5.7971831,3377.2159,89.349,155.41504,64.3741,18.555556,0.0,2.7960529,0.0,22.222222,0.0,0.0,2.2441,727.06233,0.7041971467347493,0.9999999910000028,0.0,0.04999999955000014,1.0000000005557308,0.9999999997544367,0.022296858076580058,0.330069930393259,0.9999999999776158,0.8938114436106449,0.9999999999378634,0.8350000208350024,0.0,0.12582238062582274,0.0,0.9999999910000028,0.0,0.0,1.000000000311929,1.000000000330095,0.5553284,4.0336419,4.0336419,4.0336419,-0.53369461,-0.26170569,-8.3651607,-0.5553284,-0.51366362,-0.38799753,-0.41695811,5.1184471,5.1184471,5.1184471,-32.419277,3.3613682,3.3613682,3.3613682,-1.0013829,0.5553284,-1097.23286,.
2228.0,2678.3656,10.0,0.0,0.0,5.3983,12.2168,10.113417,3377.2159,89.349,173.879,64.3741,7.5555555,0.0,0.11111111,0.0,10.111111,0.0,0.0,2.2441,727.06233,0.7053061537859352,0.45000000045000127,0.0,0.0,1.0000000005557308,0.9999999997544367,0.03889775769170927,0.3300699303932584,0.9999999999776156,1.000000000023004,0.9999999999378631,0.33999999784000096,0.0,0.004999999955000014,0.0,0.45499999545500125,0.0,0.0,1.000000000311929,1.000000000330095,0.53915379,1.8572834,1.8572834,1.8572834,-0.34169216,-0.17233136,-6.2594051,-0.53915379,-0.35652043,-0.28689979,-0.28751231,2.3567801,2.3567801,2.3567801,-23.146252,1.5477362,1.5477362,1.5477362,-0.70059163,0.53915379,-1097.46816,.
2229.0,2674.1542,22.222222,0.0,1.1111111,5.3983,12.2168,5.7971831,3377.2159,89.349,155.41504,64.3741,18.555556,0.0,2.7960529,0.0,22.222222,0.0,0.0,2.2441,727.06233,0.7041971467347493,0.9999999910000028,0.0,0.04999999955000014,1.0000000005557304,0.9999999997544367,0.022296858076580064,0.33006993039325816,0.9999999999776156,0.8938114436106444,0.9999999999378631,0.8350000208350024,0.0,0.12582238062582274,0.0,0.9999999910000028,0.0,0.0,1.0000000003119283,1.000000000330095,0.52345028,3.8020943,3.8020943,3.8020943,-0.50305835,-0.24668272,-7.8849663,-0.52345028,-0.48417723,-0.36572488,-0.39302301,4.8246273,4.8246273,4.8246273,-30.558278,3.168412,3.168412,3.168412,-0.94389945,0.52345028,-1100.14306,.
2230.0,2678.3656,10.0,0.0,0.0,5.3983,12.2168,10.113417,3377.2159,89.349,173.879,64.3741,7.5555555,0.0,0.11111111,0.0,10.111111,0.0,0.0,2.2441,727.06233,0.7053061537859353,0.45000000045000127,0.0,0.0,1.0000000005557304,0.9999999997544367,0.03889775769170927,0.33006993039325916,0.9999999999776154,1.0000000000230047,0.9999999999378636,0.33999999784000096,0.0,0.004999999955000014,0.0,0.45499999545500125,0.0,0.0,1.0000000003119294,1.000000000330095,0.50820416,1.7506678,1.7506678,1.7506678,-0.32207763,-0.16243883,-5.9000896,-0.50820416,-0.3360547,-0.27043057,-0.27100793,2.2214913,2.2214913,2.2214913,-21.817563,1.4588898,1.4588898,1.4588898,-0.6603748,0.50820416,-1100.66946,.
2231.0,2674.1542,22.222222,0.0,1.1111111,5.3983,12.2168,5.7971831,3377.2159,89.349,155.41504,64.3741,18.555556,0.0,2.7960529,0.0,22.222222,0.0,0.0,2.2441,727.06233,0.704197146734749,0.9999999910000028,0.0,0.04999999955000014,1.0000000005557306,0.9999999997544369,0.02229685807658004,0.33006993039325866,0.9999999999776156,0.893811443610644,0.9999999999378634,0.8350000208350024,0.0,0.12582238062582274,0.0,0.9999999910000028,0.0,0.0,1.0000000003119294,1.000000000330095,0.49340209,3.5838386,3.5838386,3.5838386,-0.47418075,-0.23252212,-7.4323369,-0.49340209,-0.45638347,-0.34473078,-0.37046188,4.547674,4.547674,4.547674,-28.804108,2.9865321,2.9865321,2.9865321,-0.88971576,0.49340209,-1103.02156,.
2232.0,2678.3656,10.0,0.0,0.0,5.3983,12.2168,10.113417,3377.2159,89.349,173.879,64.3741,7.5555555,0.0,0.11111111,0.0,10.111111,0.0,0.0,2.2441,727.06233,0.7053061537859353,0.45000000045000127,0.0,0.0,1.0000000005557308,0.9999999997544369,0.03889775769170927,0.33006993039325877,0.9999999999776158,1.0000000000230052,0.9999999999378631,0.33999999784000096,0.0,0.004999999955000014,0.0,0.45499999545500125,0.0,0.0,1.0000000003119291,1.000000000330095,0.47903116,1.6501723,1.6501723,1.6501723,-0.30358905,-0.15311418,-5.5614004,-0.47903116,-0.31676379,-0.25490675,-0.25545096,2.0939686,2.0939686,2.0939686,-20.565145,1.3751436,1.3751436,1.3751436,-0.62246659,0.47903116,-1104.28226,.
2233.0,2674.1542,22.222222,0.0,1.1111111,5.3983,12.2168,5.7971831,3377.2159,89.349,155.41504,64.3741,18.555556,0.0,2.7960529,0.0,22.222222,0.0,0.0,2.2441,727.06233,0.7041971467347493,0.9999999910000028,0.0,0.04999999955000014,1.0000000005557308,0.9999999997544365,0.022296858076580058,0.3300699303932594,0.9999999999776156,0.8938114436106451,0.999999999937863,0.8350000208350024,0.0,0.12582238062582274,0.0,0.9999999910000028,0.0,0.0,1.0000000003119294,1.000000000330095,0.4650788,3.3781116,3.3781116,3.3781116,-0.44696083,-0.2191744,-7.0056904,-0.4650788,-0.43018519,-0.32494182,-0.34919586,4.2866189,4.2866189,4.2866189,-27.150634,2.815093,2.815093,2.815093,-0.83864243,0.4650788,-1107.25406,.
2234.0,2678.3656,10.0,0.0,0.0,5.3983,12.2168,10.113417,3377.2159,89.349,173.879,64.3741,7.5555555,0.0,0.11111111,0.0,10.111111,0.0,0.0,2.2441,727.06233,0.705306153785935,0.45000000045000127,0.0,0.0,1.0000000005557308,0.9999999997544365,0.038897757691709264,0.3300699303932584,0.9999999999776162,1.0000000000230043,0.9999999999378626,0.33999999784000096,0.0,0.004999999955000014,0.0,0.45499999545500125,0.0,0.0,1.0000000003119291,1.000000000330095,0.45153281,1.5554456,1.5554456,1.5554456,-0.2861618,-0.1443248,-5.2421532,-0.45153281,-0.29858025,-0.24027406,-0.24078703,1.9737663,1.9737663,1.9737663,-19.384622,1.2962047,1.2962047,1.2962047,-0.58673446,0.45153281,-1108.13656,.
2235.0,2674.1542,22.222222,0.0,1.1111111,5.3983,12.2168,5.7971831,3377.2159,89.349,155.41504,64.3741,18.555556,0.0,2.7960529,0.0,22.222222,0.0,0.0,2.2441,727.06233,0.7041971467347493,0.9999999910000028,0.0,0.04999999955000014,1.0000000005557308,0.9999999997544365,0.02229685807658005,0.330069930393258,0.9999999999776159,0.8938114436106448,0.9999999999378634,0.8350000208350024,0.0,0.12582238062582274,0.0,0.9999999910000028,0.0,0.0,1.0000000003119291,1.000000000330095,0.43838137,3.1841942,3.1841942,3.1841942,-0.42130345,-0.20659289,-6.6035351,-0.43838137,-0.4054908,-0.30628883,-0.32915059,4.0405494,4.0405494,4.0405494,-25.592077,2.6534951,2.6534951,2.6534951,-0.79050093,0.43838137,-1110.71296,.
2236.0,2678.3656,10.0,0.0,0.0,5.3983,12.2168,10.113417,3377.2159,89.349,173.879,64.3741,7.5555555,0.0,0.11111111,0.0,10.111111,0.0,0.0,2.2441,727.06233,0.7053061537859352,0.45000000045000127,0.0,0.0,1.0000000005557304,0.9999999997544365,0.03889775769170929,0.3300699303932583,0.9999999999776156,1.0000000000230045,0.9999999999378634,0.33999999784000096,0.0,0.004999999955000014,0.0,0.45499999545500125,0.0,0.0,1.0000000003119294,1.000000000330095,0.42561298,1.4661567,1.4661567,1.4661567,-0.26973494,-0.13603997,-4.9412322,-0.42561298,-0.28144052,-0.22648135,-0.22696487,1.860464,1.860464,1.860464,-18.271865,1.2217973,1.2217973,1.2217973,-0.5530535,0.42561298,-1111.14316,.
2237.0,2674.1542,22.222222,0.0,1.1111111,5.3983,12.2168,5.7971831,3377.2159,89.349,155.41504,64.3741,18.555556,0.0,2.7960529,0.0,22.222222,0.0,0.0,2.2441,727.06233,0.7041971467347491,0.9999999910000028,0.0,0.04999999955000014,1.0000000005557306,0.9999999997544367,0.02229685807658005,0.330069930393258,0.9999999999776156,0.8938114436106446,0.9999999999378631,0.8350000208350024,0.0,0.12582238062582274,0.0,0.9999999910000028,0.0,0.0,1.000000000311928,1.000000000330095,0.41321649,3.0014084,3.0014084,3.0014084,-0.39711891,-0.19473361,-6.2244652,-0.41321649,-0.38221397,-0.2887066,-0.310256,3.8086053,3.8086053,3.8086053,-24.122987,2.5011737,2.5011737,2.5011737,-0.74512294,0.41321649,-1113.81986,.
2238.0,2678.3656,10.0,0.0,0.0,5.3983,12.2168,10.113417,3377.2159,89.349,173.879,64.3741,7.5555555,0.0,0.11111111,0.0,10.111111,0.0,0.0,2.2441,727.06233,0.7053061537859354,0.45000000045000127,0.0,0.0,1.0000000005557308,0.9999999997544368,0.03889775769170927,0.33006993039325977,0.9999999999776151,1.0000000000230052,0.9999999999378631,0.33999999784000096,0.0,0.004999999955000014,0.0,0.45499999545500125,0.0,0.0,1.000000000311929,1.000000000330095,0.40118105,1.3819933,1.3819933,1.3819933,-0.25425105,-0.12823072,-4.6575852,-0.40118105,-0.26528468,-0.21348039,-0.21393616,1.7536658,1.7536658,1.7536658,-17.222985,1.1516611,1.1516611,1.1516611,-0.52130597,0.40118105,-1114.98726,.
2239.0,2674.1542,22.222222,0.0,1.1111111,5.3983,12.2168,5.7971831,3377.2159,89.349,155.41504,64.3741,18.555556,0.0,2.7960529,0.0,22.222222,0.0,0.0,2.2441,727.06233,0.7041971467347491,0.9999999910000028,0.0,0.04999999955000014,1.0000000005557308,0.9999999997544363,0.02229685807658006,0.33006993039325916,0.9999999999776154,0.8938114436106445,0.999999999937863,0.8350000208350024,0.0,0.12582238062582274,0.0,0.9999999910000028,0.0,0.0,1.0000000003119294,1.000000000330095,0.38949617,2.8291153,2.8291153,2.8291153,-0.37432266,-0.18355511,-5.8671554,-0.38949617,-0.36027333,-0.27213366,-0.29244603,3.5899758,3.5899758,3.5899758,-22.738229,2.3575961,2.3575961,2.3575961,-0.70234983,0.38949617,-1118.74006,.
2240.0,2678.3656,10.0,0.0,0.0,5.3983,12.2168,10.113417,3377.2159,89.349,173.879,64.3741,7.5555555,0.0,0.11111111,0.0,10.111111,0.0,0.0,2.2441,727.06233,0.7053061537859352,0.45000000045000127,0.0,0.0,1.0000000005557304,0.9999999997544371,0.038897757691709264,0.33006993039325855,0.9999999999776165,1.0000000000230045,0.9999999999378631,0.33999999784000096,0.0,0.004999999955000014,0.0,0.45499999545500125,0.0,0.0,1.000000000311929,1.000000000330095,0.37815162,1.3026612,1.3026612,1.3026612,-0.239656,-0.12086975,-4.3902208,-0.37815162,-0.25005626,-0.20122574,-0.20165535,1.6529982,1.6529982,1.6529982,-16.234316,1.085551,1.085551,1.085551,-0.49138087,0.37815162,-1119.93396,.
2241.0,2674.1542,22.222222,0.0,1.1111111,5.3983,12.2168,5.7971831,3377.2159,89.349,155.41504,64.3741,18.555556,0.0,2.7960529,0.0,22.222222,0.0,0.0,2.2441,727.06233,0.7041971467347492,0.9999999910000028,0.0,0.04999999955000014,1.0000000005557312,0.9999999997544369,0.022296858076580058,0.33006993039325905,0.9999999999776161,0.8938114436106451,0.9999999999378634,0.8350000208350024,0.0,0.12582238062582274,0.0,0.9999999910000028,0.0,0.0,1.0000000003119291,1.000000000330095,0.3671375,2.6667125,2.6667125,2.6667125,-0.35283501,-0.17301829,-5.5303567,-0.3671375,-0.33959217,-0.25651208,-0.27565843,3.3838965,3.3838965,3.3838965,-21.432961,2.2222604,2.2222604,2.2222604,-0.66203208,0.3671375,-1123.08726,.
2242.0,2678.3656,10.0,0.0,0.0,5.3983,12.2168,10.113417,3377.2159,89.349,173.879,64.3741,7.5555555,0.0,0.11111111,0.0,10.111111,0.0,0.0,2.2441,727.06233,0.7053061537859353,0.45000000045000127,0.0,0.0,1.000000000555731,0.9999999997544365,0.03889775769170927,0.33006993039325855,0.9999999999776161,1.0000000000230045,0.999999999937863,0.33999999784000096,0.0,0.004999999955000014,0.0,0.45499999545500125,0.0,0.0,1.0000000003119291,1.000000000330095,0.35644417,1.2278832,1.2278832,1.2278832,-0.22589877,-0.11393133,-4.1382042,-0.35644417,-0.235702,-0.18967456,-0.19007951,1.5581093,1.5581093,1.5581093,-15.302399,1.023236,1.023236,1.023236,-0.4631736,0.35644417,-1124.09076,.
2243.0,2674.1542,22.222222,0.0,1.1111111,5.3983,12.2168,5.7971831,3377.2159,89.349,155.41504,64.3741,18.555556,0.0,2.7960529,0.0,22.222222,0.0,0.0,2.2441,727.06233,0.7041971467347491,0.9999999910000028,0.0,0.04999999955000014,1.0000000005557308,0.9999999997544363,0.02229685807658006,0.33006993039325844,0.9999999999776155,0.8938114436106444,0.9999999999378631,0.8350000208350024,0.0,0.12582238062582274,0.0,0.9999999910000028,0.0,0.0,1.0000000003119278,1.000000000330095,0.3460623,2.5136323,2.5136323,2.5136323,-0.33258084,-0.16308634,-5.2128916,-0.3460623,-0.32009819,-0.24178723,-0.25983451,3.189647,3.189647,3.189647,-20.202622,2.0946936,2.0946936,2.0946936,-0.62402873,0.3460623,-1127.02076,.
2244.0,2678.3656,10.0,0.0,0.0,5.3983,12.2168,10.113417,3377.2159,89.349,173.879,64.3741,7.5555555,0.0,0.11111111,0.0,10.111111,0.0,0.0,2.2441,727.06233,0.7053061537859353,0.45000000045000127,0.0,0.0,1.0000000005557304,0.9999999997544363,0.03889775769170927,0.33006993039325955,0.9999999999776159,1.0000000000230047,0.9999999999378638,0.33999999784000096,0.0,0.004999999955000014,0.0,0.45499999545500125,0.0,0.0,1.0000000003119294,1.000000000330095,0.33598282,1.1573976,1.1573976,1.1573976,-0.21293125,-0.10739121,-3.9006543,-0.33598282,-0.22217175,-0.17878647,-0.17916816,1.4686675,1.4686675,1.4686675,-14.423979,0.96449803,0.96449803,0.96449803,-0.43658554,0.33598282,-1128.46376,.
2245.0,2674.1542,22.222222,0.0,1.1111111,5.3983,12.2168,5.7971831,3377.2159,89.349,155.41504,64.3741,18.555556,0.0,2.7960529,0.0,22.222222,0.0,0.0,2.2441,727.06233,0.704197146734749,0.9999999910000028,0.0,0.04999999955000014,1.0000000005557304,0.9999999997544371,0.022296858076580058,0.3300699303932589,0.9999999999776156,0.8938114436106444,0.9999999999378636,0.8350000208350024,0.0,0.12582238062582274,0.0,0.9999999910000028,0.0,0.0,1.0000000003119285,1.000000000330095,0.32619691,2.3693395,2.3693395,2.3693395,-0.31348933,-0.15372451,-4.9136503,-0.32619691,-0.30172324,-0.22790766,-0.24491895,3.0065482,3.0065482,3.0065482,-19.042909,1.9744496,1.9744496,1.9744496,-0.58820693,0.32619691,-1131.67066,.
2246.0,2678.3656,10.0,0.0,0.0,5.3983,12.2168,10.113417,3377.2159,89.349,173.879,64.3741,7.5555555,0.0,0.11111111,0.0,10.111111,0.0,0.0,2.2441,727.06233,0.7053061537859353,0.45000000045000127,0.0,0.0,1.0000000005557308,0.9999999997544371,0.03889775769170927,0.330069930393259,0.9999999999776155,1.0000000000230054,0.9999999999378631,0.33999999784000096,0.0,0.004999999955000014,0.0,0.45499999545500125,0.0,0.0,1.0000000003119287,1.000000000330095,0.31669603,1.0909583,1.0909583,1.0909583,-0.20070813,-0.10122651,-3.6767408,-0.31669603,-0.20941818,-0.16852339,-0.16888318,1.3843599,1.3843599,1.3843599,-13.595984,0.9091319,0.9091319,0.9091319,-0.41152374,0.31669603,-1132.45666,.
2247.0,2674.1542,22.222222,0.0,1.1111111,5.3983,12.2168,5.7971831,3377.2159,89.349,155.41504,64.3741,18.555556,0.0,2.7960529,0.0,22.222222,0.0,0.0,2.2441,727.06233,0.7041971467347493,0.9999999910000028,0.0,0.04999999955000014,1.0000000005557308,0.9999999997544367,0.022296858076580058,0.3300699303932592,0.9999999999776155,0.8938114436106449,0.9999999999378631,0.8350000208350024,0.0,0.12582238062582274,0.0,0.9999999910000028,0.0,0.0,1.0000000003119296,1.000000000330095,0.30747187,2.2333297,2.2333297,2.2333297,-0.29549376,-0.1449001,-4.6315867,-0.30747187,-0.28440309,-0.21482482,-0.2308596,2.8339601,2.8339601,2.8339601,-17.949768,1.8611081,1.8611081,1.8611081,-0.55444144,0.30747187,-1134.94206,.
2248.0,2678.3656,10.0,0.0,0.0,5.3983,12.2168,10.113417,3377.2159,89.349,173.879,64.3741,7.5555555,0.0,0.11111111,0.0,10.111111,0.0,0.0,2.2441,727.06233,0.705306153785935,0.45000000045000127,0.0,0.0,1.0000000005557301,0.9999999997544367,0.03889775769170927,0.3300699303932586,0.9999999999776162,1.0000000000230038,0.9999999999378628,0.33999999784000096,0.0,0.004999999955000014,0.0,0.45499999545500125,0.0,0.0,1.0000000003119291,1.000000000330095,0.29851638,1.0283328,1.0283328,1.0283328,-0.18918666,-0.095415696,-3.4656808,-0.29851638,-0.19739672,-0.15884946,-0.15918859,1.304892,1.304892,1.304892,-12.815519,0.85694401,0.85694401,0.85694401,-0.3879006,0.29851638,-1136.46506,.
2249.0,2674.1542,22.222222,0.0,1.1111111,5.3983,12.2168,5.7971831,3377.2159,89.349,155.41504,64.3741,18.555556,0.0,2.7960529,0.0,22.222222,0.0,0.0,2.2441,727.06233,0.7041971467347493,0.9999999910000028,0.0,0.04999999955000014,1.0000000005557308,0.9999999997544365,0.022296858076580047,0.3300699303932582,0.9999999999776159,0.8938114436106449,0.9999999999378634,0.8350000208350024,0.0,0.12582238062582274,0.0,0.9999999910000028,0.0,0.0,1.0000000003119291,1.000000000330095,0.28982173,2.1051275,2.1051275,2.1051275,-0.27853121,-0.13658224,-4.3657146,-0.28982173,-0.26807719,-0.202493,-0.21760731,2.6712792,2.6712792,2.6712792,-16.919378,1.7542729,1.7542729,1.7542729,-0.52261424,0.28982173,-1139.67396,.
2250.0,2678.3656,10.0,0.0,0.0,5.3983,12.2168,10.113417,3377.2159,89.349,173.879,64.3741,7.5555555,0.0,0.11111111,0.0,10.111111,0.0,0.0,2.2441,727.06233,0.7053061537859352,0.45000000045000127,0.0,0.0,1.0000000005557308,0.9999999997544369,0.03889775769170928,0.3300699303932584,0.9999999999776156,1.0000000000230045,0.9999999999378638,0.33999999784000096,0.0,0.004999999955000014,0.0,0.45499999545500125,0.0,0.0,1.0000000003119291,1.000000000330095,0.28138032,0.9693023,0.9693023,0.9693023,-0.17832657,-0.089938444,-3.2667366,-0.28138032,-0.18606534,-0.14973085,-0.15005052,1.2299859,1.2299859,1.2299859,-12.079855,0.80775192,0.80775192,0.80775192,-0.36563352,0.28138032,-1140.61026,.
2251.0,2674.1542,22.222222,0.0,1.1111111,5.3983,12.2168,5.7971831,3377.2159,89.349,155.41504,64.3741,18.555556,0.0,2.7960529,0.0,22.222222,0.0,0.0,2.2441,727.06233,0.7041971467347492,0.9999999910000028,0.0,0.04999999955000014,1.0000000005557308,0.9999999997544368,0.02229685807658005,0.3300699303932583,0.9999999999776158,0.8938114436106448,0.9999999999378631,0.8350000208350024,0.0,0.12582238062582274,0.0,0.9999999910000028,0.0,0.0,1.0000000003119283,1.000000000330095,0.27318478,1.9842845,1.9842845,1.9842845,-0.26254238,-0.12874186,-4.1151048,-0.27318478,-0.25268846,-0.19086907,-0.20511576,2.5179368,2.5179368,2.5179368,-15.948136,1.6535704,1.6535704,1.6535704,-0.49261404,0.27318478,-1143.05476,.
2252.0,2678.3656,10.0,0.0,0.0,5.3983,12.2168,10.113417,3377.2159,89.349,173.879,64.3741,7.5555555,0.0,0.11111111,0.0,10.111111,0.0,0.0,2.2441,727.06233,0.7053061537859354,0.45000000045000127,0.0,0.0,1.0000000005557308,0.9999999997544367,0.038897757691709264,0.3300699303932593,0.9999999999776156,1.000000000023005,0.9999999999378631,0.33999999784000096,0.0,0.004999999955000014,0.0,0.45499999545500125,0.0,0.0,1.0000000003119287,1.000000000330095,0.26522794,0.91366038,0.91366038,0.91366038,-0.1680899,-0.08477561,-3.0792125,-0.26522794,-0.17538443,-0.14113569,-0.141437,1.1593797,1.1593797,1.1593797,-11.386422,0.76138365,0.76138365,0.76138365,-0.34464466,0.26522794,-1143.03936,.
2253.0,2674.1542,22.222222,0.0,1.1111111,5.3983,12.2168,5.7971831,3377.2159,89.349,155.41504,64.3741,18.555556,0.0,2.7960529,0.0,22.222222,0.0,0.0,2.2441,727.06233,0.7041971467347491,0.9999999910000028,0.0,0.04999999955000014,1.0000000005557306,0.9999999997544362,0.022296858076580058,0.3300699303932592,0.9999999999776154,0.8938114436106445,0.9999999999378628,0.8350000208350024,0.0,0.12582238062582274,0.0,0.9999999910000028,0.0,0.0,1.0000000003119294,1.000000000330095,0.25750285,1.8703785,1.8703785,1.8703785,-0.24747138,-0.12135155,-3.8788809,-0.25750285,-0.23818311,-0.17991241,-0.19334128,2.3733969,2.3733969,2.3733969,-15.032648,1.5586487,1.5586487,1.5586487,-0.46433598,0.25750285,-1144.47266,.
2254.0,2678.3656,10.0,0.0,0.0,5.3983,12.2168,10.113417,3377.2159,89.349,173.879,64.3741,7.5555555,0.0,0.11111111,0.0,10.111111,0.0,0.0,2.2441,727.06233,0.705306153785935,0.45000000045000127,0.0,0.0,1.0000000005557301,0.9999999997544367,0.03889775769170927,0.3300699303932591,0.9999999999776165,1.0000000000230045,0.999999999937863,0.33999999784000096,0.0,0.004999999955000014,0.0,0.45499999545500125,0.0,0.0,1.000000000311929,1.000000000330095,0.25000277,0.86121254,0.86121254,0.86121254,-0.15844085,-0.079909143,-2.9024531,-0.25000277,-0.16531664,-0.13303392,-0.13331794,1.0928265,1.0928265,1.0928265,-10.732795,0.71767712,0.71767712,0.71767712,-0.32486064,0.25000277,-1143.30586,.
2255.0,2674.1542,22.222222,0.0,1.1111111,5.3983,12.2168,5.7971831,3377.2159,89.349,155.41504,64.3741,18.555556,0.0,2.7960529,0.0,22.222222,0.0,0.0,2.2441,727.06233,0.7041971467347493,0.9999999910000028,0.0,0.04999999955000014,1.0000000005557312,0.9999999997544368,0.02229685807658005,0.3300699303932591,0.9999999999776156,0.8938114436106451,0.9999999999378634,0.8350000208350024,0.0,0.12582238062582274,0.0,0.9999999910000028,0.0,0.0,1.0000000003119291,1.000000000330095,0.24272114,1.7630111,1.7630111,1.7630111,-0.23326551,-0.11438547,-3.6562173,-0.24272114,-0.22451043,-0.1695847,-0.1822427,2.2371542,2.2371542,2.2371542,-14.169712,1.4691759,1.4691759,1.4691759,-0.4376812,0.24272114,-1143.66606,.
2256.0,2678.3656,10.0,0.0,0.0,5.3983,12.2168,10.113417,3377.2159,89.349,173.879,64.3741,7.5555555,0.0,0.11111111,0.0,10.111111,0.0,0.0,2.2441,727.06233,0.7053061537859352,0.45000000045000127,0.0,0.0,1.000000000555731,0.9999999997544367,0.038897757691709264,0.3300699303932587,0.9999999999776159,1.0000000000230043,0.9999999999378628,0.33999999784000096,0.0,0.004999999955000014,0.0,0.45499999545500125,0.0,0.0,1.0000000003119291,1.000000000330095,0.23565159,0.81177542,0.81177542,0.81177542,-0.1493457,-0.075322031,-2.7358405,-0.23565159,-0.15582679,-0.12539723,-0.12566495,1.0300938,1.0300938,1.0300938,-10.116689,0.67647951,0.67647951,0.67647951,-0.30621231,0.23565159,-1141.86456,.
2257.0,2674.1542,22.222222,0.0,1.1111111,5.3983,12.2168,5.7971831,3377.2159,89.349,155.41504,64.3741,18.555556,0.0,2.7960529,0.0,22.222222,0.0,0.0,2.2441,727.06233,0.7041971467347493,0.9999999910000028,0.0,0.04999999955000014,1.0000000005557306,0.9999999997544363,0.022296858076580058,0.33006993039325816,0.9999999999776162,0.8938114436106444,0.9999999999378631,0.8350000208350024,0.0,0.12582238062582274,0.0,0.9999999910000028,0.0,0.0,1.0000000003119278,1.000000000330095,0.22878795,1.6618071,1.6618071,1.6618071,-0.21987511,-0.10781928,-3.4463355,-0.22878795,-0.21162261,-0.15984984,-0.17178122,2.1087324,2.1087324,2.1087324,-13.356313,1.3848392,1.3848392,1.3848392,-0.41255651,0.22878795,-1141.44176,.
2258.0,2678.3656,10.0,0.0,0.0,5.3983,12.2168,10.113417,3377.2159,89.349,173.879,64.3741,7.5555555,0.0,0.11111111,0.0,10.111111,0.0,0.0,2.2441,727.06233,0.7053061537859352,0.45000000045000127,0.0,0.0,1.0000000005557301,0.9999999997544365,0.03889775769170927,0.33006993039325916,0.9999999999776161,1.0000000000230045,0.9999999999378634,0.33999999784000096,0.0,0.004999999955000014,0.0,0.45499999545500125,0.0,0.0,1.0000000003119294,1.000000000330095,0.22212422,0.76517619,0.76517619,0.76517619,-0.14077264,-0.070998239,-2.578792,-0.22212422,-0.1468817,-0.11819892,-0.11845126,0.97096221,0.97096221,0.97096221,-9.5359494,0.63764682,0.63764682,0.63764682,-0.28863447,0.22212422,-1138.72256,.
2259.0,2674.1542,22.222222,0.0,1.1111111,5.3983,12.2168,5.7971831,3377.2159,89.349,155.41504,64.3741,18.555556,0.0,2.7960529,0.0,22.222222,0.0,0.0,2.2441,727.06233,0.704197146734749,0.9999999910000028,0.0,0.04999999955000014,1.0000000005557308,0.9999999997544369,0.022296858076580058,0.3300699303932585,0.9999999999776154,0.8938114436106444,0.9999999999378634,0.8350000208350024,0.0,0.12582238062582274,0.0,0.9999999910000028,0.0,0.0,1.0000000003119285,1.000000000330095,0.21565459,1.5664125,1.5664125,1.5664125,-0.20725338,-0.10163001,-3.2485017,-0.21565459,-0.19947461,-0.15067381,-0.16192028,1.9876826,1.9876826,1.9876826,-12.589606,1.3053438,1.3053438,1.3053438,-0.38887407,0.21565459,-1137.48666,.
2260.0,2678.3656,10.0,0.0,0.0,5.3983,12.2168,10.113417,3377.2159,89.349,173.879,64.3741,7.5555555,0.0,0.11111111,0.0,10.111111,0.0,0.0,2.2441,727.06233,0.7053061537859353,0.45000000045000127,0.0,0.0,1.0000000005557308,0.9999999997544371,0.03889775769170927,0.3300699303932589,0.9999999999776158,1.0000000000230056,0.9999999999378631,0.33999999784000096,0.0,0.004999999955000014,0.0,0.45499999545500125,0.0,0.0,1.0000000003119285,1.000000000330095,0.20937338,0.72125194,0.72125194,0.72125194,-0.13269172,-0.066922649,-2.4307588,-0.20937338,-0.13845009,-0.11141381,-0.11165168,0.915225,0.915225,0.915225,-8.9885469,0.60104329,0.60104329,0.60104329,-0.27206567,0.20937338,-1134.18036,.
2261.0,2674.1542,22.222222,0.0,1.1111111,5.3983,12.2168,5.7971831,3377.2159,89.349,155.41504,64.3741,18.555556,0.0,2.7960529,0.0,22.222222,0.0,0.0,2.2441,727.06233,0.7041971467347493,0.9999999910000028,0.0,0.04999999955000014,1.0000000005557308,0.9999999997544367,0.022296858076580058,0.33006993039325905,0.9999999999776156,0.8938114436106449,0.9999999999378634,0.8350000208350024,0.0,0.12582238062582274,0.0,0.9999999910000028,0.0,0.0,1.0000000003119294,1.000000000330095,0.20327513,1.476494,1.476494,1.476494,-0.19535619,-0.095796034,-3.0620244,-0.20327513,-0.18802395,-0.14202452,-0.15262539,1.8735815,1.8735815,1.8735815,-11.866911,1.2304117,1.2304117,1.2304117,-0.36655111,0.20327513,-1132.66956,.
2262.0,2678.3656,10.0,0.0,0.0,5.3983,12.2168,10.113417,3377.2159,89.349,173.879,64.3741,7.5555555,0.0,0.11111111,0.0,10.111111,0.0,0.0,2.2441,727.06233,0.7053061537859351,0.45000000045000127,0.0,0.0,1.0000000005557306,0.9999999997544367,0.03889775769170929,0.33006993039325877,0.9999999999776165,1.0000000000230038,0.999999999937863,0.33999999784000096,0.0,0.004999999955000014,0.0,0.45499999545500125,0.0,0.0,1.0000000003119294,1.000000000330095,0.19735449,0.67984913,0.67984913,0.67984913,-0.12507467,-0.063081015,-2.2912233,-0.19735449,-0.13050249,-0.10501821,-0.10524241,0.86268735,0.86268735,0.86268735,-8.4725676,0.56654094,0.56654094,0.56654094,-0.25644799,0.19735449,-1128.91056,.
2263.0,2674.1542,22.222222,0.0,1.1111111,5.3983,12.2168,5.7971831,3377.2159,89.349,155.41504,64.3741,18.555556,0.0,2.7960529,0.0,22.222222,0.0,0.0,2.2441,727.06233,0.7041971467347492,0.9999999910000028,0.0,0.04999999955000014,1.000000000555731,0.9999999997544369,0.022296858076580047,0.33006993039325866,0.9999999999776162,0.8938114436106448,0.9999999999378638,0.8350000208350024,0.0,0.12582238062582274,0.0,0.9999999910000028,0.0,0.0,1.000000000311929,1.000000000330095,0.19160631,1.3917372,1.3917372,1.3917372,-0.18414194,-0.09029695,-2.8862517,-0.19160631,-0.1772306,-0.13387173,-0.14386407,1.7660302,1.7660302,1.7660302,-11.185702,1.159781,1.159781,1.159781,-0.34550958,0.19160631,-1126.69276,.
2264.0,2678.3656,10.0,0.0,0.0,5.3983,12.2168,10.113417,3377.2159,89.349,173.879,64.3741,7.5555555,0.0,0.11111111,0.0,10.111111,0.0,0.0,2.2441,727.06233,0.7053061537859353,0.45000000045000127,0.0,0.0,1.0000000005557312,0.9999999997544368,0.038897757691709264,0.3300699303932586,0.9999999999776156,1.0000000000230045,0.9999999999378634,0.33999999784000096,0.0,0.004999999955000014,0.0,0.45499999545500125,0.0,0.0,1.000000000311929,1.000000000330095,0.18602554,0.64082301,0.64082301,0.64082301,-0.11789487,-0.059459907,-2.1596977,-0.18602554,-0.12301111,-0.098989731,-0.099201069,0.81316556,0.81316556,0.81316556,-7.9862075,0.53401918,0.53401918,0.53401918,-0.24172683,0.18602554,-1122.44316,.
2265.0,2674.1542,22.222222,0.0,1.1111111,5.3983,12.2168,5.7971831,3377.2159,89.349,155.41504,64.3741,18.555556,0.0,2.7960529,0.0,22.222222,0.0,0.0,2.2441,727.06233,0.7041971467347492,0.9999999910000028,0.0,0.04999999955000014,1.0000000005557306,0.9999999997544361,0.02229685807658005,0.33006993039325855,0.9999999999776158,0.8938114436106445,0.9999999999378631,0.8350000208350024,0.0,0.12582238062582274,0.0,0.9999999910000028,0.0,0.0,1.0000000003119276,1.000000000330095,0.18060732,1.3118458,1.3118458,1.3118458,-0.17357144,-0.085113536,-2.720569,-0.18060732,-0.16705684,-0.12618694,-0.13560568,1.6646529,1.6646529,1.6646529,-10.543597,1.0932049,1.0932049,1.0932049,-0.32567591,0.18060732,-1119.83796,.
2266.0,2678.3656,10.0,0.0,0.0,5.3983,12.2168,10.113417,3377.2159,89.349,173.879,64.3741,7.5555555,0.0,0.11111111,0.0,10.111111,0.0,0.0,2.2441,727.06233,0.7053061537859354,0.45000000045000127,0.0,0.0,1.0000000005557308,0.9999999997544367,0.03889775769170927,0.33006993039325894,0.9999999999776158,1.0000000000230052,0.9999999999378634,0.33999999784000096,0.0,0.004999999955000014,0.0,0.45499999545500125,0.0,0.0,1.0000000003119287,1.000000000330095,0.17534691,0.60403715,0.60403715,0.60403715,-0.11112723,-0.056046665,-2.0357222,-0.17534691,-0.11594977,-0.093307316,-0.093506522,0.76648653,0.76648653,0.76648653,-7.5277665,0.50336429,0.50336429,0.50336429,-0.22785072,0.17534691,-1114.86936,.
2267.0,2674.1542,22.222222,0.0,1.1111111,5.3983,12.2168,5.7971831,3377.2159,89.349,155.41504,64.3741,18.555556,0.0,2.7960529,0.0,22.222222,0.0,0.0,2.2441,727.06233,0.704197146734749,0.9999999910000028,0.0,0.04999999955000014,1.0000000005557304,0.9999999997544365,0.022296858076580064,0.3300699303932583,0.9999999999776154,0.8938114436106446,0.9999999999378631,0.8350000208350024,0.0,0.12582238062582274,0.0,0.9999999910000028,0.0,0.0,1.0000000003119294,1.000000000330095,0.17023972,1.2365405,1.2365405,1.2365405,-0.16360773,-0.080227671,-2.5643972,-0.17023972,-0.1574671,-0.1189433,-0.12782136,1.569095,1.569095,1.569095,-9.9383512,1.0304504,1.0304504,1.0304504,-0.30698078,0.17023972,-1111.51846,.
2268.0,2678.3656,10.0,0.0,0.0,5.3983,12.2168,10.113417,3377.2159,89.349,173.879,64.3741,7.5555555,0.0,0.11111111,0.0,10.111111,0.0,0.0,2.2441,727.06233,0.7053061537859351,0.45000000045000127,0.0,0.0,1.0000000005557301,0.9999999997544363,0.038897757691709264,0.3300699303932594,0.9999999999776159,1.0000000000230047,0.9999999999378634,0.33999999784000096,0.0,0.004999999955000014,0.0,0.45499999545500125,0.0,0.0,1.0000000003119287,1.000000000330095,0.16528128,0.56936294,0.56936294,0.56936294,-0.10474807,-0.052829357,-1.9188634,-0.16528128,-0.10929378,-0.087951094,-0.088138865,0.72248707,0.72248707,0.72248707,-7.095642,0.47446912,0.47446912,0.47446912,-0.21477116,0.16528128,-1106.16256,.
2269.0,2674.1542,22.222222,0.0,1.1111111,5.3983,12.2168,5.7971831,3377.2159,89.349,155.41504,64.3741,18.555556,0.0,2.7960529,0.0,22.222222,0.0,0.0,2.2441,727.06233,0.7041971467347493,0.9999999910000028,0.0,0.04999999955000014,1.000000000555731,0.9999999997544369,0.022296858076580047,0.3300699303932594,0.9999999999776155,0.8938114436106455,0.9999999999378634,0.8350000208350024,0.0,0.12582238062582274,0.0,0.9999999910000028,0.0,0.0,1.0000000003119294,1.000000000330095,0.16046726,1.165558,1.165558,1.165558,-0.15421598,-0.075622274,-2.4171903,-0.16046726,-0.14842784,-0.11211547,-0.12048389,1.4790225,1.4790225,1.4790225,-9.3678492,0.97129836,0.97129836,0.97129836,-0.28935883,0.16046726,-1102.32726,.
2270.0,2678.3656,10.0,0.0,0.0,5.3983,12.2168,10.113417,3377.2159,89.349,173.879,64.3741,7.5555555,0.0,0.11111111,0.0,10.111111,0.0,0.0,2.2441,727.06233,0.7053061537859352,0.45000000045000127,0.0,0.0,1.000000000555731,0.9999999997544363,0.03889775769170927,0.330069930393259,0.9999999999776159,1.000000000023004,0.9999999999378626,0.33999999784000096,0.0,0.004999999955000014,0.0,0.45499999545500125,0.0,0.0,1.0000000003119296,1.000000000330095,0.15579346,0.53667918,0.53667918,0.53667918,-0.0987351,-0.049796736,-1.8087128,-0.15579346,-0.10301987,-0.082902342,-0.083079333,0.68101336,0.68101336,0.68101336,-6.6883231,0.44723265,0.44723265,0.44723265,-0.20244241,0.15579346,-1096.18126,.
2271.0,2674.1542,22.222222,0.0,1.1111111,5.3983,12.2168,5.7971831,3377.2159,89.349,155.41504,64.3741,18.555556,0.0,2.7960529,0.0,22.222222,0.0,0.0,2.2441,727.06233,0.7041971467347493,0.9999999910000028,0.0,0.04999999955000014,1.0000000005557308,0.9999999997544363,0.022296858076580058,0.3300699303932579,0.9999999999776162,0.8938114436106445,0.999999999937863,0.8350000208350024,0.0,0.12582238062582274,0.0,0.9999999910000028,0.0,0.0,1.0000000003119294,1.000000000330095,0.15125579,1.0986502,1.0986502,1.0986502,-0.14536335,-0.071281246,-2.2784337,-0.15125579,-0.13990748,-0.10567958,-0.11356762,1.3941206,1.3941206,1.3941206,-8.8300963,0.91554186,0.91554186,0.91554186,-0.27274845,0.15125579,-1091.59386,.
2272.0,2678.3656,10.0,0.0,0.0,5.3983,12.2168,10.113417,3377.2159,89.349,173.879,64.3741,7.5555555,0.0,0.11111111,0.0,10.111111,0.0,0.0,2.2441,727.06233,0.7053061537859353,0.45000000045000127,0.0,0.0,1.0000000005557308,0.9999999997544367,0.03889775769170929,0.33006993039325905,0.9999999999776161,1.0000000000230045,0.9999999999378634,0.33999999784000096,0.0,0.004999999955000014,0.0,0.45499999545500125,0.0,0.0,1.0000000003119294,1.000000000330095,0.14685028,0.5058716,0.5058716,0.5058716,-0.093067302,-0.0469382,-1.7048853,-0.14685028,-0.097106105,-0.078143408,-0.07831024,0.6419204,0.6419204,0.6419204,-6.304386,0.42155967,0.42155967,0.42155967,-0.19082139,0.14685028,-1085.02266,.
