Fig2, disc 0.06, temp0 944.727, 3rd payer, ffi removal, Wpt fitted, 2025-2125. Solve status Optimal. Total revenue -1123938.0178815704
Year,Agriculture mtC,Black_walnut_10 mhectares,Black_walnut_150 mhectares,Black_walnut_55 mhectares,C2F6 kt,CF4 kt,CH4 mt,Carbon mtC,HFC125 kt,HFC134a kt,HFC143a kt,Loblolly_pine_10 mhectares,Loblolly_pine_150 mhectares,Loblolly_pine_24 mhectares,N2O mt,Ponderosa_pine_10 mhectares,Ponderosa_pine_103 mhectares,Ponderosa_pine_150 mhectares,SF6 kt,Seaweed mt,Agriculture % max bid,Black_walnut_10 % max bid,Black_walnut_150 % max bid,Black_walnut_55 % max bid,C2F6 % max bid,CF4 % max bid,CH4 % max bid,Carbon % max bid,HFC125 % max bid,HFC134a % max bid,HFC143a % max bid,Loblolly_pine_10 % max bid,Loblolly_pine_150 % max bid,Loblolly_pine_24 % max bid,N2O % max bid,Ponderosa_pine_10 % max bid,Ponderosa_pine_103 % max bid,Ponderosa_pine_150 % max bid,SF6 % max bid,Seaweed % max bid,Agriculture $M/mtC,Black_walnut_10 $M/mhectares,Black_walnut_150 $M/mhectares,Black_walnut_55 $M/mhectares,C2F6 $M/kt,CF4 $M/kt,CH4 $M/mt,Carbon $M/mtC,HFC125 $M/kt,HFC134a $M/kt,HFC143a $M/kt,Loblolly_pine_10 $M/mhectares,Loblolly_pine_150 $M/mhectares,Loblolly_pine_24 $M/mhectares,N2O $M/mt,Ponderosa_pine_10 $M/mhectares,Ponderosa_pine_103 $M/mhectares,Ponderosa_pine_150 $M/mhectares,SF6 $M/kt,Seaweed $M/mt,temp change,Capt pi
2025.0,513.1705,0.0,0.0,0.0,5.3983,12.2168,169.85775,10124.493,89.349,173.879,64.3741,0.0,0.0,0.0,2.478,0.0,0.0,0.0,2.2441,727.06233,0.1351355138340357,0.0,0.0,0.0,1.0000000005557312,0.9999999997544369,0.6532990384514877,0.9895105313749816,0.9999999999776159,1.0000000000230045,0.9999999999378634,0.0,0.0,0.0,0.3394055608820713,0.0,0.0,0.0,1.0000000003119294,1.000000000330095,2.4170285,58.361201,827.31606,457.34089,-8.9873382,-4.1041082,-4.8518942,-2.4170285,-0.86379662,-0.29476066,-1.9081692,92.528196,874.68349,378.86669,-292.36308,48.2008,1396.2238,1398.2412,-16.893984,2.4170285,947.8784378,.
2026.0,513.1705,0.0,0.0,0.0,5.3983,12.2168,169.85775,10124.493,89.349,173.879,64.3741,0.0,0.0,0.0,2.36,0.0,0.0,0.0,2.2441,727.06233,0.13513551383403566,0.0,0.0,0.0,1.0000000005557306,0.9999999997544367,0.6532990384514878,0.989510531374981,0.9999999999776159,1.000000000023004,0.9999999999378631,0.0,0.0,0.0,0.3232433913162585,0.0,0.0,0.0,1.000000000311929,1.000000000330095,2.417046,58.362544,824.16718,458.87431,-8.9846151,-4.1035695,-4.8519452,-2.417046,-0.86344202,-0.29474806,-0.95694328,92.530278,876.77345,380.30248,-293.90818,48.201911,1383.3262,1385.329,-15.026063,2.417046,953.3814656,.
2027.0,513.1705,0.0,0.0,0.0,5.3983,12.2168,169.85775,10124.493,89.349,173.879,64.3741,0.0,0.0,0.0,2.253,0.0,0.0,0.0,2.2441,727.06233,0.13513551383403566,0.0,0.0,0.0,1.0000000005557306,0.9999999997544372,0.6532990384514878,0.9895105313749811,0.9999999999776161,1.0000000000230045,0.9999999999378631,0.0,0.0,0.0,0.308587864676072,0.0,0.0,0.0,1.0000000003119296,1.000000000330095,2.4170689,58.363811,820.95244,460.40809,-8.9837998,-4.1032869,-4.9269619,-2.4170689,-0.86296892,-0.2946637,-1.9072789,92.532164,878.95701,381.75476,-295.45196,48.20296,1370.1745,1372.1616,-16.892492,2.4170689,960.316082,.
2028.0,513.1705,0.0,0.0,0.0,5.3983,12.2168,169.85775,10124.493,89.349,173.879,64.3741,0.0,0.0,0.0,2.156,0.0,0.0,0.0,2.2441,727.06233,0.1351355138340357,0.0,0.0,0.0,1.0000000005557306,0.9999999997544365,0.6532990384514877,0.9895105313749805,0.9999999999776162,1.0000000000230045,0.9999999999378631,0.0,0.0,0.0,0.29530201342281903,0.0,0.0,0.0,1.0000000003119287,1.000000000330095,2.4170855,58.365028,817.671,462.04177,-8.9853068,-4.103238,-4.9645208,-2.4170855,-0.86312391,-0.29471017,-1.9076077,92.534002,881.23244,383.22361,-296.99687,48.203967,1356.8179,1358.7883,-16.891683,2.4170855,968.09376,.
2029.0,513.1705,0.0,0.0,0.0,5.3983,12.2168,169.85775,10124.493,89.349,173.879,64.3741,0.0,0.0,0.0,2.067,0.0,0.0,0.0,2.2441,727.06233,0.13513551383403563,0.0,0.0,0.0,1.0000000005557306,0.9999999997544369,0.6532990384514878,0.9895105313749807,0.9999999999776168,1.0000000000230043,0.9999999999378631,0.0,0.0,0.0,0.2831119024791127,0.0,0.0,0.0,1.0000000003119287,1.000000000330095,2.4171465,58.366189,814.31236,463.85987,-8.984297,-5.1231189,-5.0395644,-2.4171465,-1.7240194,-0.39259224,-1.9075406,92.535808,883.55,384.65742,-298.54275,48.204927,1343.2801,1345.2327,-16.891888,2.4171465,984.945412,.
2030.0,513.1705,0.0,0.0,0.0,5.3983,12.2168,169.85775,10124.493,89.349,173.879,64.3741,0.0,0.0,0.0,1.985,0.0,0.0,0.0,2.2441,727.06233,0.13513551383403563,0.0,0.0,0.0,1.0000000005557306,0.9999999997544371,0.6532990384514878,0.9895105313749801,0.9999999999776154,1.0000000000230047,0.9999999999378634,0.0,0.0,0.0,0.2718805643062597,0.0,0.0,0.0,1.0000000003119294,1.000000000330095,2.4172071,58.51513,810.8847,465.80516,-8.985038,-4.1035488,-5.0396416,-2.4172071,-0.86316958,-0.29471919,-1.9077539,92.845978,885.84462,386.0015,-298.54722,48.326236,1329.559,1331.4929,-16.89239,2.4172071,1021.636588,.
2031.0,513.1705,0.0,0.0,0.0,5.3983,12.2168,169.85775,10124.493,89.349,173.879,64.3741,0.0,0.0,0.0,1.91,0.0,0.0,0.0,2.2441,727.06233,0.1351355138340357,0.0,0.0,0.0,1.0000000005557304,0.9999999997544367,0.6532990384514878,0.9895105313749826,0.9999999999776158,1.0000000000230045,0.999999999937863,0.0,0.0,0.0,0.26160799890426,0.0,0.0,0.0,1.0000000003119294,1.000000000330095,2.4172638,58.670601,807.38594,467.86094,-8.9859004,-5.1235452,-5.1146923,-2.4172638,-1.7237749,-0.39263263,-2.8587992,93.146857,888.11207,387.25589,-300.09255,48.45333,1315.6488,1317.5629,-16.8917,2.4172638,1060.29271,.
2032.0,513.1705,0.0,0.0,0.0,5.3983,12.2168,169.85775,10124.493,89.349,173.879,64.3741,0.0,0.0,0.0,1.84,0.0,0.0,0.0,2.2441,727.06233,0.13513551383403563,0.0,0.0,0.0,1.0000000005557301,0.9999999997544363,0.6532990384514877,0.9895105313749798,0.9999999999776165,1.0000000000230052,0.9999999999378634,0.0,0.0,0.0,0.25202027119572684,0.0,0.0,0.0,1.0000000003119294,1.000000000330095,2.4173818,58.824379,803.81866,469.98275,-8.9849975,-4.1031113,-5.1522399,-2.4173818,-0.8638493,-0.29474621,-1.907956,93.420046,890.35323,388.42064,-300.09814,48.579644,1301.5555,1303.4488,-16.891971,2.4173818,1099.81341,.
2033.0,513.1705,0.0,0.0,0.0,5.3983,12.2168,169.85775,10124.493,89.349,173.879,64.3741,0.0,0.0,0.0,1.775,0.0,0.0,0.0,2.2441,727.06233,0.13513551383403566,0.0,0.0,0.0,1.0000000005557308,0.9999999997544367,0.6532990384514877,0.9895105313749835,0.9999999999776161,1.0000000000230052,0.999999999937863,0.0,0.0,0.0,0.24311738118066037,0.0,0.0,0.0,1.0000000003119294,1.000000000330095,2.4174402,58.976555,800.18002,472.26069,-8.9871809,-5.1236265,-5.2272676,-2.4174402,-1.724137,-0.39267303,-2.8592935,93.665688,892.57272,389.4958,-301.64294,48.70526,1287.285,1289.1558,-16.893075,2.4174402,1139.56784,.
2034.0,513.1705,0.0,0.0,0.0,5.3983,12.2168,169.85775,10056.519,89.349,173.879,64.3741,0.0,0.0,0.0,1.715,0.0,0.0,0.0,2.2441,727.06233,0.1351355138340357,0.0,0.0,0.0,1.0000000005557308,0.9999999997544368,0.6532990384514878,0.9828671380850975,0.9999999999776161,1.0000000000230045,0.9999999999378628,0.0,0.0,0.0,0.23489932885906073,0.0,0.0,0.0,1.0000000003119283,1.000000000330095,2.4174573,59.297596,796.47187,474.74026,-8.9844193,-5.1237731,-5.2648465,-2.4174573,-1.72406,-0.39268152,-2.8593559,94.239433,894.77466,390.48136,-303.189,48.968898,1272.8407,1274.6875,-16.892705,2.4174573,1179.64476,.
2035.0,513.1705,0.0,0.0,0.0,5.3983,12.2168,169.85775,10056.519,89.349,173.879,64.3741,0.0,0.0,0.0,1.606,0.0,0.0,0.0,2.2441,727.06233,0.13513551383403563,0.0,0.0,0.0,1.0000000005557306,0.9999999997544369,0.6532990384514877,0.982867138085097,0.9999999999776159,1.000000000023004,0.9999999999378631,0.0,0.0,0.0,0.21996986714148778,0.0,0.0,0.0,1.0000000003119285,1.000000000330095,2.4175014,59.796284,792.69215,477.3891,-8.982541,-4.102467,-5.3023697,-2.4175014,-1.723821,-0.39257631,-1.9073757,95.133167,896.95602,391.37734,-303.19225,49.378347,1258.2318,1260.0531,-16.890482,2.4175014,1220.42235,.
2036.0,513.1705,0.0,0.0,0.0,5.3983,12.2168,169.85775,10056.519,89.349,173.879,64.3741,0.0,0.0,0.0,1.557,0.0,0.0,0.0,2.2441,727.06233,0.13513551383403566,0.0,0.0,0.0,1.0000000005557306,0.9999999997544368,0.653299038451488,0.9828671380850945,0.9999999999776148,1.000000000023004,0.9999999999378631,0.0,0.0,0.0,0.21325845774551452,0.0,0.0,0.0,1.000000000311929,1.000000000330095,2.4175569,60.263226,788.79964,480.1372,-8.9847355,-4.1025461,-5.3399272,-2.4175569,-0.86358813,-0.2947216,-1.9075416,95.927841,899.14274,392.17415,-303.19631,49.762677,1243.389,1245.1822,-15.024057,2.4175569,1259.40734,.
2037.0,513.1705,0.0,0.0,0.0,5.3983,12.2168,169.85775,10056.519,89.349,173.879,64.3741,0.0,0.0,0.0,1.466,0.0,0.0,0.0,2.2441,727.06233,0.1351355138340357,0.0,0.0,0.0,1.0000000005557301,0.9999999997544363,0.6532990384514878,0.9828671380850973,0.9999999999776156,1.0000000000230045,0.9999999999378631,0.0,0.0,0.0,0.20079441172442156,0.0,0.0,0.0,1.000000000311929,1.000000000330095,2.4175767,60.696939,784.76009,482.87719,-8.9843853,-4.1040834,-5.4149901,-2.4175767,-1.7238878,-0.39272255,-2.8598825,96.622867,901.33054,392.8713,-306.28395,50.12075,1228.3749,1230.1389,-16.892569,2.4175767,1295.15047,.
2038.0,513.1705,0.0,0.0,0.0,5.3983,12.2168,169.85775,10056.519,89.349,173.879,64.3741,0.0,0.0,0.0,1.425,0.0,0.0,0.0,2.2441,727.06233,0.13513551383403558,0.0,0.0,0.0,1.0000000005557306,0.9999999997544367,0.6532990384514877,0.9828671380850957,0.9999999999776166,1.0000000000230047,0.9999999999378634,0.0,0.0,0.0,0.19517874263799498,0.0,0.0,0.0,1.000000000311929,1.000000000330095,2.4176221,61.097511,780.55987,485.59358,-8.9835483,-4.1028592,-5.4525504,-2.4176221,-0.86349817,-0.29475023,-1.9078375,97.21843,903.53394,393.46877,-306.28724,50.452515,1213.2283,1214.9619,-16.890261,2.4176221,1335.05512,.
2039.0,513.1705,0.0,0.0,0.11111111,5.3983,12.2168,169.85775,10056.519,89.349,173.879,64.3741,0.0,0.0,0.0,1.349,0.0,0.0,0.0,2.2441,727.06233,0.1351355138340357,0.0,0.0,0.004999999955000014,1.0000000005557317,0.9999999997544369,0.6532990384514875,0.9828671380850978,0.9999999999776158,1.0000000000230047,0.999999999937863,0.0,0.0,0.0,0.18476920969730193,0.0,0.0,0.0,1.0000000003119296,1.000000000330095,2.4176733,61.464888,776.19291,488.28564,-8.9840925,-4.1030224,-5.5275845,-2.4176733,-1.7241418,-0.39266247,-2.8590247,97.714401,905.71309,393.96658,-307.8331,50.757919,1197.9278,1199.6289,-16.890811,2.4176733,1372.58219,.
2040.0,513.1705,0.0,0.0,0.22222222,5.3983,12.2168,169.85775,10056.519,89.349,173.879,64.3741,0.0,0.11111111,0.11111111,1.314,0.0,0.0,0.0,2.2441,727.06233,0.13513551383403566,0.0,0.0,0.009999999910000027,1.0000000005557306,0.9999999997544365,0.6532990384514878,0.9828671380850964,0.9999999999776162,1.0000000000230045,0.9999999999378631,0.0,0.004999999955000014,0.004999999955000014,0.17997534584303546,0.0,0.0,0.0,1.0000000003119287,1.000000000330095,2.4651615,61.768385,771.63325,490.92152,-8.9833382,-4.103845,-5.5651676,-2.4651615,-0.86387908,-0.29483911,-1.9087808,98.099682,907.88764,394.35372,-307.83844,51.01083,1182.4578,1184.1246,-15.024276,2.4651615,1409.38601,.
2041.0,513.1705,0.22222222,0.0,0.44444444,5.3983,12.2168,169.85775,9992.1229,89.349,173.879,64.3741,0.22222222,0.22222222,0.22222222,1.249,0.22222222,0.0,0.0,2.2441,727.06233,0.13513551383403563,0.009999999910000027,0.0,0.019999999820000055,1.0000000005557306,0.9999999997544371,0.6532990384514877,0.9765734284514916,0.9999999999776156,1.0000000000230045,0.9999999999378636,0.009999999910000027,0.009999999910000027,0.009999999910000027,0.1710724558279689,0.009999999910000027,0.0,0.0,1.0000000003119294,1.000000000330095,2.4677929,62.00356,766.87309,493.49654,-8.9842983,-4.1033385,-5.6776893,-2.4677929,-1.7242864,-0.39273712,-2.8598236,98.398247,910.10516,394.65409,-309.3843,51.206806,1166.8097,1168.4405,-16.891009,2.4677929,1445.68403,.
2042.0,513.1705,0.33333333,0.0,0.55555555,5.3983,12.2168,169.85775,9992.1229,89.349,173.879,64.3741,0.33333333,0.44444444,0.33333333,1.162,0.33333333,0.11111111,0.0,2.2441,727.06233,0.1351355138340357,0.014999999865000042,0.0,0.02499999977500007,1.0000000005557308,0.9999999997544367,0.6532990384514878,0.9765734284514903,0.9999999999776158,1.0000000000230045,0.9999999999378634,0.014999999865000042,0.019999999820000055,0.014999999865000042,0.15915627996164922,0.014999999865000042,0.004999999955000014,0.0,1.0000000003119287,1.000000000330095,2.4678113,62.171992,761.90953,496.01137,-8.9835435,-4.1028771,-5.71524,-2.4678113,-1.7241938,-0.39268169,-1.9086343,98.612137,912.37345,394.86968,-310.92898,51.347162,1150.9713,1152.564,-16.891252,2.4678113,1480.86875,.
2043.0,513.1705,0.55555555,0.0,0.77777778,5.3983,12.2168,169.85775,9992.1229,89.349,173.879,64.3741,0.55555555,0.66666667,0.55555555,1.111,0.55555555,0.22222222,0.0,2.2441,727.06233,0.13513551383403563,0.02499999977500007,0.0,0.0350000001350001,1.0000000005557304,0.9999999997544367,0.6532990384514878,0.9765734284514912,0.9999999999776158,1.000000000023004,0.9999999999378634,0.02499999977500007,0.030000000180000087,0.02499999977500007,0.15217093548828942,0.02499999977500007,0.009999999910000027,0.0,1.000000000311929,1.000000000330095,2.4678403,62.273653,756.74185,498.46443,-8.9823973,-4.1028058,-5.7902963,-2.4678403,-1.7244508,-0.39267231,-2.8592342,98.741284,914.70019,395.08738,-312.47412,51.431876,1134.933,1136.4855,-16.889974,2.4678403,1515.5106,.
2044.0,600.43735,0.66666667,0.11111111,1.0,5.3983,12.2168,169.85775,9992.1229,89.349,173.879,64.3741,0.66666667,0.77777778,0.66666667,1.064,0.66666667,0.33333333,0.0,2.2441,727.06233,0.1581158890025766,0.030000000180000087,0.004999999955000014,0.04500000004500013,1.0000000005557308,0.9999999997544369,0.653299038451488,0.9765734284514892,0.9999999999776156,1.000000000023004,0.9999999999378634,0.030000000180000087,0.0350000001350001,0.030000000180000087,0.1457334611697029,0.030000000180000087,0.014999999865000042,0.0,1.00000000031193,1.000000000330095,2.5225743,62.308517,751.36182,500.8549,-8.9834556,-4.1029724,-5.8653354,-2.5225743,-1.7240199,-0.39274359,-1.9091582,98.785656,917.09618,395.42384,-312.47908,51.460927,1118.6785,1120.1883,-15.022601,2.5225743,1549.3802,.
2045.0,600.43735,0.88888889,0.22222222,1.2222222,5.3983,12.2168,169.85775,9934.8819,89.349,173.879,64.3741,0.88888889,1.0,0.88888889,1.02,0.88888889,0.44444444,0.0,2.2441,727.06233,0.15811588900257664,0.04000000009000011,0.009999999910000027,0.05499999905500016,1.0000000005557301,0.9999999997544365,0.6532990384514878,0.9709790177164118,0.9999999999776156,1.0000000000230045,0.9999999999378631,0.04000000009000011,0.04500000004500013,0.04000000009000011,0.13970688946719648,0.04000000009000011,0.019999999820000055,0.0,1.0000000003119294,1.000000000330095,2.5806838,62.308975,745.79765,503.21281,-8.9832765,-4.1028143,-5.9403916,-2.5806838,-0.86419988,-0.3926772,-1.9091648,98.786364,919.60586,395.74046,-312.4835,51.461305,1102.2145,1103.6802,-15.023147,2.5806838,1582.41278,.
2046.0,600.43735,1.1111111,0.33333333,1.4444444,5.3983,12.2168,169.85775,9934.8819,89.349,173.879,64.3741,1.1111111,1.2222222,1.1111111,0.96,1.1111111,0.55555555,0.0,2.2441,727.06233,0.15811588900257656,0.04999999955000014,0.014999999865000042,0.06499999806500019,1.0000000005557306,0.9999999997544367,0.653299038451488,0.9709790177164102,0.9999999999776168,1.0000000000230052,0.9999999999378634,0.04999999955000014,0.05499999905500016,0.04999999955000014,0.13148883714559664,0.04999999955000014,0.02499999977500007,0.0,1.0000000003119291,1.000000000330095,2.580711,62.309422,740.08134,506.98784,-8.9830399,-4.1033679,-6.0154575,-2.580711,-1.7243434,-0.39273211,-1.9089592,98.787062,922.26763,396.2368,-314.02957,51.461674,1085.556,1086.9755,-15.023169,2.580711,1615.1038899999999,.
2047.0,600.43735,1.3333333,0.44444444,1.7777778,5.3983,12.2168,169.85775,9934.8819,89.349,173.879,64.3741,1.3333333,1.4444444,1.3333333,0.906,1.3333333,0.77777778,0.0,2.2441,727.06233,0.15811588900257656,0.05999999856000017,0.019999999820000055,0.08000000108000023,1.0000000005557308,0.9999999997544368,0.6532990384514878,0.9709790177164129,0.9999999999776159,1.0000000000230052,0.9999999999378634,0.05999999856000017,0.06499999806500019,0.05999999856000017,0.12409259005615683,0.05999999856000017,0.0350000001350001,0.0,1.0000000003119294,1.000000000330095,2.5807256,62.309866,734.18072,510.7731,-8.9826653,-4.1030017,-6.0905115,-2.5807256,-1.7243616,-0.39273624,-2.8599784,98.78776,924.88329,396.75987,-315.57478,51.462041,1068.5982,1069.9686,-16.889147,2.5807256,1647.52938,.
2048.0,600.43735,1.5555556,0.66666667,2.0,5.3983,12.2168,169.85775,9934.8819,89.349,173.879,64.3741,1.5555556,1.6666667,1.5555556,0.857,1.5555556,0.88888889,0.11111111,2.2441,727.06233,0.15811588900257662,0.07000000207000019,0.030000000180000087,0.09000000009000025,1.000000000555731,0.9999999997544362,0.6532990384514878,0.9709790177164126,0.9999999999776159,1.0000000000230043,0.9999999999378631,0.07000000207000019,0.07500000157500021,0.07000000207000019,0.11738118066018369,0.07000000207000019,0.04000000009000011,0.004999999955000014,1.0000000003119285,1.000000000330095,2.580768,62.310283,728.11171,514.56832,-8.9826694,-4.1021866,-6.1655371,-2.580768,-1.724648,-0.39266161,-1.9089993,98.788417,927.32854,397.40703,-315.57951,51.462385,1051.3782,1052.699,-15.022667,2.580768,1679.6765799999998,.
2049.0,600.43735,1.7777778,0.77777778,2.3333333,5.3983,12.2168,154.83028,9877.641,89.349,173.879,64.3741,1.7777778,2.0,1.7777778,0.813,1.7777778,1.0,0.22222222,2.2441,727.06233,0.15811588900257656,0.08000000108000023,0.0350000001350001,0.1049999986050003,1.0000000005557308,0.9999999997544368,0.5955010769139152,0.9653846167547661,0.9999999999776156,1.000000000023004,0.9999999999378631,0.08000000108000023,0.09000000009000025,0.08000000108000023,0.11135460895767713,0.08000000108000023,0.04500000004500013,0.009999999910000027,1.000000000311929,1.000000000330095,2.5807897,62.310699,721.85777,518.37407,-8.9833316,-4.1024134,-6.2406059,-2.5807897,-1.7243286,-0.39268888,-1.9084898,98.789079,929.6384,398.08666,-317.12495,51.462729,1033.8427,1035.1105,-15.02262,2.5807897,1711.12077,.
2050.0,600.43735,2.0,0.88888889,2.6666667,5.3983,12.2168,154.83028,9877.641,89.349,173.879,64.3741,2.0,2.2222222,2.1111111,0.772,2.0,1.1111111,0.33333333,2.2441,727.06233,0.15811588900257662,0.09000000009000025,0.04000000009000011,0.12000000162000034,1.0000000005557308,0.9999999997544368,0.5955010769139156,0.9653846167547626,0.9999999999776151,1.0000000000230045,0.9999999999378631,0.09000000009000025,0.09999999910000028,0.09499999959500027,0.10573893987125062,0.09000000009000025,0.04999999955000014,0.014999999865000042,1.000000000311929,1.000000000330095,2.5807989,62.311105,715.41036,522.18879,-8.9823275,-4.1025776,-6.3531513,-2.5807989,-1.7245808,-0.39275386,-1.9092615,98.789715,931.85294,398.79876,-318.67135,51.463065,1015.9641,1017.1763,-15.022436,2.5807989,1738.78908,.
2051.0,600.43735,2.3333333,1.1111111,3.0,5.3983,12.2168,154.83028,9877.641,89.349,173.879,64.3741,2.3333333,2.5555556,2.3333333,0.722,2.3333333,1.3333333,0.44444444,2.2441,727.06233,0.1581158890025766,0.1049999986050003,0.04999999955000014,0.13500000013500038,1.0000000005557301,0.9999999997544363,0.5955010769139155,0.9653846167547663,0.9999999999776155,1.000000000023005,0.9999999999378631,0.1049999986050003,0.11500000211500032,0.1049999986050003,0.09889056293658414,0.1049999986050003,0.05999999856000017,0.019999999820000055,1.0000000003119291,1.000000000330095,2.5808144,62.311502,708.77592,526.26147,-8.9820788,-4.1019752,-6.4281799,-2.5808144,-1.7244243,-0.49055089,-2.8597229,98.790336,933.96619,399.91906,-320.21589,51.463392,997.75776,998.91365,-16.888985,2.5808144,1766.09985,.
2052.0,600.43735,2.5555556,1.2222222,3.3333333,5.3983,12.2168,154.83028,9816.8225,89.349,173.879,64.3741,2.5555556,2.7777778,2.6666667,0.688,2.5555556,1.4444444,0.55555555,2.2441,727.06233,0.15811588900257653,0.11500000211500032,0.05499999905500016,0.14999999865000044,1.0000000005557306,0.9999999997544368,0.5955010769139153,0.9594405614571379,0.9999999999776161,1.0000000000230045,0.9999999999378634,0.11500000211500032,0.12500000112500034,0.12000000162000034,0.0942336666210109,0.11500000211500032,0.06499999806500019,0.02499999977500007,1.0000000003119291,1.000000000330095,2.5808422,62.311878,701.95378,530.57468,-8.982599,-4.1018872,-6.5032566,-2.5808422,-1.7246116,-0.39263527,-1.9083335,98.790919,935.96189,401.27798,-320.22064,51.463703,979.23849,980.33644,-15.021509,2.5808422,1793.12933,.
2053.0,600.43735,2.8888889,1.4444444,3.7777778,5.3983,12.2168,154.83028,9816.8225,89.349,173.879,64.3741,2.8888889,3.1111111,3.0,0.646,2.8888889,1.5555556,0.66666667,2.2441,727.06233,0.15811588900257656,0.13000000063000036,0.06499999806500019,0.17000000117000047,1.0000000005557304,0.9999999997544369,0.5955010769139153,0.9594405614571403,0.9999999999776156,1.0000000000230047,0.999999999937863,0.13000000063000036,0.1399999996400004,0.13500000013500038,0.08848102999589105,0.13000000063000036,0.07000000207000019,0.030000000180000087,1.0000000003119294,1.000000000330095,2.58086,62.31224,694.9438,535.02817,-8.9823106,-4.1027891,-6.615814,-2.58086,-1.7248246,-0.49066499,-2.8608645,98.791479,937.80121,402.71639,-321.76794,51.464003,960.4058,961.44766,-16.889287,2.58086,1819.7649999999999,.
2054.0,600.43735,3.2222222,1.6666667,4.1111111,5.3983,12.2168,154.83028,9748.8489,89.349,173.879,64.3741,3.2222222,3.4444444,3.3333333,0.607,3.2222222,1.7777778,0.77777778,2.2441,727.06233,0.15811588900257656,0.14499999914500042,0.07500000157500021,0.1849999996850005,1.0000000005557301,0.9999999997544363,0.5955010769139155,0.9527972072609868,0.9999999999776159,1.000000000023004,0.9999999999378631,0.14499999914500042,0.15499999815500043,0.14999999865000044,0.08313929598685123,0.14499999914500042,0.08000000108000023,0.0350000001350001,1.0000000003119287,1.000000000330095,2.5808722,62.312594,687.75591,539.83066,-8.9823078,-4.1024829,-6.7283557,-2.5808722,-1.7245995,-0.39275046,-1.9093381,98.792026,939.47671,404.33858,-321.77206,51.464295,941.2835,942.27262,-15.021679,2.5808722,1845.89186,.
2055.0,686.66351,3.5555556,1.8888889,4.6666667,5.3983,12.2168,154.83028,9748.8489,89.349,173.879,64.3741,3.5555556,3.8888889,3.6666667,0.563,3.5555556,1.8888889,0.88888889,2.2441,727.06233,0.18082221455623906,0.16000000216000046,0.08500000058500023,0.2100000017100006,1.0000000005557306,0.9999999997544368,0.5955010769139154,0.9527972072609868,0.9999999999776154,1.0000000000230047,0.9999999999378634,0.16000000216000046,0.1750000006750005,0.16500000166500048,0.07711272428434468,0.16000000216000046,0.08500000058500023,0.04000000009000011,1.0000000003119294,1.000000000330095,2.5808876,62.312924,680.39473,544.82939,-8.9818861,-4.1021388,-6.8408873,-2.5808876,-1.7248236,-0.4905476,-2.8591774,98.792535,940.93954,405.99889,-323.31697,51.464568,921.91241,922.85155,-16.887798,2.5808876,1871.91164,.
2056.0,686.66351,3.8888889,2.0,5.1111111,5.3983,12.2168,154.83028,9748.8489,89.349,173.879,64.3741,3.8888889,4.2222222,4.1111111,0.523,3.8888889,2.1111111,1.1111111,2.2441,727.06233,0.18082221455623912,0.1750000006750005,0.09000000009000025,0.22999999973000063,1.0000000005557308,0.9999999997544363,0.5955010769139154,0.9527972072609862,0.9999999999776162,1.0000000000230045,0.9999999999378634,0.1750000006750005,0.18999999919000055,0.1849999996850005,0.0716340227366115,0.1750000006750005,0.09499999959500027,0.04999999955000014,1.0000000003119294,1.000000000330095,2.5809068,62.31324,672.9466,550.04757,-8.9822196,-4.1028016,-6.9534554,-2.5809068,-1.7252546,-0.49066522,-2.8606024,98.793026,941.96919,407.94893,-324.86348,51.46483,902.62791,903.52428,-16.888209,2.5809068,1897.6292600000002,.
2057.0,686.66351,4.2222222,2.2222222,5.6666667,5.3983,12.2168,154.83028,9691.6079,89.349,173.879,64.3741,4.2222222,4.6666667,4.5555556,0.486,4.2222222,2.2222222,1.2222222,2.2441,727.06233,0.18082221455623906,0.18999999919000055,0.09999999910000028,0.25500000175500076,1.0000000005557308,0.9999999997544363,0.5955010769139154,0.9472027965259074,0.9999999999776159,1.000000000023004,0.9999999999378634,0.18999999919000055,0.2100000017100006,0.2050000022050006,0.06656622380495829,0.18999999919000055,0.09999999910000028,0.05499999905500016,1.0000000003119294,1.000000000330095,2.5809266,62.354221,665.43896,556.12574,-8.982135,-4.1023969,-7.0659916,-2.5809266,-1.7246242,-0.4906693,-2.8606518,98.878367,942.45215,410.23813,-324.86828,51.498208,883.57653,884.4328,-15.020945,2.5809266,1922.8940499999999,.
2058.0,686.66351,4.6666667,2.4444444,6.2222222,5.3983,12.2168,154.83028,9691.6079,89.349,173.879,64.3741,4.6666667,5.1111111,5.0,0.451,4.6666667,2.4444444,1.3333333,2.2441,727.06233,0.18082221455623906,0.2100000017100006,0.10999999811000032,0.2799999992800008,1.0000000005557306,0.9999999997544369,0.5955010769139156,0.947202796525905,0.9999999999776151,1.0000000000230043,0.9999999999378631,0.2100000017100006,0.22999999973000063,0.22500000022500063,0.06177235995069174,0.2100000017100006,0.10999999811000032,0.05999999856000017,1.0000000003119294,1.000000000330095,2.5809408,62.487653,657.87831,560.21531,-8.9820252,-4.1017579,-7.1785338,-2.5809408,-1.7246274,-0.49060799,-2.8597095,99.150284,942.36886,412.56461,-326.41324,51.607006,864.76564,865.58042,-15.020467,2.5809408,1947.68862,.
2059.0,686.66351,5.1111111,2.6666667,6.7777778,5.3983,12.2168,142.19242,9634.367,89.349,173.879,64.3741,5.1111111,5.5555556,5.4444444,0.414,5.1111111,2.5555556,1.4444444,2.2441,727.06233,0.18082221455623915,0.22999999973000063,0.12000000162000034,0.3050000013050009,1.0000000005557304,0.9999999997544362,0.5468939230685094,0.9416083955642578,0.9999999999776155,1.0000000000230047,0.999999999937863,0.22999999973000063,0.2500000022500007,0.24499999824500068,0.056704561019038556,0.22999999973000063,0.11500000211500032,0.06499999806500019,1.000000000311929,1.000000000330095,2.5809591,62.623028,650.25561,565.66272,-4.5139475,-3.0821106,-7.2911222,-2.5809591,-1.7252282,-0.39277382,-1.9096152,99.405525,941.80397,415.13303,-326.41836,51.717838,846.15888,846.93454,-15.02105,2.5809591,1971.81212,.
2060.0,686.66351,5.5555556,3.0,7.4444444,5.3983,12.2168,142.19242,9634.367,89.349,173.879,64.3741,5.5555556,6.0,6.0,0.384,5.5555555,2.7777778,1.6666667,2.2441,727.06233,0.18082221455623906,0.2500000022500007,0.13500000013500038,0.33499999833500094,1.0000000005557301,0.9999999997544369,0.5468939230685093,0.941608395564259,0.9999999999776166,1.0000000000230052,0.9999999999378634,0.2500000022500007,0.27000000027000076,0.27000000027000076,0.05259553485823866,0.2499999977500007,0.12500000112500034,0.07500000157500021,1.0000000003119287,1.000000000330095,2.5809721,62.833109,642.56913,571.73589,-8.9818574,-4.1022213,-7.4411335,-2.5809721,-1.7250073,-0.49072266,-1.9100249,99.79539,940.6651,418.07465,-326.42327,51.890039,827.78385,828.5228,-15.021118,2.5809721,1994.88042,.
2061.0,686.66351,6.1111111,3.2222222,8.1111111,5.3983,12.2168,142.19242,9555.6607,89.349,173.879,64.3741,6.1111111,6.4444444,6.5555555,0.346,6.1111111,3.0,1.7777778,2.2441,727.06233,0.18082221455623906,0.2749999997750008,0.14499999914500042,0.36499999986500103,1.0000000005557301,0.9999999997544369,0.5468939230685095,0.9339160881335996,0.9999999999776159,1.0000000000230052,0.9999999999378631,0.2749999997750008,0.28999999829000084,0.2949999977950008,0.047390768387892114,0.2749999997750008,0.13500000013500038,0.08000000108000023,1.0000000003119296,1.000000000330095,2.580987,63.041034,634.81879,577.4164,-8.9818791,-4.1018303,-7.5911773,-2.580987,-1.7248932,-0.490663,-2.8602387,100.1477,938.90657,421.26452,-327.96882,52.061227,809.64849,810.35059,-15.020036,2.580987,2017.0035200000002,.
2062.0,771.84899,6.6666667,3.4444444,8.8888889,5.3983,12.2168,142.19242,9494.8422,89.349,173.879,64.3741,6.6666667,7.0,7.2222222,0.311,6.6666667,3.2222222,1.8888889,2.2441,727.06233,0.2032544931283686,0.30000000180000086,0.15499999815500043,0.4000000009000011,1.0000000005557306,0.9999999997544365,0.5468939230685094,0.927972032835976,0.9999999999776162,1.0000000000230045,0.999999999937863,0.30000000180000086,0.3150000003150009,0.3249999993250009,0.04259690453362557,0.30000000180000086,0.14499999914500042,0.08500000058500023,1.0000000003119287,1.000000000330095,2.5809987,63.292375,627.0013,582.94364,-8.9817791,-4.1024527,-7.7412261,-2.5809987,-1.7255145,-0.58858313,-2.8605815,100.55754,936.54567,424.67664,-329.5149,52.268535,791.74385,792.41132,-15.020526,2.5809987,2038.0876199999998,.
2063.0,771.84899,7.2222222,3.7777778,9.6666667,5.3983,12.2168,142.19242,9494.8422,89.349,173.879,64.3741,7.2222222,7.5555555,7.7777778,0.276,7.2222222,3.3333333,2.1111111,2.2441,727.06233,0.2032544931283685,0.3249999993250009,0.17000000117000047,0.43500000193500127,1.0000000005557308,0.9999999997544363,0.5468939230685094,0.9279720328359762,0.9999999999776158,1.000000000023004,0.9999999999378631,0.3249999993250009,0.33999999784000096,0.350000001350001,0.03780304067935903,0.3249999993250009,0.14999999865000044,0.09499999959500027,1.000000000311929,1.000000000330095,2.581011,63.533787,619.10584,588.30589,-4.5136381,-3.081892,-7.8537886,-2.581011,-1.7248749,-0.49074788,-2.860708,100.91916,933.57391,428.20829,-329.51972,52.46842,774.05436,774.68926,-15.020498,2.581011,2058.31452,.
2064.0,771.84899,7.8888889,4.0,10.555556,5.3983,12.2168,131.41534,9434.0236,89.349,173.879,64.3741,7.8888889,8.0,8.5555555,0.242,7.8208322,3.5555556,2.2222222,2.2441,727.06233,0.2032544931283686,0.35500000085500105,0.1800000001800005,0.47500002047500134,1.0000000005557306,0.9999999997544367,0.5054436153768395,0.9220279677649152,0.9999999999776156,1.000000000023005,0.9999999999378634,0.35500000085500105,0.360000000360001,0.3849999978850011,0.0331461443637858,0.35193744935193844,0.16000000216000046,0.09999999910000028,1.0000000003119294,1.000000000330095,2.5810242,63.748556,611.11727,593.23074,-8.9817649,-4.1017344,-8.0412895,-2.5810242,-1.7251113,-0.49071489,-2.860169,101.22654,930.00632,432.04145,-331.0655,52.646558,756.55514,757.1594,-15.019118,2.5810242,2077.74232,.
2065.0,771.84899,8.5555555,4.3333333,11.333333,5.3983,12.2168,131.41534,9369.6276,89.349,173.879,64.3741,8.5555555,8.6666667,9.3333333,0.206,8.5555555,3.7777778,2.4444444,2.2441,727.06233,0.20325449312836857,0.3849999978850011,0.19499999869500054,0.5099999855100014,1.0000000005557304,0.9999999997544363,0.5054436153768391,0.9157342679047431,0.9999999999776151,1.0000000000230043,0.9999999999378631,0.3849999978850011,0.3900000018900011,0.41999999892000117,0.028215312970825936,0.3849999978850011,0.17000000117000047,0.10999999811000032,1.0000000003119287,1.000000000330095,2.581034,64.111943,603.02619,597.28949,-8.9815829,-4.102018,-8.2288335,-2.581034,-1.7253366,-0.58862608,-2.8608706,101.84634,925.83137,436.24732,-332.61178,52.945709,739.24201,739.81726,-15.020548,2.581034,2096.20532,.
2066.0,771.84899,9.2222222,4.6666667,12.111111,5.3983,12.2168,131.41534,9308.8091,89.349,173.879,64.3741,9.2222222,9.2222222,10.111111,0.174,9.2222222,4.0,2.5555556,2.2441,727.06233,0.20325449312836855,0.41499999941500115,0.2100000017100006,0.5449999955450016,1.0000000005557308,0.9999999997544368,0.5054436153768395,0.909790212607115,0.9999999999776158,1.0000000000230045,0.999999999937863,0.41499999941500115,0.41499999941500115,0.45499999545500125,0.023832351732639385,0.41499999941500115,0.1800000001800005,0.11500000211500032,1.0000000003119291,1.000000000330095,2.5810461,64.524519,594.81176,592.79315,-8.9815765,-4.1022555,-8.3788983,-2.5810461,-1.7253991,-0.49080822,-2.8614908,102.56747,921.04323,440.7308,-332.6172,53.284854,722.09051,722.63684,-15.020664,2.5810461,2113.45952,.
2067.0,855.99377,10.0,5.0,12.777778,5.3983,12.2168,122.1155,9233.6803,89.349,173.879,64.3741,10.0,9.8888889,11.0,0.138,10.0,4.2222222,2.7777778,2.2441,727.06233,0.22541271945227437,0.45000000045000127,0.22500000022500063,0.5750000105750016,1.0000000005557304,0.9999999997544367,0.4696749999927743,0.902447549739002,0.9999999999776154,1.0000000000230045,0.9999999999378626,0.45000000045000127,0.44500000094500125,0.4950000004950014,0.01890152033967951,0.45000000045000127,0.18999999919000055,0.12500000112500034,1.0000000003119287,1.000000000330095,2.5941124,64.918602,586.4607,584.46084,-8.9815431,-4.1022194,-8.566418,-2.5941124,-2.5859742,-0.58870484,-2.8609229,103.23443,915.99784,445.42142,-334.16217,53.609323,704.99767,705.51658,-15.019819,2.5941124,2129.22122,.
2068.0,855.99377,10.888889,5.3333333,13.444444,5.3983,12.2168,122.1155,9165.7067,89.349,173.879,64.3741,10.888889,10.555556,12.0,0.102,10.888889,4.4444444,2.8888889,2.2441,727.06233,0.2254127194522744,0.49000000549000144,0.23999999874000066,0.6049999806050017,1.0000000005557301,0.9999999997544362,0.4696749999927743,0.8958041955428518,0.9999999999776159,1.0000000000230045,0.9999999999378634,0.49000000549000144,0.47500002047500134,0.5400000005400015,0.013970688946719649,0.49000000549000144,0.19999999820000056,0.13000000063000036,1.0000000003119287,1.000000000330095,2.6239285,65.341257,577.95777,575.97718,-8.9814926,-4.1021738,-8.7539561,-2.6239285,-1.7256142,-0.58868948,-2.861452,103.94938,910.8192,450.09543,-334.16726,53.957397,687.9055,688.39861,-15.020355,2.6239285,2144.02652,.
2069.0,855.99377,11.777778,5.6666667,14.111111,5.3983,12.2168,122.1155,9108.4658,89.349,173.879,64.3741,11.777778,11.222222,13.0,0.072,11.777778,4.6666667,3.1111111,2.2441,727.06233,0.22541271945227426,0.5300000105300015,0.25500000175500076,0.6349999956350018,1.0000000005557308,0.9999999997544365,0.4696749999927744,0.8902097945812059,0.9999999999776158,1.0000000000230052,0.9999999999378634,0.5300000105300015,0.5049999905050014,0.5850000005850017,0.009861662785919746,0.5300000105300015,0.2100000017100006,0.1399999996400004,1.0000000003119291,1.000000000330095,2.6249974,65.747693,569.33527,567.37452,-8.9815534,-3.0827646,-8.9415071,-2.6249974,-1.7260614,-0.58875648,-2.862483,104.59311,905.45841,454.69125,-334.17267,54.293055,670.86308,671.33194,-15.020385,2.6249974,2157.91992,.
2070.0,939.09786,12.666667,6.0,14.888889,5.3983,12.2168,114.00801,9029.7595,89.349,173.879,64.3741,12.777778,12.0,14.111111,0.039,12.666667,4.8888889,3.3333333,2.2441,727.06233,0.2472968961613018,0.5700000155700017,0.27000000027000076,0.670000005670002,1.0000000005557308,0.9999999997544367,0.4384923461471002,0.8825174871505445,0.9999999999776158,1.000000000023005,0.9999999999378634,0.5750000105750016,0.5400000005400015,0.6349999956350018,0.005341734009039864,0.5700000155700017,0.22000000072000064,0.14999999865000044,1.0000000003119294,1.000000000330095,2.6494282,66.255521,560.5832,558.64295,-8.9815412,-4.1021073,-9.1665265,-2.6494282,-2.5862207,-0.58877462,-2.8615276,105.40875,899.89206,459.17333,-335.71792,54.712237,653.85709,654.30284,-15.019823,2.6494282,2170.36162,.
2071.0,939.09786,13.777778,6.3333333,15.555556,5.3983,12.2168,114.00801,8768.5976,89.349,173.879,64.3741,13.777778,12.666667,15.222222,0.003,13.777778,5.2222222,3.4444444,2.2441,727.06233,0.2472968961613017,0.6200000106200018,0.28499999878500076,0.700000020700002,1.0000000005557308,0.9999999997544367,0.4384923461471,0.8569930040535751,0.9999999999776156,1.000000000023004,0.9999999999378631,0.6200000106200018,0.5700000155700017,0.684999990685002,0.0004109026160799896,0.6200000106200018,0.23499999923500067,0.15499999815500043,1.0000000003119291,1.000000000330095,2.6494366,66.868286,551.68095,549.76185,-8.9814476,-4.1024643,-9.3915405,-2.6494366,-2.5864463,-0.68665548,-2.8618778,106.42656,894.10001,463.51683,-335.7226,55.217253,636.86823,637.29132,-15.019369,2.6494366,2181.59092,.
2072.0,939.09786,14.888889,6.6666667,16.333333,5.3983,12.2168,106.87681,8389.3764,89.349,173.879,64.3741,14.888889,13.555556,16.444444,0.0,14.888889,5.4444444,3.6666667,2.2441,727.06233,0.2472968961613017,0.670000005670002,0.30000000180000086,0.734999985735002,1.0000000005557304,0.9999999997544372,0.4110646538398299,0.8199300744707624,0.9999999999776151,1.000000000023004,0.9999999999378634,0.670000005670002,0.6100000206100017,0.7399999807400021,0.0,0.670000005670002,0.24499999824500068,0.16500000166500048,1.0000000003119291,1.000000000330095,2.6640705,67.41781,542.61482,540.71755,-8.9813507,-4.1022484,-9.6540348,-2.6640705,-2.5867399,-0.68669548,-2.8625034,107.30086,888.06098,467.69701,-337.26877,55.670985,619.89106,620.29399,-15.019724,2.6640705,2191.27152,.
2073.0,1021.1613,16.0,7.1111111,17.111111,5.3983,12.2168,106.87681,8324.9803,89.349,173.879,64.3741,16.111111,14.333333,17.777778,0.0,16.0,5.6666667,3.8888889,2.2441,727.06233,0.26890703378883213,0.720000000720002,0.3199999998200009,0.7699999957700022,1.0000000005557301,0.9999999997544362,0.41106465383982976,0.8136363648371574,0.9999999999776155,1.000000000023005,0.9999999999378634,0.7249999957250021,0.6449999856450018,0.8000000108000024,0.0,0.720000000720002,0.25500000175500076,0.1750000006750005,1.000000000311929,1.000000000330095,2.6640792,68.004,533.39148,531.51667,-8.9813811,-4.1018505,-9.879061,-2.6640792,-2.5864242,-0.68670208,-2.8618266,108.24078,881.74377,471.67844,-337.27361,56.154926,602.94004,603.32369,-15.019651,2.6640792,2199.89122,.
2074.0,1021.1613,17.333333,7.4444444,18.0,5.3983,12.2168,100.55507,7291.0657,89.349,173.879,64.3741,17.444444,15.222222,19.111111,0.0,17.333333,5.8888889,4.0,2.2441,727.06233,0.2689070337888321,0.7799999857800022,0.33499999833500094,0.8100000008100023,1.0000000005557308,0.9999999997544367,0.38675026922481937,0.7125874150040786,0.9999999999776169,1.0000000000230045,0.9999999999378636,0.7849999807850022,0.684999990685002,0.8599999958600025,0.0,0.7799999857800022,0.2650000007650008,0.1800000001800005,1.0000000003119287,1.000000000330095,2.6640841,68.693426,523.99817,522.14648,-8.981274,-4.1014996,-10.14156,-2.6640841,-1.7258419,-0.68664133,-2.8620518,109.39295,875.08775,475.39875,-337.27778,56.722963,586.01682,586.3806,-15.018532,2.6640841,2207.20702,.
2075.0,1021.1613,18.777778,7.8888889,18.777778,5.3983,12.2168,100.55507,7176.5838,89.349,173.879,64.3741,18.888889,16.111111,20.666667,0.0,18.777778,6.1111111,4.2222222,2.2441,727.06233,0.268907033788832,0.8450000108450024,0.35500000085500105,0.8450000108450024,1.0000000005557308,0.9999999997544367,0.3867502692248193,0.7013986033073527,0.9999999999776151,1.000000000023005,0.9999999999378631,0.8500000058500023,0.7249999957250021,0.9300000159300027,0.0,0.8450000108450024,0.2749999997750008,0.18999999919000055,1.0000000003119296,1.000000000330095,2.7205255,69.426394,514.43774,512.60983,-4.5132509,-3.0819233,-10.404091,-2.7205255,-1.726455,-0.6867352,-2.8628625,110.60889,868.04872,478.80925,-338.82494,57.327011,569.13376,569.47846,-13.152478,2.7205255,2212.48752,.
2076.0,1102.184,20.222222,8.3333333,19.666667,5.3983,12.2168,94.911913,6940.4649,89.349,173.879,64.3741,20.444444,17.111111,22.111111,0.0,20.222222,6.4444444,4.4444444,2.2441,727.06233,0.2902431086347575,0.9099999909100025,0.374999998875001,0.8850000158850025,1.0000000005557304,0.9999999997544363,0.3650458192251533,0.6783216810153769,0.9999999999776158,1.0000000000230045,0.9999999999378634,0.9199999809200026,0.7699999957700022,0.9949999959950029,0.0,0.9099999909100025,0.28999999829000084,0.19999999820000056,1.0000000003119294,1.000000000330095,2.7500178,70.196286,504.70918,502.90564,-8.9812995,-4.1017728,-10.741547,-2.7500178,-2.5865855,-0.78460186,-3.8133643,111.86861,860.72595,481.90869,-340.36949,57.96197,552.2821,552.60883,-15.019751,2.7500178,2215.41242,.
2077.0,1102.184,21.888889,8.6666667,20.444444,5.3983,12.2168,89.843237,6833.1381,89.349,173.879,64.3741,22.0,18.0,22.222222,0.0,21.888889,6.6666667,4.5555556,2.2441,727.06233,0.29024310863475733,0.9850000059850027,0.3900000018900011,0.9199999809200026,1.0000000005557304,0.9999999997544361,0.3455509115331455,0.6678321682171772,0.9999999999776161,1.0000000000230047,0.9999999999378634,0.9900000009900028,0.8100000008100023,0.9999999910000028,0.0,0.9850000059850027,0.30000000180000086,0.2050000022050006,1.0000000003119294,1.000000000330095,2.7580852,70.949734,494.86132,493.08282,-8.9813491,-4.1013281,-11.041549,-2.7580852,-2.5867631,-0.78462861,-3.8135494,113.07686,853.0561,487.60518,-340.37455,58.583934,535.57908,535.88868,-15.018874,2.7580852,2216.24672,.
2078.0,1182.166,22.222222,9.1111111,21.333333,5.3983,12.2168,85.265202,6729.3889,89.349,173.879,64.3741,22.222222,19.111111,22.222222,0.0,22.222222,6.8888889,4.7777778,2.2441,727.06233,0.3113051312324591,0.9999999910000028,0.4099999999100012,0.9599999859600027,1.0000000005557308,0.9999999997544367,0.3279430846103395,0.6576923097549582,0.9999999999776156,1.000000000023005,0.9999999999378631,0.9999999910000028,0.8599999958600025,0.9999999910000028,0.0,0.9999999910000028,0.3100000008100009,0.2150000012150006,1.0000000003119294,1.000000000330095,2.7814885,71.776763,484.92886,483.17604,-4.5131785,-3.0820032,-11.341561,-2.7814885,-1.7266641,-0.68675608,-2.8629303,114.40795,845.03261,493.17546,-340.38041,59.266521,519.09273,519.38521,-13.151394,2.7814885,2214.49502,.
2079.0,1182.166,22.222222,9.5555555,22.222222,5.3983,12.2168,81.109521,6629.2172,89.349,173.879,64.3741,22.222222,20.111111,22.222222,0.0,22.222222,7.1111111,5.0,2.2441,727.06233,0.31130513123245906,0.9999999910000028,0.42999999793000127,0.9999999910000028,1.0000000005557308,0.9999999997544363,0.3119596961490468,0.6479020958552859,0.9999999999776154,1.000000000023004,0.9999999999378634,0.9999999910000028,0.9049999959050026,0.9999999910000028,0.0,0.9999999910000028,0.3199999998200009,0.22500000022500063,1.0000000003119285,1.000000000330095,2.7850919,72.715298,474.89863,473.17217,-8.9812099,-4.1013076,-11.716538,-2.7850919,-2.5872579,-0.78468772,-3.813813,115.9365,836.61847,498.63093,-341.92554,60.040717,502.79693,503.07316,-15.019436,2.7850919,2208.99862,.
2080.0,1261.1073,22.222222,10.0,22.222222,5.3983,12.2168,77.32002,6532.6231,89.349,173.879,64.3741,22.222222,21.222222,22.222222,0.0,22.222222,7.4444444,5.2222222,2.2441,727.06233,0.3320931015819369,0.9999999910000028,0.45000000045000127,0.9999999910000028,1.0000000005557308,0.9999999997544371,0.2973846923031172,0.638461536291592,0.9999999999776158,1.0000000000230045,0.999999999937863,0.9999999910000028,0.9549999909550027,0.9999999910000028,0.0,0.9999999910000028,0.33499999833500094,0.23499999923500067,1.0000000003119283,1.000000000330095,2.8262736,73.701582,464.74946,463.05006,-4.5130402,-3.0815062,-12.016536,-2.8262736,-1.7267188,-0.78471903,-2.8624205,117.55291,827.83795,503.96278,-340.39006,60.854039,486.68087,486.9418,-13.151313,2.8262736,2201.37312,.
2081.0,1339.008,22.222222,10.444444,22.222222,5.3983,12.2168,73.850062,6382.3656,89.349,173.879,64.3741,22.222222,22.222222,22.222222,0.0,22.222222,7.6666667,5.3333333,2.2441,727.06233,0.3526070460166445,0.9999999910000028,0.46999998047000136,0.9999999910000028,1.0000000005557306,0.9999999997544365,0.2840386999956302,0.6237762203287992,0.9999999999776151,1.0000000000230045,0.999999999937863,0.9999999910000028,0.9999999910000028,0.9999999910000028,0.0,0.9999999910000028,0.345000001845001,0.23999999874000066,1.0000000003119287,1.000000000330095,2.8745196,74.69437,454.47995,452.80869,-4.5130598,-3.0814329,-12.428988,-2.8745196,-2.5873058,-0.78470352,-2.8630051,119.16404,818.74749,509.19423,-341.93581,61.673126,470.74901,470.9955,-13.150683,2.8745196,2191.22692,.
2082.0,1339.008,22.222222,11.0,22.222222,5.3983,12.2168,70.660609,6282.194,89.349,173.879,64.3741,22.222222,22.222222,22.222222,0.0,22.222222,7.8888889,5.5555555,2.2441,727.06233,0.35260704601664444,0.9999999910000028,0.4950000004950014,0.9999999910000028,1.0000000005557304,0.9999999997544362,0.2717715730727421,0.6139860162025622,0.9999999999776159,1.000000000023005,0.9999999999378631,0.9999999910000028,0.9999999910000028,0.9999999910000028,0.0,0.9999999910000028,0.35500000085500105,0.2499999977500007,1.000000000311929,1.000000000330095,2.8745809,75.600936,444.0984,442.45622,-8.9812007,-4.1012304,-12.841456,-2.8745809,-2.5872023,-0.88260434,-3.8137796,120.56762,809.38329,514.86626,-341.94022,62.422641,454.99664,455.22952,-15.017629,2.8745809,2179.23962,.
2083.0,1415.8679,22.222222,11.444444,22.222222,5.3983,12.2168,67.718731,6128.3589,89.349,173.879,64.3741,22.222222,22.222222,22.222222,0.0,22.222222,8.1111111,5.7777778,2.2441,727.06233,0.3728469118696748,0.9999999910000028,0.5149999805150015,0.9999999910000028,1.0000000005557306,0.9999999997544368,0.2604566576883006,0.5989510459037907,0.9999999999776162,1.0000000000230047,0.9999999999378634,0.9999999910000028,0.9999999910000028,0.9999999910000028,0.0,0.9999999910000028,0.36499999986500103,0.2600000012600007,1.0000000003119294,1.000000000330095,2.9053776,76.394736,433.58851,431.97644,-4.5130128,-3.0815946,-13.253915,-2.9053776,-2.5872406,-0.88265133,-2.8626774,121.72518,799.74903,520.96575,-341.94464,63.080602,439.40987,439.62992,-13.150046,2.9053776,2165.12442,.
2084.0,1491.6872,22.222222,11.888889,22.222222,5.3983,12.2168,62.469887,5935.1707,89.349,173.879,64.3741,22.222222,22.222222,22.222222,0.0,22.222222,8.3333333,5.8888889,2.2441,727.06233,0.3928127518079351,0.9999999910000028,0.5350000055350016,0.9999999910000028,1.0000000005557312,0.9999999997544371,0.24026879615014982,0.5800699267764055,0.9999999999776158,1.0000000000230045,0.9999999999378634,0.9999999910000028,0.9999999910000028,0.9999999910000028,0.0,0.9999999910000028,0.374999998875001,0.2650000007650008,1.0000000003119294,1.000000000330095,2.9620561,77.067406,422.94017,421.35986,-4.5130209,-3.0810396,-13.703843,-2.9620561,-2.5875996,-0.88263499,-2.8628349,122.65039,789.87681,527.32702,-341.95029,63.63947,423.97134,424.17927,-13.1502,2.9620561,2148.83362,.
2085.0,1566.4657,22.222222,12.333333,22.222222,5.3983,12.2168,57.924379,5781.3357,89.349,173.879,64.3741,22.222222,22.222222,22.222222,0.0,22.222222,8.5555555,6.1111111,2.2441,727.06233,0.4125045131645182,0.9999999910000028,0.5549999855550015,0.9999999910000028,1.0000000005557308,0.9999999997544363,0.22278607307349568,0.5650349662510654,0.9999999999776158,1.0000000000230043,0.9999999999378631,0.9999999910000028,0.9999999910000028,0.9999999910000028,0.0,0.9999999910000028,0.3849999978850011,0.2749999997750008,1.000000000311929,1.000000000330095,3.0007949,77.618096,412.14544,410.59764,-8.9812113,-4.1014427,-14.19128,-3.0007949,-2.5878424,-0.98054862,-3.8143743,123.37334,779.80083,534.42073,-343.49604,64.097786,408.67239,408.8689,-13.150372,3.0007949,2130.40292,.
2086.0,1640.2036,22.222222,12.888889,22.222222,5.3983,12.2168,55.872216,5588.1475,89.349,173.879,64.3741,22.222222,22.222222,22.222222,0.0,22.222222,8.7777778,6.3333333,2.2441,727.06233,0.4319222486063308,0.9999999910000028,0.5800000055800016,0.9999999910000028,1.0000000005557308,0.9999999997544369,0.21489313845823246,0.5461538471236799,0.9999999999776155,1.0000000000230045,0.9999999999378634,0.9999999910000028,0.9999999910000028,0.9999999910000028,0.0,0.9999999910000028,0.39500000139500113,0.28499999878500076,1.0000000003119294,1.000000000330095,3.0344874,78.041169,401.19422,399.67973,-8.9811194,-4.1010317,-14.678717,-3.0344874,-2.5877197,-0.98059943,-3.8138017,123.91283,769.12557,541.58043,-343.50051,64.450282,393.54206,393.72781,-13.149763,3.0344874,2110.14052,.
2087.0,1712.9008,22.222222,13.333333,22.222222,5.3983,12.2168,52.141315,5437.89,89.349,173.879,64.3741,22.222222,22.222222,22.222222,0.0,22.222222,9.0,6.4444444,2.2441,727.06233,0.4510659317999199,0.9999999910000028,0.5999999856000017,0.9999999910000028,1.0000000005557308,0.9999999997544363,0.200543519227684,0.5314685311608885,0.9999999999776161,1.000000000023005,0.9999999999378631,0.9999999910000028,0.9999999910000028,0.9999999910000028,0.0,0.9999999910000028,0.40500000040500117,0.28999999829000084,1.000000000311928,1.000000000330095,3.0544677,78.335604,390.03826,388.55836,-4.5129604,-3.0811614,-15.203612,-3.0544677,-2.587782,-0.98057991,-2.8626583,124.28658,757.72616,548.89366,-343.50583,64.695641,378.46386,378.63947,-13.149024,3.0544677,2087.41802,.
2088.0,1784.5573,22.222222,13.777778,22.222222,5.3983,12.2168,47.320987,5198.1935,89.349,173.879,64.3741,22.222222,22.222222,22.222222,0.0,22.222222,9.2222222,6.5555555,2.2441,727.06233,0.46993556274528503,0.9999999910000028,0.6200000106200018,0.9999999910000028,1.0000000005557308,0.9999999997544367,0.18200379615104614,0.5080419545329301,0.9999999999776165,1.0000000000230045,0.9999999999378634,0.9999999910000028,0.9999999910000028,0.9999999910000028,0.0,0.9999999910000028,0.41499999941500115,0.2949999977950008,1.0000000003119287,1.000000000330095,3.1020193,78.510505,378.70141,377.25724,-8.9811635,-3.081231,-15.766039,-3.1020193,-2.5882358,-0.98065417,-2.8636521,124.50866,745.3807,557.72778,-343.51177,64.841389,363.45582,363.62188,-13.15026,3.1020193,2062.65312,.
2089.0,1924.7482,22.222222,14.222222,22.222222,5.3983,12.2168,44.528354,4954.9195,89.349,173.879,64.3741,22.222222,22.222222,22.222222,0.0,22.222222,9.4444444,6.7777778,2.2441,727.06233,0.5068526678913446,0.9999999910000028,0.6399999906400018,0.9999999910000028,1.0000000005557308,0.9999999997544369,0.17126289999736524,0.48426573334242484,0.9999999999776158,1.0000000000230045,0.9999999999378628,0.9999999910000028,0.9999999910000028,0.9999999910000028,0.0,0.9999999910000028,0.4249999984250012,0.3050000013050009,1.0000000003119296,1.000000000330095,3.1633157,78.594004,367.19437,365.78705,-4.512911,-3.0808413,-16.365898,-3.1633157,-2.5878725,-0.9806758,-2.8632382,124.61476,732.22469,562.37713,-343.51607,64.910968,348.51274,348.6698,-13.150146,3.1633157,2035.47262,.
2090.0,1993.2826,22.222222,14.666667,22.222222,5.3983,12.2168,40.84624,4718.8006,89.349,173.879,64.3741,22.222222,22.222222,22.222222,0.0,22.222222,9.6666667,6.8888889,2.2441,727.06233,0.524900142092039,0.9999999910000028,0.6600000156600019,0.9999999910000028,1.0000000005557306,0.9999999997544363,0.15710092307450618,0.4611888110504478,0.9999999999776159,1.0000000000230045,0.9999999999378634,0.9999999910000028,0.9999999910000028,0.9999999910000028,0.0,0.9999999910000028,0.43500000193500127,0.3100000008100009,1.0000000003119294,1.000000000330095,3.2142771,78.622299,355.54562,354.17658,-4.5129711,-3.0810074,-17.003265,-3.2142771,-2.5879094,-1.0785309,-3.8140265,124.65077,718.35003,569.5338,-343.52013,64.934545,333.64511,333.79367,-13.148677,3.2142771,2006.0698200000002,.
2091.0,2060.7764,22.222222,15.111111,22.222222,5.3983,12.2168,37.660615,4468.3715,89.349,173.879,64.3741,22.222222,22.222222,22.222222,0.0,22.222222,9.7777778,7.0,2.2441,727.06233,0.5426735903779625,0.9999999910000028,0.6799999956800019,0.9999999910000028,1.0000000005557304,0.9999999997544367,0.1448485192285408,0.43671329096141637,0.9999999999776168,1.0000000000230052,0.9999999999378638,0.9999999910000028,0.9999999910000028,0.9999999910000028,0.0,0.9999999910000028,0.4400000014400013,0.3150000003150009,1.0000000003119294,1.000000000330095,3.251661,79.982921,343.78826,342.45877,-8.98109,-3.0809445,-17.678141,-3.251661,-3.4486617,-1.1765133,-3.8149106,127.4869,703.69873,577.81329,-343.52645,66.042679,318.89558,319.03614,-13.150416,3.251661,1974.41442,.
2092.0,2192.6418,22.222222,15.444444,22.222222,5.3983,12.2168,34.023029,4278.7608,89.349,173.879,64.3741,22.222222,22.222222,22.222222,0.0,22.222222,9.8888889,7.1111111,2.2441,727.06233,0.5773983038716858,0.9999999910000028,0.694999980695002,0.9999999910000028,1.0000000005557308,0.9999999997544367,0.13085780384414067,0.4181818163965784,0.9999999999776165,1.0000000000230045,0.9999999999378631,0.9999999910000028,0.9999999910000028,0.9999999910000028,0.0,0.9999999910000028,0.44500000094500125,0.3199999998200009,1.0000000003119294,1.000000000330095,3.2565598,81.326986,331.94799,330.65955,-4.5130159,-3.0811122,-18.390481,-3.2565598,-2.5881668,-1.1765029,-3.8146056,130.08013,688.21748,585.16013,-343.53056,67.141573,304.29394,304.42696,-13.149396,3.2565598,1940.8110000000001,.
2093.0,2257.0134,22.222222,15.888889,22.222222,5.3983,12.2168,31.661795,4085.5726,89.349,173.879,64.3741,22.222222,22.222222,22.222222,0.0,22.222222,10.0,7.2222222,2.2441,727.06233,0.594349569079485,0.9999999910000028,0.7150000057150021,0.9999999910000028,1.0000000005557308,0.9999999997544363,0.12177613461351117,0.39930069726919337,0.9999999999776156,1.0000000000230043,0.9999999999378631,0.9999999910000028,0.9999999910000028,0.9999999910000028,0.0,0.9999999910000028,0.45000000045000127,0.3249999993250009,1.0000000003119285,1.000000000330095,3.2565708,82.657409,320.02857,318.78197,-8.9810131,-3.0808118,-19.140299,-3.2565708,-3.4488411,-1.1765714,-3.8150951,132.43419,671.85859,591.99391,-343.53588,68.234631,289.85745,289.98337,-13.149628,3.2565708,1904.88663,.
2094.0,2382.6347,22.222222,16.222222,22.222222,5.3983,12.2168,28.274388,3981.8234,89.349,173.879,64.3741,22.222222,22.222222,22.222222,0.0,22.222222,10.111111,7.3333333,2.2441,727.06233,0.6274299954173191,0.9999999910000028,0.729999990730002,0.9999999910000028,1.0000000005557308,0.9999999997544371,0.10874764615217312,0.3891608388069736,0.9999999999776156,1.0000000000230045,0.9999999999378631,0.9999999910000028,0.9999999910000028,0.9999999910000028,0.0,0.9999999910000028,0.45499999545500125,0.3299999988300009,1.0000000003119285,1.000000000330095,3.2566012,83.974152,308.03538,306.83179,-8.979585,-3.0806181,-19.890128,-3.2566012,-3.448659,-1.2744308,-3.8148403,134.549,654.49474,598.1988,-343.54081,69.321823,275.60523,275.72446,-13.149025,3.2566012,1866.5328,.
2095.0,2443.8843,22.222222,16.555556,22.222222,5.3983,12.2168,25.958275,3856.6088,89.349,173.879,64.3741,22.222222,22.222222,22.222222,0.0,22.222222,10.222222,7.3333333,2.2441,727.06233,0.6435591302139011,0.9999999910000028,0.7450000207450022,0.9999999910000028,1.0000000005557308,0.9999999997544368,0.09983951922923326,0.37692307387574053,0.9999999999776151,1.0000000000230047,0.9999999999378631,0.9999999910000028,0.9999999910000028,0.9999999910000028,0.0,0.9999999910000028,0.4599999904600013,0.3299999988300009,1.000000000311929,1.000000000330095,3.2566183,85.277275,295.97757,294.81858,-8.9802272,-3.0807038,-20.752418,-3.2566183,-3.4488119,-1.2744793,-3.8148618,136.42467,636.01266,603.18889,-343.54469,70.402221,261.56059,261.67352,-13.147856,3.2566183,1826.05028,.
2096.0,2563.2614,22.222222,16.888889,22.222222,5.3983,12.2168,23.448645,3731.3943,89.349,173.879,64.3741,22.222222,22.222222,22.222222,0.0,22.222222,10.222222,7.4444444,2.2441,727.06233,0.6749952430623928,0.9999999910000028,0.7600000057600022,0.9999999910000028,1.0000000005557301,0.9999999997544365,0.09018709615245867,0.3646853187179427,0.9999999999776156,1.0000000000230047,0.9999999999378631,0.9999999910000028,0.9999999910000028,0.9999999910000028,0.0,0.9999999910000028,0.4599999904600013,0.33499999833500094,1.000000000311929,1.000000000330095,3.2566355,86.806191,283.95575,282.84137,-4.5119096,-3.0806528,-21.577218,-3.2566355,-2.5886226,-1.2745028,-2.8639463,138.56068,615.73189,605.99418,-342.00948,71.671777,247.94285,248.04984,-11.281202,3.2566355,1783.32753,.
2097.0,2621.3889,22.222222,17.222222,22.222222,5.3983,12.2168,20.882296,3402.2588,89.349,173.879,64.3741,22.222222,22.222222,22.222222,0.0,22.222222,10.333333,7.4444444,2.2441,727.06233,0.6903022211143031,0.9999999910000028,0.7749999907750021,0.9999999910000028,1.0000000005557304,0.9999999997544368,0.08031652307568742,0.33251748142481835,0.9999999999776162,1.0000000000230045,0.9999999999378631,0.9999999910000028,0.9999999910000028,0.9999999910000028,0.0,0.9999999910000028,0.46499998546500126,0.33499999833500094,1.0000000003119294,1.000000000330095,3.2566491,88.295997,271.77858,270.71073,-4.5099695,-3.0801769,-22.514468,-3.2566491,-3.4488455,-1.3723913,-2.8639119,140.78862,593.04513,590.47614,-340.47334,72.905357,234.66598,234.76737,-11.281336,3.2566491,1738.6477300000001,.
2098.0,2734.5219,22.222222,17.444444,22.222222,5.3983,12.2168,18.3596,3280.6218,89.349,173.879,64.3741,22.222222,22.222222,22.222222,0.0,22.222222,10.333333,7.4444444,2.2441,727.06233,0.7200940468069064,0.9999999910000028,0.7849999807850022,0.9999999910000028,1.0000000005557315,0.9999999997544368,0.0706138461527598,0.3206293708295667,0.9999999999776155,1.0000000000230045,0.9999999999378636,0.9999999910000028,0.9999999910000028,0.9999999910000028,0.0,0.9999999910000028,0.46499998546500126,0.33499999833500094,1.0000000003119285,1.000000000330095,3.256671,89.647558,259.44427,258.42444,-8.9795662,-3.0805016,-23.489215,-3.256671,-3.4491391,-1.4703595,-3.8151069,142.86734,568.53119,565.96614,-340.47734,74.023099,221.65783,221.75396,-13.147549,3.256671,1692.02928,.
2099.0,2843.4921,22.222222,17.555556,22.222222,5.3983,12.2168,16.224471,3105.3214,89.349,173.879,64.3741,22.222222,22.222222,22.222222,0.0,22.222222,10.333333,7.4444444,2.2441,727.06233,0.7487896635066145,0.9999999910000028,0.7900000207900022,0.9999999910000028,1.0000000005557308,0.9999999997544362,0.062401811537501524,0.3034965038352146,0.9999999999776158,1.000000000023004,0.999999999937863,0.9999999910000028,0.9999999910000028,0.9999999910000028,0.0,0.9999999910000028,0.46499998546500126,0.33499999833500094,1.0000000003119287,1.000000000330095,3.2566922,91.058449,246.95404,245.98214,-8.9802834,-3.0806717,-24.501454,-3.2566922,-3.4488463,-1.4703557,-3.8155324,145.18978,541.795,539.23554,-340.48231,75.186458,208.9695,209.06068,-13.147041,3.2566922,1644.08437,.
2100.0,2948.2996,22.222222,17.666667,22.222222,5.3983,12.2168,14.146091,2955.0639,89.349,173.879,64.3741,22.222222,22.222222,22.222222,0.0,22.222222,10.333333,7.4444444,2.2441,727.06233,0.7763890975468811,0.9999999910000028,0.7950000157950022,0.9999999910000028,1.0000000005557308,0.9999999997544367,0.05440804230685526,0.2888111878724223,0.9999999999776155,1.0000000000230045,0.9999999999378631,0.9999999910000028,0.9999999910000028,0.9999999910000028,0.0,0.9999999910000028,0.46499998546500126,0.33499999833500094,1.0000000003119294,1.000000000330095,3.2566942,92.377615,234.30483,233.38161,-8.978707,-3.080215,-25.588658,-3.2566942,-3.44923,-1.5683506,-3.8157997,147.39063,512.65576,510.10373,-338.94772,76.273356,196.62081,196.70733,-13.147889,3.2566942,1594.5404899999999,.
2101.0,3282.3439,22.222222,17.777778,22.222222,5.3983,12.2168,12.365334,2468.5159,89.349,155.41504,64.3741,22.222222,22.222222,22.222222,0.0,22.222222,10.222222,7.3333333,2.2441,727.06233,0.8643544972022216,0.9999999910000028,0.8000000108000024,0.9999999910000028,1.0000000005557308,0.9999999997544362,0.047558976922345245,0.24125874549141277,0.9999999999776162,0.8938114436106448,0.9999999999378631,0.9999999910000028,0.9999999910000028,0.9999999910000028,0.0,0.9999999910000028,0.4599999904600013,0.3299999988300009,1.0000000003119283,1.000000000330095,3.6923189,93.625626,221.49989,220.62365,-4.5092002,-3.0799693,-26.71332,-3.6923189,-3.4491892,-1.568262,-3.8155958,149.48564,481.22843,478.68589,-337.4107,77.301346,184.59776,184.6799,-11.280267,3.6923189,1543.2925500000001,.
2102.0,3409.8954,22.222222,17.777778,22.222222,5.3983,12.2168,10.45949,2418.43,89.349,155.41504,64.3741,22.222222,22.222222,22.222222,0.0,22.222222,10.111111,7.3333333,2.2441,727.06233,0.8979432118551524,0.9999999910000028,0.8000000108000024,0.9999999910000028,1.0000000005557308,0.9999999997544371,0.040228807691688795,0.23636363365485996,0.9999999999776162,0.8938114436106444,0.9999999999378631,0.9999999910000028,0.9999999910000028,0.9999999910000028,0.0,0.9999999910000028,0.45499999545500125,0.3299999988300009,1.0000000003119287,1.000000000330095,3.6923383,95.636964,208.75071,207.91873,-4.5128689,-3.080671,-27.875536,-3.6923383,-3.4494413,-1.6662521,-3.8160939,153.04877,447.86885,445.33786,-335.87544,78.953932,173.07562,173.15364,-11.28006,3.6923383,1490.1201999999998,.
2103.0,3489.7263,22.222222,17.666667,22.222222,5.3983,12.2168,8.675854,2382.6544,89.349,155.41504,64.3741,22.222222,22.222222,22.222222,0.0,22.222222,10.0,7.2222222,2.2441,727.06233,0.9189654446049572,0.9999999910000028,0.7950000157950022,0.9999999910000028,1.0000000005557304,0.9999999997544371,0.033368669230255874,0.2328671293887933,0.9999999999776155,0.8938114436106444,0.9999999999378631,0.9999999910000028,0.9999999910000028,0.9999999910000028,0.0,0.9999999910000028,0.45000000045000127,0.3249999993250009,1.0000000003119294,1.000000000330095,3.6923655,95.628302,196.02261,195.2326,-4.511791,-3.0804655,-29.112686,-3.6923655,-3.4493503,-1.6663107,-3.8157907,152.21453,412.60695,410.08949,-334.33982,78.965344,162.01203,162.08599,-11.279603,3.6923655,1435.52108,.
2104.0,3601.6674,22.222222,17.444444,22.222222,5.3983,12.2168,7.0114526,2346.8788,89.349,155.41504,64.3741,22.222222,22.222222,22.222222,0.0,22.222222,9.8888889,7.1111111,2.2441,727.06233,0.948443401867986,0.9999999910000028,0.7849999807850022,0.9999999910000028,1.0000000005557304,0.9999999997544362,0.026967125384200517,0.22937062512272754,0.9999999999776158,0.8938114436106448,0.9999999999378631,0.9999999910000028,0.9999999910000028,0.9999999910000028,0.0,0.9999999910000028,0.44500000094500125,0.3199999998200009,1.0000000003119291,1.000000000330095,3.6923825,96.819967,183.28847,182.53509,-4.5108348,-3.0798487,-30.387319,-3.6923825,-3.4494514,-1.7641611,-3.8159215,154.03759,375.5517,373.04956,-332.80262,79.951879,151.37595,151.44593,-11.279562,3.6923825,1379.3228199999999,.
2105.0,3704.2423,22.222222,17.222222,22.222222,5.3983,12.2168,5.4582994,2296.793,89.349,136.79143,64.3741,22.222222,22.222222,22.222222,0.0,22.222222,9.7777778,7.0,2.2441,727.06233,0.9754549152304545,0.9999999910000028,0.7749999907750021,0.9999999910000028,1.0000000005557301,0.9999999997544369,0.020993459230446255,0.2244755230596074,0.9999999999776165,0.7867047199670283,0.9999999999378636,0.9999999910000028,0.9999999910000028,0.9999999910000028,0.0,0.9999999910000028,0.4400000014400013,0.3150000003150009,1.000000000311929,1.000000000330095,3.6924169,98.431655,170.49456,169.77568,-4.5117944,-3.080267,-31.736946,-3.6924169,-3.4502389,-1.8621544,-3.816371,156.78732,336.92113,334.43593,-331.26741,81.278394,141.08661,141.1527,-11.280075,3.6924169,1321.09571,.
2106.0,3797.4511,22.222222,16.777778,22.222222,5.3983,12.2168,3.909235,2257.4399,89.349,136.79143,64.3741,22.222222,22.222222,22.222222,0.0,22.222222,9.5555555,6.8888889,2.2441,727.06233,1.0000000110258171,0.9999999910000028,0.7550000107550022,0.9999999910000028,1.000000000555731,0.9999999997544368,0.015035519230537918,0.22062937423099466,0.9999999999776165,0.7867047199670281,0.9999999999378636,0.9999999910000028,0.9999999910000028,0.9999999910000028,0.0,0.9999999910000028,0.42999999793000127,0.3100000008100009,1.0000000003119294,1.000000000330095,3.7692834,99.44673,157.61851,156.93477,-4.5119176,-3.0801924,-33.124072,-3.7692834,-3.4497275,-1.8622003,-3.8160875,158.30418,299.1634,296.69667,-328.18982,82.11803,130.81269,130.87502,-11.279166,3.7692834,1260.00397,.
2107.0,3797.4511,22.222222,16.222222,22.222222,5.3983,12.2168,2.5571464,2221.6643,89.349,136.79143,64.3741,22.222222,22.222222,22.222222,0.0,22.222222,9.3333333,6.6666667,2.2441,727.06233,1.0000000110258174,0.9999999910000028,0.729999990730002,0.9999999910000028,1.0000000005557306,0.9999999997544362,0.009835178461387154,0.21713286996492848,0.9999999999776158,0.7867047199670275,0.9999999999378631,0.9999999910000028,0.9999999910000028,0.9999999910000028,0.0,0.9999999910000028,0.41999999892000117,0.30000000180000086,1.0000000003119285,1.000000000330095,3.8402557,100.11362,144.67266,144.02212,-4.5117342,-3.0796917,-34.548697,-3.8402557,-3.4500366,-1.9601512,-3.8164195,159.18976,263.40023,260.95345,-326.65355,82.673679,120.43641,120.49509,-11.27938,3.8402557,1197.40914,.
2108.0,3797.4511,22.222222,15.555556,22.222222,5.3983,12.2168,1.1305,2185.8887,89.349,122.02103,64.3741,22.222222,22.222222,22.222222,0.0,22.222222,8.8888889,6.3333333,2.2441,727.06233,1.0000000110258165,0.9999999910000028,0.700000020700002,0.9999999910000028,1.0000000005557308,0.9999999997544368,0.0043480769230100315,0.21363636569886194,0.9999999999776159,0.701758291701741,0.999999999937863,0.9999999910000028,0.9999999910000028,0.9999999910000028,0.0,0.9999999910000028,0.4000000009000011,0.28499999878500076,1.000000000311929,1.000000000330095,3.880128,100.32853,131.55165,130.93237,-4.5113561,-3.0803129,-36.048301,-3.880128,-3.4508339,-2.0580331,-3.8164402,159.47025,229.63186,227.20652,-323.57709,82.852417,109.86074,109.91616,-11.278926,3.880128,1133.94865,.
2109.0,3797.4511,22.222222,14.777778,22.222222,4.6951033,12.2168,0.0,2153.6906,80.847582,122.02103,64.3741,22.222222,22.222222,22.222222,0.0,22.222222,8.4444444,6.0,2.2441,727.06233,1.0000000110258174,0.9999999910000028,0.6650000106650019,0.9999999910000028,0.8697373807697261,0.9999999997544365,0.0,0.2104895059953419,0.9048515595942904,0.7017582917017411,0.9999999999378631,0.9999999910000028,0.9999999910000028,0.9999999910000028,0.0,0.9999999910000028,0.3799999983800011,0.27000000027000076,1.0000000003119291,1.000000000330095,3.9838107,100.22027,118.62383,118.0356,-8.980022,-3.0803363,-37.585418,-3.9838107,-4.3108495,-2.1560727,-3.8164874,158.8229,198.01228,195.60978,-320.49978,82.773877,99.398765,99.451103,-11.278947,3.9838107,1069.745,.
2110.0,3797.4511,22.222222,13.888889,22.222222,5.3983,12.2168,0.0,2110.7599,80.847582,122.02103,64.3741,22.222222,22.222222,22.222222,0.0,22.222222,7.8888889,5.5555556,2.2441,727.06233,1.000000011025817,0.9999999910000028,0.6250000056250018,0.9999999910000028,1.0000000005557301,0.9999999997544365,0.0,0.20629370283074924,0.9048515595942911,0.7017582917017409,0.9999999999378634,0.9999999910000028,0.9999999910000028,0.9999999910000028,0.0,0.9999999910000028,0.35500000085500105,0.2500000022500007,1.0000000003119291,1.000000000330095,4.0400586,99.215725,105.71571,105.15673,-4.5099056,-2.0596772,-39.122551,-4.0400586,-3.450251,-2.1560537,-2.8656273,156.46783,168.53456,166.15637,-315.88252,81.962073,88.906722,88.956025,-9.411464,4.0400586,1004.514856,.
2111.0,3797.4511,22.222222,12.666667,22.222222,5.3983,12.2168,0.0,2071.4068,80.847582,122.02103,64.3741,22.222222,22.111111,22.222222,0.0,22.222222,7.2222222,5.0,2.2441,727.06233,1.000000011025817,0.9999999910000028,0.5700000155700017,0.9999999910000028,1.0000000005557304,0.9999999997544369,0.0,0.20244755400213588,0.9048515595942912,0.7017582917017411,0.9999999999378631,0.9999999910000028,0.9949999959950029,0.9999999910000028,0.0,0.9999999910000028,0.3249999993250009,0.22500000022500063,1.0000000003119294,1.000000000330095,4.1034803,89.899008,92.758257,92.226828,-4.5115454,-2.0600861,-40.697214,-4.1034803,-3.4508121,-2.1561151,-2.8659172,137.21428,141.2022,138.84974,-311.26487,74.370794,78.316893,78.363384,-9.4110511,4.1034803,938.4826098999999,.
2112.0,3797.4511,22.222222,11.444444,22.222222,5.3983,12.2168,0.0,2007.0107,80.847582,110.0201,64.3741,22.222222,19.0,22.222222,0.0,22.222222,6.4444444,4.4444444,2.2441,727.06233,1.0000000110258171,0.9999999910000028,0.5149999805150015,0.9999999910000028,1.0000000005557315,0.9999999997544365,0.0,0.19615384436853042,0.9048515595942908,0.6327394337587113,0.999999999937863,0.9999999910000028,0.8550000008550024,0.9999999910000028,0.0,0.9999999910000028,0.28999999829000084,0.19999999820000056,1.0000000003119287,1.000000000330095,4.3664376,77.033988,79.854182,79.348739,-4.5111194,-2.0602195,-42.309377,-4.3664376,-3.4505171,-2.2541073,-2.8663033,112.11601,116.08744,113.76288,-306.64719,63.856899,67.72205,67.765806,-9.4111864,4.3664376,872.045106,.
2113.0,3797.4511,22.222222,9.8888889,22.222222,5.3983,12.2168,0.0,2057.0965,73.463608,100.0765,58.250986,22.222222,15.888889,22.222222,0.0,22.222222,5.4444444,3.6666667,2.2441,727.06233,1.000000011025817,0.9999999910000028,0.44500000094500125,0.9999999910000028,1.0000000005557308,0.9999999997544363,0.0,0.20104894643165008,0.8222096273976832,0.5755525394228297,0.9048823361628427,0.9999999910000028,0.7150000057150021,0.9999999910000028,0.0,0.9999999910000028,0.24499999824500068,0.16500000166500048,1.0000000003119287,1.000000000330095,3.7515543,64.402402,67.182837,66.702027,-4.506691,-3.0788672,-43.921573,-3.7515543,-4.3107056,-2.3519599,-3.8170234,89.443648,93.397196,91.102261,-303.57024,53.487265,57.271213,57.31241,-11.276574,3.7515543,805.64358,.
2114.0,3797.4511,22.222222,8.1111111,19.222222,5.3983,12.2168,0.0,1971.2351,80.847582,100.0765,64.3741,22.222222,12.666667,22.222222,0.0,22.222222,4.4444444,2.8888889,2.2441,727.06233,1.000000011025817,0.9999999910000028,0.36499999986500103,0.8649999908650023,1.0000000005557308,0.9999999997544367,0.0,0.192657340102464,0.9048515595942906,0.57555253942283,0.9999999999378638,0.9999999910000028,0.5700000155700017,0.9999999910000028,0.0,0.9999999910000028,0.19999999820000056,0.13000000063000036,1.0000000003119294,1.000000000330095,4.1711405,51.666681,54.406599,53.950141,-4.5114804,-2.0600871,-45.458915,-4.1711405,-3.4514448,-2.3521277,-2.8670202,68.744994,72.67914,70.415751,-295.87229,42.978906,46.681439,46.7202,-9.4112384,4.1711405,738.5429300000001,.
2115.0,3797.4511,22.222222,6.2222222,15.222222,5.3983,12.2168,0.0,1906.8391,67.258106,91.702961,58.250986,22.222222,9.5555555,22.222222,0.0,22.222222,3.2222222,1.8888889,2.2441,727.06233,1.0000000110258174,0.9999999910000028,0.2799999992800008,0.684999990685002,1.0000000005557306,0.9999999997544365,0.0,0.18636364024229066,0.7527572328564895,0.5273952633849378,0.904882336162843,0.9999999910000028,0.42999999793000127,0.9999999910000028,0.0,0.9999999910000028,0.14499999914500042,0.08500000058500023,1.0000000003119285,1.000000000330095,4.3631752,39.144755,41.843398,41.410043,-4.5098185,-2.0597667,-46.958764,-4.3631752,-4.3111844,-2.4500095,-3.8177687,50.360226,54.273295,52.04467,-289.71237,32.603629,36.22454,36.261067,-9.4100977,4.3631752,671.37441,.
2116.0,3797.4511,22.222222,4.1111111,10.777778,5.3983,12.2168,0.0,1885.3737,67.258106,91.702961,58.250986,22.222222,6.5555555,16.555556,0.0,22.222222,1.8888889,0.88888889,2.2441,727.06233,1.0000000110258167,0.9999999910000028,0.1849999996850005,0.48500001048500135,1.0000000005557308,0.9999999997544369,0.0,0.18426573377327768,0.7527572328564897,0.5273952633849375,0.9048823361628432,0.9999999910000028,0.2949999977950008,0.7450000207450022,0.0,0.9999999910000028,0.08500000058500023,0.04000000009000011,1.0000000003119294,1.000000000330095,4.2409864,27.092389,29.748998,29.337421,-4.5059672,-2.0587031,-48.346266,-4.2409864,-4.3110495,-2.5479235,-3.8171969,34.484693,38.375017,36.182526,-282.01376,22.574501,26.11372,26.148106,-9.408513,4.2409864,604.1039000000001,.
2117.0,3797.4511,22.222222,2.1111111,6.7777778,5.3983,12.2168,0.0,1867.4859,73.463608,84.554824,58.250986,22.222222,3.8888889,10.555556,0.0,22.222222,0.66666667,0.0,2.2441,727.06233,1.000000011025817,0.9999999910000028,0.09499999959500027,0.3050000013050009,1.0000000005557304,0.9999999997544371,0.0,0.18251748164024428,0.8222096273976824,0.4862854283837905,0.904882336162843,0.9999999910000028,0.1750000006750005,0.47500002047500134,0.0,0.9999999910000028,0.030000000180000087,0.0,1.0000000003119294,1.000000000330095,4.1941023,16.901206,19.515028,19.123981,-4.5087543,-2.059634,-49.509005,-4.1941023,-3.4516241,-2.4501563,-2.8672094,21.553566,25.419558,23.264664,-272.77454,14.081829,17.539246,17.571631,-7.5431666,4.1941023,536.70876,.
2118.0,3797.4511,22.222222,0.44444444,3.3333333,5.3983,12.2168,0.0,1846.0206,73.463608,84.554824,58.250986,22.222222,1.6666667,5.5555555,0.0,22.222222,0.0,0.0,2.2441,727.06233,1.0000000110258171,0.9999999910000028,0.019999999820000055,0.14999999865000044,1.0000000005557301,0.9999999997544362,0.0,0.1804195849446645,0.8222096273976829,0.48628542838379074,0.904882336162843,0.9999999910000028,0.07500000157500021,0.2499999977500007,0.0,0.9999999910000028,0.0,0.0,1.0000000003119291,1.000000000330095,4.1472488,9.1843572,11.754715,11.383227,-4.5070606,-2.0589751,-50.371972,-4.1472488,-3.4511803,-2.4502258,-2.8666661,11.762201,15.602453,13.487482,-261.99245,7.6511008,11.026791,11.057239,-7.541878,4.1472488,469.1541,.
2119.0,3797.4511,13.111111,0.0,0.88888889,5.3983,12.2168,0.0,1828.1328,67.258106,78.38144,58.250986,10.222222,0.11111111,1.8888889,0.0,13.222222,0.0,0.0,2.2441,727.06233,1.0000000110258167,0.5899999955900016,0.0,0.04000000009000011,1.0000000005557306,0.9999999997544368,0.0,0.1786713328116312,0.7527572328564899,0.45078152049300474,0.904882336162843,0.4599999904600013,0.004999999955000014,0.08500000058500023,0.0,0.5949999905950017,0.0,0.0,1.0000000003119287,1.000000000330095,4.0231004,3.9140622,6.4402976,6.0878912,-4.5053497,-2.0587017,-50.804104,-4.0231004,-3.451522,-2.5481675,-2.8665354,5.075334,8.8884787,6.8154612,-249.67224,3.2591691,6.553224,6.5818378,-7.5408613,4.0231004,401.48177,.
2120.0,3797.4511,1.8888889,0.0,0.0,5.3983,12.2168,0.0,1835.2879,67.258106,78.38144,58.250986,1.3333333,0.0,0.0,0.0,1.8888889,0.0,0.0,2.2441,727.06233,1.000000011025817,0.08500000058500023,0.0,0.0,1.000000000555731,0.9999999997544369,0.0,0.1793706317101582,0.7527572328564895,0.4507815204930045,0.9048823361628432,0.05999999856000017,0.0,0.0,0.0,0.08500000058500023,0.0,0.0,1.0000000003119296,1.000000000330095,3.7695446,1.0167466,3.4982464,3.1630429,-3.6149266,-1.8553485,-50.573015,-3.7695446,-3.4517622,-2.4601857,-2.962794,1.3995695,5.1843379,3.1552606,-234.88619,0.84472179,4.0572423,4.0841694,-7.1685782,3.7695446,333.58606,.
2121.0,3282.3439,0.0,0.0,0.0,5.3983,12.2168,0.0,2468.5159,67.258106,78.38144,58.250986,0.0,0.0,0.0,0.0,0.0,0.0,0.0,2.2441,727.06233,0.8643544972022216,0.0,0.0,0.0,1.0000000005557308,0.9999999997544363,0.0,0.24125874549141293,0.7527572328564897,0.4507815204930044,0.9048823361628425,0.0,0.0,0.0,0.0,0.0,0.0,0.0,1.0000000003119294,1.000000000330095,1.1573173,0.34224924,2.7784506,2.4596977,-3.6130474,-1.7530016,-49.356433,-1.1573173,-3.2799636,-2.3721907,-2.772153,0.54434539,4.2994911,2.3169254,-216.55643,0.28262485,3.4138844,3.4391757,-6.7938486,1.1573173,265.87494000000004,.
2122.0,513.1705,0.0,0.0,0.0,5.3983,12.2168,0.0,10124.493,67.258106,78.38144,58.250986,0.0,0.0,0.0,0.0,0.0,0.0,0.0,2.2441,727.06233,0.13513551383403563,0.0,0.0,0.0,1.0000000005557304,0.9999999997544363,0.0,0.9895105313749819,0.7527572328564895,0.45078152049300446,0.9048823361628434,0.0,0.0,0.0,0.0,0.0,0.0,0.0,1.0000000003119294,1.000000000330095,0.013621474,0.34458246,2.7349048,2.4328386,-3.1632226,-1.5483801,-46.663495,-0.013621474,-2.9356032,-2.2058013,-2.4865068,0.54793627,4.2720891,2.3384032,-193.75903,0.28455441,3.3347415,3.3585335,-6.0459488,0.013621474,198.33357,.
2123.0,513.1705,0.0,0.0,0.0,5.3983,12.2168,0.0,10056.519,73.463608,78.38144,58.250986,0.0,0.0,0.0,0.0,0.0,0.0,0.0,2.2441,727.06233,0.1351355138340357,0.0,0.0,0.0,1.0000000005557306,0.9999999997544367,0.0,0.9828671380850954,0.8222096273976828,0.4507815204930047,0.904882336162843,0.0,0.0,0.0,0.0,0.0,0.0,0.0,1.0000000003119291,1.000000000330095,0.013700424,0.34682285,2.6906978,2.4046189,-2.7230313,-1.345312,-41.752259,-0.013700424,-2.5917806,-1.9416633,-2.1071828,0.55138098,4.2429661,2.3612154,-164.49226,0.28640727,3.2558078,3.2781806,-5.1134706,0.013700424,131.16627000000005,.
2124.0,513.1705,0.0,0.0,0.0,5.3983,12.2168,0.0,10056.519,80.847582,91.702961,64.3741,0.0,0.0,0.0,0.0,0.0,0.0,0.0,2.2441,727.06233,0.13513551383403566,0.0,0.0,0.0,1.0000000005557304,0.9999999997544365,0.0,0.9828671380850972,0.9048515595942904,0.5273952633849378,0.9999999999378634,0.0,0.0,0.0,0.0,0.0,0.0,0.0,1.000000000311929,1.000000000330095,0.013800934,0.34895611,2.6458157,2.3748097,-1.8253046,-0.93682454,-33.344826,-0.013800934,-1.9035569,-1.5305635,-1.5361953,0.55467151,4.2118109,2.3837629,-125.05612,0.28817128,3.1771031,3.19814,-3.8056912,0.013800934,64.54612999999995,.
2125.0,513.1705,0.0,0.0,0.0,5.3983,12.2168,0.0,10056.519,89.349,122.02103,64.3741,0.0,0.0,0.0,0.0,0.0,0.0,0.0,2.2441,727.06233,0.13513551383403563,0.0,0.0,0.0,1.0000000005557304,0.9999999997544369,0.0,0.9828671380850956,0.9999999999776156,0.701758291701741,0.999999999937863,0.0,0.0,0.0,0.0,0.0,0.0,0.0,1.0000000003119294,1.000000000330095,0.013915844,0.35100464,2.6002318,2.3435765,-1.37416,-0.52771829,-19.09921,-0.013915844,-1.129233,-0.8650134,-0.96501981,0.55786544,4.1785763,2.4069753,-69.136043,0.28986445,3.0986055,3.1183457,-2.1246425,0.013915844,0.0,1183.7812
2126.0,513.1705,0.0,0.0,0.0,5.3983,12.2168,169.85775,10056.519,89.349,173.879,64.3741,0.0,0.0,0.0,1.51,0.0,0.0,0.0,2.2441,727.06233,0.1351355138340357,0.0,0.0,0.0,1.0000000005557304,0.9999999997544365,0.653299038451488,0.9828671380850973,0.9999999999776159,1.0000000000230047,0.9999999999378628,0.0,0.0,0.0,0.206820983426928,0.0,0.0,0.0,1.0000000003119287,1.000000000330095,0.014037418,0.35335201,2.553977,2.3115112,-0.03982149,-0.018313393,-0.057175511,-0.014037418,-0.0112691,-0.0037507244,-0.014997758,0.56175023,4.1431573,2.4317845,-1.6626739,0.2917994,3.0203261,3.0388427,-0.071518107,0.014037418,-47.45183999999995,-0.0
2127.0,513.1705,0.0,0.0,0.0,5.3983,12.2168,169.85775,10056.519,89.349,173.879,64.3741,0.0,0.0,0.0,1.466,0.0,0.0,0.0,2.2441,727.06233,0.13513551383403566,0.0,0.0,0.0,1.0000000005557301,0.9999999997544367,0.6532990384514878,0.9828671380850982,0.9999999999776162,1.0000000000230045,0.9999999999378631,0.0,0.0,0.0,0.20079441172442153,0.0,0.0,0.0,1.0000000003119287,1.000000000330095,0.014155137,0.35581948,2.5070796,2.2780607,-0.035197087,-0.01803835,-0.05896134,-0.014155137,-0.011082497,-0.0038282602,-0.015162928,0.56586829,4.1055175,2.454937,-1.6645989,0.29383242,2.9422949,2.9596898,-0.070762503,0.014155137,-68.25627999999995,-0.0
2128.0,513.1705,0.0,0.0,0.0,5.3983,12.2168,164.60329,10056.519,89.349,173.879,64.3741,0.0,0.0,0.22222222,1.386,0.0,0.0,0.0,2.2441,727.06233,0.13513551383403563,0.0,0.0,0.0,1.0000000005557308,0.9999999997544368,0.633089576913337,0.9828671380850975,0.9999999999776161,1.0000000000230052,0.9999999999378634,0.0,0.0,0.009999999910000027,0.18983700862895508,0.0,0.0,0.0,1.0000000003119294,1.000000000330095,0.014255143,0.3585263,2.4595539,2.2432149,-0.035841385,-0.017853703,-0.06087388,-0.014255143,-0.011631623,-0.003960483,-0.015530976,0.57042261,4.0655911,2.4802545,-1.6667978,0.29606185,2.8645717,2.8809056,-0.070736367,0.014255143,-83.99177999999995,-0.0
2129.0,513.1705,0.11111111,0.0,0.0,5.3983,12.2168,154.83028,9992.1229,89.349,173.879,64.3741,0.22222222,0.0,0.44444444,1.314,0.11111111,0.0,0.0,2.2441,727.06233,0.1351355138340357,0.004999999955000014,0.0,0.0,1.0000000005557312,0.9999999997544368,0.5955010769139155,0.9765734284514921,0.9999999999776159,1.0000000000230045,0.9999999999378631,0.009999999910000027,0.0,0.019999999820000055,0.17997534584303546,0.004999999955000014,0.0,0.0,1.0000000003119294,1.000000000330095,0.01435419,0.36204275,2.4114252,2.2070419,-0.038823404,-0.017664295,-0.062867893,-0.01435419,-0.012040574,-0.0041159512,-0.015681701,0.57654818,4.023204,2.5069419,-1.6690451,0.2989534,2.7871726,2.8025338,-0.070156258,0.01435419,-96.12207999999998,-0.0
2130.0,513.1705,0.33333333,0.0,0.0,5.3983,12.2168,154.83028,9992.1229,89.349,173.879,64.3741,0.33333333,0.0,0.55555556,1.281,0.33333333,0.0,0.0,2.2441,727.06233,0.13513551383403563,0.014999999865000042,0.0,0.0,1.0000000005557306,0.9999999997544369,0.5955010769139152,0.9765734284514904,0.9999999999776158,1.0000000000230043,0.9999999999378631,0.014999999865000042,0.0,0.02500000022500007,0.17545541706615553,0.014999999865000042,0.0,0.0,1.000000000311929,1.000000000330095,0.014439295,0.36547228,2.3627107,2.1696004,-0.037054126,-0.017741265,-0.064998216,-0.014439295,-0.012002066,-0.004205127,-0.015821414,0.58223257,3.9781975,2.5317443,-1.6713865,0.3017798,2.7101762,2.7246209,-0.070031696,0.014439295,-105.4404800000001,-0.0
2131.0,513.1705,0.55555555,0.0,0.0,5.3983,12.2168,154.83028,9992.1229,89.349,173.879,64.3741,0.55555555,0.0,0.77777778,1.219,0.55555556,0.0,0.0,2.2441,727.06233,0.13513551383403566,0.02499999977500007,0.0,0.0,1.0000000005557304,0.9999999997544369,0.5955010769139156,0.9765734284514894,0.9999999999776151,1.0000000000230045,0.999999999937863,0.02499999977500007,0.0,0.0350000001350001,0.16696342966716904,0.02500000022500007,0.0,0.0,1.000000000311929,1.000000000330095,0.014512162,0.36888118,2.3134467,2.1309649,-0.037616546,-0.017728628,-0.067214328,-0.014512162,-0.012336869,-0.004285911,-0.015773678,0.58762544,3.9302146,2.5561568,-1.6724704,0.30459555,2.6336529,2.647262,-0.069605954,0.014512162,-111.78198000000009,-0.0
2132.0,600.43735,0.77777778,0.0,0.0,5.3983,12.2168,154.83028,9992.1229,89.349,173.879,64.3741,0.77777778,0.0,1.0,1.162,0.77777778,0.0,0.0,2.2441,727.06233,0.15811588900257662,0.0350000001350001,0.0,0.0,1.0000000005557301,0.9999999997544363,0.5955010769139153,0.9765734284514919,0.9999999999776155,1.0000000000230047,0.999999999937863,0.0350000001350001,0.0,0.04500000004500013,0.15915627996164922,0.0350000001350001,0.0,0.0,1.0000000003119285,1.000000000330095,0.014590605,0.37262193,2.2636048,2.0911436,-0.037201924,-0.017225109,-0.069537583,-0.014590605,-0.01252971,-0.0044676072,-0.015439645,0.59358315,3.8787399,2.5749918,-1.6734937,0.30768465,2.5577078,2.5705035,-0.068370866,0.014590605,-114.77067999999997,-0.0
2133.0,600.43735,1.0,0.0,0.11111111,5.3983,12.2168,154.83028,9992.1229,89.349,173.879,64.3741,1.0,0.0,1.2222222,1.111,1.0,0.0,0.0,2.2441,727.06233,0.15811588900257656,0.04500000004500013,0.0,0.004999999955000014,1.0000000005557306,0.9999999997544368,0.5955010769139153,0.9765734284514896,0.9999999999776166,1.0000000000230045,0.9999999999378634,0.04500000004500013,0.0,0.05499999905500016,0.15217093548828947,0.04500000004500013,0.0,0.0,1.0000000003119287,1.000000000330095,0.014666557,0.3765051,2.2131827,2.0501683,-0.037658837,-0.017460669,-0.072055322,-0.014666557,-0.012761601,-0.0045787724,-0.01584491,0.59969988,3.8235202,2.5859042,-1.6750198,0.31089246,2.4823488,2.4943777,-0.068978034,0.014666557,-117.62458000000004,-0.0
2134.0,600.43735,1.2222222,0.0,0.22222222,5.3983,12.2168,154.83028,9934.8819,89.349,173.879,64.3741,1.2222222,0.11111111,1.4444444,1.042,1.2222222,0.0,0.0,2.2441,727.06233,0.1581158890025766,0.05499999905500016,0.0,0.009999999910000027,1.0000000005557306,0.9999999997544369,0.5955010769139153,0.9709790177164102,0.9999999999776159,1.0000000000230045,0.999999999937863,0.05499999905500016,0.004999999955000014,0.06499999806500019,0.14272017531844972,0.05499999905500016,0.0,0.0,1.0000000003119298,1.000000000330095,0.014741678,0.38044225,2.1622037,2.0080946,-0.034181592,-0.017108343,-0.074634046,-0.014741678,-0.012425483,-0.0047070515,-0.015415882,0.60583596,3.7639382,2.5893179,-1.6748566,0.31414667,2.4077055,2.4190122,-0.067581624,0.014741678,-121.25868000000003,-0.0
2135.0,600.43735,1.4444444,0.0,0.22222222,5.3983,12.2168,154.83028,9934.8819,89.349,173.879,64.3741,1.4444444,0.22222222,1.6666667,0.999,1.4444444,0.0,0.0,2.2441,727.06233,0.1581158890025766,0.06499999806500019,0.0,0.009999999910000027,1.0000000005557304,0.9999999997544365,0.5955010769139155,0.9709790177164115,0.9999999999776158,1.000000000023004,0.9999999999378634,0.06499999806500019,0.009999999910000027,0.07500000157500021,0.1368305711546365,0.06499999806500019,0.0,0.0,1.0000000003119294,1.000000000330095,0.014823465,0.38456522,2.1105593,1.9648555,-0.037382875,-0.017113384,-0.077409589,-0.014823465,-0.013460533,-0.0049062919,-0.015744315,0.61249076,3.699481,2.5783416,-1.6751269,0.31754925,2.3337672,2.3443937,-0.067581897,0.014823465,-117.72678000000008,-0.0
2136.0,600.43735,1.7777778,0.0,0.33333333,5.3983,12.2168,142.19242,9934.8819,89.349,173.879,64.3741,1.7777778,0.33333333,1.8888889,0.96,1.7777778,0.0,0.0,2.2441,727.06233,0.1581158890025765,0.08000000108000023,0.0,0.014999999865000042,1.0000000005557301,0.9999999997544367,0.5468939230685094,0.970979017716412,0.9999999999776161,1.0000000000230052,0.9999999999378634,0.08000000108000023,0.014999999865000042,0.08500000058500023,0.13148883714559664,0.08000000108000023,0.0,0.0,1.0000000003119294,1.000000000330095,0.015022658,0.38874377,2.0582641,1.9204722,-0.038445761,-0.017250187,-0.080331731,-0.015022658,-0.013481865,-0.0050880657,-0.016781094,0.61928926,3.630342,2.5591171,-1.6759357,0.32099619,2.2604618,2.2705093,-0.068599211,0.015022658,-115.22467999999992,-0.0
2137.0,600.43735,2.0,0.0,0.44444444,5.3983,12.2168,142.19242,9877.641,89.349,173.879,64.3741,2.1111111,0.44444444,2.1111111,0.906,2.0,0.0,0.0,2.2441,727.06233,0.15811588900257662,0.09000000009000025,0.0,0.019999999820000055,1.0000000005557304,0.9999999997544365,0.5468939230685095,0.9653846167547645,0.9999999999776161,1.0000000000230047,0.9999999999378634,0.09499999959500027,0.019999999820000055,0.09499999959500027,0.12409259005615678,0.09000000009000025,0.0,0.0,1.0000000003119294,1.000000000330095,0.015156512,0.39328223,2.0054161,1.8750815,-0.036404122,-0.016964331,-0.083376212,-0.015156512,-0.013346399,-0.0052060217,-0.016460083,0.62674773,3.5560474,2.5368371,-1.6757943,0.3247384,2.1880212,2.1975198,-0.06715557,0.015156512,-111.99627999999996,-0.0
2138.0,600.43735,2.3333333,0.0,0.55555555,5.3983,12.2168,142.19242,9877.641,89.349,173.879,64.3741,2.3333333,0.55555555,2.3333333,0.857,2.3333333,0.0,0.0,2.2441,727.06233,0.1581158890025766,0.1049999986050003,0.0,0.02499999977500007,1.0000000005557306,0.9999999997544365,0.5468939230685091,0.9653846167547657,0.9999999999776154,1.000000000023004,0.9999999999378634,0.1049999986050003,0.02499999977500007,0.1049999986050003,0.11738118066018367,0.1049999986050003,0.0,0.0,1.0000000003119285,1.000000000330095,0.015321732,0.3974679,1.9520067,1.8287003,-0.035180139,-0.016769707,-0.086597655,-0.015321732,-0.013826689,-0.005378279,-0.016246493,0.63338722,3.4761738,2.5059975,-1.6742195,0.3281952,2.1165155,2.1254806,-0.066244687,0.015321732,-107.8551799999999,-0.0
2139.0,600.43735,2.6666667,0.0,0.66666667,5.3983,12.2168,142.19242,9816.8225,89.349,173.879,64.3741,2.7777778,0.66666667,2.5555556,0.813,2.6666667,0.0,0.0,2.2441,727.06233,0.15811588900257656,0.12000000162000034,0.0,0.030000000180000087,1.0000000005557306,0.9999999997544371,0.5468939230685097,0.9594405614571374,0.9999999999776155,1.0000000000230045,0.9999999999378631,0.12500000112500034,0.030000000180000087,0.11500000211500032,0.1113546089576771,0.12000000162000034,0.0,0.0,1.0000000003119291,1.000000000330095,0.015666305,0.40172872,1.8980527,1.7813697,-0.033417055,-0.016880173,-0.089987586,-0.015666305,-0.013850546,-0.0055636373,-0.016822174,0.64014865,3.3909185,2.4666605,-1.6734811,0.33171415,2.0459593,2.0543922,-0.065499523,0.015666305,-103.35317999999995,-0.0
2140.0,600.43735,3.1111111,0.0,0.77777778,5.3983,12.2168,131.41534,9816.8225,89.349,173.879,64.3741,3.1111111,0.66666667,2.7777778,0.772,3.1111111,0.0,0.0,2.2441,727.06233,0.15811588900257662,0.1399999996400004,0.0,0.0350000001350001,1.0000000005557306,0.9999999997544368,0.5054436153768392,0.9594405614571365,0.9999999999776155,1.0000000000230047,0.999999999937863,0.1399999996400004,0.030000000180000087,0.12500000112500034,0.10573893987125066,0.1399999996400004,0.0,0.0,1.0000000003119294,1.000000000330095,0.015721318,0.40657948,1.8437017,1.7332603,-0.034598694,-0.016908924,-0.093530824,-0.015721318,-0.01408453,-0.0057430865,-0.016958529,0.64799077,3.3002704,2.4222761,-1.6721896,0.33571701,1.9764813,1.9844231,-0.065267925,0.015721318,-97.94518000000005,-0.0
2141.0,600.43735,3.4444444,0.0,0.88888889,5.3983,12.2168,131.41534,9816.8225,89.349,173.879,64.3741,3.4444444,0.77777778,2.8888889,0.734,3.4444444,0.0,0.0,2.2441,727.06233,0.15811588900257656,0.15499999815500043,0.0,0.04000000009000011,1.0000000005557306,0.9999999997544365,0.5054436153768396,0.9594405614571404,0.9999999999776162,1.0000000000230052,0.9999999999378634,0.15499999815500043,0.0350000001350001,0.13000000063000036,0.10053417340090412,0.15499999815500043,0.0,0.0,1.0000000003119291,1.000000000330095,0.015796706,0.41038234,1.7888809,1.6843191,-0.031487223,-0.016499377,-0.097250717,-0.015796706,-0.014074599,-0.0059138888,-0.01659617,0.65354748,3.2046658,2.3701695,-1.669405,0.33886838,1.9079411,1.9154432,-0.064704623,0.015796706,-92.00187999999991,-0.0
2142.0,686.66351,3.8888889,0.0,1.0,5.3983,12.2168,131.41534,9748.8489,89.349,173.879,64.3741,3.8888889,0.88888889,3.1111111,0.699,3.8888889,0.0,0.0,2.2441,727.06233,0.18082221455623906,0.1750000006750005,0.0,0.04500000004500013,1.0000000005557308,0.9999999997544368,0.5054436153768394,0.9527972072609878,0.9999999999776161,1.0000000000230054,0.999999999937863,0.1750000006750005,0.04000000009000011,0.1399999996400004,0.09574030954663752,0.1750000006750005,0.0,0.0,1.0000000003119294,1.000000000330095,0.016007958,0.4149332,1.7335468,1.6345269,-0.032786113,-0.016518649,-0.10116338,-0.016007958,-0.014383736,-0.0061280513,-0.016920429,0.66079996,3.1048915,2.3112737,-1.6672343,0.34262662,1.8402107,1.8473261,-0.064235483,0.016007958,-85.62708000000009,-0.0
2143.0,686.66351,4.3333333,0.0,1.0,5.3983,12.2168,122.1155,9748.8489,89.349,173.879,64.3741,4.3333333,1.0,3.2222222,0.656,4.3333333,0.0,0.0,2.2441,727.06233,0.18082221455623912,0.19499999869500054,0.0,0.04500000004500013,1.000000000555731,0.9999999997544369,0.4696749999927743,0.9527972072609875,0.9999999999776156,1.0000000000230045,0.9999999999378634,0.19499999869500054,0.04500000004500013,0.14499999914500042,0.08985070538282436,0.19499999869500054,0.0,0.0,1.0000000003119285,1.000000000330095,0.016169722,0.41977833,1.6777014,1.5839058,-0.031829869,-0.016606369,-0.10523974,-0.016169722,-0.014400043,-0.0063622105,-0.017067935,0.6687549,3.001725,2.246535,-1.6641438,0.34662182,1.7732467,1.7800001,-0.063961027,0.016169722,-78.30358000000001,-0.0
2144.0,686.66351,4.7777778,0.0,1.1111111,5.3983,12.2168,122.1155,9691.6079,89.349,173.879,64.3741,4.7777778,1.0,3.4444444,0.616,4.7777778,0.0,0.0,2.2441,727.06233,0.18082221455623906,0.2150000012150006,0.0,0.04999999955000014,1.0000000005557308,0.9999999997544363,0.46967499999277407,0.9472027965259077,0.9999999999776158,1.000000000023004,0.999999999937863,0.2150000012150006,0.04500000004500013,0.15499999815500043,0.08437200383509119,0.2150000012150006,0.0,0.0,1.0000000003119291,1.000000000330095,0.016320025,0.42347216,1.6214228,1.5325524,-0.033119416,-0.016508152,-0.10951334,-0.016320025,-0.014927488,-0.0065608492,-0.017324725,0.67423123,2.8968874,2.1779655,-1.6599671,0.34968077,1.7069068,1.7133217,-0.063864268,0.016320025,-70.10198000000003,-0.0
2145.0,686.66351,5.3333333,0.0,1.2222222,5.3983,12.2168,114.00801,9634.367,89.349,173.879,64.3741,5.3333333,1.1111111,3.5555556,0.58,5.3333333,0.0,0.0,2.2441,727.06233,0.18082221455623906,0.23999999874000066,0.0,0.05499999905500016,1.0000000005557306,0.9999999997544367,0.4384923461471005,0.9416083955642588,0.999999999977615,1.0000000000230045,0.9999999999378631,0.23999999874000066,0.04999999955000014,0.16000000216000046,0.07944117244213128,0.23999999874000066,0.0,0.0,1.0000000003119294,1.000000000330095,0.016561854,0.42679842,1.5647101,1.4804834,-0.033213986,-0.016029167,-0.11393778,-0.016561854,-0.015021588,-0.0067909125,-0.017051786,0.67906848,2.7910536,2.1084116,-1.6555154,0.35243882,1.6411234,1.6472221,-0.06282506,0.016561854,-61.28697999999997,-0.0
2146.0,686.66351,5.7777778,0.0,1.3333333,5.3983,12.2168,114.00801,9634.367,89.349,173.879,64.3741,5.7777778,1.2222222,3.7777778,0.547,5.7777778,0.0,0.0,2.2441,727.06233,0.1808222145562391,0.2600000012600007,0.0,0.05999999856000017,1.0000000005557301,0.9999999997544363,0.4384923461471001,0.9416083955642603,0.9999999999776154,1.0000000000230047,0.999999999937863,0.2600000012600007,0.05499999905500016,0.17000000117000047,0.07492124366525141,0.2600000012600007,0.0,0.0,1.0000000003119283,1.000000000330095,0.016758686,0.42738887,1.5075499,1.4276999,-0.030700239,-0.01583702,-0.1185558,-0.016758686,-0.014926354,-0.0070139472,-0.016797977,0.67848644,2.6841175,2.0358659,-1.6497243,0.35296145,1.5759148,1.5817188,-0.06189139,0.016758686,-52.28147999999999,-0.0
2147.0,686.66351,6.2222222,0.0,1.3333333,5.3983,12.2168,106.87681,9555.6607,89.349,173.879,64.3741,6.1111111,1.2222222,3.8888889,0.515,6.2222222,0.0,0.0,2.2441,727.06233,0.18082221455623904,0.2799999992800008,0.0,0.05999999856000017,1.0000000005557306,0.9999999997544368,0.4110646538398299,0.9339160881335996,0.9999999999776165,1.0000000000230047,0.9999999999378638,0.2749999997750008,0.05499999905500016,0.1750000006750005,0.07053828242706485,0.2799999992800008,0.0,0.0,1.0000000003119287,1.000000000330095,0.017030895,0.42451163,1.4501772,1.3744518,-0.0335302,-0.015612206,-0.12334779,-0.017030895,-0.015557046,-0.007211776,-0.016727662,0.67102875,2.5768147,1.9608655,-1.6425082,0.35065251,1.5114217,1.5169516,-0.061112845,0.017030895,-47.07736,-0.0
2148.0,771.84899,6.5555555,0.0,1.4444444,5.3983,12.2168,106.87681,9494.8422,89.349,173.879,64.3741,6.5555555,1.3333333,4.0,0.479,6.5555555,0.0,0.0,2.2441,727.06233,0.20325449312836857,0.2949999977950008,0.0,0.06499999806500019,1.0000000005557308,0.9999999997544371,0.41106465383982976,0.9279720328359725,0.9999999999776158,1.0000000000230043,0.999999999937863,0.2949999977950008,0.05999999856000017,0.1800000001800005,0.06560745103410498,0.2949999977950008,0.0,0.0,1.0000000003119294,1.000000000330095,0.01708969,0.41857149,1.3925287,1.3206908,-0.029597263,-0.015196098,-0.1282575,-0.01708969,-0.015409451,-0.007428233,-0.016496601,0.65829982,2.4698167,1.8841802,-1.6352183,0.34582453,1.4474803,1.4527976,-0.060093327,0.01708969,-41.58394999999996,-0.0
2149.0,771.84899,6.8888889,0.0,1.5555556,5.3983,12.2168,100.55507,9494.8422,89.349,173.879,64.3741,6.6666667,1.3333333,4.1111111,0.451,6.8888889,0.0,0.0,2.2441,727.06233,0.2032544931283686,0.3100000008100009,0.0,0.07000000207000019,1.0000000005557301,0.9999999997544365,0.38675026922481937,0.9279720328359745,0.9999999999776158,1.0000000000230047,0.9999999999378636,0.30000000180000086,0.05999999856000017,0.1849999996850005,0.061772359950691774,0.3100000008100009,0.0,0.0,1.000000000311929,1.000000000330095,0.017284128,0.40654029,1.334485,1.2663107,-0.03020568,-0.014983722,-0.13333787,-0.017284128,-0.015380947,-0.0076325227,-0.016517119,0.63464651,2.3631889,1.8063668,-1.6262154,0.33599411,1.3840101,1.3891387,-0.059874677,0.017284128,-36.21434999999997,-0.0
2150.0,771.84899,7.0,0.0,1.5555556,5.3983,12.2168,94.911913,9434.0236,89.349,173.879,64.3741,6.8888889,1.4444444,4.2222222,0.42,7.0,0.0,0.0,2.2441,727.06233,0.20325449312836852,0.3150000003150009,0.0,0.07000000207000019,1.0000000005557301,0.9999999997544369,0.36504581922515333,0.9220279677649157,0.9999999999776162,1.000000000023005,0.9999999999378636,0.3100000008100009,0.06499999806500019,0.18999999919000055,0.057526366251198516,0.3150000003150009,0.0,0.0,1.000000000311929,1.000000000330095,0.01760733,0.39179571,1.2762891,1.2115679,-0.030098329,-0.014977123,-0.13852947,-0.01760733,-0.015835898,-0.007883243,-0.016709839,0.60770304,2.2575567,1.7291028,-1.6162159,0.32390071,1.3211986,1.3261344,-0.059342005,0.01760733,-31.036879999999996,-0.0
2151.0,771.84899,7.2222222,0.0,1.5555556,5.3983,12.2168,89.843237,9369.6276,89.349,173.879,64.3741,7.0,1.4444444,4.2222222,0.39,7.2222222,0.0,0.0,2.2441,727.06233,0.20325449312836863,0.3249999993250009,0.0,0.07000000207000019,1.0000000005557308,0.9999999997544367,0.3455509115331455,0.9157342679047424,0.9999999999776162,1.000000000023005,0.9999999999378634,0.3150000003150009,0.06499999806500019,0.18999999919000055,0.053417340090398606,0.3249999993250009,0.0,0.0,1.0000000003119294,1.000000000330095,0.017441199,0.37721291,1.2181057,1.1567621,-0.029003257,-0.015122786,-0.14378741,-0.017441199,-0.016537492,-0.0081516502,-0.017144633,0.58375888,2.1536375,1.6502673,-1.6055262,0.31187681,1.2591272,1.263863,-0.059307294,0.017441199,-25.74989000000005,-0.0
2152.0,855.99377,7.3333333,0.0,1.6666667,5.3983,12.2168,89.843237,9308.8091,89.349,173.879,64.3741,7.1111111,1.4444444,4.3333333,0.361,7.3333333,0.0,0.0,2.2441,727.06233,0.22541271945227434,0.3299999988300009,0.0,0.07500000157500021,1.0000000005557306,0.9999999997544363,0.3455509115331454,0.9097902126071172,0.9999999999776155,1.0000000000230045,0.9999999999378631,0.3199999998200009,0.06499999806500019,0.19499999869500054,0.049445281468292065,0.3299999988300009,0.0,0.0,1.0000000003119287,1.000000000330095,0.017870836,0.36058117,1.160219,1.1021637,-0.029390674,-0.014205854,-0.14902884,-0.017870836,-0.015910395,-0.0083211331,-0.01658335,0.55758735,2.0519619,1.5724999,-1.5909536,0.29813465,1.1979311,1.2024989,-0.057370414,0.017870836,-20.856509999999957,-0.0
2153.0,855.99377,7.4444444,0.0,1.6666667,5.3983,12.2168,85.265202,9233.6803,89.349,173.879,64.3741,7.2222222,1.5555556,4.3333333,0.331,7.4444444,0.0,0.0,2.2441,727.06233,0.2254127194522743,0.33499999833500094,0.0,0.07500000157500021,1.0000000005557308,0.9999999997544368,0.3279430846103395,0.9024475497390031,0.9999999999776156,1.0000000000230045,0.9999999999378631,0.3249999993250009,0.07000000207000019,0.19499999869500054,0.045336255307492156,0.33499999833500094,0.0,0.0,1.0000000003119285,1.000000000330095,0.01816802,0.34276452,1.1034424,1.0485845,-0.02908726,-0.014167604,-0.15420664,-0.01816802,-0.016466856,-0.0085301795,-0.017016567,0.53017593,1.953437,1.4987268,-1.5757531,0.28340093,1.1382788,1.1426867,-0.056556397,0.01816802,-16.22842000000003,-0.0
2154.0,855.99377,7.5555555,0.0,1.6666667,5.3983,12.2168,81.109521,9165.7067,89.349,173.879,64.3741,7.3333333,1.5555556,4.4444444,0.306,7.5555555,0.0,0.0,2.2441,727.06233,0.22541271945227442,0.33999999784000096,0.0,0.07500000157500021,1.0000000005557304,0.9999999997544363,0.3119596961490468,0.8958041955428485,0.9999999999776154,1.0000000000230047,0.999999999937863,0.3299999988300009,0.07000000207000019,0.19999999820000056,0.04191206684015891,0.33999999784000096,0.0,0.0,1.000000000311929,1.000000000330095,0.017984121,0.32609876,1.0484413,0.99666041,-0.028804168,-0.014164115,-0.15919304,-0.017984121,-0.016591382,-0.0087945786,-0.016783889,0.50578198,1.8585156,1.4275975,-1.5579256,0.26959003,1.0807384,1.0849906,-0.055897165,0.017984121,-11.551529999999957,-0.0
2155.0,855.99377,7.5555555,0.0,1.7777778,5.3983,12.2168,77.32002,9108.4658,89.349,173.879,64.3741,7.4444444,1.5555556,4.5555556,0.281,7.5555555,0.0,0.0,2.2441,727.06233,0.22541271945227434,0.33999999784000096,0.0,0.08000000108000023,1.0000000005557304,0.9999999997544363,0.29738469230311726,0.8902097945812031,0.9999999999776166,1.0000000000230045,0.9999999999378638,0.33499999833500094,0.07000000207000019,0.2050000022050006,0.0384878783728257,0.33999999784000096,0.0,0.0,1.0000000003119291,1.000000000330095,0.018056321,0.30996027,0.99611546,0.947305,-0.026977498,-0.013758759,-0.16376503,-0.018056321,-0.015889354,-0.0088548078,-0.016008532,0.48155484,1.7677724,1.3592408,-1.5360698,0.2562283,1.0260243,1.0301358,-0.053512301,0.018056321,-7.10757000000001,-0.0
2156.0,855.99377,7.6666667,0.0,1.7777778,5.3983,12.2168,70.660609,9094.3085,89.349,173.879,64.3741,7.4444444,1.6666667,4.5555556,0.258,7.6666667,0.0,0.0,2.2441,727.06233,0.22541271945227434,0.345000001845001,0.0,0.08000000108000023,1.0000000005557306,0.9999999997544365,0.271771573072742,0.8888261403630786,0.9999999999776165,1.000000000023005,0.9999999999378628,0.33499999833500094,0.07500000157500021,0.2050000022050006,0.035337624982879096,0.345000001845001,0.0,0.0,1.0000000003119291,1.000000000330095,0.017381405,0.29496438,0.94694799,0.90081563,-0.028003151,-0.01341676,-0.16769978,-0.017381405,-0.016219397,-0.0090036904,-0.016121337,0.45830373,1.6818355,1.2946072,-1.5107688,0.24383086,0.97450086,0.978483,-0.052946515,0.017381405,-3.5695100000000366,-0.0
2157.0,855.99377,7.7777778,0.0,1.7777778,5.3983,12.2168,67.718731,9054.4546,89.349,173.879,64.3741,7.5555555,1.6666667,4.6666667,0.238,7.7777778,0.0,0.0,2.2441,727.06233,0.2254127194522744,0.350000001350001,0.0,0.08000000108000023,1.000000000555731,0.9999999997544363,0.2604566576883008,0.8849310461824269,0.9999999999776156,1.0000000000230045,0.9999999999378636,0.33999999784000096,0.07500000157500021,0.2100000017100006,0.0325982742090125,0.350000001350001,0.0,0.0,1.0000000003119285,1.000000000330095,0.016397552,0.28082037,0.90050402,0.85689705,-0.026596499,-0.013282222,-0.17062464,-0.016397552,-0.016212607,-0.009167428,-0.01621179,0.43612945,1.6005373,1.2346622,-1.4813866,0.23214382,0.92576115,0.92962542,-0.052517588,0.016397552,-1.6877100000000382,-0.0
2158.0,855.99377,7.8888889,0.0,1.8888889,5.3983,12.2168,64.99646,9029.7595,89.349,173.879,64.3741,7.6666667,1.6666667,4.7777778,0.218,7.8888889,0.0,0.0,2.2441,727.06233,0.22541271945227434,0.35500000085500105,0.0,0.08500000058500023,1.0000000005557308,0.9999999997544362,0.24998638461153871,0.8825174871505461,0.9999999999776158,1.000000000023004,0.999999999937863,0.345000001845001,0.07500000157500021,0.2150000012150006,0.029858923435145915,0.35500000085500105,0.0,0.0,1.000000000311929,1.000000000330095,0.015559265,0.26757543,0.85661318,0.81547673,-0.025907144,-0.012918108,-0.17193146,-0.015559265,-0.015959469,-0.009094789,-0.015741406,0.41519337,1.523548,1.1779376,-1.4447682,0.22120297,0.87964044,0.88339774,-0.050728658,0.015559265,-0.6105400000000145,-0.0
2159.0,855.99377,8.0,0.0,1.8888889,5.3983,12.2168,62.469887,9140.3197,89.349,173.879,64.3741,7.7777778,1.7777778,4.7777778,0.206,8.0,0.0,0.0,2.2441,727.06233,0.2254127194522744,0.360000000360001,0.0,0.08500000058500023,1.000000000555731,0.9999999997544367,0.24026879615014976,0.8933230141286284,0.9999999999776151,1.0000000000230045,0.9999999999378634,0.350000001350001,0.08000000108000023,0.2150000012150006,0.028215312970825933,0.360000000360001,0.0,0.0,1.0000000003119294,1.000000000330095,0.013782998,0.25618796,0.81518217,0.77634035,-0.025150133,-0.012337168,-0.17070829,-0.013782998,-0.015486252,-0.0089916248,-0.015212118,0.39746568,1.4505035,1.124005,-1.399045,0.21179061,0.83605922,0.83971921,-0.048815776,0.013782998,-0.08523999999999887,-0.0
2160.0,855.99377,8.1111111,0.0,1.8888889,5.3983,12.2168,62.469887,9154.4543,89.349,173.879,64.3741,7.8888889,1.7777778,4.8888889,0.194,8.2222222,0.0,0.0,2.2441,727.06233,0.22541271945227437,0.36499999986500103,0.0,0.08500000058500023,1.0000000005557308,0.9999999997544363,0.24026879615014976,0.8947044497774834,0.9999999999776154,1.0000000000230047,0.9999999999378631,0.35500000085500105,0.08000000108000023,0.22000000072000064,0.026571702506505986,0.369999999370001,0.0,0.0,1.0000000003119287,1.000000000330095,0.013002828,0.2447793,0.77526534,0.73864346,-0.024269348,-0.011980153,-0.16542382,-0.013002828,-0.01522979,-0.0086976815,-0.014896444,0.3798069,1.380636,1.0721619,-1.3403931,0.20235789,0.79416548,0.7977361,-0.04722072,0.013002828,0.0,0.38298853
2161.0,855.99377,8.2222222,0.0,2.0,5.3983,12.2168,62.469887,9029.7595,89.349,173.879,64.3741,8.0,1.7777778,5.0,0.194,8.2222222,0.0,0.0,2.2441,727.06233,0.22541271945227428,0.369999999370001,0.0,0.09000000009000025,1.0000000005557308,0.9999999997544368,0.24026879615014976,0.882517487150544,0.9999999999776159,1.0000000000230045,0.999999999937863,0.360000000360001,0.08000000108000023,0.22500000022500063,0.026571702506505986,0.369999999370001,0.0,0.0,1.0000000003119285,1.000000000330095,0.013089129,0.23320517,0.73676073,0.70223461,-0.023060063,-0.011058347,-0.15509901,-0.013089129,-0.014029257,-0.0081550407,-0.013662652,0.3618872,1.3136935,1.0222212,-1.2661029,0.19278869,0.753875,0.75734283,-0.044074187,0.013089129,0.0,0.19659975
2162.0,921.11835,8.3333333,0.0,2.0,5.3983,12.2168,62.469887,9029.7595,89.349,173.879,64.3741,8.1111111,1.8888889,5.0,0.194,8.3333333,0.0,0.0,2.2441,727.06233,0.24256227029653715,0.374999998875001,0.0,0.09000000009000025,1.0000000005557304,0.9999999997544369,0.24026879615014984,0.8825174871505435,0.9999999999776158,1.0000000000230043,0.9999999999378628,0.36499999986500103,0.08500000058500023,0.22500000022500063,0.02657170250650598,0.374999998875001,0.0,0.0,1.0000000003119294,1.000000000330095,0.012376974,0.22196158,0.70008187,0.66755375,-0.021129621,-0.010582326,-0.14610676,-0.012376974,-0.013302105,-0.0076788847,-0.013091097,0.3443389,1.2497878,0.97434994,-1.199279,0.18349631,0.71554225,0.71890553,-0.041849403,0.012376974,0.0,0.26563023
2163.0,862.32246,8.4444444,0.0,2.0,5.3983,12.2168,63.063786,9029.7595,89.349,173.879,64.3741,8.2222222,1.8888889,5.1111111,0.194,8.4444444,0.0,0.0,2.2441,727.06233,0.22707928207628789,0.3799999983800011,0.0,0.09000000009000025,1.0000000005557301,0.9999999997544362,0.24255302307319154,0.8825174871505451,0.9999999999776158,1.000000000023005,0.9999999999378636,0.369999999370001,0.08500000058500023,0.22999999973000063,0.02657170250650599,0.3799999983800011,0.0,0.0,1.0000000003119291,1.000000000330095,0.011676391,0.21123999,0.66514239,0.63445381,-0.021657959,-0.010094405,-0.13464016,-0.011676391,-0.012626823,-0.0071404024,-0.01232927,0.32757467,1.1886944,0.92837663,-1.1262386,0.17463564,0.67907113,0.68233739,-0.039684595,0.011676391,0.0,0.78175936
2164.0,939.09786,8.5555555,0.0,2.0,5.3983,12.2168,64.99646,9010.8832,89.349,173.879,64.3741,8.3333333,1.8888889,5.2222222,0.198,8.5555555,0.0,0.0,2.2441,727.06233,0.24729689616130163,0.3849999978850011,0.0,0.09000000009000025,1.0000000005557301,0.9999999997544367,0.24998638461153877,0.8806726246331448,0.9999999999776161,1.000000000023005,0.9999999999378636,0.374999998875001,0.08500000058500023,0.23499999923500067,0.027119572661279304,0.3849999978850011,0.0,0.0,1.000000000311929,1.000000000330095,0.011511159,0.20139842,0.63181775,0.60288776,-0.01858943,-0.0092703878,-0.12317165,-0.011511159,-0.01146671,-0.0065528284,-0.01127242,0.31237173,1.1302477,0.8841847,-1.0563843,0.16649815,0.64433475,0.64751121,-0.036744223,0.011511159,-0.03170000000000073,-0.0
2165.0,939.09786,8.6666667,0.0,2.1111111,5.3983,12.2168,62.469887,8895.1361,89.349,173.879,64.3741,8.3333333,1.8888889,5.2222222,0.182,8.6666667,0.0,0.0,2.2441,727.06233,0.24729689616130177,0.3900000018900011,0.0,0.09499999959500027,1.0000000005557308,0.9999999997544368,0.24026879615014976,0.8693601594631735,0.9999999999776161,1.0000000000230047,0.9999999999378636,0.374999998875001,0.08500000058500023,0.23499999923500067,0.02492809204218603,0.3900000018900011,0.0,0.0,1.0000000003119294,1.000000000330095,0.010859584,0.19110794,0.60011232,0.57282689,-0.018210712,-0.0090649298,-0.12254461,-0.010859584,-0.011383482,-0.0064741618,-0.011212093,0.29597918,1.0745571,0.84193359,-1.0247962,0.15800071,0.61131554,0.61440754,-0.035972646,0.010859584,-0.06615999999996802,-0.0
2166.0,939.09786,8.6666667,0.0,2.1111111,5.3983,12.2168,62.469887,8811.8766,89.349,173.879,64.3741,8.4444444,2.0,5.3333333,0.174,8.6666667,0.0,0.0,2.2441,727.06233,0.2472968961613018,0.3900000018900011,0.0,0.09499999959500027,1.0000000005557308,0.9999999997544363,0.24026879615014982,0.8612228480850127,0.9999999999776156,1.0000000000230043,0.999999999937863,0.3799999983800011,0.09000000009000025,0.23999999874000066,0.023832351732639395,0.3900000018900011,0.0,0.0,1.0000000003119291,1.000000000330095,0.01024489,0.18135894,0.56990703,0.54420643,-0.01788583,-0.008660819,-0.11907702,-0.01024489,-0.01090979,-0.0063080835,-0.010743948,0.28063958,1.0212665,0.80133564,-0.98383655,0.14994656,0.57992067,0.58292972,-0.034337483,0.01024489,0.0,0.32468497
2167.0,939.09786,8.7777778,0.0,2.1111111,5.3983,12.2168,62.469887,8768.5976,89.349,173.879,64.3741,8.5555555,2.0,5.4444444,0.17,8.8888889,0.0,0.0,2.2441,727.06233,0.2472968961613017,0.39500000139500113,0.0,0.09499999959500027,1.0000000005557306,0.9999999997544365,0.2402687961501497,0.8569930040535736,0.9999999999776154,1.0000000000230043,0.9999999999378636,0.3849999978850011,0.09000000009000025,0.24499999824500068,0.023284481577866063,0.4000000009000011,0.0,0.0,1.0000000003119294,1.000000000330095,0.0096744117,0.17302476,0.5411173,0.51691232,-0.016913236,-0.0084716043,-0.11228997,-0.0096744117,-0.010630334,-0.0059445372,-0.010451795,0.26814398,0.97021813,0.76223486,-0.93333504,0.14304681,0.5500524,0.5529909,-0.032997165,0.0096744117,0.0,0.19105264
2168.0,939.09786,9.0,0.0,2.2222222,5.3983,12.2168,60.118453,8768.5976,89.349,173.879,64.3741,8.6666667,2.0,5.4444444,0.162,9.0,0.0,0.0,2.2441,727.06233,0.2472968961613018,0.40500000040500117,0.0,0.09999999910000028,1.0000000005557308,0.9999999997544365,0.23122481922721197,0.8569930040535728,0.9999999999776158,1.0000000000230047,0.999999999937863,0.3900000018900011,0.09000000009000025,0.24499999824500068,0.022188741268319424,0.40500000040500117,0.0,0.0,1.0000000003119287,1.000000000330095,0.0091721105,0.16513036,0.51366925,0.49084369,-0.01599409,-0.0077883461,-0.10825125,-0.0091721105,-0.0097658676,-0.005707207,-0.0095552446,0.25628357,0.92129257,0.72457387,-0.89241023,0.13651087,0.52163476,0.52450858,-0.030929037,0.0091721105,-0.05388000000004922,-0.0
2169.0,939.09786,9.1111111,0.0,2.2222222,5.3983,12.2168,60.118453,8768.5976,89.349,173.879,64.3741,8.8888889,2.1111111,5.5555555,0.15,9.1111111,0.0,0.0,2.2441,727.06233,0.2472968961613017,0.4099999999100012,0.0,0.09999999910000028,1.0000000005557304,0.9999999997544368,0.23122481922721197,0.8569930040535735,0.9999999999776162,1.0000000000230045,0.9999999999378636,0.4000000009000011,0.09499999959500027,0.2499999977500007,0.02054513080399948,0.4099999999100012,0.0,0.0,1.0000000003119287,1.000000000330095,0.0090055346,0.15739434,0.48747782,0.46598384,-0.015260173,-0.0075125163,-0.10456603,-0.0090055346,-0.009525528,-0.0055020885,-0.0094118887,0.24448886,0.87439217,0.68829236,-0.854253,0.13011083,0.49457791,0.49739264,-0.02961964,0.0090055346,0.0,0.29309362
2170.0,939.09786,9.2222222,0.0,2.2222222,5.3983,12.2168,60.118453,8621.7746,89.349,173.879,64.3741,9.0,2.1111111,5.5555556,0.15,9.2222222,0.0,0.0,2.2441,727.06233,0.2472968961613017,0.41499999941500115,0.0,0.09999999910000028,1.0000000005557306,0.9999999997544369,0.23122481922721191,0.8426433566442587,0.9999999999776161,1.0000000000230045,0.999999999937863,0.40500000040500117,0.09499999959500027,0.2500000022500007,0.02054513080399947,0.41499999941500115,0.0,0.0,1.0000000003119294,1.000000000330095,0.0085420134,0.15004119,0.46257028,0.44230213,-0.014655144,-0.0072097581,-0.097596813,-0.0085420134,-0.0091259215,-0.0051791827,-0.0089790707,0.23326309,0.82962617,0.65353732,-0.80620981,0.12402795,0.46888334,0.47164435,-0.028411288,0.0085420134,0.0,0.21403819
2171.0,939.09786,9.3333333,0.0,2.2222222,5.3983,12.2168,60.118453,8467.6797,89.349,173.879,64.3741,9.1111111,2.1111111,5.6666667,0.146,9.3333333,0.0,0.0,2.2441,727.06233,0.24729689616130177,0.41999999892000117,0.0,0.09999999910000028,1.0000000005557308,0.9999999997544365,0.23122481922721197,0.8275829949667758,0.9999999999776156,1.000000000023005,0.9999999999378631,0.4099999999100012,0.09499999959500027,0.25500000175500076,0.01999726064922615,0.41999999892000117,0.0,0.0,1.000000000311929,1.000000000330095,0.0080585032,0.14370928,0.4390363,0.41992813,-0.013520624,-0.0067873477,-0.092796603,-0.0080585032,-0.0084076201,-0.0049000724,-0.0082508541,0.22367329,0.78695868,0.62030596,-0.76687499,0.11878778,0.44459532,0.44732376,-0.026568238,0.0080585032,0.0,0.091377881
2172.0,939.09786,9.5555555,0.0,2.3333333,5.3983,12.2168,58.425435,8462.5973,89.349,173.879,64.3741,9.3333333,2.1111111,5.6666667,0.138,9.5555555,0.0,0.0,2.2441,727.06233,0.24729689616130168,0.42999999793000127,0.0,0.1049999986050003,1.0000000005557304,0.9999999997544363,0.2247132115350044,0.8270862700122854,0.9999999999776165,1.0000000000230045,0.9999999999378634,0.41999999892000117,0.09499999959500027,0.25500000175500076,0.018901520339679515,0.42999999793000127,0.0,0.0,1.000000000311929,1.000000000330095,0.0076023615,0.13772401,0.41675815,0.39874267,-0.013495842,-0.0065344488,-0.089068987,-0.0076023615,-0.0082022064,-0.0046888603,-0.0080479787,0.21431249,0.7462589,0.58849728,-0.7321563,0.11384132,0.42161396,0.42431735,-0.025593692,0.0076023615,0.0,0.25035546
2173.0,939.09786,9.7777778,0.0,2.3333333,5.3983,12.2168,57.924379,8389.3764,89.349,173.879,64.3741,9.4444444,2.1111111,5.6666667,0.134,9.7777778,0.0,0.0,2.2441,727.06233,0.24729689616130174,0.4400000014400013,0.0,0.1049999986050003,1.0000000005557312,0.9999999997544367,0.2227860730734956,0.8199300744707639,0.9999999999776161,1.0000000000230047,0.9999999999378631,0.4249999984250012,0.09499999959500027,0.25500000175500076,0.018353650184906194,0.4400000014400013,0.0,0.0,1.0000000003119294,1.000000000330095,0.0072357262,0.13179722,0.39546115,0.37850134,-0.01214863,-0.0060742979,-0.084601845,-0.0072357262,-0.007710904,-0.004491378,-0.007565529,0.20494969,0.70734473,0.55795731,-0.69583868,0.1089456,0.39970124,0.40237784,-0.024191187,0.0072357262,-0.13154999999994743,-0.0
2174.0,939.09786,9.8888889,0.0,2.3333333,5.3983,12.2168,57.924379,8389.3764,89.349,173.879,64.3741,9.6666667,2.2222222,5.7777778,0.122,9.8888889,0.0,0.0,2.2441,727.06233,0.24729689616130177,0.44500000094500125,0.0,0.1049999986050003,1.0000000005557308,0.9999999997544363,0.22278607307349566,0.8199300744707646,0.9999999999776156,1.0000000000230047,0.999999999937863,0.43500000193500127,0.09999999910000028,0.2600000012600007,0.01671003972058624,0.44500000094500125,0.0,0.0,1.0000000003119287,1.000000000330095,0.0070230122,0.12591917,0.3750845,0.35912051,-0.012062916,-0.0059372722,-0.082223732,-0.0070230122,-0.0076219927,-0.0043373974,-0.0074495407,0.19561694,0.67014681,0.52864618,-0.66781554,0.10409135,0.37879263,0.38144206,-0.023368122,0.0070230122,0.0,0.17778335
2175.0,939.09786,10.0,0.0,2.3333333,5.3983,12.2168,57.924379,8432.7845,89.349,173.879,64.3741,9.7777778,2.2222222,5.7777778,0.122,10.0,0.0,0.0,2.2441,727.06233,0.24729689616130168,0.45000000045000127,0.0,0.1049999986050003,1.0000000005557304,0.9999999997544369,0.22278607307349568,0.8241725360040939,0.9999999999776159,1.0000000000230045,0.9999999999378628,0.4400000014400013,0.09999999910000028,0.2600000012600007,0.016710039720586236,0.45000000045000127,0.0,0.0,1.000000000311929,1.000000000330095,0.0063830893,0.12020361,0.35569266,0.34064504,-0.011282004,-0.0055692113,-0.077392393,-0.0063830893,-0.0069854899,-0.0040806185,-0.0068581121,0.18646039,0.63471448,0.50063893,-0.63182175,0.09937295,0.35892967,0.36155068,-0.021931543,0.0063830893,0.0,0.14751354
2176.0,939.09786,10.111111,0.0,2.4444444,5.3983,12.2168,57.924379,8389.3764,89.349,173.879,64.3741,9.8888889,2.2222222,5.7777778,0.118,10.111111,0.0,0.0,2.2441,727.06233,0.24729689616130177,0.45499999545500125,0.0,0.10999999811000032,1.0000000005557304,0.9999999997544369,0.22278607307349566,0.819930074470762,0.9999999999776151,1.0000000000230043,0.999999999937863,0.44500000094500125,0.09999999910000028,0.2600000012600007,0.01616216956581291,0.45499999545500125,0.0,0.0,1.0000000003119285,1.000000000330095,0.006094949,0.1144736,0.33706243,0.32288119,-0.010816037,-0.005325855,-0.07321003,-0.006094949,-0.0067192451,-0.0038633598,-0.0065680269,0.17727927,0.60076277,0.47367403,-0.599498,0.094642777,0.33991404,0.34250458,-0.020866791,0.006094949,0.0,0.15167423
2177.0,939.09786,10.222222,0.0,2.4444444,5.3983,12.2168,57.924379,8324.9803,89.349,173.879,64.3741,9.8888889,2.2222222,5.7777778,0.114,10.222222,0.0,0.0,2.2441,727.06233,0.24729689616130177,0.4599999904600013,0.0,0.10999999811000032,1.0000000005557301,0.9999999997544363,0.2227860730734956,0.813636364837158,0.9999999999776158,1.0000000000230047,0.9999999999378631,0.44500000094500125,0.09999999910000028,0.2600000012600007,0.015614299411039602,0.4599999904600013,0.0,0.0,1.0000000003119287,1.000000000330095,0.0061139725,0.10865934,0.31907897,0.30569632,-0.010089072,-0.0049841823,-0.069376062,-0.0061139725,-0.0063867551,-0.0036738274,-0.0062096654,0.16808892,0.56821901,0.44770642,-0.56915518,0.089840122,0.32163316,0.32419168,-0.019847682,0.0061139725,0.0,0.13941039
2178.0,982.81783,10.333333,0.0,2.4444444,5.3983,12.2168,55.872216,8324.9803,89.349,173.879,64.3741,10.0,2.2222222,5.7777778,0.108,10.333333,0.0,0.0,2.2441,727.06233,0.25880987403270816,0.46499998546500126,0.0,0.10999999811000032,1.0000000005557306,0.9999999997544368,0.2148931384582324,0.8136363648371571,0.9999999999776166,1.0000000000230052,0.9999999999378634,0.45000000045000127,0.09999999910000028,0.2600000012600007,0.01479249417887962,0.46499998546500126,0.0,0.0,1.000000000311929,1.000000000330095,0.0058465799,0.10296954,0.3019098,0.28928055,-0.0096265225,-0.0047803751,-0.066274848,-0.0058465799,-0.0060816333,-0.0035067209,-0.0059291307,0.15915909,0.53727324,0.42294889,-0.54227064,0.085138775,0.30421506,0.30674018,-0.018845527,0.0058465799,-0.0794700000000148,-0.0
2179.0,984.63571,10.333333,0.0,2.4444444,5.3983,12.2168,55.872216,8324.9803,89.349,173.879,64.3741,10.0,2.2222222,5.7777778,0.105,10.333333,0.0,0.0,2.2441,727.06233,0.25928858461308774,0.46499998546500126,0.0,0.10999999811000032,1.000000000555731,0.9999999997544369,0.21489313845823246,0.8136363648371582,0.9999999999776159,1.0000000000230045,0.9999999999378634,0.45000000045000127,0.09999999910000028,0.2600000012600007,0.014381591562799629,0.46499998546500126,0.0,0.0,1.0000000003119294,1.000000000330095,0.0055156414,0.097443726,0.28555597,0.27361827,-0.0092817507,-0.0045310975,-0.063499799,-0.0055156414,-0.0058164663,-0.0033504899,-0.0056726101,0.15053413,0.50789587,0.39939202,-0.51705538,0.080571804,0.28765165,0.29014237,-0.017972511,0.0055156414,0.0,0.3223584
2180.0,1021.1613,10.333333,0.0,2.4444444,5.3983,12.2168,55.872216,8320.7783,89.349,173.879,64.3741,10.0,2.2222222,5.7777778,0.105,10.333333,0.0,0.0,2.2441,727.06233,0.2689070337888321,0.46499998546500126,0.0,0.10999999811000032,1.0000000005557306,0.9999999997544367,0.2148931384582324,0.8132256851860543,0.9999999999776159,1.000000000023004,0.9999999999378631,0.45000000045000127,0.09999999910000028,0.2600000012600007,0.014381591562799634,0.46499998546500126,0.0,0.0,1.0000000003119291,1.000000000330095,0.0052467972,0.092083313,0.26997124,0.2587035,-0.0083870558,-0.0042744404,-0.058917536,-0.0052467972,-0.0054050145,-0.0031285909,-0.0052871089,0.14221911,0.4799981,0.37696784,-0.48671346,0.076140325,0.27189546,0.27434994,-0.016827059,0.0052467972,-0.004549999999994725,-0.0
2181.0,1021.1613,10.333333,0.0,2.4444444,5.3983,12.2168,53.948473,8257.0067,89.349,173.879,64.3741,10.0,2.2222222,5.7777778,0.09,10.333333,0.0,0.0,2.2441,727.06233,0.268907033788832,0.46499998546500126,0.0,0.10999999811000032,1.0000000005557304,0.9999999997544371,0.20749412691988475,0.8069930106410051,0.9999999999776159,1.0000000000230043,0.9999999999378631,0.45000000045000127,0.09999999910000028,0.2600000012600007,0.012327078482399681,0.46499998546500126,0.0,0.0,1.00000000031193,1.000000000330095,0.0051530592,0.086883687,0.25513673,0.24450086,-0.008650099,-0.0041490333,-0.058723565,-0.0051530592,-0.0053712989,-0.0030986927,-0.0052095947,0.13418375,0.45353802,0.35564482,-0.4717944,0.07184105,0.25692088,0.25933685,-0.016410236,0.0051530592,-0.025240000000053442,-0.0
2182.0,1021.1613,10.333333,0.11111111,2.4444444,5.3983,12.2168,53.948473,8225.5107,89.349,173.879,64.3741,10.0,2.2222222,5.8888889,0.084,10.333333,0.0,0.0,2.2441,727.06233,0.26890703378883213,0.46499998546500126,0.004999999955000014,0.10999999811000032,1.0000000005557304,0.9999999997544365,0.20749412691988475,0.8039147702099837,0.9999999999776161,1.0000000000230045,0.9999999999378634,0.45000000045000127,0.09999999910000028,0.2650000007650008,0.011505273250239702,0.46499998546500126,0.0,0.0,1.000000000311929,1.000000000330095,0.0048818868,0.081966234,0.24112881,0.23108845,-0.0077910075,-0.0039409888,-0.057232828,-0.0048818868,-0.0050829232,-0.0030072426,-0.004952026,0.12658772,0.4285943,0.33576599,-0.45256871,0.06777502,0.24278105,0.24515631,-0.015589302,0.0048818868,0.0,0.12719568
2183.0,1021.1613,10.333333,0.11111111,2.4444444,5.3983,12.2168,53.948473,8181.5712,89.349,173.879,64.3741,10.0,2.2222222,5.8888889,0.081,10.333333,0.0,0.0,2.2441,727.06233,0.268907033788832,0.46499998546500126,0.004999999955000014,0.10999999811000032,1.0000000005557301,0.9999999997544369,0.20749412691988475,0.7996203726541408,0.9999999999776165,1.000000000023004,0.9999999999378634,0.45000000045000127,0.09999999910000028,0.2650000007650008,0.011094370634159717,0.46499998546500126,0.0,0.0,1.0000000003119287,1.000000000330095,0.0046055536,0.077327122,0.22791179,0.21843285,-0.0078400691,-0.0037880594,-0.054145011,-0.0046055536,-0.0049185535,-0.0028464322,-0.0047667212,0.11942154,0.40510373,0.31724416,-0.42849817,0.06393914,0.22943656,0.23176928,-0.014900643,0.0046055536,0.0,0.1025078
2184.0,1021.1613,10.333333,0.11111111,2.4444444,5.3983,12.2168,52.141315,8057.2515,89.349,173.879,64.3741,10.0,2.3333333,5.8888889,0.078,10.333333,0.0,0.0,2.2441,727.06233,0.2689070337888321,0.46499998546500126,0.004999999955000014,0.10999999811000032,1.0000000005557304,0.9999999997544371,0.200543519227684,0.7874700701740677,0.9999999999776155,1.0000000000230045,0.9999999999378634,0.45000000045000127,0.1049999986050003,0.2650000007650008,0.010683468018079723,0.46499998546500126,0.0,0.0,1.0000000003119294,1.000000000330095,0.0043448619,0.072950595,0.21543964,0.20644806,-0.0071493621,-0.003551096,-0.051748902,-0.0043448619,-0.0046062672,-0.002717791,-0.0044525292,0.11266088,0.38298805,0.29998992,-0.40729997,0.060320375,0.21683904,0.21912818,-0.014028418,0.0043448619,0.0,0.089783109
2185.0,1021.1613,10.333333,0.11111111,2.4444444,5.3983,12.2168,52.141315,8013.807,89.349,173.879,64.3741,10.0,2.3333333,5.8888889,0.072,10.333333,0.0,0.0,2.2441,727.06233,0.26890703378883213,0.46499998546500126,0.004999999955000014,0.10999999811000032,1.0000000005557304,0.9999999997544368,0.20054351922768401,0.7832240511111572,0.9999999999776161,1.0000000000230045,0.999999999937863,0.45000000045000127,0.1049999986050003,0.2650000007650008,0.009861662785919748,0.46499998546500126,0.0,0.0,1.0000000003119294,1.000000000330095,0.0040989263,0.06882179,0.20366951,0.19514025,-0.0068256404,-0.0034054684,-0.049872039,-0.0040989263,-0.0044518533,-0.0026108049,-0.0043055477,0.1062828,0.36217661,0.28388438,-0.38848894,0.05690645,0.20494395,0.20718876,-0.01341766,0.0040989263,-0.03503000000000611,-0.0
2186.0,1021.1613,10.333333,0.11111111,2.5555556,5.3983,12.2168,50.44032,7967.3245,89.349,173.879,64.3741,10.0,2.3333333,5.8888889,0.066,10.333333,0.0,0.0,2.2441,727.06233,0.2689070337888321,0.46499998546500126,0.004999999955000014,0.11500000211500032,1.0000000005557301,0.9999999997544363,0.1940012307662462,0.778681115156277,0.9999999999776165,1.0000000000230052,0.9999999999378634,0.45000000045000127,0.1049999986050003,0.2650000007650008,0.009039857553759769,0.46499998546500126,0.0,0.0,1.0000000003119294,1.000000000330095,0.0038669116,0.064924759,0.19256141,0.18447951,-0.0065663841,-0.0032183291,-0.048183654,-0.0038669116,-0.004235326,-0.0025157439,-0.004066131,0.10026494,0.34258445,0.26888037,-0.37059851,0.053684115,0.19371452,0.19591425,-0.012755848,0.0038669116,0.0,0.13440278
2187.0,1021.1613,10.333333,0.11111111,2.5555556,5.3983,12.2168,50.44032,7851.6865,89.349,173.879,64.3741,10.0,2.3333333,6.0,0.066,10.333333,0.0,0.0,2.2441,727.06233,0.2689070337888321,0.46499998546500126,0.004999999955000014,0.11500000211500032,1.0000000005557306,0.9999999997544365,0.19400123076624612,0.7673793128016171,0.9999999999776161,1.0000000000230052,0.9999999999378631,0.45000000045000127,0.1049999986050003,0.27000000027000076,0.009039857553759767,0.46499998546500126,0.0,0.0,1.0000000003119294,1.000000000330095,0.0036480298,0.061248199,0.18208026,0.17444038,-0.0060087217,-0.0030392769,-0.045013598,-0.0036480298,-0.003970342,-0.0023506783,-0.0038334611,0.094587573,0.32414339,0.25452651,-0.3483192,0.05064408,0.18311524,0.18526914,-0.011958934,0.0036480298,0.0,0.057773002
2188.0,1021.1613,10.333333,0.11111111,2.5555556,5.3983,12.2168,50.44032,7683.1982,89.349,173.879,64.3741,10.0,2.3333333,6.0,0.066,10.333333,0.0,0.0,2.2441,727.06233,0.26890703378883213,0.46499998546500126,0.004999999955000014,0.11500000211500032,1.0000000005557308,0.9999999997544367,0.19400123076624617,0.7509122218308915,0.9999999999776159,1.0000000000230045,0.999999999937863,0.45000000045000127,0.1049999986050003,0.27000000027000076,0.00903985755375977,0.46499998546500126,0.0,0.0,1.0000000003119283,1.000000000330095,0.0034415376,0.057779632,0.17218924,0.16495905,-0.006092688,-0.0028856059,-0.042709708,-0.0034415376,-0.0038044732,-0.0022334372,-0.0036523522,0.089231417,0.30679427,0.2410253,-0.32968385,0.047776027,0.17310835,0.17521565,-0.011433127,0.0034415376,0.0,0.10600927
2189.0,1021.1613,10.333333,0.11111111,2.5555556,5.3983,12.2168,51.557015,7898.9785,89.349,173.879,64.3741,10.0,2.3333333,6.0,0.066,10.333333,0.0,0.0,2.2441,727.06233,0.268907033788832,0.46499998546500126,0.004999999955000014,0.11500000211500032,1.0000000005557306,0.9999999997544369,0.19829621153541077,0.772001364695946,0.9999999999776161,1.000000000023004,0.9999999999378631,0.45000000045000127,0.1049999986050003,0.27000000027000076,0.00903985755375977,0.46499998546500126,0.0,0.0,1.0000000003119291,1.000000000330095,0.0032467336,0.054507283,0.16285531,0.15599858,-0.0053669341,-0.0026920834,-0.040040643,-0.0032467336,-0.0035157907,-0.0020917757,-0.0033996873,0.084178293,0.29047253,0.22851179,-0.31040033,0.045070221,0.16366011,0.16572005,-0.010671501,0.0032467336,0.0,0.062441224
2190.0,1021.1613,10.333333,0.11111111,2.5555556,5.3983,12.2168,50.44032,7291.0657,89.349,173.879,64.3741,10.0,2.3333333,6.1111111,0.066,10.333333,0.0,0.0,2.2441,727.06233,0.2689070337888321,0.46499998546500126,0.004999999955000014,0.11500000211500032,1.0000000005557304,0.9999999997544367,0.1940012307662462,0.7125874150040783,0.9999999999776148,1.000000000023004,0.9999999999378631,0.45000000045000127,0.1049999986050003,0.2749999997750008,0.00903985755375977,0.46499998546500126,0.0,0.0,1.000000000311929,1.000000000330095,0.0030663929,0.051420046,0.1540464,0.1475237,-0.0055510887,-0.0025914191,-0.037931047,-0.0030663929,-0.003414923,-0.0019836787,-0.0032685153,0.07941105,0.27512482,0.21668416,-0.29363709,0.042517477,0.15473857,0.15675035,-0.010235431,0.0030663929,0.0,0.080651771
2191.0,1021.1613,10.333333,0.11111111,2.5555556,5.3983,12.2168,50.44032,8245.6266,89.349,173.879,64.3741,10.0,2.4444444,6.1111111,0.066,10.333333,0.0,0.0,2.2441,727.06233,0.2689070337888321,0.46499998546500126,0.004999999955000014,0.11500000211500032,1.0000000005557297,0.9999999997544363,0.19400123076624612,0.8058807842018049,0.9999999999776156,1.0000000000230045,0.999999999937863,0.45000000045000127,0.10999999811000032,0.2749999997750008,0.009039857553759774,0.46499998546500126,0.0,0.0,1.0000000003119287,1.000000000330095,0.0028895813,0.048509477,0.14573465,0.13952622,-0.0047212987,-0.0023975069,-0.035693836,-0.0028895813,-0.0031121499,-0.0018648058,-0.0030229996,0.074916084,0.26066185,0.20565218,-0.27690266,0.040110827,0.14631955,0.14828234,-0.0094985819,0.0028895813,0.0,0.063548858
2192.0,1021.1613,10.333333,0.11111111,2.5555556,5.3983,12.2168,50.44032,8151.9327,89.349,173.879,64.3741,10.0,2.4444444,6.2222222,0.063,10.333333,0.0,0.0,2.2441,727.06233,0.26890703378883196,0.46499998546500126,0.004999999955000014,0.11500000211500032,1.0000000005557304,0.9999999997544367,0.19400123076624612,0.7967236737395224,0.9999999999776162,1.0000000000230045,0.9999999999378636,0.45000000045000127,0.10999999811000032,0.2799999992800008,0.008628954937679779,0.46499998546500126,0.0,0.0,1.0000000003119287,1.000000000330095,0.0027260201,0.045763658,0.13788965,0.13197694,-0.0048068619,-0.0022958161,-0.033715302,-0.0027260201,-0.0030381354,-0.0017625156,-0.0029113571,0.070675551,0.24700173,0.19520232,-0.26164841,0.037840403,0.13837609,0.14028843,-0.0090685252,0.0027260201,0.0,0.066845047
2193.0,1021.1613,10.333333,0.11111111,2.5555556,5.3983,12.2168,50.44032,7998.3385,89.349,173.879,64.3741,10.0,2.4444444,6.2222222,0.063,10.333333,0.0,0.0,2.2441,727.06233,0.2689070337888321,0.46499998546500126,0.004999999955000014,0.11500000211500032,1.0000000005557315,0.9999999997544369,0.1940012307662461,0.7817122476406451,0.9999999999776158,1.0000000000230045,0.9999999999378631,0.45000000045000127,0.10999999811000032,0.2799999992800008,0.008628954937679779,0.46499998546500126,0.0,0.0,1.0000000003119294,1.000000000330095,0.0025717171,0.043173262,0.13048544,0.12485093,-0.0043271796,-0.0021195935,-0.031750898,-0.0025717171,-0.0027962726,-0.0016597769,-0.002686816,0.066675048,0.23406853,0.18532981,-0.24684977,0.035698494,0.13089898,0.13274595,-0.0084861718,0.0025717171,0.0,0.063735961
2194.0,1021.1613,10.333333,0.11111111,2.5555556,5.3983,12.2168,50.44032,7861.4401,89.349,173.879,64.3741,10.0,2.4444444,6.3333333,0.063,10.333333,0.0,0.0,2.2441,727.06233,0.26890703378883213,0.46499998546500126,0.004999999955000014,0.11500000211500032,1.0000000005557304,0.9999999997544365,0.1940012307662462,0.7683325743544477,0.9999999999776161,1.0000000000230043,0.9999999999378631,0.45000000045000127,0.10999999811000032,0.28499999878500076,0.00862895493767978,0.46499998546500126,0.0,0.0,1.000000000311929,1.000000000330095,0.0024261482,0.040729493,0.12349694,0.11812408,-0.0040482593,-0.0020515082,-0.029933793,-0.0024261482,-0.0026673159,-0.0015619884,-0.0025821306,0.062900989,0.22180452,0.17586248,-0.23312003,0.033677824,0.12385169,0.12563131,-0.008042708,0.0024261482,0.0,0.047831557
2195.0,1021.1613,10.333333,0.11111111,2.6666667,5.3983,12.2168,50.44032,7759.2181,89.349,173.879,64.3741,10.0,2.4444444,6.3333333,0.063,10.333333,0.0,0.0,2.2441,727.06233,0.268907033788832,0.46499998546500126,0.004999999955000014,0.12000000162000034,1.0000000005557306,0.9999999997544369,0.19400123076624617,0.7583419757597123,0.9999999999776156,1.0000000000230045,0.9999999999378638,0.45000000045000127,0.10999999811000032,0.28499999878500076,0.008628954937679775,0.46499998546500126,0.0,0.0,1.0000000003119294,1.000000000330095,0.002288819,0.03842405,0.11690093,0.11177405,-0.004056219,-0.0019219926,-0.028238275,-0.002288819,-0.0025102715,-0.0014794364,-0.0024253529,0.059340556,0.2101501,0.16689235,-0.22015903,0.031771532,0.11721343,0.11892374,-0.0076304661,0.002288819,0.0,0.073061233
2196.0,1021.1613,10.333333,0.11111111,2.6666667,5.3983,12.2168,52.141315,7821.0073,89.349,173.879,64.3741,10.111111,2.5555556,6.3333333,0.063,10.444444,0.0,0.0,2.2441,727.06233,0.26890703378883213,0.46499998546500126,0.004999999955000014,0.12000000162000034,1.0000000005557306,0.9999999997544368,0.200543519227684,0.7643809017706471,0.9999999999776158,1.0000000000230047,0.9999999999378634,0.45499999545500125,0.11500000211500032,0.28499999878500076,0.008628954937679777,0.46999998047000136,0.0,0.0,1.0000000003119287,1.000000000330095,0.0021592632,0.036367389,0.11067497,0.10575057,-0.0035602591,-0.0018250945,-0.026461592,-0.0021592632,-0.0023611832,-0.0013833611,-0.0022989998,0.05622844,0.19910851,0.15835279,-0.20742296,0.030069474,0.1109554,0.11259446,-0.0071708528,0.0021592632,0.0,0.035167803
2197.0,1021.1613,10.444444,0.11111111,2.6666667,5.3983,12.2168,52.141315,7296.7137,89.349,173.879,64.3741,10.222222,2.5555556,6.4444444,0.063,10.444444,0.0,0.0,2.2441,727.06233,0.2689070337888321,0.46999998047000136,0.004999999955000014,0.12000000162000034,1.0000000005557306,0.9999999997544363,0.20054351922768393,0.7131394184951396,0.9999999999776158,1.000000000023004,0.9999999999378634,0.4599999904600013,0.11500000211500032,0.28999999829000084,0.008628954937679779,0.46999998047000136,0.0,0.0,1.0000000003119291,1.000000000330095,0.0020370408,0.03452751,0.10479773,0.10005879,-0.0036681498,-0.0017459203,-0.025097527,-0.0020370408,-0.0022595567,-0.0013151784,-0.002195344,0.053483516,0.18864634,0.15031593,-0.19647136,0.028545871,0.10505569,0.10662154,-0.0068604727,0.0020370408,0.0,0.061072581
2198.0,1021.1613,10.555556,0.22222222,2.6666667,5.3983,12.2168,52.141315,7948.0237,89.349,173.879,64.3741,10.333333,2.5555556,6.4444444,0.063,10.555556,0.0,0.0,2.2441,727.06233,0.2689070337888321,0.47500002047500134,0.009999999910000027,0.12000000162000034,1.0000000005557306,0.9999999997544369,0.20054351922768407,0.7767947644161473,0.9999999999776158,1.0000000000230045,0.9999999999378634,0.46499998546500126,0.11500000211500032,0.28999999829000084,0.008628954937679777,0.47500002047500134,0.0,0.0,1.0000000003119296,1.000000000330095,0.0019217366,0.032879234,0.099249834,0.094698036,-0.0031014388,-0.0016114958,-0.023542086,-0.0019217366,-0.0020607294,-0.0012321216,-0.002019444,0.051042302,0.17870238,0.14266395,-0.18514394,0.027180516,0.099499732,0.10098808,-0.0063262331,0.0019217366,0.0,0.034878946
2199.0,1021.1613,10.777778,0.22222222,2.6666667,5.3983,12.2168,52.141315,7630.317,89.349,173.879,64.3741,10.444444,2.5555556,6.5555555,0.06,10.777778,0.0,0.0,2.2441,727.06233,0.26890703378883213,0.48500001048500135,0.009999999910000027,0.12000000162000034,1.0000000005557301,0.9999999997544363,0.20054351922768401,0.7457439132240531,0.9999999999776154,1.0000000000230045,0.999999999937863,0.46999998047000136,0.11500000211500032,0.2949999977950008,0.008218052321599792,0.48500001048500135,0.0,0.0,1.0000000003119294,1.000000000330095,0.0018129591,0.031383478,0.094012274,0.089651557,-0.003324371,-0.0015638412,-0.022285295,-0.0018129591,-0.0020539736,-0.0011712498,-0.0019830264,0.048814778,0.16925938,0.13531989,-0.17530338,0.025941814,0.094266289,0.095672975,-0.0061411036,0.0018129591,0.0,0.052636786
2200.0,1021.1613,10.888889,0.22222222,2.6666667,5.3983,12.2168,52.141315,7644.67,89.349,173.879,64.3741,10.666667,2.5555556,6.5555555,0.06,10.888889,0.0,0.0,2.2441,727.06233,0.268907033788832,0.49000000549000144,0.009999999910000027,0.12000000162000034,1.0000000005557304,0.9999999997544367,0.20054351922768401,0.7471466940503955,0.9999999999776168,1.0000000000230052,0.9999999999378636,0.4800000154800014,0.11500000211500032,0.2949999977950008,0.00821805232159979,0.49000000549000144,0.0,0.0,1.000000000311929,1.000000000330095,0.0017103387,0.030035972,0.089067915,0.084876667,-0.0028468182,-0.0014270948,-0.020914743,-0.0017103387,-0.0018340929,-0.0010963428,-0.0017793514,0.046788267,0.16026947,0.12837392,-0.16528813,0.024826323,0.08933929,0.090661036,-0.0056552814,0.0017103387,0.0,0.033505025
2201.0,1021.1613,11.111111,0.22222222,2.7777778,5.3983,12.2168,52.141315,7516.9442,89.349,173.879,64.3741,10.777778,2.5555556,6.6666667,0.06,11.111111,0.0,0.0,2.2441,727.06233,0.2689070337888321,0.4999999955000014,0.009999999910000027,0.12500000112500034,1.000000000555731,0.9999999997544368,0.20054351922768393,0.7346634986717943,0.9999999999776159,1.0000000000230052,0.9999999999378634,0.48500001048500135,0.11500000211500032,0.30000000180000086,0.008218052321599788,0.4999999955000014,0.0,0.0,1.0000000003119294,1.000000000330095,0.0016135271,0.028641316,0.084400458,0.080368323,-0.0027614533,-0.0013790126,-0.019785072,-0.0016135271,-0.0017794992,-0.0010343861,-0.0017252713,0.04455078,0.15171196,0.12168653,-0.15647218,0.023675044,0.084703016,0.085934569,-0.0054073066,0.0016135271,0.0,0.038304341
2202.0,1021.1613,11.222222,0.22222222,2.7777778,5.3983,12.2168,52.141315,7371.3233,89.349,173.879,64.3741,10.888889,2.6666667,6.6666667,0.06,11.222222,0.0,0.0,2.2441,727.06233,0.26890703378883213,0.5049999905050014,0.009999999910000027,0.12500000112500034,1.000000000555731,0.9999999997544361,0.20054351922768393,0.7204313376995558,0.9999999999776156,1.0000000000230045,0.9999999999378634,0.49000000549000144,0.12000000162000034,0.30000000180000086,0.00821805232159979,0.5049999905050014,0.0,0.0,1.0000000003119285,1.000000000330095,0.0015221954,0.027301103,0.07997281,0.076098227,-0.0026826749,-0.0012852454,-0.01858108,-0.0015221954,-0.0016612146,-0.0009780914,-0.001612115,0.042375848,0.14355074,0.11529744,-0.14766703,0.02256936,0.080322226,0.081459526,-0.0051132236,0.0015221954,0.0,0.047248118
2203.0,1021.1613,11.333333,0.22222222,2.7777778,5.3983,12.2168,52.141315,7562.6779,89.349,173.879,64.3741,11.111111,2.6666667,6.6666667,0.057,11.444444,0.0,0.0,2.2441,727.06233,0.268907033788832,0.5099999855100014,0.009999999910000027,0.12500000112500034,1.0000000005557308,0.9999999997544368,0.20054351922768393,0.7391332511610051,0.9999999999776156,1.000000000023004,0.999999999937863,0.4999999955000014,0.12000000162000034,0.30000000180000086,0.007807149705519802,0.5149999805150015,0.0,0.0,1.000000000311929,1.000000000330095,0.0014360334,0.026079782,0.075752856,0.072025972,-0.0024014827,-0.001254528,-0.017440986,-0.0014360334,-0.0015860482,-0.00091813841,-0.0015625472,0.040432353,0.13577178,0.10918635,-0.13946528,0.021560858,0.076165006,0.077203649,-0.0048643754,0.0014360334,0.0,0.020963944
2204.0,1021.1613,11.555556,0.22222222,2.7777778,5.3983,12.2168,52.141315,7310.1173,89.349,173.879,64.3741,11.222222,2.6666667,6.7777778,0.054,11.555556,0.0,0.0,2.2441,727.06233,0.26890703378883213,0.5200000205200015,0.009999999910000027,0.12500000112500034,1.0000000005557308,0.9999999997544367,0.20054351922768407,0.71444941034938,0.9999999999776151,1.0000000000230043,0.9999999999378631,0.5049999905050014,0.12000000162000034,0.3050000013050009,0.00739624708943981,0.5200000205200015,0.0,0.0,1.000000000311929,1.000000000330095,0.0013547485,0.02483348,0.071712681,0.068124197,-0.0024697593,-0.0011614284,-0.01655675,-0.0013547485,-0.0014944762,-0.00087137652,-0.0014548374,0.038435594,0.12834128,0.10337939,-0.13226316,0.02053195,0.072211787,0.073141306,-0.0046106788,0.0013547485,0.0,0.045037457
2205.0,1021.1613,11.666667,0.22222222,2.7777778,5.3983,12.2168,52.141315,7516.6281,89.349,173.879,64.3741,11.333333,2.6666667,6.7777778,0.054,11.666667,0.0,0.0,2.2441,727.06233,0.2689070337888321,0.5250000155250015,0.009999999910000027,0.12500000112500034,1.0000000005557301,0.9999999997544363,0.200543519227684,0.7346326048503492,0.9999999999776154,1.0000000000230045,0.9999999999378631,0.5099999855100014,0.12000000162000034,0.3050000013050009,0.0073962470894398105,0.5250000155250015,0.0,0.0,1.000000000311929,1.000000000330095,0.0012780646,0.023639836,0.067831132,0.064372199,-0.0020734365,-0.0010788117,-0.015512482,-0.0012780646,-0.0014008928,-0.00081665015,-0.0013706653,0.036572306,0.12123712,0.097812113,-0.12480615,0.019545485,0.068415414,0.069251807,-0.0042946663,0.0012780646,0.0,0.017685204
2206.0,1021.1613,11.666667,0.22222222,2.7777778,5.3983,12.2168,52.141315,7291.0657,89.349,173.879,64.3741,11.333333,2.6666667,6.7777778,0.051,11.777778,0.0,0.0,2.2441,727.06233,0.26890703378883196,0.5250000155250015,0.009999999910000027,0.12500000112500034,1.0000000005557306,0.9999999997544367,0.200543519227684,0.7125874150040786,0.9999999999776161,1.0000000000230045,0.9999999999378631,0.5099999855100014,0.12000000162000034,0.3050000013050009,0.00698534447335982,0.5300000105300015,0.0,0.0,1.000000000311929,1.000000000330095,0.0012436827,0.022416767,0.064087072,0.060749327,-0.0022182489,-0.0010490919,-0.014750845,-0.0012436827,-0.0013790585,-0.00078032792,-0.0013287626,0.034682615,0.11442727,0.092410043,-0.11857707,0.018534195,0.064787746,0.06551597,-0.0041675535,0.0012436827,0.0,0.043983076
2207.0,1021.1613,11.777778,0.22222222,2.7777778,5.3983,12.2168,52.141315,7240.9798,89.349,173.879,64.3741,11.444444,2.6666667,6.7777778,0.051,11.777778,0.0,0.0,2.2441,727.06233,0.2689070337888321,0.5300000105300015,0.009999999910000027,0.12500000112500034,1.0000000005557304,0.9999999997544368,0.20054351922768393,0.7076923031675257,0.9999999999776155,1.0000000000230052,0.999999999937863,0.5149999805150015,0.12000000162000034,0.3050000013050009,0.0069853444733598185,0.5300000105300015,0.0,0.0,1.0000000003119294,1.000000000330095,0.0012058785,0.02123662,0.06051717,0.057292665,-0.0018925905,-0.00095852916,-0.013845108,-0.0012058785,-0.0012244383,-0.00072927821,-0.0011885235,0.032862303,0.10793004,0.087248428,-0.11196195,0.017558295,0.061351399,0.061963079,-0.0038065155,0.0012058785,0.0,0.009501401
2208.0,1021.1613,11.777778,0.22222222,2.7777778,5.3983,12.2168,50.44032,7191.8866,89.349,173.879,64.3741,11.444444,2.6666667,6.7777778,0.045,11.777778,0.0,0.0,2.2441,727.06233,0.2689070337888321,0.5300000105300015,0.009999999910000027,0.12500000112500034,1.0000000005557301,0.9999999997544367,0.1940012307662462,0.7028942121995257,0.9999999999776156,1.0000000000230043,0.9999999999378634,0.5149999805150015,0.12000000162000034,0.3050000013050009,0.006163539241199844,0.5300000105300015,0.0,0.0,1.000000000311929,1.000000000330095,0.0011663997,0.020058895,0.057131023,0.054012241,-0.0019301199,-0.00094398027,-0.013278178,-0.0011663997,-0.0012253013,-0.00069882903,-0.0011878234,0.031010239,0.10176202,0.082304733,-0.10678063,0.016585263,0.058101754,0.058597942,-0.0037174793,0.0011663997,0.0,0.041550972
2209.0,1053.4184,11.777778,0.22222222,2.7777778,5.3983,12.2168,50.44032,7176.5838,89.349,173.879,64.3741,11.444444,2.6666667,6.7777778,0.045,11.777778,0.0,0.0,2.2441,727.06233,0.2774014421449161,0.5300000105300015,0.009999999910000027,0.12500000112500034,1.0000000005557304,0.9999999997544367,0.19400123076624617,0.7013986033073546,0.9999999999776155,1.0000000000230047,0.9999999999378636,0.5149999805150015,0.12000000162000034,0.3050000013050009,0.0061635392411998405,0.5300000105300015,0.0,0.0,1.0000000003119294,1.000000000330095,0.0011203839,0.018951436,0.053920019,0.050899715,-0.0017911309,-0.00087254557,-0.012489415,-0.0011203839,-0.0011201231,-0.00066323867,-0.0010866754,0.029289638,0.095910284,0.077610425,-0.10094543,0.015669784,0.055033063,0.055412596,-0.0034747159,0.0011203839,0.0,0.023318091
2210.0,1102.184,11.777778,0.22222222,2.7777778,5.3983,12.2168,50.44032,7176.5838,89.349,173.879,64.3741,11.444444,2.6666667,6.7777778,0.036,11.888889,0.0,0.0,2.2441,727.06233,0.29024310863475744,0.5300000105300015,0.009999999910000027,0.12500000112500034,1.0000000005557308,0.9999999997544367,0.19400123076624617,0.7013986033073538,0.9999999999776165,1.0000000000230045,0.9999999999378634,0.5149999805150015,0.12000000162000034,0.3050000013050009,0.004930831392959875,0.5350000055350016,0.0,0.0,1.0000000003119294,1.000000000330095,0.0010785738,0.017891943,0.050892046,0.047963335,-0.0016851971,-0.00085891376,-0.012129852,-0.0010785738,-0.0011108402,-0.00063857718,-0.001084987,0.027631129,0.090384229,0.073138487,-0.096765218,0.014794246,0.052148275,0.052410025,-0.0033607956,0.0010785738,-0.07200999999997748,-0.0
2211.0,1021.1613,11.888889,0.22222222,2.7777778,5.3983,12.2168,48.83627,7204.8114,89.349,173.879,64.3741,11.444444,2.6666667,6.7777778,0.024,11.888889,0.0,0.0,2.2441,727.06233,0.268907033788832,0.5350000055350016,0.009999999910000027,0.12500000112500034,1.0000000005557308,0.9999999997544363,0.18783180768941796,0.7041574088569699,0.9999999999776161,1.000000000023004,0.9999999999378631,0.5149999805150015,0.12000000162000034,0.3050000013050009,0.003287220928639916,0.5350000055350016,0.0,0.0,1.0000000003119291,1.000000000330095,0.00097933164,0.016927173,0.04803994,0.045196315,-0.0017148654,-0.00080086273,-0.011909537,-0.00097933164,-0.0010669595,-0.00062693662,-0.0010211372,0.02614258,0.08517702,0.06896178,-0.093049184,0.013996475,0.04943714,0.04958236,-0.0032171676,0.00097933164,0.0,0.026628007
2212.0,1021.1613,11.888889,0.22222222,2.7777778,5.3983,12.2168,47.320987,7181.3883,89.349,173.879,64.3741,11.555556,2.6666667,6.7777778,0.018,11.888889,0.0,0.0,2.2441,727.06233,0.2689070337888321,0.5350000055350016,0.009999999910000027,0.12500000112500034,1.0000000005557306,0.9999999997544368,0.18200379615104623,0.701868167891771,0.999999999977615,1.0000000000230043,0.9999999999378634,0.5200000205200015,0.12000000162000034,0.3050000013050009,0.002465415696479936,0.5350000055350016,0.0,0.0,1.0000000003119294,1.000000000330095,0.00092389777,0.015999759,0.045333744,0.042569045,-0.0015067548,-0.00077284187,-0.011417083,-0.00092389777,-0.0010133583,-0.00059724871,-0.00097626714,0.024715183,0.080243557,0.065002134,-0.088519037,0.013229523,0.04686866,0.046902711,-0.003046335,0.00092389777,-0.0996300000000474,-0.0
2213.0,1102.184,11.888889,0.22222222,2.7777778,5.3983,12.2168,47.320987,7176.5838,89.349,173.879,64.3741,11.522393,2.5555556,6.7777778,0.012,11.888889,0.0,0.0,2.2441,727.06233,0.2902431086347575,0.5350000055350016,0.009999999910000027,0.12500000112500034,1.0000000005557308,0.9999999997544365,0.18200379615104617,0.7013986033073522,0.9999999999776158,1.0000000000230047,0.999999999937863,0.5185076855185091,0.11500000211500032,0.3050000013050009,0.0016436104643199581,0.5350000055350016,0.0,0.0,1.000000000311929,1.000000000330095,0.00089913582,0.015074577,0.04276277,0.040072127,-0.0015435336,-0.00073831388,-0.011089012,-0.00089913582,-0.00098880391,-0.00057958045,-0.00093865153,0.023280628,0.07556063,0.061238433,-0.084609614,0.012464639,0.044361149,0.044361149,-0.0029162884,0.00089913582,0.0,0.02781146
2214.0,1056.0029,11.888889,0.22222222,2.7777778,5.3983,12.2168,47.320987,7176.5838,89.349,173.879,64.3741,11.555556,2.5555556,6.7777778,0.012,11.888889,0.0,0.0,2.2441,727.06233,0.27808203024478567,0.5350000055350016,0.009999999910000027,0.12500000112500034,1.0000000005557304,0.9999999997544368,0.18200379615104614,0.7013986033073527,0.9999999999776166,1.0000000000230052,0.9999999999378638,0.5200000205200015,0.11500000211500032,0.3050000013050009,0.0016436104643199583,0.5350000055350016,0.0,0.0,1.000000000311929,1.000000000330095,0.00083721602,0.014235692,0.040344105,0.037725402,-0.0013267496,-0.00069499395,-0.010445924,-0.00083721602,-0.00090498043,-0.00054575763,-0.00086950134,0.021992668,0.071134681,0.057683528,-0.079759985,0.011770842,0.041971297,0.041971297,-0.0027084392,0.00083721602,-0.09248000000002321,-0.0
2215.0,1102.184,11.888889,0.22222222,2.6666667,5.3983,12.2168,47.320987,7169.293,89.349,173.879,64.3741,11.444444,2.5555556,6.6666667,0.009,11.888889,0.0,0.0,2.2441,727.06233,0.2902431086347574,0.5350000055350016,0.009999999910000027,0.12000000162000034,1.0000000005557306,0.9999999997544368,0.18200379615104614,0.7006860418603601,0.9999999999776161,1.0000000000230052,0.9999999999378631,0.5149999805150015,0.11500000211500032,0.30000000180000086,0.0012327078482399683,0.5350000055350016,0.0,0.0,1.0000000003119294,1.000000000330095,0.00080675128,0.013409117,0.03805875,0.035502475,-0.0013587867,-0.00066165946,-0.0099180117,-0.00080675128,-0.00088028162,-0.0005169295,-0.00083897127,0.020706399,0.06694845,0.05423673,-0.075452019,0.011087582,0.039714517,0.039714517,-0.0025943519,0.00080675128,0.0,0.05180695
2216.0,1102.184,11.888889,0.22222222,2.6666667,5.3983,12.2168,47.320987,7176.5838,89.349,173.879,64.3741,11.444444,2.5555556,6.6666667,0.018,11.888889,0.0,0.0,2.2441,727.06233,0.2902431086347575,0.5350000055350016,0.009999999910000027,0.12000000162000034,1.0000000005557308,0.9999999997544365,0.18200379615104614,0.701398603307355,0.9999999999776156,1.0000000000230045,0.999999999937863,0.5149999805150015,0.11500000211500032,0.30000000180000086,0.0024654156964799365,0.5350000055350016,0.0,0.0,1.0000000003119287,1.000000000330095,0.00075668072,0.012639658,0.035911592,0.033412876,-0.0012490799,-0.00060695514,-0.0090595999,-0.00075668072,-0.00078861874,-0.00047552224,-0.00076642814,0.019508548,0.063002668,0.050992275,-0.070180472,0.010451567,0.037593354,0.037593354,-0.002405979,0.00075668072,0.0,0.00037040562
2217.0,1102.184,11.888889,0.22222222,2.6666667,5.3983,12.2168,47.320987,7072.6953,89.349,173.879,64.3741,11.444444,2.5555556,6.6666667,0.009,11.888889,0.0,0.0,2.2441,727.06233,0.2902431086347574,0.5350000055350016,0.009999999910000027,0.12000000162000034,1.0000000005557308,0.9999999997544362,0.18200379615104617,0.6912451304530848,0.9999999999776158,1.000000000023004,0.9999999999378631,0.5149999805150015,0.11500000211500032,0.30000000180000086,0.0012327078482399683,0.5350000055350016,0.0,0.0,1.000000000311929,1.000000000330095,0.00071800577,0.011910801,0.033886191,0.031440401,-0.0011930407,-0.00059183557,-0.0088415153,-0.00071800577,-0.00079213139,-0.00046187744,-0.00076389764,0.018377847,0.059284877,0.047957552,-0.067254873,0.0098490331,0.035591348,0.035591348,-0.0023483384,0.00071800577,0.0,0.013932334
2218.0,1055.6173,11.888889,0.22222222,2.6666667,5.3983,12.2168,45.887184,7176.5838,89.349,173.879,64.3741,11.444444,2.5555556,6.6666667,0.009,11.888889,0.0,0.0,2.2441,727.06233,0.2779804884489607,0.5350000055350016,0.009999999910000027,0.12000000162000034,1.000000000555731,0.9999999997544365,0.17648916922805408,0.7013986033073532,0.9999999999776156,1.0000000000230045,0.9999999999378636,0.5149999805150015,0.11500000211500032,0.30000000180000086,0.001232707848239968,0.5350000055350016,0.0,0.0,1.0000000003119294,1.000000000330095,0.0006631535,0.011248208,0.031978126,0.029580937,-0.0011619221,-0.00054501528,-0.0083743733,-0.0006631535,-0.00072836891,-0.00043829523,-0.00069618809,0.017367098,0.055784944,0.045143271,-0.063512629,0.0093008548,0.033703657,0.033703657,-0.002186797,0.0006631535,0.0,0.022999628
2219.0,1102.184,11.888889,0.22222222,2.6666667,5.3983,12.2168,45.887184,7176.5838,89.349,173.879,64.3741,11.444444,2.5555556,6.5555555,0.009,11.888889,0.0,0.0,2.2441,727.06233,0.2902431086347574,0.5350000055350016,0.009999999910000027,0.12000000162000034,1.0000000005557301,0.9999999997544363,0.17648916922805402,0.7013986033073548,0.9999999999776155,1.0000000000230045,0.9999999999378631,0.5149999805150015,0.11500000211500032,0.2949999977950008,0.001232707848239968,0.5350000055350016,0.0,0.0,1.0000000003119287,1.000000000330095,0.00063256581,0.010621342,0.030178121,0.027814542,-0.0010092589,-0.00053070196,-0.0079028452,-0.00063256581,-0.0006958856,-0.00041066223,-0.00066596008,0.016407307,0.052486996,0.04248003,-0.059902892,0.0087823283,0.031921079,0.031921079,-0.0020514438,0.00063256581,-0.11721999999997479,-0.0
2220.0,1102.184,11.888889,0.22222222,2.6666667,5.3983,12.2168,45.887184,7176.5838,89.349,173.879,64.3741,11.444444,2.5555556,6.5555555,0.006,11.888889,0.0,0.0,2.2441,727.06233,0.29024310863475733,0.5350000055350016,0.009999999910000027,0.12000000162000034,1.0000000005557306,0.9999999997544369,0.17648916922805408,0.7013986033073529,0.9999999999776159,1.0000000000230047,0.9999999999378631,0.5149999805150015,0.11500000211500032,0.2949999977950008,0.0008218052321599788,0.5350000055350016,0.0,0.0,1.0000000003119291,1.000000000330095,0.00059211683,0.010005084,0.028479164,0.026144014,-0.0010120266,-0.0004918968,-0.0075821363,-0.00059211683,-0.00065951243,-0.00039560125,-0.00063007364,0.015453024,0.049377431,0.039944631,-0.056864374,0.0082728191,0.030237481,0.030237481,-0.0019512796,0.00059211683,0.0,0.028271664
2221.0,1102.184,11.777778,0.22222222,2.6666667,5.3983,12.2168,45.887184,7164.4987,89.349,173.879,64.3741,11.444444,2.5555556,6.5555555,0.009,11.888889,0.0,0.0,2.2441,727.06233,0.2902431086347574,0.5300000105300015,0.009999999910000027,0.12000000162000034,1.0000000005557304,0.9999999997544368,0.1764891692280541,0.7002174741660985,0.9999999999776151,1.0000000000230045,0.9999999999378626,0.5149999805150015,0.11500000211500032,0.2949999977950008,0.001232707848239968,0.5350000055350016,0.0,0.0,1.0000000003119287,1.000000000330095,0.00056872782,0.009425545,0.026878063,0.024572636,-0.00092446769,-0.00046026319,-0.0070208541,-0.00056872782,-0.00061284298,-0.00036645966,-0.0005785555,0.014556186,0.046444013,0.037516165,-0.053157619,0.0077936729,0.028649196,0.028649196,-0.0018097658,0.00056872782,-0.01634999999998854,-0.0
2222.0,1102.184,11.777778,0.22222222,2.5555556,5.3983,12.2168,45.887184,7050.8017,89.349,173.879,64.3741,11.444444,2.4444444,6.4444444,0.006,11.777778,0.0,0.0,2.2441,727.06233,0.2902431086347574,0.5300000105300015,0.009999999910000027,0.11500000211500032,1.0000000005557301,0.9999999997544362,0.17648916922805408,0.6891053741443277,0.9999999999776158,1.000000000023005,0.9999999999378634,0.5149999805150015,0.10999999811000032,0.28999999829000084,0.0008218052321599795,0.5300000105300015,0.0,0.0,1.0000000003119285,1.000000000330095,0.00053653568,0.0088659712,0.025374597,0.02309931,-0.00092231857,-0.00043871099,-0.0067081186,-0.00053653568,-0.00058528238,-0.00034907246,-0.00056220974,0.0136787,0.043684389,0.03522989,-0.050398062,0.0073312818,0.027156038,0.027156038,-0.0017502797,0.00053653568,0.0,0.029248366
2223.0,1102.184,11.777778,0.22222222,2.5555556,5.3983,12.2168,47.320987,7176.5838,89.349,173.879,64.3741,11.333333,2.4444444,6.4444444,0.015,11.777778,0.0,0.0,2.2441,727.06233,0.2902431086347573,0.5300000105300015,0.009999999910000027,0.11500000211500032,1.0000000005557306,0.9999999997544365,0.18200379615104617,0.701398603307355,0.9999999999776158,1.0000000000230054,0.9999999999378634,0.5099999855100014,0.10999999811000032,0.28999999829000084,0.0020545130803999475,0.5300000105300015,0.0,0.0,1.0000000003119294,1.000000000330095,0.0004963194,0.0083438917,0.023963606,0.021719515,-0.00083296424,-0.00040517373,-0.006178737,-0.0004963194,-0.00053284111,-0.00032252812,-0.00050857334,0.012860648,0.04108909,0.033077877,-0.046992599,0.0068998676,0.025753277,0.025753277,-0.001613697,0.0004963194,-0.05088999999998123,-0.0
2224.0,1102.184,11.666667,0.22222222,2.5555556,5.3983,12.2168,45.887184,7144.3494,89.349,173.879,64.3741,11.222222,2.4444444,6.4444444,0.009,11.666667,0.0,0.0,2.2441,727.06233,0.29024310863475744,0.5250000155250015,0.009999999910000027,0.11500000211500032,1.0000000005557308,0.9999999997544367,0.17648916922805402,0.6982481958476859,0.9999999999776159,1.000000000023005,0.9999999999378634,0.5049999905050014,0.10999999811000032,0.28999999829000084,0.0012327078482399685,0.5250000155250015,0.0,0.0,1.0000000003119294,1.000000000330095,0.00047751484,0.0078288278,0.022629747,0.020418511,-0.00078834786,-0.00040013288,-0.0059602244,-0.00047751484,-0.00053153724,-0.00031091722,-0.00050615222,0.012051615,0.038652114,0.031055737,-0.044757651,0.0064742994,0.024425742,0.024425742,-0.0015580213,0.00047751484,0.0,0.020896704
2225.0,1023.8225,11.666667,0.22222222,2.5555556,5.3983,12.2168,45.887184,7176.5838,89.349,173.879,64.3741,11.222222,2.4444444,6.3333333,0.012,11.666667,0.0,0.0,2.2441,727.06233,0.2696078196473628,0.5250000155250015,0.009999999910000027,0.11500000211500032,1.000000000555731,0.9999999997544367,0.17648916922805397,0.7013986033073546,0.9999999999776156,1.000000000023004,0.9999999999378631,0.5049999905050014,0.10999999811000032,0.28499999878500076,0.0016436104643199583,0.5250000155250015,0.0,0.0,1.0000000003119291,1.000000000330095,0.00044103495,0.0073615788,0.021374143,0.019197007,-0.000753653,-0.00036480203,-0.0055679836,-0.00044103495,-0.00048301338,-0.00029093295,-0.00046113557,0.011335382,0.036370607,0.029162175,-0.041981911,0.0060878251,0.023173689,0.023173689,-0.0014479877,0.00044103495,-0.017830000000003565,-0.0
2226.0,1102.184,11.555556,0.22222222,2.5555556,5.3983,12.2168,45.887184,7176.5838,89.349,173.879,64.3741,11.222222,2.4444444,6.3333333,0.006,11.555556,0.0,0.0,2.2441,727.06233,0.2902431086347574,0.5200000205200015,0.009999999910000027,0.11500000211500032,1.0000000005557301,0.9999999997544371,0.17648916922805408,0.7013986033073529,0.9999999999776154,1.0000000000230043,0.9999999999378631,0.5049999905050014,0.10999999811000032,0.28499999878500076,0.0008218052321599787,0.5200000205200015,0.0,0.0,1.0000000003119296,1.000000000330095,0.00041707827,0.0069205992,0.020191088,0.018049204,-0.00068314619,-0.00035800281,-0.0053680212,-0.00041707827,-0.00046700171,-0.00027881104,-0.0004506627,0.010662455,0.034224472,0.027380728,-0.039946345,0.005723004,0.021992623,0.021992623,-0.0013791206,0.00041707827,0.0,0.013238276
2227.0,1102.184,11.555556,0.33333333,2.5555556,5.3983,12.2168,45.887184,7176.5838,89.349,173.879,64.3741,11.111111,2.4444444,6.2222222,0.012,11.555556,0.0,0.0,2.2441,727.06233,0.2902431086347575,0.5200000205200015,0.014999999865000042,0.11500000211500032,1.0000000005557301,0.9999999997544363,0.17648916922805402,0.7013986033073536,0.9999999999776156,1.0000000000230047,0.9999999999378634,0.4999999955000014,0.10999999811000032,0.2799999992800008,0.001643610464319957,0.5200000205200015,0.0,0.0,1.0000000003119287,1.000000000330095,0.00039288378,0.0065042394,0.019076809,0.016971029,-0.00067612915,-0.00032237117,-0.0049872941,-0.00039288378,-0.00043270218,-0.00025964292,-0.00040701627,0.010030124,0.032200345,0.025640823,-0.037340514,0.0053784752,0.020879542,0.020879542,-0.0012833895,0.00039288378,0.0,0.015025198
2228.0,1102.184,11.444444,0.33333333,2.5555556,5.3983,12.2168,45.887184,7114.4805,89.349,173.879,64.3741,11.111111,2.4444444,6.2222222,0.015,11.444444,0.0,0.0,2.2441,727.06233,0.2902431086347574,0.5149999805150015,0.014999999865000042,0.11500000211500032,1.0000000005557308,0.9999999997544368,0.17648916922805408,0.6953289789436303,0.9999999999776168,1.0000000000230045,0.9999999999378638,0.4999999955000014,0.10999999811000032,0.2799999992800008,0.002054513080399948,0.5149999805150015,0.0,0.0,1.0000000003119285,1.000000000330095,0.00037823648,0.0061142231,0.018030142,0.01596191,-0.00062205449,-0.00030934567,-0.0046747775,-0.00037823648,-0.00040779057,-0.00024397065,-0.00039247448,0.0094372751,0.030295022,0.023988814,-0.035089841,0.0050557704,0.019832503,0.019832503,-0.0012087279,0.00037823648,-0.005239999999957945,-0.0
2229.0,1102.184,11.333333,0.33333333,2.4444444,5.3983,12.2168,45.887184,7160.3439,89.349,173.879,64.3741,11.0,2.4444444,6.1111111,0.012,11.333333,0.0,0.0,2.2441,727.06233,0.29024310863475733,0.5099999855100014,0.014999999865000042,0.10999999811000032,1.0000000005557304,0.9999999997544371,0.17648916922805402,0.699811407575332,0.9999999999776155,1.000000000023005,0.9999999999378631,0.4950000004950014,0.10999999811000032,0.2749999997750008,0.0016436104643199575,0.5099999855100014,0.0,0.0,1.0000000003119294,1.000000000330095,0.00035682687,0.0057133795,0.017051626,0.015022664,-0.00059496105,-0.00029450694,-0.0044666283,-0.00035682687,-0.00038730818,-0.00023186972,-0.00037411513,0.0088035617,0.028512288,0.022464967,-0.033245841,0.0047246566,0.018850565,0.018850565,-0.001152892,0.00035682687,0.0,0.019246854
2230.0,1065.0609,11.222222,0.33333333,2.4444444,5.3983,12.2168,47.320987,7176.5838,89.349,173.879,64.3741,10.777778,2.4444444,6.1111111,0.021,11.222222,0.0,0.0,2.2441,727.06233,0.28046731444235495,0.5049999905050014,0.014999999865000042,0.10999999811000032,1.0000000005557301,0.9999999997544367,0.18200379615104623,0.7013986033073555,0.9999999999776161,1.0000000000230045,0.999999999937863,0.48500001048500135,0.10999999811000032,0.2749999997750008,0.0028763183125599277,0.5049999905050014,0.0,0.0,1.0000000003119291,1.000000000330095,0.00032956697,0.0053492336,0.016140833,0.014152667,-0.00054368608,-0.00027065225,-0.0041136807,-0.00032956697,-0.00035508447,-0.00021444518,-0.00033684911,0.0082297332,0.026850705,0.021074612,-0.030970209,0.0044238364,0.017932636,0.017932636,-0.0010718012,0.00032956697,0.0,0.00065598703
2231.0,1102.184,11.111111,0.33333333,2.4444444,5.3983,12.2168,45.887184,7176.5838,89.349,173.879,64.3741,10.777778,2.3333333,6.0,0.015,11.222222,0.0,0.0,2.2441,727.06233,0.29024310863475733,0.4999999955000014,0.014999999865000042,0.10999999811000032,1.0000000005557304,0.9999999997544361,0.17648916922805408,0.7013986033073552,0.9999999999776162,1.0000000000230047,0.9999999999378636,0.48500001048500135,0.1049999986050003,0.27000000027000076,0.002054513080399947,0.5049999905050014,0.0,0.0,1.0000000003119294,1.000000000330095,0.00031153375,0.0050209741,0.015286591,0.013340567,-0.00050330815,-0.00026399725,-0.0039646113,-0.00031153375,-0.00034302432,-0.00020544014,-0.00033084288,0.0077233373,0.02529727,0.019753636,-0.029460796,0.0041523988,0.017068558,0.017068558,-0.0010181708,0.00031153375,0.0,0.012773219
2232.0,1021.1613,11.111111,0.33333333,2.4444444,5.3983,12.2168,45.887184,7220.3614,89.349,173.879,64.3741,10.777778,2.3333333,6.0,0.018,11.222222,0.0,0.0,2.2441,727.06233,0.26890703378883213,0.4999999955000014,0.014999999865000042,0.10999999811000032,1.0000000005557308,0.9999999997544365,0.17648916922805408,0.7056771776753077,0.9999999999776156,1.000000000023005,0.9999999999378631,0.48500001048500135,0.1049999986050003,0.27000000027000076,0.0024654156964799357,0.5049999905050014,0.0,0.0,1.0000000003119294,1.000000000330095,0.00028807569,0.0047352067,0.014485654,0.012582654,-0.0005002536,-0.00024127876,-0.003711676,-0.00028807569,-0.00032166561,-0.00019357994,-0.00030960809,0.0072965365,0.023847016,0.01851807,-0.027644718,0.0039157587,0.016255606,0.016255606,-0.00096037109,0.00028807569,-0.06763999999998305,-0.0
2233.0,1021.1613,11.111111,0.33333333,2.4444444,5.3983,12.2168,45.887184,7221.2674,89.349,173.879,64.3741,10.777778,2.3333333,5.8888889,0.015,11.111111,0.0,0.0,2.2441,727.06233,0.26890703378883213,0.4999999955000014,0.014999999865000042,0.10999999811000032,1.000000000555731,0.9999999997544363,0.17648916922805402,0.7057657249775208,0.9999999999776151,1.000000000023004,0.9999999999378634,0.48500001048500135,0.1049999986050003,0.2650000007650008,0.0020545130803999475,0.4999999955000014,0.0,0.0,1.0000000003119285,1.000000000330095,0.00027176952,0.00445957,0.013731505,0.011872397,-0.00046331927,-0.00022667921,-0.0035624056,-0.00027176952,-0.00030565952,-0.00018375749,-0.00029223253,0.00688197,0.02248993,0.017375457,-0.02622609,0.0036875876,0.015488182,0.015488182,-0.0009117152,0.00027176952,0.0,0.0098215207
2234.0,1021.1613,11.111111,0.33333333,2.4444444,5.3983,12.2168,45.905231,7240.9798,89.349,173.879,64.3741,10.777778,2.3333333,5.8888889,0.021,11.111111,0.0,0.0,2.2441,727.06233,0.268907033788832,0.4999999955000014,0.014999999865000042,0.10999999811000032,1.0000000005557308,0.9999999997544371,0.1765585807665145,0.7076923031675258,0.9999999999776158,1.0000000000230045,0.9999999999378631,0.48500001048500135,0.1049999986050003,0.2650000007650008,0.002876318312559927,0.4999999955000014,0.0,0.0,1.0000000003119285,1.000000000330095,0.00025052147,0.0041879418,0.013021399,0.011207087,-0.00043498315,-0.00021029349,-0.0032883847,-0.00025052147,-0.00028401964,-0.00017090099,-0.00027125518,0.0064683457,0.021220619,0.016304249,-0.024435081,0.0034628505,0.014763453,0.014763453,-0.00084703092,0.00025052147,0.0,0.0084803168
2235.0,1021.1613,11.0,0.33333333,2.4444444,5.3983,12.2168,47.320987,7237.9851,89.349,173.879,64.3741,10.555556,2.3333333,5.7777778,0.027,11.0,0.0,0.0,2.2441,727.06233,0.26890703378883213,0.4950000004950014,0.014999999865000042,0.10999999811000032,1.0000000005557306,0.9999999997544363,0.18200379615104614,0.7073996181720091,0.999999999977615,1.0000000000230047,0.999999999937863,0.47500002047500134,0.1049999986050003,0.2600000012600007,0.003698123544719904,0.4950000004950014,0.0,0.0,1.0000000003119287,1.000000000330095,0.00024187391,0.0039190417,0.012356614,0.010587963,-0.00040941303,-0.00020192828,-0.0030682496,-0.00024187391,-0.0002571254,-0.00015820715,-0.00024712658,0.0060456249,0.020032685,0.015298601,-0.022891102,0.0032406816,0.014082261,0.014082261,-0.00078099734,0.00024187391,0.0,0.0031947927
2236.0,1021.1613,10.888889,0.33333333,2.5555556,5.3983,12.2168,47.320987,7176.5838,89.349,173.879,64.3741,10.544616,2.4444444,5.7777778,0.027,10.888889,0.0,0.0,2.2441,727.06233,0.2689070337888321,0.49000000549000144,0.014999999865000042,0.11500000211500032,1.00000000055573,0.9999999997544362,0.18200379615104617,0.7013986033073545,0.9999999999776158,1.0000000000230047,0.9999999999378634,0.47450772047450906,0.10999999811000032,0.2600000012600007,0.003698123544719906,0.49000000549000144,0.0,0.0,1.000000000311929,1.000000000330095,0.00022825037,0.0036724448,0.011737229,0.010015125,-0.00037921168,-0.00019083468,-0.002884592,-0.00022825037,-0.00024946585,-0.00014940876,-0.00023906243,0.0056563681,0.018933921,0.014367075,-0.021524814,0.0030369744,0.013443162,0.013443162,-0.00075448897,0.00022825037,0.0,0.011063659
2237.0,1021.1613,10.777778,0.44444444,2.5555556,5.3983,12.2168,47.461369,7185.9218,89.349,173.879,64.3741,10.444444,2.4444444,5.7777778,0.036,10.777778,0.0,0.0,2.2441,727.06233,0.26890703378883196,0.48500001048500135,0.019999999820000055,0.11500000211500032,1.0000000005557304,0.9999999997544369,0.18254372692026855,0.7023112464729913,0.9999999999776165,1.0000000000230045,0.9999999999378636,0.46999998047000136,0.10999999811000032,0.2600000012600007,0.004930831392959873,0.48500001048500135,0.0,0.0,1.0000000003119294,1.000000000330095,0.00021526692,0.0034448378,0.011158557,0.0094839091,-0.00036963346,-0.00017789224,-0.0026547992,-0.00021526692,-0.00023189183,-0.00013832501,-0.00021638258,0.005297979,0.017920006,0.013506084,-0.020063146,0.0028489341,0.012841667,0.012841667,-0.00070868534,0.00021526692,0.0,0.0019649266
2238.0,1021.1613,10.777778,0.44444444,2.5555556,5.3983,12.2168,47.320987,7178.3297,89.349,173.879,64.3741,10.333333,2.4444444,5.7777778,0.033,10.777778,0.11111111,0.0,2.2441,727.06233,0.26890703378883213,0.48500001048500135,0.019999999820000055,0.11500000211500032,1.000000000555731,0.9999999997544368,0.18200379615104623,0.7015692376726248,0.9999999999776156,1.0000000000230045,0.999999999937863,0.46499998546500126,0.10999999811000032,0.2600000012600007,0.0045199287768798845,0.48500001048500135,0.004999999955000014,0.0,1.0000000003119291,1.000000000330095,0.000203082,0.0032315021,0.010614579,0.0089882892,-0.00033857319,-0.00016724126,-0.0025259948,-0.000203082,-0.00021977729,-0.0001311534,-0.00021434211,0.0049673645,0.016981053,0.012706438,-0.018982186,0.00267256,0.012272822,0.012272822,-0.00066948895,0.000203082,0.0,0.0091405559
2239.0,1021.1613,10.666667,0.44444444,2.5555556,5.3983,12.2168,48.83627,7291.0657,89.349,173.879,64.3741,10.222222,2.4444444,5.7777778,0.036,10.666667,0.11111111,0.0,2.2441,727.06233,0.2689070337888321,0.4800000154800014,0.019999999820000055,0.11500000211500032,1.0000000005557306,0.9999999997544365,0.187831807689418,0.7125874150040798,0.9999999999776156,1.0000000000230045,0.9999999999378631,0.4599999904600013,0.10999999811000032,0.2600000012600007,0.004930831392959875,0.4800000154800014,0.004999999955000014,0.0,1.000000000311929,1.000000000330095,0.00017869431,0.0030327618,0.010104354,0.0085273721,-0.00034403908,-0.0001585856,-0.0023540695,-0.00017869431,-0.00021055672,-0.00012287534,-0.00019599021,0.00466336,0.016108877,0.011960559,-0.017785324,0.0025081641,0.011736054,0.011736054,-0.00062056262,0.00017869431,-0.05593999999996413,-0.0
2240.0,1021.1613,10.555556,0.44444444,2.5555556,5.3983,12.2168,47.320987,7291.0657,89.349,173.879,64.3741,10.222222,2.4444444,5.6666667,0.033,10.555556,0.11111111,0.0,2.2441,727.06233,0.2689070337888321,0.47500002047500134,0.019999999820000055,0.11500000211500032,1.0000000005557308,0.9999999997544369,0.1820037961510461,0.7125874150040789,0.999999999977615,1.0000000000230045,0.9999999999378634,0.4599999904600013,0.10999999811000032,0.25500000175500076,0.004519928776879882,0.47500002047500134,0.004999999955000014,0.0,1.0000000003119294,1.000000000330095,0.00016955783,0.0028423024,0.0096203717,0.0080936604,-0.00030207612,-0.00014600085,-0.0022679923,-0.00016955783,-0.00018953815,-0.00011696731,-0.00017933038,0.0043755482,0.015293471,0.01125933,-0.016904322,0.0023505311,0.011224306,0.011224306,-0.00058029743,0.00016955783,0.0,0.0057703204
2241.0,1021.1613,10.333333,0.55555556,2.6666667,5.3983,12.2168,47.320987,7281.9449,89.349,173.879,64.3741,10.0,2.5555556,5.6666667,0.036,10.333333,0.11111111,0.0,2.2441,727.06233,0.2689070337888321,0.46499998546500126,0.02500000022500007,0.12000000162000034,1.0000000005557306,0.9999999997544363,0.18200379615104614,0.711695999734736,0.9999999999776162,1.0000000000230045,0.9999999999378631,0.45000000045000127,0.11500000211500032,0.25500000175500076,0.004930831392959872,0.46499998546500126,0.004999999955000014,0.0,1.000000000311928,1.000000000330095,0.0001636911,0.0026357435,0.0091647006,0.0076982291,-0.00028656201,-0.00013850001,-0.002107111,-0.0001636911,-0.0001791409,-0.00010824844,-0.00016585233,0.004047425,0.014533372,0.010601971,-0.015815421,0.0021799419,0.01073898,0.01073898,-0.00054402916,0.0001636911,0.0,0.0029525892
2242.0,1021.1613,10.111111,0.55555555,2.6666667,5.3983,12.2168,48.83627,7205.2787,89.349,173.879,64.3741,9.6666667,2.5555556,5.6666667,0.042,10.111111,0.22222222,0.0,2.2441,727.06233,0.268907033788832,0.45499999545500125,0.02499999977500007,0.12000000162000034,1.0000000005557306,0.9999999997544369,0.18783180768941804,0.704203080108982,0.9999999999776165,1.0000000000230045,0.9999999999378634,0.43500000193500127,0.11500000211500032,0.25500000175500076,0.005752636625119854,0.45499999545500125,0.009999999910000027,0.0,1.000000000311929,1.000000000330095,0.00016085996,0.0024396625,0.0087376705,0.0073326733,-0.00026796837,-0.00013047843,-0.0019676934,-0.00016085996,-0.00016764715,-0.00010155382,-0.00016250579,0.0037372878,0.013824714,0.0099863412,-0.014836981,0.0020179868,0.010279959,0.010279959,-0.00052643311,0.00016085996,0.0,0.0046642302
2243.0,1021.1613,10.0,0.55555556,2.7777778,5.3983,12.2168,50.418976,7240.9798,89.349,173.879,64.3741,9.5555555,2.6666667,5.6666667,0.048,10.0,0.22222222,0.0,2.2441,727.06233,0.26890703378883213,0.45000000045000127,0.02500000022500007,0.12500000112500034,1.0000000005557306,0.9999999997544369,0.19391913845855513,0.707692303167526,0.9999999999776159,1.0000000000230047,0.9999999999378628,0.42999999793000127,0.12000000162000034,0.25500000175500076,0.006574441857279832,0.45000000045000127,0.009999999910000027,0.0,1.0000000003119296,1.000000000330095,0.0001497348,0.0022743965,0.0083415017,0.0069991102,-0.00025939946,-0.00012813403,-0.0017966675,-0.0001497348,-0.00016244575,-9.3520289e-05,-0.00015284272,0.0034853462,0.013168819,0.0094149166,-0.013792344,0.0018812609,0.009848972,0.009848972,-0.00049126211,0.0001497348,0.0,0.0095290458
2244.0,1021.1613,9.8888889,0.66666667,2.7777778,5.3983,12.2168,50.44032,7278.9542,89.349,173.879,64.3741,9.5555555,2.6666667,5.6666667,0.057,9.8888889,0.33333333,0.0,2.2441,727.06233,0.26890703378883213,0.44500000094500125,0.030000000180000087,0.12500000112500034,1.0000000005557306,0.9999999997544363,0.1940012307662462,0.7114037056765365,0.9999999999776156,1.000000000023004,0.9999999999378634,0.42999999793000127,0.12000000162000034,0.25500000175500076,0.007807149705519803,0.44500000094500125,0.014999999865000042,0.0,1.0000000003119294,1.000000000330095,0.0001374382,0.002139081,0.0079730462,0.0066945007,-0.00024319048,-0.00011308683,-0.0016410387,-0.0001374382,-0.00014429044,-8.5350106e-05,-0.00013474032,0.003289141,0.012561738,0.0088857147,-0.012833078,0.0017690672,0.0094428621,0.0094428621,-0.00044881595,0.0001374382,-0.07417999999995573,-0.0
2245.0,1021.1613,9.8888889,0.66666667,2.8888889,5.3983,12.2168,48.83627,7511.8497,89.349,173.879,64.3741,9.5555555,2.7777778,5.6666667,0.048,9.8888889,0.33333333,0.0,2.2441,727.06233,0.26890703378883196,0.44500000094500125,0.030000000180000087,0.13000000063000036,1.0000000005557304,0.9999999997544367,0.18783180768941804,0.7341655911319209,0.9999999999776165,1.0000000000230052,0.9999999999378638,0.42999999793000127,0.12500000112500034,0.25500000175500076,0.006574441857279832,0.44500000094500125,0.014999999865000042,0.0,1.0000000003119291,1.000000000330095,0.00012425624,0.0020052643,0.0076284515,0.0064150365,-0.00022126055,-0.00010962355,-0.001605882,-0.00012425624,-0.00013979773,-8.2776955e-05,-0.00013261473,0.0030892225,0.011997788,0.0083985207,-0.012315665,0.0016582603,0.0090581512,0.0090581512,-0.00042981371,0.00012425624,0.0,0.0028845059
2246.0,1021.1613,9.7777778,0.66666667,3.0,5.3983,12.2168,48.83627,7642.6468,89.349,173.879,64.3741,9.4444444,2.7777778,5.6666667,0.045,9.7777778,0.33333333,0.0,2.2441,727.06233,0.26890703378883213,0.4400000014400013,0.030000000180000087,0.13500000013500038,1.000000000555731,0.9999999997544367,0.18783180768941796,0.7469489579556532,0.9999999999776165,1.0000000000230045,0.9999999999378631,0.4249999984250012,0.12500000112500034,0.25500000175500076,0.006163539241199839,0.4400000014400013,0.014999999865000042,0.0,1.0000000003119291,1.000000000330095,0.00011722286,0.0018794408,0.0073031554,0.0061576965,-0.00022484557,-0.00010515065,-0.0015295325,-0.00011722286,-0.00013519365,-7.9711899e-05,-0.00013109064,0.0029036002,0.011470482,0.0079319676,-0.011670215,0.0015540236,0.0086909268,0.0086909268,-0.00042342556,0.00011722286,0.0,0.00036594984
2247.0,1021.1613,9.7777778,0.77777778,3.1111111,5.3983,12.2168,48.83627,7557.9379,89.349,173.879,64.3741,9.5555555,2.8888889,5.6666667,0.042,9.7777778,0.44444444,0.0,2.2441,727.06233,0.2689070337888321,0.4400000014400013,0.0350000001350001,0.1399999996400004,1.000000000555731,0.9999999997544362,0.18783180768941796,0.7386699904408166,0.9999999999776156,1.0000000000230043,0.9999999999378631,0.42999999793000127,0.13000000063000036,0.25500000175500076,0.005752636625119855,0.4400000014400013,0.019999999820000055,0.0,1.0000000003119285,1.000000000330095,0.00011058761,0.0017739223,0.0070009541,0.0059261707,-0.0002090507,-0.00010182119,-0.0014536204,-0.00011058761,-0.00012431202,-7.4471511e-05,-0.0001157732,0.0027495074,0.010979581,0.0074945558,-0.011040115,0.0014665681,0.0083443402,0.0083443402,-0.00038702982,0.00011058761,0.0,0.0032843343
2248.0,1021.1613,9.7777778,0.77777778,3.2222222,5.3983,12.2168,50.44032,7646.8919,89.349,173.879,64.3741,9.5555555,3.0,5.7777778,0.051,9.8888889,0.44444444,0.0,2.2441,727.06233,0.268907033788832,0.4400000014400013,0.0350000001350001,0.14499999914500042,1.0000000005557308,0.9999999997544371,0.1940012307662462,0.7473638499563424,0.9999999999776158,1.0000000000230043,0.999999999937863,0.42999999793000127,0.13500000013500038,0.2600000012600007,0.00698534447335982,0.44500000094500125,0.019999999820000055,0.0,1.0000000003119285,1.000000000330095,0.00010432793,0.0016801583,0.0067212782,0.0057192535,-0.00019947027,-9.3578591e-05,-0.0013250211,-0.00010432793,-0.00011326998,-6.8286479e-05,-0.00011110929,0.0026071138,0.010523293,0.0070849164,-0.010256044,0.0013889732,0.0080177353,0.0080177353,-0.00037265341,0.00010432793,0.0,0.0048473427
2249.0,1021.1613,9.8888889,0.88888889,3.3333333,5.3983,12.2168,52.141315,8181.2786,89.349,173.879,64.3741,9.6666667,3.0,5.7777778,0.063,9.8888889,0.55555556,0.0,2.2441,727.06233,0.26890703378883213,0.44500000094500125,0.04000000009000011,0.14999999865000044,1.0000000005557308,0.9999999997544368,0.20054351922768393,0.7995917755894285,0.9999999999776151,1.0000000000230047,0.999999999937863,0.43500000193500127,0.13500000013500038,0.2600000012600007,0.008628954937679777,0.44500000094500125,0.02500000022500007,0.0,1.0000000003119287,1.000000000330095,9.8422577e-05,0.0015951917,0.0064607003,0.0055347805,-0.00018242897,-8.7080665e-05,-0.0011946452,-9.8422577e-05,-0.00010418322,-6.183419e-05,-9.7137934e-05,0.0024749321,0.010098073,0.0067006526,-0.0094952571,0.0013187423,0.0077083226,0.0077083226,-0.00033620888,9.8422577e-05,0.0,0.0043388908
2250.0,1021.1613,10.0,0.88888889,3.5555556,5.3983,12.2168,52.141315,7668.0727,89.349,173.879,64.3741,9.7777778,3.1111111,5.7777778,0.066,10.0,0.55555555,0.0,2.2441,727.06233,0.2689070337888321,0.45000000045000127,0.04000000009000011,0.16000000216000046,1.0000000005557301,0.9999999997544365,0.20054351922768401,0.7494339412352791,0.9999999999776156,1.0000000000230045,0.9999999999378631,0.4400000014400013,0.1399999996400004,0.2600000012600007,0.00903985755375977,0.45000000045000127,0.02499999977500007,0.0,1.000000000311929,1.000000000330095,9.2851488e-05,0.0015158366,0.0062154789,0.0053680103,-0.00016286566,-8.3063036e-05,-0.0011032006,-9.2851488e-05,-9.9703301e-05,-5.7701145e-05,-9.8735356e-05,0.0023514167,0.0097009096,0.0063170451,-0.0089074428,0.0012531508,0.0074129832,0.0074129832,-0.00033117752,9.2851488e-05,0.0,0.0011291221
2251.0,939.09786,10.111111,1.0,3.7777778,5.3983,12.2168,52.141315,8389.3764,89.349,173.879,64.3741,9.7777778,3.2222222,5.7777778,0.06,10.111111,0.66666667,0.0,2.2441,727.06233,0.24729689616130165,0.45499999545500125,0.04500000004500013,0.17000000117000047,1.0000000005557304,0.9999999997544368,0.20054351922768393,0.8199300744707633,0.9999999999776162,1.0000000000230047,0.9999999999378631,0.4400000014400013,0.14499999914500042,0.2600000012600007,0.008218052321599787,0.45499999545500125,0.030000000180000087,0.0,1.0000000003119291,1.000000000330095,7.8764322e-05,0.0014434661,0.0059868875,0.0052198145,-0.00016870675,-7.8554432e-05,-0.0010513458,-7.8764322e-05,-9.1732335e-05,-5.4692271e-05,-9.1663854e-05,0.0022366856,0.0093297322,0.0059517352,-0.0084700528,0.0011933777,0.0071343116,0.0071343116,-0.00031537741,7.8764322e-05,0.0,0.001693353
2252.0,939.09786,10.222222,1.1111111,3.8888889,5.3983,12.2168,52.141315,8389.3764,89.349,173.879,64.3741,9.8888889,3.3333333,5.7777778,0.06,10.222222,0.66666667,0.0,2.2441,727.06233,0.24729689616130174,0.4599999904600013,0.04999999955000014,0.1750000006750005,1.0000000005557315,0.9999999997544368,0.200543519227684,0.8199300744707649,0.9999999999776156,1.0000000000230045,0.9999999999378636,0.44500000094500125,0.14999999865000044,0.2600000012600007,0.00821805232159979,0.4599999904600013,0.030000000180000087,0.0,1.000000000311929,1.000000000330095,7.2914037e-05,0.0013724076,0.0057688343,0.0050879974,-0.00015664313,-7.4793842e-05,-0.00098333517,-7.2914037e-05,-8.6478343e-05,-5.0853789e-05,-8.7241484e-05,0.0021235913,0.0089760149,0.0056095142,-0.0079855182,0.0011347006,0.0068677737,0.0068677737,-0.00028824759,7.2914037e-05,0.0,0.002364044
2253.0,939.09786,10.222222,1.1111111,4.1111111,5.3983,12.2168,53.948473,8324.9803,89.349,173.879,64.3741,10.0,3.4444444,5.6666667,0.063,10.222222,0.77777778,0.0,2.2441,727.06233,0.2472968961613017,0.4599999904600013,0.04999999955000014,0.1849999996850005,1.0000000005557306,0.9999999997544363,0.2074941269198847,0.8136363648371588,0.9999999999776156,1.0000000000230043,0.9999999999378631,0.45000000045000127,0.15499999815500043,0.25500000175500076,0.008628954937679782,0.4599999904600013,0.0350000001350001,0.0,1.000000000311929,1.000000000330095,7.2875869e-05,0.0013003062,0.0055584259,0.0049515234,-0.00015098104,-7.0984665e-05,-0.00090789325,-7.2875869e-05,-8.1025896e-05,-4.741324e-05,-8.1580544e-05,0.0020104713,0.0086369812,0.0052858105,-0.0075030186,0.001075124,0.0066107676,0.0066107676,-0.00027366573,7.2875869e-05,0.0,0.0018579813
2254.0,1021.1613,10.333333,1.2222222,4.3333333,5.3983,12.2168,53.948473,8215.7645,89.349,173.879,64.3741,10.0,3.5555556,5.6666667,0.066,10.333333,0.88888889,0.11111111,2.2441,727.06233,0.268907033788832,0.46499998546500126,0.05499999905500016,0.19499999869500054,1.0000000005557306,0.9999999997544367,0.20749412691988475,0.802962231891188,0.9999999999776156,1.0000000000230047,0.9999999999378634,0.45000000045000127,0.16000000216000046,0.25500000175500076,0.009039857553759766,0.46499998546500126,0.04000000009000011,0.004999999955000014,1.0000000003119291,1.000000000330095,7.3547075e-05,0.0012296409,0.0053575523,0.0048336041,-0.00010152211,-5.9309181e-05,-0.00083738432,-7.3547075e-05,-7.3451926e-05,-4.2900601e-05,-6.9118274e-05,0.0019003979,0.0083146109,0.0049833673,-0.0070452759,0.0010167154,0.0063646482,0.0063646482,-0.00025257431,7.3547075e-05,0.0,0.00097218552
2255.0,1021.1613,10.333333,1.3333333,4.6666667,5.3983,12.2168,55.872216,8273.0793,89.349,173.879,64.3741,10.0,3.7777778,5.7777778,0.072,10.333333,0.88888889,0.11111111,2.2441,727.06233,0.26890703378883213,0.46499998546500126,0.05999999856000017,0.2100000017100006,1.0000000005557306,0.9999999997544363,0.2148931384582324,0.8085638554197584,0.9999999999776162,1.0000000000230043,0.9999999999378634,0.45000000045000127,0.17000000117000047,0.2600000012600007,0.009861662785919751,0.46499998546500126,0.04000000009000011,0.004999999955000014,1.0000000003119283,1.000000000330095,6.6367336e-05,0.0011631712,0.0051684531,0.0047318385,-0.00013079862,-6.3581127e-05,-0.00075848125,-6.6367336e-05,-6.9879464e-05,-3.9631852e-05,-6.5965481e-05,0.0017968051,0.0080127154,0.0047074182,-0.0065798384,0.00096177588,0.0061311005,0.0061311005,-0.00024150078,6.6367336e-05,0.0,0.0063430201
2256.0,1021.1613,10.333333,1.4444444,4.8888889,5.3983,12.2168,60.118453,8257.0067,89.349,173.879,64.3741,10.0,3.8888889,5.7777778,0.081,10.333333,1.0,0.22222222,2.2441,727.06233,0.2689070337888321,0.46499998546500126,0.06499999806500019,0.22000000072000064,1.0000000005557308,0.9999999997544367,0.23122481922721191,0.8069930106410045,0.9999999999776162,1.0000000000230043,0.9999999999378634,0.45000000045000127,0.1750000006750005,0.2600000012600007,0.011094370634159714,0.46499998546500126,0.04500000004500013,0.009999999910000027,1.0000000003119287,1.000000000330095,6.2701201e-05,0.0010988698,0.004988632,0.004637259,-0.00011868891,-5.8525328e-05,-0.00066433452,-6.2701201e-05,-6.0984768e-05,-3.5040201e-05,-6.3752156e-05,0.0016970511,0.0077279597,0.0044541239,-0.0060952021,0.00090861782,0.0059079033,0.0059079033,-0.0002231331,6.2701201e-05,-0.26248999999995704,-0.0
2257.0,1021.1613,10.333333,1.4444444,5.2222222,5.3983,12.2168,55.872216,7948.4958,89.349,173.879,64.3741,10.0,4.0,5.7777778,0.063,10.333333,1.0,0.22222222,2.2441,727.06233,0.26890703378883213,0.46499998546500126,0.06499999806500019,0.23499999923500067,1.0000000005557306,0.9999999997544369,0.21489313845823246,0.7768409047929402,0.9999999999776156,1.000000000023004,0.9999999999378631,0.45000000045000127,0.1800000001800005,0.2600000012600007,0.008628954937679777,0.46499998546500126,0.04500000004500013,0.009999999910000027,1.0000000003119294,1.000000000330095,6.1751543e-05,0.0010366697,0.0048175441,0.0045508629,-0.00011502203,-5.781869e-05,-0.00066429405,-6.1751543e-05,-6.0364175e-05,-3.5265967e-05,-6.3246615e-05,0.0016009915,0.0074597961,0.0042226618,-0.0059437796,0.00085718671,0.0056944228,0.0056944228,-0.00021870254,6.1751543e-05,-0.16753000000005613,-0.0
2258.0,1021.1613,10.333333,1.5555556,5.5555556,5.3983,12.2168,55.872216,8222.9428,89.349,173.879,64.3741,10.0,4.2222222,5.8888889,0.051,10.333333,1.1111111,0.33333333,2.2441,727.06233,0.2689070337888322,0.46499998546500126,0.07000000207000019,0.2500000022500007,1.0000000005557306,0.9999999997544363,0.21489313845823246,0.803663798226151,0.9999999999776159,1.0000000000230045,0.9999999999378634,0.45000000045000127,0.18999999919000055,0.2650000007650008,0.006985344473359823,0.46499998546500126,0.04999999955000014,0.014999999865000042,1.0000000003119291,1.000000000330095,5.8256172e-05,0.00097894381,0.0046561655,0.0044736203,-8.9397871e-05,-4.9097514e-05,-0.00065151481,-5.8256172e-05,-5.8559737e-05,-3.3966242e-05,-6.0597098e-05,0.0015123583,0.007209546,0.0040137546,-0.0057389856,0.00080944325,0.0054912681,0.0054912681,-0.00021196845,5.8256172e-05,-0.10820000000001073,-0.0
2259.0,1021.1613,10.444444,1.6666667,5.8888889,5.3983,12.2168,55.872216,7970.5352,89.349,173.879,64.3741,10.111111,4.3333333,6.0,0.045,10.444444,1.2222222,0.33333333,2.2441,727.06233,0.268907033788832,0.46999998047000136,0.07500000157500021,0.2650000007650008,1.0000000005557301,0.9999999997544368,0.21489313845823246,0.7789949107668881,0.9999999999776168,1.0000000000230052,0.9999999999378636,0.45499999545500125,0.19499999869500054,0.27000000027000076,0.006163539241199842,0.46999998047000136,0.05499999905500016,0.014999999865000042,1.0000000003119287,1.000000000330095,5.4958653e-05,0.00092773395,0.0045039144,0.0044033141,-0.00010931823,-5.3583862e-05,-0.00061856686,-5.4958653e-05,-5.5370175e-05,-3.1979646e-05,-5.808318e-05,0.0014353715,0.0069797175,0.003830972,-0.0054799635,0.00076705083,0.005297351,0.005297351,-0.00020299872,5.4958653e-05,0.0,0.0031197072
2260.0,1021.1613,10.444444,1.7777778,6.2222222,5.3983,12.2168,55.872216,7989.4847,89.349,173.879,64.3741,10.111111,4.5555556,6.1111111,0.045,10.444444,1.3333333,0.44444444,2.2441,727.06233,0.2689070337888321,0.46999998047000136,0.08000000108000023,0.2799999992800008,1.0000000005557308,0.9999999997544367,0.2148931384582324,0.7808469274371853,0.9999999999776165,1.000000000023005,0.9999999999378636,0.45499999545500125,0.2050000022050006,0.2749999997750008,0.006163539241199841,0.46999998047000136,0.05999999856000017,0.019999999820000055,1.0000000003119294,1.000000000330095,5.1847786e-05,0.00087545808,0.0043601748,0.0043366646,-0.00010591664,-5.0511004e-05,-0.00056472852,-5.1847786e-05,-5.0581416e-05,-2.9795123e-05,-5.3300071e-05,0.0013538171,0.0067701052,0.0036746332,-0.0051606163,0.00072384323,0.005111974,0.005111974,-0.00019210657,5.1847786e-05,0.0,0.00043322544
2261.0,1021.1613,10.444444,1.8888889,6.4444444,5.3983,12.2168,55.872216,7851.5225,89.349,173.879,64.3741,10.111111,4.7777778,6.2222222,0.033,10.444444,1.3333333,0.55555555,2.2441,727.06233,0.26890703378883213,0.46999998047000136,0.08500000058500023,0.28999999829000084,1.0000000005557306,0.9999999997544365,0.2148931384582324,0.767363284371635,0.9999999999776158,1.0000000000230045,0.9999999999378631,0.45499999545500125,0.2150000012150006,0.2799999992800008,0.0045199287768798845,0.46999998047000136,0.05999999856000017,0.02499999977500007,1.0000000003119287,1.000000000330095,4.8913006e-05,0.00082613791,0.0042243588,0.0042243588,-0.00010202709,-4.8544175e-05,-0.00054967626,-4.8913006e-05,-4.8269344e-05,-2.8293547e-05,-5.1051629e-05,0.0012768277,0.006578836,0.0035422985,-0.0049723026,0.00068308257,0.0049346259,0.0049346259,-0.00018490357,4.8913006e-05,-0.02737000000001899,-0.0
2262.0,1021.1613,10.444444,2.0,6.7777778,5.3983,12.2168,53.948473,7847.6073,89.349,173.879,64.3741,10.111111,5.0,6.5555555,0.024,10.444444,1.4444444,0.55555556,2.2441,727.06233,0.268907033788832,0.46999998047000136,0.09000000009000025,0.3050000013050009,1.0000000005557308,0.9999999997544367,0.20749412691988475,0.7669806349261328,0.9999999999776159,1.0000000000230043,0.999999999937863,0.45499999545500125,0.22500000022500063,0.2949999977950008,0.003287220928639915,0.46999998047000136,0.06499999806500019,0.02500000022500007,1.0000000003119291,1.000000000330095,4.6144345e-05,0.00077960651,0.0040958742,0.0040958742,-0.00010581232,-4.8166134e-05,-0.00052653842,-4.6144345e-05,-5.4129139e-05,-2.766817e-05,-5.053634e-05,0.0012041453,0.0064064107,0.0034317589,-0.0047734652,0.00064462716,0.0047642574,0.0047642574,-0.00018160824,4.6144345e-05,0.0,0.0018124508
2263.0,1021.1613,10.444444,2.1111111,7.0,5.3983,12.2168,55.872216,7716.3538,89.349,173.879,64.3741,10.111111,5.2222222,6.7777778,0.021,10.444444,1.5555556,0.66666667,2.2441,727.06233,0.26890703378883213,0.46999998047000136,0.09499999959500027,0.3150000003150009,1.0000000005557308,0.9999999997544363,0.21489313845823246,0.7541526621545728,0.9999999999776151,1.0000000000230045,0.9999999999378631,0.45499999545500125,0.23499999923500067,0.3050000013050009,0.0028763183125599264,0.46999998047000136,0.07000000207000019,0.030000000180000087,1.0000000003119291,1.000000000330095,4.3532401e-05,0.00073570603,0.0039741482,0.0039741482,-9.4068505e-05,-4.3407768e-05,-0.00048589512,-4.3532401e-05,-4.1944233e-05,-2.5322575e-05,-4.3925692e-05,0.0011355259,0.0062519119,0.003339888,-0.0045071649,0.00060834486,0.0046001359,0.0046001359,-0.00016749804,4.3532401e-05,0.0,0.00039064539
2264.0,1021.1613,10.222222,2.3333333,7.2222222,5.3983,12.2168,55.872216,7832.0197,89.349,173.879,64.3741,9.7777778,5.5555555,7.1111111,0.015,10.222222,1.6666667,0.77777778,2.2441,727.06233,0.2689070337888321,0.4599999904600013,0.1049999986050003,0.3249999993250009,1.00000000055573,0.9999999997544362,0.2148931384582325,0.7654571912970178,0.9999999999776154,1.0000000000230045,0.9999999999378634,0.4400000014400013,0.2499999977500007,0.3199999998200009,0.0020545130803999475,0.4599999904600013,0.07500000157500021,0.0350000001350001,1.000000000311929,1.000000000330095,4.1068303e-05,0.00068367261,0.0038586575,0.0038586575,-9.1001231e-05,-3.5888856e-05,-0.00045982045,-4.1068303e-05,-4.083864e-05,-2.3753517e-05,-4.3451478e-05,0.0010488894,0.0061132573,0.0032645229,-0.0043035601,0.00056546602,0.0044419803,0.0044419803,-0.00016265892,4.1068303e-05,0.0,0.0013056118
2265.0,1021.1613,10.0,2.4444444,7.5555555,5.3983,12.2168,55.872216,7291.0657,89.349,173.879,64.3741,9.5555555,5.7777778,7.4444444,0.012,10.0,1.7777778,0.77777778,2.2441,727.06233,0.268907033788832,0.45000000045000127,0.10999999811000032,0.33999999784000096,1.0000000005557304,0.9999999997544371,0.2148931384582324,0.7125874150040791,0.9999999999776162,1.0000000000230045,0.9999999999378631,0.42999999793000127,0.2600000012600007,0.33499999833500094,0.0016436104643199575,0.45000000045000127,0.08000000108000023,0.0350000001350001,1.0000000003119291,1.000000000330095,3.8744403e-05,0.00063208969,0.0037483259,0.0037483259,-8.81668e-05,-4.0690601e-05,-0.00042446842,-3.8744403e-05,-4.3378393e-05,-2.2104782e-05,-4.0871785e-05,0.00096483592,0.0059886066,0.0032037458,-0.0040846547,0.00052291909,0.0042888741,0.0042888741,-0.00015646505,3.8744403e-05,0.0,0.00096660772
2266.0,1021.1613,9.7777778,2.5555556,7.8888889,5.3983,12.2168,55.872216,7786.1712,89.349,173.879,64.3741,9.3333333,6.1111111,7.8888889,0.006,9.7777778,1.8888889,0.88888889,2.2441,727.06233,0.26890703378883213,0.4400000014400013,0.11500000211500032,0.35500000085500105,1.0000000005557315,0.9999999997544365,0.2148931384582325,0.7609762189068219,0.9999999999776159,1.0000000000230047,0.999999999937863,0.41999999892000117,0.2749999997750008,0.35500000085500105,0.0008218052321599787,0.4400000014400013,0.08500000058500023,0.04000000009000011,1.0000000003119287,1.000000000330095,3.6550643e-05,0.00058760417,0.003643473,0.003643473,-8.4436092e-05,-4.0716725e-05,-0.00039702919,-3.6550643e-05,-4.1612281e-05,-2.1114593e-05,-3.9641384e-05,0.00089620754,0.0058766623,0.0031562296,-0.0038948537,0.00048613523,0.0041411059,0.0041411059,-0.00015177344,3.6550643e-05,0.0,0.00042297931
2267.0,1021.1613,9.6666667,2.6666667,8.2222222,5.3983,12.2168,55.872216,7542.4317,89.349,173.879,64.3741,9.2222222,6.5555555,8.4444444,0.0,9.6666667,1.8888889,1.0,2.2441,727.06233,0.2689070337888321,0.43500000193500127,0.12000000162000034,0.369999999370001,1.0000000005557304,0.9999999997544363,0.21489313845823246,0.7371545023860958,0.9999999999776161,1.0000000000230043,0.9999999999378628,0.41499999941500115,0.2949999977950008,0.3799999983800011,0.0,0.43500000193500127,0.08500000058500023,0.04500000004500013,1.0000000003119287,1.000000000330095,3.4481739e-05,0.00054887204,0.003543737,0.003543737,-8.2525626e-05,-3.7848469e-05,-0.00037222701,-3.4481739e-05,-3.828741e-05,-1.9640952e-05,-3.6477631e-05,0.00083952778,0.00577601,0.0031205383,-0.003723615,0.00045403255,0.0039984439,0.0039984439,-0.00014408567,3.4481739e-05,0.0,0.0012809422
2268.0,1021.1613,9.6666667,2.8888889,8.5555555,5.3983,12.2168,57.924379,7291.0657,89.349,173.879,64.3741,9.3333333,6.8888889,9.0,0.0,9.6666667,2.0,1.0,2.2441,727.06233,0.26890703378883196,0.43500000193500127,0.13000000063000036,0.3849999978850011,1.0000000005557308,0.9999999997544367,0.22278607307349566,0.7125874150040804,0.9999999999776156,1.0000000000230052,0.9999999999378638,0.41999999892000117,0.3100000008100009,0.40500000040500117,0.0,0.43500000193500127,0.09000000009000025,0.04500000004500013,1.0000000003119291,1.000000000330095,3.2835921e-05,0.00051614428,0.0034487761,0.0034487761,-7.9656689e-05,-3.6541109e-05,-0.00034084551,-3.2835921e-05,-3.6828742e-05,-1.8151144e-05,-3.5556171e-05,0.00079482531,0.0056851502,0.0030951455,-0.00353265,0.00042683629,0.0038606764,0.0038606764,-0.00013828362,3.2835921e-05,0.0,0.00049919647
2269.0,1021.1613,9.6666667,3.0,8.8888889,5.3983,12.2168,57.924379,7265.7604,89.349,173.879,64.3741,9.4444444,7.3333333,9.6199682,0.0,9.7777778,2.1111111,1.1111111,2.2441,727.06233,0.26890703378883213,0.43500000193500127,0.13500000013500038,0.4000000009000011,1.0000000005557306,0.9999999997544365,0.22278607307349568,0.7101142184845497,0.9999999999776159,1.0000000000230045,0.999999999937863,0.4249999984250012,0.3299999988300009,0.43289856943289984,0.0,0.4400000014400013,0.09499999959500027,0.04999999955000014,1.0000000003119285,1.000000000330095,3.2022913e-05,0.00048977102,0.0033584361,0.0033584361,-7.702919e-05,-3.5465946e-05,-0.00031942597,-3.2022913e-05,-2.9590201e-05,-1.6948716e-05,-3.4099819e-05,0.0007621212,0.005602786,0.0030787433,-0.0033811236,0.00040484231,0.0037277577,0.0037277577,-0.00013393359,3.2022913e-05,0.0,0.0010058752
2270.0,1021.1613,10.0,3.2222222,9.2222222,5.3983,12.2168,57.924379,7557.5113,89.349,173.879,64.3741,9.8888889,7.7777778,10.333333,0.0,10.0,2.2222222,1.2222222,2.2441,727.06233,0.268907033788832,0.45000000045000127,0.14499999914500042,0.41499999941500115,1.0000000005557308,0.9999999997544372,0.2227860730734956,0.7386282969759989,0.9999999999776161,1.000000000023004,0.999999999937863,0.44500000094500125,0.350000001350001,0.46499998546500126,0.0,0.45000000045000127,0.09999999910000028,0.05499999905500016,1.0000000003119294,1.000000000330095,2.8951533e-05,0.00047155383,0.0032749165,0.0032749165,-4.64051e-05,-2.7937554e-05,-0.00029586611,-2.8951533e-05,-2.6151564e-05,-1.5490469e-05,-3.0747929e-05,0.00074081943,0.0055289845,0.00307137,-0.0032375959,0.00038961841,0.0036016482,0.0036016482,-0.00011505917,2.8951533e-05,-0.6261299999999892,-0.0
2271.0,1021.1613,10.444444,3.4444444,9.6666667,5.3983,12.2168,57.924379,7815.8349,89.349,173.879,64.3741,10.333333,8.2222222,11.111111,0.0,10.444444,2.3333333,1.3333333,2.2441,727.06233,0.268907033788832,0.46999998047000136,0.15499999815500043,0.43500000193500127,1.0000000005557301,0.9999999997544369,0.22278607307349574,0.763875380726532,0.9999999999776154,1.0000000000230043,0.999999999937863,0.46499998546500126,0.369999999370001,0.4999999955000014,0.0,0.46999998047000136,0.1049999986050003,0.05999999856000017,1.0000000003119294,1.000000000330095,2.7312767e-05,0.00046051938,0.0031972796,0.0031972796,-7.3147948e-05,-3.3542446e-05,-0.00027922287,-2.7312767e-05,-3.0214372e-05,-1.5090845e-05,-3.5744187e-05,0.00072861262,0.0054621961,0.0030708384,-0.003121864,0.00038038103,0.003481543,0.003481543,-0.00012373653,2.7312767e-05,0.0,0.0012471895
2272.0,1021.1613,11.0,3.6666667,10.111111,5.3983,12.2168,60.118453,8010.8649,89.349,173.879,64.3741,11.0,8.7777778,12.0,0.0,11.0,2.4444444,1.3333333,2.2441,727.06233,0.26890703378883213,0.4950000004950014,0.16500000166500048,0.45499999545500125,1.0000000005557301,0.9999999997544363,0.23122481922721197,0.7829365069413535,0.9999999999776156,1.0000000000230045,0.9999999999378634,0.4950000004950014,0.39500000139500113,0.5400000005400015,0.0,0.4950000004950014,0.10999999811000032,0.05999999856000017,1.0000000003119291,1.000000000330095,2.5766761e-05,0.00045524811,0.0031247551,0.0031247551,-7.083986e-05,-3.2552336e-05,-0.00025180327,-2.5766761e-05,-2.8335952e-05,-1.3804476e-05,-3.4058464e-05,0.00072352472,0.0054006471,0.0030942553,-0.002967346,0.00037595078,0.0033672849,0.0033672849,-0.00011973137,2.5766761e-05,0.0,0.00025372009
2273.0,1021.1613,11.777778,3.8888889,10.555556,5.3983,12.2168,60.118453,7810.1589,89.349,173.879,64.3741,11.888889,9.3333333,13.0,0.0,11.777778,2.6666667,1.4444444,2.2441,727.06233,0.268907033788832,0.5300000105300015,0.1750000006750005,0.47500002047500134,1.0000000005557304,0.9999999997544369,0.23122481922721197,0.7633206406742569,0.9999999999776166,1.0000000000230052,0.9999999999378634,0.5350000055350016,0.41999999892000117,0.5850000005850017,0.0,0.5300000105300015,0.12000000162000034,0.06499999806500019,1.0000000003119285,1.000000000330095,2.4308265e-05,0.00045536714,0.0030566186,0.0030566186,-3.9271641e-05,-2.4967718e-05,-0.00023683264,-2.4308265e-05,-2.1541922e-05,-1.2215875e-05,-2.7056214e-05,0.00072546431,0.0053430962,0.0031231171,-0.0028611218,0.00037600804,0.0032585131,0.0032585131,-0.00010465001,2.4308265e-05,-0.12125000000003183,-0.0
2274.0,939.09786,12.777778,4.1111111,11.0,5.3983,12.2168,62.469887,8768.5976,89.349,173.879,64.3741,12.888889,9.8888889,14.111111,0.0,12.777778,2.7777778,1.5555556,2.2441,727.06233,0.2472968961613017,0.5750000105750016,0.1849999996850005,0.4950000004950014,1.0000000005557308,0.9999999997544371,0.24026879615014976,0.8569930040535749,0.9999999999776162,1.0000000000230047,0.9999999999378636,0.5800000055800016,0.44500000094500125,0.6349999956350018,0.0,0.5750000105750016,0.12500000112500034,0.07000000207000019,1.0000000003119296,1.000000000330095,1.958072e-05,0.00046016606,0.0029918356,0.0029918356,-6.6727111e-05,-3.0592109e-05,-0.00021580187,-1.958072e-05,-2.5456021e-05,-1.1663091e-05,-3.1773591e-05,0.00073369774,0.0052881013,0.0031562892,-0.0027476766,0.00037995687,0.0031542746,0.0031542746,-0.00011306593,1.958072e-05,0.0,0.0014784605
2275.0,,,,,,,,,,,,,,,,,,,,,,,,,,,,,,,,,,,,,,,,,,,,,,,,,,,,,,,,,,,,,0.0,7.5213493e-05
2276.0,,,,,,,,,,,,,,,,,,,,,,,,,,,,,,,,,,,,,,,,,,,,,,,,,,,,,,,,,,,,,0.0,0.00056686064
2277.0,,,,,,,,,,,,,,,,,,,,,,,,,,,,,,,,,,,,,,,,,,,,,,,,,,,,,,,,,,,,,0.0,0.00028304247
2278.0,,,,,,,,,,,,,,,,,,,,,,,,,,,,,,,,,,,,,,,,,,,,,,,,,,,,,,,,,,,,,0.0,0.0020286855
2279.0,,,,,,,,,,,,,,,,,,,,,,,,,,,,,,,,,,,,,,,,,,,,,,,,,,,,,,,,,,,,,-4.0331200000000536,-0.0
2280.0,,,,,,,,,,,,,,,,,,,,,,,,,,,,,,,,,,,,,,,,,,,,,,,,,,,,,,,,,,,,,-23.509400000000028,-0.0
2281.0,,,,,,,,,,,,,,,,,,,,,,,,,,,,,,,,,,,,,,,,,,,,,,,,,,,,,,,,,,,,,-44.202409999999986,-0.0
2282.0,,,,,,,,,,,,,,,,,,,,,,,,,,,,,,,,,,,,,,,,,,,,,,,,,,,,,,,,,,,,,-65.27318000000002,-0.0
2283.0,,,,,,,,,,,,,,,,,,,,,,,,,,,,,,,,,,,,,,,,,,,,,,,,,,,,,,,,,,,,,-85.94027999999992,-0.0
2284.0,,,,,,,,,,,,,,,,,,,,,,,,,,,,,,,,,,,,,,,,,,,,,,,,,,,,,,,,,,,,,-106.09137999999996,-0.0
2285.0,,,,,,,,,,,,,,,,,,,,,,,,,,,,,,,,,,,,,,,,,,,,,,,,,,,,,,,,,,,,,-125.91728,-0.0
2286.0,,,,,,,,,,,,,,,,,,,,,,,,,,,,,,,,,,,,,,,,,,,,,,,,,,,,,,,,,,,,,-143.98618,-0.0
2287.0,,,,,,,,,,,,,,,,,,,,,,,,,,,,,,,,,,,,,,,,,,,,,,,,,,,,,,,,,,,,,-158.00158,-0.0
2288.0,,,,,,,,,,,,,,,,,,,,,,,,,,,,,,,,,,,,,,,,,,,,,,,,,,,,,,,,,,,,,-174.41757999999993,-0.0
2289.0,,,,,,,,,,,,,,,,,,,,,,,,,,,,,,,,,,,,,,,,,,,,,,,,,,,,,,,,,,,,,-187.94647999999995,-0.0
2290.0,,,,,,,,,,,,,,,,,,,,,,,,,,,,,,,,,,,,,,,,,,,,,,,,,,,,,,,,,,,,,-199.80247999999995,-0.0
2291.0,,,,,,,,,,,,,,,,,,,,,,,,,,,,,,,,,,,,,,,,,,,,,,,,,,,,,,,,,,,,,-210.67577999999992,-0.0
2292.0,,,,,,,,,,,,,,,,,,,,,,,,,,,,,,,,,,,,,,,,,,,,,,,,,,,,,,,,,,,,,-219.93088,-0.0
2293.0,,,,,,,,,,,,,,,,,,,,,,,,,,,,,,,,,,,,,,,,,,,,,,,,,,,,,,,,,,,,,-230.32407999999998,-0.0
2294.0,,,,,,,,,,,,,,,,,,,,,,,,,,,,,,,,,,,,,,,,,,,,,,,,,,,,,,,,,,,,,-239.24858000000006,-0.0
2295.0,,,,,,,,,,,,,,,,,,,,,,,,,,,,,,,,,,,,,,,,,,,,,,,,,,,,,,,,,,,,,-246.3697800000001,-0.0
2296.0,,,,,,,,,,,,,,,,,,,,,,,,,,,,,,,,,,,,,,,,,,,,,,,,,,,,,,,,,,,,,-252.50338,-0.0
2297.0,,,,,,,,,,,,,,,,,,,,,,,,,,,,,,,,,,,,,,,,,,,,,,,,,,,,,,,,,,,,,-257.3125799999999,-0.0
2298.0,,,,,,,,,,,,,,,,,,,,,,,,,,,,,,,,,,,,,,,,,,,,,,,,,,,,,,,,,,,,,-260.61568,-0.0
2299.0,,,,,,,,,,,,,,,,,,,,,,,,,,,,,,,,,,,,,,,,,,,,,,,,,,,,,,,,,,,,,-263.0301800000001,-0.0
2300.0,,,,,,,,,,,,,,,,,,,,,,,,,,,,,,,,,,,,,,,,,,,,,,,,,,,,,,,,,,,,,-261.3924800000001,-0.0
2301.0,,,,,,,,,,,,,,,,,,,,,,,,,,,,,,,,,,,,,,,,,,,,,,,,,,,,,,,,,,,,,-258.54257999999993,-0.0
2302.0,,,,,,,,,,,,,,,,,,,,,,,,,,,,,,,,,,,,,,,,,,,,,,,,,,,,,,,,,,,,,-254.17988000000003,-0.0
2303.0,,,,,,,,,,,,,,,,,,,,,,,,,,,,,,,,,,,,,,,,,,,,,,,,,,,,,,,,,,,,,-248.3525800000001,-0.0
2304.0,,,,,,,,,,,,,,,,,,,,,,,,,,,,,,,,,,,,,,,,,,,,,,,,,,,,,,,,,,,,,-241.37088000000006,-0.0
2305.0,,,,,,,,,,,,,,,,,,,,,,,,,,,,,,,,,,,,,,,,,,,,,,,,,,,,,,,,,,,,,-233.3171799999999,-0.0
2306.0,,,,,,,,,,,,,,,,,,,,,,,,,,,,,,,,,,,,,,,,,,,,,,,,,,,,,,,,,,,,,-224.1705800000001,-0.0
2307.0,,,,,,,,,,,,,,,,,,,,,,,,,,,,,,,,,,,,,,,,,,,,,,,,,,,,,,,,,,,,,-214.20567999999992,-0.0
2308.0,,,,,,,,,,,,,,,,,,,,,,,,,,,,,,,,,,,,,,,,,,,,,,,,,,,,,,,,,,,,,-203.21878000000004,-0.0
2309.0,,,,,,,,,,,,,,,,,,,,,,,,,,,,,,,,,,,,,,,,,,,,,,,,,,,,,,,,,,,,,-191.51817999999992,-0.0
2310.0,,,,,,,,,,,,,,,,,,,,,,,,,,,,,,,,,,,,,,,,,,,,,,,,,,,,,,,,,,,,,-178.4830800000001,-0.0
2311.0,,,,,,,,,,,,,,,,,,,,,,,,,,,,,,,,,,,,,,,,,,,,,,,,,,,,,,,,,,,,,-164.2175800000001,-0.0
2312.0,,,,,,,,,,,,,,,,,,,,,,,,,,,,,,,,,,,,,,,,,,,,,,,,,,,,,,,,,,,,,-149.13387999999998,-0.0
2313.0,,,,,,,,,,,,,,,,,,,,,,,,,,,,,,,,,,,,,,,,,,,,,,,,,,,,,,,,,,,,,-133.1015799999999,-0.0
2314.0,,,,,,,,,,,,,,,,,,,,,,,,,,,,,,,,,,,,,,,,,,,,,,,,,,,,,,,,,,,,,-116.21467999999993,-0.0
2315.0,,,,,,,,,,,,,,,,,,,,,,,,,,,,,,,,,,,,,,,,,,,,,,,,,,,,,,,,,,,,,-98.83298000000002,-0.0
2316.0,,,,,,,,,,,,,,,,,,,,,,,,,,,,,,,,,,,,,,,,,,,,,,,,,,,,,,,,,,,,,-80.56247999999994,-0.0
2317.0,,,,,,,,,,,,,,,,,,,,,,,,,,,,,,,,,,,,,,,,,,,,,,,,,,,,,,,,,,,,,-61.32628,-0.0
2318.0,,,,,,,,,,,,,,,,,,,,,,,,,,,,,,,,,,,,,,,,,,,,,,,,,,,,,,,,,,,,,-41.420870000000036,-0.0
2319.0,,,,,,,,,,,,,,,,,,,,,,,,,,,,,,,,,,,,,,,,,,,,,,,,,,,,,,,,,,,,,-21.111369999999965,-0.0
2320.0,,,,,,,,,,,,,,,,,,,,,,,,,,,,,,,,,,,,,,,,,,,,,,,,,,,,,,,,,,,,,0.0,0.0075219314
