Fig2, disc 0.0, temp0 944.727, 3rd payer, ffi removal, Wpt fitted, 2025-2125. Solve status Optimal. Total revenue -18141751.319827754
Year,Agriculture mtC,Black_walnut_10 mhectares,Black_walnut_150 mhectares,Black_walnut_55 mhectares,C2F6 kt,CF4 kt,CH4 mt,Carbon mtC,HFC125 kt,HFC134a kt,HFC143a kt,Loblolly_pine_10 mhectares,Loblolly_pine_150 mhectares,Loblolly_pine_24 mhectares,N2O mt,Ponderosa_pine_10 mhectares,Ponderosa_pine_103 mhectares,Ponderosa_pine_150 mhectares,SF6 kt,Seaweed mt,Agriculture % max bid,Black_walnut_10 % max bid,Black_walnut_150 % max bid,Black_walnut_55 % max bid,C2F6 % max bid,CF4 % max bid,CH4 % max bid,Carbon % max bid,HFC125 % max bid,HFC134a % max bid,HFC143a % max bid,Loblolly_pine_10 % max bid,Loblolly_pine_150 % max bid,Loblolly_pine_24 % max bid,N2O % max bid,Ponderosa_pine_10 % max bid,Ponderosa_pine_103 % max bid,Ponderosa_pine_150 % max bid,SF6 % max bid,Seaweed % max bid,Agriculture $M/mtC,Black_walnut_10 $M/mhectares,Black_walnut_150 $M/mhectares,Black_walnut_55 $M/mhectares,C2F6 $M/kt,CF4 $M/kt,CH4 $M/mt,Carbon $M/mtC,HFC125 $M/kt,HFC134a $M/kt,HFC143a $M/kt,Loblolly_pine_10 $M/mhectares,Loblolly_pine_150 $M/mhectares,Loblolly_pine_24 $M/mhectares,N2O $M/mt,Ponderosa_pine_10 $M/mhectares,Ponderosa_pine_103 $M/mhectares,Ponderosa_pine_150 $M/mhectares,SF6 $M/kt,Seaweed $M/mt,temp change,Capt pi
2025.0,771.84899,7.1111111,9.2222222,8.6666667,5.3983,12.2168,142.19242,9494.8422,89.349,173.879,64.3741,7.1111111,8.8888889,7.4444444,0.142,7.1111111,11.666667,9.6666667,2.2441,727.06233,0.2032544931283686,0.3199999998200009,0.41499999941500115,0.3900000018900011,1.0000000005557312,0.9999999997544369,0.5468939230685093,0.9279720328359748,0.9999999999776159,1.0000000000230045,0.9999999999378634,0.3199999998200009,0.4000000009000011,0.33499999833500094,0.01944939049445283,0.3199999998200009,0.5250000155250015,0.43500000193500127,1.0000000003119294,1.000000000330095,23.905206,577.14429,10728.771,4953.0796,-155.85715,-75.084662,-60.302717,-23.905206,-10.644774,-3.7714337,-24.873259,915.01753,9709.2571,3754.1954,-3836.0302,476.66652,17212.873,19205.569,-296.04823,23.905206,947.3002254,.
2026.0,771.84899,7.1111111,9.2222222,8.7777778,5.3983,12.2168,142.19242,9494.8422,89.349,173.879,64.3741,7.1111111,8.8888889,7.4444444,0.138,7.1111111,11.555556,9.6666667,2.2441,727.06233,0.20325449312836857,0.3199999998200009,0.41499999941500115,0.39500000139500113,1.0000000005557306,0.9999999997544367,0.5468939230685094,0.9279720328359744,0.9999999999776159,1.000000000023004,0.9999999999378631,0.3199999998200009,0.4000000009000011,0.33499999833500094,0.018901520339679526,0.3199999998200009,0.5200000205200015,0.43500000193500127,1.000000000311929,1.000000000330095,23.905206,577.14429,10739.268,4990.4677,-144.96243,-72.597612,-60.302717,-23.905206,-8.5469296,-3.5327532,-11.765663,915.01753,9768.6504,3776.5041,-3851.3343,476.66652,17152.41,19150.26,-277.50169,23.905206,951.7882232,.
2027.0,771.84899,7.1111111,9.2222222,8.8888889,5.3983,12.2168,142.19242,9494.8422,89.349,173.879,64.3741,7.1111111,9.0,7.5555555,0.134,7.1111111,11.555556,9.6666667,2.2441,727.06233,0.20325449312836855,0.3199999998200009,0.41499999941500115,0.4000000009000011,1.0000000005557306,0.9999999997544372,0.5468939230685094,0.9279720328359745,0.9999999999776161,1.0000000000230045,0.9999999999378631,0.3199999998200009,0.40500000040500117,0.33999999784000096,0.01835365018490619,0.3199999998200009,0.5200000205200015,0.43500000193500127,1.0000000003119296,1.000000000330095,23.905206,577.14429,10749.373,5028.2984,-155.85715,-72.597612,-61.191488,-23.905206,-8.5469296,-3.5327532,-24.873259,915.01753,9830.4565,3799.767,-3876.3251,476.66652,17089.438,19092.134,-296.04823,23.905206,957.444722,.
2028.0,771.84899,7.1111111,9.3333333,9.0,5.3983,12.2168,142.19242,9494.8422,89.349,173.879,64.3741,7.1111111,9.1111111,7.5555555,0.13,7.1111111,11.444444,9.5555555,2.2441,727.06233,0.2032544931283686,0.3199999998200009,0.41999999892000117,0.40500000040500117,1.0000000005557306,0.9999999997544365,0.5468939230685093,0.9279720328359738,0.9999999999776162,1.0000000000230045,0.9999999999378631,0.3199999998200009,0.4099999999100012,0.33999999784000096,0.017805780030132876,0.3199999998200009,0.5149999805150015,0.42999999793000127,1.0000000003119287,1.000000000330095,23.905206,577.14429,10759.076,5067.6825,-162.16226,-72.597612,-61.563749,-23.905206,-11.858863,-3.5327532,-22.554513,915.01753,9894.7344,3824.1209,-3891.6292,476.66652,17024.358,19031.67,-291.49598,23.905206,963.785675,.
2029.0,771.84899,7.1111111,9.3333333,9.1111111,5.3983,12.2168,142.19242,9494.8422,89.349,173.879,64.3741,7.1111111,9.1111111,7.6666667,0.13,7.1111111,11.444444,9.5555555,2.2441,727.06233,0.20325449312836852,0.3199999998200009,0.41999999892000117,0.4099999999100012,1.0000000005557306,0.9999999997544369,0.5468939230685094,0.9279720328359741,0.9999999999776168,1.0000000000230043,0.9999999999378631,0.3199999998200009,0.4099999999100012,0.345000001845001,0.017805780030132876,0.3199999998200009,0.5149999805150015,0.42999999793000127,1.0000000003119287,1.000000000330095,23.905206,577.14429,10768.258,5109.2575,-144.96243,-82.730222,-62.399641,-23.905206,-17.093859,-4.5051732,-21.212581,915.01753,9961.0902,3850.0469,-3906.9333,476.66652,16957.012,18969.066,-288.86145,23.905206,978.250023,.
2030.0,771.84899,7.2222222,9.3333333,9.1111111,5.3983,12.2168,142.19242,9494.8422,89.349,173.879,64.3741,7.2222222,9.2222222,7.6666667,0.126,7.2222222,11.333333,9.5555555,2.2441,727.06233,0.20325449312836852,0.3249999993250009,0.41999999892000117,0.4099999999100012,1.0000000005557306,0.9999999997544371,0.5468939230685094,0.9279720328359735,0.9999999999776154,1.0000000000230047,0.9999999999378634,0.3249999993250009,0.41499999941500115,0.345000001845001,0.017257909875359554,0.3249999993250009,0.5099999855100014,0.42999999793000127,1.0000000003119294,1.000000000330095,23.905206,578.61344,10776.977,5152.1467,-162.16226,-76.523997,-62.543892,-23.905206,-11.858863,-3.9095658,-22.554513,918.08265,10029.016,3877.86,-3922.5503,477.86298,16887.311,18904.235,-296.04823,23.905206,1010.5005610000001,.
2031.0,771.84899,7.2222222,9.3333333,9.2222222,5.3983,12.2168,142.19242,9494.8422,89.349,173.879,64.3741,7.2222222,9.3333333,7.7777778,0.122,7.2222222,11.333333,9.4444444,2.2441,727.06233,0.2032544931283686,0.3249999993250009,0.41999999892000117,0.41499999941500115,1.0000000005557304,0.9999999997544367,0.5468939230685094,0.9279720328359758,0.9999999999776158,1.0000000000230045,0.999999999937863,0.3249999993250009,0.41999999892000117,0.350000001350001,0.01671003972058624,0.3249999993250009,0.5099999855100014,0.4249999984250012,1.0000000003119294,1.000000000330095,23.905206,580.14791,10785.188,5196.4532,-173.05698,-89.143657,-63.432663,-23.905206,-22.503637,-4.8819858,-34.320177,921.056,10098.56,3908.7064,-3937.8544,479.11729,16815.131,18837.05,-296.04823,23.905206,1044.315671,.
2032.0,771.84899,7.2222222,9.3333333,9.3333333,5.3983,12.2168,142.19242,9494.8422,89.349,173.879,64.3741,7.2222222,9.3333333,7.8888889,0.122,7.2222222,11.222222,9.4444444,2.2441,727.06233,0.20325449312836852,0.3249999993250009,0.41999999892000117,0.41999999892000117,1.0000000005557301,0.9999999997544363,0.5468939230685093,0.9279720328359732,0.9999999999776165,1.0000000000230052,0.9999999999378634,0.3249999993250009,0.41999999892000117,0.35500000085500105,0.016710039720586236,0.3249999993250009,0.5049999905050014,0.4249999984250012,1.0000000003119294,1.000000000330095,23.905206,581.66679,10792.903,5241.9541,-155.85715,-75.084662,-63.896295,-23.905206,-10.644774,-3.5327532,-21.212581,923.75627,10169.82,3941.2871,-3941.6108,480.36486,16740.488,18767.53,-288.86145,23.905206,1078.5551,.
2033.0,771.84899,7.2222222,9.3333333,9.4444444,5.3983,12.2168,142.19242,9494.8422,89.349,173.879,64.3741,7.2222222,9.4444444,8.0,0.118,7.2222222,11.222222,9.4444444,2.2441,727.06233,0.20325449312836855,0.3249999993250009,0.41999999892000117,0.4249999984250012,1.0000000005557308,0.9999999997544367,0.5468939230685093,0.9279720328359766,0.9999999999776161,1.0000000000230052,0.999999999937863,0.3249999993250009,0.4249999984250012,0.360000000360001,0.016162169565812914,0.3249999993250009,0.5049999905050014,0.4249999984250012,1.0000000003119294,1.000000000330095,23.905206,583.17005,10800.085,5288.9698,-173.05698,-86.656607,-64.693695,-23.905206,-20.405793,-4.8819858,-34.320177,926.18347,10242.882,3975.7472,-3962.8452,481.60574,16663.418,18695.708,-296.04823,23.905206,1112.49589,.
2034.0,771.84899,7.3333333,9.3333333,9.5555555,5.3983,12.2168,142.19242,9494.8422,89.349,173.879,64.3741,7.3333333,9.5555555,8.1111111,0.114,7.3333333,11.111111,9.3333333,2.2441,727.06233,0.2032544931283686,0.3299999988300009,0.41999999892000117,0.42999999793000127,1.0000000005557308,0.9999999997544368,0.5468939230685094,0.9279720328359753,0.9999999999776161,1.0000000000230045,0.9999999999378628,0.3299999988300009,0.42999999793000127,0.36499999986500103,0.015614299411039605,0.3299999988300009,0.4999999955000014,0.41999999892000117,1.0000000003119283,1.000000000330095,23.905206,586.35104,10807.059,5338.4259,-173.05698,-89.143657,-65.157327,-23.905206,-22.503637,-4.8819858,-34.320177,931.87042,10316.83,4009.6541,-3987.836,484.21789,16584.07,18622.166,-296.04823,23.905206,1146.07115,.
2035.0,771.84899,7.3333333,9.3333333,9.6666667,5.3983,12.2168,142.19242,9494.8422,89.349,173.879,64.3741,7.4444444,9.6666667,8.1111111,0.114,7.3333333,11.111111,9.3333333,2.2441,727.06233,0.2032544931283685,0.3299999988300009,0.41999999892000117,0.43500000193500127,1.0000000005557306,0.9999999997544369,0.5468939230685093,0.9279720328359748,0.9999999999776159,1.000000000023004,0.9999999999378631,0.33499999833500094,0.43500000193500127,0.36499999986500103,0.015614299411039605,0.3299999988300009,0.4999999955000014,0.41999999892000117,1.0000000003119285,1.000000000330095,23.905206,591.29683,10813.683,5392.2719,-155.85715,-75.084662,-65.529587,-23.905206,-19.191703,-4.5051732,-24.873259,940.73595,10391.741,4044.25,-3987.836,488.27861,16502.557,18546.856,-296.04823,23.905206,1179.47718,.
2036.0,771.84899,7.4444444,9.3333333,9.7777778,5.3983,12.2168,142.19242,9494.8422,89.349,173.879,64.3741,7.4444444,9.7777778,8.2222222,0.114,7.4444444,11.0,9.2222222,2.2441,727.06233,0.20325449312836857,0.33499999833500094,0.41999999892000117,0.4400000014400013,1.0000000005557306,0.9999999997544368,0.5468939230685095,0.9279720328359725,0.9999999999776148,1.000000000023004,0.9999999999378631,0.33499999833500094,0.4400000014400013,0.369999999370001,0.015614299411039602,0.33499999833500094,0.4950000004950014,0.41499999941500115,1.000000000311929,1.000000000330095,23.905206,595.92763,10819.365,5447.0623,-144.96243,-72.597612,-66.046099,-23.905206,-8.5469296,-3.5327532,-18.893834,948.61801,10467.809,4078.8384,-3987.836,492.0901,16418.188,18468.859,-270.3149,23.905206,1210.39061,.
2037.0,771.84899,7.5555555,9.3333333,9.8888889,5.3983,12.2168,142.19242,9494.8422,89.349,173.879,64.3741,7.5555555,9.7777778,8.3333333,0.111,7.5555555,10.888889,9.2222222,2.2441,727.06233,0.2032544931283686,0.33999999784000096,0.41999999892000117,0.44500000094500125,1.0000000005557301,0.9999999997544363,0.5468939230685094,0.9279720328359752,0.9999999999776156,1.0000000000230045,0.9999999999378631,0.33999999784000096,0.4400000014400013,0.374999998875001,0.015203396794959613,0.33999999784000096,0.49000000549000144,0.41499999941500115,1.000000000311929,1.000000000330095,23.905206,600.22901,10823.752,5501.8238,-173.05698,-72.597612,-66.790619,-23.905206,-20.405793,-4.8819858,-34.320177,955.51139,10545.025,4114.5792,-4028.1308,495.64131,16331.564,18388.776,-296.04823,23.905206,1237.47521,.
2038.0,771.84899,7.5555555,9.3333333,10.111111,5.3983,12.2168,142.19242,9494.8422,89.349,173.879,64.3741,7.6666667,9.8888889,8.4444444,0.111,7.5555555,10.888889,9.1111111,2.2441,727.06233,0.20325449312836844,0.33999999784000096,0.41999999892000117,0.45499999545500125,1.0000000005557306,0.9999999997544367,0.5468939230685093,0.9279720328359737,0.9999999999776166,1.0000000000230047,0.9999999999378634,0.345000001845001,0.44500000094500125,0.3799999983800011,0.01520339679495961,0.33999999784000096,0.49000000549000144,0.4099999999100012,1.000000000311929,1.000000000330095,23.905206,604.20099,10826.693,5556.4268,-162.16226,-72.597612,-67.307131,-23.905206,-11.858863,-3.9095658,-24.873259,961.4161,10623.414,4150.8151,-4028.1308,498.93102,16243.046,18306.968,-296.04823,23.905206,1267.39637,.
2039.0,771.84899,7.6666667,9.3333333,10.222222,5.3983,12.2168,142.19242,9494.8422,89.349,173.879,64.3741,7.7777778,10.0,8.5555555,0.108,7.6666667,10.777778,9.1111111,2.2441,727.06233,0.2032544931283686,0.345000001845001,0.41999999892000117,0.4599999904600013,1.0000000005557317,0.9999999997544369,0.5468939230685091,0.9279720328359756,0.9999999999776158,1.0000000000230047,0.999999999937863,0.350000001350001,0.45000000045000127,0.3849999978850011,0.014792494178879621,0.345000001845001,0.48500001048500135,0.4099999999100012,1.0000000003119296,1.000000000330095,23.905206,611.42379,10828.297,5611.1563,-155.85715,-75.084662,-68.143023,-23.905206,-19.191703,-4.7438537,-30.659498,973.80171,10702.326,4187.5773,-4047.1913,504.87487,16152.432,18223.489,-288.86145,23.905206,1294.29488,.
2040.0,771.84899,7.7777778,9.3333333,10.333333,5.3983,12.2168,142.19242,9434.0236,89.349,173.879,64.3741,7.8888889,10.111111,8.6666667,0.108,7.7777778,10.666667,9.0,2.2441,727.06233,0.20325449312836857,0.350000001350001,0.41999999892000117,0.46499998546500126,1.0000000005557306,0.9999999997544365,0.5468939230685094,0.9220279677649154,0.9999999999776162,1.0000000000230045,0.9999999999378631,0.35500000085500105,0.45499999545500125,0.3900000018900011,0.014792494178879626,0.350000001350001,0.4800000154800014,0.40500000040500117,1.0000000003119287,1.000000000330095,24.376698,617.97657,10828.14,5665.9367,-144.96243,-72.597612,-68.515283,-24.376698,-8.5469296,-3.5327532,-18.893834,984.45795,10781.495,4222.6612,-4049.3652,510.27972,16059.624,18138.008,-265.76265,24.376698,1319.57547,.
2041.0,771.84899,7.8888889,9.3333333,10.444444,5.3983,12.2168,142.19242,9434.0236,89.349,173.879,64.3741,8.0,10.222222,8.6666667,0.105,7.8888889,10.666667,9.0,2.2441,727.06233,0.2032544931283685,0.35500000085500105,0.41999999892000117,0.46999998047000136,1.0000000005557306,0.9999999997544371,0.5468939230685093,0.9220279677649165,0.9999999999776156,1.0000000000230045,0.9999999999378636,0.360000000360001,0.4599999904600013,0.3900000018900011,0.014381591562799624,0.35500000085500105,0.4800000154800014,0.40500000040500117,1.0000000003119294,1.000000000330095,24.402413,623.97283,10826.127,5721.0336,-162.16226,-76.523997,-69.920566,-24.402413,-20.405793,-4.8819858,-32.00143,993.95165,10861.181,4256.5181,-4074.356,515.23239,15964.565,18050.455,-291.49598,24.402413,1343.60196,.
2042.0,771.84899,8.0,9.3333333,10.555556,5.3983,12.2168,142.19242,9434.0236,89.349,173.879,64.3741,8.1111111,10.222222,8.7777778,0.102,8.0,10.555556,8.8888889,2.2441,727.06233,0.2032544931283686,0.360000000360001,0.41999999892000117,0.47500002047500134,1.0000000005557308,0.9999999997544367,0.5468939230685094,0.9220279677649152,0.9999999999776158,1.0000000000230045,0.9999999999378634,0.36499999986500103,0.4599999904600013,0.39500000139500113,0.013970688946719639,0.360000000360001,0.47500002047500134,0.4000000009000011,1.0000000003119287,1.000000000330095,24.402413,629.48087,10822.214,5775.9874,-155.85715,-75.084662,-70.148575,-24.402413,-19.191703,-4.5051732,-24.873259,1002.3884,10941.281,4289.5619,-4093.4165,519.78933,15867.136,17960.712,-288.86145,24.402413,1365.78754,.
2043.0,771.84899,8.1111111,9.3333333,10.666667,5.3983,12.2168,142.19242,9434.0236,89.349,173.879,64.3741,8.1111111,10.333333,8.8888889,0.099,8.1111111,10.444444,8.8888889,2.2441,727.06233,0.2032544931283685,0.36499999986500103,0.41999999892000117,0.4800000154800014,1.0000000005557304,0.9999999997544367,0.5468939230685094,0.922027967764916,0.9999999999776158,1.000000000023004,0.9999999999378634,0.36499999986500103,0.46499998546500126,0.4000000009000011,0.013559786330639652,0.36499999986500103,0.46999998047000136,0.4000000009000011,1.000000000311929,1.000000000330095,24.402413,634.95075,10816.594,5830.788,-155.85715,-75.084662,-71.128718,-24.402413,-19.191703,-4.7438537,-34.320177,1010.6742,11021.928,4323.7055,-4108.7206,524.31525,15767.212,17868.945,-296.04823,24.402413,1386.62078,.
2044.0,771.84899,8.2222222,9.3333333,10.777778,5.3983,12.2168,142.19242,9434.0236,89.349,173.879,64.3741,8.2222222,10.444444,9.0,0.099,8.2222222,10.333333,8.7777778,2.2441,727.06233,0.20325449312836857,0.369999999370001,0.41999999892000117,0.48500001048500135,1.0000000005557308,0.9999999997544369,0.5468939230685095,0.9220279677649142,0.9999999999776156,1.000000000023004,0.9999999999378634,0.369999999370001,0.46999998047000136,0.40500000040500117,0.01355978633063965,0.369999999370001,0.46499998546500126,0.39500000139500113,1.00000000031193,1.000000000330095,24.945848,640.73814,10809.157,5884.9761,-144.96243,-72.597612,-71.926119,-24.945848,-17.093859,-4.5051732,-18.893834,1019.4478,11103.145,4359.292,-4114.6509,529.10464,15664.489,17774.879,-265.76265,24.945848,1405.82148,.
2045.0,771.84899,8.3333333,9.3333333,10.888889,5.3983,12.2168,142.19242,9434.0236,89.349,173.879,64.3741,8.3333333,10.555556,9.1111111,0.099,8.3333333,10.333333,8.7777778,2.2441,727.06233,0.20325449312836863,0.374999998875001,0.41999999892000117,0.49000000549000144,1.0000000005557301,0.9999999997544365,0.5468939230685094,0.922027967764916,0.9999999999776156,1.0000000000230045,0.9999999999378631,0.374999998875001,0.47500002047500134,0.4099999999100012,0.013559786330639659,0.374999998875001,0.46499998546500126,0.39500000139500113,1.0000000003119294,1.000000000330095,25.522709,646.98632,10799.299,5938.5735,-173.05698,-79.011047,-72.906262,-25.522709,-13.956708,-4.8819858,-24.873259,1029.6977,11185.049,4394.0674,-4124.3376,534.25711,15560.779,17677.715,-277.50169,25.522709,1423.26955,.
2046.0,771.84899,8.4444444,9.3333333,11.111111,5.3983,12.2168,142.19242,9434.0236,89.349,173.879,64.3741,8.4444444,10.666667,9.1111111,0.096,8.4444444,10.222222,8.6666667,2.2441,727.06233,0.20325449312836855,0.3799999983800011,0.41999999892000117,0.4999999955000014,1.0000000005557306,0.9999999997544367,0.5468939230685095,0.9220279677649144,0.9999999999776168,1.0000000000230052,0.9999999999378634,0.3799999983800011,0.4800000154800014,0.4099999999100012,0.013148883714559665,0.3799999983800011,0.4599999904600013,0.3900000018900011,1.0000000003119291,1.000000000330095,25.522709,653.32502,10787.31,6005.7605,-144.96243,-72.597612,-73.650782,-25.522709,-17.093859,-4.5051732,-22.554513,1040.1387,11267.8,4430.3156,-4139.6417,539.48303,15455.278,17577.566,-272.94944,25.522709,1439.59195,.
2047.0,771.84899,8.5555555,9.3333333,11.222222,5.3983,12.2168,131.41534,9434.0236,89.349,173.879,64.3741,8.5555555,10.777778,9.2222222,0.093,8.5555555,10.111111,8.6666667,2.2441,727.06233,0.20325449312836855,0.3849999978850011,0.41999999892000117,0.5049999905050014,1.0000000005557308,0.9999999997544368,0.5054436153768394,0.922027967764917,0.9999999999776159,1.0000000000230052,0.9999999999378634,0.3849999978850011,0.48500001048500135,0.41499999941500115,0.012737981098479675,0.3849999978850011,0.45499999545500125,0.3900000018900011,1.0000000003119294,1.000000000330095,25.522709,659.73823,10772.84,6072.8969,-162.16226,-76.523997,-74.539554,-25.522709,-20.405793,-4.8819858,-34.320177,1050.6615,11349.237,4466.2027,-4164.6325,544.77148,15349.078,17473.377,-296.04823,25.522709,1454.62796,.
2048.0,771.84899,8.5555555,9.3333333,11.333333,5.3983,12.2168,131.41534,9434.0236,89.349,173.879,64.3741,8.6666667,10.888889,9.3333333,0.093,8.5555555,10.0,8.5555555,2.2441,727.06233,0.20325449312836863,0.3849999978850011,0.41999999892000117,0.5099999855100014,1.000000000555731,0.9999999997544362,0.5054436153768394,0.9220279677649167,0.9999999999776159,1.0000000000230043,0.9999999999378631,0.3900000018900011,0.49000000549000144,0.41999999892000117,0.012737981098479676,0.3849999978850011,0.45000000045000127,0.3849999978850011,1.0000000003119285,1.000000000330095,25.522709,665.49841,10756.006,6139.7613,-144.96243,-72.597612,-75.375446,-25.522709,-17.093859,-4.5051732,-21.212581,1059.6855,11427.9,4501.6018,-4164.6325,549.53133,15239.173,17365.534,-270.3149,25.522709,1468.42283,.
2049.0,771.84899,8.6666667,9.2222222,11.555556,5.3983,12.2168,131.41534,9369.6276,89.349,173.879,64.3741,8.7777778,10.888889,9.4444444,0.093,8.6666667,9.8888889,8.4444444,2.2441,727.06233,0.20325449312836852,0.3900000018900011,0.41499999941500115,0.5200000205200015,1.0000000005557308,0.9999999997544368,0.5054436153768391,0.9157342679047435,0.9999999999776156,1.000000000023004,0.9999999999378631,0.39500000139500113,0.49000000549000144,0.4249999984250012,0.012737981098479673,0.3900000018900011,0.44500000094500125,0.3799999983800011,1.000000000311929,1.000000000330095,26.671711,671.05732,10736.519,6206.3185,-144.96243,-72.597612,-76.264218,-26.671711,-17.093859,-4.8819858,-22.554513,1068.3372,11504.127,4536.4992,-4179.9366,554.12623,15124.895,17253.369,-277.50169,26.671711,1481.08249,.
2050.0,771.84899,8.7777778,9.2222222,11.666667,5.3983,12.2168,131.41534,9369.6276,89.349,173.879,64.3741,8.8888889,11.0,9.5555555,0.09,8.7777778,9.8888889,8.4444444,2.2441,727.06233,0.2032544931283686,0.39500000139500113,0.41499999941500115,0.5250000155250015,1.0000000005557308,0.9999999997544368,0.5054436153768396,0.9157342679047403,0.9999999999776151,1.0000000000230045,0.9999999999378631,0.4000000009000011,0.4950000004950014,0.42999999793000127,0.012327078482399683,0.39500000139500113,0.44500000094500125,0.3799999983800011,1.000000000311929,1.000000000330095,26.671711,676.60157,10714.783,6272.5064,-173.05698,-79.011047,-77.47237,-26.671711,-22.503637,-5.1206664,-24.873259,1076.6572,11579.074,4571.0383,-4204.9274,558.71622,15006.385,17137.02,-277.50169,26.671711,1489.72929,.
2051.0,771.84899,8.8888889,9.2222222,11.777778,5.3983,12.2168,131.41534,9369.6276,89.349,173.879,64.3741,8.8888889,11.111111,9.6666667,0.087,8.8888889,9.7777778,8.3333333,2.2441,727.06233,0.20325449312836857,0.4000000009000011,0.41499999941500115,0.5300000105300015,1.0000000005557301,0.9999999997544363,0.5054436153768395,0.9157342679047437,0.9999999999776155,1.000000000023005,0.9999999999378631,0.4000000009000011,0.4999999955000014,0.43500000193500127,0.011916175866319696,0.4000000009000011,0.4400000014400013,0.374999998875001,1.0000000003119291,1.000000000330095,26.722338,682.40732,10690.576,6340.6561,-144.96243,-72.597612,-78.125519,-26.722338,-17.093859,-5.4775932,-28.340751,1085.6237,11652.5,4608.9746,-4220.2314,563.51678,14883.576,17016.418,-284.3092,26.722338,1497.33067,.
2052.0,771.84899,9.0,9.2222222,12.0,5.3983,12.2168,131.41534,9369.6276,89.349,173.879,64.3741,9.0,11.222222,9.7777778,0.087,9.0,9.6666667,8.2222222,2.2441,727.06233,0.2032544931283685,0.40500000040500117,0.41499999941500115,0.5400000005400015,1.0000000005557306,0.9999999997544368,0.5054436153768392,0.9157342679047416,0.9999999999776161,1.0000000000230045,0.9999999999378634,0.40500000040500117,0.5049999905050014,0.4400000014400013,0.011916175866319692,0.40500000040500117,0.43500000193500127,0.369999999370001,1.0000000003119291,1.000000000330095,26.790516,688.07915,10663.758,6410.6579,-162.16226,-72.597612,-79.249913,-26.790516,-20.405793,-4.8819858,-24.873259,1094.4872,11723.997,4648.8378,-4229.9181,568.20427,14756.501,16891.599,-277.50169,26.790516,1503.95971,.
2053.0,771.84899,9.1111111,9.1111111,12.111111,5.3983,12.2168,131.41534,9369.6276,89.349,173.879,64.3741,9.1111111,11.222222,9.8888889,0.084,9.1111111,9.5555555,8.2222222,2.2441,727.06233,0.20325449312836855,0.4099999999100012,0.4099999999100012,0.5449999955450016,1.0000000005557304,0.9999999997544369,0.5054436153768392,0.9157342679047439,0.9999999999776156,1.0000000000230047,0.999999999937863,0.4099999999100012,0.5049999905050014,0.44500000094500125,0.011505273250239704,0.4099999999100012,0.42999999793000127,0.369999999370001,1.0000000003119294,1.000000000330095,27.003811,693.62031,10634.212,6481.7239,-155.85715,-72.597612,-80.366694,-27.003811,-17.093859,-5.4775932,-34.320177,1103.3702,11793.013,4688.9642,-4245.2222,572.7784,14625.107,16762.508,-288.86145,27.003811,1509.44406,.
2054.0,771.84899,9.1111111,9.1111111,12.333333,5.3983,12.2168,131.41534,9369.6276,89.349,173.879,64.3741,9.2222222,11.333333,9.8888889,0.084,9.1111111,9.4444444,8.1111111,2.2441,727.06233,0.20325449312836855,0.4099999999100012,0.4099999999100012,0.5549999855550015,1.0000000005557301,0.9999999997544363,0.5054436153768395,0.9157342679047432,0.9999999999776159,1.000000000023004,0.9999999999378631,0.41499999941500115,0.5099999855100014,0.44500000094500125,0.011505273250239709,0.4099999999100012,0.4249999984250012,0.36499999986500103,1.0000000003119287,1.000000000330095,27.333401,698.30661,10602.142,6559.5214,-144.96243,-72.597612,-81.483476,-27.333401,-17.093859,-4.5051732,-21.212581,1110.577,11859.504,4729.4101,-4254.9089,576.65401,14489.722,16629.471,-270.3149,27.333401,1513.83641,.
2055.0,771.84899,9.2222222,9.1111111,12.444444,5.3983,12.2168,131.41534,9369.6276,89.349,173.879,64.3741,9.2222222,11.444444,10.0,0.081,9.2222222,9.3333333,8.0,2.2441,727.06233,0.20325449312836852,0.41499999941500115,0.4099999999100012,0.5599999805600016,1.0000000005557306,0.9999999997544368,0.5054436153768394,0.9157342679047432,0.9999999999776154,1.0000000000230047,0.9999999999378634,0.41499999941500115,0.5149999805150015,0.45000000045000127,0.011094370634159717,0.41499999941500115,0.41999999892000117,0.360000000360001,1.0000000003119294,1.000000000330095,27.815741,702.41791,10567.661,6638.719,-144.96243,-72.597612,-82.744507,-27.815741,-17.093859,-5.4775932,-28.340751,1116.7554,11922.894,4768.5604,-4270.213,580.05752,14350.853,16492.993,-284.3092,27.815741,1517.6182,.
2056.0,771.84899,9.3333333,9.0,12.666667,5.3983,12.2168,131.41534,9308.8091,89.349,173.879,64.3741,9.3333333,11.444444,10.111111,0.078,9.3333333,9.2222222,7.8888889,2.2441,727.06233,0.2032544931283686,0.41999999892000117,0.40500000040500117,0.5700000155700017,1.0000000005557308,0.9999999997544363,0.5054436153768394,0.9097902126071165,0.9999999999776162,1.0000000000230045,0.9999999999378634,0.41999999892000117,0.5149999805150015,0.45499999545500125,0.010683468018079727,0.41999999892000117,0.41499999941500115,0.35500000085500105,1.0000000003119294,1.000000000330095,28.074539,706.45136,10531.847,6719.931,-155.85715,-75.084662,-84.096911,-28.074539,-19.191703,-6.0930864,-34.320177,1122.8054,11981.273,4810.1816,-4295.2038,583.39695,14212.041,16356.618,-296.04823,28.074539,1520.66641,.
2057.0,771.84899,9.3333333,9.0,12.888889,5.3983,12.2168,131.41534,9308.8091,89.349,173.879,64.3741,9.4444444,11.555556,10.222222,0.078,9.3333333,9.1111111,7.7777778,2.2441,727.06233,0.20325449312836852,0.41999999892000117,0.40500000040500117,0.5800000055800016,1.0000000005557308,0.9999999997544363,0.5054436153768394,0.9097902126071171,0.9999999999776159,1.000000000023004,0.9999999999378634,0.4249999984250012,0.5200000205200015,0.4599999904600013,0.010683468018079727,0.41999999892000117,0.4099999999100012,0.350000001350001,1.0000000003119294,1.000000000330095,28.339912,711.26729,10494.937,6809.4402,-155.85715,-72.597612,-85.213692,-28.339912,-17.093859,-5.4775932,-30.659498,1130.6194,12033.639,4854.6679,-4295.2038,587.37028,14074.663,16221.724,-270.3149,28.339912,1523.00286,.
2058.0,771.84899,9.4444444,9.0,13.0,5.3983,12.2168,131.41534,9308.8091,89.349,173.879,64.3741,9.5555555,11.555556,10.333333,0.075,9.4444444,9.0,7.7777778,2.2441,727.06233,0.20325449312836855,0.4249999984250012,0.40500000040500117,0.5850000005850017,1.0000000005557306,0.9999999997544369,0.5054436153768396,0.9097902126071147,0.9999999999776151,1.0000000000230043,0.9999999999378631,0.42999999793000127,0.5200000205200015,0.46499998546500126,0.010272565401999735,0.4249999984250012,0.40500000040500117,0.350000001350001,1.0000000003119294,1.000000000330095,28.386735,717.06366,10457.018,6878.6931,-162.16226,-76.523997,-86.618975,-28.386735,-20.405793,-5.8544058,-32.00143,1140.4827,12079.824,4899.0809,-4316.4382,592.14181,13938.766,16088.357,-272.94944,28.386735,1524.56393,.
2059.0,771.84899,9.5555555,8.8888889,13.222222,5.3983,12.2168,131.41534,9308.8091,89.349,173.879,64.3741,9.5555555,11.666667,10.555556,0.075,9.5555555,8.8888889,7.6666667,2.2441,727.06233,0.20325449312836863,0.42999999793000127,0.4000000009000011,0.5949999905950017,1.0000000005557304,0.9999999997544362,0.5054436153768394,0.909790212607114,0.9999999999776155,1.0000000000230047,0.999999999937863,0.42999999793000127,0.5250000155250015,0.47500002047500134,0.010272565401999738,0.42999999793000127,0.4000000009000011,0.345000001845001,1.000000000311929,1.000000000330095,28.617374,722.53475,10417.868,6961.0929,-111.47047,-62.465002,-87.682876,-28.617374,-17.093859,-4.5051732,-21.212581,1149.6583,12120.62,4945.6661,-4320.1946,596.64843,13803.91,15956.077,-270.3149,28.617374,1525.49728,.
2060.0,771.84899,9.6666667,8.8888889,13.444444,5.3983,12.2168,131.41534,9308.8091,89.349,173.879,64.3741,9.6666667,11.666667,10.666667,0.072,9.6666667,8.7777778,7.5555555,2.2441,727.06233,0.20325449312836852,0.43500000193500127,0.4000000009000011,0.6049999806050017,1.0000000005557301,0.9999999997544369,0.5054436153768392,0.9097902126071151,0.9999999999776166,1.0000000000230052,0.9999999999378634,0.43500000193500127,0.5250000155250015,0.4800000154800014,0.009861662785919748,0.43500000193500127,0.39500000139500113,0.33999999784000096,1.0000000003119287,1.000000000330095,28.751274,728.79257,10377.605,7049.3008,-173.05698,-75.084662,-89.551791,-28.751274,-22.503637,-6.0930864,-24.873259,1160.2926,12155.185,4995.4672,-4329.8813,601.80051,13670.487,15825.279,-277.50169,28.751274,1525.37382,.
2061.0,855.99377,9.7777778,8.7777778,13.555556,5.3983,12.2168,131.41534,9308.8091,89.349,173.879,64.3741,9.7777778,11.666667,10.777778,0.072,9.7777778,8.6666667,7.4444444,2.2441,727.06233,0.22541271945227434,0.4400000014400013,0.39500000139500113,0.6100000206100017,1.0000000005557301,0.9999999997544369,0.5054436153768395,0.9097902126071151,0.9999999999776159,1.0000000000230052,0.9999999999378631,0.4400000014400013,0.5250000155250015,0.48500001048500135,0.009861662785919746,0.4400000014400013,0.3900000018900011,0.33499999833500094,1.0000000003119296,1.000000000330095,29.061905,735.02782,10336.262,7133.3122,-162.16226,-72.597612,-90.949461,-29.061905,-20.405793,-5.8544058,-34.320177,1170.485,12183.013,5046.6017,-4345.1854,606.94288,13538.605,15696.071,-277.50169,29.061905,1524.0420199999999,.
2062.0,855.99377,9.8888889,8.7777778,13.777778,5.3983,12.2168,131.41534,9308.8091,89.349,173.879,64.3741,9.8888889,11.777778,10.888889,0.069,9.8888889,8.5555555,7.4444444,2.2441,727.06233,0.2254127194522744,0.44500000094500125,0.39500000139500113,0.6200000106200018,1.0000000005557306,0.9999999997544365,0.5054436153768394,0.9097902126071177,0.9999999999776162,1.0000000000230045,0.999999999937863,0.44500000094500125,0.5300000105300015,0.49000000549000144,0.009450760169839758,0.44500000094500125,0.3849999978850011,0.33499999833500094,1.0000000003119287,1.000000000330095,29.285688,741.35903,10293.898,7215.7459,-173.05698,-75.084662,-92.674125,-29.285688,-22.503637,-7.0655064,-34.320177,1180.4044,12204.359,5099.4161,-4370.1762,612.17435,13408.284,15568.472,-277.50169,29.285688,1521.58097,.
2063.0,855.99377,10.0,8.7777778,14.0,5.3983,12.2168,131.41534,9308.8091,89.349,173.879,64.3741,10.0,11.777778,11.0,0.069,10.0,8.4444444,7.3333333,2.2441,727.06233,0.22541271945227428,0.45000000045000127,0.39500000139500113,0.6300000006300018,1.0000000005557308,0.9999999997544363,0.5054436153768394,0.9097902126071179,0.9999999999776158,1.000000000023004,0.9999999999378631,0.45000000045000127,0.5300000105300015,0.4950000004950014,0.009450760169839758,0.45000000045000127,0.3799999983800011,0.3299999988300009,1.000000000311929,1.000000000330095,29.547554,747.64286,10250.353,7296.4536,-100.57576,-62.465002,-93.790906,-29.547554,-17.093859,-5.4775932,-34.320177,1189.986,12219.227,5153.4746,-4370.1762,617.37337,13279.323,15442.283,-270.3149,29.547554,1518.13862,.
2064.0,855.99377,10.111111,8.6666667,14.111111,5.3983,12.2168,131.41534,9308.8091,89.349,173.879,64.3741,10.111111,11.777778,11.222222,0.066,10.111111,8.3333333,7.2222222,2.2441,727.06233,0.2254127194522744,0.45499999545500125,0.3900000018900011,0.6349999956350018,1.0000000005557306,0.9999999997544367,0.5054436153768395,0.9097902126071159,0.9999999999776156,1.000000000023005,0.9999999999378634,0.45499999545500125,0.5300000105300015,0.5049999905050014,0.009039857553759766,0.45499999545500125,0.374999998875001,0.3249999993250009,1.0000000003119294,1.000000000330095,29.547554,753.43856,10205.519,7372.4251,-173.05698,-79.011047,-95.88783,-29.547554,-22.503637,-6.0930864,-34.320177,1198.5852,12227.962,5209.6346,-4395.167,622.17364,13151.481,15317.264,-277.50169,29.547554,1514.00305,.
2065.0,855.99377,10.222222,8.6666667,14.333333,5.3983,12.2168,131.41534,9308.8091,89.349,173.879,64.3741,10.222222,11.777778,11.333333,0.063,10.222222,8.2222222,7.2222222,2.2441,727.06233,0.22541271945227437,0.4599999904600013,0.3900000018900011,0.6449999856450018,1.0000000005557304,0.9999999997544363,0.5054436153768391,0.9097902126071169,0.9999999999776151,1.0000000000230043,0.9999999999378631,0.4599999904600013,0.5300000105300015,0.5099999855100014,0.008628954937679777,0.4599999904600013,0.369999999370001,0.3249999993250009,1.0000000003119287,1.000000000330095,29.616249,760.53185,10159.173,7439.2137,-173.05698,-72.597612,-97.749132,-29.616249,-22.503637,-6.8268258,-34.320177,1210.0133,12230.52,5269.4156,-4416.4014,628.02819,13024.529,15193.201,-277.50169,29.616249,1508.95395,.
2066.0,855.99377,10.333333,8.5555555,14.222222,5.3983,12.2168,122.1155,9308.8091,89.349,173.879,64.3741,10.333333,11.777778,11.555556,0.063,10.333333,8.1111111,7.1111111,2.2441,727.06233,0.22541271945227434,0.46499998546500126,0.3849999978850011,0.6399999906400018,1.0000000005557308,0.9999999997544368,0.4696749999927744,0.909790212607115,0.9999999999776158,1.0000000000230045,0.999999999937863,0.46499998546500126,0.5300000105300015,0.5200000205200015,0.008628954937679779,0.46499998546500126,0.36499999986500103,0.3199999998200009,1.0000000003119291,1.000000000330095,29.77766,768.08524,10111.092,7420.7014,-162.16226,-76.523997,-99.382424,-29.77766,-20.405793,-5.8544058,-34.320177,1222.5911,12226.763,5336.477,-4416.4014,634.25229,12898.136,15069.838,-277.50169,29.77766,1502.58902,.
2067.0,855.99377,10.444444,8.5555555,14.111111,5.3983,12.2168,122.1155,9233.6803,89.349,173.879,64.3741,10.444444,11.777778,11.666667,0.06,10.444444,8.0,7.0,2.2441,727.06233,0.22541271945227437,0.46999998047000136,0.3849999978850011,0.6349999956350018,1.0000000005557304,0.9999999997544367,0.4696749999927743,0.902447549739002,0.9999999999776154,1.0000000000230045,0.9999999999378626,0.46999998047000136,0.5300000105300015,0.5250000155250015,0.008218052321599787,0.46999998047000136,0.360000000360001,0.3150000003150009,1.0000000003119287,1.000000000330095,30.22352,775.43802,10061.208,7363.6862,-144.96243,-72.597612,-101.24373,-30.22352,-25.640789,-6.4500132,-28.340751,1234.7982,12220.204,5404.7708,-4431.7054,640.31186,12771.302,14946.27,-270.3149,30.22352,1495.10624,.
2068.0,855.99377,10.555556,8.4444444,14.0,5.3983,12.2168,122.1155,9233.6803,89.349,173.879,64.3741,10.555556,11.777778,11.888889,0.06,10.555556,7.8888889,7.0,2.2441,727.06233,0.2254127194522744,0.47500002047500134,0.3799999983800011,0.6300000006300018,1.0000000005557301,0.9999999997544362,0.4696749999927743,0.9024475497390048,0.9999999999776159,1.0000000000230045,0.9999999999378634,0.47500002047500134,0.5300000105300015,0.5350000055350016,0.008218052321599794,0.47500002047500134,0.35500000085500105,0.3150000003150009,1.0000000003119287,1.000000000330095,30.727244,782.70451,10009.421,7304.9452,-144.96243,-72.597612,-103.1964,-30.727244,-17.093859,-6.8268258,-34.320177,1246.7028,12212.153,5472.3599,-4441.3922,646.3047,12643.613,14821.932,-270.3149,30.727244,1486.84331,.
2069.0,855.99377,10.666667,8.4444444,13.888889,5.3983,12.2168,122.1155,9233.6803,89.349,173.879,64.3741,10.666667,11.777778,12.0,0.06,10.666667,7.7777778,6.8888889,2.2441,727.06233,0.22541271945227426,0.4800000154800014,0.3799999983800011,0.6250000056250018,1.0000000005557308,0.9999999997544365,0.4696749999927744,0.9024475497390052,0.9999999999776158,1.0000000000230052,0.9999999999378634,0.4800000154800014,0.5300000105300015,0.5400000005400015,0.00821805232159979,0.4800000154800014,0.350000001350001,0.3100000008100009,1.0000000003119291,1.000000000330095,30.855209,789.37216,9956.1647,7244.8986,-173.05698,-62.465002,-105.20195,-30.855209,-22.503637,-6.8268258,-34.320177,1257.0373,12202.186,5538.7374,-4441.3922,651.81679,12515.58,14697.463,-277.50169,30.855209,1477.80352,.
2070.0,855.99377,10.777778,8.3333333,13.666667,5.3983,12.2168,122.1155,9233.6803,89.349,173.879,64.3741,10.888889,11.777778,12.222222,0.057,10.777778,7.6666667,6.7777778,2.2441,727.06233,0.22541271945227442,0.48500001048500135,0.374999998875001,0.6150000156150017,1.0000000005557308,0.9999999997544367,0.4696749999927743,0.9024475497390031,0.9999999999776158,1.000000000023005,0.9999999999378634,0.49000000549000144,0.5300000105300015,0.5499999905500016,0.007807149705519802,0.48500001048500135,0.345000001845001,0.3050000013050009,1.0000000003119294,1.000000000330095,31.297532,797.14761,9901.2617,7183.3439,-144.96243,-72.597612,-107.43551,-31.297532,-25.640789,-6.4500132,-32.00143,1269.3592,12190.168,5604.2318,-4456.6962,658.23896,12387.079,14572.618,-265.76265,31.297532,1467.75358,.
2071.0,855.99377,10.888889,8.3333333,13.555556,5.3983,12.2168,122.1155,9233.6803,89.349,173.879,64.3741,11.0,11.666667,12.444444,0.057,10.888889,7.5555555,6.6666667,2.2441,727.06233,0.22541271945227434,0.49000000549000144,0.374999998875001,0.6100000206100017,1.0000000005557308,0.9999999997544367,0.46967499999277407,0.9024475497390048,0.9999999999776156,1.000000000023004,0.9999999999378631,0.4950000004950014,0.5250000155250015,0.5599999805600016,0.0078071497055198025,0.49000000549000144,0.33999999784000096,0.30000000180000086,1.0000000003119291,1.000000000330095,31.471504,805.99468,9844.6053,7119.9349,-155.85715,-75.084662,-109.76045,-31.471504,-31.050567,-8.0379264,-34.320177,1283.7549,12175.996,5669.1671,-4470.1393,665.53714,12257.943,14447.309,-277.50169,31.471504,1456.89437,.
2072.0,855.99377,11.111111,8.2222222,13.444444,5.3983,12.2168,122.1155,9233.6803,89.349,173.879,64.3741,11.111111,11.666667,12.555556,0.054,11.111111,7.4444444,6.6666667,2.2441,727.06233,0.22541271945227434,0.4999999955000014,0.369999999370001,0.6049999806050017,1.0000000005557304,0.9999999997544372,0.4696749999927743,0.9024475497390023,0.9999999999776151,1.000000000023004,0.9999999999378634,0.4999999955000014,0.5250000155250015,0.5650000205650015,0.007396247089439809,0.4999999955000014,0.33499999833500094,0.30000000180000086,1.0000000003119291,1.000000000330095,31.655299,814.24808,9785.9927,7054.7038,-173.05698,-79.011047,-112.60189,-31.655299,-31.050567,-8.0379264,-34.320177,1296.8377,12159.424,5733.9504,-4491.3737,672.3532,12128.139,14321.429,-277.50169,31.655299,1445.09237,.
2073.0,855.99377,11.222222,8.1111111,13.222222,5.3983,12.2168,122.1155,9233.6803,89.349,173.879,64.3741,11.333333,11.666667,12.777778,0.054,11.222222,7.4444444,6.5555555,2.2441,727.06233,0.22541271945227442,0.5049999905050014,0.36499999986500103,0.5949999905950017,1.0000000005557301,0.9999999997544362,0.4696749999927742,0.9024475497390034,0.9999999999776155,1.000000000023005,0.9999999999378634,0.5099999855100014,0.5250000155250015,0.5750000105750016,0.007396247089439807,0.5049999905050014,0.33499999833500094,0.2949999977950008,1.000000000311929,1.000000000330095,31.832637,822.92913,9725.3979,6987.7698,-144.96243,-72.597612,-114.83545,-31.832637,-25.640789,-7.7992459,-32.00143,1310.8512,12140.173,5797.3972,-4491.3737,679.51771,11997.71,14195.02,-265.76265,31.832637,1432.7284300000001,.
2074.0,855.99377,11.333333,8.1111111,13.111111,5.3983,12.2168,122.1155,9233.6803,89.349,173.879,64.3741,11.444444,11.666667,12.888889,0.054,11.333333,7.3333333,6.4444444,2.2441,727.06233,0.22541271945227434,0.5099999855100014,0.36499999986500103,0.5899999955900016,1.0000000005557308,0.9999999997544367,0.4696749999927744,0.9024475497390024,0.9999999999776169,1.0000000000230045,0.9999999999378636,0.5149999805150015,0.5250000155250015,0.5800000055800016,0.007396247089439811,0.5099999855100014,0.3299999988300009,0.28999999829000084,1.0000000003119287,1.000000000330095,31.911175,832.59973,9663.0047,6918.731,-155.85715,-75.084662,-117.53265,-31.911175,-22.503637,-8.0379264,-34.320177,1326.9054,12117.699,5858.9665,-4501.0605,687.48793,11866.768,14068.502,-270.3149,31.911175,1419.70179,.
2075.0,855.99377,11.555556,8.0,13.0,5.3983,12.2168,122.1155,9165.7067,89.349,173.879,64.3741,11.666667,11.555556,13.0,0.051,11.555556,7.2222222,6.4444444,2.2441,727.06233,0.2254127194522743,0.5200000205200015,0.360000000360001,0.5850000005850017,1.0000000005557308,0.9999999997544367,0.4696749999927743,0.8958041955428493,0.9999999999776151,1.000000000023005,0.9999999999378631,0.5250000155250015,0.5200000205200015,0.5850000005850017,0.006985344473359819,0.5200000205200015,0.3249999993250009,0.28999999829000084,1.0000000003119296,1.000000000330095,32.586602,842.43185,9598.7991,6847.9784,-128.6703,-64.952052,-120.28272,-32.586602,-22.503637,-8.0379264,-34.320177,1342.9443,12090.966,5916.5798,-4520.1209,695.59719,11735.628,13942.072,-258.95514,32.586602,1405.7339,.
2076.0,855.99377,11.666667,8.0,12.777778,5.3983,12.2168,114.00801,9165.7067,89.349,173.879,64.3741,11.777778,11.555556,13.222222,0.048,11.666667,7.1111111,6.3333333,2.2441,727.06233,0.22541271945227442,0.5250000155250015,0.360000000360001,0.5750000105750016,1.0000000005557304,0.9999999997544363,0.43849234614710025,0.8958041955428524,0.9999999999776158,1.0000000000230045,0.9999999999378634,0.5300000105300015,0.5200000205200015,0.5949999905950017,0.006574441857279834,0.5250000155250015,0.3199999998200009,0.28499999878500076,1.0000000003119294,1.000000000330095,33.06657,852.60558,9532.6683,6775.4146,-144.96243,-72.597612,-123.63307,-33.06657,-28.952723,-8.7716659,-43.767094,1359.3763,12061.069,5971.0661,-4541.3553,703.99292,11604.208,13815.54,-270.3149,33.06657,1390.71798,.
2077.0,855.99377,11.888889,7.8888889,12.666667,5.3983,12.2168,114.00801,9165.7067,89.349,173.879,64.3741,12.0,11.555556,13.444444,0.048,11.888889,7.0,6.2222222,2.2441,727.06233,0.2254127194522743,0.5350000055350016,0.35500000085500105,0.5700000155700017,1.0000000005557304,0.9999999997544361,0.43849234614710025,0.8958041955428514,0.9999999999776161,1.0000000000230047,0.9999999999378634,0.5400000005400015,0.5200000205200015,0.6049999806050017,0.006574441857279831,0.5350000055350016,0.3150000003150009,0.2799999992800008,1.0000000003119294,1.000000000330095,33.33996,862.84572,9465.1912,6701.3139,-144.96243,-72.597612,-126.70252,-33.33996,-25.640789,-8.7716659,-41.448347,1375.7669,12027.517,6051.0484,-4541.3553,712.44675,11473.692,13690.172,-265.76265,33.33996,1375.1008299999999,.
2078.0,855.99377,12.0,7.7777778,12.444444,5.3983,12.2168,114.00801,9165.7067,89.349,173.879,64.3741,12.111111,11.444444,13.555556,0.045,12.0,6.8888889,6.1111111,2.2441,727.06233,0.22541271945227442,0.5400000005400015,0.350000001350001,0.5599999805600016,1.0000000005557308,0.9999999997544367,0.43849234614710025,0.8958041955428517,0.9999999999776156,1.000000000023005,0.9999999999378631,0.5449999955450016,0.5149999805150015,0.6100000206100017,0.00616353924119984,0.5400000005400015,0.3100000008100009,0.2749999997750008,1.0000000003119294,1.000000000330095,33.601169,873.533,9396.67,6626.0537,-128.6703,-62.465002,-129.6806,-33.601169,-22.503637,-8.0379264,-34.320177,1392.7229,11990.361,6130.3301,-4551.042,721.27302,11344.777,13566.563,-258.95514,33.601169,1358.89419,.
2079.0,855.99377,12.222222,7.7777778,12.333333,5.3983,12.2168,114.00801,9165.7067,89.349,173.879,64.3741,12.333333,11.444444,13.777778,0.045,12.222222,6.7777778,6.1111111,2.2441,727.06233,0.2254127194522744,0.5499999905500016,0.350000001350001,0.5549999855550015,1.0000000005557308,0.9999999997544363,0.4384923461471001,0.8958041955428518,0.9999999999776154,1.000000000023004,0.9999999999378634,0.5549999855550015,0.5149999805150015,0.6200000106200018,0.006163539241199843,0.5499999905500016,0.3050000013050009,0.2749999997750008,1.0000000003119285,1.000000000330095,33.636745,885.43119,9327.0378,6549.4205,-173.05698,-72.597612,-133.63883,-33.636745,-31.050567,-9.0103464,-43.767094,1411.9408,11949.152,6208.5957,-4566.3461,731.09172,11217.143,13444.594,-277.50169,33.636745,1341.96999,.
2080.0,855.99377,12.444444,7.6666667,12.111111,5.3983,12.2168,114.00801,9108.4658,89.349,173.879,64.3741,12.555556,11.444444,14.0,0.045,12.444444,6.6666667,6.0,2.2441,727.06233,0.2254127194522743,0.5599999805600016,0.345000001845001,0.5449999955450016,1.0000000005557308,0.9999999997544371,0.4384923461471002,0.8902097945812034,0.9999999999776158,1.0000000000230045,0.999999999937863,0.5650000205650015,0.5149999805150015,0.6300000006300018,0.006163539241199843,0.5599999805600016,0.30000000180000086,0.27000000027000076,1.0000000003119283,1.000000000330095,34.210207,900.01883,9256.1628,6471.1365,-100.57576,-62.465002,-136.47266,-34.210207,-17.093859,-8.7716659,-32.00143,1436.7717,11903.944,6285.756,-4551.042,743.10015,11090.656,13324.339,-247.21611,34.210207,1324.2977,.
2081.0,855.99377,12.777778,7.5555555,11.888889,5.3983,12.2168,114.00801,9108.4658,89.349,173.879,64.3741,12.888889,11.333333,14.222222,0.042,12.666667,6.5555555,5.8888889,2.2441,727.06233,0.2254127194522744,0.5750000105750016,0.33999999784000096,0.5350000055350016,1.0000000005557306,0.9999999997544365,0.4384923461471002,0.8902097945812023,0.9999999999776151,1.0000000000230045,0.999999999937863,0.5800000055800016,0.5099999855100014,0.6399999906400018,0.005752636625119851,0.5700000155700017,0.2949999977950008,0.2650000007650008,1.0000000003119287,1.000000000330095,34.815302,914.30416,9183.8254,6391.2757,-100.57576,-62.465002,-140.71178,-34.815302,-25.640789,-8.7716659,-32.00143,1460.4324,11855.111,6360.8331,-4576.0328,754.87406,10965.457,13205.546,-247.21611,34.815302,1305.88141,.
2082.0,855.99377,13.0,7.4444444,11.777778,5.3983,12.2168,114.00801,9108.4658,89.349,173.879,64.3741,13.111111,11.222222,14.444444,0.042,12.888889,6.4444444,5.8888889,2.2441,727.06233,0.22541271945227434,0.5850000005850017,0.33499999833500094,0.5300000105300015,1.0000000005557304,0.9999999997544362,0.43849234614710025,0.8902097945812057,0.9999999999776159,1.000000000023005,0.9999999999378631,0.5899999955900016,0.5049999905050014,0.6499999806500019,0.005752636625119855,0.5800000055800016,0.28999999829000084,0.2650000007650008,1.000000000311929,1.000000000330095,34.945338,927.481,9110.2301,6309.9289,-155.85715,-75.084662,-144.98938,-34.945338,-31.050567,-9.9827664,-43.767094,1481.1956,11802.978,6439.4093,-4579.7892,765.75987,10841.529,13088.351,-270.3149,34.945338,1286.95022,.
2083.0,855.99377,13.111111,7.4444444,11.555556,5.3983,12.2168,106.87681,9108.4658,89.349,173.879,64.3741,13.222222,11.222222,14.666667,0.042,13.111111,6.3333333,5.7777778,2.2441,727.06233,0.22541271945227426,0.5899999955900016,0.33499999833500094,0.5200000205200015,1.0000000005557306,0.9999999997544368,0.4110646538398297,0.8902097945812062,0.9999999999776162,1.0000000000230047,0.9999999999378634,0.5949999905950017,0.5049999905050014,0.6600000156600019,0.005752636625119853,0.5899999955900016,0.28499999878500076,0.2600000012600007,1.0000000003119294,1.000000000330095,35.418719,939.29737,9035.2718,6226.9063,-100.57576,-62.465002,-148.99288,-35.418719,-25.640789,-9.3672733,-34.320177,1498.7963,11747.597,6521.6669,-4579.7892,775.54609,10718.654,12972.681,-247.21611,35.418719,1267.26397,.
2084.0,855.99377,13.333333,7.3333333,11.333333,5.3983,12.2168,106.87681,9029.7595,89.349,173.879,64.3741,13.444444,11.111111,14.888889,0.042,13.333333,6.2222222,5.6666667,2.2441,727.06233,0.2254127194522744,0.5999999856000017,0.3299999988300009,0.5099999855100014,1.0000000005557312,0.9999999997544371,0.41106465383982993,0.8825174871505469,0.9999999999776158,1.0000000000230045,0.9999999999378634,0.6049999806050017,0.4999999955000014,0.670000005670002,0.005752636625119853,0.5999999856000017,0.2799999992800008,0.25500000175500076,1.0000000003119294,1.000000000330095,36.090493,950.05383,8958.9572,6142.1538,-100.57576,-62.465002,-153.69562,-36.090493,-28.952723,-9.7440859,-34.320177,1514.0685,11689.737,6606.7497,-4591.6499,784.47105,10596.6,12858.41,-251.76836,36.090493,1246.77665,.
2085.0,939.09786,13.444444,7.2222222,11.222222,5.3983,12.2168,106.87681,9029.7595,89.349,173.879,64.3741,13.555556,11.111111,15.111111,0.039,13.444444,6.1111111,5.6666667,2.2441,727.06233,0.24729689616130174,0.6049999806050017,0.3249999993250009,0.5049999905050014,1.0000000005557308,0.9999999997544363,0.41106465383982993,0.8825174871505451,0.9999999999776158,1.0000000000230043,0.9999999999378631,0.6100000206100017,0.4999999955000014,0.6799999956800019,0.005341734009039866,0.6049999806050017,0.2749999997750008,0.25500000175500076,1.000000000311929,1.000000000330095,36.494776,959.94865,8881.1509,6055.5679,-144.96243,-72.597612,-158.48213,-36.494776,-25.640789,-10.716506,-41.448347,1527.7685,11629.734,6706.4791,-4610.7103,792.68972,10475.185,12745.351,-247.21611,36.494776,1225.6695300000001,.
2086.0,939.09786,13.666667,7.1111111,11.0,5.3983,12.2168,106.87681,9029.7595,89.349,173.879,64.3741,13.666667,11.0,15.333333,0.039,13.666667,6.0,5.5555556,2.2441,727.06233,0.2472968961613017,0.6150000156150017,0.3199999998200009,0.4950000004950014,1.0000000005557308,0.9999999997544369,0.4110646538398299,0.8825174871505442,0.9999999999776155,1.0000000000230045,0.9999999999378634,0.6150000156150017,0.4950000004950014,0.689999985690002,0.005341734009039861,0.6150000156150017,0.27000000027000076,0.2500000022500007,1.0000000003119294,1.000000000330095,36.935788,968.75729,8801.0906,5966.5797,-155.85715,-75.084662,-163.55714,-36.935788,-31.050567,-10.955186,-43.767094,1540.4412,11563.438,6806.5063,-4614.4667,799.9952,10355.752,12633.13,-251.76836,36.935788,1204.16489,.
2087.0,939.09786,13.777778,7.1111111,10.777778,5.3983,12.2168,106.87681,9029.7595,89.349,173.879,64.3741,13.777778,10.888889,15.666667,0.039,13.777778,6.0,5.4444444,2.2441,727.06233,0.24729689616130177,0.6200000106200018,0.3199999998200009,0.48500001048500135,1.0000000005557308,0.9999999997544363,0.4110646538398299,0.8825174871505455,0.9999999999776161,1.000000000023005,0.9999999999378631,0.6200000106200018,0.49000000549000144,0.705000015705002,0.005341734009039862,0.6200000106200018,0.27000000027000076,0.24499999824500068,1.000000000311928,1.000000000330095,37.310594,976.08196,8718.4599,5874.7653,-100.57576,-62.465002,-168.76878,-37.310594,-28.952723,-10.716506,-34.320177,1551.2544,11489.55,6907.9724,-4620.3971,806.06341,10236.626,12520.808,-251.76836,37.310594,1182.25386,.
2088.0,939.09786,13.888889,7.0,10.555556,5.3983,12.2168,100.55507,9029.7595,89.349,173.879,64.3741,13.888889,10.777778,15.888889,0.039,13.888889,5.8888889,5.4444444,2.2441,727.06233,0.24729689616130168,0.6250000056250018,0.3150000003150009,0.47500002047500134,1.0000000005557308,0.9999999997544367,0.3867502692248193,0.8825174871505443,0.9999999999776165,1.0000000000230045,0.9999999999378634,0.6250000056250018,0.48500001048500135,0.7150000057150021,0.005341734009039863,0.6250000056250018,0.2650000007650008,0.24499999824500068,1.0000000003119287,1.000000000330095,37.782822,982.10718,8633.6412,5780.4503,-155.85715,-64.952052,-174.44406,-37.782822,-27.738633,-10.955186,-34.320177,1560.4106,11405.879,7024.394,-4624.1534,811.04904,10117.247,12408.738,-251.76836,37.782822,1159.80266,.
2089.0,939.09786,13.888889,6.8888889,10.333333,5.3983,12.2168,100.55507,8768.5976,89.349,173.879,64.3741,14.0,10.666667,16.111111,0.036,13.888889,5.7777778,5.3333333,2.2441,727.06233,0.24729689616130174,0.6250000056250018,0.3100000008100009,0.46499998546500126,1.0000000005557308,0.9999999997544369,0.38675026922481937,0.8569930040535727,0.9999999999776158,1.0000000000230045,0.9999999999378628,0.6300000006300018,0.4800000154800014,0.7249999957250021,0.004930831392959875,0.6250000056250018,0.2600000012600007,0.23999999874000066,1.0000000003119296,1.000000000330095,38.54045,986.65159,8546.6739,5683.7112,-100.57576,-62.465002,-180.54447,-38.54045,-28.952723,-10.716506,-32.00143,1567.2633,11313.636,7098.3956,-4630.0838,814.81052,9997.5505,12296.814,-247.21611,38.54045,1136.66039,.
2090.0,939.09786,14.0,6.7777778,10.111111,5.3983,12.2168,100.55507,8730.5839,89.349,173.879,64.3741,14.0,10.555556,16.333333,0.036,14.0,5.6666667,5.3333333,2.2441,727.06233,0.2472968961613018,0.6300000006300018,0.3050000013050009,0.45499999545500125,1.0000000005557306,0.9999999997544363,0.3867502692248193,0.8532777605854296,0.9999999999776159,1.0000000000230045,0.9999999999378634,0.6300000006300018,0.47500002047500134,0.734999985735002,0.004930831392959875,0.6300000006300018,0.25500000175500076,0.23999999874000066,1.0000000003119294,1.000000000330095,39.894287,990.4497,8457.8038,5584.8444,-100.57576,-62.465002,-186.96427,-39.894287,-25.640789,-11.927606,-43.767094,1573.095,11213.834,7197.1383,-4630.0838,817.95184,9877.6523,12185.086,-251.76836,39.894287,1112.87043,.
2091.0,939.09786,14.222222,6.6666667,9.8888889,5.3983,12.2168,100.55507,8389.3764,89.349,173.879,64.3741,14.333333,10.444444,16.666667,0.036,14.222222,5.5555556,5.2222222,2.2441,727.06233,0.24729689616130168,0.6399999906400018,0.30000000180000086,0.44500000094500125,1.0000000005557304,0.9999999997544367,0.3867502692248193,0.8199300744707639,0.9999999999776168,1.0000000000230052,0.9999999999378638,0.6449999856450018,0.46999998047000136,0.7500000157500022,0.004930831392959873,0.6399999906400018,0.2500000022500007,0.23499999923500067,1.0000000003119294,1.000000000330095,40.265409,1007.4742,8367.6145,5484.5591,-173.05698,-64.952052,-193.66496,-40.265409,-39.597496,-12.900026,-43.767094,1606.5336,11106.459,7307.0498,-4639.7705,831.86437,9759.1661,12074.125,-258.95514,40.265409,1088.66365,.
2092.0,939.09786,14.555556,6.5555555,9.6666667,5.3983,12.2168,94.911913,8389.3764,89.349,173.879,64.3741,14.666667,10.333333,16.888889,0.036,14.555556,5.4444444,5.1111111,2.2441,727.06233,0.2472968961613018,0.6550000206550018,0.2949999977950008,0.43500000193500127,1.0000000005557308,0.9999999997544367,0.36504581922515317,0.8199300744707644,0.9999999999776165,1.0000000000230045,0.9999999999378631,0.6600000156600019,0.46499998546500126,0.7600000057600022,0.004930831392959871,0.6550000206550018,0.24499999824500068,0.22999999973000063,1.0000000003119294,1.000000000330095,40.345938,1024.4999,8276.1686,5382.9361,-117.77559,-62.465002,-200.88216,-40.345938,-28.952723,-12.661346,-41.448347,1637.9686,10990.854,7407.7242,-4645.7008,845.81847,9641.4346,11964.056,-254.40289,40.345938,1064.15998,.
2093.0,939.09786,14.777778,6.4444444,9.4444444,5.3983,12.2168,94.911913,8389.3764,89.349,173.879,64.3741,15.0,10.222222,17.222222,0.033,14.777778,5.3333333,5.1111111,2.2441,727.06233,0.24729689616130174,0.6650000106650019,0.28999999829000084,0.4249999984250012,1.0000000005557308,0.9999999997544363,0.36504581922515317,0.8199300744707646,0.9999999999776156,1.0000000000230043,0.9999999999378631,0.6750000006750019,0.4599999904600013,0.7749999907750021,0.004519928776879887,0.6650000106650019,0.23999999874000066,0.22999999973000063,1.0000000003119285,1.000000000330095,40.389124,1041.305,8183.4225,5281.5001,-155.85715,-62.465002,-208.51011,-40.389124,-39.597496,-12.900026,-43.767094,1666.9617,10866.383,7503.4656,-4649.4572,859.64274,9524.5345,11855.002,-251.76836,40.389124,1038.961832,.
2094.0,939.09786,15.111111,6.3333333,9.2222222,5.3983,12.2168,94.911913,8389.3764,89.349,173.879,64.3741,15.222222,10.0,17.444444,0.033,15.111111,5.2222222,5.0,2.2441,727.06233,0.24729689616130165,0.6799999956800019,0.28499999878500076,0.41499999941500115,1.0000000005557308,0.9999999997544371,0.36504581922515317,0.8199300744707634,0.9999999999776156,1.0000000000230045,0.9999999999378631,0.684999990685002,0.45000000045000127,0.7849999807850022,0.004519928776879884,0.6799999956800019,0.23499999923500067,0.22500000022500063,1.0000000003119285,1.000000000330095,40.524229,1057.8915,8089.3624,5179.5852,-144.96243,-62.465002,-215.95531,-40.524229,-37.499652,-13.633766,-43.767094,1693.5904,10730.537,7591.9944,-4655.3875,873.33701,9408.7647,11747.255,-247.21611,40.524229,1012.810514,.
2095.0,939.09786,15.333333,6.3333333,9.0,5.3983,12.2168,89.843237,8389.3764,89.349,173.879,64.3741,15.555556,9.8888889,17.555556,0.033,15.333333,5.2222222,4.8888889,2.2441,727.06233,0.2472968961613018,0.689999985690002,0.28499999878500076,0.40500000040500117,1.0000000005557308,0.9999999997544368,0.34555091153314543,0.8199300744707615,0.9999999999776151,1.0000000000230047,0.9999999999378631,0.700000020700002,0.44500000094500125,0.7900000207900022,0.004519928776879884,0.689999985690002,0.23499999923500067,0.22000000072000064,1.000000000311929,1.000000000330095,40.732998,1073.8007,7994.1471,5078.7965,-162.16226,-62.465002,-224.66155,-40.732998,-37.499652,-13.633766,-41.448347,1716.7808,10582.183,7666.8686,-4659.1439,886.52092,9295.418,11641.1,-254.40289,40.732998,985.790773,.
2096.0,939.09786,15.666667,6.2222222,8.7777778,5.3983,12.2168,89.843237,8389.3764,89.349,173.879,64.3741,15.777778,9.6666667,17.777778,0.036,15.666667,5.1111111,4.8888889,2.2441,727.06233,0.2472968961613017,0.705000015705002,0.2799999992800008,0.39500000139500113,1.0000000005557301,0.9999999997544365,0.34555091153314543,0.8199300744707646,0.9999999999776156,1.0000000000230047,0.9999999999378631,0.710000010710002,0.43500000193500127,0.8000000108000024,0.004930831392959875,0.705000015705002,0.22999999973000063,0.22000000072000064,1.000000000311929,1.000000000330095,41.038521,1091.588,7898.8204,4977.8345,-100.57576,-62.465002,-232.7984,-41.038521,-28.952723,-13.633766,-32.00143,1741.9047,10414.515,7718.3471,-4643.8398,901.28435,9186.8207,11538.778,-228.66957,41.038521,957.59569,.
2097.0,939.09786,16.0,6.1111111,8.5555555,5.3983,12.2168,89.843237,8389.3764,89.349,173.879,64.3741,16.0,9.4444444,17.444444,0.036,15.888889,5.0,4.7777778,2.2441,727.06233,0.24729689616130168,0.720000000720002,0.2749999997750008,0.3849999978850011,1.0000000005557304,0.9999999997544368,0.34555091153314527,0.819930074470763,0.9999999999776162,1.0000000000230045,0.9999999999378631,0.720000000720002,0.4249999984250012,0.7849999807850022,0.004930831392959872,0.7150000057150021,0.22500000022500063,0.2150000012150006,1.0000000003119294,1.000000000330095,41.202449,1108.9373,7801.6118,4874.9287,-117.77559,-62.465002,-242.34053,-41.202449,-37.499652,-14.844867,-34.320177,1767.8604,10221.635,7586.9091,-4638.2225,915.6496,9081.1891,11439.555,-240.4086,41.202449,929.071626,.
2098.0,939.09786,16.222222,6.0,8.3333333,5.3983,12.2168,85.265202,8389.3764,89.349,173.879,64.3741,16.333333,9.2222222,16.777778,0.036,16.222222,4.8888889,4.7777778,2.2441,727.06233,0.24729689616130174,0.729999990730002,0.27000000027000076,0.374999998875001,1.0000000005557315,0.9999999997544368,0.3279430846103394,0.8199300744707649,0.9999999999776155,1.0000000000230045,0.9999999999378636,0.734999985735002,0.41499999941500115,0.7550000107550022,0.004930831392959873,0.729999990730002,0.22000000072000064,0.2150000012150006,1.0000000003119285,1.000000000330095,41.370542,1125.1522,7702.4873,4770.0443,-144.96243,-62.465002,-252.0193,-41.370542,-37.499652,-15.578606,-41.448347,1792.916,10009.375,7365.1912,-4644.1528,929.05665,8977.7853,11342.693,-247.21611,41.370542,900.064894,.
2099.0,939.09786,16.555556,5.8888889,8.1111111,5.3983,12.2168,85.265202,8389.3764,89.349,173.879,64.3741,16.666667,8.8888889,16.222222,0.036,16.555556,4.8888889,4.6666667,2.2441,727.06233,0.2472968961613017,0.7450000207450022,0.2650000007650008,0.36499999986500103,1.0000000005557308,0.9999999997544362,0.3279430846103394,0.8199300744707646,0.9999999999776158,1.000000000023004,0.999999999937863,0.7500000157500022,0.4000000009000011,0.729999990730002,0.004930831392959875,0.7450000207450022,0.22000000072000064,0.2100000017100006,1.0000000003119287,1.000000000330095,41.4002,1145.5572,7601.4718,4663.2063,-155.85715,-64.952052,-262.25308,-41.4002,-36.285563,-15.817287,-43.767094,1827.9472,9773.8277,7120.5026,-4647.9092,945.84818,8877.1389,11248.719,-251.76836,41.4002,870.820886,.
2100.0,939.09786,16.888889,5.7777778,7.7777778,5.3983,12.2168,81.109521,8389.3764,89.349,173.879,64.3741,17.0,8.6666667,15.444444,0.036,16.888889,4.7777778,4.6666667,2.2441,727.06233,0.24729689616130168,0.7600000057600022,0.2600000012600007,0.350000001350001,1.0000000005557308,0.9999999997544367,0.3119596961490468,0.8199300744707638,0.9999999999776155,1.0000000000230045,0.9999999999378631,0.7650000007650022,0.3900000018900011,0.694999980695002,0.004930831392959872,0.7600000057600022,0.2150000012150006,0.2100000017100006,1.0000000003119294,1.000000000330095,41.546292,1164.7959,7500.1527,4554.3089,-144.96243,-62.465002,-273.10151,-41.546292,-37.499652,-16.551026,-41.448347,1860.8105,9513.3456,6851.1813,-4638.5354,961.68081,8779.3692,11160.086,-247.21611,41.546292,841.25231,.
2101.0,1021.1613,17.222222,5.6666667,7.5555555,5.3983,12.2168,81.109521,7291.0657,89.349,173.879,64.3741,17.333333,8.3333333,14.666667,0.036,17.222222,4.6666667,4.5555556,2.2441,727.06233,0.26890703378883213,0.7749999907750021,0.25500000175500076,0.33999999784000096,1.0000000005557308,0.9999999997544362,0.3119596961490468,0.7125874150040797,0.9999999999776162,1.0000000000230047,0.9999999999378631,0.7799999857800022,0.374999998875001,0.6600000156600019,0.004930831392959875,0.7749999907750021,0.2100000017100006,0.2050000022050006,1.0000000003119283,1.000000000330095,45.958522,1183.3195,7396.9758,4443.4697,-111.47047,-62.465002,-284.30781,-45.958522,-36.285563,-16.789707,-43.767094,1892.0707,9228.9353,6558.205,-4626.9877,976.93508,8684.4186,11074.495,-233.22182,45.958522,811.48379,.
2102.0,1021.1613,17.555556,5.5555555,7.3333333,5.3983,12.2168,77.32002,7291.0657,89.349,173.879,64.3741,17.777778,7.8888889,13.888889,0.039,17.555556,4.6666667,4.5555556,2.2441,727.06233,0.268907033788832,0.7900000207900022,0.2499999977500007,0.3299999988300009,1.0000000005557308,0.9999999997544371,0.2973846923031172,0.7125874150040792,0.9999999999776162,1.0000000000230043,0.9999999999378631,0.8000000108000024,0.35500000085500105,0.6250000056250018,0.005341734009039862,0.7900000207900022,0.2100000017100006,0.2050000022050006,1.0000000003119287,1.000000000330095,46.155282,1209.3889,7294.0653,4332.8129,-111.47047,-62.465002,-295.99213,-46.155282,-39.597496,-17.762127,-43.767094,1937.2427,8924.0875,6244.7029,-4617.614,998.37851,8594.0568,10993.719,-233.22182,46.155282,781.37524,.
2103.0,1021.1613,17.666667,5.4444444,7.1111111,5.3983,12.2168,77.32002,7291.0657,89.349,173.879,64.3741,17.777778,7.5555555,13.0,0.039,17.666667,4.5555556,4.4444444,2.2441,727.06233,0.26890703378883213,0.7950000157950022,0.24499999824500068,0.3199999998200009,1.0000000005557304,0.9999999997544371,0.29738469230311726,0.7125874150040782,0.9999999999776155,1.0000000000230043,0.9999999999378631,0.8000000108000024,0.33999999784000096,0.5850000005850017,0.005341734009039862,0.7950000157950022,0.2050000022050006,0.19999999820000056,1.0000000003119294,1.000000000330095,46.297031,1215.1416,7191.1312,4222.0481,-111.47047,-62.465002,-308.3681,-46.297031,-39.597496,-17.762127,-43.767094,1937.5655,8599.1376,5911.3548,-4606.0663,1003.3284,8507.9113,10917.387,-233.22182,46.297031,751.2556500000001,.
2104.0,1021.1613,18.0,5.3333333,6.7777778,5.3983,12.2168,73.850062,7291.0657,89.349,173.879,64.3741,18.111111,7.1111111,12.111111,0.042,18.0,4.4444444,4.4444444,2.2441,727.06233,0.26890703378883213,0.8100000008100023,0.23999999874000066,0.3050000013050009,1.0000000005557304,0.9999999997544362,0.28403869999563025,0.71258741500408,0.9999999999776158,1.0000000000230047,0.9999999999378631,0.8149999958150024,0.3199999998200009,0.5449999955450016,0.0057526366251198545,0.8100000008100023,0.19999999820000056,0.19999999820000056,1.0000000003119291,1.000000000330095,46.462902,1232.8146,7087.8668,4110.8668,-100.57576,-62.465002,-321.02495,-46.462902,-34.187718,-18.495866,-43.767094,1963.747,8255.232,5559.613,-4596.6926,1017.9755,8425.6201,10845.14,-228.66957,46.462902,720.68971,.
2105.0,1021.1613,18.333333,5.2222222,6.5555555,5.3983,12.2168,73.850062,7291.0657,89.349,173.879,64.3741,18.444444,6.7777778,11.111111,0.042,18.333333,4.4444444,4.4444444,2.2441,727.06233,0.268907033788832,0.8249999858250023,0.23499999923500067,0.2949999977950008,1.0000000005557301,0.9999999997544369,0.2840386999956302,0.7125874150040786,0.9999999999776165,1.0000000000230052,0.9999999999378636,0.8299999808300024,0.3050000013050009,0.4999999955000014,0.005752636625119853,0.8249999858250023,0.19999999820000056,0.19999999820000056,1.000000000311929,1.000000000330095,46.462902,1253.8416,6983.417,3998.1095,-111.47047,-64.952052,-334.66195,-46.462902,-39.597496,-19.706967,-43.767094,1997.9943,7894.4709,5190.8086,-4585.1449,1035.3203,8345.8121,10776.029,-233.22182,46.462902,688.83426,.
2106.0,1021.1613,18.555556,5.1111111,6.3333333,5.3983,12.2168,70.660609,7291.0657,89.349,173.879,64.3741,18.666667,6.3333333,10.222222,0.045,18.555556,4.3333333,4.3333333,2.2441,727.06233,0.2689070337888321,0.8350000208350024,0.22999999973000063,0.28499999878500076,1.000000000555731,0.9999999997544368,0.271771573072742,0.7125874150040801,0.9999999999776165,1.000000000023005,0.9999999999378636,0.8400000158400024,0.28499999878500076,0.4599999904600013,0.006163539241199841,0.8350000208350024,0.19499999869500054,0.19499999869500054,1.0000000003119294,1.000000000330095,47.269646,1268.1513,6877.4818,3883.4923,-111.47047,-58.538617,-348.43558,-47.269646,-36.285563,-19.706967,-43.767094,2018.9605,7541.0966,4829.7774,-4558.2931,1047.1702,8265.1281,10706.687,-233.22182,47.269646,653.87392,.
2107.0,1021.1613,18.777778,5.0,6.0,5.3983,12.2168,70.660609,7240.9798,89.349,173.879,64.3741,18.777778,6.0,9.3333333,0.048,18.777778,4.2222222,4.3333333,2.2441,727.06233,0.26890703378883213,0.8450000108450024,0.22500000022500063,0.27000000027000076,1.0000000005557306,0.9999999997544362,0.271771573072742,0.707692303167528,0.9999999999776158,1.0000000000230043,0.9999999999378631,0.8450000108450024,0.27000000027000076,0.41999999892000117,0.006574441857279832,0.8450000108450024,0.18999999919000055,0.19499999869500054,1.0000000003119285,1.000000000330095,48.076705,1278.3068,6770.0532,3767.0922,-111.47047,-61.025667,-362.67285,-48.076705,-36.285563,-20.679387,-43.767094,2032.8868,7206.176,4487.5104,-4548.9193,1055.6171,8182.367,10635.809,-233.22182,48.076705,618.22108,.
2108.0,1021.1613,18.777778,4.7777778,5.7777778,5.3983,12.2168,67.718731,7240.9798,89.349,173.879,64.3741,18.888889,5.5555555,8.4444444,0.051,18.777778,4.2222222,4.2222222,2.2441,727.06233,0.26890703378883196,0.8450000108450024,0.2150000012150006,0.2600000012600007,1.0000000005557308,0.9999999997544368,0.2604566576883008,0.7076923031675274,0.9999999999776159,1.0000000000230045,0.999999999937863,0.8500000058500023,0.2499999977500007,0.3799999983800011,0.006985344473359819,0.8450000108450024,0.18999999919000055,0.18999999919000055,1.000000000311929,1.000000000330095,48.672708,1283.2844,6660.3756,3647.8612,-100.57576,-62.465002,-377.70751,-48.672708,-34.187718,-21.413126,-41.448347,2040.0485,6889.7215,4163.5105,-4524.2415,1059.7435,8096.5749,10562.855,-228.66957,48.672708,582.29153,.
2109.0,1102.184,18.888889,4.6666667,5.5555555,5.3983,12.2168,67.718731,7176.5838,89.349,173.879,64.3741,18.888889,5.2222222,7.6666667,0.051,18.888889,4.1111111,4.2222222,2.2441,727.06233,0.2902431086347575,0.8500000058500023,0.2100000017100006,0.2499999977500007,1.0000000005557304,0.9999999997544365,0.26045665768830073,0.7013986033073525,0.9999999999776154,1.0000000000230045,0.9999999999378631,0.8500000058500023,0.23499999923500067,0.345000001845001,0.006985344473359819,0.8500000058500023,0.1849999996850005,0.18999999919000055,1.0000000003119291,1.000000000330095,50.97701,1284.1398,6551.964,3529.5635,-144.96243,-62.465002,-392.97019,-50.97701,-46.046582,-22.624227,-43.767094,2036.6393,6593.2858,3859.3528,-4503.3201,1060.5588,8010.9597,10490.711,-228.66957,50.97701,546.35018,.
2110.0,1102.184,18.666667,4.5555556,5.2222222,5.3983,12.2168,64.99646,7176.5838,89.349,173.879,64.3741,18.666667,4.8888889,6.8888889,0.057,18.666667,4.1111111,4.2222222,2.2441,727.06233,0.2902431086347574,0.8400000158400024,0.2050000022050006,0.23499999923500067,1.0000000005557301,0.9999999997544365,0.24998638461153877,0.7013986033073536,0.9999999999776161,1.0000000000230043,0.9999999999378634,0.8400000158400024,0.22000000072000064,0.3100000008100009,0.0078071497055198025,0.8400000158400024,0.1849999996850005,0.18999999919000055,1.0000000003119291,1.000000000330095,51.609723,1275.8139,6443.8778,3411.1669,-111.47047,-52.332392,-408.32423,-51.609723,-36.285563,-22.624227,-34.320177,2015.719,6317.6779,3575.8393,-4457.4078,1053.8633,7924.6693,10418.665,-214.67528,51.609723,510.19868,.
2111.0,1102.184,17.222222,4.4444444,5.0,5.3983,12.2168,62.469887,6940.4649,89.349,173.879,64.3741,16.666667,4.6666667,6.2222222,0.063,17.222222,4.0,4.1111111,2.2441,727.06233,0.2902431086347574,0.7749999907750021,0.19999999820000056,0.22500000022500063,1.0000000005557304,0.9999999997544369,0.2402687961501497,0.6783216810153748,0.9999999999776162,1.0000000000230045,0.9999999999378631,0.7500000157500022,0.2100000017100006,0.2799999992800008,0.008628954937679779,0.7749999907750021,0.1800000001800005,0.1849999996850005,1.0000000003119294,1.000000000330095,52.365882,1184.977,6336.1662,3292.0014,-100.57576,-52.332392,-424.10342,-52.365882,-37.499652,-22.385546,-34.320177,1827.1033,6063.0471,3313.0385,-4417.4259,979.86999,7837.0466,10347.042,-210.12303,52.365882,473.68622,.
2112.0,1102.184,15.111111,4.3333333,4.6666667,5.3983,12.2168,62.469887,6886.8015,89.349,173.879,64.3741,14.111111,4.3333333,5.6666667,0.066,15.111111,3.8888889,4.1111111,2.2441,727.06233,0.29024310863475744,0.6799999956800019,0.19499999869500054,0.2100000017100006,1.0000000005557315,0.9999999997544365,0.24026879615014976,0.6730769246162772,0.9999999999776158,1.0000000000230045,0.999999999937863,0.6349999956350018,0.19499999869500054,0.25500000175500076,0.009039857553759766,0.6799999956800019,0.1750000006750005,0.1849999996850005,1.0000000003119287,1.000000000330095,55.087885,1058.908,6226.5224,3173.1213,-117.77559,-52.332392,-440.11062,-55.087885,-39.597496,-23.596647,-37.980856,1580.4644,5829.7599,3071.6851,-4381.2004,876.8568,7749.0472,10272.206,-214.67528,55.087885,437.17818,.
2113.0,1021.1613,13.111111,4.2222222,4.4444444,5.3983,12.2168,60.118453,7240.9798,89.349,173.879,64.3741,11.777778,4.1111111,5.0,0.072,13.111111,3.8888889,4.0,2.2441,727.06233,0.2689070337888321,0.5899999955900016,0.18999999919000055,0.19999999820000056,1.0000000005557308,0.9999999997544363,0.23122481922721197,0.7076923031675277,0.9999999999776162,1.0000000000230045,0.999999999937863,0.5300000105300015,0.1849999996850005,0.22500000022500063,0.00986166278591975,0.5899999955900016,0.1750000006750005,0.1800000001800005,1.0000000003119287,1.000000000330095,49.003245,935.18026,6120.6818,3056.3067,-111.47047,-61.025667,-456.20918,-49.003245,-44.832492,-24.569067,-43.767094,1357.9972,5620.2563,2853.788,-4348.4183,775.29432,7662.1624,10201.014,-233.22182,49.003245,401.15894000000003,.
2114.0,1102.184,11.0,4.1111111,4.2222222,5.3983,12.2168,57.924379,6940.4649,89.349,173.879,64.3741,9.6666667,3.8888889,4.5555556,0.081,11.111111,3.7777778,4.0,2.2441,727.06233,0.2902431086347574,0.4950000004950014,0.1849999996850005,0.18999999919000055,1.0000000005557308,0.9999999997544367,0.22278607307349566,0.6783216810153764,0.9999999999776156,1.000000000023005,0.9999999999378638,0.43500000193500127,0.1750000006750005,0.2050000022050006,0.011094370634159714,0.4999999955000014,0.17000000117000047,0.1800000001800005,1.0000000003119294,1.000000000330095,53.283306,810.45738,6014.3797,2938.1556,-100.57576,-48.406007,-471.47186,-53.283306,-34.187718,-24.569067,-34.320177,1155.3124,5429.9857,2654.8473,-4277.8283,672.38371,7573.5458,10129.495,-202.93625,53.283306,364.28801999999996,.
2115.0,1102.184,9.0,4.0,3.8888889,5.3983,12.2168,57.924379,6886.8015,89.349,173.879,64.3741,7.7777778,3.6666667,4.1111111,0.087,9.0,3.6666667,3.8888889,2.2441,727.06233,0.2902431086347575,0.40500000040500117,0.1800000001800005,0.1750000006750005,1.0000000005557306,0.9999999997544365,0.22278607307349568,0.673076924616276,0.9999999999776159,1.0000000000230045,0.9999999999378631,0.350000001350001,0.16500000166500048,0.1849999996850005,0.011916175866319698,0.40500000040500117,0.16500000166500048,0.1750000006750005,1.0000000003119285,1.000000000330095,55.240326,687.83404,5909.7675,2821.8848,-100.57576,-52.332392,-486.50653,-55.240326,-48.144426,-25.541487,-43.767094,975.56821,5262.2461,2478.2335,-4226.2987,570.77509,7485.9699,10058.985,-210.12303,55.240326,327.74012000000005,.
2116.0,1102.184,7.0,3.8888889,3.6666667,5.3983,12.2168,55.872216,6886.8015,89.349,173.879,64.3741,6.1111111,3.5555556,3.6666667,0.096,7.1111111,3.6666667,3.8888889,2.2441,727.06233,0.29024310863475733,0.3150000003150009,0.1750000006750005,0.16500000166500048,1.0000000005557308,0.9999999997544369,0.21489313845823235,0.6730769246162759,0.9999999999776161,1.000000000023004,0.9999999999378634,0.2749999997750008,0.16000000216000046,0.16500000166500048,0.013148883714559662,0.3199999998200009,0.16500000166500048,0.1750000006750005,1.0000000003119294,1.000000000330095,54.098621,569.70227,5809.6502,2710.0746,-111.47047,-48.406007,-500.37153,-54.098621,-44.832492,-26.513907,-43.767094,820.33756,5119.032,2325.8529,-4149.7783,472.46546,7401.6152,9991.9627,-207.4885,54.098621,291.13478999999995,.
2117.0,1102.184,5.3333333,3.7777778,3.4444444,5.3983,12.2168,55.872216,6940.4649,89.349,173.879,64.3741,4.8888889,3.4444444,3.3333333,0.105,5.4444444,3.5555556,3.8888889,2.2441,727.06233,0.2902431086347574,0.23999999874000066,0.17000000117000047,0.15499999815500043,1.0000000005557304,0.9999999997544371,0.2148931384582325,0.6783216810153747,0.9999999999776154,1.000000000023004,0.9999999999378631,0.22000000072000064,0.15499999815500043,0.14999999865000044,0.014381591562799629,0.24499999824500068,0.16000000216000046,0.1750000006750005,1.0000000003119294,1.000000000330095,53.750813,470.04255,5727.7818,2616.5322,-100.57576,-48.406007,-511.9116,-53.750813,-36.285563,-25.541487,-34.320177,694.32857,5004.6932,2202.0629,-4067.6405,389.40512,7332.2938,9940.1607,-184.3897,53.750813,255.21096,.
2118.0,1102.184,4.1111111,3.7777778,3.3333333,5.3983,12.2168,53.948473,6940.4649,89.349,173.879,64.3741,3.8888889,3.3333333,3.1111111,0.118,4.1111111,3.5555556,3.8888889,2.2441,727.06233,0.29024310863475744,0.1849999996850005,0.17000000117000047,0.14999999865000044,1.0000000005557301,0.9999999997544362,0.20749412691988475,0.6783216810153757,0.9999999999776158,1.0000000000230045,0.9999999999378631,0.1750000006750005,0.14999999865000044,0.1399999996400004,0.01616216956581292,0.1849999996850005,0.16000000216000046,0.1750000006750005,1.0000000003119291,1.000000000330095,53.407206,395.10813,5670.0186,2547.3768,-117.77559,-52.332392,-520.61784,-53.407206,-37.499652,-25.541487,-34.320177,599.80729,4921.2189,2108.8787,-3966.4423,326.94649,7283.4857,9908.4516,-191.57649,53.407206,220.26101000000006,.
2119.0,1102.184,3.3333333,3.6666667,3.2222222,5.3983,12.2168,53.948473,6940.4649,89.349,173.879,64.3741,3.2222222,3.2222222,2.8888889,0.138,3.3333333,3.5555556,3.8888889,2.2441,727.06233,0.29024310863475733,0.14999999865000044,0.16500000166500048,0.14499999914500042,1.0000000005557306,0.9999999997544368,0.20749412691988475,0.678321681015375,0.9999999999776165,1.0000000000230052,0.9999999999378631,0.14499999914500042,0.14499999914500042,0.13000000063000036,0.01890152033967952,0.14999999865000044,0.16000000216000046,0.1750000006750005,1.0000000003119287,1.000000000330095,52.191386,344.29754,5635.5532,2502.3572,-111.47047,-52.332392,-524.89884,-52.191386,-36.285563,-26.513907,-34.320177,535.71066,4868.2748,2046.0254,-3847.7661,284.59531,7255.2953,9895.8458,-196.12874,52.191386,185.25482999999997,.
2120.0,1021.1613,2.8888889,3.6666667,3.1111111,5.3983,12.2168,53.948473,7240.9798,89.349,173.879,64.3741,2.8888889,3.2222222,2.8888889,0.162,2.8888889,3.5555556,3.8888889,2.2441,727.06233,0.2689070337888321,0.13000000063000036,0.16500000166500048,0.1399999996400004,1.000000000555731,0.9999999997544369,0.20749412691988475,0.7076923031675276,0.9999999999776159,1.0000000000230045,0.9999999999378634,0.13000000063000036,0.14499999914500042,0.13000000063000036,0.02218874126831943,0.13000000063000036,0.16000000216000046,0.1750000006750005,1.0000000003119296,1.000000000330095,49.671918,317.12586,5614.5343,2480.6962,-102.59314,-50.30587,-522.82645,-49.671918,-39.597496,-25.638729,-35.264868,501.71796,4843.9281,2012.5687,-3706.7773,261.94093,7246.5593,9889.1582,-192.41943,49.671918,150.72150999999997,.
2121.0,771.84899,2.7777778,3.6666667,3.1111111,5.3983,12.2168,55.872216,9494.8422,89.349,173.879,64.3741,2.7777778,3.2222222,2.8888889,0.19,2.7777778,3.5555556,3.8888889,2.2441,727.06233,0.2032544931283686,0.12500000112500034,0.16500000166500048,0.1399999996400004,1.0000000005557308,0.9999999997544363,0.2148931384582325,0.9279720328359753,0.9999999999776161,1.0000000000230043,0.9999999999378628,0.12500000112500034,0.14499999914500042,0.13000000063000036,0.026023832351732664,0.12500000112500034,0.16000000216000046,0.1750000006750005,1.0000000003119294,1.000000000330095,23.825195,312.00312,5611.0442,2480.8619,-91.698424,-49.292609,-510.63661,-23.825195,-35.790266,-24.763551,-33.375485,495.75186,4846.8607,2006.6026,-3524.6588,257.65947,7256.4332,9894.4852,-184.15787,23.825195,117.30219,.
2122.0,600.43735,2.7777778,3.6666667,3.2222222,5.3983,12.2168,57.924379,9816.8225,89.349,173.879,64.3741,2.7777778,3.2222222,2.8888889,0.226,2.7777778,3.5555556,3.8888889,2.2441,727.06233,0.15811588900257653,0.12500000112500034,0.16500000166500048,0.14499999914500042,1.0000000005557304,0.9999999997544363,0.22278607307349566,0.9594405614571394,0.9999999999776159,1.0000000000230045,0.9999999999378636,0.12500000112500034,0.14499999914500042,0.13000000063000036,0.030954663744692537,0.12500000112500034,0.16000000216000046,0.1750000006750005,1.0000000003119294,1.000000000330095,12.542371,313.38678,5614.0571,2487.5533,-104.45959,-47.266087,-484.10671,-12.542371,-32.371494,-23.110437,-34.202089,497.86379,4858.1528,2008.7145,-3307.8451,258.80401,7271.7228,9904.7807,-176.73925,12.542371,84.90043000000003,.
2123.0,600.43735,2.7777778,3.6666667,3.2222222,5.3983,12.2168,62.469887,9816.8225,89.349,173.879,64.3741,2.7777778,3.2222222,2.8888889,0.276,2.7777778,3.5555556,3.8888889,2.2441,727.06233,0.15811588900257662,0.12500000112500034,0.16500000166500048,0.14499999914500042,1.0000000005557306,0.9999999997544367,0.24026879615014982,0.9594405614571375,0.9999999999776156,1.000000000023005,0.9999999999378631,0.12500000112500034,0.14499999914500042,0.13000000063000036,0.03780304067935902,0.12500000112500034,0.16000000216000046,0.1750000006750005,1.0000000003119291,1.000000000330095,12.624738,314.56172,5616.9136,2494.035,-100.02092,-45.239565,-435.30338,-12.624738,-31.050567,-20.861715,-30.423322,499.56709,4869.4503,2010.4178,-3022.998,259.77822,7287.0624,9914.5579,-167.46598,12.624738,53.87711999999999,.
2124.0,600.43735,2.7777778,3.6666667,3.2222222,5.3983,12.2168,70.660609,9816.8225,89.349,173.879,64.3741,2.7777778,3.2222222,2.8888889,0.356,2.7777778,3.5555556,3.8888889,2.2441,727.06233,0.1581158890025766,0.12500000112500034,0.16500000166500048,0.14499999914500042,1.0000000005557304,0.9999999997544365,0.2717715730727419,0.9594405614571393,0.9999999999776154,1.0000000000230045,0.9999999999378634,0.12500000112500034,0.14499999914500042,0.13000000063000036,0.04876044377482543,0.12500000112500034,0.16000000216000046,0.1750000006750005,1.000000000311929,1.000000000330095,12.731058,315.51403,5619.6473,2500.2822,-73.943754,-41.186521,-351.76815,-12.731058,-22.115179,-16.162058,-21.094493,500.90107,4880.8986,2014.9619,-2631.2136,260.56885,7302.1198,9923.8134,-154.4834,12.731058,24.38342,.
2125.0,600.43735,2.7777778,3.6666667,3.2222222,5.3983,12.2168,94.911913,9816.8225,89.349,173.879,64.3741,2.8888889,3.2222222,2.8888889,0.493,2.7777778,3.5555556,3.8888889,2.2441,727.06233,0.15811588900257656,0.12500000112500034,0.16500000166500048,0.14499999914500042,1.0000000005557304,0.9999999997544369,0.3650458192251533,0.9594405614571377,0.9999999999776156,1.0000000000230045,0.999999999937863,0.13000000063000036,0.14499999914500042,0.13000000063000036,0.06752499657581161,0.12500000112500034,0.16000000216000046,0.1750000006750005,1.0000000003119294,1.000000000330095,12.800037,316.30663,5622.247,2506.329,-69.505086,-37.133477,-210.32612,-12.800037,-16.520787,-9.7882824,-15.426342,501.94555,4892.7556,2021.2679,-2089.1187,261.22838,7316.8728,9932.4603,-137.79151,12.800037,0.0,11759.806
2126.0,600.43735,2.8888889,3.6666667,3.2222222,5.3983,12.2168,169.85775,9816.8225,89.349,173.879,64.3741,2.8888889,3.3333333,2.8888889,0.746,2.8888889,3.5555556,3.8888889,2.2441,727.06233,0.15811588900257662,0.13000000063000036,0.16500000166500048,0.14499999914500042,1.0000000005557304,0.9999999997544365,0.653299038451488,0.9594405614571394,0.9999999999776159,1.0000000000230047,0.9999999999378628,0.13000000063000036,0.14999999865000044,0.13000000063000036,0.10217778386522404,0.13000000063000036,0.16000000216000046,0.1750000006750005,1.0000000003119287,1.000000000330095,12.812539,316.92742,5624.6891,2512.1614,-56.189083,-32.067172,-21.196279,-12.812539,-3.3119339,-1.2309863,-5.9794252,502.7333,4905.0776,2032.4364,-1424.7305,261.74571,7332.3486,9940.4887,-117.39032,12.812539,-14.400759999999991,-0.0
2127.0,600.43735,2.8888889,3.6666667,3.2222222,5.3983,12.2168,169.85775,9816.8225,89.349,173.879,64.3741,2.8888889,3.3333333,2.8888889,0.746,2.8888889,3.5555556,3.8888889,2.2441,727.06233,0.1581158890025766,0.13000000063000036,0.16500000166500048,0.14499999914500042,1.0000000005557301,0.9999999997544367,0.6532990384514878,0.9594405614571403,0.9999999999776162,1.0000000000230045,0.9999999999378631,0.13000000063000036,0.14999999865000044,0.13000000063000036,0.10217778386522405,0.13000000063000036,0.16000000216000046,0.1750000006750005,1.0000000003119287,1.000000000330095,12.880067,317.3412,5626.9091,2517.7462,-56.189083,-28.140787,-21.28765,-12.880067,-2.0978443,-1.2309863,-5.9794252,503.25836,4917.8541,2043.9252,-1424.7305,262.09053,7348.0386,9947.8302,-110.20354,12.880067,-24.99036000000001,-0.0
2128.0,600.43735,2.8888889,3.6666667,3.2222222,5.3983,12.2168,169.85775,9816.8225,89.349,173.879,64.3741,2.8888889,3.3333333,3.0,0.734,2.8888889,3.5555556,3.8888889,2.2441,727.06233,0.15811588900257656,0.13000000063000036,0.16500000166500048,0.14499999914500042,1.0000000005557308,0.9999999997544368,0.6532990384514877,0.9594405614571396,0.9999999999776161,1.0000000000230052,0.9999999999378634,0.13000000063000036,0.14999999865000044,0.13500000013500038,0.10053417340090406,0.13000000063000036,0.16000000216000046,0.1750000006750005,1.0000000003119294,1.000000000330095,12.991896,317.58793,5629.0163,2523.1213,-73.388913,-32.067172,-21.431901,-12.991896,-5.4097782,-1.6077989,-9.6401041,503.57144,4931.1522,2055.7848,-1434.4172,262.29613,7363.5856,9954.6141,-117.39032,12.991896,-33.22478000000001,-0.0
2129.0,600.43735,2.8888889,3.6666667,3.2222222,5.3983,12.2168,169.85775,9816.8225,89.349,173.879,64.3741,2.8888889,3.3333333,3.0,0.734,2.8888889,3.6666667,3.8888889,2.2441,727.06233,0.15811588900257662,0.13000000063000036,0.16500000166500048,0.14499999914500042,1.0000000005557312,0.9999999997544368,0.653299038451488,0.9594405614571401,0.9999999999776159,1.0000000000230045,0.9999999999378631,0.13000000063000036,0.14999999865000044,0.13500000013500038,0.10053417340090412,0.13000000063000036,0.16500000166500048,0.1750000006750005,1.0000000003119294,1.000000000330095,12.991896,317.73379,5631.1101,2528.3549,-56.189083,-32.067172,-21.431901,-12.991896,-3.3119339,-1.2309863,-5.9794252,503.75653,4945.049,2068.0994,-1434.4172,262.41768,7379.3054,9960.9411,-117.39032,12.991896,-39.728669999999966,-0.0
2130.0,600.43735,2.8888889,3.6666667,3.3333333,5.3983,12.2168,169.85775,9816.8225,89.349,173.879,64.3741,2.8888889,3.3333333,3.0,0.734,2.8888889,3.6666667,3.8888889,2.2441,727.06233,0.15811588900257656,0.13000000063000036,0.16500000166500048,0.14999999865000044,1.0000000005557306,0.9999999997544369,0.6532990384514875,0.9594405614571386,0.9999999999776158,1.0000000000230043,0.9999999999378631,0.13000000063000036,0.14999999865000044,0.13500000013500038,0.1005341734009041,0.13000000063000036,0.16500000166500048,0.1750000006750005,1.000000000311929,1.000000000330095,13.08631,317.77878,5633.1677,2533.4449,-56.189083,-32.067172,-21.523272,-13.08631,-5.4097782,-1.2309863,-5.9794252,503.81362,4959.5626,2080.8689,-1444.1039,262.45518,7394.8361,9966.7994,-117.39032,13.08631,-44.86185999999998,-0.0
2131.0,600.43735,2.8888889,3.6666667,3.3333333,5.3983,12.2168,169.85775,9816.8225,89.349,173.879,64.3741,2.8888889,3.3333333,3.1111111,0.734,2.8888889,3.6666667,3.8888889,2.2441,727.06233,0.1581158890025766,0.13000000063000036,0.16500000166500048,0.14999999865000044,1.0000000005557304,0.9999999997544369,0.6532990384514882,0.9594405614571375,0.9999999999776151,1.0000000000230045,0.999999999937863,0.13000000063000036,0.14999999865000044,0.1399999996400004,0.10053417340090406,0.13000000063000036,0.16500000166500048,0.1750000006750005,1.000000000311929,1.000000000330095,13.162337,317.77878,5635.2189,2538.4494,-56.189083,-28.140787,-21.667523,-13.162337,-0.0,-1.2309863,-5.9794252,503.81362,4974.7658,2094.1641,-1444.1039,262.45518,7410.917,9972.4395,-110.20354,13.162337,-48.63136999999995,-0.0
2132.0,600.43735,2.8888889,3.6666667,3.3333333,5.3983,12.2168,169.85775,9816.8225,89.349,173.879,64.3741,2.8888889,3.3333333,3.1111111,0.722,2.8888889,3.6666667,3.8888889,2.2441,727.06233,0.15811588900257662,0.13000000063000036,0.16500000166500048,0.14999999865000044,1.0000000005557301,0.9999999997544363,0.6532990384514877,0.95944056145714,0.9999999999776155,1.0000000000230047,0.999999999937863,0.13000000063000036,0.14999999865000044,0.1399999996400004,0.09889056293658412,0.13000000063000036,0.16500000166500048,0.1750000006750005,1.0000000003119285,1.000000000330095,13.162337,317.77878,5637.2302,2543.4112,-67.083795,-32.067172,-21.811774,-13.162337,-5.4097782,-1.2309863,-5.9794252,503.81362,4990.6842,2108.0423,-1453.7906,262.45518,7428.2791,9977.8814,-121.94257,13.162337,-51.98824000000002,-0.0
2133.0,600.43735,2.8888889,3.7777778,3.3333333,5.3983,12.2168,169.85775,9816.8225,89.349,173.879,64.3741,2.8888889,3.4444444,3.1111111,0.722,2.8888889,3.6666667,3.8888889,2.2441,727.06233,0.15811588900257656,0.13000000063000036,0.17000000117000047,0.14999999865000044,1.0000000005557306,0.9999999997544368,0.6532990384514877,0.9594405614571377,0.9999999999776166,1.0000000000230045,0.9999999999378634,0.13000000063000036,0.15499999815500043,0.1399999996400004,0.09889056293658416,0.13000000063000036,0.16500000166500048,0.1750000006750005,1.0000000003119287,1.000000000330095,13.162337,317.77878,5639.178,2548.3302,-84.283625,-32.067172,-21.903145,-13.162337,-5.4097782,-1.6077989,-9.6401041,503.81362,5006.8793,2122.0495,-1463.4773,262.45518,7445.5686,9983.1048,-121.94257,13.162337,-55.536179999999945,-0.0
2134.0,600.43735,2.8888889,3.7777778,3.3333333,5.3983,12.2168,169.85775,9816.8225,89.349,173.879,64.3741,2.8888889,3.4444444,3.2222222,0.722,2.8888889,3.6666667,3.8888889,2.2441,727.06233,0.1581158890025766,0.13000000063000036,0.17000000117000047,0.14999999865000044,1.0000000005557306,0.9999999997544369,0.6532990384514877,0.9594405614571375,0.9999999999776159,1.0000000000230045,0.999999999937863,0.13000000063000036,0.15499999815500043,0.14499999914500042,0.09889056293658416,0.13000000063000036,0.16500000166500048,0.1750000006750005,1.0000000003119298,1.000000000330095,13.162337,317.77878,5641.0565,2554.1969,-73.388913,-32.067172,-22.047396,-13.162337,-5.4097782,-1.6077989,-9.6401041,503.81362,5023.1248,2135.9222,-1469.4077,262.45518,7463.324,9988.1312,-117.39032,13.162337,-57.170780000000036,-0.0
2135.0,600.43735,2.8888889,3.7777778,3.3333333,5.3983,12.2168,169.85775,9816.8225,89.349,173.879,64.3741,2.8888889,3.4444444,3.2222222,0.722,2.8888889,3.6666667,3.8888889,2.2441,727.06233,0.1581158890025766,0.13000000063000036,0.17000000117000047,0.14999999865000044,1.0000000005557304,0.9999999997544365,0.653299038451488,0.959440561457139,0.9999999999776158,1.000000000023004,0.9999999999378634,0.13000000063000036,0.15499999815500043,0.14499999914500042,0.09889056293658414,0.13000000063000036,0.16500000166500048,0.1750000006750005,1.0000000003119294,1.000000000330095,13.162337,317.77878,5642.8684,2560.5997,-56.189083,-28.140787,-22.047396,-13.162337,-5.4097782,-1.2309863,-5.9794252,503.81362,5038.6942,2148.9789,-1473.1641,262.45518,7482.1191,9993.0534,-110.20354,13.162337,-58.50328000000002,-0.0
2136.0,600.43735,2.8888889,3.7777778,3.3333333,5.3983,12.2168,169.85775,9816.8225,89.349,173.879,64.3741,2.8888889,3.4444444,3.2222222,0.722,2.8888889,3.6666667,3.8888889,2.2441,727.06233,0.1581158890025765,0.13000000063000036,0.17000000117000047,0.14999999865000044,1.0000000005557301,0.9999999997544367,0.6532990384514878,0.9594405614571394,0.9999999999776161,1.0000000000230052,0.9999999999378634,0.13000000063000036,0.15499999815500043,0.14499999914500042,0.09889056293658413,0.13000000063000036,0.16500000166500048,0.1750000006750005,1.0000000003119294,1.000000000330095,13.162337,317.77878,5644.6151,2566.9668,-67.083795,-28.140787,-22.138767,-13.162337,-5.4097782,-1.2309863,-5.9794252,503.81362,5053.5742,2161.2195,-1473.1641,262.45518,7502.2822,9997.8757,-114.75579,13.162337,-59.47798,-0.0
2137.0,600.43735,2.8888889,3.7777778,3.3333333,5.3983,12.2168,169.85775,9816.8225,89.349,173.879,64.3741,2.8888889,3.4444444,3.2222222,0.71,2.8888889,3.7777778,3.8888889,2.2441,727.06233,0.15811588900257662,0.13000000063000036,0.17000000117000047,0.14999999865000044,1.0000000005557304,0.9999999997544365,0.653299038451488,0.9594405614571384,0.9999999999776161,1.0000000000230047,0.9999999999378634,0.13000000063000036,0.15499999815500043,0.14499999914500042,0.09724695247226414,0.13000000063000036,0.17000000117000047,0.1750000006750005,1.0000000003119294,1.000000000330095,13.162337,317.77878,5646.2978,2573.298,-56.189083,-32.067172,-22.191647,-13.162337,-5.4097782,-1.2309863,-9.6401041,503.81362,5067.7639,2172.644,-1479.0944,262.45518,7523.7825,10002.602,-117.39032,13.162337,-60.07698000000005,-0.0
2138.0,600.43735,2.8888889,3.7777778,3.3333333,5.3983,12.2168,169.85775,9816.8225,89.349,173.879,64.3741,2.8888889,3.4444444,3.3333333,0.71,2.8888889,3.7777778,3.8888889,2.2441,727.06233,0.1581158890025766,0.13000000063000036,0.17000000117000047,0.14999999865000044,1.0000000005557306,0.9999999997544365,0.6532990384514875,0.9594405614571396,0.9999999999776154,1.000000000023004,0.9999999999378634,0.13000000063000036,0.15499999815500043,0.14999999865000044,0.09724695247226418,0.13000000063000036,0.17000000117000047,0.1750000006750005,1.0000000003119285,1.000000000330095,13.162337,319.28116,5647.9178,2579.5923,-67.083795,-28.140787,-22.283018,-13.162337,-5.4097782,-1.2309863,-5.9794252,506.94807,5081.2639,2183.2525,-1482.8508,263.67869,7545.7089,10007.227,-114.75579,13.162337,-60.53538000000003,-0.0
2139.0,600.43735,2.8888889,3.7777778,3.4444444,5.3983,12.2168,169.85775,9816.8225,89.349,173.879,64.3741,2.8888889,3.5555556,3.3333333,0.71,2.8888889,3.7777778,3.8888889,2.2441,727.06233,0.15811588900257656,0.13000000063000036,0.17000000117000047,0.15499999815500043,1.0000000005557306,0.9999999997544371,0.6532990384514882,0.9594405614571374,0.9999999999776155,1.0000000000230045,0.9999999999378631,0.13000000063000036,0.16000000216000046,0.14999999865000044,0.09724695247226414,0.13000000063000036,0.17000000117000047,0.1750000006750005,1.0000000003119291,1.000000000330095,13.162337,321.63997,5649.4755,2586.444,-56.189083,-28.140787,-22.283018,-13.162337,-2.0978443,-1.2309863,-5.9794252,511.63609,5094.0637,2193.0449,-1492.5375,265.60444,7568.5729,10011.757,-110.20354,13.162337,-60.63598000000002,-0.0
2140.0,600.43735,3.0,3.7777778,3.4444444,5.3983,12.2168,169.85775,9816.8225,89.349,173.879,64.3741,3.0,3.5555556,3.3333333,0.71,3.0,3.7777778,3.8888889,2.2441,727.06233,0.15811588900257662,0.13500000013500038,0.17000000117000047,0.15499999815500043,1.0000000005557306,0.9999999997544368,0.6532990384514877,0.9594405614571365,0.9999999999776155,1.0000000000230047,0.999999999937863,0.13500000013500038,0.16000000216000046,0.14999999865000044,0.0972469524722642,0.13500000013500038,0.17000000117000047,0.1750000006750005,1.0000000003119294,1.000000000330095,13.162337,326.23086,5650.9715,2593.2948,-56.189083,-28.140787,-22.283018,-13.162337,-0.0,-1.2309863,-5.9794252,520.61243,5106.1384,2202.0212,-1492.5375,269.35656,7592.6429,10016.181,-110.20354,13.162337,-60.497780000000034,-0.0
2141.0,600.43735,3.1111111,3.7777778,3.4444444,5.3983,12.2168,169.85775,9816.8225,89.349,173.879,64.3741,3.1111111,3.5555556,3.3333333,0.699,3.1111111,3.7777778,3.8888889,2.2441,727.06233,0.15811588900257656,0.1399999996400004,0.17000000117000047,0.15499999815500043,1.0000000005557306,0.9999999997544365,0.6532990384514882,0.9594405614571404,0.9999999999776162,1.0000000000230052,0.9999999999378634,0.1399999996400004,0.16000000216000046,0.14999999865000044,0.09574030954663756,0.1399999996400004,0.17000000117000047,0.1750000006750005,1.0000000003119291,1.000000000330095,13.162337,330.77512,5653.4699,2600.1141,-73.388913,-32.067172,-22.662891,-13.162337,-5.4097782,-1.6077989,-9.6401041,528.7727,5117.6073,2210.1815,-1508.1545,273.08708,7617.7353,10021.853,-117.39032,13.162337,-60.20848000000001,-0.0
2142.0,600.43735,3.1111111,3.7777778,3.4444444,5.3983,12.2168,169.85775,9816.8225,89.349,173.879,64.3741,3.2222222,3.5555556,3.3333333,0.699,3.1111111,3.8888889,3.8888889,2.2441,727.06233,0.15811588900257656,0.1399999996400004,0.17000000117000047,0.15499999815500043,1.0000000005557308,0.9999999997544368,0.6532990384514878,0.9594405614571406,0.9999999999776161,1.0000000000230054,0.999999999937863,0.14499999914500042,0.16000000216000046,0.14999999865000044,0.09574030954663752,0.1399999996400004,0.1750000006750005,0.1750000006750005,1.0000000003119294,1.000000000330095,13.162337,335.27274,5655.9043,2606.9019,-56.189083,-32.067172,-22.57152,-13.162337,-3.3119339,-1.6077989,-9.6401041,536.1169,5128.3574,2217.5257,-1514.0849,276.79653,7643.6165,10027.331,-117.39032,13.162337,-59.636679999999956,-0.0
2143.0,600.43735,3.2222222,3.7777778,3.4444444,5.3983,12.2168,169.85775,9816.8225,89.349,173.879,64.3741,3.2222222,3.5555556,3.4444444,0.699,3.2222222,3.8888889,3.8888889,2.2441,727.06233,0.15811588900257662,0.14499999914500042,0.17000000117000047,0.15499999815500043,1.000000000555731,0.9999999997544369,0.6532990384514878,0.9594405614571403,0.9999999999776156,1.0000000000230045,0.9999999999378634,0.14499999914500042,0.16000000216000046,0.15499999815500043,0.09574030954663754,0.14499999914500042,0.1750000006750005,0.1750000006750005,1.0000000003119285,1.000000000330095,13.162337,339.72373,5658.2712,2614.3427,-56.189083,-32.067172,-22.662891,-13.162337,-5.4097782,-1.2309863,-5.9794252,542.64503,5138.3812,2224.0538,-1517.8412,280.48536,7669.6969,10032.524,-117.39032,13.162337,-58.79657999999995,-0.0
2144.0,600.43735,3.3333333,3.7777778,3.4444444,5.3983,12.2168,169.85775,9816.8225,89.349,173.879,64.3741,3.3333333,3.5555556,3.4444444,0.699,3.3333333,3.8888889,3.8888889,2.2441,727.06233,0.15811588900257656,0.14999999865000044,0.17000000117000047,0.15499999815500043,1.0000000005557308,0.9999999997544363,0.6532990384514875,0.9594405614571397,0.9999999999776158,1.000000000023004,0.999999999937863,0.14999999865000044,0.16000000216000046,0.15499999815500043,0.09574030954663756,0.14999999865000044,0.1750000006750005,0.1750000006750005,1.0000000003119291,1.000000000330095,13.162337,343.85788,5660.3065,2622.2131,-56.189083,-28.140787,-22.662891,-13.162337,-2.0978443,-1.2309863,-5.9794252,548.25982,5147.5673,2229.6686,-1517.8412,283.92129,7695.6551,10037.257,-110.20354,13.162337,-57.70308,-0.0
2145.0,600.43735,3.3333333,3.7777778,3.4444444,5.3983,12.2168,169.85775,9816.8225,89.349,173.879,64.3741,3.3333333,3.5555556,3.4444444,0.688,3.3333333,3.8888889,3.8888889,2.2441,727.06233,0.15811588900257656,0.14999999865000044,0.17000000117000047,0.15499999815500043,1.0000000005557306,0.9999999997544367,0.6532990384514883,0.9594405614571374,0.999999999977615,1.0000000000230045,0.9999999999378631,0.14999999865000044,0.16000000216000046,0.15499999815500043,0.0942336666210109,0.14999999865000044,0.1750000006750005,0.1750000006750005,1.0000000003119294,1.000000000330095,13.162337,347.51843,5661.8549,2629.6279,-56.189083,-28.140787,-22.807142,-13.162337,-3.3119339,-1.2309863,-5.9794252,552.90484,5155.8541,2234.3136,-1527.528,286.97175,7721.3343,10041.404,-110.20354,13.162337,-56.61688000000004,-0.0
2146.0,600.43735,3.4444444,3.7777778,3.5555556,5.3983,12.2168,169.85775,9816.8225,89.349,173.879,64.3741,3.4444444,3.5555556,3.4444444,0.688,3.4444444,3.8888889,3.8888889,2.2441,727.06233,0.1581158890025766,0.15499999815500043,0.17000000117000047,0.16000000216000046,1.0000000005557301,0.9999999997544363,0.6532990384514877,0.959440561457139,0.9999999999776154,1.0000000000230047,0.999999999937863,0.15499999815500043,0.16000000216000046,0.15499999815500043,0.09423366662101089,0.15499999815500043,0.1750000006750005,0.1750000006750005,1.0000000003119283,1.000000000330095,13.162337,350.29963,5662.7003,2636.1774,-56.189083,-28.140787,-23.042764,-13.162337,-2.0978443,-1.2309863,-5.9794252,556.43401,5163.1203,2237.8428,-1527.528,289.28941,7746.3626,10044.844,-110.20354,13.162337,-56.15538000000004,-0.0
2147.0,600.43735,3.4444444,3.7777778,3.5555556,5.3983,12.2168,169.85775,9816.8225,89.349,173.879,64.3741,3.4444444,3.5555556,3.4444444,0.688,3.4444444,3.8888889,3.8888889,2.2441,727.06233,0.15811588900257653,0.15499999815500043,0.17000000117000047,0.16000000216000046,1.0000000005557306,0.9999999997544368,0.6532990384514878,0.9594405614571375,0.9999999999776165,1.0000000000230047,0.9999999999378638,0.15499999815500043,0.16000000216000046,0.15499999815500043,0.0942336666210109,0.15499999815500043,0.1750000006750005,0.1750000006750005,1.0000000003119287,1.000000000330095,13.162337,352.20147,5662.8336,2641.8616,-56.189083,-29.580123,-23.187015,-13.162337,-3.3119339,-1.2309863,-5.9794252,558.84733,5169.3481,2240.2561,-1533.4583,290.87428,7770.7372,10047.565,-110.20354,13.162337,-55.65898000000004,-0.0
2148.0,600.43735,3.4444444,3.7777778,3.5555556,5.3983,12.2168,169.85775,9816.8225,89.349,173.879,64.3741,3.4444444,3.5555556,3.4444444,0.688,3.4444444,4.0,3.8888889,2.2441,727.06233,0.1581158890025766,0.15499999815500043,0.17000000117000047,0.16000000216000046,1.0000000005557308,0.9999999997544371,0.6532990384514877,0.9594405614571367,0.9999999999776158,1.0000000000230043,0.999999999937863,0.15499999815500043,0.16000000216000046,0.15499999815500043,0.09423366662101092,0.15499999815500043,0.1800000001800005,0.1750000006750005,1.0000000003119294,1.000000000330095,13.644492,353.22396,5662.1842,2646.6805,-56.189083,-25.653738,-23.187015,-13.644492,-3.3119339,-1.2309863,-5.9794252,560.1448,5174.5467,2241.5536,-1543.145,291.72635,7794.4508,10049.461,-110.20354,13.644492,-55.01102000000003,-0.0
2149.0,600.43735,3.4444444,3.7777778,3.5555556,5.3983,12.2168,169.85775,9816.8225,89.349,173.879,64.3741,3.4444444,3.5555556,3.4444444,0.677,3.4444444,4.0,3.8888889,2.2441,727.06233,0.15811588900257662,0.15499999815500043,0.17000000117000047,0.16000000216000046,1.0000000005557301,0.9999999997544365,0.653299038451488,0.9594405614571387,0.9999999999776158,1.0000000000230047,0.9999999999378636,0.15499999815500043,0.16000000216000046,0.15499999815500043,0.09272702369538434,0.15499999815500043,0.1800000001800005,0.1750000006750005,1.000000000311929,1.000000000330095,13.924203,353.65243,5661.2,2650.9194,-73.388913,-32.067172,-23.422637,-13.924203,-3.3119339,-1.6077989,-9.6401041,560.68851,5179.0921,2242.0973,-1552.8317,292.08342,7817.7294,10050.971,-117.39032,13.924203,-54.26511000000005,-0.0
2150.0,686.66351,3.4444444,3.7777778,3.5555556,5.3983,12.2168,169.85775,9748.8489,89.349,173.879,64.3741,3.4444444,3.5555556,3.4444444,0.677,3.4444444,4.0,3.8888889,2.2441,727.06233,0.18082221455623906,0.15499999815500043,0.17000000117000047,0.16000000216000046,1.0000000005557301,0.9999999997544369,0.6532990384514882,0.9527972072609862,0.9999999999776162,1.000000000023005,0.9999999999378636,0.15499999815500043,0.16000000216000046,0.15499999815500043,0.09272702369538428,0.15499999815500043,0.1800000001800005,0.1750000006750005,1.000000000311929,1.000000000330095,14.648216,353.65243,5659.9321,2654.7399,-56.189083,-32.067172,-23.566888,-14.648216,-5.4097782,-1.6077989,-9.6401041,560.68851,5183.1991,2242.0973,-1562.5184,292.08342,7840.692,10052.037,-117.39032,14.648216,-53.43649000000005,-0.0
2151.0,686.66351,3.4444444,3.7777778,3.5555556,5.3983,12.2168,169.85775,9748.8489,89.349,173.879,64.3741,3.4444444,3.5555556,3.4444444,0.677,3.4444444,4.0,3.8888889,2.2441,727.06233,0.18082221455623915,0.15499999815500043,0.17000000117000047,0.16000000216000046,1.0000000005557308,0.9999999997544367,0.653299038451488,0.9527972072609859,0.9999999999776162,1.000000000023005,0.9999999999378634,0.15499999815500043,0.16000000216000046,0.15499999815500043,0.09272702369538426,0.15499999815500043,0.1800000001800005,0.1750000006750005,1.0000000003119294,1.000000000330095,14.648216,353.65243,5658.8125,2658.57,-56.189083,-28.140787,-23.566888,-14.648216,-3.3119339,-1.2309863,-5.9794252,560.68851,5187.3921,2242.0973,-1562.5184,292.08342,7863.6805,10052.668,-110.20354,14.648216,-52.28453999999999,-0.0
2152.0,686.66351,3.4444444,3.7777778,3.5555556,5.3983,12.2168,169.85775,9748.8489,89.349,173.879,64.3741,3.4444444,3.6666667,3.4444444,0.677,3.4444444,4.0,3.8888889,2.2441,727.06233,0.18082221455623906,0.15499999815500043,0.17000000117000047,0.16000000216000046,1.0000000005557306,0.9999999997544363,0.6532990384514877,0.9527972072609869,0.9999999999776155,1.0000000000230045,0.9999999999378631,0.15499999815500043,0.16500000166500048,0.15499999815500043,0.0927270236953843,0.15499999815500043,0.1800000001800005,0.1750000006750005,1.0000000003119287,1.000000000330095,14.648216,353.65243,5658.3283,2662.4099,-56.189083,-28.140787,-23.658259,-14.648216,-5.4097782,-1.2309863,-5.9794252,560.68851,5191.7378,2242.0973,-1566.2748,292.08342,7894.7026,10053.391,-110.20354,14.648216,-51.00951999999995,-0.0
2153.0,686.66351,3.4444444,3.7777778,3.5555556,5.3983,12.2168,169.85775,9748.8489,89.349,173.879,64.3741,3.4444444,3.6666667,3.4444444,0.666,3.4444444,4.1111111,3.8888889,2.2441,727.06233,0.18082221455623906,0.15499999815500043,0.17000000117000047,0.16000000216000046,1.0000000005557308,0.9999999997544368,0.653299038451488,0.9527972072609853,0.9999999999776156,1.0000000000230045,0.9999999999378631,0.15499999815500043,0.16500000166500048,0.15499999815500043,0.09122038076975764,0.15499999815500043,0.1849999996850005,0.1750000006750005,1.0000000003119285,1.000000000330095,14.648216,353.65243,5656.3169,2666.2595,-67.083795,-32.067172,-23.80251,-14.648216,-5.4097782,-1.6077989,-11.95885,560.68851,5195.9937,2242.0973,-1581.8919,292.08342,7925.899,10051.235,-117.39032,14.648216,-49.59925999999996,-0.0
2154.0,686.66351,3.4444444,3.7777778,3.5555556,5.3983,12.2168,169.85775,9748.8489,89.349,173.879,64.3741,3.4444444,3.6666667,3.4444444,0.677,3.4444444,4.1111111,3.8888889,2.2441,727.06233,0.18082221455623915,0.15499999815500043,0.17000000117000047,0.16000000216000046,1.0000000005557304,0.9999999997544363,0.6532990384514877,0.9527972072609834,0.9999999999776154,1.0000000000230047,0.999999999937863,0.15499999815500043,0.16500000166500048,0.15499999815500043,0.09272702369538427,0.15499999815500043,0.1849999996850005,0.1750000006750005,1.000000000311929,1.000000000330095,14.648216,353.65243,5655.3111,2670.1141,-56.189083,-25.653738,-23.80251,-14.648216,-0.0,-1.2309863,-5.9794252,560.68851,5200.4564,2242.0973,-1572.2051,292.08342,7957.2547,10049.632,-110.20354,14.648216,-48.151039999999966,-0.0
2155.0,686.66351,3.4444444,3.7777778,3.5555556,5.3983,12.2168,169.85775,9748.8489,89.349,173.879,64.3741,3.4444444,3.6666667,3.4444444,0.666,3.4444444,4.1111111,3.8888889,2.2441,727.06233,0.18082221455623906,0.15499999815500043,0.17000000117000047,0.16000000216000046,1.0000000005557304,0.9999999997544363,0.653299038451488,0.9527972072609844,0.9999999999776166,1.0000000000230045,0.9999999999378638,0.15499999815500043,0.16500000166500048,0.15499999815500043,0.0912203807697577,0.15499999815500043,0.1849999996850005,0.1750000006750005,1.0000000003119291,1.000000000330095,14.648216,353.65243,5654.7762,2673.9729,-56.189083,-25.653738,-23.946761,-14.648216,-3.3119339,-1.2309863,-5.9794252,560.68851,5205.1027,2242.0973,-1581.8919,292.08342,7988.7699,10047.879,-105.65129,14.648216,-46.943610000000035,-0.0
2156.0,686.66351,3.4444444,3.7777778,3.5555556,5.3983,12.2168,169.85775,9748.8489,89.349,173.879,64.3741,3.4444444,3.6666667,3.4444444,0.666,3.4444444,4.1111111,3.8888889,2.2441,727.06233,0.18082221455623906,0.15499999815500043,0.17000000117000047,0.16000000216000046,1.0000000005557306,0.9999999997544365,0.6532990384514878,0.9527972072609859,0.9999999999776165,1.000000000023005,0.9999999999378628,0.15499999815500043,0.16500000166500048,0.15499999815500043,0.09122038076975766,0.15499999815500043,0.1849999996850005,0.1750000006750005,1.0000000003119291,1.000000000330095,14.648216,353.65243,5653.9428,2677.8374,-56.189083,-32.067172,-24.182383,-14.648216,-5.4097782,-1.6077989,-9.6401041,560.68851,5209.8867,2242.0973,-1591.5786,292.08342,8020.4419,10044.931,-110.20354,14.648216,-46.35023000000001,-0.0
2157.0,686.66351,3.4444444,3.7777778,3.6666667,5.3983,12.2168,169.85775,9748.8489,89.349,173.879,64.3741,3.4444444,3.6666667,3.4444444,0.666,3.4444444,4.2222222,3.8888889,2.2441,727.06233,0.18082221455623912,0.15499999815500043,0.17000000117000047,0.16500000166500048,1.000000000555731,0.9999999997544363,0.653299038451488,0.9527972072609876,0.9999999999776156,1.0000000000230045,0.9999999999378636,0.15499999815500043,0.16500000166500048,0.15499999815500043,0.09122038076975768,0.15499999815500043,0.18999999919000055,0.1750000006750005,1.0000000003119285,1.000000000330095,14.648216,353.65243,5652.9933,2681.708,-56.189083,-29.580123,-24.326634,-14.648216,-3.3119339,-1.6077989,-9.6401041,560.68851,5214.8244,2242.0973,-1597.5089,292.08342,8053.6666,10041.008,-105.65129,14.648216,-46.61518000000001,-0.0
2158.0,686.66351,3.4444444,3.7777778,3.6666667,5.3983,12.2168,169.85775,9748.8489,89.349,173.879,64.3741,3.4444444,3.6666667,3.4444444,0.656,3.4444444,4.2222222,3.8888889,2.2441,727.06233,0.18082221455623906,0.15499999815500043,0.17000000117000047,0.16500000166500048,1.0000000005557308,0.9999999997544362,0.6532990384514878,0.9527972072609869,0.9999999999776158,1.000000000023004,0.999999999937863,0.15499999815500043,0.16500000166500048,0.15499999815500043,0.0898507053828244,0.15499999815500043,0.18999999919000055,0.1750000006750005,1.000000000311929,1.000000000330095,14.648216,353.65243,5651.9245,2685.5845,-56.189083,-29.580123,-24.326634,-14.648216,-3.3119339,-1.6077989,-9.6401041,560.68851,5219.937,2242.0973,-1607.1956,292.08342,8088.3603,10036.097,-112.83807,14.648216,-47.05305999999996,-0.0
2159.0,686.66351,3.4444444,3.7777778,3.6666667,5.3983,12.2168,169.85775,9748.8489,89.349,173.879,64.3741,3.4444444,3.6666667,3.4444444,0.656,3.4444444,4.2222222,3.8888889,2.2441,727.06233,0.18082221455623912,0.15499999815500043,0.17000000117000047,0.16500000166500048,1.000000000555731,0.9999999997544367,0.6532990384514878,0.9527972072609849,0.9999999999776151,1.0000000000230045,0.9999999999378634,0.15499999815500043,0.16500000166500048,0.15499999815500043,0.08985070538282434,0.15499999815500043,0.18999999919000055,0.1750000006750005,1.0000000003119294,1.000000000330095,14.648216,353.65243,5650.545,2689.467,-67.083795,-28.140787,-24.562256,-14.648216,-5.4097782,-1.2309863,-5.9794252,560.68851,5225.2239,2242.0973,-1610.952,292.08342,8124.1106,10029.907,-110.20354,14.648216,-47.440110000000004,-0.0
2160.0,686.66351,3.4444444,3.7777778,3.6666667,5.3983,12.2168,169.85775,9748.8489,89.349,173.879,64.3741,3.4444444,3.6666667,3.4444444,0.656,3.4444444,4.2222222,3.8888889,2.2441,727.06233,0.1808222145562391,0.15499999815500043,0.17000000117000047,0.16500000166500048,1.0000000005557308,0.9999999997544363,0.6532990384514878,0.9527972072609862,0.9999999999776154,1.0000000000230047,0.9999999999378631,0.15499999815500043,0.16500000166500048,0.15499999815500043,0.08985070538282436,0.15499999815500043,0.18999999919000055,0.1750000006750005,1.0000000003119287,1.000000000330095,14.648216,353.65243,5648.5294,2693.3578,-56.189083,-28.140787,-24.562256,-14.648216,-3.3119339,-1.6077989,-9.6401041,560.68851,5230.6563,2242.0973,-1616.8823,292.08342,8162.3089,10021.979,-110.20354,14.648216,-47.85212999999999,-0.0
2161.0,686.66351,3.4444444,3.7777778,3.6666667,5.3983,12.2168,154.83028,9748.8489,89.349,173.879,64.3741,3.4444444,3.6666667,3.4444444,0.656,3.4444444,4.3333333,3.8888889,2.2441,727.06233,0.18082221455623904,0.15499999815500043,0.17000000117000047,0.16500000166500048,1.0000000005557308,0.9999999997544368,0.5955010769139154,0.9527972072609847,0.9999999999776159,1.0000000000230045,0.999999999937863,0.15499999815500043,0.16500000166500048,0.15499999815500043,0.08985070538282436,0.15499999815500043,0.19499999869500054,0.1750000006750005,1.0000000003119285,1.000000000330095,14.648216,353.65243,5640.02,2697.2568,-56.189083,-28.140787,-24.797878,-14.648216,-5.4097782,-1.2309863,-9.6401041,560.68851,5235.6007,2242.0973,-1620.6387,292.08342,8201.7073,10004.091,-110.20354,14.648216,-48.382889999999975,-0.0
2162.0,686.66351,3.4444444,3.6666667,3.6666667,5.3983,12.2168,154.83028,9748.8489,89.349,173.879,64.3741,3.4444444,3.6666667,3.4444444,0.646,3.4444444,4.3333333,3.8888889,2.2441,727.06233,0.1808222145562391,0.15499999815500043,0.16500000166500048,0.16500000166500048,1.0000000005557304,0.9999999997544369,0.5955010769139156,0.952797207260984,0.9999999999776158,1.0000000000230043,0.9999999999378628,0.15499999815500043,0.16500000166500048,0.15499999815500043,0.08848102999589104,0.15499999815500043,0.19499999869500054,0.1750000006750005,1.0000000003119294,1.000000000330095,14.648216,353.65243,5628.5263,2701.1643,-56.189083,-32.067172,-24.942129,-14.648216,-5.4097782,-1.6077989,-9.6401041,560.68851,5240.4362,2242.0973,-1626.569,292.08342,8242.7291,9980.8367,-110.20354,14.648216,-48.96461999999997,-0.0
2163.0,686.66351,3.4444444,3.6666667,3.6666667,5.3983,12.2168,154.83028,9748.8489,89.349,173.879,64.3741,3.4444444,3.6666667,3.4444444,0.646,3.4444444,4.3333333,3.8888889,2.2441,727.06233,0.18082221455623912,0.15499999815500043,0.16500000166500048,0.16500000166500048,1.0000000005557301,0.9999999997544362,0.5955010769139154,0.9527972072609859,0.9999999999776158,1.000000000023005,0.9999999999378636,0.15499999815500043,0.16500000166500048,0.15499999815500043,0.08848102999589107,0.15499999815500043,0.19499999869500054,0.1750000006750005,1.0000000003119291,1.000000000330095,14.648216,353.65243,5616.8347,2705.08,-67.083795,-32.067172,-25.177751,-14.648216,-5.4097782,-1.6077989,-11.95885,560.68851,5245.4875,2242.0973,-1636.2557,292.08342,8288.7892,9955.9517,-110.20354,14.648216,-49.75810000000001,-0.0
2164.0,686.66351,3.4444444,3.6666667,3.6666667,5.3983,12.2168,154.83028,9748.8489,89.349,173.879,64.3741,3.4444444,3.6666667,3.4444444,0.646,3.4444444,4.4444444,3.8888889,2.2441,727.06233,0.180822214556239,0.15499999815500043,0.16500000166500048,0.16500000166500048,1.0000000005557301,0.9999999997544367,0.5955010769139155,0.9527972072609872,0.9999999999776161,1.000000000023005,0.9999999999378636,0.15499999815500043,0.16500000166500048,0.15499999815500043,0.08848102999589107,0.15499999815500043,0.19999999820000056,0.1750000006750005,1.000000000311929,1.000000000330095,14.648216,353.65243,5604.9342,2708.9953,-67.083795,-28.140787,-25.177751,-14.648216,-5.4097782,-1.4696668,-11.95885,560.68851,5250.8797,2242.0973,-1640.0121,292.08342,8323.9752,9929.4148,-110.20354,14.648216,-50.75003000000004,-0.0
2165.0,686.66351,3.4444444,3.6666667,3.6666667,5.3983,12.2168,154.83028,9748.8489,89.349,173.879,64.3741,3.4444444,3.6666667,3.4444444,0.646,3.4444444,4.4444444,3.8888889,2.2441,727.06233,0.18082221455623912,0.15499999815500043,0.16500000166500048,0.16500000166500048,1.0000000005557308,0.9999999997544368,0.5955010769139154,0.9527972072609866,0.9999999999776161,1.0000000000230047,0.9999999999378636,0.15499999815500043,0.16500000166500048,0.15499999815500043,0.08848102999589108,0.15499999815500043,0.19999999820000056,0.1750000006750005,1.0000000003119294,1.000000000330095,14.648216,353.65243,5592.8114,2712.9045,-56.189083,-28.140787,-25.322002,-14.648216,-5.4097782,-1.2309863,-5.9794252,560.68851,5256.6992,2244.1307,-1645.9425,292.08342,8366.9095,9901.1918,-110.20354,14.648216,-51.66434000000004,-0.0
2166.0,686.66351,3.4444444,3.6666667,3.6666667,5.3983,12.2168,154.83028,9748.8489,89.349,173.879,64.3741,3.4444444,3.6666667,3.4444444,0.636,3.4444444,4.4444444,3.7777778,2.2441,727.06233,0.18082221455623915,0.15499999815500043,0.16500000166500048,0.16500000166500048,1.0000000005557308,0.9999999997544363,0.5955010769139155,0.9527972072609873,0.9999999999776156,1.0000000000230043,0.999999999937863,0.15499999815500043,0.16500000166500048,0.15499999815500043,0.08711135460895779,0.15499999815500043,0.19999999820000056,0.17000000117000047,1.0000000003119291,1.000000000330095,14.648216,353.65243,5580.4763,2716.9716,-56.189083,-28.140787,-25.466253,-14.648216,-5.4097782,-1.6077989,-9.6401041,560.68851,5262.9563,2247.4634,-1655.6292,292.08342,8413.5454,9871.2682,-110.20354,14.648216,-52.52634999999998,-0.0
2167.0,686.66351,3.4444444,3.6666667,3.6666667,5.3983,12.2168,154.83028,9748.8489,89.349,173.879,64.3741,3.4444444,3.6666667,3.4444444,0.636,3.4444444,4.5555556,3.7777778,2.2441,727.06233,0.18082221455623906,0.15499999815500043,0.16500000166500048,0.16500000166500048,1.0000000005557306,0.9999999997544365,0.5955010769139153,0.9527972072609853,0.9999999999776154,1.0000000000230043,0.9999999999378636,0.15499999815500043,0.16500000166500048,0.15499999815500043,0.08711135460895773,0.15499999815500043,0.2050000022050006,0.17000000117000047,1.0000000003119294,1.000000000330095,14.648216,353.65243,5567.9244,2721.4066,-56.189083,-28.140787,-25.557624,-14.648216,-5.4097782,-1.2309863,-5.9794252,560.68851,5269.6728,2250.9855,-1659.3856,292.08342,8458.8105,9839.6342,-110.20354,14.648216,-53.32830000000001,-0.0
2168.0,686.66351,3.4444444,3.6666667,3.6666667,5.3983,12.2168,154.83028,9748.8489,89.349,173.879,64.3741,3.4444444,3.6666667,3.4444444,0.636,3.4444444,4.5555556,3.7777778,2.2441,727.06233,0.18082221455623915,0.15499999815500043,0.16500000166500048,0.16500000166500048,1.0000000005557308,0.9999999997544365,0.5955010769139154,0.9527972072609844,0.9999999999776158,1.0000000000230047,0.999999999937863,0.15499999815500043,0.16500000166500048,0.15499999815500043,0.08711135460895773,0.15499999815500043,0.2050000022050006,0.17000000117000047,1.0000000003119287,1.000000000330095,14.648216,353.65243,5555.1649,2725.8531,-56.189083,-25.653738,-25.701875,-14.648216,-3.3119339,-1.2309863,-5.9794252,560.68851,5276.8395,2254.6969,-1665.3159,292.08342,8503.7449,9806.2952,-105.65129,14.648216,-54.137609999999995,-0.0
2169.0,686.66351,3.4444444,3.6666667,3.7777778,5.3983,12.2168,154.83028,9748.8489,89.349,173.879,64.3741,3.4444444,3.6666667,3.4444444,0.626,3.4444444,4.5555556,3.7777778,2.2441,727.06233,0.18082221455623906,0.15499999815500043,0.16500000166500048,0.17000000117000047,1.0000000005557304,0.9999999997544368,0.5955010769139154,0.952797207260985,0.9999999999776162,1.0000000000230045,0.9999999999378636,0.15499999815500043,0.16500000166500048,0.15499999815500043,0.0857416792220245,0.15499999815500043,0.2050000022050006,0.17000000117000047,1.0000000003119287,1.000000000330095,14.648216,353.65243,5542.1872,2730.596,-67.083795,-28.140787,-25.937497,-14.648216,-5.4097782,-1.4696668,-11.95885,560.68851,5284.526,2258.5976,-1675.0026,292.08342,8548.0397,9771.2084,-110.20354,14.648216,-54.90603999999996,-0.0
2170.0,686.66351,3.4444444,3.5555556,3.7777778,5.3983,12.2168,154.83028,9748.8489,89.349,173.879,64.3741,3.4444444,3.7777778,3.5555556,0.626,3.4444444,4.5555556,3.7777778,2.2441,727.06233,0.18082221455623906,0.15499999815500043,0.16000000216000046,0.17000000117000047,1.0000000005557306,0.9999999997544369,0.5955010769139153,0.9527972072609843,0.9999999999776161,1.0000000000230045,0.999999999937863,0.15499999815500043,0.17000000117000047,0.16000000216000046,0.08574167922202446,0.15499999815500043,0.2050000022050006,0.17000000117000047,1.0000000003119294,1.000000000330095,14.648216,353.65243,5528.991,2735.3311,-56.189083,-28.140787,-26.081748,-14.648216,-5.4097782,-1.6077989,-9.6401041,560.68851,5292.7493,2263.904,-1680.9329,292.08342,8590.3966,9734.3501,-110.20354,14.648216,-55.48587999999995,-0.0
2171.0,686.66351,3.4444444,3.5555556,3.7777778,5.3983,12.2168,154.83028,9748.8489,89.349,173.879,64.3741,3.4444444,3.7777778,3.5555556,0.626,3.4444444,4.6666667,3.6666667,2.2441,727.06233,0.18082221455623912,0.15499999815500043,0.16000000216000046,0.17000000117000047,1.0000000005557308,0.9999999997544365,0.5955010769139154,0.9527972072609876,0.9999999999776156,1.000000000023005,0.9999999999378631,0.15499999815500043,0.17000000117000047,0.16000000216000046,0.08574167922202446,0.15499999815500043,0.2100000017100006,0.16500000166500048,1.000000000311929,1.000000000330095,14.648216,353.65243,5515.5966,2740.2416,-56.189083,-28.140787,-26.225999,-14.648216,-5.4097782,-1.2309863,-5.9794252,560.68851,5301.5456,2269.5377,-1684.6893,292.08342,8628.1173,9695.7492,-110.20354,14.648216,-56.05777999999998,-0.0
2172.0,686.66351,3.4444444,3.5555556,3.7777778,5.3983,12.2168,154.83028,9748.8489,89.349,173.879,64.3741,3.4444444,3.7777778,3.5555556,0.626,3.4444444,4.6666667,3.6666667,2.2441,727.06233,0.18082221455623906,0.15499999815500043,0.16000000216000046,0.17000000117000047,1.0000000005557304,0.9999999997544363,0.5955010769139153,0.9527972072609875,0.9999999999776165,1.0000000000230045,0.9999999999378634,0.15499999815500043,0.17000000117000047,0.16000000216000046,0.08574167922202446,0.15499999815500043,0.2100000017100006,0.16500000166500048,1.000000000311929,1.000000000330095,14.648216,353.65243,5502.0385,2745.1457,-56.189083,-29.580123,-26.461621,-14.648216,-6.6238677,-1.6077989,-9.6401041,560.68851,5310.906,2275.4364,-1690.6196,292.08342,8618.1378,9655.5292,-105.65129,14.648216,-56.72918000000004,-0.0
2173.0,686.66351,3.4444444,3.5555556,3.7777778,5.3983,12.2168,154.83028,9748.8489,89.349,173.879,64.3741,3.4444444,3.7777778,3.5555556,0.616,3.4444444,4.5555556,3.6666667,2.2441,727.06233,0.1808222145562391,0.15499999815500043,0.16000000216000046,0.17000000117000047,1.0000000005557312,0.9999999997544367,0.5955010769139153,0.9527972072609863,0.9999999999776161,1.0000000000230047,0.9999999999378631,0.15499999815500043,0.17000000117000047,0.16000000216000046,0.08437200383509115,0.15499999815500043,0.2050000022050006,0.16500000166500048,1.0000000003119294,1.000000000330095,14.648216,353.65243,5488.2689,2750.0354,-56.189083,-32.067172,-26.697243,-14.648216,-5.4097782,-1.6077989,-9.6401041,560.68851,5320.8692,2281.5999,-1700.3064,292.08342,8586.707,9613.8168,-110.20354,14.648216,-57.404480000000035,-0.0
2174.0,686.66351,3.4444444,3.5555556,3.7777778,5.3983,12.2168,154.83028,9748.8489,89.349,173.879,64.3741,3.4444444,3.7777778,3.5555556,0.616,3.4444444,4.5555556,3.6666667,2.2441,727.06233,0.18082221455623912,0.15499999815500043,0.16000000216000046,0.17000000117000047,1.0000000005557308,0.9999999997544363,0.5955010769139154,0.9527972072609869,0.9999999999776156,1.0000000000230047,0.999999999937863,0.15499999815500043,0.17000000117000047,0.16000000216000046,0.08437200383509118,0.15499999815500043,0.2050000022050006,0.16500000166500048,1.0000000003119287,1.000000000330095,14.648216,353.65243,5474.2948,2755.6057,-67.083795,-28.140787,-26.697243,-14.648216,-5.4097782,-1.4696668,-8.2981715,560.68851,5331.2259,2289.1429,-1704.0627,292.08342,8553.8043,9570.4922,-103.01675,14.648216,-57.92578000000003,-0.0
2175.0,686.66351,3.4444444,3.5555556,3.7777778,5.3983,12.2168,154.83028,9748.8489,89.349,173.879,64.3741,3.4444444,3.7777778,3.5555556,0.616,3.4444444,4.5555556,3.5555556,2.2441,727.06233,0.18082221455623906,0.15499999815500043,0.16000000216000046,0.17000000117000047,1.0000000005557304,0.9999999997544369,0.5955010769139155,0.952797207260985,0.9999999999776159,1.0000000000230045,0.9999999999378628,0.15499999815500043,0.17000000117000047,0.16000000216000046,0.08437200383509116,0.15499999815500043,0.2050000022050006,0.16000000216000046,1.000000000311929,1.000000000330095,14.648216,353.65243,5460.0958,2761.5244,-67.083795,-28.140787,-27.077116,-14.648216,-5.4097782,-1.8464794,-11.95885,560.68851,5341.8282,2298.0672,-1713.7495,292.08342,8519.7457,9525.5263,-110.20354,14.648216,-58.33558000000005,-0.0
2176.0,686.66351,3.4444444,3.5555556,3.7777778,5.3983,12.2168,154.83028,9748.8489,89.349,173.879,64.3741,3.4444444,3.7777778,3.6666667,0.616,3.4444444,4.5555556,3.5555556,2.2441,727.06233,0.18082221455623912,0.15499999815500043,0.16000000216000046,0.17000000117000047,1.0000000005557304,0.9999999997544369,0.5955010769139154,0.952797207260984,0.9999999999776151,1.0000000000230043,0.999999999937863,0.15499999815500043,0.17000000117000047,0.16500000166500048,0.08437200383509114,0.15499999815500043,0.2050000022050006,0.16000000216000046,1.0000000003119285,1.000000000330095,14.648216,353.65243,5445.6912,2767.5254,-56.189083,-25.653738,-27.077116,-14.648216,-5.4097782,-1.6077989,-9.6401041,560.68851,5352.656,2306.9723,-1713.7495,292.08342,8484.8431,9478.9282,-105.65129,14.648216,-58.60118,-0.0
2177.0,686.66351,3.4444444,3.4444444,3.7777778,5.3983,12.2168,154.83028,9748.8489,89.349,173.879,64.3741,3.4444444,3.7777778,3.6666667,0.616,3.4444444,4.4444444,3.5555556,2.2441,727.06233,0.18082221455623912,0.15499999815500043,0.15499999815500043,0.17000000117000047,1.0000000005557301,0.9999999997544363,0.5955010769139153,0.9527972072609863,0.9999999999776158,1.0000000000230047,0.9999999999378631,0.15499999815500043,0.17000000117000047,0.16500000166500048,0.08437200383509118,0.15499999815500043,0.19999999820000056,0.16000000216000046,1.0000000003119287,1.000000000330095,14.648216,353.65243,5431.0575,2773.8005,-56.189083,-25.653738,-27.365618,-14.648216,-5.4097782,-1.6077989,-9.6401041,560.68851,5363.7509,2315.8583,-1719.6798,292.08342,8448.8749,9430.6752,-105.65129,14.648216,-59.00468000000001,-0.0
2178.0,686.66351,3.4444444,3.4444444,3.8888889,5.3983,12.2168,154.83028,9748.8489,89.349,173.879,64.3741,3.4444444,3.7777778,3.6666667,0.607,3.4444444,4.4444444,3.5555556,2.2441,727.06233,0.18082221455623904,0.15499999815500043,0.15499999815500043,0.1750000006750005,1.0000000005557306,0.9999999997544368,0.5955010769139153,0.9527972072609853,0.9999999999776166,1.0000000000230052,0.9999999999378634,0.15499999815500043,0.17000000117000047,0.16500000166500048,0.0831392959868512,0.15499999815500043,0.19999999820000056,0.16000000216000046,1.000000000311929,1.000000000330095,14.648216,353.65243,5416.2048,2780.1011,-56.189083,-32.067172,-27.60124,-14.648216,-8.721712,-1.6077989,-11.95885,560.68851,5375.1159,2324.7252,-1729.3665,292.08342,8411.7601,9380.7409,-110.20354,14.648216,-59.28377999999998,-0.0
2179.0,686.66351,3.4444444,3.4444444,3.8888889,5.3983,12.2168,154.83028,9748.8489,89.349,173.879,64.3741,3.4444444,3.8888889,3.6666667,0.607,3.4444444,4.4444444,3.4444444,2.2441,727.06233,0.1808222145562391,0.15499999815500043,0.15499999815500043,0.1750000006750005,1.000000000555731,0.9999999997544369,0.5955010769139154,0.9527972072609865,0.9999999999776159,1.0000000000230045,0.9999999999378634,0.15499999815500043,0.1750000006750005,0.16500000166500048,0.0831392959868512,0.15499999815500043,0.19999999820000056,0.15499999815500043,1.0000000003119294,1.000000000330095,14.648216,354.60407,5401.1099,2786.8963,-56.189083,-25.653738,-27.745491,-14.648216,-5.4097782,-1.6077989,-9.6401041,562.67393,5386.5824,2333.4008,-1729.3665,292.85841,8373.3513,9329.1314,-105.65129,14.648216,-59.570479999999975,-0.0
2180.0,686.66351,3.4444444,3.4444444,3.8888889,5.3983,12.2168,154.83028,9748.8489,89.349,173.879,64.3741,3.5555556,3.8888889,3.6666667,0.607,3.4444444,4.4444444,3.4444444,2.2441,727.06233,0.1808222145562391,0.15499999815500043,0.15499999815500043,0.1750000006750005,1.0000000005557306,0.9999999997544367,0.5955010769139153,0.9527972072609857,0.9999999999776159,1.000000000023004,0.9999999999378631,0.16000000216000046,0.1750000006750005,0.16500000166500048,0.08313929598685123,0.15499999815500043,0.19999999820000056,0.15499999815500043,1.0000000003119291,1.000000000330095,14.648216,356.09818,5385.7821,2794.6524,-56.189083,-25.653738,-27.745491,-14.648216,-3.3119339,-1.6077989,-5.9794252,565.64342,5398.1366,2341.8759,-1739.0532,294.07822,8334.0016,9275.8781,-98.464504,14.648216,-59.83398,-0.0
2181.0,686.66351,3.5555556,3.4444444,3.8888889,5.3983,12.2168,154.83028,9748.8489,89.349,173.879,64.3741,3.5555556,3.8888889,3.7777778,0.607,3.5555556,4.3333333,3.4444444,2.2441,727.06233,0.18082221455623904,0.16000000216000046,0.15499999815500043,0.1750000006750005,1.0000000005557304,0.9999999997544371,0.5955010769139154,0.9527972072609863,0.9999999999776159,1.0000000000230043,0.9999999999378631,0.16000000216000046,0.1750000006750005,0.17000000117000047,0.08313929598685119,0.16000000216000046,0.19499999869500054,0.15499999815500043,1.00000000031193,1.000000000330095,14.648216,357.57715,5370.1541,2802.4176,-56.189083,-25.653738,-28.033993,-14.648216,-3.3119339,-1.6077989,-9.6401041,568.34786,5409.8243,2350.1505,-1744.9835,295.29114,8294.4317,9221.5273,-105.65129,14.648216,-59.94988000000001,-0.0
2182.0,686.66351,3.5555556,3.4444444,3.8888889,5.3983,12.2168,154.83028,9748.8489,89.349,173.879,64.3741,3.5555556,3.8888889,3.7777778,0.598,3.5555556,4.3333333,3.3333333,2.2441,727.06233,0.18082221455623912,0.16000000216000046,0.15499999815500043,0.1750000006750005,1.0000000005557304,0.9999999997544365,0.5955010769139154,0.9527972072609853,0.9999999999776161,1.0000000000230045,0.9999999999378634,0.16000000216000046,0.1750000006750005,0.17000000117000047,0.08190658813861121,0.16000000216000046,0.19499999869500054,0.14999999865000044,1.000000000311929,1.000000000330095,14.648216,359.04098,5354.2165,2810.5553,-67.083795,-28.140787,-28.360986,-14.648216,-5.4097782,-1.8464794,-11.95885,570.78727,5421.6387,2358.2245,-1758.4266,296.49756,8254.7196,9166.1951,-110.20354,14.648216,-59.96637999999996,-0.0
2183.0,686.66351,3.5555556,3.4444444,3.8888889,5.3983,12.2168,154.83028,9748.8489,89.349,173.879,64.3741,3.5555556,3.8888889,3.7777778,0.598,3.5555556,4.3333333,3.3333333,2.2441,727.06233,0.18082221455623906,0.16000000216000046,0.15499999815500043,0.1750000006750005,1.0000000005557301,0.9999999997544369,0.5955010769139154,0.9527972072609856,0.9999999999776165,1.000000000023004,0.9999999999378634,0.16000000216000046,0.1750000006750005,0.17000000117000047,0.08190658813861124,0.16000000216000046,0.19499999869500054,0.14999999865000044,1.0000000003119287,1.000000000330095,14.648216,360.48966,5337.9245,2819.3911,-56.189083,-32.067172,-28.649488,-14.648216,-8.721712,-2.223292,-11.95885,572.96163,5433.3894,2365.8997,-1768.1134,297.69681,8214.8078,9109.9564,-110.20354,14.648216,-59.94608000000005,-0.0
2184.0,686.66351,3.5555556,3.3333333,3.8888889,5.3983,12.2168,154.83028,9748.8489,89.349,173.879,64.3741,3.5555556,3.8888889,3.7777778,0.598,3.5555556,4.2222222,3.3333333,2.2441,727.06233,0.18082221455623906,0.16000000216000046,0.14999999865000044,0.1750000006750005,1.0000000005557304,0.9999999997544371,0.5955010769139154,0.952797207260985,0.9999999999776155,1.0000000000230045,0.9999999999378634,0.16000000216000046,0.1750000006750005,0.17000000117000047,0.08190658813861121,0.16000000216000046,0.18999999919000055,0.14999999865000044,1.0000000003119294,1.000000000330095,14.648216,362.49249,5321.3068,2829.138,-56.189083,-28.140787,-28.649488,-14.648216,-5.4097782,-1.6077989,-9.6401041,576.05869,5444.8223,2372.9656,-1768.1134,299.3528,8174.3147,9052.7456,-110.20354,14.648216,-59.86627999999996,-0.0
2185.0,686.66351,3.6666667,3.3333333,4.0,5.3983,12.2168,154.83028,9748.8489,89.349,173.879,64.3741,3.6666667,3.8888889,3.7777778,0.589,3.6666667,4.2222222,3.2222222,2.2441,727.06233,0.18082221455623915,0.16500000166500048,0.14999999865000044,0.1800000001800005,1.0000000005557304,0.9999999997544368,0.5955010769139155,0.9527972072609872,0.9999999999776161,1.0000000000230045,0.999999999937863,0.16500000166500048,0.1750000006750005,0.17000000117000047,0.08067388029037127,0.16500000166500048,0.18999999919000055,0.14499999914500042,1.0000000003119294,1.000000000330095,14.648216,364.33434,5304.1883,2839.5903,-56.189083,-29.580123,-28.93799,-14.648216,-6.6238677,-1.9846115,-13.300783,578.79352,5455.8504,2379.3606,-1774.0437,300.87821,8133.0155,8994.4305,-105.65129,14.648216,-59.77128000000005,-0.0
2186.0,686.66351,3.6666667,3.3333333,4.0,5.3983,12.2168,154.83028,9748.8489,89.349,173.879,64.3741,3.6666667,3.8888889,3.7777778,0.589,3.6666667,4.2222222,3.2222222,2.2441,727.06233,0.18082221455623906,0.16500000166500048,0.14999999865000044,0.1800000001800005,1.0000000005557301,0.9999999997544363,0.5955010769139155,0.9527972072609878,0.9999999999776165,1.0000000000230052,0.9999999999378634,0.16500000166500048,0.1750000006750005,0.17000000117000047,0.08067388029037126,0.16500000166500048,0.18999999919000055,0.14499999914500042,1.0000000003119294,1.000000000330095,14.648216,365.88454,5286.4839,2850.0204,-56.189083,-25.653738,-29.173612,-14.648216,-5.4097782,-1.6077989,-9.6401041,581.06014,5466.432,2385.049,-1777.8001,302.16301,8090.8459,8934.9635,-105.65129,14.648216,-59.450680000000034,-0.0
2187.0,686.66351,3.6666667,3.3333333,4.0,5.3983,12.2168,154.83028,9748.8489,89.349,173.879,64.3741,3.6666667,3.8888889,3.8888889,0.589,3.6666667,4.1111111,3.2222222,2.2441,727.06233,0.18082221455623906,0.16500000166500048,0.14999999865000044,0.1800000001800005,1.0000000005557306,0.9999999997544365,0.5955010769139153,0.9527972072609879,0.9999999999776161,1.0000000000230052,0.9999999999378631,0.16500000166500048,0.1750000006750005,0.1750000006750005,0.08067388029037124,0.16500000166500048,0.1849999996850005,0.14499999914500042,1.0000000003119294,1.000000000330095,14.648216,367.1431,5268.1845,2860.7752,-56.189083,-29.580123,-29.553485,-14.648216,-6.6238677,-1.9846115,-13.300783,582.85854,5476.5823,2390.0307,-1783.7304,303.20722,8047.8206,8874.3507,-105.65129,14.648216,-59.046479999999974,-0.0
2188.0,686.66351,3.6666667,3.3333333,4.0,5.3983,12.2168,154.83028,9748.8489,89.349,173.879,64.3741,3.6666667,4.0,3.8888889,0.589,3.6666667,4.1111111,3.1111111,2.2441,727.06233,0.18082221455623912,0.16500000166500048,0.14999999865000044,0.1800000001800005,1.0000000005557308,0.9999999997544367,0.5955010769139154,0.9527972072609872,0.9999999999776159,1.0000000000230045,0.999999999937863,0.16500000166500048,0.1800000001800005,0.1750000006750005,0.08067388029037127,0.16500000166500048,0.1849999996850005,0.1399999996400004,1.0000000003119283,1.000000000330095,14.648216,368.76618,5249.2989,2872.0294,-56.189083,-32.067172,-29.789107,-14.648216,-8.721712,-1.9846115,-13.300783,585.55769,5486.3076,2394.3058,-1793.4171,304.5448,8003.9518,8812.6022,-105.65129,14.648216,-58.50188000000003,-0.0
2189.0,686.66351,3.7777778,3.3333333,4.1111111,5.3983,12.2168,154.83028,9748.8489,89.349,173.879,64.3741,3.7777778,4.0,3.8888889,0.58,3.7777778,4.1111111,3.1111111,2.2441,727.06233,0.18082221455623904,0.17000000117000047,0.14999999865000044,0.1849999996850005,1.0000000005557306,0.9999999997544369,0.5955010769139152,0.9527972072609862,0.9999999999776161,1.000000000023004,0.9999999999378631,0.17000000117000047,0.1800000001800005,0.1750000006750005,0.07944117244213131,0.17000000117000047,0.1849999996850005,0.1399999996400004,1.0000000003119291,1.000000000330095,14.953623,370.78752,5229.8216,2883.6587,-56.189083,-25.653738,-29.933358,-14.953623,-8.721712,-1.9846115,-9.6401041,589.12613,5495.6073,2397.8742,-1797.1735,306.20571,7959.27,8749.7453,-105.65129,14.953623,-57.74818000000005,-0.0
2190.0,686.66351,3.7777778,3.2222222,4.1111111,5.3983,12.2168,154.83028,9748.8489,89.349,173.879,64.3741,3.7777778,4.0,3.8888889,0.58,3.7777778,4.1111111,3.1111111,2.2441,727.06233,0.18082221455623906,0.17000000117000047,0.14499999914500042,0.1849999996850005,1.0000000005557304,0.9999999997544367,0.5955010769139155,0.9527972072609843,0.9999999999776148,1.000000000023004,0.9999999999378631,0.17000000117000047,0.1800000001800005,0.1750000006750005,0.07944117244213131,0.17000000117000047,0.1849999996850005,0.1399999996400004,1.000000000311929,1.000000000330095,15.130798,372.58196,5209.7768,2895.5743,-67.083795,-28.140787,-30.16898,-15.130798,-5.4097782,-1.8464794,-11.95885,592.18043,5504.8079,2400.9285,-1800.9299,307.68266,7913.648,8685.6451,-103.01675,15.130798,-56.94737999999995,-0.0
2191.0,686.66351,3.7777778,3.2222222,4.1111111,5.3983,12.2168,154.83028,9748.8489,89.349,173.879,64.3741,3.7777778,4.0,3.8888889,0.58,3.7777778,4.0,3.0,2.2441,727.06233,0.1808222145562391,0.17000000117000047,0.14499999914500042,0.1849999996850005,1.0000000005557297,0.9999999997544363,0.5955010769139153,0.9527972072609866,0.9999999999776156,1.0000000000230045,0.999999999937863,0.17000000117000047,0.1800000001800005,0.1750000006750005,0.07944117244213134,0.17000000117000047,0.1800000001800005,0.13500000013500038,1.0000000003119287,1.000000000330095,15.130798,374.24874,5189.137,2907.4652,-56.189083,-28.140787,-30.548853,-15.130798,-8.721712,-2.223292,-15.619529,594.85161,5514.0347,2403.5997,-1816.5469,309.05875,7867.4078,8620.6026,-110.20354,15.130798,-56.01487999999995,-0.0
2192.0,686.66351,3.7777778,3.2222222,4.1111111,5.3983,12.2168,154.83028,9748.8489,89.349,173.879,64.3741,3.7777778,4.0,3.8888889,0.58,3.7777778,4.0,3.0,2.2441,727.06233,0.180822214556239,0.17000000117000047,0.14499999914500042,0.1849999996850005,1.0000000005557304,0.9999999997544367,0.5955010769139153,0.952797207260985,0.9999999999776162,1.0000000000230045,0.9999999999378636,0.17000000117000047,0.1800000001800005,0.1750000006750005,0.0794411724421313,0.17000000117000047,0.1800000001800005,0.13500000013500038,1.0000000003119287,1.000000000330095,15.130798,375.78788,5167.8383,2919.2717,-56.189083,-25.653738,-30.693104,-15.130798,-5.4097782,-1.6077989,-9.6401041,597.13969,5523.3312,2405.8878,-1816.5469,310.33352,7820.6901,8554.525,-105.65129,15.130798,-54.802869999999984,-0.0
2193.0,686.66351,3.8888889,3.2222222,4.2222222,5.3983,12.2168,154.83028,9748.8489,89.349,173.879,64.3741,3.8888889,4.0,3.8888889,0.571,3.8888889,4.0,3.0,2.2441,727.06233,0.1808222145562391,0.1750000006750005,0.14499999914500042,0.18999999919000055,1.0000000005557315,0.9999999997544369,0.5955010769139152,0.9527972072609869,0.9999999999776158,1.0000000000230045,0.9999999999378631,0.1750000006750005,0.1800000001800005,0.1750000006750005,0.07820846459389133,0.1750000006750005,0.1800000001800005,0.13500000013500038,1.0000000003119294,1.000000000330095,15.130798,377.19938,5145.8534,2930.9908,-56.189083,-25.653738,-30.981605,-15.130798,-8.721712,-1.9846115,-13.300783,599.04465,5532.5513,2407.7928,-1822.4773,311.50692,7778.4824,8487.2349,-105.65129,15.130798,-53.538400000000024,-0.0
2194.0,686.66351,3.8888889,3.1111111,4.2222222,5.3983,12.2168,154.83028,9748.8489,89.349,173.879,64.3741,3.8888889,4.0,3.8888889,0.571,3.8888889,3.8888889,2.8888889,2.2441,727.06233,0.18082221455623912,0.1750000006750005,0.1399999996400004,0.18999999919000055,1.0000000005557304,0.9999999997544365,0.5955010769139155,0.9527972072609859,0.9999999999776161,1.0000000000230043,0.9999999999378631,0.1750000006750005,0.1800000001800005,0.1750000006750005,0.07820846459389133,0.1750000006750005,0.1750000006750005,0.13000000063000036,1.000000000311929,1.000000000330095,15.313501,378.36521,5123.0754,2942.4999,-56.189083,-28.140787,-31.217228,-15.313501,-5.4097782,-1.8464794,-11.95885,600.52402,5541.7662,2409.2721,-1829.99,312.47845,7735.7472,8418.6547,-103.01675,15.313501,-52.26183000000003,-0.0
2195.0,686.66351,3.8888889,3.1111111,4.2222222,5.3983,12.2168,154.83028,9748.8489,89.349,173.879,64.3741,3.8888889,4.0,3.8888889,0.571,3.8888889,3.8888889,2.8888889,2.2441,727.06233,0.18082221455623904,0.1750000006750005,0.1399999996400004,0.18999999919000055,1.0000000005557306,0.9999999997544369,0.5955010769139154,0.9527972072609866,0.9999999999776156,1.0000000000230045,0.9999999999378638,0.1750000006750005,0.1800000001800005,0.1750000006750005,0.0782084645938913,0.1750000006750005,0.1750000006750005,0.13000000063000036,1.0000000003119294,1.000000000330095,15.323465,379.26824,5099.4775,2953.7781,-56.189083,-25.653738,-31.64998,-15.323465,-6.6238677,-1.9846115,-13.300783,601.66991,5551.1724,2410.418,-1832.164,313.23097,7692.4422,8348.7534,-105.65129,15.323465,-50.819740000000024,-0.0
2196.0,686.66351,3.8888889,3.1111111,4.2222222,5.3983,12.2168,154.83028,9748.8489,89.349,173.879,64.3741,3.8888889,4.0,3.8888889,0.571,3.8888889,3.8888889,2.7777778,2.2441,727.06233,0.18082221455623915,0.1750000006750005,0.1399999996400004,0.18999999919000055,1.0000000005557306,0.9999999997544368,0.5955010769139154,0.9527972072609856,0.9999999999776158,1.0000000000230047,0.9999999999378634,0.1750000006750005,0.1800000001800005,0.1750000006750005,0.0782084645938913,0.1750000006750005,0.1750000006750005,0.12500000112500034,1.0000000003119287,1.000000000330095,15.323465,379.91435,5075.0533,2964.8247,-56.189083,-25.653738,-31.885602,-15.323465,-8.721712,-1.9846115,-9.6401041,602.48979,5560.8054,2411.2379,-1841.8507,313.7694,7648.5142,8277.4831,-105.65129,15.323465,-51.33869000000004,-0.0
2197.0,686.66351,3.8888889,3.1111111,4.2222222,5.3983,12.2168,154.83028,9748.8489,89.349,173.879,64.3741,3.8888889,4.0,3.8888889,0.563,3.8888889,3.7777778,2.7777778,2.2441,727.06233,0.18082221455623906,0.1750000006750005,0.1399999996400004,0.18999999919000055,1.0000000005557306,0.9999999997544363,0.5955010769139153,0.9527972072609868,0.9999999999776158,1.000000000023004,0.9999999999378634,0.1750000006750005,0.1800000001800005,0.1750000006750005,0.07711272428434468,0.1750000006750005,0.17000000117000047,0.12500000112500034,1.0000000003119291,1.000000000330095,15.323465,380.30355,5049.796,2975.6336,-56.189083,-28.140787,-32.265475,-15.323465,-8.721712,-2.223292,-15.619529,602.98366,5570.7094,2412.0664,-1851.5374,314.09373,7603.9233,8204.7994,-105.65129,15.323465,-51.77148999999997,-0.0
2198.0,686.66351,3.8888889,3.0,4.3333333,5.3983,12.2168,154.83028,9748.8489,89.349,173.879,64.3741,3.8888889,4.1111111,3.8888889,0.563,3.8888889,3.7777778,2.7777778,2.2441,727.06233,0.18082221455623906,0.1750000006750005,0.13500000013500038,0.19499999869500054,1.0000000005557306,0.9999999997544369,0.5955010769139156,0.9527972072609846,0.9999999999776158,1.0000000000230045,0.9999999999378634,0.1750000006750005,0.1849999996850005,0.1750000006750005,0.07711272428434467,0.1750000006750005,0.17000000117000047,0.12500000112500034,1.0000000003119296,1.000000000330095,15.534046,380.43584,5023.6736,2986.2017,-56.189083,-28.140787,-32.645348,-15.534046,-8.721712,-2.223292,-11.95885,603.15152,5580.9253,2413.3526,-1855.2938,314.20397,7559.49,8130.6257,-98.464504,15.534046,-52.108370000000036,-0.0
2199.0,686.66351,3.8888889,3.0,4.3333333,5.3983,12.2168,154.83028,9748.8489,89.349,173.879,64.3741,3.8888889,4.1111111,3.8888889,0.563,3.8888889,3.7777778,2.6666667,2.2441,727.06233,0.18082221455623915,0.1750000006750005,0.13500000013500038,0.19499999869500054,1.0000000005557301,0.9999999997544363,0.5955010769139155,0.9527972072609836,0.9999999999776154,1.0000000000230045,0.999999999937863,0.1750000006750005,0.1849999996850005,0.1750000006750005,0.07711272428434471,0.1750000006750005,0.17000000117000047,0.12000000162000034,1.0000000003119294,1.000000000330095,15.75758,380.43584,4996.7935,2996.6448,-56.189083,-28.140787,-32.93385,-15.75758,-5.4097782,-2.223292,-11.95885,603.15152,5591.6384,2414.5628,-1859.0502,314.20397,7515.1909,8054.9884,-103.01675,15.75758,-52.28444000000002,-0.0
2200.0,686.66351,3.8888889,3.0,4.3333333,5.3983,12.2168,154.83028,9748.8489,89.349,173.879,64.3741,3.8888889,4.1111111,3.8888889,0.563,3.8888889,3.6666667,2.6666667,2.2441,727.06233,0.18082221455623906,0.1750000006750005,0.13500000013500038,0.19499999869500054,1.0000000005557304,0.9999999997544367,0.5955010769139155,0.952797207260985,0.9999999999776168,1.0000000000230052,0.9999999999378636,0.1750000006750005,0.1849999996850005,0.1750000006750005,0.0771127242843447,0.1750000006750005,0.16500000166500048,0.12000000162000034,1.000000000311929,1.000000000330095,15.75758,380.43584,4969.2783,3012.5431,-56.189083,-25.653738,-33.313723,-15.75758,-8.721712,-1.9846115,-9.6401041,603.15152,5603.0078,2416.4653,-1864.9805,314.20397,7470.7234,7977.9265,-98.464504,15.75758,-52.40653999999995,-0.0
2201.0,686.66351,3.8888889,3.0,4.4444444,5.3983,12.2168,154.83028,9748.8489,89.349,173.879,64.3741,3.8888889,4.1111111,3.8888889,0.555,3.8888889,3.6666667,2.5555556,2.2441,727.06233,0.18082221455623906,0.1750000006750005,0.13500000013500038,0.19999999820000056,1.000000000555731,0.9999999997544368,0.5955010769139153,0.9527972072609869,0.9999999999776159,1.0000000000230052,0.9999999999378634,0.1750000006750005,0.1849999996850005,0.1750000006750005,0.07601698397479806,0.1750000006750005,0.16500000166500048,0.11500000211500032,1.0000000003119294,1.000000000330095,15.75758,380.43584,4941.0018,3028.4824,-56.189083,-25.653738,-33.602225,-15.75758,-8.721712,-2.223292,-15.619529,603.15152,5614.2742,2418.4709,-1874.6672,314.20397,7426.4371,7899.0301,-105.65129,15.75758,-52.362930000000006,-0.0
2202.0,686.66351,3.8888889,2.8888889,4.4444444,5.3983,12.2168,154.83028,9748.8489,89.349,173.879,64.3741,3.8888889,4.1111111,3.8888889,0.555,3.8888889,3.6666667,2.5555556,2.2441,727.06233,0.18082221455623915,0.1750000006750005,0.13000000063000036,0.19999999820000056,1.000000000555731,0.9999999997544361,0.5955010769139153,0.9527972072609872,0.9999999999776156,1.0000000000230045,0.9999999999378634,0.1750000006750005,0.1849999996850005,0.1750000006750005,0.07601698397479807,0.1750000006750005,0.16500000166500048,0.11500000211500032,1.0000000003119285,1.000000000330095,15.75758,380.43584,4911.9925,3044.4613,-56.189083,-25.653738,-33.982098,-15.75758,-8.721712,-1.9846115,-11.95885,603.15152,5624.962,2420.9547,-1874.6672,314.20397,7381.9002,7818.3246,-98.464504,15.75758,-52.35499000000004,-0.0
2203.0,686.66351,3.8888889,2.8888889,4.4444444,5.3983,12.2168,154.83028,9748.8489,89.349,173.879,64.3741,3.8888889,4.1111111,3.8888889,0.555,3.8888889,3.5555556,2.4444444,2.2441,727.06233,0.18082221455623906,0.1750000006750005,0.13000000063000036,0.19999999820000056,1.0000000005557308,0.9999999997544368,0.5955010769139153,0.9527972072609875,0.9999999999776156,1.000000000023004,0.999999999937863,0.1750000006750005,0.1849999996850005,0.1750000006750005,0.07601698397479807,0.1750000006750005,0.16000000216000046,0.10999999811000032,1.000000000311929,1.000000000330095,15.75758,380.43584,4882.1654,3060.4824,-56.189083,-28.140787,-34.361971,-15.75758,-8.721712,-2.223292,-11.95885,603.15152,5635.2117,2423.5638,-1884.3539,314.20397,7336.9909,7735.5569,-98.464504,15.75758,-52.45138999999995,-0.0
2204.0,686.66351,3.8888889,2.8888889,4.4444444,5.3983,12.2168,154.83028,9748.8489,89.349,173.879,64.3741,3.8888889,4.1111111,3.8888889,0.555,3.8888889,3.5555556,2.4444444,2.2441,727.06233,0.18082221455623912,0.1750000006750005,0.13000000063000036,0.19999999820000056,1.0000000005557308,0.9999999997544367,0.5955010769139156,0.9527972072609837,0.9999999999776151,1.0000000000230043,0.9999999999378631,0.1750000006750005,0.1849999996850005,0.1750000006750005,0.07601698397479806,0.1750000006750005,0.16000000216000046,0.10999999811000032,1.000000000311929,1.000000000330095,15.75758,380.43584,4851.4898,3076.5391,-56.189083,-28.140787,-34.886094,-15.75758,-8.721712,-2.223292,-11.95885,603.15152,5645.1803,2426.2982,-1894.0406,314.20397,7293.9456,7650.6365,-98.464504,15.75758,-52.38897999999995,-0.0
2205.0,686.66351,3.8888889,2.8191655,4.5555556,5.3983,12.2168,154.83028,9748.8489,89.349,173.879,64.3741,3.8888889,4.1111111,3.8888889,0.547,3.8888889,3.5555556,2.3333333,2.2441,727.06233,0.18082221455623906,0.1750000006750005,0.1268624476268628,0.2050000022050006,1.0000000005557301,0.9999999997544363,0.5955010769139154,0.9527972072609875,0.9999999999776154,1.0000000000230045,0.9999999999378631,0.1750000006750005,0.1849999996850005,0.1750000006750005,0.07492124366525142,0.1750000006750005,0.16000000216000046,0.1049999986050003,1.000000000311929,1.000000000330095,15.75758,380.43584,4819.9908,3093.592,-56.189083,-25.653738,-35.174596,-15.75758,-8.721712,-2.3614241,-15.619529,603.15152,5654.8739,2430.6039,-1899.971,314.20397,7242.6601,7563.6155,-105.65129,15.75758,-52.27909,-0.0
2206.0,686.66351,3.8888889,2.7777778,4.5555556,5.3983,12.2168,154.83028,9748.8489,89.349,173.879,64.3741,3.8888889,4.1111111,4.0,0.547,3.8888889,3.4444444,2.3333333,2.2441,727.06233,0.180822214556239,0.1750000006750005,0.12500000112500034,0.2050000022050006,1.0000000005557306,0.9999999997544367,0.5955010769139154,0.9527972072609846,0.9999999999776161,1.0000000000230045,0.9999999999378631,0.1750000006750005,0.1849999996850005,0.1800000001800005,0.07492124366525141,0.1750000006750005,0.15499999815500043,0.1049999986050003,1.000000000311929,1.000000000330095,15.75758,380.43584,4787.6609,3111.5756,-56.189083,-25.653738,-35.554469,-15.75758,-8.721712,-1.9846115,-9.6401041,603.15152,5664.2562,2435.8283,-1903.7274,314.20397,7195.0954,7474.542,-98.464504,15.75758,-52.003810000000044,-0.0
2207.0,686.66351,3.8888889,2.7777778,4.6666667,5.3983,12.2168,154.83028,9748.8489,89.349,173.879,64.3741,3.8888889,4.2222222,4.0,0.547,3.8888889,3.4444444,2.2222222,2.2441,727.06233,0.18082221455623906,0.1750000006750005,0.12500000112500034,0.2100000017100006,1.0000000005557304,0.9999999997544368,0.5955010769139153,0.9527972072609843,0.9999999999776155,1.0000000000230052,0.999999999937863,0.1750000006750005,0.18999999919000055,0.1800000001800005,0.0749212436652514,0.1750000006750005,0.15499999815500043,0.09999999910000028,1.0000000003119294,1.000000000330095,15.75758,380.43584,4754.5048,3130.2073,-56.189083,-25.653738,-36.078593,-15.75758,-8.721712,-2.6001046,-15.619529,603.15152,5673.1868,2441.3587,-1913.4141,314.20397,7148.6966,7383.4209,-105.65129,15.75758,-51.703160000000025,-0.0
2208.0,686.66351,3.8888889,2.7777778,4.6666667,5.3983,12.2168,154.83028,9748.8489,89.349,173.879,64.3741,3.8888889,4.2222222,4.0,0.547,3.8888889,3.4444444,2.2222222,2.2441,727.06233,0.18082221455623906,0.1750000006750005,0.12500000112500034,0.2100000017100006,1.0000000005557301,0.9999999997544367,0.5955010769139155,0.9527972072609868,0.9999999999776156,1.0000000000230043,0.9999999999378634,0.1750000006750005,0.18999999919000055,0.1800000001800005,0.07492124366525144,0.1750000006750005,0.15499999815500043,0.09999999910000028,1.000000000311929,1.000000000330095,15.75758,380.43584,4720.5574,3150.4242,-56.189083,-25.653738,-36.511345,-15.75758,-8.721712,-1.9846115,-9.6401041,603.15152,5681.6402,2447.5958,-1913.4141,314.20397,7099.9323,7290.3378,-98.464504,15.75758,-51.34496999999999,-0.0
2209.0,686.66351,3.8888889,2.6666667,4.6666667,5.3983,12.2168,154.83028,9748.8489,89.349,173.879,64.3741,3.8888889,4.2222222,4.0,0.539,3.8888889,3.3333333,2.1111111,2.2441,727.06233,0.180822214556239,0.1750000006750005,0.12000000162000034,0.2100000017100006,1.0000000005557304,0.9999999997544367,0.5955010769139154,0.9527972072609868,0.9999999999776155,1.0000000000230047,0.9999999999378636,0.1750000006750005,0.18999999919000055,0.1800000001800005,0.07382550335570476,0.1750000006750005,0.14999999865000044,0.09499999959500027,1.0000000003119294,1.000000000330095,15.75758,380.43584,4685.8416,3171.4119,-56.189083,-25.653738,-37.035469,-15.75758,-8.721712,-2.3614241,-13.300783,603.15152,5689.4233,2453.9796,-1923.1008,314.20397,7049.8079,7195.4491,-105.65129,15.75758,-50.84510999999998,-0.0
2210.0,686.66351,3.8888889,2.6666667,4.7777778,5.3983,12.2168,154.83028,9748.8489,89.349,173.879,64.3741,3.8888889,4.2222222,4.0,0.539,3.8888889,3.3333333,2.1111111,2.2441,727.06233,0.18082221455623912,0.1750000006750005,0.12000000162000034,0.2150000012150006,1.0000000005557308,0.9999999997544367,0.5955010769139154,0.9527972072609857,0.9999999999776165,1.0000000000230045,0.9999999999378634,0.1750000006750005,0.18999999919000055,0.1800000001800005,0.0738255033557048,0.1750000006750005,0.14999999865000044,0.09499999959500027,1.0000000003119294,1.000000000330095,15.75758,380.43584,4650.6826,3193.4405,-56.189083,-25.653738,-37.559593,-15.75758,-8.721712,-2.3614241,-15.619529,603.15152,5695.7277,2461.4781,-1932.7875,314.20397,6999.5931,7100.0363,-105.65129,15.75758,-50.25822000000005,-0.0
2211.0,686.66351,3.8888889,2.5555556,4.7777778,5.3983,12.2168,154.83028,9748.8489,89.349,173.879,64.3741,3.8888889,4.2222222,4.0,0.539,3.8888889,3.2222222,2.0,2.2441,727.06233,0.18082221455623906,0.1750000006750005,0.11500000211500032,0.2150000012150006,1.0000000005557308,0.9999999997544363,0.5955010769139153,0.9527972072609869,0.9999999999776161,1.000000000023004,0.9999999999378631,0.1750000006750005,0.18999999919000055,0.1800000001800005,0.07382550335570479,0.1750000006750005,0.14499999914500042,0.09000000009000025,1.0000000003119291,1.000000000330095,15.75758,380.59246,4615.1869,3218.7827,-56.189083,-25.653738,-38.083717,-15.75758,-8.721712,-2.6001046,-15.619529,603.4783,5700.132,2471.0519,-1936.5439,314.33153,6948.9074,7004.6337,-98.464504,15.75758,-49.53457000000003,-0.0
2212.0,686.66351,3.8888889,2.5555556,4.8888889,5.3983,12.2168,154.83028,9748.8489,89.349,173.879,64.3741,3.8888889,4.2222222,4.1111111,0.539,3.8888889,3.2222222,2.0,2.2441,727.06233,0.18082221455623906,0.1750000006750005,0.11500000211500032,0.22000000072000064,1.0000000005557306,0.9999999997544368,0.5955010769139156,0.9527972072609843,0.999999999977615,1.0000000000230043,0.9999999999378634,0.1750000006750005,0.18999999919000055,0.1849999996850005,0.07382550335570476,0.1750000006750005,0.14499999914500042,0.09000000009000025,1.0000000003119294,1.000000000330095,15.75758,381.10502,4579.3916,3236.589,-56.189083,-25.653738,-38.607841,-15.75758,-8.721712,-2.3614241,-13.300783,604.52336,5702.5751,2480.8553,-1942.4742,314.74945,6896.1994,6909.2662,-98.464504,15.75758,-48.65673000000004,-0.0
2213.0,686.66351,3.8888889,2.5555556,4.8888889,5.3983,12.2168,154.83028,9748.8489,89.349,173.879,64.3741,3.8888889,4.2222222,4.1111111,0.531,3.8888889,3.1111111,1.8888889,2.2441,727.06233,0.18082221455623915,0.1750000006750005,0.11500000211500032,0.22000000072000064,1.0000000005557308,0.9999999997544365,0.5955010769139155,0.9527972072609836,0.9999999999776158,1.0000000000230047,0.999999999937863,0.1750000006750005,0.18999999919000055,0.1849999996850005,0.07272976304615815,0.1750000006750005,0.1399999996400004,0.08500000058500023,1.000000000311929,1.000000000330095,15.75758,381.62514,4543.2818,3259.6261,-38.989254,-24.214403,-39.131965,-15.75758,-10.819556,-2.223292,-11.95885,605.50436,5703.375,2491.6368,-1946.2306,315.17526,6813.7886,6813.7886,-98.464504,15.75758,-47.663279999999986,-0.0
2214.0,686.66351,3.8888889,2.4444444,5.0,5.3983,12.2168,154.83028,9748.8489,89.349,173.879,64.3741,3.8888889,4.2222222,4.1111111,0.531,3.8888889,3.1111111,1.8888889,2.2441,727.06233,0.18082221455623906,0.1750000006750005,0.10999999811000032,0.22500000022500063,1.0000000005557304,0.9999999997544368,0.5955010769139154,0.9527972072609843,0.9999999999776166,1.0000000000230052,0.9999999999378638,0.1750000006750005,0.18999999919000055,0.1849999996850005,0.07272976304615816,0.1750000006750005,0.1399999996400004,0.08500000058500023,1.000000000311929,1.000000000330095,15.75758,382.4329,4506.8197,3285.0712,-56.189083,-28.140787,-39.800339,-15.75758,-8.721712,-2.6001046,-11.95885,607.00368,5702.2099,2503.9025,-1949.987,315.83736,6718.3514,6718.3514,-98.464504,15.75758,-46.63624000000004,-0.0
2215.0,686.66351,3.8888889,2.4444444,5.0,5.3983,12.2168,154.83028,9748.8489,89.349,173.879,64.3741,4.0,4.2222222,4.2222222,0.531,3.8888889,3.0,1.7777778,2.2441,727.06233,0.18082221455623906,0.1750000006750005,0.10999999811000032,0.22500000022500063,1.0000000005557306,0.9999999997544368,0.5955010769139154,0.9527972072609846,0.9999999999776161,1.0000000000230052,0.9999999999378631,0.1800000001800005,0.18999999919000055,0.18999999919000055,0.07272976304615814,0.1750000006750005,0.13500000013500038,0.08000000108000023,1.0000000003119294,1.000000000330095,15.75758,383.2324,4470.0148,3309.4446,-56.189083,-25.653738,-40.377343,-15.75758,-8.721712,-2.3614241,-13.300783,608.35849,5698.9471,2518.059,-1955.9173,316.4956,6622.9018,6622.9018,-93.912254,15.75758,-45.63052000000005,-0.0
2216.0,686.66351,4.0,2.4444444,5.1111111,5.3983,12.2168,154.83028,9748.8489,89.349,173.879,64.3741,4.0,4.2222222,4.2222222,0.531,4.0,2.8888889,1.6666667,2.2441,727.06233,0.18082221455623915,0.1800000001800005,0.10999999811000032,0.22999999973000063,1.0000000005557308,0.9999999997544365,0.5955010769139154,0.9527972072609875,0.9999999999776156,1.0000000000230045,0.999999999937863,0.1800000001800005,0.18999999919000055,0.18999999919000055,0.07272976304615814,0.1800000001800005,0.13000000063000036,0.07500000157500021,1.0000000003119287,1.000000000330095,15.75758,384.19909,4432.8433,3333.4576,-56.189083,-25.653738,-41.137089,-15.75758,-8.721712,-2.9769172,-15.619529,609.93486,5693.65,2534.1131,-1965.604,317.29293,6527.3865,6527.3865,-98.464504,15.75758,-44.82054000000005,-0.0
2217.0,686.66351,4.0,2.3333333,5.1111111,5.3983,12.2168,154.83028,9748.8489,89.349,173.879,64.3741,4.0,4.2222222,4.2222222,0.531,4.0,2.8888889,1.6666667,2.2441,727.06233,0.18082221455623906,0.1800000001800005,0.1049999986050003,0.22999999973000063,1.0000000005557308,0.9999999997544362,0.5955010769139155,0.9527972072609875,0.9999999999776158,1.000000000023004,0.9999999999378631,0.1800000001800005,0.18999999919000055,0.18999999919000055,0.07272976304615814,0.1800000001800005,0.13000000063000036,0.07500000157500021,1.000000000311929,1.000000000330095,15.75758,385.12758,4395.2751,3356.8966,-38.989254,-21.727353,-41.569841,-15.75758,-8.721712,-2.6001046,-15.619529,611.32565,5686.2762,2550.7825,-1965.604,318.06171,6431.7514,6431.7514,-98.464504,15.75758,-43.81119000000001,-0.0
2218.0,686.66351,4.0,2.3333333,5.2222222,5.3983,12.2168,154.83028,9748.8489,89.349,173.879,64.3741,4.0,4.2222222,4.3333333,0.523,4.0,2.7777778,1.5555556,2.2441,727.06233,0.18082221455623912,0.1800000001800005,0.1049999986050003,0.23499999923500067,1.000000000555731,0.9999999997544365,0.5955010769139155,0.9527972072609849,0.9999999999776156,1.0000000000230045,0.9999999999378636,0.1800000001800005,0.18999999919000055,0.19499999869500054,0.07163402273661149,0.1800000001800005,0.12500000112500034,0.07000000207000019,1.0000000003119294,1.000000000330095,15.75758,385.95358,4357.2368,3378.8338,-56.189083,-25.653738,-42.473838,-15.75758,-8.721712,-2.6001046,-15.619529,612.50773,5676.9068,2568.7681,-1975.2907,318.74683,6335.886,6335.886,-98.464504,15.75758,-42.98630000000003,-0.0
2219.0,686.66351,4.0,2.3333333,5.2222222,5.3983,12.2168,154.83028,9748.8489,89.349,173.879,64.3741,4.0,4.1111111,4.3333333,0.523,4.0,2.6666667,1.5555556,2.2441,727.06233,0.1808222145562391,0.1800000001800005,0.1049999986050003,0.23499999923500067,1.0000000005557301,0.9999999997544363,0.5955010769139154,0.9527972072609872,0.9999999999776155,1.0000000000230045,0.9999999999378631,0.1800000001800005,0.1849999996850005,0.19499999869500054,0.07163402273661149,0.1800000001800005,0.12000000162000034,0.07000000207000019,1.0000000003119287,1.000000000330095,15.75758,387.35153,4318.6983,3397.4622,-56.189083,-28.140787,-43.286464,-15.75758,-10.819556,-2.9769172,-15.619529,614.89217,5665.4997,2588.3433,-1984.9775,319.89766,6239.755,6239.755,-98.464504,15.75758,-42.288310000000024,-0.0
2220.0,686.66351,4.0,2.2222222,5.2222222,5.3983,12.2168,154.83028,9748.8489,89.349,173.879,64.3741,4.0,4.1111111,4.4444444,0.523,4.0,2.6666667,1.4444444,2.2441,727.06233,0.18082221455623906,0.1800000001800005,0.09999999910000028,0.23499999923500067,1.0000000005557306,0.9999999997544369,0.5955010769139155,0.9527972072609846,0.9999999999776159,1.0000000000230047,0.9999999999378631,0.1800000001800005,0.1849999996850005,0.19999999820000056,0.0716340227366115,0.1800000001800005,0.12000000162000034,0.06499999806500019,1.0000000003119291,1.000000000330095,15.75758,388.93879,4279.5641,3383.4803,-56.189083,-25.653738,-43.954838,-15.75758,-8.721712,-2.6001046,-15.619529,617.66654,5651.9259,2609.0336,-1984.9775,321.20242,6143.2642,6143.2642,-98.464504,15.75758,-41.38941999999997,-0.0
2221.0,686.66351,4.1111111,2.2222222,5.1111111,5.3983,12.2168,154.83028,9748.8489,89.349,173.879,64.3741,4.1111111,4.1111111,4.4444444,0.515,4.1111111,2.5555556,1.4444444,2.2441,727.06233,0.1808222145562391,0.1849999996850005,0.09999999910000028,0.22999999973000063,1.0000000005557304,0.9999999997544368,0.5955010769139156,0.9527972072609837,0.9999999999776151,1.0000000000230045,0.9999999999378626,0.1849999996850005,0.1849999996850005,0.19999999820000056,0.07053828242706485,0.1849999996850005,0.11500000211500032,0.06499999806500019,1.0000000003119287,1.000000000330095,15.807846,390.45477,4239.7891,3355.1109,-56.189083,-25.653738,-44.676092,-15.807846,-12.033646,-2.9769172,-13.300783,620.23227,5637.551,2630.5617,-1994.6642,322.4506,6046.0403,6046.0403,-93.912254,15.807846,-40.613309999999956,-0.0
2222.0,686.66351,4.1111111,2.1111111,5.1111111,5.3983,12.2168,154.83028,9748.8489,89.349,173.879,64.3741,4.1111111,4.1111111,4.5555556,0.515,4.1111111,2.4444444,1.3333333,2.2441,727.06233,0.1808222145562391,0.1849999996850005,0.09499999959500027,0.22999999973000063,1.0000000005557301,0.9999999997544362,0.5955010769139155,0.9527972072609868,0.9999999999776158,1.000000000023005,0.9999999999378634,0.1849999996850005,0.1849999996850005,0.2050000022050006,0.0705382824270649,0.1849999996850005,0.10999999811000032,0.05999999856000017,1.0000000003119285,1.000000000330095,15.922582,392.08036,4199.2711,3326.1587,-56.189083,-25.653738,-45.580089,-15.922582,-8.721712,-2.9769172,-15.619529,622.98195,5622.8914,2652.0667,-1998.4206,323.78935,5948.2102,5948.2102,-98.464504,15.922582,-39.895669999999996,-0.0
2223.0,686.66351,4.1111111,2.1111111,5.0,5.3983,12.2168,154.83028,9748.8489,89.349,173.879,64.3741,4.1111111,4.1111111,4.5555556,0.515,4.1111111,2.3333333,1.3333333,2.2441,727.06233,0.180822214556239,0.1849999996850005,0.09499999959500027,0.22500000022500063,1.0000000005557306,0.9999999997544365,0.5955010769139155,0.9527972072609875,0.9999999999776158,1.0000000000230054,0.9999999999378634,0.1849999996850005,0.1849999996850005,0.2050000022050006,0.07053828242706486,0.1849999996850005,0.1049999986050003,0.05999999856000017,1.0000000003119294,1.000000000330095,15.926669,393.64336,4158.1325,3296.991,-56.189083,-21.727353,-46.392715,-15.926669,-8.721712,-2.9769172,-15.619529,625.45728,5607.7549,2673.3117,-2002.1769,325.08016,5850.0824,5850.0824,-98.464504,15.926669,-39.30439999999999,-0.0
2224.0,686.66351,4.1111111,2.1111111,4.8888889,5.3983,12.2168,154.83028,9691.6079,89.349,173.879,64.3741,4.1111111,4.1111111,4.6666667,0.515,4.1111111,2.3333333,1.2222222,2.2441,727.06233,0.18082221455623912,0.1849999996850005,0.09499999959500027,0.22000000072000064,1.0000000005557308,0.9999999997544367,0.5955010769139154,0.9472027965259063,0.9999999999776159,1.000000000023005,0.9999999999378634,0.1849999996850005,0.1849999996850005,0.2100000017100006,0.07053828242706488,0.1849999996850005,0.1049999986050003,0.05499999905500016,1.0000000003119294,1.000000000330095,16.020683,395.59639,4116.3092,3267.7758,-56.189083,-28.140787,-47.440963,-16.020683,-14.13149,-3.2155978,-15.619529,628.59392,5591.93,2694.0339,-2011.8637,326.69228,5751.6619,5751.6619,-98.464504,16.020683,-38.804089999999974,-0.0
2225.0,686.66351,4.2222222,2.0,4.8888889,5.3983,12.2168,154.83028,9691.6079,89.349,173.879,64.3741,4.2222222,4.1111111,4.6666667,0.515,4.2222222,2.2222222,1.1111111,2.2441,727.06233,0.1808222145562391,0.18999999919000055,0.09000000009000025,0.22000000072000064,1.000000000555731,0.9999999997544367,0.5955010769139152,0.9472027965259074,0.9999999999776156,1.000000000023004,0.9999999999378631,0.18999999919000055,0.1849999996850005,0.2100000017100006,0.07053828242706488,0.18999999919000055,0.09999999910000028,0.04999999955000014,1.0000000003119291,1.000000000330095,16.020683,398.31365,4073.7419,3238.2939,-56.189083,-25.653738,-48.306468,-16.020683,-12.033646,-3.3537298,-15.619529,633.26063,5575.1806,2714.0048,-2011.8637,328.92821,5652.8666,5652.8666,-98.464504,16.020683,-38.35699999999997,-0.0
2226.0,686.66351,4.2222222,2.0,4.7777778,5.3983,12.2168,142.19242,9691.6079,89.349,173.879,64.3741,4.2222222,4.0,4.7777778,0.507,4.2222222,2.1111111,1.1111111,2.2441,727.06233,0.18082221455623906,0.18999999919000055,0.09000000009000025,0.2150000012150006,1.0000000005557301,0.9999999997544371,0.5468939230685095,0.9472027965259053,0.9999999999776154,1.0000000000230043,0.9999999999378631,0.18999999919000055,0.1800000001800005,0.2150000012150006,0.06944254211751821,0.18999999919000055,0.09499999959500027,0.04999999955000014,1.0000000003119296,1.000000000330095,16.07699,400.80292,4030.3726,3208.452,-56.189083,-28.140787,-49.498966,-16.07699,-14.13149,-3.5924104,-17.938276,637.3513,5557.4144,2733.129,-2021.5504,330.98045,5553.6692,5553.6692,-98.464504,16.07699,-37.96884,-0.0
2227.0,686.66351,4.2222222,1.8888889,4.7777778,5.3983,12.2168,142.19242,9691.6079,89.349,173.879,64.3741,4.3333333,4.0,4.7777778,0.507,4.2222222,2.0,1.0,2.2441,727.06233,0.18082221455623915,0.18999999919000055,0.08500000058500023,0.2150000012150006,1.0000000005557301,0.9999999997544363,0.5468939230685094,0.9472027965259061,0.9999999999776156,1.0000000000230047,0.9999999999378634,0.19499999869500054,0.1800000001800005,0.2150000012150006,0.06944254211751819,0.18999999919000055,0.09000000009000025,0.04500000004500013,1.0000000003119287,1.000000000330095,16.07699,403.42918,3986.2335,3178.1675,-56.189083,-25.653738,-50.455842,-16.07699,-12.033646,-3.3537298,-15.619529,641.62712,5538.5134,2751.2704,-2021.5504,333.14706,5454.1334,5454.1334,-98.464504,16.07699,-37.70595000000003,-0.0
2228.0,686.66351,4.3333333,1.8888889,4.6666667,5.3983,12.2168,142.19242,9691.6079,89.349,173.879,64.3741,4.3333333,4.0,4.7777778,0.507,4.3333333,2.0,1.0,2.2441,727.06233,0.18082221455623906,0.19499999869500054,0.08500000058500023,0.2100000017100006,1.0000000005557308,0.9999999997544368,0.5468939230685095,0.9472027965259054,0.9999999999776168,1.0000000000230045,0.9999999999378638,0.19499999869500054,0.1800000001800005,0.2150000012150006,0.06944254211751824,0.19499999869500054,0.09000000009000025,0.04500000004500013,1.0000000003119285,1.000000000330095,16.07699,406.44904,3941.2685,3147.6111,-56.189083,-28.140787,-51.648341,-16.07699,-10.819556,-3.5924104,-17.938276,646.65321,5518.2553,2768.1889,-2025.3068,335.63577,5354.273,5354.273,-98.464504,16.07699,-37.70518000000004,-0.0
2229.0,686.66351,4.3333333,1.7777778,4.5555556,5.3983,12.2168,142.19242,9691.6079,89.349,173.879,64.3741,4.4444444,4.0,4.8888889,0.507,4.3333333,1.8888889,0.88888889,2.2441,727.06233,0.18082221455623906,0.19499999869500054,0.08000000108000023,0.2050000022050006,1.0000000005557304,0.9999999997544371,0.5468939230685094,0.9472027965259054,0.9999999999776155,1.000000000023005,0.9999999999378631,0.19999999820000056,0.1800000001800005,0.22000000072000064,0.06944254211751821,0.19499999869500054,0.08500000058500023,0.04000000009000011,1.0000000003119294,1.000000000330095,16.294174,410.04824,3895.4932,3116.9047,-38.989254,-24.214403,-52.749468,-16.294174,-10.819556,-3.5924104,-17.938276,652.72489,5496.4801,2783.6969,-2034.9935,338.59961,5254.1496,5254.1496,-91.277722,16.294174,-38.026610000000005,-0.0
2230.0,686.66351,4.4444444,1.7777778,4.5555556,5.3983,12.2168,142.19242,9691.6079,89.349,173.879,64.3741,4.4444444,3.8888889,4.8888889,0.507,4.4444444,1.7777778,0.88888889,2.2441,727.06233,0.18082221455623915,0.19999999820000056,0.08000000108000023,0.2050000022050006,1.0000000005557301,0.9999999997544367,0.5468939230685097,0.9472027965259087,0.9999999999776161,1.0000000000230045,0.999999999937863,0.19999999820000056,0.1750000006750005,0.22000000072000064,0.06944254211751826,0.19999999820000056,0.08000000108000023,0.04000000009000011,1.0000000003119291,1.000000000330095,16.407654,414.22269,3848.8988,3085.9656,-56.189083,-25.653738,-54.139097,-16.407654,-14.13149,-3.969223,-19.280208,659.74522,5473.5624,2797.7903,-2040.9238,342.03795,5153.7527,5153.7527,-98.464504,16.407654,-38.44322999999997,-0.0
2231.0,686.66351,4.5555556,1.7777778,4.4444444,5.3983,12.2168,142.19242,9691.6079,89.349,173.879,64.3741,4.5555556,3.8888889,5.0,0.507,4.5555556,1.7777778,0.77777778,2.2441,727.06233,0.18082221455623906,0.2050000022050006,0.08000000108000023,0.19999999820000056,1.0000000005557304,0.9999999997544361,0.5468939230685095,0.9472027965259083,0.9999999999776162,1.0000000000230047,0.9999999999378636,0.2050000022050006,0.1750000006750005,0.22500000022500063,0.06944254211751821,0.2050000022050006,0.08000000108000023,0.0350000001350001,1.0000000003119294,1.000000000330095,16.438644,418.2566,3801.5728,3054.8112,-56.189083,-25.653738,-55.384475,-16.438644,-12.033646,-3.7305424,-19.280208,666.32627,5449.3218,2821.6401,-2040.9238,345.36515,5053.3617,5053.3617,-93.912254,16.438644,-38.890930000000026,-0.0
2232.0,686.66351,4.5555556,1.6666667,4.3333333,5.3983,12.2168,142.19242,9691.6079,89.349,173.879,64.3741,4.6666667,3.8888889,5.0,0.5,4.5555556,1.6666667,0.77777778,2.2441,727.06233,0.18082221455623912,0.2050000022050006,0.07500000157500021,0.19499999869500054,1.0000000005557308,0.9999999997544365,0.5468939230685095,0.9472027965259074,0.9999999999776156,1.000000000023005,0.9999999999378631,0.2100000017100006,0.1750000006750005,0.22500000022500063,0.06848376934666489,0.2050000022050006,0.07500000157500021,0.0350000001350001,1.0000000003119294,1.000000000330095,16.528587,422.49316,3753.5654,3023.3134,-38.989254,-21.727353,-56.721224,-16.528587,-10.819556,-3.5924104,-17.938276,673.13801,5423.7223,2844.7618,-2048.4366,348.86204,4953.3911,4953.3911,-91.277722,16.528587,-39.26070000000004,-0.0
2233.0,686.66351,4.6666667,1.6666667,4.3333333,5.3983,12.2168,142.19242,9691.6079,89.349,173.879,64.3741,4.6666667,3.8888889,5.1111111,0.5,4.6666667,1.5555556,0.66666667,2.2441,727.06233,0.18082221455623915,0.2100000017100006,0.07500000157500021,0.19499999869500054,1.000000000555731,0.9999999997544363,0.5468939230685094,0.9472027965259074,0.9999999999776151,1.000000000023004,0.9999999999378634,0.2100000017100006,0.1750000006750005,0.22999999973000063,0.06848376934666492,0.2100000017100006,0.07000000207000019,0.030000000180000087,1.0000000003119285,1.000000000330095,16.542372,427.07814,3704.7927,2991.3839,-56.189083,-25.653738,-58.255104,-16.542372,-12.033646,-3.7305424,-19.280208,680.46707,5396.6567,2867.1991,-2054.3669,352.64743,4853.8379,4853.8379,-98.464504,16.542372,-39.40423999999996,-0.0
2234.0,686.66351,4.7777778,1.5555556,4.2222222,5.3983,12.2168,142.19242,9691.6079,89.349,173.879,64.3741,4.7777778,3.7777778,5.1111111,0.5,4.7777778,1.4444444,0.55555555,2.2441,727.06233,0.18082221455623906,0.2150000012150006,0.07000000207000019,0.18999999919000055,1.0000000005557308,0.9999999997544371,0.5468939230685094,0.9472027965259051,0.9999999999776158,1.0000000000230045,0.9999999999378631,0.2150000012150006,0.17000000117000047,0.22999999973000063,0.06848376934666492,0.2150000012150006,0.06499999806500019,0.02499999977500007,1.0000000003119285,1.000000000330095,16.70078,431.76622,3655.1584,2958.9393,-38.989254,-21.727353,-59.591853,-16.70078,-10.819556,-3.969223,-17.938276,687.89191,5368.1214,2888.9184,-2052.193,356.51935,4754.6069,4754.6069,-91.277722,16.70078,-39.72383000000002,-0.0
2235.0,686.66351,4.7777778,1.5555556,4.1111111,5.3983,12.2168,142.19242,9691.6079,89.349,173.879,64.3741,4.8888889,3.7777778,5.2222222,0.5,4.7777778,1.4444444,0.55555555,2.2441,727.06233,0.18082221455623912,0.2150000012150006,0.07000000207000019,0.1849999996850005,1.0000000005557306,0.9999999997544363,0.5468939230685094,0.9472027965259044,0.999999999977615,1.0000000000230047,0.999999999937863,0.22000000072000064,0.17000000117000047,0.23499999923500067,0.06848376934666489,0.2150000012150006,0.06499999806500019,0.02499999977500007,1.0000000003119287,1.000000000330095,17.002086,436.32386,3604.5938,2925.8967,-38.989254,-21.727353,-61.269984,-17.002086,-12.033646,-3.7305424,-15.619529,695.02702,5338.3812,2909.9815,-2058.1233,360.2857,4655.6775,4655.6775,-86.725472,17.002086,-40.05286000000001,-0.0
2236.0,686.66351,4.8888889,1.4444444,4.1111111,5.3983,12.2168,142.19242,9691.6079,89.349,173.879,64.3741,4.8888889,3.7777778,5.2222222,0.5,4.8888889,1.3333333,0.44444444,2.2441,727.06233,0.1808222145562391,0.22000000072000064,0.06499999806500019,0.1849999996850005,1.00000000055573,0.9999999997544362,0.5468939230685095,0.9472027965259073,0.9999999999776158,1.0000000000230047,0.9999999999378634,0.22000000072000064,0.17000000117000047,0.23499999923500067,0.06848376934666493,0.22000000072000064,0.05999999856000017,0.019999999820000055,1.000000000311929,1.000000000330095,17.008398,440.38331,3553.112,2892.2768,-56.189083,-25.653738,-63.130857,-17.008398,-14.13149,-4.3460356,-21.598954,701.15217,5307.6915,2932.5292,-2061.8797,363.64566,4557.0107,4557.0107,-98.464504,17.008398,-40.41425000000004,-0.0
2237.0,686.66351,4.8888889,1.4444444,4.0,5.3983,12.2168,142.19242,9691.6079,89.349,173.879,64.3741,5.0,3.6666667,5.3333333,0.5,4.8888889,1.2222222,0.44444444,2.2441,727.06233,0.180822214556239,0.22000000072000064,0.06499999806500019,0.1800000001800005,1.0000000005557304,0.9999999997544369,0.5468939230685093,0.9472027965259084,0.9999999999776165,1.0000000000230045,0.9999999999378636,0.22500000022500063,0.16500000166500048,0.23999999874000066,0.0684837693466649,0.22000000072000064,0.05499999905500016,0.019999999820000055,1.0000000003119294,1.000000000330095,17.126791,443.84614,3500.643,2858.0183,-38.989254,-21.727353,-64.808988,-17.126791,-14.13149,-4.3460356,-15.619529,706.1242,5276.0858,2956.516,-2065.6361,366.51774,4458.5221,4458.5221,-91.277722,17.126791,-40.97928000000002,-0.0
2238.0,686.66351,5.0,1.3333333,3.8888889,5.3983,12.2168,142.19242,9691.6079,89.349,173.879,64.3741,5.0,3.6666667,5.3333333,0.493,5.0,1.1111111,0.33333333,2.2441,727.06233,0.18082221455623912,0.22500000022500063,0.05999999856000017,0.1750000006750005,1.000000000555731,0.9999999997544368,0.5468939230685097,0.9472027965259088,0.9999999999776156,1.0000000000230045,0.999999999937863,0.22500000022500063,0.16500000166500048,0.23999999874000066,0.06752499657581161,0.22500000022500063,0.04999999955000014,0.014999999865000042,1.0000000003119291,1.000000000330095,17.344905,446.67986,3447.1464,2823.0785,-38.989254,-21.727353,-66.72274,-17.344905,-14.13149,-4.3460356,-17.938276,709.99511,5243.7064,2981.5157,-2069.3924,368.87268,4360.1219,4360.1219,-91.277722,17.344905,-41.63134000000002,-0.0
2239.0,686.66351,5.0,1.3333333,3.8888889,5.3983,12.2168,142.19242,9691.6079,89.349,173.879,64.3741,5.0,3.6666667,5.4444444,0.493,5.0,1.1111111,0.33333333,2.2441,727.06233,0.1808222145562391,0.22500000022500063,0.05999999856000017,0.1750000006750005,1.0000000005557306,0.9999999997544365,0.5468939230685094,0.947202796525907,0.9999999999776156,1.0000000000230045,0.9999999999378631,0.22500000022500063,0.16500000166500048,0.24499999824500068,0.06752499657581162,0.22500000022500063,0.04999999955000014,0.014999999865000042,1.000000000311929,1.000000000330095,17.627303,448.8814,3392.5715,2787.4251,-56.189083,-25.653738,-68.780744,-17.627303,-14.13149,-4.7228482,-19.280208,712.88112,5210.7117,3009.6247,-2075.3228,370.70503,4261.736,4261.736,-86.725472,17.627303,-42.293390000000045,-0.0
2240.0,686.66351,5.0,1.2222222,3.7777778,5.3983,12.2168,142.19242,9691.6079,89.349,173.879,64.3741,5.1111111,3.5555556,5.5555555,0.493,5.0,1.0,0.22222222,2.2441,727.06233,0.18082221455623906,0.22500000022500063,0.05499999905500016,0.17000000117000047,1.0000000005557308,0.9999999997544369,0.5468939230685093,0.9472027965259057,0.999999999977615,1.0000000000230045,0.9999999999378634,0.22999999973000063,0.16000000216000046,0.2499999977500007,0.06752499657581157,0.22500000022500063,0.04500000004500013,0.009999999910000027,1.0000000003119294,1.000000000330095,17.898474,450.50799,3336.9484,2751.0925,-56.189083,-25.653738,-70.838748,-17.898474,-12.033646,-4.7228482,-19.280208,714.95474,5175.6876,3037.9388,-2075.3228,372.06029,4163.4952,4163.4952,-86.725472,17.898474,-42.76666,-0.0
2241.0,686.66351,5.1111111,1.1111111,3.6666667,5.3983,12.2168,142.19242,9634.367,89.349,173.879,64.3741,5.1111111,3.5555556,5.5555555,0.493,5.1111111,0.88888889,0.11111111,2.2441,727.06233,0.1808222145562391,0.22999999973000063,0.04999999955000014,0.16500000166500048,1.0000000005557306,0.9999999997544363,0.5468939230685094,0.9416083955642603,0.9999999999776162,1.0000000000230045,0.9999999999378631,0.22999999973000063,0.16000000216000046,0.2499999977500007,0.06752499657581158,0.22999999973000063,0.04000000009000011,0.004999999955000014,1.000000000311928,1.000000000330095,17.975299,451.63953,3280.1693,2717.4296,-38.989254,-21.727353,-73.041002,-17.975299,-14.13149,-4.7228482,-15.619529,716.39059,5138.247,3067.282,-2079.0792,373.00324,4064.9856,4064.9856,-86.725472,17.975299,-43.04268000000002,-0.0
2242.0,686.66351,5.1111111,1.1111111,3.6666667,5.3983,12.2168,131.41534,9634.367,89.349,173.879,64.3741,5.1111111,3.5555556,5.6666667,0.493,5.1111111,0.88888889,0.11111111,2.2441,727.06233,0.18082221455623906,0.22999999973000063,0.04999999955000014,0.16500000166500048,1.0000000005557306,0.9999999997544369,0.5054436153768395,0.9416083955642595,0.9999999999776165,1.0000000000230045,0.9999999999378634,0.22999999973000063,0.16000000216000046,0.25500000175500076,0.06752499657581161,0.22999999973000063,0.04000000009000011,0.004999999955000014,1.000000000311929,1.000000000330095,18.158287,452.31095,3222.2476,2683.0979,-56.189083,-21.727353,-75.387507,-18.158287,-14.13149,-4.7228482,-17.938276,717.24258,5097.0524,3102.5444,-2082.8355,373.56275,3966.0196,3966.0196,-91.277722,18.158287,-43.524760000000015,-0.0
2243.0,686.66351,5.1111111,1.0,3.5555556,5.3983,12.2168,131.41534,9634.367,89.349,173.879,64.3741,5.1111111,3.4444444,5.7777778,0.493,5.1111111,0.77777778,0.0,2.2441,727.06233,0.18082221455623912,0.22999999973000063,0.04500000004500013,0.16000000216000046,1.0000000005557306,0.9999999997544369,0.5054436153768394,0.9416083955642588,0.9999999999776159,1.0000000000230047,0.9999999999378628,0.22999999973000063,0.15499999815500043,0.2600000012600007,0.06752499657581161,0.22999999973000063,0.0350000001350001,0.0,1.0000000003119296,1.000000000330095,18.39411,452.63055,3163.2635,2648.138,-38.989254,-21.727353,-77.878263,-18.39411,-14.13149,-4.7228482,-15.619529,717.64813,5052.3224,3121.999,-2082.8355,373.82908,3866.6734,3866.6734,-86.725472,18.39411,-44.18852000000004,-0.0
2244.0,686.66351,5.1111111,1.0,3.4444444,5.3983,12.2168,131.41534,9634.367,89.349,173.879,64.3741,5.1111111,3.4444444,5.7777778,0.493,5.1111111,0.66666667,0.0,2.2441,727.06233,0.18082221455623915,0.22999999973000063,0.04500000004500013,0.15499999815500043,1.0000000005557306,0.9999999997544363,0.5054436153768395,0.9416083955642607,0.9999999999776156,1.000000000023004,0.9999999999378634,0.22999999973000063,0.15499999815500043,0.2600000012600007,0.06752499657581162,0.22999999973000063,0.030000000180000087,0.0,1.0000000003119294,1.000000000330095,18.590189,452.73788,3103.2863,2612.6608,-38.989254,-21.727353,-80.51327,-18.590189,-14.13149,-5.0996608,-19.280208,717.78433,5004.4964,3151.1838,-2086.5919,373.91853,3766.8498,3766.8498,-86.725472,18.590189,-45.168840000000046,-0.0
2245.0,686.66351,5.2222222,0.88888889,3.3333333,5.3983,12.2168,131.41534,9634.367,89.349,173.879,64.3741,5.2222222,3.3333333,5.8888889,0.493,5.2222222,0.55555556,0.0,2.2441,727.06233,0.180822214556239,0.23499999923500067,0.04000000009000011,0.14999999865000044,1.0000000005557304,0.9999999997544367,0.5054436153768395,0.9416083955642605,0.9999999999776165,1.0000000000230052,0.9999999999378638,0.23499999923500067,0.14999999865000044,0.2650000007650008,0.06752499657581161,0.23499999923500067,0.02500000022500007,0.0,1.0000000003119291,1.000000000330095,18.733998,457.97405,3042.4223,2576.7898,-56.189083,-21.727353,-83.383899,-18.733998,-17.443424,-5.4764734,-19.280208,728.69963,4953.4492,3184.7695,-2090.3483,378.18302,3666.6472,3666.6472,-86.725472,18.733998,-46.337440000000015,-0.0
2246.0,686.66351,5.2222222,0.88888889,3.3333333,5.3983,12.2168,131.41534,9634.367,89.349,173.879,64.3741,5.3333333,3.2222222,6.0,0.486,5.2222222,0.55555555,0.0,2.2441,727.06233,0.18082221455623912,0.23499999923500067,0.04000000009000011,0.14999999865000044,1.000000000555731,0.9999999997544367,0.5054436153768392,0.9416083955642608,0.9999999999776165,1.0000000000230045,0.9999999999378631,0.23999999874000066,0.14499999914500042,0.27000000027000076,0.06656622380495826,0.23499999923500067,0.02499999977500007,0.0,1.0000000003119291,1.000000000330095,18.752777,463.14648,2980.7862,2541.231,-38.989254,-21.727353,-86.307408,-18.752777,-14.13149,-5.7151539,-21.598954,738.67987,4898.9616,3215.7588,-2094.1047,382.41193,3566.2223,3566.2223,-91.277722,18.752777,-47.48244,-0.0
2247.0,686.66351,5.3333333,0.77777778,3.2222222,5.3983,12.2168,131.41534,9634.367,89.349,173.879,64.3741,5.4444444,3.2222222,6.1111111,0.486,5.3333333,0.44444444,0.0,2.2441,727.06233,0.1808222145562391,0.23999999874000066,0.0350000001350001,0.14499999914500042,1.000000000555731,0.9999999997544362,0.5054436153768392,0.9416083955642608,0.9999999999776156,1.0000000000230043,0.9999999999378631,0.24499999824500068,0.14499999914500042,0.2749999997750008,0.06656622380495832,0.23999999874000066,0.019999999820000055,0.0,1.0000000003119285,1.000000000330095,18.752777,468.26629,2918.3906,2505.9563,-56.189083,-21.727353,-89.375167,-18.752777,-17.443424,-5.4764734,-19.280208,747.73914,4840.8107,3245.3536,-2094.1047,386.61829,3465.6744,3465.6744,-86.725472,18.752777,-48.54408000000001,-0.0
2248.0,686.66351,5.4444444,0.66666667,3.1111111,5.3983,12.2168,131.41534,9634.367,89.349,173.879,64.3741,5.4444444,3.1111111,6.1111111,0.486,5.4444444,0.33333333,0.0,2.2441,727.06233,0.18082221455623906,0.24499999824500068,0.030000000180000087,0.1399999996400004,1.0000000005557308,0.9999999997544371,0.5054436153768395,0.9416083955642601,0.9999999999776158,1.0000000000230043,0.999999999937863,0.24499999824500068,0.1399999996400004,0.2749999997750008,0.06656622380495829,0.24499999824500068,0.014999999865000042,0.0,1.0000000003119285,1.000000000330095,18.752777,473.33347,2855.2558,2470.7416,-56.189083,-21.727353,-92.534298,-18.752777,-17.443424,-6.0919665,-21.598954,755.87745,4778.4125,3272.72,-2097.8611,390.8021,3365.0837,3365.0837,-91.277722,18.752777,-49.64883999999995,-0.0
2249.0,686.66351,5.5555556,0.66666667,3.1111111,5.3983,12.2168,131.41534,9634.367,89.349,173.879,64.3741,5.5555556,3.1111111,6.2222222,0.486,5.5555556,0.22222222,0.0,2.2441,727.06233,0.18082221455623915,0.2500000022500007,0.030000000180000087,0.1399999996400004,1.0000000005557308,0.9999999997544368,0.5054436153768392,0.9416083955642577,0.9999999999776151,1.0000000000230047,0.999999999937863,0.2500000022500007,0.1399999996400004,0.2799999992800008,0.06656622380495827,0.2500000022500007,0.009999999910000027,0.0,1.0000000003119287,1.000000000330095,18.752777,478.34802,2791.4412,2436.1314,-56.189083,-21.727353,-96.126181,-18.752777,-17.443424,-5.853286,-19.280208,763.0948,4711.313,3295.8553,-2097.8611,394.95959,3264.6012,3264.6012,-86.725472,18.752777,-50.891700000000014,-0.0
2250.0,686.66351,5.5555556,0.55555556,3.0,5.3983,12.2168,122.1155,9634.367,89.349,173.879,64.3741,5.6666667,3.0,6.2222222,0.486,5.5555556,0.22222222,0.0,2.2441,727.06233,0.18082221455623906,0.2500000022500007,0.02500000022500007,0.13500000013500038,1.0000000005557301,0.9999999997544365,0.4696749999927744,0.9416083955642611,0.9999999999776156,1.0000000000230045,0.9999999999378631,0.25500000175500076,0.13500000013500038,0.2799999992800008,0.06656622380495832,0.2500000022500007,0.009999999910000027,0.0,1.000000000311929,1.000000000330095,18.752777,484.2315,2727.3454,2402.1402,-38.989254,-21.727353,-99.573814,-18.752777,-14.13149,-6.0919665,-17.938276,771.31384,4636.774,3310.6718,-2095.6871,399.84503,3165.1691,3165.1691,-84.09094,18.752777,-52.746200000000044,-0.0
2251.0,686.66351,5.6666667,0.44444444,2.8888889,5.3983,12.2168,122.1155,9634.367,89.349,173.879,64.3741,5.7777778,2.8888889,6.1111111,0.486,5.6666667,0.11111111,0.0,2.2441,727.06233,0.18082221455623904,0.25500000175500076,0.019999999820000055,0.13000000063000036,1.0000000005557304,0.9999999997544368,0.4696749999927742,0.9416083955642597,0.9999999999776162,1.0000000000230047,0.9999999999378631,0.2600000012600007,0.13000000063000036,0.2749999997750008,0.06656622380495827,0.25500000175500076,0.004999999955000014,0.0,1.0000000003119291,1.000000000330095,18.752777,489.96432,2662.4424,2368.088,-38.989254,-21.727353,-103.4542,-18.752777,-17.443424,-6.4687791,-17.938276,779.88668,4551.9203,3255.6572,-2093.5132,404.5919,3067.2849,3067.2849,-84.09094,18.752777,-54.84185000000002,-0.0
2252.0,686.66351,5.7777778,0.44444444,2.8888889,5.3983,12.2168,122.1155,9634.367,89.349,173.879,64.3741,5.7777778,2.7777778,5.8888889,0.486,5.7777778,0.0,0.0,2.2441,727.06233,0.1808222145562391,0.2600000012600007,0.019999999820000055,0.13000000063000036,1.0000000005557315,0.9999999997544368,0.4696749999927743,0.9416083955642617,0.9999999999776156,1.0000000000230045,0.9999999999378636,0.2600000012600007,0.12500000112500034,0.2650000007650008,0.06656622380495829,0.2600000012600007,0.0,0.0,1.000000000311929,1.000000000330095,18.752777,495.26397,2596.7921,2335.5296,-56.189083,-21.727353,-107.47883,-18.752777,-17.443424,-6.8455917,-21.598954,788.09174,4458.7037,3166.8521,-2093.5132,408.97346,2971.0165,2971.0165,-86.725472,18.752777,-57.02488000000005,-0.0
2253.0,686.66351,5.8888889,0.33333333,2.7777778,5.3983,12.2168,122.1155,9634.367,89.349,173.879,64.3741,5.8888889,2.6666667,5.5555555,0.486,5.8888889,0.0,0.0,2.2441,727.06233,0.18082221455623906,0.2650000007650008,0.014999999865000042,0.12500000112500034,1.0000000005557306,0.9999999997544363,0.4696749999927742,0.9416083955642615,0.9999999999776156,1.0000000000230043,0.9999999999378631,0.2650000007650008,0.12000000162000034,0.2499999977500007,0.06656622380495832,0.2650000007650008,0.0,0.0,1.000000000311929,1.000000000330095,18.752777,501.01739,2530.415,2297.5239,-56.189083,-21.727353,-111.64772,-18.752777,-17.443424,-6.8455917,-21.598954,797.68992,4355.5561,3069.5872,-2097.2696,413.71449,2876.5685,2876.5685,-86.725472,18.752777,-59.357579999999984,-0.0
2254.0,686.66351,6.0,0.22222222,2.6666667,5.3983,12.2168,122.1155,9634.367,89.349,173.879,64.3741,6.0,2.5555556,5.3333333,0.486,6.0,0.0,0.0,2.2441,727.06233,0.18082221455623906,0.27000000027000076,0.009999999910000027,0.12000000162000034,1.0000000005557306,0.9999999997544367,0.4696749999927743,0.9416083955642607,0.9999999999776156,1.0000000000230047,0.9999999999378634,0.27000000027000076,0.11500000211500032,0.23999999874000066,0.06656622380495827,0.27000000027000076,0.0,0.0,1.0000000003119291,1.000000000330095,18.752777,506.42217,2463.2773,2262.2188,-45.294371,-19.240303,-116.10511,-18.752777,-17.443424,-6.9837238,-19.280208,806.77895,4241.9879,2963.6658,-2091.3393,418.16592,2783.9375,2783.9375,-86.725472,18.752777,-61.246579999999994,-0.0
2255.0,686.66351,6.1111111,0.22222222,2.5555556,5.3983,12.2168,122.1155,9555.6607,89.349,173.879,64.3741,6.1111111,2.3333333,5.0,0.493,6.1111111,0.0,0.0,2.2441,727.06233,0.18082221455623912,0.2749999997750008,0.009999999910000027,0.11500000211500032,1.0000000005557306,0.9999999997544363,0.4696749999927742,0.9339160881336008,0.9999999999776162,1.0000000000230043,0.9999999999378634,0.2749999997750008,0.1049999986050003,0.22500000022500063,0.06752499657581164,0.2749999997750008,0.0,0.0,1.0000000003119283,1.000000000330095,20.42965,511.73506,2395.3873,2227.842,-38.989254,-21.727353,-120.79812,-20.42965,-17.443424,-7.2224043,-19.280208,815.78856,4118.2169,2849.8514,-2085.4089,422.54009,2693.1367,2693.1367,-79.53869,20.42965,-62.72847999999999,-0.0
2256.0,686.66351,6.2222222,0.11111111,2.5555556,5.3983,12.2168,114.00801,9555.6607,89.349,173.879,64.3741,6.2222222,2.2222222,4.6666667,0.493,6.2222222,0.0,0.0,2.2441,727.06233,0.18082221455623906,0.2799999992800008,0.004999999955000014,0.11500000211500032,1.0000000005557308,0.9999999997544367,0.4384923461471001,0.9339160881336003,0.9999999999776162,1.0000000000230043,0.9999999999378634,0.2799999992800008,0.09999999910000028,0.2100000017100006,0.06752499657581158,0.2799999992800008,0.0,0.0,1.0000000003119287,1.000000000330095,20.42965,519.98091,2327.5591,2192.7242,-38.989254,-21.727353,-125.63538,-20.42965,-17.443424,-7.5992169,-21.598954,830.35774,3985.5016,2729.209,-2083.235,429.31602,2604.854,2604.854,-79.53869,20.42965,-65.91477999999995,-0.0
2257.0,686.66351,6.2222222,0.0,2.4444444,5.3983,12.2168,114.00801,9555.6607,89.349,173.879,64.3741,6.2222222,2.0,4.4444444,0.493,6.2222222,0.0,0.0,2.2441,727.06233,0.18082221455623912,0.2799999992800008,0.0,0.10999999811000032,1.0000000005557306,0.9999999997544369,0.4384923461471002,0.933916088133599,0.9999999999776156,1.000000000023004,0.9999999999378631,0.2799999992800008,0.09000000009000025,0.19999999820000056,0.06752499657581158,0.2799999992800008,0.0,0.0,1.0000000003119294,1.000000000330095,20.42965,520.55624,2259.651,2157.3156,-38.989254,-21.727353,-130.76114,-20.42965,-17.443424,-7.8378975,-21.598954,828.13874,3843.9989,2601.79,-2081.0611,429.86199,2518.9092,2518.9092,-79.53869,20.42965,-68.50788,-0.0
2258.0,686.66351,6.3333333,0.0,2.3333333,5.3983,12.2168,114.00801,9555.6607,89.349,173.879,64.3741,6.3333333,1.8888889,4.0,0.493,6.3333333,0.0,0.0,2.2441,727.06233,0.18082221455623915,0.28499999878500076,0.0,0.1049999986050003,1.0000000005557306,0.9999999997544363,0.4384923461471002,0.9339160881336009,0.9999999999776159,1.0000000000230045,0.9999999999378634,0.28499999878500076,0.08500000058500023,0.1800000001800005,0.06752499657581162,0.28499999878500076,0.0,0.0,1.0000000003119291,1.000000000330095,20.42965,525.72777,2191.5326,2121.4832,-28.094542,-19.240303,-135.93979,-20.42965,-17.443424,-7.9760295,-21.598954,836.03108,3694.1076,2467.7635,-2075.1307,434.14339,2435.1447,2435.1447,-79.53869,20.42965,-70.71137999999996,-0.0
2259.0,686.66351,6.4444444,0.0,2.2222222,5.3983,12.2168,114.00801,9555.6607,89.349,173.879,64.3741,6.4444444,1.6666667,3.6666667,0.493,6.4444444,0.0,0.0,2.2441,727.06233,0.18082221455623904,0.28999999829000084,0.0,0.09999999910000028,1.0000000005557301,0.9999999997544368,0.4384923461471002,0.9339160881335998,0.9999999999776168,1.0000000000230052,0.9999999999378636,0.28999999829000084,0.07500000157500021,0.16500000166500048,0.06752499657581161,0.28999999829000084,0.0,0.0,1.0000000003119287,1.000000000330095,20.42965,532.4511,2122.96,2084.3559,-38.989254,-21.727353,-141.58967,-20.42965,-17.443424,-8.3528421,-21.598954,847.35826,3536.7029,2328.4121,-2072.9568,439.68043,2353.1885,2353.1885,-79.53869,20.42965,-72.33357999999998,-0.0
2260.0,686.66351,6.4444444,0.0,2.2222222,5.3983,12.2168,114.00801,9555.6607,89.349,173.879,64.3741,6.5555555,1.5555556,3.3333333,0.5,6.4444444,0.0,0.0,2.2441,727.06233,0.1808222145562391,0.28999999829000084,0.0,0.09999999910000028,1.0000000005557308,0.9999999997544367,0.4384923461471001,0.9339160881336018,0.9999999999776165,1.000000000023005,0.9999999999378636,0.2949999977950008,0.07000000207000019,0.14999999865000044,0.0684837693466649,0.28999999829000084,0.0,0.0,1.0000000003119294,1.000000000330095,20.725402,537.23966,2053.8241,2044.8024,-38.989254,-21.727353,-147.38381,-20.725402,-17.443424,-8.5915227,-21.598954,854.70044,3381.1811,2193.3333,-2064.8525,443.63788,2271.7542,2271.7542,-79.53869,20.725402,-73.65197999999998,-0.0
2261.0,686.66351,6.5555555,0.0,2.0,5.3983,12.2168,106.87681,9555.6607,89.349,173.879,64.3741,6.5555555,1.3333333,3.0,0.5,6.5555555,0.0,0.0,2.2441,727.06233,0.18082221455623912,0.2949999977950008,0.0,0.09000000009000025,1.0000000005557306,0.9999999997544365,0.41106465383982976,0.9339160881336018,0.9999999999776158,1.0000000000230045,0.9999999999378631,0.2949999977950008,0.05999999856000017,0.13500000013500038,0.06848376934666492,0.2949999977950008,0.0,0.0,1.0000000003119287,1.000000000330095,20.998519,540.80752,1984.1218,1984.1218,-38.989254,-21.727353,-153.23083,-20.998519,-17.443424,-8.7296547,-21.598954,859.8591,3231.8462,2066.6138,-2058.9222,446.5994,2190.3244,2190.3244,-79.53869,20.998519,-74.43568000000005,-0.0
2262.0,686.66351,6.5555555,0.0,1.8888889,5.3983,12.2168,106.87681,9555.6607,89.349,173.879,64.3741,6.5555555,1.2222222,2.6666667,0.5,6.5555555,0.0,0.0,2.2441,727.06233,0.18082221455623904,0.2949999977950008,0.0,0.08500000058500023,1.0000000005557308,0.9999999997544367,0.4110646538398299,0.9339160881336015,0.9999999999776159,1.0000000000230043,0.999999999937863,0.2949999977950008,0.05499999905500016,0.12000000162000034,0.06848376934666489,0.2949999977950008,0.0,0.0,1.0000000003119291,1.000000000330095,21.183712,542.58996,1913.4151,1913.4151,-38.989254,-21.727353,-159.45772,-21.183712,-19.541268,-9.3451479,-21.598954,862.55579,3089.5673,1948.0827,-2050.8179,448.07387,2108.2793,2108.2793,-79.53869,21.183712,-74.61937999999998,-0.0
2263.0,686.66351,6.5555555,0.0,1.7777778,5.3983,12.2168,106.87681,9555.6607,89.349,173.879,64.3741,6.5555555,1.0,2.4444444,0.507,6.5555555,0.0,0.0,2.2441,727.06233,0.18082221455623915,0.2949999977950008,0.0,0.08000000108000023,1.0000000005557308,0.9999999997544363,0.4110646538398299,0.9339160881335987,0.9999999999776151,1.0000000000230045,0.9999999999378631,0.2949999977950008,0.04500000004500013,0.10999999811000032,0.06944254211751821,0.2949999977950008,0.0,0.0,1.0000000003119291,1.000000000330095,21.655421,543.19721,1843.0849,1843.0849,-56.189083,-21.727353,-165.82886,-21.655421,-20.755358,-9.7219605,-21.598954,861.79615,2955.2395,1837.7875,-2038.9573,448.61483,2026.682,2026.682,-79.53869,21.655421,-74.10468000000003,-0.0
2264.0,771.84899,6.5555555,0.0,1.5555556,5.3983,12.2168,101.83845,9555.6607,89.349,173.879,64.3741,6.5555555,0.88888889,2.1111111,0.507,6.5555555,0.0,0.0,2.2441,727.06233,0.20325449312836855,0.2949999977950008,0.0,0.07000000207000019,1.00000000055573,0.9999999997544362,0.39168634614782033,0.9339160881336005,0.9999999999776154,1.0000000000230045,0.9999999999378634,0.2949999977950008,0.04000000009000011,0.09499999959500027,0.06944254211751823,0.2949999977950008,0.0,0.0,1.000000000311929,1.000000000330095,21.874366,540.31445,1772.5421,1772.5421,-38.989254,-15.313919,-172.2,-21.874366,-17.443424,-9.7219605,-17.938276,854.28878,2828.7173,1735.552,-2021.1663,446.30263,1945.0978,1945.0978,-72.351908,21.874366,-73.22587999999996,-0.0
2265.0,771.84899,6.0,0.0,1.4444444,5.3983,12.2168,100.55507,9494.8422,89.349,173.879,64.3741,5.7777778,0.77777778,1.8888889,0.515,6.0,0.0,0.0,2.2441,727.06233,0.20325449312836852,0.27000000027000076,0.0,0.06499999806500019,1.0000000005557304,0.9999999997544371,0.3867502692248192,0.9279720328359738,0.9999999999776162,1.0000000000230045,0.9999999999378631,0.2600000012600007,0.0350000001350001,0.08500000058500023,0.07053828242706485,0.27000000027000076,0.0,0.0,1.0000000003119291,1.000000000330095,22.177911,505.68085,1701.4966,1701.4966,-38.989254,-17.800968,-178.80676,-22.177911,-19.541268,-9.7219605,-17.938276,782.14945,2709.9572,1641.3025,-2007.1317,418.09621,1863.2333,1863.2333,-72.351908,22.177911,-71.77808000000005,-0.0
2266.0,771.84899,5.2222222,0.0,1.2222222,5.3983,12.2168,100.55507,9494.8422,89.349,173.879,64.3741,4.7777778,0.55555555,1.6666667,0.523,5.2222222,0.0,0.0,2.2441,727.06233,0.2032544931283686,0.23499999923500067,0.0,0.05499999905500016,1.0000000005557315,0.9999999997544365,0.38675026922481937,0.9279720328359758,0.9999999999776159,1.0000000000230047,0.999999999937863,0.2150000012150006,0.02499999977500007,0.07500000157500021,0.07163402273661147,0.23499999923500067,0.0,0.0,1.0000000003119287,1.000000000330095,23.189985,457.64314,1630.2937,1630.2937,-38.989254,-17.800968,-185.55778,-23.189985,-19.541268,-10.337454,-17.938276,688.00234,2599.1881,1555.2569,-1989.3407,378.84782,1781.3961,1781.3961,-72.351908,23.189985,-69.49658,-0.0
2267.0,686.66351,4.3333333,0.0,1.1111111,5.3983,12.2168,100.55507,9555.6607,89.349,173.879,64.3741,3.8888889,0.44444444,1.4444444,0.523,4.4444444,0.0,0.0,2.2441,727.06233,0.1808222145562391,0.19499999869500054,0.0,0.04999999955000014,1.0000000005557304,0.9999999997544363,0.3867502692248193,0.9339160881336018,0.9999999999776161,1.0000000000230043,0.9999999999378628,0.1750000006750005,0.019999999820000055,0.06499999806500019,0.07163402273661151,0.19999999820000056,0.0,0.0,1.0000000003119287,1.000000000330095,20.858407,410.3492,1559.5903,1559.5903,-38.989254,-21.727353,-192.40016,-20.858407,-22.853202,-10.714266,-21.598954,602.84286,2497.1548,1478.1515,-1981.2364,340.0292,1700.1517,1700.1517,-79.53869,20.858407,-66.53088000000002,-0.0
2268.0,771.84899,3.5555556,0.0,0.88888889,5.3983,12.2168,94.911913,9494.8422,89.349,173.879,64.3741,3.1111111,0.33333333,1.2222222,0.531,3.6666667,0.0,0.0,2.2441,727.06233,0.20325449312836846,0.16000000216000046,0.0,0.04000000009000011,1.0000000005557308,0.9999999997544367,0.36504581922515317,0.9279720328359755,0.9999999999776156,1.0000000000230052,0.9999999999378638,0.1399999996400004,0.014999999865000042,0.05499999905500016,0.07272976304615814,0.16500000166500048,0.0,0.0,1.0000000003119291,1.000000000330095,22.473402,362.7431,1488.1031,1488.1031,-38.989254,-17.800968,-198.86267,-22.473402,-19.541268,-10.714266,-17.938276,525.44007,2402.0397,1408.1585,-1951.5848,300.74964,1618.4419,1618.4419,-72.351908,22.473402,-63.24158,-0.0
2269.0,771.84899,2.7777778,0.0,0.77777778,5.3983,12.2168,94.911913,9494.8422,89.349,173.879,64.3741,2.3333333,0.33333333,1.1111111,0.539,2.8888889,0.0,0.0,2.2441,727.06233,0.2032544931283686,0.12500000112500034,0.0,0.0350000001350001,1.0000000005557306,0.9999999997544365,0.3650458192251533,0.9279720328359744,0.9999999999776159,1.0000000000230045,0.999999999937863,0.1049999986050003,0.014999999865000042,0.04999999955000014,0.0738255033557048,0.13000000063000036,0.0,0.0,1.0000000003119285,1.000000000330095,23.21247,316.21118,1417.0247,1417.0247,-38.989254,-17.800968,-205.27231,-23.21247,-20.755358,-11.091079,-21.598954,457.46123,2315.0044,1346.4353,-1927.8635,262.18697,1537.3132,1537.3132,-72.351908,23.21247,-59.47937999999999,-0.0
2270.0,771.84899,2.1111111,0.0,0.66666667,5.3983,12.2168,94.911913,9494.8422,89.349,173.879,64.3741,1.7777778,0.22222222,1.0,0.547,2.1111111,0.0,0.0,2.2441,727.06233,0.2032544931283685,0.09499999959500027,0.0,0.030000000180000087,1.0000000005557308,0.9999999997544372,0.3650458192251531,0.9279720328359742,0.9999999999776161,1.000000000023004,0.999999999937863,0.08000000108000023,0.009999999910000027,0.04500000004500013,0.07492124366525141,0.09499999959500027,0.0,0.0,1.0000000003119294,1.000000000330095,22.879413,271.59234,1347.3469,1347.3469,-28.094542,-15.313919,-211.24919,-22.879413,-20.755358,-11.467891,-21.598954,399.29612,2236.6932,1293.6151,-1901.9682,225.04407,1457.6194,1457.6194,-67.799658,22.879413,-55.03947000000005,-0.0
2271.0,771.84899,1.4444444,0.0,0.44444444,5.3983,12.2168,94.911913,9494.8422,89.349,173.879,64.3741,1.3333333,0.11111111,0.88888889,0.555,1.4444444,0.0,0.0,2.2441,727.06233,0.20325449312836852,0.06499999806500019,0.0,0.019999999820000055,1.0000000005557301,0.9999999997544369,0.36504581922515333,0.9279720328359728,0.9999999999776154,1.0000000000230043,0.999999999937863,0.05999999856000017,0.004999999955000014,0.04000000009000011,0.07601698397479804,0.06499999806500019,0.0,0.0,1.0000000003119294,1.000000000330095,22.770591,234.22755,1284.4243,1284.4243,-38.989254,-17.800968,-216.54331,-22.770591,-19.541268,-11.329759,-20.257022,352.57137,2169.0235,1251.3705,-1870.1427,193.89062,1383.9219,1383.9219,-65.165126,22.770591,-49.70267999999999,-0.0
2272.0,771.84899,1.0,0.0,0.33333333,5.3983,12.2168,94.911913,9494.8422,89.349,173.879,64.3741,0.88888889,0.0,0.77777778,0.571,1.0,0.0,0.0,2.2441,727.06233,0.20325449312836863,0.04500000004500013,0.0,0.014999999865000042,1.0000000005557301,0.9999999997544363,0.36504581922515317,0.9279720328359745,0.9999999999776156,1.0000000000230045,0.9999999999378634,0.04000000009000011,0.0,0.0350000001350001,0.07820846459389133,0.04500000004500013,0.0,0.0,1.0000000003119291,1.000000000330095,22.609598,206.34742,1230.7366,1230.7366,-38.989254,-17.800968,-220.59205,-22.609598,-19.541268,-11.329759,-20.257022,317.80755,2112.5934,1227.5451,-1828.6304,170.64278,1318.529,1318.529,-65.165126,22.609598,-43.26190999999994,-0.0
2273.0,771.84899,0.66666667,0.0,0.22222222,5.3983,12.2168,89.843237,9494.8422,89.349,173.879,64.3741,0.66666667,0.0,0.77777778,0.589,0.66666667,0.0,0.0,2.2441,727.06233,0.2032544931283685,0.030000000180000087,0.0,0.009999999910000027,1.0000000005557304,0.9999999997544369,0.34555091153314543,0.9279720328359734,0.9999999999776166,1.0000000000230052,0.9999999999378634,0.030000000180000087,0.0,0.0350000001350001,0.08067388029037126,0.030000000180000087,0.0,0.0,1.0000000003119285,1.000000000330095,22.188297,188.06467,1186.2617,1186.2617,-28.094542,-15.313919,-222.9819,-22.188297,-17.443424,-11.467891,-17.938276,295.29419,2067.2514,1215.3628,-1781.1878,155.39107,1261.5155,1261.5155,-60.612876,22.188297,-36.181820000000016,-0.0
2274.0,686.66351,0.55555555,0.0,0.22222222,5.3983,12.2168,89.843237,9555.6607,89.349,173.879,64.3741,0.55555555,0.0,0.77777778,0.607,0.55555555,0.0,0.0,2.2441,727.06233,0.18082221455623906,0.02499999977500007,0.0,0.009999999910000027,1.0000000005557308,0.9999999997544371,0.34555091153314543,0.9339160881336016,0.9999999999776162,1.0000000000230047,0.9999999999378636,0.02499999977500007,0.0,0.0350000001350001,0.0831392959868512,0.02499999977500007,0.0,0.0,1.0000000003119296,1.000000000330095,21.220736,179.18861,1150.6844,1150.6844,-35.549288,-17.015691,-223.00126,-21.220736,-19.541268,-11.367441,-20.62309,284.85368,2032.5478,1214.4921,-1728.013,147.97506,1212.584,1212.584,-63.727769,21.220736,-28.29544999999996,-0.0
2275.0,,,,,,,,,,,,,,,,,,,,,,,,,,,,,,,,,,,,,,,,,,,,,,,,,,,,,,,,,,,,,-21.434799999999996,-0.0
2276.0,,,,,,,,,,,,,,,,,,,,,,,,,,,,,,,,,,,,,,,,,,,,,,,,,,,,,,,,,,,,,-14.754410000000007,-0.0
2277.0,,,,,,,,,,,,,,,,,,,,,,,,,,,,,,,,,,,,,,,,,,,,,,,,,,,,,,,,,,,,,-7.995180000000005,-0.0
2278.0,,,,,,,,,,,,,,,,,,,,,,,,,,,,,,,,,,,,,,,,,,,,,,,,,,,,,,,,,,,,,-0.637269999999944,-0.0
2279.0,,,,,,,,,,,,,,,,,,,,,,,,,,,,,,,,,,,,,,,,,,,,,,,,,,,,,,,,,,,,,0.0,4556.9229
2280.0,,,,,,,,,,,,,,,,,,,,,,,,,,,,,,,,,,,,,,,,,,,,,,,,,,,,,,,,,,,,,-16.045939999999973,-0.0
2281.0,,,,,,,,,,,,,,,,,,,,,,,,,,,,,,,,,,,,,,,,,,,,,,,,,,,,,,,,,,,,,-32.86197000000004,-0.0
2282.0,,,,,,,,,,,,,,,,,,,,,,,,,,,,,,,,,,,,,,,,,,,,,,,,,,,,,,,,,,,,,-49.448620000000005,-0.0
2283.0,,,,,,,,,,,,,,,,,,,,,,,,,,,,,,,,,,,,,,,,,,,,,,,,,,,,,,,,,,,,,-65.17877999999996,-0.0
2284.0,,,,,,,,,,,,,,,,,,,,,,,,,,,,,,,,,,,,,,,,,,,,,,,,,,,,,,,,,,,,,-80.53678000000002,-0.0
2285.0,,,,,,,,,,,,,,,,,,,,,,,,,,,,,,,,,,,,,,,,,,,,,,,,,,,,,,,,,,,,,-95.52447999999993,-0.0
2286.0,,,,,,,,,,,,,,,,,,,,,,,,,,,,,,,,,,,,,,,,,,,,,,,,,,,,,,,,,,,,,-108.2419799999999,-0.0
2287.0,,,,,,,,,,,,,,,,,,,,,,,,,,,,,,,,,,,,,,,,,,,,,,,,,,,,,,,,,,,,,-117.28048000000001,-0.0
2288.0,,,,,,,,,,,,,,,,,,,,,,,,,,,,,,,,,,,,,,,,,,,,,,,,,,,,,,,,,,,,,-129.48438,-0.0
2289.0,,,,,,,,,,,,,,,,,,,,,,,,,,,,,,,,,,,,,,,,,,,,,,,,,,,,,,,,,,,,,-138.91827999999998,-0.0
2290.0,,,,,,,,,,,,,,,,,,,,,,,,,,,,,,,,,,,,,,,,,,,,,,,,,,,,,,,,,,,,,-147.29128000000003,-0.0
2291.0,,,,,,,,,,,,,,,,,,,,,,,,,,,,,,,,,,,,,,,,,,,,,,,,,,,,,,,,,,,,,-154.7157800000001,-0.0
2292.0,,,,,,,,,,,,,,,,,,,,,,,,,,,,,,,,,,,,,,,,,,,,,,,,,,,,,,,,,,,,,-161.21717999999998,-0.0
2293.0,,,,,,,,,,,,,,,,,,,,,,,,,,,,,,,,,,,,,,,,,,,,,,,,,,,,,,,,,,,,,-166.83957999999996,-0.0
2294.0,,,,,,,,,,,,,,,,,,,,,,,,,,,,,,,,,,,,,,,,,,,,,,,,,,,,,,,,,,,,,-171.30658000000005,-0.0
2295.0,,,,,,,,,,,,,,,,,,,,,,,,,,,,,,,,,,,,,,,,,,,,,,,,,,,,,,,,,,,,,-174.40098,-0.0
2296.0,,,,,,,,,,,,,,,,,,,,,,,,,,,,,,,,,,,,,,,,,,,,,,,,,,,,,,,,,,,,,-177.00758000000008,-0.0
2297.0,,,,,,,,,,,,,,,,,,,,,,,,,,,,,,,,,,,,,,,,,,,,,,,,,,,,,,,,,,,,,-178.9050800000001,-0.0
2298.0,,,,,,,,,,,,,,,,,,,,,,,,,,,,,,,,,,,,,,,,,,,,,,,,,,,,,,,,,,,,,-180.13168000000007,-0.0
2299.0,,,,,,,,,,,,,,,,,,,,,,,,,,,,,,,,,,,,,,,,,,,,,,,,,,,,,,,,,,,,,-180.83118000000002,-0.0
2300.0,,,,,,,,,,,,,,,,,,,,,,,,,,,,,,,,,,,,,,,,,,,,,,,,,,,,,,,,,,,,,-177.80237999999997,-0.0
2301.0,,,,,,,,,,,,,,,,,,,,,,,,,,,,,,,,,,,,,,,,,,,,,,,,,,,,,,,,,,,,,-174.30568000000005,-0.0
2302.0,,,,,,,,,,,,,,,,,,,,,,,,,,,,,,,,,,,,,,,,,,,,,,,,,,,,,,,,,,,,,-170.08317999999997,-0.0
2303.0,,,,,,,,,,,,,,,,,,,,,,,,,,,,,,,,,,,,,,,,,,,,,,,,,,,,,,,,,,,,,-165.25508000000002,-0.0
2304.0,,,,,,,,,,,,,,,,,,,,,,,,,,,,,,,,,,,,,,,,,,,,,,,,,,,,,,,,,,,,,-159.93168000000003,-0.0
2305.0,,,,,,,,,,,,,,,,,,,,,,,,,,,,,,,,,,,,,,,,,,,,,,,,,,,,,,,,,,,,,-154.19958000000008,-0.0
2306.0,,,,,,,,,,,,,,,,,,,,,,,,,,,,,,,,,,,,,,,,,,,,,,,,,,,,,,,,,,,,,-147.79337999999996,-0.0
2307.0,,,,,,,,,,,,,,,,,,,,,,,,,,,,,,,,,,,,,,,,,,,,,,,,,,,,,,,,,,,,,-141.02508,-0.0
2308.0,,,,,,,,,,,,,,,,,,,,,,,,,,,,,,,,,,,,,,,,,,,,,,,,,,,,,,,,,,,,,-133.64888000000008,-0.0
2309.0,,,,,,,,,,,,,,,,,,,,,,,,,,,,,,,,,,,,,,,,,,,,,,,,,,,,,,,,,,,,,-125.9783799999999,-0.0
2310.0,,,,,,,,,,,,,,,,,,,,,,,,,,,,,,,,,,,,,,,,,,,,,,,,,,,,,,,,,,,,,-117.36487999999997,-0.0
2311.0,,,,,,,,,,,,,,,,,,,,,,,,,,,,,,,,,,,,,,,,,,,,,,,,,,,,,,,,,,,,,-107.98408000000006,-0.0
2312.0,,,,,,,,,,,,,,,,,,,,,,,,,,,,,,,,,,,,,,,,,,,,,,,,,,,,,,,,,,,,,-98.01228000000003,-0.0
2313.0,,,,,,,,,,,,,,,,,,,,,,,,,,,,,,,,,,,,,,,,,,,,,,,,,,,,,,,,,,,,,-87.29077999999993,-0.0
2314.0,,,,,,,,,,,,,,,,,,,,,,,,,,,,,,,,,,,,,,,,,,,,,,,,,,,,,,,,,,,,,-76.21087999999997,-0.0
2315.0,,,,,,,,,,,,,,,,,,,,,,,,,,,,,,,,,,,,,,,,,,,,,,,,,,,,,,,,,,,,,-64.77818000000002,-0.0
2316.0,,,,,,,,,,,,,,,,,,,,,,,,,,,,,,,,,,,,,,,,,,,,,,,,,,,,,,,,,,,,,-52.659869999999955,-0.0
2317.0,,,,,,,,,,,,,,,,,,,,,,,,,,,,,,,,,,,,,,,,,,,,,,,,,,,,,,,,,,,,,-40.06437000000005,-0.0
2318.0,,,,,,,,,,,,,,,,,,,,,,,,,,,,,,,,,,,,,,,,,,,,,,,,,,,,,,,,,,,,,-27.09403999999995,-0.0
2319.0,,,,,,,,,,,,,,,,,,,,,,,,,,,,,,,,,,,,,,,,,,,,,,,,,,,,,,,,,,,,,-13.900560000000041,-0.0
2320.0,,,,,,,,,,,,,,,,,,,,,,,,,,,,,,,,,,,,,,,,,,,,,,,,,,,,,,,,,,,,,0.0,2886.445
