Fig1, disc 0.03, temp0 944.727, tau 2.5, ffi removal, Wpt fitted, 2025-2125. Solve status Optimal. Total revenue 0.0009725866227940361
Year,Agriculture mtC,Black_walnut_10 mhectares,Black_walnut_150 mhectares,Black_walnut_55 mhectares,C2F6 kt,CF4 kt,CH4 mt,Carbon mtC,HFC125 kt,HFC134a kt,HFC143a kt,Loblolly_pine_10 mhectares,Loblolly_pine_150 mhectares,Loblolly_pine_24 mhectares,N2O mt,Ponderosa_pine_10 mhectares,Ponderosa_pine_103 mhectares,Ponderosa_pine_150 mhectares,SF6 kt,Seaweed mt,Agriculture % max bid,Black_walnut_10 % max bid,Black_walnut_150 % max bid,Black_walnut_55 % max bid,C2F6 % max bid,CF4 % max bid,CH4 % max bid,Carbon % max bid,HFC125 % max bid,HFC134a % max bid,HFC143a % max bid,Loblolly_pine_10 % max bid,Loblolly_pine_150 % max bid,Loblolly_pine_24 % max bid,N2O % max bid,Ponderosa_pine_10 % max bid,Ponderosa_pine_103 % max bid,Ponderosa_pine_150 % max bid,SF6 % max bid,Seaweed % max bid,Agriculture $M/mtC,Black_walnut_10 $M/mhectares,Black_walnut_150 $M/mhectares,Black_walnut_55 $M/mhectares,C2F6 $M/kt,CF4 $M/kt,CH4 $M/mt,Carbon $M/mtC,HFC125 $M/kt,HFC134a $M/kt,HFC143a $M/kt,Loblolly_pine_10 $M/mhectares,Loblolly_pine_150 $M/mhectares,Loblolly_pine_24 $M/mhectares,N2O $M/mt,Ponderosa_pine_10 $M/mhectares,Ponderosa_pine_103 $M/mhectares,Ponderosa_pine_150 $M/mhectares,SF6 $M/kt,Seaweed $M/mt,temp change,Capt pi
2025.0,600.43735,1.8888889,1.6666667,2.2222222,5.3983,12.2168,142.19242,9369.6276,89.349,173.879,64.3741,1.8888889,2.1111111,2.0,0.234,1.8888889,2.6666667,1.5555556,2.2441,727.06233,0.15811588900257656,0.08500000058500023,0.07500000157500021,0.09999999910000028,1.0000000005557301,0.9999999997544367,0.5468939230685093,0.9157342679047447,0.9999999999776161,1.0000000000230045,0.9999999999378634,0.08500000058500023,0.09499999959500027,0.09000000009000025,0.03205040405423918,0.08500000058500023,0.12000000162000034,0.07000000207000019,1.0000000003119291,1.000000000330095,10.65217,257.57148,3703.2677,2038.4832,-101.61222,-46.603757,-53.910139,-26.630426,-9.6469249,-3.2778244,-21.129825,408.39593,3908.5711,1704.5656,-3260.3787,212.7288,6187.4913,6260.5402,-190.82993,10.65217,947.3054695,.
2026.0,600.43735,2.0,1.7777778,2.3333333,5.3983,12.2168,142.19242,9369.6276,89.349,173.879,64.3741,2.0,2.2222222,2.2222222,0.214,2.0,2.7777778,1.6666667,2.2441,727.06233,0.1581158890025766,0.09000000009000025,0.08000000108000023,0.1049999986050003,1.0000000005557301,0.9999999997544372,0.5468939230685094,0.915734267904744,0.9999999999776156,1.0000000000230052,0.999999999937863,0.09000000009000025,0.09999999910000028,0.09999999910000028,0.029311053280372586,0.09000000009000025,0.12500000112500034,0.07500000157500021,1.0000000003119287,1.000000000330095,10.657648,257.61901,3689.9377,2045.0631,-101.62957,-46.552188,-53.94455,-26.64412,-9.5704606,-3.2817303,-11.251498,408.47196,3918.1176,1711.1971,-3277.4704,212.76804,6133.0473,6205.9191,-171.38858,10.657648,951.8021455,.
2027.0,600.43735,2.1111111,1.8888889,2.4444444,5.3983,12.2168,142.19242,9308.8091,89.349,173.879,64.3741,2.1111111,2.4444444,2.3333333,0.194,2.1111111,2.8888889,1.6666667,2.2441,727.06233,0.15811588900257656,0.09499999959500027,0.08500000058500023,0.10999999811000032,1.0000000005557308,0.9999999997544362,0.5468939230685091,0.9097902126071148,0.9999999999776156,1.0000000000230047,0.999999999937863,0.09499999959500027,0.10999999811000032,0.1049999986050003,0.026571702506505975,0.09499999959500027,0.13000000063000036,0.07500000157500021,1.0000000003119291,1.000000000330095,10.661367,258.80226,3676.3547,2052.4562,-101.45074,-46.954485,-54.749599,-26.653419,-9.9581185,-3.2771657,-21.116122,410.91636,3927.5567,1717.4101,-3294.5517,213.73222,6077.1954,6149.8836,-190.83549,10.661367,957.468719,.
2028.0,600.43735,2.3333333,2.0,2.6666667,5.3983,12.2168,142.19242,9308.8091,89.349,173.879,64.3741,2.3333333,2.5555556,2.5555556,0.174,2.3333333,3.0,1.7777778,2.2441,727.06233,0.1581158890025766,0.1049999986050003,0.09000000009000025,0.12000000162000034,1.0000000005557308,0.9999999997544362,0.5468939230685095,0.9097902126071172,0.999999999977615,1.0000000000230047,0.9999999999378634,0.1049999986050003,0.11500000211500032,0.11500000211500032,0.023832351732639385,0.1049999986050003,0.13500000013500038,0.08000000108000023,1.0000000003119287,1.000000000330095,10.662707,259.97256,3662.4422,2060.0686,-101.63089,-46.537321,-55.160451,-26.656768,-9.6190133,-3.2731239,-21.138417,413.15571,3936.8345,1723.226,-3311.0132,214.6895,6020.5303,6092.9762,-190.80896,10.662707,963.819822,.
2029.0,600.43735,2.4444444,2.1111111,2.7777778,5.3983,12.2168,142.19242,9233.6803,89.349,173.879,64.3741,2.4444444,2.7777778,2.6666667,0.154,2.4444444,3.1111111,1.8888889,2.2441,727.06233,0.15811588900257656,0.10999999811000032,0.09499999959500027,0.12500000112500034,1.0000000005557304,0.9999999997544368,0.5468939230685089,0.9024475497390013,0.9999999999776166,1.0000000000230043,0.999999999937863,0.10999999811000032,0.12500000112500034,0.12000000162000034,0.021093000958772798,0.10999999811000032,0.1399999996400004,0.08500000058500023,1.0000000003119291,1.000000000330095,10.663664,261.12898,3648.1415,2067.8886,-101.50449,-57.074062,-55.948508,-26.65916,-18.567379,-4.2958537,-20.730575,415.18996,3945.9118,1728.6206,-3328.0224,215.63987,5963.1341,6035.2916,-190.09349,10.663664,989.763852,.
2030.0,600.43735,2.6666667,2.2222222,3.0,5.3983,12.2168,142.19242,9233.6803,89.349,173.879,64.3741,2.6666667,2.8888889,2.8888889,0.138,2.6666667,3.2222222,2.0,2.2441,727.06233,0.15811588900257656,0.12000000162000034,0.09999999910000028,0.13500000013500038,1.0000000005557304,0.9999999997544361,0.5468939230685093,0.9024475497390053,0.9999999999776159,1.0000000000230047,0.9999999999378636,0.12000000162000034,0.13000000063000036,0.13000000063000036,0.018901520339679508,0.12000000162000034,0.14499999914500042,0.09000000009000025,1.0000000003119291,1.000000000330095,10.664943,262.31783,3633.4748,2076.612,-101.46419,-46.454639,-55.986436,-26.662357,-9.558268,-3.2796114,-21.114425,417.11776,3954.8668,1733.5854,-3329.0609,216.62103,5905.0125,5976.867,-190.66942,10.664943,1020.120291,.
2031.0,600.43735,2.7777778,2.3333333,3.2222222,5.3983,12.2168,142.19242,9233.6803,89.349,173.879,64.3741,2.8888889,3.1111111,3.0,0.114,2.7777778,3.3333333,2.0,2.2441,727.06233,0.15811588900257662,0.12500000112500034,0.1049999986050003,0.14499999914500042,1.0000000005557306,0.9999999997544367,0.5468939230685095,0.9024475497390035,0.9999999999776155,1.0000000000230052,0.9999999999378634,0.13000000063000036,0.1399999996400004,0.13500000013500038,0.015614299411039605,0.12500000112500034,0.14999999865000044,0.09000000009000025,1.0000000003119294,1.000000000330095,10.666588,264.63703,3618.5177,2086.1397,-101.42387,-57.123438,-56.791019,-26.66647,-18.554945,-4.2976833,-31.021979,421.22232,3963.6418,1738.1124,-3346.14,218.52642,5846.1265,5917.7406,-190.6712,10.666588,1051.95286,.
2032.0,600.43735,3.0,2.4444444,3.3333333,5.3983,12.2168,142.19242,9165.7067,89.349,173.879,64.3741,3.0,3.2222222,3.2222222,0.099,3.0,3.4444444,2.1111111,2.2441,727.06233,0.15811588900257656,0.13500000013500038,0.10999999811000032,0.14999999865000044,1.000000000555731,0.9999999997544368,0.5468939230685094,0.8958041955428521,0.9999999999776161,1.0000000000230045,0.999999999937863,0.13500000013500038,0.14499999914500042,0.14499999914500042,0.013559786330639655,0.13500000013500038,0.15499999815500043,0.09499999959500027,1.000000000311929,1.000000000330095,10.66869,266.98203,3603.3108,2095.6907,-101.49559,-46.828001,-57.217207,-26.671724,-9.9328514,-3.3161461,-21.09174,425.02169,3972.2475,1742.2023,-3347.1363,220.46099,5786.2199,5857.4912,-190.55026,10.66869,1084.42843,.
2033.0,600.43735,3.2222222,2.5555556,3.5555556,5.3983,12.2168,142.19242,9165.7067,89.349,173.879,64.3741,3.2222222,3.4444444,3.3333333,0.081,3.2222222,3.5555556,2.2222222,2.2441,727.06233,0.15811588900257656,0.14499999914500042,0.11500000211500032,0.16000000216000046,1.000000000555731,0.9999999997544362,0.5468939230685094,0.8958041955428506,0.9999999999776161,1.0000000000230045,0.9999999999378634,0.14499999914500042,0.15499999815500043,0.14999999865000044,0.011094370634159712,0.14499999914500042,0.16000000216000046,0.09999999910000028,1.000000000311928,1.000000000330095,10.671878,269.09663,3587.5483,2105.3851,-101.59415,-57.116537,-58.006234,-26.679694,-18.557883,-4.3036854,-31.093055,428.326,3980.6068,1745.7814,-3363.7438,222.20858,5725.4211,5796.3059,-190.71182,10.671878,1114.92811,.
2034.0,600.43735,3.4444444,2.6666667,3.7777778,5.3983,12.2168,131.41534,9108.4658,89.349,173.879,64.3741,3.4444444,3.6666667,3.5555556,0.063,3.4444444,3.6666667,2.3333333,2.2441,727.06233,0.15811588900257662,0.15499999815500043,0.12000000162000034,0.17000000117000047,1.0000000005557304,0.9999999997544371,0.5054436153768396,0.8902097945812059,0.9999999999776151,1.0000000000230047,0.9999999999378636,0.15499999815500043,0.16500000166500048,0.16000000216000046,0.008628954937679779,0.15499999815500043,0.16500000166500048,0.1049999986050003,1.0000000003119285,1.000000000330095,10.674914,271.02397,3571.2387,2115.4583,-101.57322,-57.573141,-58.43693,-26.687285,-18.938744,-4.3404121,-31.453098,431.22399,3988.7314,1748.8642,-3380.9197,223.80436,5663.7127,5734.1866,-190.7344,10.674914,1164.99721,.
2035.0,600.43735,3.6666667,2.7777778,4.0,5.3983,12.2168,131.41534,9108.4658,89.349,173.879,64.3741,3.6666667,3.7777778,3.7777778,0.048,3.6666667,3.7777778,2.4444444,2.2441,727.06233,0.15811588900257662,0.16500000166500048,0.12500000112500034,0.1800000001800005,1.0000000005557308,0.9999999997544367,0.5054436153768389,0.8902097945812029,0.9999999999776161,1.0000000000230045,0.9999999999378631,0.16500000166500048,0.17000000117000047,0.17000000117000047,0.006574441857279832,0.16500000166500048,0.17000000117000047,0.10999999811000032,1.0000000003119291,1.000000000330095,10.676092,272.72978,3554.3642,2126.1235,-101.33177,-46.569749,-58.849123,-26.690231,-18.551633,-4.2999115,-21.115943,433.63652,3996.7222,1751.4528,-3381.3669,225.21978,5600.9891,5671.0004,-190.78072,10.676092,1196.00303,.
2036.0,686.66351,3.8888889,2.8888889,4.2222222,5.3983,12.2168,131.41534,9029.7595,89.349,173.879,64.3741,3.8888889,4.0,3.8888889,0.03,3.8888889,3.8888889,2.4444444,2.2441,727.06233,0.1808222145562391,0.1750000006750005,0.13000000063000036,0.18999999919000055,1.000000000555731,0.9999999997544359,0.5054436153768392,0.8825174871505469,0.9999999999776155,1.0000000000230045,0.9999999999378634,0.1750000006750005,0.1800000001800005,0.1750000006750005,0.004109026160799895,0.1750000006750005,0.1750000006750005,0.10999999811000032,1.0000000003119285,1.000000000330095,10.677802,274.20244,3536.866,2137.5604,-101.4884,-46.894386,-59.276346,-26.694506,-9.9714917,-3.3196109,-21.497866,435.55276,4004.5479,1753.5406,-3382.3914,226.44586,5537.2618,5606.7577,-171.32538,10.677802,1220.2762,.
2037.0,686.66351,4.1111111,3.0,4.4444444,5.3983,12.2168,131.41534,8768.5976,89.349,173.879,64.3741,4.1111111,4.2222222,4.1111111,0.009,4.1111111,4.0,2.5555556,2.2441,727.06233,0.18082221455623906,0.1849999996850005,0.13500000013500038,0.19999999820000056,1.0000000005557301,0.9999999997544369,0.5054436153768394,0.8569930040535744,0.9999999999776162,1.0000000000230045,0.9999999999378634,0.1849999996850005,0.18999999919000055,0.1849999996850005,0.001232707848239969,0.1849999996850005,0.1800000001800005,0.11500000211500032,1.000000000311929,1.000000000330095,11.044097,275.23423,3518.4621,2148.6148,-101.69747,-46.925612,-60.08314,-27.610241,-18.963483,-4.3488773,-31.520463,436.89403,4012.0965,1755.0416,-3415.5964,227.30495,5472.4305,5541.27,-190.75534,11.044097,1245.39167,.
2038.0,686.66351,4.3333333,3.2222222,4.6666667,5.3983,12.2168,131.41534,8389.3764,89.349,173.879,64.3741,4.3333333,4.4444444,4.3333333,0.0,4.3333333,4.1111111,2.6666667,2.2441,727.06233,0.18082221455623906,0.19499999869500054,0.14499999914500042,0.2100000017100006,1.0000000005557308,0.9999999997544363,0.5054436153768395,0.8199300744707642,0.9999999999776162,1.0000000000230045,0.9999999999378631,0.19499999869500054,0.19999999820000056,0.19499999869500054,0.0,0.19499999869500054,0.1849999996850005,0.12000000162000034,1.0000000003119291,1.000000000330095,11.045115,276.02803,3499.2719,2159.5002,-101.56658,-46.460934,-60.49643,-27.612789,-9.9720848,-3.3200815,-21.227655,437.92282,4019.6585,1756.2249,-3415.9163,227.96593,5406.9524,5475.0898,-190.64294,11.045115,1274.96693,.
2039.0,686.66351,4.5555556,3.3333333,5.0,5.3983,12.2168,131.41534,8389.3764,89.349,173.879,64.3741,4.5555556,4.6666667,4.5555556,0.0,4.5555556,4.2222222,2.7777778,2.2441,727.06233,0.18082221455623912,0.2050000022050006,0.14999999865000044,0.22500000022500063,1.0000000005557306,0.9999999997544367,0.5054436153768394,0.8199300744707624,0.9999999999776155,1.0000000000230047,0.9999999999378634,0.2050000022050006,0.2100000017100006,0.2050000022050006,0.0,0.2050000022050006,0.18999999919000055,0.12500000112500034,1.0000000003119294,1.000000000330095,11.046157,276.58252,3479.2606,2170.2267,-101.59716,-46.511288,-61.300143,-27.615394,-18.635536,-4.3058992,-31.123372,438.6369,4027.0248,1757.0915,-3432.4369,228.42776,5340.7048,5408.0875,-189.86257,11.046157,1304.04811,.
2040.0,686.66351,4.7777778,3.4444444,5.2222222,5.3983,12.2168,131.41534,8324.9803,89.349,173.879,64.3741,4.7777778,4.8888889,4.7777778,0.0,4.7777778,4.3333333,2.8888889,2.2441,727.06233,0.18082221455623912,0.2150000012150006,0.15499999815500043,0.23499999923500067,1.0000000005557301,0.9999999997544372,0.5054436153768395,0.813636364837159,0.9999999999776158,1.000000000023005,0.9999999999378631,0.2150000012150006,0.22000000072000064,0.2150000012150006,0.0,0.2150000012150006,0.19499999869500054,0.13000000063000036,1.0000000003119294,1.000000000330095,11.062446,276.88994,3458.4336,2180.7453,-101.33495,-46.568696,-61.729166,-27.656114,-10.018204,-3.3261809,-21.60314,439.03375,4034.2048,1757.64,-3434.0991,228.68379,5273.6068,5340.2261,-171.21075,11.062446,1331.99297,.
2041.0,686.66351,5.0,3.5555556,5.4444444,5.3983,12.2168,122.1155,8257.0067,89.349,173.879,64.3741,5.0,5.1111111,5.0,0.0,5.0,4.4444444,2.8888889,2.2441,727.06233,0.18082221455623906,0.22500000022500063,0.16000000216000046,0.24499999824500068,1.0000000005557308,0.9999999997544359,0.4696749999927742,0.8069930106410049,0.999999999977615,1.0000000000230045,0.9999999999378628,0.22500000022500063,0.22999999973000063,0.22500000022500063,0.0,0.22500000022500063,0.19999999820000056,0.13000000063000036,1.0000000003119287,1.000000000330095,11.431213,276.96006,3436.7782,2191.0564,-101.22512,-46.46281,-62.922158,-28.578033,-18.607807,-4.3008047,-31.062357,439.12915,4041.4729,1757.9115,-3450.5731,228.74206,5205.6871,5271.5492,-190.54227,11.431213,1358.2079800000001,.
2042.0,686.66351,5.2222222,3.7777778,5.7777778,5.3983,12.2168,122.1155,7291.0657,89.349,173.879,64.3741,5.2222222,5.3333333,5.2222222,0.0,5.2222222,4.5555556,3.0,2.2441,727.06233,0.18082221455623906,0.23499999923500067,0.17000000117000047,0.2600000012600007,1.0000000005557312,0.9999999997544365,0.4696749999927744,0.7125874150040803,0.999999999977615,1.0000000000230045,0.9999999999378636,0.23499999923500067,0.23999999874000066,0.23499999923500067,0.0,0.23499999923500067,0.2050000022050006,0.13500000013500038,1.0000000003119283,1.000000000330095,11.449213,277.01889,3414.6098,2201.3738,-101.3318,-46.467021,-63.352041,-28.623034,-18.933864,-4.3384185,-21.531269,439.21828,4049.8924,1758.1717,-3467.7847,228.79075,5137.4962,5202.6174,-190.6546,11.449213,1382.51327,.
2043.0,686.66351,5.4444444,3.8888889,6.0,5.3983,12.2168,122.1155,7240.9798,89.349,173.879,64.3741,5.4444444,5.5555556,5.4444444,0.0,5.4444444,4.6666667,3.1111111,2.2441,727.06233,0.18082221455623906,0.24499999824500068,0.1750000006750005,0.27000000027000076,1.0000000005557304,0.9999999997544369,0.4696749999927742,0.7076923031675252,0.9999999999776156,1.0000000000230043,0.9999999999378631,0.24499999824500068,0.2500000022500007,0.24499999824500068,0.0,0.24499999824500068,0.2100000017100006,0.1399999996400004,1.0000000003119291,1.000000000330095,11.450652,277.0702,3391.7889,2211.7124,-101.45145,-46.376447,-64.157431,-28.626629,-18.558147,-4.3026439,-31.051518,439.30022,4058.6621,1758.4227,-3484.2434,228.83311,5068.7282,5132.9845,-189.71408,11.450652,1405.4845500000001,.
2044.0,686.66351,5.6666667,4.0,6.3333333,5.3983,12.2168,122.1155,7176.5838,89.349,173.879,64.3741,5.6666667,5.8888889,5.6666667,0.0,5.6666667,4.7777778,3.2222222,2.2441,727.06233,0.18082221455623906,0.25500000175500076,0.1800000001800005,0.28499999878500076,1.0000000005557304,0.9999999997544363,0.469674999992774,0.7013986033073548,0.9999999999776158,1.0000000000230045,0.9999999999378634,0.25500000175500076,0.2650000007650008,0.25500000175500076,0.0,0.25500000175500076,0.2150000012150006,0.14499999914500042,1.0000000003119294,1.000000000330095,11.465527,277.11141,3368.3714,2222.0672,-101.7317,-46.424843,-64.992696,-28.663817,-18.947631,-4.351598,-21.618272,439.36856,4067.9235,1758.6602,-3485.37,228.86708,4999.5189,5062.6806,-171.15035,11.465527,1427.52983,.
2045.0,686.66351,5.8888889,4.1111111,6.6666667,5.3983,12.2168,122.1155,7176.5838,89.349,173.879,64.3741,5.8888889,6.1111111,5.8888889,0.0,5.8888889,4.8888889,3.3333333,2.2441,727.06233,0.1808222145562391,0.2650000007650008,0.1849999996850005,0.30000000180000086,1.0000000005557308,0.9999999997544367,0.4696749999927743,0.7013986033073539,0.9999999999776156,1.0000000000230052,0.9999999999378636,0.2650000007650008,0.2749999997750008,0.2650000007650008,0.0,0.2650000007650008,0.22000000072000064,0.14999999865000044,1.000000000311929,1.000000000330095,11.469166,277.14789,3344.3223,2235.8045,-101.4192,-46.458201,-65.79714,-28.672914,-10.027633,-4.3435424,-21.214907,439.4271,4077.6512,1758.893,-3486.413,228.89719,4929.551,4991.626,-171.20813,11.469166,1447.95045,.
2046.0,686.66351,6.1111111,4.3333333,7.0,5.3983,12.2168,114.00801,6940.4649,89.349,173.879,64.3741,6.1111111,6.4444444,6.1111111,0.0,6.1111111,5.0,3.3333333,2.2441,727.06233,0.18082221455623906,0.2749999997750008,0.19499999869500054,0.3150000003150009,1.0000000005557304,0.9999999997544368,0.4384923461471002,0.6783216810153763,0.9999999999776162,1.0000000000230045,0.9999999999378631,0.2749999997750008,0.28999999829000084,0.2749999997750008,0.0,0.2749999997750008,0.22500000022500063,0.14999999865000044,1.0000000003119291,1.000000000330095,11.471816,277.18219,3319.6139,2250.1053,-101.26615,-46.516773,-66.615989,-28.67954,-18.980367,-4.341165,-21.560885,439.47962,4087.7027,1759.1185,-3503.5347,228.92557,4858.7518,4919.8117,-171.22554,11.471816,1464.5363499999999,.
2047.0,771.84899,6.3333333,4.4444444,7.3333333,5.3983,12.2168,114.00801,6886.8015,89.349,173.879,64.3741,6.3333333,6.6666667,6.4444444,0.0,6.3333333,5.1111111,3.4444444,2.2441,727.06233,0.20325449312836857,0.28499999878500076,0.19999999820000056,0.3299999988300009,1.000000000555731,0.9999999997544362,0.4384923461471,0.6730769246162764,0.9999999999776162,1.0000000000230045,0.9999999999378631,0.28499999878500076,0.30000000180000086,0.28999999829000084,0.0,0.28499999878500076,0.22999999973000063,0.15499999815500043,1.0000000003119287,1.000000000330095,11.473832,277.21488,3294.2515,2264.4338,-101.16216,-46.383036,-67.438672,-28.68458,-18.906179,-4.3410335,-31.105601,439.52684,4097.9352,1759.3394,-3519.9628,228.95267,4787.1416,4847.12,-189.66942,11.473832,1479.29186,.
2048.0,771.84899,6.6666667,4.5555556,7.6666667,5.3983,12.2168,114.00801,6833.1381,89.349,173.879,64.3741,6.6666667,7.0,6.6666667,0.0,6.6666667,5.2222222,3.5555556,2.2441,727.06233,0.2032544931283686,0.30000000180000086,0.2050000022050006,0.345000001845001,1.0000000005557301,0.9999999997544373,0.4384923461471005,0.6678321682171767,0.9999999999776156,1.0000000000230052,0.9999999999378631,0.30000000180000086,0.3150000003150009,0.30000000180000086,0.0,0.30000000180000086,0.23499999923500067,0.16000000216000046,1.000000000311929,1.000000000330095,11.474643,277.25063,3268.2072,2278.9217,-101.18971,-46.38999,-68.259857,-28.686607,-18.628093,-4.3409613,-21.153788,439.58132,4107.3496,1761.5835,-3520.4105,228.98225,4714.6924,4773.6103,-170.28844,11.474643,1494.0702700000002,.
2049.0,771.84899,6.8888889,4.7777778,8.1111111,5.3983,12.2168,114.00801,6779.4747,89.349,173.879,64.3741,6.8888889,7.3333333,7.0,0.0,6.8888889,5.3333333,3.6666667,2.2441,727.06233,0.2032544931283686,0.3100000008100009,0.2150000012150006,0.36499999986500103,1.0000000005557308,0.9999999997544365,0.4384923461470999,0.6625874118180761,0.9999999999776159,1.0000000000230045,0.9999999999378631,0.3100000008100009,0.3299999988300009,0.3150000003150009,0.0,0.3100000008100009,0.23999999874000066,0.16500000166500048,1.000000000311929,1.000000000330095,11.475108,277.28834,3241.508,2293.8922,-101.62397,-46.479726,-69.081005,-28.687769,-18.978481,-4.3506547,-21.245536,439.64146,4115.8917,1764.2839,-3537.6599,229.01338,4641.4195,4699.3163,-170.4174,11.475108,1508.0596,.
2050.0,771.84899,7.2222222,4.8888889,8.4444444,5.3983,12.2168,114.00801,6729.3889,89.349,173.879,64.3741,7.2222222,7.5555555,7.2222222,0.0,7.2222222,5.4444444,3.6666667,2.2441,727.06233,0.20325449312836857,0.3249999993250009,0.22000000072000064,0.3799999983800011,1.000000000555731,0.9999999997544362,0.4384923461471001,0.6576923097549587,0.9999999999776158,1.0000000000230045,0.9999999999378631,0.3249999993250009,0.33999999784000096,0.3249999993250009,0.0,0.3249999993250009,0.24499999824500068,0.16500000166500048,1.0000000003119285,1.000000000330095,11.475563,277.3256,3214.0723,2309.9938,-101.6923,-46.493181,-70.294287,-28.688906,-18.974165,-4.356102,-21.646454,439.70225,4123.8885,1768.223,-3554.7731,229.04412,4566.8032,4623.7865,-171.07135,11.475563,1520.57097,.
2051.0,771.84899,7.4444444,5.1111111,8.8888889,5.3983,12.2168,106.87681,6672.1479,89.349,173.879,64.3741,7.4444444,7.8888889,7.5555555,0.0,7.4444444,5.5555556,3.7777778,2.2441,727.06233,0.20325449312836852,0.33499999833500094,0.22999999973000063,0.4000000009000011,1.0000000005557304,0.9999999997544367,0.4110646538398299,0.6520978990198786,0.9999999999776155,1.0000000000230047,0.9999999999378631,0.33499999833500094,0.35500000085500105,0.33999999784000096,0.0,0.33499999833500094,0.2500000022500007,0.17000000117000047,1.0000000003119285,1.000000000330095,11.476715,277.35779,3185.4895,2327.1286,-101.34656,-46.35619,-71.113573,-28.691787,-18.980523,-5.364315,-31.061814,439.75341,4132.2969,1772.4432,-3571.2418,229.0707,4489.574,4545.5793,-189.57377,11.476715,1527.77806,.
2052.0,771.84899,7.7777778,5.2222222,9.3333333,5.3983,12.2168,106.87681,6672.1479,89.349,173.879,64.3741,7.7777778,8.2222222,7.8888889,0.0,7.7777778,5.5555555,3.8888889,2.2441,727.06233,0.20325449312836852,0.350000001350001,0.23499999923500067,0.41999999892000117,1.0000000005557308,0.9999999997544363,0.4110646538398297,0.6520978990198782,0.9999999999776159,1.0000000000230043,0.999999999937863,0.350000001350001,0.369999999370001,0.35500000085500105,0.0,0.350000001350001,0.2499999977500007,0.1750000006750005,1.000000000311929,1.000000000330095,11.480856,277.38521,3156.1864,2344.7652,-101.25182,-46.369117,-71.933913,-28.702141,-18.987146,-4.3470278,-21.198139,439.79545,4140.0838,1777.7863,-3572.2785,229.09338,4411.1191,4466.2866,-170.16076,11.480856,1536.2364499999999,.
2053.0,771.84899,8.1111111,5.3333333,9.7777778,5.3983,12.2168,106.87681,6629.2172,89.349,173.879,64.3741,8.1111111,8.5555555,8.2222222,0.0,8.1111111,5.6666667,3.8888889,2.2441,727.06233,0.2032544931283686,0.36499999986500103,0.23999999874000066,0.4400000014400013,1.0000000005557306,0.9999999997544368,0.4110646538398297,0.6479020958552844,0.9999999999776154,1.000000000023005,0.9999999999378638,0.36499999986500103,0.3849999978850011,0.369999999370001,0.0,0.36499999986500103,0.25500000175500076,0.1750000006750005,1.000000000311929,1.000000000330095,11.483186,277.4108,3126.0792,2363.2076,-101.24445,-46.454133,-73.163305,-28.707966,-18.981549,-5.3690987,-31.24205,439.8329,4147.3,1784.9475,-3589.4638,229.11459,4331.5284,4385.8026,-189.80109,11.483186,1544.39073,.
2054.0,771.84899,8.4444444,5.5555555,10.222222,5.3983,12.2168,100.55507,6579.1314,89.349,173.879,64.3741,8.4444444,8.8888889,8.6666667,0.0,8.4444444,5.7777778,4.0,2.2441,727.06233,0.20325449312836857,0.3799999983800011,0.2499999977500007,0.4599999904600013,1.00000000055573,0.9999999997544372,0.3867502692248193,0.643006993792165,0.9999999999776158,1.000000000023005,0.9999999999378631,0.3799999983800011,0.4000000009000011,0.3900000018900011,0.0,0.3799999983800011,0.2600000012600007,0.1800000001800005,1.0000000003119294,1.000000000330095,11.484589,277.43504,3095.2336,2382.181,-101.11588,-46.343684,-74.373412,-28.711472,-18.971554,-4.3886158,-21.607804,439.86768,4153.9488,1792.4578,-3590.4235,229.1347,4250.7612,4304.1065,-170.87537,11.484589,1551.67885,.
2055.0,771.84899,8.7777778,5.6666667,10.666667,5.3983,12.2168,100.55507,6532.6231,89.349,173.879,64.3741,8.7777778,9.3333333,9.0,0.0,8.7777778,5.8888889,4.1111111,2.2441,727.06233,0.20325449312836852,0.39500000139500113,0.25500000175500076,0.4800000154800014,1.0000000005557308,0.9999999997544361,0.3867502692248192,0.6384615362915927,0.9999999999776151,1.0000000000230045,0.9999999999378631,0.39500000139500113,0.41999999892000117,0.40500000040500117,0.0,0.39500000139500113,0.2650000007650008,0.1849999996850005,1.0000000003119285,1.000000000330095,11.484988,277.47154,3063.6834,2401.905,-101.25886,-46.338316,-75.585544,-28.71247,-18.958157,-5.3629094,-31.058022,439.92944,4159.8759,1800.3586,-3606.9335,229.16476,4168.989,4221.3941,-189.55859,11.484988,1557.1512699999998,.
2056.0,771.84899,9.1111111,5.7777778,11.222222,5.3983,12.2168,100.55507,6482.5373,89.349,173.879,64.3741,9.1111111,9.6666667,9.4444444,0.0,9.1111111,5.8888889,4.1111111,2.2441,727.06233,0.20325449312836855,0.4099999999100012,0.2600000012600007,0.5049999905050014,1.000000000555731,0.9999999997544365,0.3867502692248195,0.6335664342284737,0.9999999999776154,1.0000000000230047,0.9999999999378631,0.4099999999100012,0.43500000193500127,0.4249999984250012,0.0,0.4099999999100012,0.2650000007650008,0.1849999996850005,1.000000000311928,1.000000000330095,11.485597,277.51364,3031.475,2422.2219,-101.23276,-46.392523,-76.812631,-28.713992,-18.955966,-5.4103126,-31.513431,440.00327,4164.9438,1808.9753,-3624.0814,229.19936,4086.5179,4138.0047,-190.33417,11.485597,1562.16257,.
2057.0,855.99377,9.4444444,6.0,11.666667,5.3983,12.2168,94.911913,6382.3656,89.349,173.879,64.3741,9.4444444,10.0,9.7777778,0.0,9.4444444,6.0,4.2222222,2.2441,727.06233,0.22541271945227437,0.4249999984250012,0.27000000027000076,0.5250000155250015,1.0000000005557306,0.9999999997544373,0.3650458192251531,0.6237762203288,0.9999999999776156,1.000000000023004,0.999999999937863,0.4249999984250012,0.45000000045000127,0.4400000014400013,0.0,0.4249999984250012,0.27000000027000076,0.18999999919000055,1.000000000311929,1.000000000330095,11.486098,277.55671,2998.9906,2442.701,-101.5463,-46.40845,-78.04342,-28.715245,-18.955894,-5.3746703,-31.171446,440.07784,4167.8488,1818.793,-3624.6149,229.23478,4004.7625,4055.4535,-170.21395,11.486098,1566.74393,.
2058.0,855.99377,9.7777778,6.1111111,12.222222,5.3983,12.2168,94.911913,6332.2798,89.349,173.879,64.3741,9.7777778,10.444444,10.222222,0.0,9.7777778,6.1111111,4.2222222,2.2441,727.06233,0.22541271945227434,0.4400000014400013,0.2749999997750008,0.5499999905500016,1.0000000005557301,0.9999999997544365,0.36504581922515306,0.6188811182656815,0.9999999999776156,1.0000000000230045,0.999999999937863,0.4400000014400013,0.46999998047000136,0.4599999904600013,0.0,0.4400000014400013,0.2749999997750008,0.18999999919000055,1.0000000003119296,1.000000000330095,11.48847,277.59918,2966.2213,2452.4103,-101.26082,-46.379462,-79.269681,-28.721176,-18.986945,-5.413285,-31.512203,440.14904,4168.5785,1830.388,-3641.8079,229.26977,3924.045,3973.819,-170.85626,11.48847,1570.5902,.
2059.0,855.99377,10.111111,6.3333333,12.666667,5.3983,12.2168,94.911913,6282.194,89.349,173.879,64.3741,10.111111,10.777778,10.777778,0.0,10.111111,6.2222222,4.3333333,2.2441,727.06233,0.22541271945227442,0.45499999545500125,0.28499999878500076,0.5700000155700017,1.0000000005557308,0.9999999997544363,0.3650458192251531,0.6139860162025614,0.9999999999776155,1.0000000000230052,0.9999999999378636,0.45499999545500125,0.48500001048500135,0.48500001048500135,0.0,0.45499999545500125,0.2799999992800008,0.19499999869500054,1.0000000003119291,1.000000000330095,11.490773,277.64159,2933.1488,2459.871,-54.901555,-35.852157,-80.50173,-28.726932,-19.011099,-4.4002593,-21.703901,440.21667,4167.3649,1842.4858,-3642.9839,229.30478,3844.1166,3892.9266,-171.10254,11.490773,1573.6979099999999,.
2060.0,855.99377,10.555556,6.4444444,13.222222,5.3983,12.2168,89.843237,6228.5306,89.349,173.879,64.3741,10.555556,11.222222,11.222222,0.0,10.555556,6.2222222,4.3333333,2.2441,727.06233,0.22541271945227434,0.47500002047500134,0.28999999829000084,0.5949999905950017,1.0000000005557308,0.9999999997544368,0.3455509115331454,0.6087412598034622,0.9999999999776166,1.000000000023004,0.999999999937863,0.47500002047500134,0.5049999905050014,0.5049999905050014,0.0,0.47500002047500134,0.2799999992800008,0.19499999869500054,1.0000000003119291,1.000000000330095,11.492492,277.68232,2899.7972,2478.722,-101.27144,-46.395458,-82.118899,-28.731231,-19.00025,-5.4150847,-21.663874,440.27638,4164.3337,1855.0803,-3643.3448,229.33854,3764.8959,3812.7675,-170.13853,11.492492,1575.33492,.
2061.0,855.99377,10.888889,6.6666667,14.111111,5.3983,12.2168,89.843237,6178.4448,89.349,173.879,64.3741,10.888889,11.555556,11.777778,0.0,10.888889,6.3333333,4.4444444,2.2441,727.06233,0.22541271945227437,0.49000000549000144,0.30000000180000086,0.6349999956350018,1.0000000005557308,0.9999999997544363,0.3455509115331454,0.6038461577403429,0.9999999999776162,1.0000000000230045,0.9999999999378634,0.49000000549000144,0.5200000205200015,0.5300000105300015,0.0,0.49000000549000144,0.28499999878500076,0.19999999820000056,1.000000000311929,1.000000000330095,11.492732,277.72013,2866.134,2534.0184,-101.27757,-46.324499,-83.737972,-28.731829,-19.024453,-5.4137718,-31.545299,440.32957,4158.9621,1869.4982,-3660.5049,229.36992,3686.6134,3733.5417,-170.16397,11.492732,1575.50526,.
2062.0,855.99377,11.333333,6.7777778,14.666667,5.3983,12.2168,85.265202,6117.1158,89.349,173.879,64.3741,11.333333,12.0,12.333333,0.0,11.333333,6.4444444,4.4444444,2.2441,727.06233,0.22541271945227437,0.5099999855100014,0.3050000013050009,0.6600000156600019,1.0000000005557304,0.9999999997544369,0.3279430846103395,0.597852209067683,0.9999999999776161,1.0000000000230047,0.9999999999378631,0.5099999855100014,0.5400000005400015,0.5549999855550015,0.0,0.5099999855100014,0.28999999829000084,0.19999999820000056,1.000000000311929,1.000000000330095,11.492959,278.70207,2832.2394,2549.6303,-99.391253,-45.936722,-85.359604,-28.732397,-18.99676,-6.3937558,-31.178305,442.355,4149.6898,1885.4136,-3676.9898,230.17013,3609.7798,3655.7002,-170.11587,11.492959,1574.45558,.
2063.0,855.99377,11.888889,6.8888889,15.333333,5.3983,12.2168,85.265202,6031.7648,89.349,173.879,64.3741,11.888889,12.333333,12.888889,0.0,11.888889,6.4444444,4.5555556,2.2441,727.06233,0.22541271945227434,0.5350000055350016,0.3100000008100009,0.689999985690002,1.0000000005557308,0.9999999997544367,0.3279430846103393,0.5895104863400958,0.9999999999776161,1.0000000000230047,0.9999999999378634,0.5350000055350016,0.5549999855550015,0.5800000055800016,0.0,0.5350000055350016,0.28999999829000084,0.2050000022050006,1.000000000311929,1.000000000330095,11.493437,279.82863,2798.0203,2568.6842,-54.691263,-35.775256,-86.605279,-28.733594,-19.019427,-5.4153439,-31.185155,444.53873,4138.0491,1901.3171,-3677.3885,231.09104,3533.9705,3578.7171,-170.09798,11.493437,1572.40959,.
2064.0,939.09786,12.333333,7.1111111,16.0,5.3983,12.2168,81.109521,5981.679,89.349,173.879,64.3741,12.444444,12.777778,13.444444,0.0,12.333333,6.5555555,4.5555556,2.2441,727.06233,0.24729689616130174,0.5549999855550015,0.3199999998200009,0.720000000720002,1.0000000005557315,0.9999999997544361,0.3119596961490468,0.5846153842769776,0.9999999999776156,1.0000000000230047,0.9999999999378634,0.5599999805600016,0.5750000105750016,0.6049999806050017,0.0,0.5549999855550015,0.2949999977950008,0.2050000022050006,1.0000000003119285,1.000000000330095,11.494057,281.4567,2763.4745,2587.4064,-101.21769,-46.332582,-88.62955,-28.735143,-19.024861,-5.41319,-31.542875,447.60133,4123.9306,1917.8797,-3694.5464,232.42447,3458.8576,3502.5955,-170.00065,11.494057,1569.6255700000002,.
2065.0,939.09786,12.888889,7.2222222,16.666667,5.3983,12.2168,77.32002,5885.0849,89.349,173.879,64.3741,12.888889,13.111111,14.111111,0.0,12.888889,6.5555555,4.6666667,2.2441,727.06233,0.24729689616130168,0.5800000055800016,0.3249999993250009,0.7500000157500022,1.0000000005557306,0.9999999997544368,0.2973846923031172,0.5751748247132857,0.9999999999776154,1.0000000000230047,0.9999999999378634,0.5800000055800016,0.5899999955900016,0.6349999956350018,0.0,0.5800000055800016,0.2949999977950008,0.2100000017100006,1.0000000003119287,1.000000000330095,11.499199,283.10337,2728.6018,2601.2457,-101.47056,-46.427056,-90.658066,-28.747996,-19.058347,-6.4829628,-31.674895,450.45525,4107.377,1935.5665,-3711.7898,233.77886,3384.5341,3427.3028,-170.14199,11.499199,1565.5465199999999,.
2066.0,939.09786,13.444444,7.4444444,17.222222,5.3983,12.2168,77.32002,5838.5766,89.349,173.879,64.3741,13.555556,13.555556,14.777778,0.0,13.444444,6.6666667,4.6666667,2.2441,727.06233,0.24729689616130174,0.6049999806050017,0.33499999833500094,0.7749999907750021,1.0000000005557308,0.9999999997544367,0.2973846923031169,0.5706293672127106,0.9999999999776162,1.0000000000230043,0.999999999937863,0.6100000206100017,0.6100000206100017,0.6650000106650019,0.0,0.6049999806050017,0.30000000180000086,0.2100000017100006,1.0000000003119287,1.000000000330095,11.502489,285.16304,2693.3716,2606.6413,-99.493038,-46.051879,-92.281774,-28.756221,-19.053695,-5.4315764,-31.678239,453.91452,4088.5535,1954.7203,-3712.3526,235.47531,3311.0321,3352.8323,-170.1701,11.502489,1559.66651,.
2067.0,939.09786,14.111111,7.5555555,17.555556,5.3983,12.2168,73.850062,5781.3357,89.349,173.879,64.3741,14.111111,13.888889,15.444444,0.0,14.111111,6.7777778,4.7777778,2.2441,727.06233,0.24729689616130177,0.6349999956350018,0.33999999784000096,0.7900000207900022,1.0000000005557306,0.9999999997544372,0.28403869999563014,0.5650349662510661,0.9999999999776158,1.000000000023005,0.9999999999378636,0.6349999956350018,0.6250000056250018,0.694999980695002,0.0,0.6349999956350018,0.3050000013050009,0.2150000012150006,1.0000000003119291,1.000000000330095,11.504252,287.93199,2657.7545,2573.6262,-101.20812,-46.350494,-94.320978,-28.760631,-28.016772,-6.440621,-31.600558,458.52861,4067.5802,1975.579,-3729.3497,237.75709,3238.2381,3279.0628,-170.02408,11.504252,1553.0136,.
2068.0,939.09786,14.777778,7.7777778,17.888889,5.3983,12.2168,73.850062,5684.7416,89.349,173.879,64.3741,14.777778,14.333333,16.222222,0.0,14.777778,6.7777778,4.7777778,2.2441,727.06233,0.24729689616130174,0.6650000106650019,0.350000001350001,0.8050000058050022,1.0000000005557306,0.9999999997544371,0.28403869999563014,0.555594406687372,0.9999999999776161,1.0000000000230045,0.9999999999378631,0.6650000106650019,0.6449999856450018,0.729999990730002,0.0,0.6650000106650019,0.3050000013050009,0.2150000012150006,1.0000000003119291,1.000000000330095,11.505478,290.50207,2621.5116,2539.8005,-101.19502,-46.312858,-96.361242,-28.763695,-19.053194,-6.4778931,-31.584024,462.58316,4045.7618,1996.1857,-3730.4012,239.87992,3165.5034,3205.3583,-170.05079,11.505478,1545.49758,.
2069.0,939.09786,15.444444,7.8888889,18.222222,5.3983,12.2168,70.660609,5638.2333,89.349,173.879,64.3741,15.444444,14.666667,16.888889,0.0,15.333333,6.8888889,4.8888889,2.2441,727.06233,0.24729689616130165,0.694999980695002,0.35500000085500105,0.8199999908200023,1.0000000005557308,0.9999999997544363,0.2717715730727419,0.5510489491868006,0.9999999999776162,1.0000000000230045,0.9999999999378636,0.694999980695002,0.6600000156600019,0.7600000057600022,0.0,0.689999985690002,0.3100000008100009,0.22000000072000064,1.0000000003119285,1.000000000330095,11.506522,292.86414,2584.6877,2505.0917,-101.0733,-35.764194,-98.390715,-28.766304,-19.080388,-6.4475413,-31.6948,466.10809,4022.9441,2016.4896,-3731.0368,241.83603,3092.9167,3131.8648,-170.15639,11.506522,1536.31783,.
2070.0,939.09786,16.111111,8.1111111,18.555556,5.3983,12.2168,67.718731,5530.9065,89.349,173.879,64.3741,16.111111,15.111111,17.666667,0.0,16.111111,6.8888889,4.8888889,2.2441,727.06233,0.24729689616130177,0.7249999957250021,0.36499999986500103,0.8350000208350024,1.000000000555731,0.9999999997544365,0.26045665768830073,0.5405594363886022,0.9999999999776155,1.0000000000230045,0.9999999999378638,0.7249999957250021,0.6799999956800019,0.7950000157950022,0.0,0.7249999957250021,0.3100000008100009,0.22000000072000064,1.0000000003119278,1.000000000330095,11.506736,295.07633,2547.1954,2468.2572,-101.16718,-46.286448,-100.82077,-28.766839,-28.289031,-6.4751946,-31.584113,469.38227,3998.8305,2036.2208,-3747.9399,243.66867,3020.7274,3058.5507,-169.98122,11.506736,1525.67616,.
2071.0,1021.1613,16.777778,8.2222222,18.888889,5.3983,12.2168,64.99646,5437.89,89.349,173.879,64.3741,16.777778,15.555556,18.444444,0.0,16.777778,7.0,4.8888889,2.2441,727.06233,0.2689070337888321,0.7550000107550022,0.369999999370001,0.8500000058500023,1.0000000005557308,0.9999999997544371,0.2499863846115386,0.5314685311608884,0.9999999999776156,1.0000000000230047,0.9999999999378631,0.7550000107550022,0.700000020700002,0.8299999808300024,0.0,0.7550000107550022,0.3150000003150009,0.22000000072000064,1.000000000311929,1.000000000330095,11.507145,297.48039,2508.9492,2430.6805,-101.25258,-46.293712,-103.25831,-28.767862,-27.997486,-7.5005104,-31.611732,473.10496,3973.372,2055.061,-3748.4382,245.65619,2948.4285,2985.2679,-169.91624,11.507145,1514.0351,.
2072.0,1021.1613,17.555556,8.3333333,19.111111,5.3983,12.2168,62.469887,5291.2101,89.349,173.879,64.3741,17.555556,16.0,19.333333,0.0,17.555556,7.0,5.0,2.2441,727.06233,0.2689070337888321,0.7900000207900022,0.374999998875001,0.8599999958600025,1.0000000005557304,0.9999999997544362,0.24026879615014965,0.5171328695340751,0.9999999999776156,1.0000000000230045,0.999999999937863,0.7900000207900022,0.720000000720002,0.8699999858700025,0.0,0.7900000207900022,0.3150000003150009,0.22500000022500063,1.0000000003119294,1.000000000330095,11.812043,300.25466,2469.6297,2392.0287,-101.28084,-45.988074,-106.08486,-29.530107,-28.02751,-7.5099243,-31.731681,477.70162,3946.8874,2072.9755,-3765.0382,247.94288,2875.6173,2911.4361,-169.9236,11.812043,1501.06936,.
2073.0,1021.1613,18.333333,8.5555555,19.444444,5.3983,12.2168,60.118453,5198.1935,89.349,173.879,64.3741,18.333333,16.333333,20.111111,0.0,18.333333,7.0,5.0,2.2441,727.06233,0.26890703378883213,0.8249999858250023,0.3849999978850011,0.8749999808750025,1.000000000555731,0.9999999997544365,0.23122481922721203,0.508041954532931,0.9999999999776154,1.000000000023005,0.9999999999378634,0.8249999858250023,0.734999985735002,0.9049999959050026,0.0,0.8249999858250023,0.3150000003150009,0.22500000022500063,1.0000000003119287,1.000000000330095,11.863703,302.86982,2429.5696,2352.5628,-101.17586,-46.364451,-108.53733,-29.659257,-28.431435,-7.5165481,-31.715296,482.02619,3919.1149,2090.0435,-3766.2494,250.09847,2802.9084,2837.7058,-169.98455,11.863703,1487.12589,.
2074.0,1102.184,19.111111,8.6666667,19.666667,5.3983,12.2168,57.924379,5047.936,89.349,173.879,64.3741,19.222222,16.777778,21.0,0.0,19.111111,7.1111111,5.0,2.2441,727.06233,0.2902431086347574,0.8599999958600025,0.3900000018900011,0.8850000158850025,1.0000000005557308,0.9999999997544367,0.2227860730734956,0.4933566385701372,0.9999999999776166,1.000000000023004,0.9999999999378631,0.8649999908650023,0.7550000107550022,0.9450000009450027,0.0,0.8599999958600025,0.3199999998200009,0.22500000022500063,1.0000000003119294,1.000000000330095,12.030547,305.34348,2388.7589,2312.3752,-101.22797,-46.38568,-111.37632,-30.076369,-19.451956,-7.5487512,-31.676681,486.05772,3889.9739,2106.1418,-3766.7071,252.13898,2730.2771,2764.0525,-170.07046,12.030547,1471.6940100000002,.
2075.0,1102.184,20.0,8.7777778,19.888889,5.3983,12.2168,55.872216,4954.9195,89.349,173.879,64.3741,20.111111,17.222222,21.888889,0.0,20.0,7.1111111,5.0,2.2441,727.06233,0.2902431086347574,0.9000000009000025,0.39500000139500113,0.8950000058950025,1.0000000005557304,0.9999999997544362,0.21489313845823235,0.48426573334242634,0.9999999999776162,1.0000000000230047,0.9999999999378636,0.9049999959050026,0.7749999907750021,0.9850000059850027,0.0,0.9000000009000025,0.3199999998200009,0.22500000022500063,1.000000000311929,1.000000000330095,12.044159,308.43867,2347.2623,2271.5173,-54.605739,-35.67356,-114.23415,-30.110398,-19.492801,-7.5493635,-31.650517,491.28233,3859.6131,2121.1583,-3783.8309,254.68809,2657.7778,2690.5211,-150.50538,12.044159,1454.60355,.
2076.0,1102.184,20.888889,8.8888889,20.222222,5.3983,12.2168,53.948473,4865.4805,89.349,173.879,64.3741,21.0,17.666667,22.222222,0.0,20.888889,7.1111111,5.0,2.2441,727.06233,0.29024310863475744,0.9400000059400027,0.4000000009000011,0.9099999909100025,1.0000000005557306,0.9999999997544365,0.20749412691988478,0.4755244726772601,0.9999999999776159,1.0000000000230052,0.999999999937863,0.9450000009450027,0.7950000157950022,0.9999999910000028,0.0,0.9400000059400027,0.3199999998200009,0.22500000022500063,1.0000000003119285,1.000000000330095,12.18355,312.02339,2305.0789,2230.0041,-101.21693,-46.307942,-117.85417,-30.458876,-28.375899,-8.5723867,-41.563664,497.33579,3827.761,2141.6958,-3800.3422,257.63988,2585.4276,2617.1862,-169.83837,12.18355,1436.10249,.
2077.0,1102.184,21.888889,9.0,20.444444,5.3983,12.2168,52.141315,4672.2923,89.349,173.879,64.3741,22.0,18.0,22.222222,0.0,21.888889,7.1111111,5.1111111,2.2441,727.06233,0.2902431086347574,0.9850000059850027,0.40500000040500117,0.9199999809200026,1.0000000005557308,0.9999999997544368,0.20054351922768385,0.4566433535498749,0.9999999999776159,1.0000000000230045,0.999999999937863,0.9900000009900028,0.8100000008100023,0.9999999910000028,0.0,0.9850000059850027,0.3199999998200009,0.22999999973000063,1.0000000003119291,1.000000000330095,12.418873,315.32649,2262.2627,2187.8843,-101.2045,-46.247605,-121.10215,-31.047183,-28.042109,-8.5665107,-41.562331,502.5841,3794.4199,2162.407,-3800.6594,260.36748,2513.4363,2544.1674,-169.80929,12.418873,1415.97206,.
2078.0,1182.166,22.222222,9.1111111,20.666667,5.3983,12.2168,48.83627,4568.5431,89.349,173.879,64.3741,22.222222,18.444444,22.222222,0.0,22.222222,7.1111111,5.1111111,2.2441,727.06233,0.311305131232459,0.9999999910000028,0.4099999999100012,0.9300000159300027,1.0000000005557315,0.9999999997544362,0.18783180768941796,0.44650349508765536,0.9999999999776161,1.0000000000230045,0.9999999999378634,0.9999999910000028,0.8299999808300024,0.9999999910000028,0.0,0.9999999910000028,0.3199999998200009,0.22999999973000063,1.0000000003119283,1.000000000330095,12.419623,318.66147,2219.0706,2145.4074,-52.944052,-35.289002,-124.35423,-31.049058,-19.102609,-7.5550336,-31.729684,507.80768,3759.3745,2182.399,-3801.8752,263.12359,2442.2392,2472.0118,-149.67957,12.419623,1394.25919,.
2079.0,1182.166,22.222222,9.2222222,20.888889,5.3983,12.2168,47.320987,4468.3715,89.349,173.879,64.3741,22.222222,18.888889,22.222222,0.0,22.222222,7.1111111,5.1111111,2.2441,727.06233,0.311305131232459,0.9999999910000028,0.41499999941500115,0.9400000059400027,1.0000000005557304,0.9999999997544369,0.18200379615104617,0.4367132909614159,0.9999999999776151,1.0000000000230043,0.9999999999378631,0.9999999910000028,0.8500000058500023,0.9999999910000028,0.0,0.9999999910000028,0.3199999998200009,0.22999999973000063,1.000000000311929,1.000000000330095,12.426501,322.20864,2175.4182,2102.4885,-101.2052,-46.384585,-128.41585,-31.066252,-28.468626,-8.6236651,-42.068368,513.39656,3722.3679,2201.9168,-3819.0294,266.05406,2371.7869,2400.5601,-169.92122,12.426501,1370.59359,.
2080.0,1182.166,22.222222,9.3333333,21.111111,5.3983,12.2168,44.528354,4325.2691,89.349,173.879,64.3741,22.222222,19.333333,22.222222,0.0,22.222222,7.1111111,5.1111111,2.2441,727.06233,0.31130513123245906,0.9999999910000028,0.41999999892000117,0.9499999959500027,1.0000000005557308,0.9999999997544365,0.17126289999736508,0.42272727389715,0.9999999999776161,1.0000000000230043,0.9999999999378628,0.9999999910000028,0.8699999858700025,0.9999999910000028,0.0,0.9999999910000028,0.3199999998200009,0.22999999973000063,1.0000000003119291,1.000000000330095,12.481916,326.12923,2131.2507,2059.0827,-54.664122,-35.670477,-131.6793,-31.20479,-19.473241,-8.6148903,-32.098664,519.66031,3683.4158,2221.641,-3803.4043,269.29084,2301.8852,2329.7301,-150.4227,12.481916,1345.37509,.
2081.0,1261.1073,22.222222,9.4444444,21.222222,5.3983,12.2168,43.238663,4182.1667,89.349,173.879,64.3741,22.222222,19.666667,22.222222,0.0,22.222222,7.1111111,5.1111111,2.2441,727.06233,0.3320931015819369,0.9999999910000028,0.4249999984250012,0.9549999909550027,1.0000000005557308,0.9999999997544362,0.16630254999744154,0.4087412568328862,0.9999999999776159,1.0000000000230054,0.9999999999378634,0.9999999910000028,0.8850000158850025,0.9999999910000028,0.0,0.9999999910000028,0.3199999998200009,0.22999999973000063,1.0000000003119294,1.000000000330095,12.649972,330.46742,2086.4935,2015.1103,-52.696109,-35.276981,-136.11642,-31.62493,-28.132753,-8.5751528,-31.686469,526.81792,3642.8397,2242.9363,-3819.9916,272.86733,2232.601,2259.5562,-149.60114,12.649972,1318.55392,.
2082.0,1261.1073,22.222222,9.5555555,21.444444,5.3983,12.2168,40.84624,4039.0644,89.349,173.879,64.3741,22.222222,20.111111,22.222222,0.0,22.222222,7.1111111,5.0,2.2441,727.06233,0.33209310158193694,0.9999999910000028,0.42999999793000127,0.9649999809650027,1.0000000005557301,0.9999999997544369,0.1571009230745062,0.39475524954205266,0.9999999999776165,1.0000000000230045,0.999999999937863,0.9999999910000028,0.9049999959050026,0.9999999910000028,0.0,0.9999999910000028,0.3199999998200009,0.22500000022500063,1.000000000311929,1.000000000330095,12.901951,334.26152,2041.2454,1970.6701,-101.17721,-46.281032,-140.58719,-32.254876,-28.463792,-9.6431085,-42.03176,532.87684,3601.6342,2265.7971,-3821.1015,275.99971,2164.3373,2190.3776,-169.80042,12.901951,1290.39902,.
2083.0,1261.1073,22.222222,9.6666667,21.555556,5.3983,12.2168,38.673806,3981.8234,89.349,173.879,64.3741,22.222222,20.444444,22.222222,0.0,22.222222,7.1111111,5.0,2.2441,727.06233,0.3320931015819369,0.9999999910000028,0.43500000193500127,0.9700000209700027,1.0000000005557306,0.9999999997544362,0.1487454076900193,0.3891608388069736,0.9999999999776159,1.0000000000230045,0.9999999999378631,0.9999999910000028,0.9199999809200026,0.9999999910000028,0.0,0.9999999910000028,0.3199999998200009,0.22500000022500063,1.000000000311929,1.000000000330095,12.971007,337.6643,1995.4575,1925.7213,-52.79709,-35.251845,-145.02105,-32.427518,-28.074156,-9.6395646,-31.678377,538.03725,3559.0854,2289.4429,-3820.8767,278.81563,2097.0237,2121.8536,-149.52133,12.971007,1260.58918,.
2084.0,1339.008,22.222222,9.6666667,21.777778,5.3983,12.2168,36.691737,3924.5825,89.349,173.879,64.3741,22.222222,20.888889,22.222222,0.0,22.222222,7.1111111,5.0,2.2441,727.06233,0.3526070460166445,0.9999999910000028,0.43500000193500127,0.9800000109800029,1.0000000005557306,0.9999999997544367,0.1411220653824443,0.38356643784532696,0.9999999999776155,1.0000000000230045,0.9999999999378636,0.9999999910000028,0.9400000059400027,0.9999999910000028,0.0,0.9999999910000028,0.3199999998200009,0.22500000022500063,1.0000000003119283,1.000000000330095,13.036733,340.66634,1949.1618,1880.2933,-52.721475,-35.213517,-149.89737,-32.591833,-28.437608,-9.6360214,-31.682731,542.34628,3515.3329,2314.5709,-3822.0215,281.30565,2030.0935,2053.9719,-149.55595,13.036733,1229.40247,.
2085.0,1339.008,22.222222,9.7777778,21.888889,5.3983,12.2168,34.023029,3813.6781,89.349,173.879,64.3741,22.222222,21.333333,22.222222,0.0,22.222222,7.0,5.0,2.2441,727.06233,0.3526070460166445,0.9999999910000028,0.4400000014400013,0.9850000059850027,1.0000000005557301,0.9999999997544372,0.1308578038441407,0.372727270711149,0.9999999999776161,1.000000000023005,0.999999999937863,0.9999999910000028,0.9599999859600027,0.9999999910000028,0.0,0.9999999910000028,0.3150000003150009,0.22500000022500063,1.0000000003119287,1.000000000330095,13.31755,343.16439,1902.2281,1834.2581,-101.14267,-46.225218,-155.16514,-33.293875,-28.449262,-10.699865,-42.070029,545.72408,3469.45,2339.7369,-3838.5777,283.38225,1963.8828,1986.8354,-150.38949,13.31755,1196.58354,.
2086.0,1415.8679,22.222222,9.7777778,21.888889,5.3983,12.2168,32.418156,3713.5065,89.349,173.879,64.3741,22.222222,21.666667,22.222222,0.0,22.222222,7.0,5.0,2.2441,727.06233,0.3728469118696749,0.9999999910000028,0.4400000014400013,0.9850000059850027,1.0000000005557306,0.9999999997544358,0.12468521538269715,0.36293706658490893,0.9999999999776151,1.0000000000230045,0.999999999937863,0.9999999910000028,0.9750000159750027,0.9999999910000028,0.0,0.9999999910000028,0.3150000003150009,0.22500000022500063,1.0000000003119291,1.000000000330095,13.566213,345.18781,1854.7202,1787.6702,-99.382361,-45.857501,-160.43435,-33.915533,-28.481285,-10.709332,-41.68904,548.33173,3421.3523,2365.4527,-3839.0279,285.06749,1898.38,1920.3917,-149.55437,13.566213,1161.97325,.
2087.0,1415.8679,22.222222,9.8888889,22.0,5.3983,12.2168,30.232454,3441.612,89.349,173.879,64.3741,22.222222,22.0,22.222222,0.0,22.222222,7.0,4.8888889,2.2441,727.06233,0.37284691186967495,0.9999999910000028,0.44500000094500125,0.9900000009900028,1.0000000005557312,0.9999999997544363,0.1162786692289804,0.33636364002686503,0.9999999999776151,1.0000000000230045,0.9999999999378634,0.9999999910000028,0.9900000009900028,0.9999999910000028,0.0,0.9999999910000028,0.3150000003150009,0.22000000072000064,1.0000000003119285,1.000000000330095,13.573647,346.71506,1806.5259,1740.4281,-52.716524,-35.210802,-166.10797,-33.934118,-28.487487,-10.706536,-31.767203,550.2945,3371.0275,2391.6537,-3839.5266,286.33962,1833.4259,1854.5157,-149.6372,13.573647,1125.95633,.
2088.0,1491.6872,22.222222,9.8888889,22.0,5.3983,12.2168,28.274388,3355.7505,89.349,173.879,64.3741,22.222222,22.222222,22.222222,0.0,22.222222,6.8888889,4.8888889,2.2441,727.06233,0.392812751807935,0.9999999910000028,0.44500000094500125,0.9900000009900028,1.0000000005557306,0.9999999997544365,0.10874764615217306,0.3279720239242448,0.9999999999776166,1.000000000023004,0.999999999937863,0.9999999910000028,0.9999999910000028,0.9999999910000028,0.0,0.9999999910000028,0.3100000008100009,0.22000000072000064,1.0000000003119294,1.000000000330095,13.682395,347.74955,1757.67,1692.5459,-101.17089,-35.756115,-172.19065,-34.205986,-28.576418,-10.753391,-32.221315,551.62314,3316.6966,2417.5055,-3840.6579,287.20131,1768.8229,1789.049,-149.62425,13.682395,1088.85287,.
2089.0,1491.6872,22.222222,9.8888889,22.0,5.3983,12.2168,26.508969,3262.734,89.349,173.879,64.3741,22.222222,22.222222,22.222222,0.0,22.222222,6.7777778,4.7777778,2.2441,727.06233,0.3928127518079351,0.9999999910000028,0.44500000094500125,0.9900000009900028,1.0000000005557301,0.9999999997544363,0.10195757307535452,0.3188811186965337,0.9999999999776161,1.0000000000230045,0.9999999999378634,0.9999999910000028,0.9999999910000028,0.9999999910000028,0.0,0.9999999910000028,0.3050000013050009,0.2150000012150006,1.0000000003119294,1.000000000330095,13.862381,348.34641,1708.2207,1644.0613,-54.450541,-35.652106,-178.66036,-34.655952,-28.47748,-10.755656,-32.197828,552.38924,3258.1436,2420.5845,-3841.0881,287.6985,1704.4334,1724.16,-149.49827,13.862381,1050.36342,.
2090.0,1566.4657,22.222222,9.8888889,22.0,5.3983,12.2168,24.908032,3130.3643,89.349,173.879,64.3741,22.222222,22.222222,22.222222,0.0,22.222222,6.7777778,4.7777778,2.2441,727.06233,0.4125045131645182,0.9999999910000028,0.44500000094500125,0.9900000009900028,1.0000000005557306,0.9999999997544368,0.09580012307544924,0.3059440548667742,0.9999999999776155,1.000000000023005,0.9999999999378631,0.9999999910000028,0.9999999910000028,0.9999999910000028,0.0,0.9999999910000028,0.3050000013050009,0.2150000012150006,1.0000000003119294,1.000000000330095,14.106438,351.82729,1658.1566,1594.9583,-52.58737,-35.193766,-185.53626,-35.266094,-28.48123,-11.763471,-41.583427,559.4489,3196.0118,2417.0118,-3841.4505,290.53797,1640.4211,1659.6813,-149.2831,14.106438,1010.159798,.
2091.0,1566.4657,22.222222,9.8888889,22.0,5.3983,12.2168,22.990279,2983.6844,89.349,173.879,64.3741,22.222222,22.222222,22.222222,0.0,22.222222,6.6666667,4.6666667,2.2441,727.06233,0.41250451316451814,0.9999999910000028,0.44500000094500125,0.9900000009900028,1.000000000555731,0.9999999997544368,0.08842414999863962,0.29160839323996207,0.9999999999776162,1.0000000000230045,0.9999999999378628,0.9999999910000028,0.9999999910000028,0.9999999910000028,0.0,0.9999999910000028,0.30000000180000086,0.2100000017100006,1.0000000003119291,1.000000000330095,14.407113,355.58131,1607.1536,1544.9911,-101.10869,-35.200807,-192.82553,-36.017783,-37.454462,-12.798243,-41.728108,566.73699,3132.8287,2434.4099,-3841.9703,293.60642,1576.003,1594.8171,-149.48621,14.407113,968.451788,.
2092.0,1640.2036,22.222222,9.8888889,21.888889,5.3983,12.2168,21.281142,2937.1761,89.349,173.879,64.3741,22.222222,22.222222,22.222222,0.0,22.222222,6.5555555,4.5555556,2.2441,727.06233,0.4319222486063309,0.9999999910000028,0.44500000094500125,0.9850000059850027,1.0000000005557308,0.9999999997544362,0.08185054615258691,0.2870629357393891,0.9999999999776159,1.0000000000230045,0.9999999999378634,0.9999999910000028,0.9999999910000028,0.9999999910000028,0.0,0.9999999910000028,0.2949999977950008,0.2050000022050006,1.0000000003119285,1.000000000330095,14.414991,359.27899,1555.8392,1494.8627,-52.888966,-35.21508,-200.51631,-36.037477,-28.539758,-12.80048,-41.695579,573.34337,3065.7871,2525.4523,-3842.3611,296.64278,1512.4433,1530.7225,-149.49258,14.414991,925.780997,.
2093.0,1640.2036,22.222222,9.7777778,21.777778,5.3983,12.2168,19.746586,2858.4698,89.349,173.879,64.3741,22.222222,22.222222,22.222222,0.0,22.222222,6.4444444,4.5555556,2.2441,727.06233,0.4319222486063309,0.9999999910000028,0.4400000014400013,0.9800000109800029,1.0000000005557306,0.9999999997544371,0.07594840769113928,0.27937062830873,0.9999999999776156,1.0000000000230052,0.999999999937863,0.9999999910000028,0.9999999910000028,0.9999999910000028,0.0,0.9999999910000028,0.28999999829000084,0.2050000022050006,1.000000000311929,1.000000000330095,14.42545,363.05154,1504.2481,1444.4499,-99.246083,-35.182503,-208.61681,-36.063624,-37.475924,-12.844821,-42.135041,579.5385,2994.8918,2537.8959,-3842.8715,299.75432,1449.5888,1467.3524,-149.46815,14.42545,881.745843,.
2094.0,1712.9008,22.222222,9.7777778,21.666667,5.3983,12.2168,18.3596,2772.6084,89.349,173.879,64.3741,22.222222,22.222222,22.222222,0.0,22.222222,6.3333333,4.4444444,2.2441,727.06233,0.45106593179991983,0.9999999910000028,0.4400000014400013,0.9750000159750027,1.0000000005557308,0.9999999997544362,0.07061384615275973,0.2709790219795431,0.9999999999776162,1.0000000000230045,0.999999999937863,0.9999999910000028,0.9999999910000028,0.9999999910000028,0.0,0.9999999910000028,0.28499999878500076,0.19999999820000056,1.0000000003119291,1.000000000330095,14.439439,367.21789,1452.3142,1393.6348,-101.02293,-35.229726,-216.73206,-36.098597,-37.904048,-13.903004,-42.153961,585.96465,2919.9865,2555.7043,-3843.4047,303.19896,1387.5571,1404.7551,-149.47281,14.439439,836.34642,.
2095.0,1712.9008,22.222222,9.6666667,21.444444,5.3983,12.2168,16.800709,2701.0572,89.349,173.879,64.3741,22.222222,22.222222,22.222222,0.0,22.222222,6.2222222,4.3333333,2.2441,727.06233,0.4510659317999199,0.9999999910000028,0.43500000193500127,0.9649999809650027,1.0000000005557308,0.9999999997544361,0.06461811153746744,0.26398601344741146,0.9999999999776155,1.0000000000230047,0.9999999999378634,0.9999999910000028,0.9999999910000028,0.9999999910000028,0.0,0.9999999910000028,0.2799999992800008,0.19499999869500054,1.0000000003119285,1.000000000330095,14.44032,372.40132,1400.1773,1342.6466,-99.078938,-35.179332,-226.03445,-36.100801,-37.456937,-13.899526,-42.123643,593.84741,2840.5263,2571.357,-3843.7139,307.48788,1326.3803,1343.0604,-149.37877,14.44032,789.61943,.
2096.0,1784.5573,22.222222,9.5555555,21.222222,5.3983,12.2168,15.405023,2622.3509,89.349,173.879,64.3741,22.222222,22.222222,22.222222,0.0,22.222222,6.0,4.2222222,2.2441,727.06233,0.46993556274528503,0.9999999910000028,0.42999999793000127,0.9549999909550027,1.0000000005557306,0.9999999997544371,0.05925008846062693,0.2562937060167516,0.9999999999776162,1.0000000000230047,0.9999999999378634,0.9999999910000028,0.9999999910000028,0.9999999910000028,0.0,0.9999999910000028,0.27000000027000076,0.18999999919000055,1.000000000311929,1.000000000330095,14.441189,377.91103,1347.2844,1290.8773,-54.50163,-35.176076,-234.96402,-36.102973,-28.881888,-13.906491,-32.187516,602.58149,2755.5281,2575.1552,-3828.2348,312.03841,1265.8055,1281.9974,-129.83832,14.441189,741.59132,.
2097.0,1784.5573,22.222222,9.4444444,20.888889,5.3983,12.2168,13.908786,2540.067,89.349,173.879,64.3741,22.222222,22.222222,22.222222,0.0,22.222222,5.8888889,4.1111111,2.2441,727.06233,0.46993556274528503,0.9999999910000028,0.4249999984250012,0.9400000059400027,1.0000000005557308,0.9999999997544359,0.05349533076840778,0.24825174425011273,0.9999999999776161,1.0000000000230045,0.999999999937863,0.9999999910000028,0.9999999910000028,0.9999999910000028,0.0,0.9999999910000028,0.2650000007650008,0.1849999996850005,1.0000000003119291,1.000000000330095,14.442009,383.13823,1294.0746,1238.7601,-54.430632,-35.161824,-245.06578,-36.105024,-37.848987,-14.966265,-32.246601,610.90312,2662.1234,2559.2221,-3812.6716,316.35473,1206.7495,1222.444,-129.90072,14.442009,692.98649,.
2098.0,1855.1731,22.222222,9.2222222,20.666667,5.3983,12.2168,12.574105,2454.2056,89.349,155.41504,64.3741,22.222222,22.222222,22.222222,0.0,22.222222,5.6666667,4.0,2.2441,727.06233,0.4885311414424268,0.9999999910000028,0.41499999941500115,0.9300000159300027,1.0000000005557304,0.9999999997544369,0.04836194230694827,0.2398601379209265,0.9999999999776159,0.8938114436106448,0.9999999999378634,0.9999999910000028,0.9999999910000028,0.9999999910000028,0.0,0.9999999910000028,0.25500000175500076,0.1800000001800005,1.0000000003119294,1.000000000330095,14.443936,388.36444,1240.5369,1186.2375,-101.04682,-35.184875,-255.60711,-36.10984,-37.870994,-15.991546,-42.161364,619.32926,2563.4208,2464.421,-3813.1032,320.66801,1148.8053,1164.0233,-149.40078,14.443936,643.53373,.
2099.0,1855.1731,22.222222,9.1111111,20.222222,5.3983,12.2168,11.184755,2425.5851,89.349,155.41504,64.3741,22.222222,22.222222,22.222222,0.0,22.222222,5.5555555,3.7777778,2.2441,727.06233,0.4885311414424268,0.9999999910000028,0.4099999999100012,0.9099999909100025,1.0000000005557301,0.9999999997544371,0.043018288460876644,0.23706293255338706,0.9999999999776161,0.8938114436106445,0.9999999999378631,0.9999999910000028,0.9999999910000028,0.9999999910000028,0.0,0.9999999910000028,0.2499999977500007,0.17000000117000047,1.000000000311929,1.000000000330095,14.444802,393.29086,1186.6769,1133.437,-99.382838,-35.236225,-266.52558,-36.112006,-37.614669,-16.001132,-41.762195,627.16056,2460.0277,2364.6634,-3812.9853,324.73619,1091.868,1106.6537,-148.5894,14.444802,592.98362,.
2100.0,1993.2826,22.222222,8.8888889,19.888889,5.3983,12.2168,9.9442661,2368.3442,89.349,155.41504,64.3741,22.222222,22.222222,22.222222,0.0,22.222222,5.3333333,3.6666667,2.2441,727.06233,0.5249001420920387,0.9999999910000028,0.4000000009000011,0.8950000058950025,1.0000000005557308,0.9999999997544361,0.03824717730710389,0.2314685315917404,0.9999999999776151,0.8938114436106445,0.9999999999378631,0.9999999910000028,0.9999999910000028,0.9999999910000028,0.0,0.9999999910000028,0.23999999874000066,0.16500000166500048,1.0000000003119287,1.000000000330095,15.480018,398.0407,1132.3935,1080.1231,-99.314191,-35.162482,-278.26796,-38.700045,-37.882404,-17.060402,-41.825066,634.71839,2348.4789,2256.3358,-3796.756,328.65839,1036.331,1050.7093,-148.60548,15.480018,541.4353699999999,.
2101.0,2060.7764,22.222222,8.6666667,19.333333,5.3983,12.2168,8.675854,2343.3013,89.349,155.41504,64.3741,22.222222,21.888889,22.222222,0.0,22.222222,5.2222222,3.5555556,2.2441,727.06233,0.5426735903779626,0.9999999910000028,0.3900000018900011,0.8699999858700025,1.000000000555731,0.9999999997544362,0.03336866923025588,0.22902098056018086,0.999999999977615,0.8938114436106449,0.9999999999378634,0.9999999910000028,0.9850000059850027,0.9999999910000028,0.0,0.9999999910000028,0.23499999923500067,0.16000000216000046,1.0000000003119283,1.000000000330095,15.641564,402.89963,1078.0894,1026.8242,-54.443292,-35.198077,-290.42131,-39.103909,-37.976911,-17.105902,-42.283522,642.32294,2218.9223,2127.1551,-3781.1663,332.67376,983.8571,997.83045,-129.96248,15.641564,489.18843,.
2102.0,2060.7764,22.222222,8.4444444,18.888889,5.3983,12.2168,7.5384134,2321.8359,89.349,155.41504,64.3741,22.222222,21.111111,22.222222,0.0,22.222222,5.0,3.4444444,2.2441,727.06233,0.5426735903779626,0.9999999910000028,0.3799999983800011,0.8500000058500023,1.0000000005557306,0.9999999997544363,0.028993897691861618,0.22692307409116708,0.9999999999776162,0.8938114436106445,0.999999999937863,0.9999999910000028,0.9499999959500027,0.9999999910000028,0.0,0.9999999910000028,0.22500000022500063,0.15499999815500043,1.0000000003119294,1.000000000330095,15.642047,407.37788,1023.7367,973.50191,-54.483878,-35.15752,-302.98115,-39.105116,-37.884476,-18.119903,-42.16502,649.08813,2082.9668,1991.5852,-3765.39,336.38007,932.94689,946.51173,-129.83589,15.642047,436.1906,.
2103.0,2127.2294,22.222222,8.1111111,18.333333,5.3983,12.2168,6.3870975,2296.793,89.349,155.41504,64.3741,22.222222,20.111111,22.222222,0.0,22.222222,4.7777778,3.2222222,2.2441,727.06233,0.5601729600822095,0.9999999910000028,0.36499999986500103,0.8249999858250023,1.0000000005557301,0.9999999997544365,0.024565759615006687,0.22447552305960813,0.9999999999776158,0.8938114436106449,0.9999999999378634,0.9999999910000028,0.9049999959050026,0.9999999910000028,0.0,0.9999999910000028,0.2150000012150006,0.14499999914500042,1.0000000003119294,1.000000000330095,15.68329,400.91524,969.2365,920.03209,-54.491496,-35.212929,-316.3573,-39.208226,-37.986301,-18.175661,-42.241846,633.10047,1939.5578,1848.5595,-3749.2216,331.17484,883.72063,896.86042,-129.8097,15.68329,382.42526,.
2104.0,2192.6418,22.222222,7.8888889,17.666667,5.3983,12.2168,5.2382316,2275.3277,89.349,136.79143,64.3741,22.222222,19.0,22.222222,0.0,22.222222,4.6666667,3.1111111,2.2441,727.06233,0.5773983038716857,0.9999999910000028,0.35500000085500105,0.7950000157950022,1.0000000005557308,0.9999999997544369,0.020147044615074668,0.22237762636402747,0.9999999999776154,0.7867047199670283,0.9999999999378636,0.9999999910000028,0.8550000008550024,0.9999999910000028,0.0,0.9999999910000028,0.2100000017100006,0.1399999996400004,1.0000000003119294,1.000000000330095,15.825666,391.74942,914.49735,866.30448,-52.716519,-35.213395,-330.13846,-39.564164,-37.977348,-19.190821,-42.283705,613.36082,1788.7559,1698.0096,-3732.9677,323.72891,836.06449,848.74334,-129.10543,15.825666,327.89099,.
2105.0,2257.0134,22.222222,7.5555555,17.0,5.3983,12.2168,4.1031835,2253.8623,89.349,136.79143,64.3741,22.222222,17.666667,22.222222,0.0,22.222222,4.4444444,3.0,2.2441,727.06233,0.594349569079485,0.9999999910000028,0.33999999784000096,0.7650000007650022,1.0000000005557312,0.9999999997544365,0.015781474999757218,0.22027971989501485,0.9999999999776165,0.7867047199670275,0.9999999999378628,0.9999999910000028,0.7950000157950022,0.9999999910000028,0.0,0.9999999910000028,0.19999999820000056,0.13500000013500038,1.0000000003119291,1.000000000330095,16.167006,393.00268,859.49338,812.22366,-52.764158,-35.156158,-344.71683,-40.417515,-38.011327,-20.258191,-42.200483,617.64872,1632.0282,1541.5626,-3716.6758,324.71303,789.74059,801.9661,-129.10342,16.167006,272.45750999999996,.
2106.0,2320.3444,22.222222,7.2222222,16.222222,5.3983,12.2168,3.0776708,2225.2418,89.349,136.79143,64.3741,22.222222,16.333333,22.222222,0.0,22.222222,4.2222222,2.7777778,2.2441,727.06233,0.611026808372514,0.9999999910000028,0.3249999993250009,0.729999990730002,1.000000000555731,0.9999999997544363,0.011837195384433273,0.21748251452747522,0.9999999999776161,0.786704719967028,0.9999999999378631,0.9999999910000028,0.734999985735002,0.9999999910000028,0.0,0.9999999910000028,0.18999999919000055,0.12500000112500034,1.000000000311928,1.000000000330095,16.476103,428.60608,804.31801,758.04832,-52.632651,-35.099907,-359.71863,-41.190257,-37.91624,-20.255591,-42.202883,694.22854,1472.0045,1381.8367,-3684.3544,353.64876,744.58669,756.33993,-128.9422,16.476103,216.83108000000004,.
2107.0,2382.6347,22.222222,6.7777778,15.444444,5.3983,12.2168,2.0605879,2210.9316,89.349,136.79143,64.3741,22.222222,14.888889,22.222222,0.0,22.222222,4.0,2.6666667,2.2441,727.06233,0.6274299954173193,0.9999999910000028,0.3050000013050009,0.694999980695002,1.0000000005557306,0.9999999997544369,0.007925338076801151,0.216083916730422,0.9999999999776155,0.7867047199670282,0.9999999999378631,0.9999999910000028,0.670000005670002,0.9999999910000028,0.0,0.9999999910000028,0.1800000001800005,0.12000000162000034,1.0000000003119287,1.000000000330095,16.621827,425.08114,749.13609,703.89177,-52.620538,-35.114731,-375.13289,-41.554567,-37.981318,-21.326,-42.329138,684.39174,1319.9514,1230.1268,-3668.2677,350.82162,699.22586,710.52764,-128.95774,16.621827,160.57135000000005,.
2108.0,2504.0932,22.222222,6.3333333,14.555556,5.3983,12.2168,1.1305,2185.8887,89.349,122.02103,64.3741,22.222222,13.444444,22.222222,0.0,22.222222,3.7777778,2.4444444,2.2441,727.06233,0.6594142127622585,0.9999999910000028,0.28499999878500076,0.6550000206550018,1.0000000005557308,0.9999999997544365,0.004348076923010028,0.21363636569886116,0.9999999999776159,0.701758291701741,0.9999999999378634,0.9999999910000028,0.6049999806050017,0.9999999910000028,0.0,0.9999999910000028,0.17000000117000047,0.10999999811000032,1.0000000003119291,1.000000000330095,16.859301,424.48607,693.97543,649.73427,-52.565925,-35.147018,-391.35817,-42.148252,-37.973422,-22.386253,-42.310332,681.79592,1176.0308,1086.5905,-3635.9534,350.38206,653.78677,664.64058,-129.02069,16.859301,104.09643000000005,.
2109.0,2563.2614,22.222222,5.8888889,13.666667,4.6951033,12.2168,0.13531553,2164.4233,80.847582,122.02103,64.3741,22.222222,12.0,22.222222,0.0,22.222222,3.5555556,2.3333333,2.2441,727.06233,0.6749952430623928,0.9999999910000028,0.2650000007650008,0.6150000156150017,0.8697373807697266,0.9999999997544359,0.0005204443461458394,0.21153845922984923,0.9048515595942905,0.7017582917017411,0.9999999999378634,0.9999999910000028,0.5400000005400015,0.9999999910000028,0.0,0.9999999910000028,0.16000000216000046,0.1049999986050003,1.0000000003119285,1.000000000330095,17.010321,425.15877,640.84059,597.59556,-98.859203,-35.068996,-407.99005,-42.525801,-46.948878,-23.403985,-42.272624,679.12599,1041.1783,952.14995,-3602.9103,351.03022,609.90456,620.31816,-128.8973,17.010321,46.78031999999996,.
2110.0,2621.3889,22.222222,5.5555555,12.777778,5.3983,12.2168,0.0,2153.6906,89.349,122.02103,64.3741,22.222222,10.666667,22.222222,0.0,22.222222,3.3333333,2.1111111,2.2441,727.06233,0.6903022211143031,0.9999999910000028,0.2499999977500007,0.5750000105750016,1.0000000005557306,0.9999999997544367,0.0,0.21048950599534272,0.9999999999776166,0.7017582917017411,0.9999999999378634,0.9999999910000028,0.4800000154800014,0.9999999910000028,0.0,0.9999999910000028,0.14999999865000044,0.09499999959500027,1.0000000003119291,1.000000000330095,17.227849,423.21853,590.20064,547.99759,-52.500647,-24.497257,-424.64444,-43.069622,-37.984627,-23.449138,-32.372174,667.60223,916.07241,827.48516,-3554.5362,349.60743,567.90211,577.89017,-109.42345,17.227849,-11.536669999999958,.
2111.0,2678.4758,22.222222,5.0,11.777778,5.3983,12.2168,0.0,2132.2253,80.847582,122.02103,64.3741,22.222222,9.3333333,21.222222,0.0,22.222222,3.0484929,1.8888889,2.2441,727.06233,0.7053351732514431,0.9999999910000028,0.22500000022500063,0.5300000105300015,1.0000000005557308,0.9999999997544362,0.0,0.20839160929976253,0.9048515595942912,0.701758291701741,0.9999999999378631,0.9999999910000028,0.41999999892000117,0.9549999909550027,0.0,0.9999999910000028,0.13718218063718257,0.08500000058500023,1.000000000311929,1.000000000330095,17.404019,413.48042,540.20502,499.15313,-52.518821,-24.500504,-441.72221,-43.510047,-38.008037,-23.494196,-32.421723,640.4348,800.16238,712.05341,-3505.5043,341.84911,526.2743,535.84354,-109.42512,17.404019,-69.85137999999995,.
2112.0,2734.5219,22.222222,4.4444444,10.666667,5.3983,12.2168,0.0,2110.7599,80.847582,122.02103,64.3741,22.222222,8.1111111,18.222222,0.0,22.222222,2.6666667,1.6666667,2.2441,727.06233,0.7200940468069065,0.9999999910000028,0.19999999820000056,0.4800000154800014,1.0000000005557306,0.9999999997544373,0.0,0.20629370283074944,0.9048515595942906,0.7017582917017414,0.9999999999378636,0.9999999910000028,0.36499999986500103,0.8199999908200023,0.0,0.9999999910000028,0.12000000162000034,0.07500000157500021,1.0000000003119294,1.000000000330095,17.449701,361.17123,484.69194,444.67255,-54.205241,-24.462558,-459.2069,-43.624252,-38.364396,-24.562554,-32.371416,537.08764,691.32183,603.73585,-3456.4973,299.11808,479.6735,488.83352,-109.46656,17.449701,-128.8597799999999,.
2113.0,2443.8843,22.222222,3.8888889,9.4444444,5.3983,12.2168,0.0,2200.1989,80.847582,110.0201,64.3741,22.222222,6.8888889,15.333333,0.0,22.222222,2.3333333,1.3333333,2.2441,727.06233,0.643559130213901,0.9999999910000028,0.1750000006750005,0.4249999984250012,1.0000000005557304,0.9999999997544371,0.0,0.21503496349591542,0.904851559594291,0.6327394337587112,0.999999999937863,0.9999999910000028,0.3100000008100009,0.689999985690002,0.0,0.9999999910000028,0.1049999986050003,0.05999999856000017,1.0000000003119291,1.000000000330095,14.132875,310.0234,430.54261,391.5144,-52.336854,-34.653534,-476.69578,-35.332188,-46.997853,-25.586472,-41.982291,442.59593,592.08791,505.0587,-3423.056,257.19705,434.00064,442.79191,-128.14527,14.132875,-188.09908000000007,.
2114.0,2382.6347,22.222222,3.2222222,8.1111111,5.3983,12.2168,0.0,2210.9316,80.847582,110.0201,64.3741,22.222222,5.6666667,12.555556,0.0,22.222222,2.0,1.1111111,2.2441,727.06233,0.6274299954173191,0.9999999910000028,0.14499999914500042,0.36499999986500103,1.0000000005557308,0.9999999997544362,0.0,0.21608391673042168,0.904851559594291,0.6327394337587113,0.9999999999378631,0.9999999910000028,0.25500000175500076,0.5650000205650015,0.0,0.9999999910000028,0.09000000009000025,0.04999999955000014,1.0000000003119283,1.000000000330095,13.46124,257.35948,375.1942,337.14293,-52.45811,-24.074788,-493.42772,-33.6531,-38.07872,-25.598722,-32.078741,354.05534,499.74963,413.33193,-3341.2864,213.81924,387.13349,395.55184,-108.59572,13.46124,-248.21258,.
2115.0,2843.4921,22.222222,2.5555556,6.6666667,5.3983,12.2168,0.0,2078.5619,73.463608,110.0201,64.3741,22.222222,4.4444444,9.8888889,0.0,22.222222,1.5555556,0.77777778,2.2441,727.06233,0.7487896635066145,0.9999999910000028,0.11500000211500032,0.30000000180000086,1.0000000005557308,0.9999999997544365,0.0,0.20314685290066312,0.8222096273976823,0.6327394337587114,0.9999999999378636,0.9999999910000028,0.19999999820000056,0.44500000094500125,0.0,0.9999999910000028,0.07000000207000019,0.0350000001350001,1.0000000003119278,1.000000000330095,16.994281,201.71389,318.27651,281.2045,-52.491463,-24.040978,-509.78325,-42.485703,-46.993081,-26.660154,-41.940146,268.701,413.81512,328.05191,-3275.4786,167.7868,338.74939,346.79579,-108.47495,16.994281,-308.3379799999999,.
2116.0,3797.4511,22.222222,1.7777778,5.1111111,5.3983,12.2168,0.0,1785.202,73.463608,100.0765,58.250986,22.222222,3.3333333,7.3333333,0.0,22.222222,1.1111111,0.33333333,2.2441,727.06233,1.0000000110258171,0.9999999910000028,0.08000000108000023,0.22999999973000063,1.0000000005557304,0.9999999997544367,0.0,0.17447551987360513,0.8222096273976828,0.5755525394228298,0.9048823361628425,0.9999999910000028,0.14999999865000044,0.3299999988300009,0.0,0.9999999910000028,0.04999999955000014,0.014999999865000042,1.000000000311929,1.000000000330095,28.21737,147.43764,262.71876,226.61478,-52.261848,-24.389948,-524.97178,-70.543425,-47.366045,-27.715043,-42.262548,192.69261,337.23079,252.16516,-3194.2953,122.73315,291.33507,299.01483,-109.1536,28.21737,-368.3897800000001,.
2117.0,2843.4921,22.222222,1.2222222,3.7777778,5.3983,12.2168,0.0,2078.5619,80.847582,100.0765,64.3741,19.0,2.5555556,5.3333333,0.0,22.222222,0.66666667,0.11111111,2.2441,727.06233,0.7487896635066145,0.9999999910000028,0.05499999905500016,0.17000000117000047,1.0000000005557304,0.9999999997544363,0.0,0.20314685290066295,0.9048515595942905,0.57555253942283,0.9999999999378631,0.8550000008550024,0.11500000211500032,0.23999999874000066,0.0,0.9999999910000028,0.030000000180000087,0.004999999955000014,1.000000000311929,1.000000000330095,15.9451,102.60008,216.59699,181.4145,-52.643015,-24.077565,-537.79588,-39.86275,-38.110077,-26.706562,-32.06911,134.95787,278.93806,194.61259,-3095.3149,85.388166,251.59092,258.94222,-89.100798,15.9451,-427.48097999999993,.
2118.0,2999.1423,14.777778,0.66666667,2.6666667,5.3983,12.2168,0.0,2035.6312,80.847582,100.0765,64.3741,12.0,1.7777778,3.6666667,0.0,14.888889,0.44444444,0.0,2.2441,727.06233,0.7897777361946792,0.6650000106650019,0.030000000180000087,0.12000000162000034,1.0000000005557308,0.9999999997544371,0.0,0.19895104973606967,0.9048515595942904,0.5755525394228297,0.9999999999378636,0.5400000005400015,0.08000000108000023,0.16500000166500048,0.0,0.670000005670002,0.019999999820000055,0.0,1.000000000311929,1.000000000330095,17.027461,66.471203,179.23911,145.11419,-52.357494,-24.005964,-547.48441,-42.568652,-38.407199,-26.75088,-32.406302,88.531898,232.08701,148.56374,-2980.6732,55.294111,219.14254,226.16699,-88.960427,17.027461,-485.86857999999995,.
2119.0,3048.9443,8.2222222,0.22222222,1.8888889,5.3983,12.2168,0.0,2021.321,80.847582,100.0765,64.3741,6.7777778,1.3333333,2.4444444,0.0,8.2222222,0.11111111,0.0,2.2441,727.06233,0.802892322594253,0.369999999370001,0.009999999910000027,0.08500000058500023,1.0000000005557308,0.9999999997544363,0.0,0.19755245193901652,0.9048515595942914,0.5755525394228294,0.9999999999378631,0.3050000013050009,0.05999999856000017,0.10999999811000032,0.0,0.369999999370001,0.004999999955000014,0.0,1.0000000003119294,1.000000000330095,16.945654,39.805958,151.3198,118.14645,-52.417095,-23.968291,-552.64518,-42.364135,-38.448114,-27.815404,-32.388954,54.417064,197.49034,114.82484,-2849.6107,33.079963,194.51923,201.25502,-89.002489,16.945654,-544.91168,.
2120.0,2948.2996,3.7777778,0.0,1.3333333,5.3983,12.2168,0.0,2049.9414,80.847582,100.0765,64.3741,3.2222222,1.0,1.6666667,0.0,3.7777778,0.0,0.0,2.2441,727.06233,0.7763890975468812,0.17000000117000047,0.0,0.05999999856000017,1.0000000005557308,0.9999999997544363,0.0,0.2003496475331234,0.9048515595942908,0.5755525394228299,0.9999999999378634,0.14499999914500042,0.04500000004500013,0.07500000157500021,0.0,0.17000000117000047,0.0,0.0,1.0000000003119291,1.000000000330095,15.468112,22.606753,132.8382,100.64442,-43.007612,-21.849148,-550.8142,-38.670279,-38.118196,-26.864134,-33.052061,32.562456,175.10651,93.289346,-2692.1174,18.74799,177.7658,184.20128,-84.373118,15.468112,-606.8288799999999,.
2121.0,2678.4758,1.6666667,0.0,1.1111111,5.3983,12.2168,0.0,2135.8029,80.847582,100.0765,64.3741,1.5555556,0.88888889,1.3333333,0.0,1.6666667,0.0,0.0,2.2441,727.06233,0.7053351732514435,0.07500000157500021,0.0,0.04999999955000014,1.0000000005557301,0.9999999997544372,0.0,0.20874126363574216,0.9048515595942904,0.5755525394228299,0.9999999999378628,0.07000000207000019,0.04000000009000011,0.05999999856000017,0.0,0.07500000157500021,0.0,0.0,1.000000000311928,1.000000000330095,12.905814,14.265412,123.18136,91.972319,-42.920301,-20.80004,-538.60069,-32.264536,-36.346025,-25.961995,-31.159503,21.972206,163.92322,82.949086,-2497.1434,11.796993,168.37829,174.49906,-80.465043,12.905814,-665.9304800000001,.
2122.0,686.66351,1.4444444,0.0,1.2222222,5.3983,12.2168,0.0,7176.5838,80.847582,100.0765,64.3741,1.4444444,0.88888889,1.3333333,0.0,1.4444444,0.0,0.0,2.2441,727.06233,0.18082221455623906,0.06499999806500019,0.0,0.05499999905500016,1.0000000005557312,0.9999999997544365,0.0,0.7013986033073526,0.9048515595942908,0.5755525394228297,0.999999999937863,0.06499999806500019,0.04000000009000011,0.05999999856000017,0.0,0.06499999806500019,0.0,0.0,1.000000000311929,1.000000000330095,1.1430619,13.264467,120.83329,90.593452,-38.356208,-18.668162,-510.84283,-2.8576547,-32.805669,-24.275742,-28.175623,20.716639,162.01943,82.030989,-2254.9492,10.962548,165.04394,170.88902,-72.636401,1.1430619,-723.31598,.
2123.0,686.66351,1.3333333,0.0,1.2222222,5.3983,12.2168,0.0,7240.9798,80.847582,100.0765,64.3741,1.3333333,1.0,1.4444444,0.0,1.3333333,0.0,0.0,2.2441,727.06233,0.18082221455623912,0.05999999856000017,0.0,0.05499999905500016,1.0000000005557312,0.9999999997544362,0.0,0.7076923031675277,0.9048515595942904,0.5755525394228299,0.9999999999378636,0.05999999856000017,0.04500000004500013,0.06499999806500019,0.0,0.05999999856000017,0.0,0.0,1.0000000003119285,1.000000000330095,1.0809258,12.635697,118.83588,89.564821,-33.378189,-16.466593,-459.71483,-2.7023145,-29.205319,-21.489359,-24.235575,19.942173,160.55458,81.855788,-1944.2861,10.438021,161.98246,167.57636,-62.757405,1.0809258,-780.46448,.
2124.0,686.66351,1.4444444,0.0,1.3333333,5.3983,12.2168,0.0,8221.4996,89.349,122.02103,64.3741,1.4444444,1.0,1.5555556,0.0,1.4444444,0.0,0.0,2.2441,727.06233,0.1808222145562391,0.06499999806500019,0.0,0.05999999856000017,1.0000000005557301,0.9999999997544369,0.0,0.8035227480423145,0.9999999999776158,0.701758291701741,0.9999999999378634,0.06499999806500019,0.04500000004500013,0.07000000207000019,0.0,0.06499999806500019,0.0,0.0,1.0000000003119287,1.000000000330095,0.98352023,12.355628,117.16653,88.82127,-24.199982,-12.20259,-371.78363,-2.4588006,-21.965971,-17.176595,-18.234825,19.607152,159.47686,82.071937,-1526.2838,10.204155,159.19534,164.54339,-48.919316,0.98352023,-837.89018,.
2125.0,600.43735,1.5555556,0.0,1.4444444,5.3983,12.2168,17.71449,9877.641,89.349,173.879,64.3741,1.5555556,1.1111111,1.7777778,0.0,1.5555556,0.11111111,0.0,2.2441,727.06233,0.15811588900257656,0.07000000207000019,0.0,0.06499999806500019,1.0000000005557308,0.9999999997544365,0.06813265384510564,0.9653846167547664,0.9999999999776162,1.0000000000230045,0.9999999999378634,0.07000000207000019,0.04999999955000014,0.08000000108000023,0.0,0.07000000207000019,0.004999999955000014,0.0,1.0000000003119291,1.000000000330095,0.5276291,12.367498,115.76601,88.368693,-7.6749758,-3.1190567,-88.981901,-0.5276291,-5.5023844,-4.0754222,-4.8681267,19.641931,158.71062,82.500135,-373.93935,10.213584,156.68085,161.74116,-12.436578,0.5276291,-894.7330800000001,4930.8713
2126.0,600.43735,1.6666667,0.11111111,1.4444444,5.3983,12.2168,100.55507,9877.641,89.349,173.879,64.3741,1.6666667,1.2222222,1.8888889,0.607,1.6666667,0.11111111,0.0,2.2441,727.06233,0.15811588900257662,0.07500000157500021,0.004999999955000014,0.06499999806500019,1.0000000005557308,0.9999999997544368,0.3867502692248192,0.9653846167547656,0.9999999999776156,1.0000000000230054,0.9999999999378636,0.07500000157500021,0.05499999905500016,0.08500000058500023,0.0831392959868512,0.07500000157500021,0.004999999955000014,0.0,1.0000000003119291,1.000000000330095,0.5267541,12.404702,114.36435,87.858692,-2.0619811,-0.94509532,-8.9113608,-0.5267541,-0.79495503,-0.44837068,-0.87113151,19.710948,157.90302,82.971177,-88.186326,10.244075,154.12365,158.94782,-3.7687427,0.5267541,-924.54768,-0.0
2127.0,600.43735,1.7777778,0.11111111,1.5555556,5.3983,12.2168,106.87681,9877.641,89.349,173.879,64.3741,1.7777778,1.3333333,2.0,0.636,1.7777778,0.11111111,0.0,2.2441,727.06233,0.15811588900257656,0.08000000108000023,0.004999999955000014,0.07000000207000019,1.0000000005557301,0.9999999997544369,0.41106465383982993,0.9653846167547645,0.9999999999776168,1.0000000000230047,0.9999999999378631,0.08000000108000023,0.05999999856000017,0.09000000009000025,0.08711135460895779,0.08000000108000023,0.004999999955000014,0.0,1.0000000003119291,1.000000000330095,0.5231248,12.460613,112.96138,87.365357,-1.8269142,-0.89926905,-7.5953548,-0.5231248,-0.69830883,-0.38163319,-0.76988992,19.803659,157.04064,83.366896,-81.768013,10.290155,151.57757,156.17269,-3.4778829,0.5231248,-949.8623799999999,-0.0
2128.0,600.43735,2.0,0.11111111,1.6666667,5.3983,12.2168,122.1155,9877.641,89.349,173.879,64.3741,2.0,1.4444444,2.2222222,0.688,2.0,0.11111111,0.0,2.2441,727.06233,0.15811588900257653,0.09000000009000025,0.004999999955000014,0.07500000157500021,1.000000000555731,0.9999999997544362,0.4696749999927742,0.9653846167547644,0.9999999999776162,1.0000000000230047,0.9999999999378634,0.09000000009000025,0.06499999806500019,0.09999999910000028,0.09423366662101088,0.09000000009000025,0.004999999955000014,0.0,1.0000000003119287,1.000000000330095,0.50042698,12.540099,111.55423,86.802427,-1.6942256,-0.82814291,-5.3290434,-0.50042698,-0.56953389,-0.27768157,-0.67905687,19.934895,156.10917,83.663894,-72.676189,10.355684,149.02678,153.41729,-3.1692625,0.50042698,-969.5927800000001,190.59946
2129.0,600.43735,2.1111111,0.22222222,1.7777778,5.3983,12.2168,143.03701,9877.641,89.349,173.879,64.3741,2.1111111,1.4444444,2.3333333,0.785,2.1111111,0.22222222,0.0,2.2441,727.06233,0.15811588900257662,0.09499999959500027,0.009999999910000027,0.08000000108000023,1.0000000005557308,0.9999999997544369,0.5501423461453827,0.9653846167547642,0.9999999999776151,1.0000000000230045,0.999999999937863,0.09499999959500027,0.06499999806500019,0.1049999986050003,0.10751951787426393,0.09499999959500027,0.009999999910000027,0.0,1.0000000003119283,1.000000000330095,0.50304123,12.620809,110.12735,86.186535,-1.4926023,-0.72147244,-2.2745408,-0.50304123,-0.40728832,-0.13741822,-0.49621588,20.067692,155.10242,83.752956,-61.656427,10.422229,146.47376,150.66555,-2.8467067,0.50304123,-980.94638,-0.0
2130.0,600.43735,2.3333333,0.22222222,1.8888889,5.3983,12.2168,142.19242,9877.641,89.349,173.879,64.3741,2.3333333,1.5555556,2.4444444,0.772,2.3333333,0.22222222,0.0,2.2441,727.06233,0.1581158890025766,0.1049999986050003,0.009999999910000027,0.08500000058500023,1.0000000005557306,0.9999999997544371,0.5468939230685094,0.9653846167547641,0.9999999999776159,1.0000000000230045,0.999999999937863,0.1049999986050003,0.07000000207000019,0.10999999811000032,0.10573893987125067,0.1049999986050003,0.009999999910000027,0.0,1.0000000003119287,1.000000000330095,0.50447161,12.702473,108.68264,85.561556,-1.5347602,-0.73270049,-2.2583037,-0.50447161,-0.39248005,-0.13973449,-0.50950961,20.200315,154.0203,83.878696,-61.390213,10.4896,143.91456,147.91887,-2.8470532,0.50447161,-988.3379799999999,-0.0
2131.0,600.43735,2.4444444,0.22222222,2.0,5.3983,12.2168,142.19242,9877.641,89.349,173.879,64.3741,2.4444444,1.6666667,2.6666667,0.759,2.4444444,0.22222222,0.0,2.2441,727.06233,0.15811588900257662,0.10999999811000032,0.009999999910000027,0.09000000009000025,1.0000000005557306,0.9999999997544359,0.5468939230685093,0.9653846167547656,0.9999999999776154,1.0000000000230045,0.9999999999378631,0.10999999811000032,0.07500000157500021,0.12000000162000034,0.10395836186823736,0.10999999811000032,0.009999999910000027,0.0,1.0000000003119291,1.000000000330095,0.50936743,12.783788,107.21957,85.113646,-1.6172802,-0.73786629,-2.1951038,-0.50936743,-0.38717685,-0.13552345,-0.51640524,20.330309,152.84766,83.750892,-61.011373,10.556735,141.35802,145.18081,-2.8027275,0.50936743,-976.0708800000001,10.243182
2132.0,600.43735,2.6666667,0.33333333,2.1111111,5.3983,12.2168,142.19242,9816.8225,89.349,173.879,64.3741,2.6666667,1.7777778,2.7777778,0.734,2.6666667,0.22222222,0.0,2.2441,727.06233,0.15811588900257656,0.12000000162000034,0.014999999865000042,0.09499999959500027,1.0000000005557308,0.9999999997544367,0.5468939230685094,0.9594405614571391,0.9999999999776155,1.0000000000230047,0.9999999999378631,0.12000000162000034,0.08000000108000023,0.12500000112500034,0.10053417340090413,0.12000000162000034,0.009999999910000027,0.0,1.0000000003119285,1.000000000330095,0.51380748,12.871365,105.73838,84.457732,-1.5543682,-0.72169349,-2.0928893,-0.51380748,-0.38285462,-0.13626621,-0.54426369,20.471414,151.54534,83.578141,-60.550152,10.629012,138.7785,142.45899,-2.7886729,0.51380748,-977.62218,-0.0
2133.0,600.43735,2.7777778,0.33333333,2.2222222,5.3983,12.2168,142.19242,9816.8225,89.349,173.879,64.3741,2.8888889,1.8888889,2.8888889,0.722,2.7777778,0.33333333,0.0,2.2441,727.06233,0.15811588900257656,0.12500000112500034,0.014999999865000042,0.09999999910000028,1.0000000005557306,0.9999999997544363,0.5468939230685091,0.9594405614571391,0.9999999999776166,1.000000000023004,0.9999999999378631,0.13000000063000036,0.08500000058500023,0.13000000063000036,0.09889056293658412,0.12500000112500034,0.014999999865000042,0.0,1.000000000311929,1.000000000330095,0.51541206,12.957028,104.24019,83.75379,-1.4090816,-0.68758572,-2.1584215,-0.51541206,-0.39741531,-0.13649424,-0.53566124,20.604795,150.12566,83.354332,-60.618076,10.699816,136.22056,139.75177,-2.7654522,0.51541206,-980.1394799999999,-0.0
2134.0,600.43735,3.0,0.44444444,2.2222222,5.3983,12.2168,142.19242,9816.8225,89.349,173.879,64.3741,3.0,1.8888889,3.0,0.699,3.0,0.33333333,0.0,2.2441,727.06233,0.1581158890025766,0.13500000013500038,0.019999999820000055,0.09999999910000028,1.0000000005557304,0.9999999997544367,0.5468939230685094,0.9594405614571412,0.9999999999776159,1.0000000000230047,0.9999999999378638,0.13500000013500038,0.08500000058500023,0.13500000013500038,0.09574030954663755,0.13500000013500038,0.014999999865000042,0.0,1.0000000003119294,1.000000000330095,0.51721799,13.008795,102.72305,83.035781,-1.4049903,-0.71284017,-2.2274447,-0.51721799,-0.40057635,-0.13915726,-0.53071278,20.667716,148.60607,83.050611,-60.682517,10.743013,133.66999,137.05509,-2.7364858,0.51721799,-977.5189799999999,-0.0
2135.0,600.43735,3.2222222,0.44444444,2.3333333,5.3983,12.2168,142.19242,9816.8225,89.349,173.879,64.3741,3.2222222,2.0,3.2222222,0.677,3.2222222,0.33333333,0.0,2.2441,727.06233,0.1581158890025766,0.14499999914500042,0.019999999820000055,0.1049999986050003,1.0000000005557301,0.9999999997544372,0.5468939230685095,0.9594405614571391,0.9999999999776156,1.0000000000230052,0.9999999999378634,0.14499999914500042,0.09000000009000025,0.14499999914500042,0.09272702369538431,0.14499999914500042,0.014999999865000042,0.0,1.0000000003119283,1.000000000330095,0.51979638,13.033566,101.18782,82.276834,-1.4057247,-0.71057442,-2.3007439,-0.51979638,-0.39360241,-0.14395224,-0.52013904,20.680614,146.97417,82.622182,-60.762851,10.764094,131.14113,134.37312,-2.6955067,0.51979638,-973.2789799999999,-0.0
2136.0,600.43735,3.3333333,0.44444444,2.4444444,5.3983,12.2168,142.19242,9816.8225,89.349,173.879,64.3741,3.3333333,2.1111111,3.3333333,0.656,3.3333333,0.44444444,0.0,2.2441,727.06233,0.15811588900257656,0.14999999865000044,0.019999999820000055,0.10999999811000032,1.0000000005557312,0.9999999997544365,0.5468939230685091,0.9594405614571382,0.9999999999776159,1.0000000000230045,0.9999999999378631,0.14999999865000044,0.09499999959500027,0.14999999865000044,0.08985070538282434,0.14999999865000044,0.019999999820000055,0.0,1.0000000003119287,1.000000000330095,0.52368262,13.104071,99.633142,81.449973,-1.5398206,-0.73528924,-2.3771217,-0.52368262,-0.41675657,-0.1489171,-0.56522904,20.799511,145.2463,81.935212,-60.835169,10.822173,128.60274,131.70263,-2.7623798,0.52368262,-968.83668,-0.0
2137.0,600.43735,3.6666667,0.55555555,2.5555556,5.3983,12.2168,142.19242,9748.8489,89.349,173.879,64.3741,3.6666667,2.1111111,3.4444444,0.636,3.6666667,0.44444444,0.0,2.2441,727.06233,0.15811588900257662,0.16500000166500048,0.02499999977500007,0.11500000211500032,1.0000000005557312,0.9999999997544363,0.5468939230685098,0.9527972072609859,0.9999999999776159,1.0000000000230045,0.9999999999378636,0.16500000166500048,0.09499999959500027,0.15499999815500043,0.08711135460895773,0.16500000166500048,0.019999999820000055,0.0,1.0000000003119283,1.000000000330095,0.5265282,13.291421,98.059852,80.348137,-1.4320347,-0.70525807,-2.4551966,-0.5265282,-0.41547781,-0.15259512,-0.53237834,21.164929,143.43873,81.331835,-60.846308,10.975311,126.04348,129.04394,-2.7069223,0.5265282,-962.4575799999999,-0.0
2138.0,686.66351,3.8888889,0.55555556,2.6666667,5.3983,12.2168,142.19242,9748.8489,89.349,173.879,64.3741,3.8888889,2.2222222,3.5555556,0.616,3.8888889,0.44444444,0.0,2.2441,727.06233,0.18082221455623906,0.1750000006750005,0.02500000022500007,0.12000000162000034,1.0000000005557308,0.9999999997544371,0.5468939230685093,0.9527972072609846,0.9999999999776156,1.0000000000230045,0.9999999999378631,0.1750000006750005,0.09999999910000028,0.16000000216000046,0.08437200383509122,0.1750000006750005,0.019999999820000055,0.0,1.000000000311929,1.000000000330095,0.53245257,13.442377,96.466863,79.200585,-1.4416068,-0.68914052,-2.5386069,-0.53245257,-0.40700061,-0.15628218,-0.53196219,21.440651,141.58334,80.741876,-60.878158,11.099098,123.4983,126.39066,-2.6934034,0.53245257,-954.1376799999999,-0.0
2139.0,686.66351,4.1111111,0.55555555,2.6666667,5.3983,12.2168,131.41534,9748.8489,89.349,173.879,64.3741,4.1111111,2.3333333,3.6666667,0.598,4.1111111,0.44444444,0.0,2.2441,727.06233,0.1808222145562391,0.1849999996850005,0.02499999977500007,0.12000000162000034,1.0000000005557306,0.9999999997544365,0.5054436153768389,0.9527972072609839,0.9999999999776159,1.0000000000230045,0.9999999999378631,0.1849999996850005,0.1049999986050003,0.16500000166500048,0.08190658813861121,0.1849999996850005,0.019999999820000055,0.0,1.0000000003119291,1.000000000330095,0.5358635,13.512861,94.857677,78.018114,-1.4213325,-0.67652012,-2.6255608,-0.5358635,-0.40993161,-0.16138441,-0.54879452,21.537326,139.67648,80.058931,-60.880876,11.157671,120.95037,123.74901,-2.6865914,0.5358635,-945.4342800000001,-0.0
2140.0,686.66351,4.3333333,0.66666667,2.7777778,5.3983,12.2168,131.41534,9691.6079,89.349,173.879,64.3741,4.3333333,2.3333333,3.7777778,0.571,4.3333333,0.44444444,0.0,2.2441,727.06233,0.18082221455623912,0.19499999869500054,0.030000000180000087,0.12500000112500034,1.000000000555731,0.9999999997544361,0.5054436153768394,0.9472027965259073,0.9999999999776161,1.0000000000230047,0.9999999999378634,0.19499999869500054,0.1049999986050003,0.17000000117000047,0.07820846459389136,0.19499999869500054,0.019999999820000055,0.0,1.0000000003119291,1.000000000330095,0.53904963,13.596366,93.238856,76.878541,-1.4387169,-0.68690432,-2.7168247,-0.53904963,-0.45833429,-0.16805688,-0.56439194,21.651911,137.75185,79.346001,-60.911266,11.227094,118.40181,121.11988,-2.6936857,0.53904963,-936.16388,-0.0
2141.0,686.66351,4.5555556,0.66666667,2.8888889,5.3983,12.2168,131.41534,9691.6079,89.349,173.879,64.3741,4.5555556,2.4444444,3.8888889,0.555,4.5555556,0.55555555,0.0,2.2441,727.06233,0.18082221455623906,0.2050000022050006,0.030000000180000087,0.13000000063000036,1.0000000005557306,0.9999999997544369,0.5054436153768392,0.9472027965259058,0.9999999999776165,1.0000000000230047,0.999999999937863,0.2050000022050006,0.10999999811000032,0.1750000006750005,0.07601698397479809,0.2050000022050006,0.02499999977500007,0.0,1.000000000311929,1.000000000330095,0.5420421,13.644066,91.61311,75.713734,-1.434317,-0.68283609,-2.8112664,-0.5420421,-0.46194158,-0.17331055,-0.53830507,21.67344,135.8115,78.705365,-60.870574,11.26771,115.85655,118.5055,-2.634763,0.5420421,-926.4313800000001,-0.0
2142.0,686.66351,4.7777778,0.66666667,2.8888889,5.3983,12.2168,131.41534,9691.6079,89.349,173.879,64.3741,4.7777778,2.5555556,4.1111111,0.539,4.7777778,0.55555555,0.0,2.2441,727.06233,0.18082221455623906,0.2150000012150006,0.030000000180000087,0.13000000063000036,1.0000000005557308,0.9999999997544361,0.5054436153768392,0.9472027965259067,0.9999999999776161,1.0000000000230043,0.9999999999378634,0.2150000012150006,0.11500000211500032,0.1849999996850005,0.07382550335570474,0.2150000012150006,0.02499999977500007,0.0,1.000000000311929,1.000000000330095,0.54695577,13.641601,89.971563,74.564851,-1.3667802,-0.68247681,-2.9093668,-0.54695577,-0.44477451,-0.17748169,-0.54642048,21.593846,133.84283,78.260544,-60.860834,11.267439,113.31391,115.89827,-2.6068285,0.54695577,-916.2771799999999,-0.0
2143.0,686.66351,4.8888889,0.77777778,3.0,5.3983,12.2168,122.1155,9634.367,89.349,173.879,64.3741,4.8888889,2.5555556,4.2222222,0.523,4.8888889,0.55555556,0.0,2.2441,727.06233,0.18082221455623912,0.22000000072000064,0.0350000001350001,0.13500000013500038,1.0000000005557308,0.9999999997544368,0.4696749999927744,0.9416083955642603,0.9999999999776155,1.0000000000230045,0.9999999999378636,0.22000000072000064,0.11500000211500032,0.18999999919000055,0.07163402273661149,0.22000000072000064,0.02500000022500007,0.0,1.0000000003119291,1.000000000330095,0.54896311,13.525492,88.296398,73.347235,-1.4485168,-0.68875635,-3.0103197,-0.54896311,-0.45500861,-0.18171155,-0.54781736,21.324683,131.83728,77.559785,-60.791817,11.173551,110.75263,113.28523,-2.600542,0.54896311,-906.47988,-0.0
2144.0,686.66351,5.1111111,0.77777778,3.0,5.3983,12.2168,122.1155,9634.367,89.349,173.879,64.3741,5.0,2.6666667,4.3333333,0.5,5.1111111,0.55555555,0.0,2.2441,727.06233,0.18082221455623912,0.22999999973000063,0.0350000001350001,0.13500000013500038,1.0000000005557304,0.9999999997544369,0.46967499999277407,0.9416083955642597,0.9999999999776161,1.0000000000230047,0.9999999999378631,0.22500000022500063,0.12000000162000034,0.19499999869500054,0.06848376934666492,0.22999999973000063,0.02499999977500007,0.0,1.000000000311929,1.000000000330095,0.5414878,13.418475,86.59313,72.078877,-1.3546527,-0.66764264,-3.1141636,-0.5414878,-0.44788325,-0.18633922,-0.54242342,21.127372,129.80651,76.764579,-60.709856,11.085829,108.16589,110.66982,-2.6191922,0.5414878,-896.57118,-0.0
2145.0,686.66351,5.2222222,0.77777778,3.1111111,5.3983,12.2168,122.1155,9634.367,89.349,173.879,64.3741,5.1111111,2.7777778,4.4444444,0.486,5.2222222,0.55555555,0.0,2.2441,727.06233,0.18082221455623906,0.23499999923500067,0.0350000001350001,0.1399999996400004,1.0000000005557308,0.9999999997544361,0.4696749999927742,0.9416083955642603,0.9999999999776155,1.0000000000230045,0.999999999937863,0.22999999973000063,0.12500000112500034,0.19999999820000056,0.06656622380495832,0.23499999923500067,0.02499999977500007,0.0,1.0000000003119287,1.000000000330095,0.53642201,13.198507,84.870478,70.79496,-1.3553913,-0.6489905,-3.2215805,-0.53642201,-0.44252538,-0.18971478,-0.54599075,20.724631,127.77605,75.96688,-60.653935,10.90539,105.56868,108.05667,-2.568734,0.53642201,-886.5554800000001,-0.0
2146.0,686.66351,5.29564,0.77777778,3.2222222,5.3983,12.2168,122.1155,9634.367,89.349,173.879,64.3741,5.2222222,2.7777778,4.5555556,0.472,5.3333333,0.55555555,0.0,2.2441,727.06233,0.18082221455623906,0.23830380023830447,0.0350000001350001,0.14499999914500042,1.0000000005557312,0.9999999997544365,0.4696749999927744,0.9416083955642608,0.999999999977615,1.000000000023005,0.9999999999378634,0.23499999923500067,0.12500000112500034,0.2050000022050006,0.06464867826325171,0.23999999874000066,0.02499999977500007,0.0,1.000000000311929,1.000000000330095,0.5547295,12.980761,83.122368,69.469609,-1.3285823,-0.66147699,-3.332022,-0.5547295,-0.47166567,-0.19769963,-0.57706055,20.379967,125.71954,75.13569,-60.544331,10.725558,102.97236,105.44449,-2.5823048,0.5547295,-876.47178,-0.0
2147.0,771.84899,5.3333333,0.88888889,3.2222222,5.3983,12.2168,114.00801,9503.4928,89.349,173.879,64.3741,5.3333333,2.8888889,4.7777778,0.451,5.3333333,0.66666667,0.0,2.2441,727.06233,0.20325449312836855,0.23999999874000066,0.04000000009000011,0.14499999914500042,1.0000000005557308,0.9999999997544365,0.4384923461470999,0.9288174934237481,0.9999999999776166,1.0000000000230045,0.999999999937863,0.23999999874000066,0.13000000063000036,0.2150000012150006,0.061772359950691746,0.23999999874000066,0.030000000180000087,0.0,1.0000000003119294,1.000000000330095,0.5958432,12.773789,81.367076,68.105007,-1.3401281,-0.65502934,-3.4426201,-0.5958432,-0.5016659,-0.20518152,-0.58582097,20.087881,123.64321,74.275223,-60.361612,10.553798,100.39356,102.84976,-2.5552866,0.5958432,-866.75608,-0.0
2148.0,771.84899,5.4444444,0.88888889,3.2222222,5.3983,12.2168,114.00801,9494.8422,89.349,173.879,64.3741,5.4444444,2.8888889,4.8888889,0.438,5.4444444,0.66666667,0.0,2.2441,727.06233,0.2032544931283686,0.24499999824500068,0.04000000009000011,0.14499999914500042,1.0000000005557301,0.9999999997544365,0.4384923461471002,0.9279720328359762,0.9999999999776159,1.000000000023005,0.9999999999378638,0.24499999824500068,0.13000000063000036,0.22000000072000064,0.059991781947678444,0.24499999824500068,0.030000000180000087,0.0,1.0000000003119294,1.000000000330095,0.58853552,12.585392,79.636925,66.746955,-1.2949755,-0.61333192,-3.5510079,-0.58853552,-0.46648997,-0.20670915,-0.56344969,19.829682,121.59835,73.352872,-60.138058,10.397213,97.858585,100.29891,-2.4692871,0.58853552,-858.11588,-0.0
2149.0,771.84899,5.6666667,0.88888889,3.3333333,5.3983,12.2168,114.00801,9494.8422,89.349,173.879,64.3741,5.5555555,3.0,5.0,0.42,5.6666667,0.66666667,0.0,2.2441,727.06233,0.20325449312836857,0.25500000175500076,0.04000000009000011,0.14999999865000044,1.0000000005557304,0.9999999997544368,0.43849234614710025,0.9279720328359738,0.9999999999776154,1.0000000000230052,0.9999999999378634,0.2499999977500007,0.13500000013500038,0.22500000022500063,0.057526366251198544,0.25500000175500076,0.030000000180000087,0.0,1.0000000003119296,1.000000000330095,0.56624422,12.408723,77.944394,65.42331,-1.371322,-0.65716608,-3.6585224,-0.56624422,-0.47368615,-0.21050221,-0.5876436,19.569679,119.58062,72.740265,-59.950842,10.250855,95.379775,97.804138,-2.4925628,0.56624422,-849.51708,-0.0
2150.0,771.84899,5.6666667,0.88888889,3.3333333,5.3983,12.2168,106.87681,9494.8422,89.349,173.879,64.3741,5.6666667,3.1111111,5.1111111,0.408,5.6666667,0.66666667,0.0,2.2441,727.06233,0.20325449312836855,0.25500000175500076,0.04000000009000011,0.14999999865000044,1.0000000005557308,0.9999999997544367,0.41106465383982976,0.9279720328359752,0.9999999999776156,1.000000000023004,0.999999999937863,0.25500000175500076,0.1399999996400004,0.22999999973000063,0.05588275578687856,0.25500000175500076,0.030000000180000087,0.0,1.0000000003119291,1.000000000330095,0.57174043,12.158843,76.271135,64.119542,-1.2942027,-0.6162547,-3.7573452,-0.57174043,-0.46386303,-0.21522559,-0.55411547,19.155521,117.5612,71.924991,-59.584309,10.044882,92.946579,95.35104,-2.4540189,0.57174043,-841.05148,-0.0
2151.0,771.84899,5.8888889,1.0,3.4444444,5.3983,12.2168,106.87681,9494.8422,89.349,173.879,64.3741,5.7777778,3.1111111,5.3333333,0.396,5.8888889,0.66666667,0.0,2.2441,727.06233,0.20325449312836855,0.2650000007650008,0.04500000004500013,0.15499999815500043,1.0000000005557312,0.9999999997544363,0.41106465383982976,0.9279720328359745,0.9999999999776158,1.0000000000230045,0.9999999999378636,0.2600000012600007,0.1399999996400004,0.23999999874000066,0.054239145322558614,0.2650000007650008,0.030000000180000087,0.0,1.0000000003119283,1.000000000330095,0.56010633,12.016594,74.637684,62.865205,-1.208563,-0.61934544,-3.847327,-0.56010633,-0.49872752,-0.21896827,-0.55147715,18.945959,115.5223,71.13681,-59.249076,9.9270552,90.578023,92.961459,-2.4265491,0.56010633,-833.1023799999999,-0.0
2152.0,771.84899,6.0,1.0,3.5555556,5.3983,12.2168,106.87681,9494.8422,89.349,173.879,64.3741,6.0,3.2222222,5.4444444,0.38242182,6.0,0.66666667,0.0,2.2441,727.06233,0.20325449312836857,0.27000000027000076,0.04500000004500013,0.16000000216000046,1.0000000005557306,0.9999999997544369,0.4110646538398299,0.9279720328359742,0.9999999999776151,1.0000000000230047,0.999999999937863,0.27000000027000076,0.14499999914500042,0.24499999824500068,0.052379375428023636,0.27000000027000076,0.030000000180000087,0.0,1.000000000311929,1.000000000330095,0.54647088,11.921496,73.034962,61.664745,-1.3086007,-0.63019734,-3.9194706,-0.54647088,-0.49320551,-0.22226683,-0.5727267,18.817246,113.49393,70.373172,-58.777044,9.8479789,88.262521,90.624238,-2.4460274,0.54647088,-825.31928,-0.0
2153.0,771.84899,6.2222222,1.0,3.5555556,5.3983,12.2168,100.55507,9494.8422,89.349,173.879,64.3741,6.1111111,3.2553817,5.5555555,0.372,6.2222222,0.66666667,0.0,2.2441,727.06233,0.20325449312836855,0.2799999992800008,0.04500000004500013,0.16000000216000046,1.0000000005557306,0.9999999997544363,0.386750269224819,0.9279720328359705,0.9999999999776161,1.0000000000230043,0.999999999937863,0.2749999997750008,0.14649217664649258,0.2499999977500007,0.0509519243939187,0.2799999992800008,0.030000000180000087,0.0,1.0000000003119294,1.000000000330095,0.51878685,11.814998,71.448819,60.476362,-1.1448716,-0.60594418,-3.9619855,-0.51878685,-0.48259131,-0.22353889,-0.55242438,18.655608,111.47314,69.598727,-58.170169,9.7598254,85.988576,88.323979,-2.3638653,0.51878685,-817.3895799999999,-0.0
2154.0,771.84899,6.3333333,1.0,3.6666667,5.3983,12.2168,100.55507,9488.9327,89.349,173.879,64.3741,6.3333333,3.3333333,5.7777778,0.361,6.3333333,0.66666667,0.11111111,2.2441,727.06233,0.2032544931283686,0.28499999878500076,0.04500000004500013,0.16500000166500048,1.000000000555731,0.9999999997544362,0.3867502692248193,0.9273944718178424,0.9999999999776154,1.0000000000230052,0.9999999999378634,0.28499999878500076,0.14999999865000044,0.2600000012600007,0.04944528146829209,0.28499999878500076,0.030000000180000087,0.004999999955000014,1.000000000311929,1.000000000330095,0.52851823,11.698802,69.868625,59.305276,-1.0899113,-0.57877787,-3.9592152,-0.52851823,-0.49047778,-0.22433552,-0.54410844,18.479777,109.44061,68.826902,-57.395973,9.6637034,83.746144,86.053091,-2.3190114,0.52851823,-809.2184800000001,-0.0
2155.0,771.84899,6.5555555,1.1111111,3.6666667,5.3983,12.2168,100.55507,9494.8422,89.349,173.879,64.3741,6.5555555,3.4444444,5.8888889,0.351,6.5555555,0.66666667,0.11111111,2.2441,727.06233,0.20325449312836852,0.2949999977950008,0.04999999955000014,0.16500000166500048,1.0000000005557306,0.9999999997544365,0.38675026922481914,0.9279720328359752,0.9999999999776168,1.0000000000230045,0.999999999937863,0.2949999977950008,0.15499999815500043,0.2650000007650008,0.04807560608135878,0.2949999977950008,0.030000000180000087,0.004999999955000014,1.0000000003119291,1.000000000330095,0.49659065,11.634635,68.308927,58.134867,-1.282978,-0.60249362,-3.8839697,-0.49659065,-0.474917,-0.22208337,-0.56654506,18.407564,107.41038,67.984354,-56.465576,9.610015,81.546045,83.826564,-2.2777431,0.49659065,-801.08838,2.0390398
2156.0,771.84899,6.8888889,1.1111111,3.7777778,5.3983,12.2168,100.55507,9434.0236,89.349,173.879,64.3741,6.8888889,3.4444444,6.0,0.351,6.8888889,0.66666667,0.11111111,2.2441,727.06233,0.20325449312836852,0.3100000008100009,0.04999999955000014,0.17000000117000047,1.0000000005557306,0.9999999997544362,0.38675026922481914,0.9220279677649162,0.9999999999776162,1.0000000000230045,0.9999999999378634,0.3100000008100009,0.15499999815500043,0.27000000027000076,0.048075606081358746,0.3100000008100009,0.030000000180000087,0.004999999955000014,1.0000000003119287,1.000000000330095,0.50325523,11.679074,66.775803,56.976714,-1.2798637,-0.59716934,-3.693218,-0.50325523,-0.45574341,-0.21052709,-0.55756819,18.537689,105.36674,67.188144,-55.121763,9.6453194,79.387979,81.653332,-2.240379,0.50325523,-794.44188,14.811887
2157.0,771.84899,7.1111111,1.1111111,3.7777778,5.3983,12.2168,106.87681,9434.0236,89.349,173.879,64.3741,7.1111111,3.5555556,6.1111111,0.351,7.1111111,0.66666667,0.11111111,2.2441,727.06233,0.2032544931283686,0.3199999998200009,0.04999999955000014,0.17000000117000047,1.0000000005557306,0.9999999997544372,0.4110646538398299,0.9220279677649162,0.9999999999776159,1.000000000023005,0.9999999999378636,0.3199999998200009,0.16000000216000046,0.2749999997750008,0.048075606081358746,0.3199999998200009,0.030000000180000087,0.004999999955000014,1.0000000003119294,1.000000000330095,0.50716126,11.6078,65.242201,55.82033,-1.1471096,-0.54881683,-3.4183458,-0.50716126,-0.43313921,-0.19780741,-0.50209868,18.404379,103.32406,66.297525,-53.534189,9.5868819,77.263175,79.498373,-2.1759054,0.50716126,-787.38378,11.153943
2158.0,771.84899,7.3333333,1.1111111,3.8888889,5.3983,12.2168,106.87681,9434.0236,89.349,173.879,64.3741,7.2222222,3.5555556,6.3333333,0.341,7.3333333,0.77777778,0.11111111,2.2441,727.06233,0.2032544931283686,0.3299999988300009,0.04999999955000014,0.1750000006750005,1.0000000005557304,0.9999999997544372,0.41106465383982976,0.9220279677649157,0.9999999999776161,1.0000000000230045,0.9999999999378631,0.3249999993250009,0.16000000216000046,0.28499999878500076,0.046705930694425475,0.3299999988300009,0.0350000001350001,0.004999999955000014,1.0000000003119291,1.000000000330095,0.50334954,11.49952,63.719235,54.661173,-1.1636588,-0.53985752,-3.3330128,-0.50334954,-0.43623666,-0.19226747,-0.49479746,18.193685,101.23801,65.428496,-52.660934,9.4984,75.175902,77.380383,-2.1334038,0.50334954,-780.2527799999999,-0.0
2159.0,771.84899,7.4444444,1.1111111,3.8888889,5.3983,12.2168,100.55507,9434.0236,89.349,173.879,64.3741,7.4444444,3.6666667,6.4444444,0.331,7.4444444,0.77777778,0.11111111,2.2441,727.06233,0.2032544931283685,0.33499999833500094,0.04999999955000014,0.1750000006750005,1.0000000005557308,0.9999999997544363,0.3867502692248192,0.9220279677649159,0.9999999999776159,1.0000000000230047,0.9999999999378634,0.33499999833500094,0.16500000166500048,0.28999999829000084,0.04533625530749214,0.33499999833500094,0.0350000001350001,0.004999999955000014,1.0000000003119287,1.000000000330095,0.49371078,11.391652,62.210358,53.506826,-1.101213,-0.54190833,-3.418089,-0.49371078,-0.43644925,-0.19601045,-0.49518716,17.982271,99.139499,64.446106,-52.342899,9.4102814,73.125677,75.297512,-2.1246966,0.49371078,-773.1032799999999,-0.0
2160.0,771.84899,7.6666667,1.1111111,4.0,5.3983,12.2168,100.55507,9434.0236,89.349,173.879,64.3741,7.6666667,3.6666667,6.5555555,0.316,7.6666667,0.77777778,0.11111111,2.2441,727.06233,0.20325449312836857,0.345000001845001,0.04999999955000014,0.1800000001800005,1.0000000005557308,0.9999999997544365,0.38675026922481937,0.922027967764917,0.9999999999776148,1.000000000023005,0.9999999999378634,0.345000001845001,0.16500000166500048,0.2949999977950008,0.04328174222709226,0.345000001845001,0.0350000001350001,0.004999999955000014,1.0000000003119283,1.000000000330095,0.46269922,11.279775,60.713065,52.355355,-0.94067457,-0.51333555,-3.4875981,-0.46269922,-0.42585813,-0.19857922,-0.49615277,17.762077,97.019591,63.400782,-51.929122,9.3188336,71.112342,73.248707,-2.0618526,0.46269922,-766.29318,-0.0
2161.0,771.84899,7.8888889,1.2222222,4.0,5.3983,12.2168,94.964418,9369.6276,89.349,173.879,64.3741,7.7777778,3.6666667,6.6666667,0.306,7.8888889,0.77777778,0.11111111,2.2441,727.06233,0.20325449312836855,0.35500000085500105,0.05499999905500016,0.1800000001800005,1.0000000005557308,0.9999999997544365,0.36524776153284216,0.9157342679047404,0.9999999999776165,1.000000000023004,0.9999999999378626,0.350000001350001,0.16500000166500048,0.30000000180000086,0.041912066840158926,0.35500000085500105,0.0350000001350001,0.004999999955000014,1.0000000003119294,1.000000000330095,0.48262689,11.137612,59.20024,51.162934,-1.0970537,-0.5153329,-3.5331537,-0.48262689,-0.45871387,-0.20367659,-0.51110351,17.505804,94.869672,62.350388,-51.439905,9.2021632,69.111625,71.207865,-2.0582435,0.48262689,-759.4640800000001,-0.0
2162.0,771.84899,8.0,1.2222222,4.0,5.3983,12.2168,94.911913,9320.7361,89.349,173.879,64.3741,7.8888889,3.7777778,6.8888889,0.296,8.0,0.77777778,0.11111111,2.2441,727.06233,0.20325449312836855,0.360000000360001,0.05499999905500016,0.1800000001800005,1.0000000005557308,0.9999999997544367,0.3650458192251533,0.9109558899509314,0.9999999999776158,1.0000000000230047,0.9999999999378634,0.35500000085500105,0.17000000117000047,0.3100000008100009,0.04054239145322562,0.360000000360001,0.0350000001350001,0.004999999955000014,1.0000000003119291,1.000000000330095,0.48675337,10.926461,57.661903,49.964107,-1.0186834,-0.50753548,-3.5377991,-0.48675337,-0.43428726,-0.20366659,-0.50674051,17.154122,92.692148,61.69484,-50.818748,9.0281696,67.122642,69.163841,-2.0315845,0.48675337,-752.88018,-0.0
2163.0,771.84899,8.2222222,1.2222222,4.1111111,5.3983,12.2168,94.911913,9308.8091,89.349,173.879,64.3741,8.1111111,3.7777778,7.0,0.286,8.2222222,0.77777778,0.11111111,2.2441,727.06233,0.20325449312836857,0.369999999370001,0.05499999905500016,0.1849999996850005,1.0000000005557301,0.9999999997544372,0.36504581922515317,0.9097902126071153,0.9999999999776158,1.0000000000230047,0.9999999999378634,0.36499999986500103,0.17000000117000047,0.3150000003150009,0.03917271606629235,0.369999999370001,0.0350000001350001,0.004999999955000014,1.0000000003119294,1.000000000330095,0.4754236,10.846633,56.133772,48.763991,-1.1396036,-0.51629123,-3.47081,-0.4754236,-0.44520284,-0.19778258,-0.51147561,17.092261,90.501095,60.67907,-49.958275,8.9607617,65.154207,67.151221,-2.0292736,0.4754236,-746.50538,14.677025
2164.0,771.84899,8.3333333,1.2222222,4.1111111,5.3983,12.2168,94.911913,9308.8091,89.349,173.879,64.3741,8.2222222,3.7777778,7.1111111,0.286,8.3333333,0.77777778,0.11111111,2.2441,727.06233,0.20325449312836855,0.374999998875001,0.05499999905500016,0.1849999996850005,1.0000000005557308,0.9999999997544363,0.36504581922515317,0.9097902126071165,0.9999999999776161,1.000000000023004,0.999999999937863,0.369999999370001,0.17000000117000047,0.3199999998200009,0.039172716066292315,0.374999998875001,0.0350000001350001,0.004999999955000014,1.0000000003119285,1.000000000330095,0.46909777,10.665508,54.618015,47.571081,-1.1102466,-0.49813324,-3.3417715,-0.46909777,-0.43357396,-0.19351873,-0.4815658,16.806658,88.305356,59.617827,-48.902665,8.8110763,63.218589,65.171392,-1.9639482,0.46909777,-740.1840800000001,-0.0
2165.0,855.99377,8.4444444,1.2222222,4.1111111,5.3983,12.2168,94.911913,9233.6803,89.349,173.879,64.3741,8.4444444,3.8888889,7.2222222,0.271,8.4444444,0.77777778,0.11111111,2.2441,727.06233,0.22541271945227434,0.3799999983800011,0.05499999905500016,0.1849999996850005,1.0000000005557308,0.9999999997544363,0.36504581922515306,0.902447549739005,0.9999999999776158,1.0000000000230045,0.9999999999378636,0.3799999983800011,0.1750000006750005,0.3249999993250009,0.037118202985892385,0.3799999983800011,0.0350000001350001,0.004999999955000014,1.000000000311928,1.000000000330095,0.47893661,10.505553,53.114625,46.362078,-1.0777288,-0.49736713,-3.4480385,-0.47893661,-0.4361609,-0.19839799,-0.49609742,16.568623,86.094905,58.574086,-48.631257,8.6786243,61.330871,63.224606,-1.9454597,0.47893661,-734.1412799999999,-0.0
2166.0,855.99377,8.6666667,1.2222222,4.1111111,5.3983,12.2168,89.843237,9165.7067,89.349,173.879,64.3741,8.6666667,3.8888889,7.3333333,0.258,8.6666667,0.77777778,0.11111111,2.2441,727.06233,0.22541271945227437,0.3900000018900011,0.05499999905500016,0.1849999996850005,1.0000000005557306,0.9999999997544369,0.34555091153314543,0.8958041955428517,0.9999999999776155,1.0000000000230047,0.999999999937863,0.3900000018900011,0.1750000006750005,0.3299999988300009,0.03533762498287909,0.3900000018900011,0.0350000001350001,0.004999999955000014,1.0000000003119294,1.000000000330095,0.50751807,10.361187,51.633366,45.17132,-0.97427196,-0.48651134,-3.5463033,-0.50751807,-0.4285806,-0.20171811,-0.46490304,16.354798,83.893758,57.518994,-48.279595,8.5590763,59.528347,61.318085,-1.8710924,0.50751807,-728.4231799999999,-0.0
2167.0,855.99377,8.8888889,1.2222222,4.1111111,5.3983,12.2168,89.843237,9233.6803,89.349,173.879,64.3741,8.7777778,3.8888889,7.4444444,0.246,8.8888889,0.77777778,0.11111111,2.2441,727.06233,0.22541271945227434,0.4000000009000011,0.05499999905500016,0.1849999996850005,1.0000000005557312,0.9999999997544363,0.34555091153314527,0.9024475497390004,0.9999999999776159,1.0000000000230043,0.999999999937863,0.39500000139500113,0.1750000006750005,0.33499999833500094,0.03369401451855912,0.4000000009000011,0.0350000001350001,0.004999999955000014,1.0000000003119294,1.000000000330095,0.46671494,10.235453,50.198795,43.997164,-0.91929196,-0.47282416,-3.6338704,-0.46671494,-0.42436438,-0.2044624,-0.44365931,16.152247,81.702172,56.416567,-47.841966,8.4552472,57.746815,59.475952,-1.8221799,0.46671494,-722.8279799999999,-0.0
2168.0,855.99377,9.1111111,1.2222222,4.2222222,5.3983,12.2168,85.265202,9233.6803,89.349,173.879,64.3741,9.0,3.8888889,7.4444444,0.238,9.1111111,0.77777778,0.11111111,2.2441,727.06233,0.2254127194522744,0.4099999999100012,0.05499999905500016,0.18999999919000055,1.0000000005557308,0.9999999997544362,0.3279430846103394,0.902447549739005,0.999999999977615,1.0000000000230052,0.9999999999378638,0.40500000040500117,0.1750000006750005,0.33499999833500094,0.0325982742090125,0.4099999999100012,0.0350000001350001,0.004999999955000014,1.0000000003119283,1.000000000330095,0.45076122,10.129487,48.797171,42.853229,-0.98951522,-0.45588397,-3.7020508,-0.45076122,-0.42820701,-0.20757405,-0.46044838,15.969622,79.512016,54.829493,-47.350811,8.3681055,56.022113,57.684991,-1.8419015,0.45076122,-717.2934799999999,-0.0
2169.0,855.99377,9.2222222,1.2222222,4.2222222,5.3983,12.2168,85.265202,9233.6803,89.349,173.879,64.3741,9.1111111,3.8888889,7.4444444,0.226,9.2222222,0.77777778,0.11111111,2.2441,727.06233,0.22541271945227434,0.41499999941500115,0.05499999905500016,0.18999999919000055,1.0000000005557306,0.9999999997544368,0.3279430846103394,0.9024475497390019,0.9999999999776166,1.000000000023004,0.9999999999378634,0.4099999999100012,0.1750000006750005,0.33499999833500094,0.03095466374469255,0.41499999941500115,0.0350000001350001,0.004999999955000014,1.0000000003119291,1.000000000330095,0.44534098,9.9720814,47.3985,41.719874,-1.02929,-0.46148657,-3.7390165,-0.44534098,-0.42261205,-0.20956741,-0.47214398,15.704477,77.312686,53.192845,-46.756347,8.238456,54.322275,55.918271,-1.841088,0.44534098,-712.16288,-0.0
2170.0,855.99377,9.4444444,1.2222222,4.2222222,5.3983,12.2168,84.274372,9227.2208,89.349,173.879,64.3741,9.3333333,3.8888889,7.3333333,0.222,9.4444444,0.66666667,0.11111111,2.2441,727.06233,0.22541271945227434,0.4249999984250012,0.05499999905500016,0.18999999919000055,1.0000000005557308,0.9999999997544361,0.3241321999950134,0.9018162348398379,0.9999999999776166,1.0000000000230047,0.9999999999378631,0.41999999892000117,0.1750000006750005,0.3299999988300009,0.030406793589919205,0.4249999984250012,0.030000000180000087,0.004999999955000014,1.000000000311929,1.000000000330095,0.43914012,9.8444633,46.01996,40.577657,-1.0341737,-0.47318341,-3.7233187,-0.43914012,-0.43751988,-0.20902061,-0.47577,15.501069,75.109402,51.521146,-45.963924,8.1330916,52.65995,54.191236,-1.8437942,0.43914012,-707.25698,5.3862088
2171.0,855.99377,9.5555555,1.2222222,4.2222222,5.3983,12.2168,81.109521,9165.7067,89.349,173.879,64.3741,9.4444444,3.8888889,7.3333333,0.218,9.5555555,0.66666667,0.11111111,2.2441,727.06233,0.22541271945227437,0.42999999793000127,0.05499999905500016,0.18999999919000055,1.0000000005557308,0.9999999997544367,0.3119596961490468,0.8958041955428507,0.9999999999776161,1.0000000000230054,0.9999999999378634,0.4249999984250012,0.1750000006750005,0.3299999988300009,0.02985892343514591,0.42999999793000127,0.030000000180000087,0.004999999955000014,1.0000000003119294,1.000000000330095,0.43210376,9.6667852,44.656919,39.432037,-0.84675289,-0.44872917,-3.639594,-0.43210376,-0.40859604,-0.202994,-0.45497079,15.196067,72.841874,49.900132,-44.893543,7.986879,51.031792,52.506746,-1.7422587,0.43210376,-702.6060799999999,5.553544
2172.0,855.99377,9.7777778,1.2222222,4.2222222,5.3983,12.2168,81.109521,9186.9897,89.349,173.879,64.3741,9.6666667,3.8888889,7.3333333,0.214,9.7777778,0.66666667,0.11111111,2.2441,727.06233,0.22541271945227437,0.4400000014400013,0.05499999905500016,0.18999999919000055,1.0000000005557304,0.9999999997544369,0.3119596961490468,0.8978842752702272,0.9999999999776162,1.000000000023005,0.9999999999378631,0.43500000193500127,0.1750000006750005,0.3299999988300009,0.029311053280372586,0.4400000014400013,0.030000000180000087,0.004999999955000014,1.0000000003119291,1.000000000330095,0.41393168,9.5108472,43.307013,38.293827,-0.8595532,-0.43483392,-3.5913114,-0.41393168,-0.41835866,-0.20188699,-0.45448053,14.949968,70.565341,48.2409,-43.984713,7.8580704,49.393801,50.855268,-1.6890528,0.41393168,-697.9740800000001,2.7965136
2173.0,855.99377,9.7777778,1.2222222,4.2222222,5.3983,12.2168,81.109521,9108.4658,89.349,173.879,64.3741,9.6666667,3.8888889,7.2222222,0.206,9.7777778,0.66666667,0.11111111,2.2441,727.06233,0.22541271945227428,0.4400000014400013,0.05499999905500016,0.18999999919000055,1.0000000005557308,0.9999999997544362,0.3119596961490468,0.8902097945812039,0.9999999999776159,1.0000000000230047,0.9999999999378634,0.43500000193500127,0.1750000006750005,0.3249999993250009,0.02821531297082593,0.4400000014400013,0.030000000180000087,0.004999999955000014,1.0000000003119285,1.000000000330095,0.45173929,9.290751,41.96455,37.18974,-0.86081178,-0.4292537,-3.5952837,-0.45173929,-0.411401,-0.20125099,-0.44872856,14.582638,68.276618,46.641717,-43.260184,7.6767193,47.784648,49.231773,-1.6654164,0.45173929,-693.13628,-0.0
2174.0,855.99377,9.8888889,1.2222222,4.2222222,5.3983,12.2168,81.109521,9121.275,89.349,173.879,64.3741,9.6869921,3.8888889,7.2222222,0.198,9.8888889,0.66666667,0.11111111,2.2441,727.06233,0.2254127194522744,0.44500000094500125,0.05499999905500016,0.18999999919000055,1.0000000005557308,0.9999999997544367,0.3119596961490469,0.8914616931502007,0.9999999999776151,1.0000000000230047,0.9999999999378634,0.43591464493591586,0.1750000006750005,0.3249999993250009,0.027119572661279314,0.44500000094500125,0.030000000180000087,0.004999999955000014,1.0000000003119285,1.000000000330095,0.41455595,9.0631006,40.654833,36.081031,-0.81380224,-0.40912473,-3.6012502,-0.41455595,-0.3931632,-0.19958641,-0.42468059,14.201166,66.001547,44.998537,-42.533143,7.4891735,46.226433,47.657977,-1.6031364,0.41455595,-688.9347799999999,-0.0
2175.0,855.99377,9.8888889,1.2222222,4.2222222,5.3983,12.2168,77.32002,9108.4658,89.349,173.879,64.3741,9.7777778,3.7777778,7.1111111,0.194,10.0,0.66666667,0.0,2.2441,727.06233,0.22541271945227437,0.44500000094500125,0.05499999905500016,0.18999999919000055,1.0000000005557304,0.9999999997544367,0.2973846923031169,0.8902097945812031,0.9999999999776159,1.0000000000230045,0.999999999937863,0.4400000014400013,0.17000000117000047,0.3199999998200009,0.02657170250650599,0.45000000045000127,0.030000000180000087,0.0,1.000000000311929,1.000000000330095,0.41652794,8.8556969,39.36543,34.985644,-0.79236541,-0.40496349,-3.5349008,-0.41652794,-0.3816915,-0.19636466,-0.41973063,13.871313,63.725161,43.31687,-41.567369,7.3179291,44.707161,46.1226,-1.5752275,0.41652794,-684.8479799999999,12.909907
2176.0,855.99377,10.333333,1.2222222,4.2222222,5.3983,12.2168,81.109521,9100.3281,89.349,173.879,64.3741,10.222222,3.7777778,7.0,0.194,10.333333,0.66666667,0.0,2.2441,727.06233,0.22541271945227437,0.46499998546500126,0.05499999905500016,0.18999999919000055,1.0000000005557308,0.9999999997544369,0.3119596961490468,0.8894144619308533,0.9999999999776155,1.0000000000230052,0.9999999999378636,0.4599999904600013,0.17000000117000047,0.3150000003150009,0.026571702506505986,0.46499998546500126,0.030000000180000087,0.0,1.000000000311929,1.000000000330095,0.41374455,8.84683,38.095986,33.891711,-0.79117794,-0.40665524,-3.4008628,-0.41374455,-0.37834177,-0.19048108,-0.41153051,13.967247,61.462471,41.665201,-40.387794,7.3080481,43.225316,44.624199,-1.5454622,0.41374455,-680.6072800000001,2.4464116
2177.0,855.99377,10.444444,1.2222222,4.2222222,5.3983,12.2168,77.32002,9029.7595,89.349,173.879,64.3741,10.333333,3.7777778,7.0,0.186,10.444444,0.66666667,0.0,2.2441,727.06233,0.22541271945227437,0.46999998047000136,0.05499999905500016,0.18999999919000055,1.0000000005557304,0.9999999997544372,0.29738469230311726,0.8825174871505439,0.9999999999776159,1.0000000000230047,0.9999999999378631,0.46499998546500126,0.17000000117000047,0.3150000003150009,0.02547596219695935,0.46999998047000136,0.030000000180000087,0.0,1.000000000311929,1.000000000330095,0.40521611,8.6736577,36.85745,32.822997,-0.75625531,-0.40380583,-3.4555308,-0.40521611,-0.3729992,-0.19231694,-0.411908,13.68538,59.289179,40.08089,-39.883606,7.1651144,41.781694,43.162855,-1.5394481,0.40521611,-676.88018,-0.0
2178.0,939.09786,10.555556,1.1111111,4.1111111,5.3983,12.2168,73.850062,9029.7595,89.349,173.879,64.3741,10.444444,3.6666667,6.8888889,0.174,10.555556,0.66666667,0.0,2.2441,727.06233,0.24729689616130168,0.47500002047500134,0.04999999955000014,0.1849999996850005,1.0000000005557308,0.9999999997544361,0.28403869999563025,0.8825174871505455,0.9999999999776168,1.0000000000230045,0.999999999937863,0.46999998047000136,0.16500000166500048,0.3100000008100009,0.02383235173263938,0.47500002047500134,0.030000000180000087,0.0,1.000000000311929,1.000000000330095,0.40144737,8.4849783,35.643557,31.769737,-0.75128069,-0.39211851,-3.5365486,-0.40144737,-0.37367529,-0.19570737,-0.40871834,13.372847,57.205147,38.530468,-39.398271,7.009644,40.371045,41.733269,-1.5160854,0.40144737,-673.36948,-0.0
2179.0,939.09786,10.666667,1.1111111,4.1111111,5.3983,12.2168,73.850062,9029.7595,89.349,173.879,64.3741,10.555556,3.6666667,6.7777778,0.166,10.666667,0.66666667,0.0,2.2441,727.06233,0.2472968961613017,0.4800000154800014,0.04999999955000014,0.1849999996850005,1.0000000005557308,0.9999999997544367,0.28403869999563014,0.8825174871505473,0.9999999999776161,1.0000000000230045,0.9999999999378634,0.47500002047500134,0.16500000166500048,0.3050000013050009,0.022736611423092756,0.4800000154800014,0.030000000180000087,0.0,1.0000000003119294,1.000000000330095,0.38461809,8.3264868,34.464853,30.746306,-0.88862755,-0.38392726,-3.5954826,-0.38461809,-0.4002374,-0.20001355,-0.41006949,13.110735,55.21816,37.046297,-38.831518,6.8790506,39.000627,40.343662,-1.4950232,0.38461809,-670.0607799999999,-0.0
2180.0,939.09786,10.777778,1.1111111,4.1111111,5.3983,12.2168,70.660609,8863.4488,89.349,173.879,64.3741,10.666667,3.6666667,6.6666667,0.158,10.777778,0.55555556,0.0,2.2441,727.06233,0.24729689616130174,0.48500001048500135,0.04999999955000014,0.1849999996850005,1.0000000005557301,0.9999999997544372,0.271771573072742,0.8662632224549865,0.9999999999776156,1.0000000000230052,0.9999999999378631,0.4800000154800014,0.16500000166500048,0.30000000180000086,0.021640871113546116,0.48500001048500135,0.02500000022500007,0.0,1.0000000003119287,1.000000000330095,0.38802927,8.1687596,33.318355,29.726891,-0.74499211,-0.34849163,-3.6185317,-0.38802927,-0.36885454,-0.19781977,-0.37660997,12.834066,53.303707,35.633179,-38.104902,6.749312,37.670168,38.993384,-1.4132422,0.38802927,-666.9332800000001,-0.0
2181.0,939.09786,10.888889,1.1111111,4.1111111,5.3983,12.2168,70.660609,9029.7595,89.349,173.879,64.3741,10.777778,3.5555556,6.5555555,0.158,10.888889,0.55555555,0.0,2.2441,727.06233,0.2472968961613017,0.49000000549000144,0.04999999955000014,0.1849999996850005,1.0000000005557308,0.9999999997544365,0.27177157307274186,0.8825174871505442,0.9999999999776161,1.0000000000230045,0.999999999937863,0.48500001048500135,0.16000000216000046,0.2949999977950008,0.02164087111354611,0.49000000549000144,0.02499999977500007,0.0,1.0000000003119291,1.000000000330095,0.36738189,7.9894168,32.20605,28.745244,-0.66936564,-0.32890794,-3.5835005,-0.36738189,-0.34478329,-0.19213653,-0.3564587,12.499292,51.471716,34.307727,-37.156484,6.6024067,36.381678,37.684149,-1.3602372,0.36738189,-663.66468,-0.0
2182.0,939.09786,10.555556,1.1111111,4.0,5.3983,12.2168,70.660609,8768.5976,89.349,173.879,64.3741,10.222222,3.5555556,6.5555555,0.158,10.555556,0.55555556,0.0,2.2441,727.06233,0.24729689616130174,0.47500002047500134,0.04999999955000014,0.1800000001800005,1.0000000005557308,0.9999999997544362,0.2717715730727421,0.8569930040535751,0.999999999977615,1.0000000000230045,0.9999999999378634,0.4599999904600013,0.16000000216000046,0.2949999977950008,0.02164087111354611,0.47500002047500134,0.02500000022500007,0.0,1.0000000003119285,1.000000000330095,0.370405,7.5455471,31.083363,27.749733,-0.68974776,-0.33685352,-3.4534976,-0.370405,-0.34765294,-0.18722607,-0.35204419,11.673803,49.687392,33.053439,-35.939007,6.238631,35.098533,36.379002,-1.3258598,0.370405,-660.79788,17.752771
2183.0,939.09786,10.111111,1.1111111,4.0,5.3983,12.2168,70.660609,9029.7595,89.349,173.879,64.3741,9.6666667,3.5555556,6.4444444,0.166,10.111111,0.55555556,0.0,2.2441,727.06233,0.24729689616130168,0.45499999545500125,0.04999999955000014,0.1800000001800005,1.0000000005557304,0.9999999997544368,0.2717715730727419,0.8825174871505429,0.9999999999776166,1.0000000000230043,0.999999999937863,0.43500000193500127,0.16000000216000046,0.28999999829000084,0.022736611423092756,0.45499999545500125,0.02500000022500007,0.0,1.0000000003119291,1.000000000330095,0.34780881,7.0979685,29.986647,26.783717,-0.63919636,-0.34941605,-3.2347241,-0.34780881,-0.34446175,-0.17869835,-0.36763185,10.880173,47.976421,31.924608,-34.515928,5.8709926,33.851232,35.108085,-1.3353305,0.34780881,-657.8099800000001,2.0509563
2184.0,939.09786,9.6666667,1.0,4.0,5.3983,12.2168,70.660609,9029.7595,89.349,173.879,64.3741,9.2222222,3.5483932,6.4444444,0.158,9.6666667,0.55555556,0.0,2.2441,727.06233,0.2472968961613017,0.43500000193500127,0.04500000004500013,0.1800000001800005,1.0000000005557304,0.9999999997544361,0.2717715730727419,0.8825174871505469,0.9999999999776162,1.0000000000230045,0.9999999999378634,0.41499999941500115,0.15967769415967814,0.28999999829000084,0.021640871113546106,0.43500000193500127,0.02500000022500007,0.0,1.0000000003119291,1.000000000330095,0.33529238,6.647428,28.908933,25.821077,-0.65616186,-0.33023224,-3.2817874,-0.33529238,-0.33459167,-0.1781982,-0.3477069,10.123987,46.332564,30.854691,-33.940878,5.4998678,32.63137,33.864053,-1.2902022,0.33529238,-655.1920799999999,-0.0
2185.0,939.09786,9.3333333,1.0,3.8888889,5.3983,12.2168,67.718731,8768.5976,89.349,173.879,64.3741,8.8888889,3.4444444,6.4444444,0.15,9.3333333,0.55555556,0.0,2.2441,727.06233,0.24729689616130177,0.41999999892000117,0.04500000004500013,0.1750000006750005,1.0000000005557306,0.9999999997544365,0.26045665768830073,0.8569930040535741,0.9999999999776156,1.0000000000230052,0.9999999999378634,0.4000000009000011,0.15499999815500043,0.28999999829000084,0.02054513080399948,0.41999999892000117,0.02500000022500007,0.0,1.0000000003119294,1.000000000330095,0.33560728,6.2564928,27.843811,24.847561,-0.65112877,-0.31148942,-3.3440653,-0.33560728,-0.34375543,-0.18084942,-0.35773496,9.5446593,44.745543,29.870639,-33.39476,5.1760115,31.433685,32.641623,-1.2626426,0.33560728,-652.23688,-0.0
2186.0,1021.1613,8.8888889,1.0,3.8888889,5.3983,12.2168,64.99646,8153.553,89.349,173.879,64.3741,8.5555555,3.4444444,6.4444444,0.142,8.8888889,0.44444444,0.0,2.2441,727.06233,0.2689070337888321,0.4000000009000011,0.04500000004500013,0.1750000006750005,1.0000000005557308,0.9999999997544368,0.24998638461153877,0.7968820326730497,0.9999999999776161,1.0000000000230045,0.999999999937863,0.3849999978850011,0.15499999815500043,0.28999999829000084,0.019449390494452837,0.4000000009000011,0.019999999820000055,0.0,1.000000000311929,1.000000000330095,0.39338281,5.8609629,26.796639,23.897135,-0.63885181,-0.30767889,-3.3794924,-0.39338281,-0.35027829,-0.18303605,-0.35915178,8.991931,43.223002,28.925379,-32.762823,4.8476328,30.262003,31.444729,-1.2387212,0.39338281,-649.8840799999999,-0.0
2187.0,939.09786,8.6666667,1.0,3.7777778,5.3983,12.2168,64.99646,8482.5151,89.349,173.879,64.3741,8.4444444,3.4444444,6.4444444,0.142,8.6666667,0.44444444,0.0,2.2441,727.06233,0.24729689616130168,0.3900000018900011,0.04500000004500013,0.17000000117000047,1.0000000005557312,0.9999999997544361,0.24998638461153871,0.8290329228334986,0.9999999999776162,1.0000000000230045,0.9999999999378634,0.3799999983800011,0.15499999815500043,0.28999999829000084,0.019449390494452823,0.3900000018900011,0.019999999820000055,0.0,1.0000000003119287,1.000000000330095,0.33210874,5.5525143,25.811529,22.998149,-0.59403616,-0.29550129,-3.3692872,-0.33210874,-0.31149303,-0.1782931,-0.32574604,8.6160753,41.821254,28.098833,-31.937321,4.5902405,29.152197,30.309588,-1.1566434,0.33210874,-647.02158,-0.0
2188.0,939.09786,8.4444444,0.88888889,3.7777778,5.3983,12.2168,64.99646,8768.5976,89.349,173.879,64.3741,8.2222222,3.4444444,6.4444444,0.142,8.4444444,0.44444444,0.0,2.2441,727.06233,0.24729689616130177,0.3799999983800011,0.04000000009000011,0.17000000117000047,1.0000000005557304,0.9999999997544369,0.24998638461153883,0.8569930040535756,0.9999999999776151,1.0000000000230047,0.9999999999378634,0.369999999370001,0.15499999815500043,0.28999999829000084,0.019449390494452833,0.3799999983800011,0.019999999820000055,0.0,1.0000000003119285,1.000000000330095,0.32013476,5.275869,24.897711,22.161679,-0.59751032,-0.29385414,-3.2866615,-0.32013476,-0.31237266,-0.17255577,-0.31108497,8.2492221,40.515846,27.361175,-30.875737,4.360075,28.111942,29.243509,-1.1214974,0.32013476,-643.63038,7.0812821
2189.0,939.09786,8.2222222,0.88888889,3.6666667,5.3983,12.2168,64.99646,8389.3764,89.349,173.879,64.3741,8.1111111,3.4444444,6.4444444,0.154,8.2222222,0.44444444,0.0,2.2441,727.06233,0.24729689616130177,0.369999999370001,0.04000000009000011,0.16500000166500048,1.0000000005557306,0.9999999997544367,0.24998638461153855,0.8199300744707623,0.9999999999776158,1.0000000000230043,0.9999999999378631,0.36499999986500103,0.15499999815500043,0.28999999829000084,0.021093000958772798,0.369999999370001,0.019999999820000055,0.0,1.0000000003119291,1.000000000330095,0.31935672,5.042045,24.053736,21.38685,-0.58074512,-0.27810975,-3.1128803,-0.31935672,-0.29385294,-0.1666521,-0.2996102,7.9169011,39.301258,26.696807,-29.531596,4.1660439,27.139916,28.2452,-1.0796706,0.31935672,-640.96148,10.014045
2190.0,939.09786,8.2222222,0.88888889,3.6666667,5.3983,12.2168,67.718731,8389.3764,89.349,173.879,64.3741,8.1111111,3.4444444,6.5555555,0.158,8.2222222,0.44444444,0.0,2.2441,727.06233,0.24729689616130174,0.369999999370001,0.04000000009000011,0.16500000166500048,1.0000000005557308,0.9999999997544361,0.2604566576883007,0.8199300744707652,0.9999999999776154,1.000000000023005,0.9999999999378636,0.36499999986500103,0.15499999815500043,0.2949999977950008,0.021640871113546113,0.369999999370001,0.019999999820000055,0.0,1.0000000003119287,1.000000000330095,0.31007318,4.8807167,23.283453,20.68216,-0.5887748,-0.27476782,-2.9928039,-0.31007318,-0.29390143,-0.16010484,-0.30382193,7.6784484,38.178978,26.11183,-28.44108,4.032413,26.239625,27.318154,-1.0683434,0.31007318,-639.13128,-0.0
2191.0,939.09786,8.2222222,0.88888889,3.6666667,5.3983,12.2168,64.99646,8768.5976,89.349,173.879,64.3741,8.1111111,3.4444444,6.6666667,0.154,8.2222222,0.44444444,0.0,2.2441,727.06233,0.2472968961613017,0.369999999370001,0.04000000009000011,0.16500000166500048,1.0000000005557306,0.9999999997544372,0.24998638461153877,0.8569930040535744,0.9999999999776154,1.0000000000230045,0.9999999999378631,0.36499999986500103,0.15499999815500043,0.30000000180000086,0.021093000958772805,0.369999999370001,0.019999999820000055,0.0,1.000000000311929,1.000000000330095,0.29292252,4.7589975,22.573394,20.02871,-0.57723504,-0.26514494,-3.0021379,-0.29292252,-0.28297657,-0.15861469,-0.29455384,7.4843178,37.134452,25.593999,-27.755974,3.9318916,25.400505,26.451772,-1.051386,0.29292252,-637.4567800000001,-0.0
2192.0,855.99377,8.3333333,0.88888889,3.6666667,5.3983,12.2168,64.99646,9308.8091,89.349,173.879,64.3741,8.2222222,3.4444444,6.6666667,0.154,8.3333333,0.44444444,0.0,2.2441,727.06233,0.22541271945227428,0.374999998875001,0.04000000009000011,0.16500000166500048,1.0000000005557308,0.9999999997544363,0.24998638461153871,0.9097902126071171,0.9999999999776162,1.0000000000230047,0.9999999999378634,0.369999999370001,0.15499999815500043,0.30000000180000086,0.021093000958772787,0.374999998875001,0.019999999820000055,0.0,1.0000000003119294,1.000000000330095,0.21195462,4.6556142,21.917313,19.413619,-0.52106173,-0.25208086,-2.9638568,-0.21195462,-0.28145258,-0.15504904,-0.28475415,7.2944991,36.151102,25.088253,-26.924575,3.8471142,24.621782,25.641081,-1.012869,0.21195462,-633.5090799999999,-0.0
2193.0,784.54968,8.3333333,0.88888889,3.6666667,5.3983,12.2168,64.99646,9308.8091,89.349,173.879,64.3741,8.2222222,3.4444444,6.7777778,0.162,8.3333333,0.44444444,0.0,2.2441,727.06233,0.2065990233950086,0.374999998875001,0.04000000009000011,0.16500000166500048,1.0000000005557304,0.9999999997544367,0.24998638461153877,0.9097902126071177,0.9999999999776156,1.0000000000230047,0.9999999999378634,0.369999999370001,0.15499999815500043,0.3050000013050009,0.02218874126831943,0.374999998875001,0.019999999820000055,0.0,1.0000000003119294,1.000000000330095,0.20228061,4.5317451,21.26295,18.792333,-0.48661702,-0.23905455,-2.8528472,-0.20228061,-0.26334885,-0.14856279,-0.26704596,7.0804301,35.169319,24.607846,-25.851307,3.7452345,23.85595,24.841626,-0.9560231,0.20228061,-630.5310800000001,0.65241964
2194.0,771.84899,8.3333333,0.88888889,3.6666667,5.3983,12.2168,67.718731,9308.8091,89.349,173.879,64.3741,8.2222222,3.4444444,6.8888889,0.178,8.3333333,0.33333333,0.0,2.2441,727.06233,0.20325449312836857,0.374999998875001,0.04000000009000011,0.16500000166500048,1.0000000005557301,0.9999999997544372,0.2604566576883008,0.9097902126071156,0.9999999999776158,1.0000000000230052,0.9999999999378631,0.369999999370001,0.15499999815500043,0.3100000008100009,0.02438022188741271,0.374999998875001,0.014999999865000042,0.0,1.0000000003119294,1.000000000330095,0.19488694,4.4038319,20.611832,18.17485,-0.47930391,-0.23835334,-2.6299916,-0.19488694,-0.2542469,-0.13806604,-0.26369073,6.872395,34.18312,24.103652,-24.460078,3.6397122,23.104272,24.055269,-0.92594271,0.19488694,-627.9657800000001,-0.0
2195.0,855.99377,8.3333333,0.88888889,3.5555556,5.3983,12.2168,73.850062,9212.1456,89.349,173.879,64.3741,8.2222222,3.4444444,7.0,0.206,8.3333333,0.33333333,0.0,2.2441,727.06233,0.22541271945227434,0.374999998875001,0.04000000009000011,0.16000000216000046,1.000000000555731,0.9999999997544359,0.28403869999563014,0.9003428702809806,0.9999999999776151,1.0000000000230045,0.9999999999378628,0.369999999370001,0.15499999815500043,0.3150000003150009,0.028215312970825933,0.374999998875001,0.014999999865000042,0.0,1.0000000003119287,1.000000000330095,0.20973577,4.2762812,19.964838,17.561984,-0.41594237,-0.21039881,-2.2335041,-0.20973577,-0.22166883,-0.11909577,-0.23127853,6.6759741,33.19213,23.590057,-22.533809,3.5342285,22.367351,23.282603,-0.84424598,0.20973577,-625.32018,32.409281
2196.0,855.99377,8.4444444,0.88888889,3.5555556,5.3983,12.2168,85.265202,9233.6803,89.349,173.879,64.3741,8.2222222,3.4444444,7.0,0.25,8.4444444,0.33333333,0.0,2.2441,727.06233,0.22541271945227437,0.3799999983800011,0.04000000009000011,0.16000000216000046,1.000000000555731,0.9999999997544365,0.3279430846103395,0.9024475497390044,0.999999999977615,1.0000000000230047,0.9999999999378634,0.369999999370001,0.15499999815500043,0.3150000003150009,0.03424188467333247,0.3799999983800011,0.014999999865000042,0.0,1.0000000003119283,1.000000000330095,0.20240093,4.166892,19.331227,16.963073,-0.39916593,-0.19162682,-1.6666715,-0.20240093,-0.19186234,-0.092966615,-0.20319684,6.5213184,32.208715,23.03241,-20.188795,3.443448,21.65299,22.53093,-0.76726793,0.20240093,-619.41288,7.7944635
2197.0,855.99377,8.5555555,0.88888889,3.5555556,5.3983,12.2168,85.265202,9108.4658,89.349,173.879,64.3741,8.4444444,3.4444444,7.1111111,0.25,8.5555555,0.33333333,0.0,2.2441,727.06233,0.22541271945227434,0.3849999978850011,0.04000000009000011,0.16000000216000046,1.0000000005557304,0.9999999997544369,0.3279430846103394,0.8902097945812024,0.9999999999776151,1.0000000000230043,0.9999999999378631,0.3799999983800011,0.15499999815500043,0.3199999998200009,0.034241884673332466,0.3849999978850011,0.014999999865000042,0.0,1.000000000311929,1.000000000330095,0.21035589,4.0876685,18.710644,16.377653,-0.41483829,-0.19739127,-1.5869163,-0.21035589,-0.18321199,-0.089780946,-0.20535758,6.4299402,31.229403,22.477141,-19.592343,3.3772203,20.961732,21.800066,-0.75222083,0.21035589,-612.5744800000001,-0.0
2198.0,855.99377,8.6666667,0.88888889,3.4444444,5.3983,12.2168,85.21071,9165.7067,89.349,173.879,64.3741,8.6666667,3.4444444,7.1111111,0.238,8.6666667,0.33333333,0.0,2.2441,727.06233,0.22541271945227434,0.3900000018900011,0.04000000009000011,0.15499999815500043,1.0000000005557304,0.9999999997544363,0.3277334999949579,0.8958041955428522,0.9999999999776158,1.0000000000230045,0.9999999999378634,0.3900000018900011,0.15499999815500043,0.3199999998200009,0.03259827420901249,0.3900000018900011,0.014999999865000042,0.0,1.0000000003119294,1.000000000330095,0.19772576,4.0204057,18.114429,15.819816,-0.39804991,-0.19606096,-1.627376,-0.19772576,-0.17992225,-0.091151763,-0.20170094,6.3461606,30.26663,21.883187,-19.400211,3.321125,20.302399,21.098827,-0.74052955,0.19772576,-607.18888,-0.0
2199.0,855.99377,8.8888889,0.88888889,3.4444444,5.3983,12.2168,81.109521,9165.7067,89.349,173.879,64.3741,8.8888889,3.4444444,7.1111111,0.23,8.8888889,0.33333333,0.0,2.2441,727.06233,0.22541271945227437,0.4000000009000011,0.04000000009000011,0.15499999815500043,1.0000000005557308,0.9999999997544368,0.31195969614904684,0.895804195542851,0.9999999999776156,1.0000000000230052,0.9999999999378636,0.4000000009000011,0.15499999815500043,0.3199999998200009,0.031502533899465876,0.4000000009000011,0.014999999865000042,0.0,1.0000000003119291,1.000000000330095,0.18903866,3.9792665,17.539023,15.283791,-0.36649241,-0.18695154,-1.6595712,-0.18903866,-0.18066811,-0.092153687,-0.1947731,6.300416,29.316337,21.299035,-19.162208,3.286697,19.671057,20.423941,-0.73000839,0.18903866,-601.5337800000001,-0.0
2200.0,855.99377,9.1111111,0.88888889,3.4444444,5.3983,12.2168,77.32002,9165.7067,89.349,173.879,64.3741,9.1111111,3.4444444,7.1111111,0.222,9.1111111,0.33333333,0.0,2.2441,727.06233,0.2254127194522743,0.4099999999100012,0.04000000009000011,0.15499999815500043,1.0000000005557301,0.9999999997544368,0.2973846923031172,0.8958041955428517,0.9999999999776166,1.0000000000230047,0.999999999937863,0.4099999999100012,0.15499999815500043,0.3199999998200009,0.03040679358991923,0.4099999999100012,0.014999999865000042,0.0,1.0000000003119294,1.000000000330095,0.18860544,3.9342147,16.981268,14.765997,-0.38198425,-0.18262126,-1.6792917,-0.18860544,-0.18432313,-0.092696266,-0.19626325,6.2309286,28.37367,20.743333,-18.871598,3.2494398,19.065201,19.77255,-0.71839549,0.18860544,-594.2139800000001,-0.0
2201.0,855.99377,9.3333333,0.88888889,3.4444444,5.3983,12.2168,77.32002,9165.7067,89.349,173.879,64.3741,9.3333333,3.3333333,7.1111111,0.218,9.3333333,0.33333333,0.0,2.2441,727.06233,0.2254127194522743,0.41999999892000117,0.04000000009000011,0.15499999815500043,1.0000000005557308,0.9999999997544362,0.29738469230311704,0.895804195542851,0.9999999999776162,1.0000000000230045,0.9999999999378634,0.41999999892000117,0.14999999865000044,0.3199999998200009,0.029858923435145887,0.41999999892000117,0.014999999865000042,0.0,1.0000000003119287,1.000000000330095,0.18204742,3.8975338,16.441716,14.267003,-0.3334932,-0.17373499,-1.6778485,-0.18204742,-0.17860887,-0.092431866,-0.18858881,6.1654851,27.444548,20.151138,-18.499678,3.2193116,18.48411,19.144232,-0.68958879,0.18204742,-585.93908,-0.0
2202.0,855.99377,9.5555555,0.88888889,3.3333333,5.3983,12.2168,77.32002,9192.2611,89.349,173.879,64.3741,9.5555555,3.3333333,7.1111111,0.214,9.5555555,0.33333333,0.0,2.2441,727.06233,0.2254127194522744,0.42999999793000127,0.04000000009000011,0.14999999865000044,1.0000000005557304,0.9999999997544377,0.2973846923031175,0.8983994720129264,0.9999999999776158,1.000000000023005,0.9999999999378636,0.42999999793000127,0.14999999865000044,0.3199999998200009,0.029311053280372576,0.42999999793000127,0.014999999865000042,0.0,1.0000000003119291,1.000000000330095,0.17053437,3.8618283,15.915909,13.782694,-0.33450988,-0.16812293,-1.642509,-0.17053437,-0.17530058,-0.089720145,-0.18347259,6.0946856,26.521416,19.532685,-18.012154,3.1901588,17.924679,18.53556,-0.66710842,0.17053437,-579.2428799999999,4.0054146
2203.0,855.99377,9.7777778,0.77777778,3.3333333,5.3983,12.2168,77.32002,9233.6803,89.349,173.879,64.3741,9.6666667,3.3333333,7.1111111,0.218,9.7777778,0.33333333,0.0,2.2441,727.06233,0.22541271945227437,0.4400000014400013,0.0350000001350001,0.14999999865000044,1.0000000005557308,0.9999999997544365,0.2973846923031171,0.9024475497390024,0.9999999999776161,1.0000000000230045,0.9999999999378634,0.43500000193500127,0.14999999865000044,0.3199999998200009,0.02985892343514589,0.4400000014400013,0.014999999865000042,0.0,1.000000000311929,1.000000000330095,0.16325516,3.8128393,15.393501,13.303378,-0.35235605,-0.1671844,-1.5681676,-0.16325516,-0.16813979,-0.086806087,-0.17960191,6.001583,25.600804,18.907441,-17.42057,3.1500535,17.377029,17.936716,-0.65050086,0.16325516,-572.81508,-0.0
2204.0,855.99377,9.8888889,0.77777778,3.3333333,5.3983,12.2168,77.32002,9173.8843,89.349,173.879,64.3741,9.7777778,3.2222222,7.1111111,0.218,9.8888889,0.33333333,0.0,2.2441,727.06233,0.22541271945227437,0.44500000094500125,0.0350000001350001,0.14999999865000044,1.0000000005557312,0.9999999997544363,0.29738469230311715,0.8966034277929384,0.9999999999776158,1.0000000000230045,0.9999999999378631,0.4400000014400013,0.14499999914500042,0.3199999998200009,0.029858923435145904,0.44500000094500125,0.014999999865000042,0.0,1.0000000003119287,1.000000000330095,0.160745,3.7513455,14.872564,12.827378,-0.32862721,-0.16954566,-1.5197907,-0.160745,-0.16264193,-0.08440926,-0.18245045,5.8901797,24.678399,18.338558,-16.940519,3.0995954,16.838558,17.345607,-0.64797185,0.160745,-566.20798,5.5422311
2205.0,855.99377,10.0,0.77777778,3.2222222,5.3983,12.2168,81.109521,9165.7067,89.349,173.879,64.3741,9.8888889,3.2222222,7.0,0.222,10.0,0.33333333,0.0,2.2441,727.06233,0.2254127194522743,0.45000000045000127,0.0350000001350001,0.14499999914500042,1.0000000005557304,0.9999999997544368,0.31195969614904684,0.8958041955428516,0.999999999977615,1.0000000000230045,0.999999999937863,0.44500000094500125,0.14499999914500042,0.3150000003150009,0.030406793589919243,0.45000000045000127,0.014999999865000042,0.0,1.0000000003119285,1.000000000330095,0.15946563,3.6753549,14.351,12.351819,-0.30663734,-0.15459615,-1.4300523,-0.15946563,-0.15607175,-0.07927028,-0.16560625,5.7613677,23.759323,17.704823,-16.309011,3.0370294,16.293878,16.760265,-0.61484422,0.15946563,-558.8996800000001,1.2714439
2206.0,855.99377,10.0,0.77777778,3.2222222,5.3983,12.2168,77.32002,9134.843,89.349,173.879,64.3741,9.8888889,3.2222222,7.0,0.218,10.0,0.33333333,0.0,2.2441,727.06233,0.2254127194522743,0.45000000045000127,0.0350000001350001,0.14499999914500042,1.0000000005557308,0.9999999997544363,0.2973846923031171,0.8927877525281539,0.9999999999776165,1.0000000000230043,0.9999999999378628,0.44500000094500125,0.14499999914500042,0.3150000003150009,0.029858923435145898,0.45000000045000127,0.014999999865000042,0.0,1.000000000311929,1.000000000330095,0.16098743,3.5707277,13.831852,11.88003,-0.31496736,-0.15138511,-1.4034602,-0.16098743,-0.15896565,-0.078508418,-0.16601355,5.5818916,22.843917,17.06716,-15.928741,2.9509312,15.755715,16.18309,-0.60690905,0.16098743,-551.54068,3.9746299
2207.0,855.99377,10.111111,0.77777778,3.1111111,5.3983,12.2168,77.32002,9029.7595,89.349,173.879,64.3741,9.8888889,3.1111111,6.8888889,0.214,10.111111,0.33333333,0.0,2.2441,727.06233,0.22541271945227442,0.45499999545500125,0.0350000001350001,0.1399999996400004,1.0000000005557306,0.9999999997544369,0.29738469230311715,0.8825174871505439,0.9999999999776155,1.000000000023005,0.9999999999378638,0.44500000094500125,0.1399999996400004,0.3100000008100009,0.02931105328037258,0.45499999545500125,0.014999999865000042,0.0,1.000000000311929,1.000000000330095,0.16659067,3.4757982,13.317833,11.41446,-0.30289395,-0.14636678,-1.3780997,-0.16659067,-0.15440526,-0.077272201,-0.16136335,5.4328965,21.943112,16.412094,-15.544859,2.8725022,15.242001,15.615211,-0.58492658,0.16659067,-543.98258,-0.0
2208.0,939.09786,10.111111,0.66666667,3.1111111,5.3983,12.2168,77.32002,9029.7595,89.349,173.879,64.3741,9.8888889,3.0,6.7777778,0.206,10.111111,0.33333333,0.0,2.2441,727.06233,0.24729689616130174,0.45499999545500125,0.030000000180000087,0.1399999996400004,1.0000000005557301,0.9999999997544372,0.2973846923031172,0.8825174871505445,0.9999999999776156,1.0000000000230047,0.9999999999378631,0.44500000094500125,0.13500000013500038,0.3050000013050009,0.028215312970825947,0.45499999545500125,0.014999999865000042,0.0,1.0000000003119294,1.000000000330095,0.16282627,3.37563,12.814413,10.960766,-0.28287053,-0.14252597,-1.4104466,-0.16282627,-0.14935005,-0.077903999,-0.1542858,5.2760431,21.062334,15.770562,-15.349334,2.7897221,14.788758,15.061276,-0.56656101,0.16282627,-536.4755799999999,-0.0
2209.0,939.09786,10.111111,0.66666667,3.0,5.3983,12.2168,73.850062,8934.2401,89.349,173.879,64.3741,9.8888889,3.0,6.6666667,0.198,10.111111,0.33333333,0.0,2.2441,727.06233,0.24729689616130168,0.45499999545500125,0.030000000180000087,0.13500000013500038,1.0000000005557308,0.9999999997544361,0.28403869999563014,0.8731819626703945,0.999999999977615,1.0000000000230045,0.9999999999378631,0.44500000094500125,0.13500000013500038,0.30000000180000086,0.027119572661279297,0.45499999545500125,0.014999999865000042,0.0,1.0000000003119285,1.000000000330095,0.16465881,3.2775219,12.322436,10.519572,-0.27378219,-0.13694251,-1.433255,-0.16465881,-0.14962222,-0.078669858,-0.14820278,5.1256917,20.197502,15.131463,-15.111158,2.7085697,14.303859,14.522399,-0.55153914,0.16465881,-529.0019799999999,-0.0
2210.0,939.09786,10.0,0.66666667,3.0,5.3983,12.2168,73.850062,9029.7595,89.349,173.879,64.3741,9.7777778,2.8888889,6.5555555,0.194,10.0,0.22222222,0.0,2.2441,727.06233,0.24729689616130174,0.45000000045000127,0.030000000180000087,0.13500000013500038,1.000000000555731,0.9999999997544365,0.28403869999563036,0.8825174871505461,0.9999999999776154,1.0000000000230045,0.9999999999378638,0.4400000014400013,0.13000000063000036,0.2949999977950008,0.026571702506505996,0.45000000045000127,0.009999999910000027,0.0,1.000000000311928,1.000000000330095,0.15806884,3.162787,11.845958,10.094351,-0.28805205,-0.13958829,-1.4391133,-0.15806884,-0.1462042,-0.079049521,-0.15612558,4.9391476,19.356765,14.513042,-14.824894,2.6139216,13.842602,14.002194,-0.54720998,0.15806884,-521.7763799999999,3.0507224
2211.0,939.09786,9.8888889,0.66666667,2.8888889,5.3983,12.2168,70.660609,8988.9549,89.349,173.879,64.3741,9.7777778,2.8888889,6.4444444,0.19,10.0,0.22222222,0.0,2.2441,727.06233,0.24729689616130174,0.44500000094500125,0.030000000180000087,0.13000000063000036,1.0000000005557308,0.9999999997544373,0.27177157307274186,0.8785294769431645,0.9999999999776154,1.000000000023004,0.999999999937863,0.4400000014400013,0.13000000063000036,0.28999999829000084,0.026023832351732668,0.45000000045000127,0.009999999910000027,0.0,1.0000000003119291,1.000000000330095,0.15520672,3.0539958,11.383484,9.674953,-0.29048614,-0.13719022,-1.428879,-0.15520672,-0.14561207,-0.078194223,-0.15382359,4.7674407,18.542265,13.869872,-14.478618,2.5240531,13.397163,13.49859,-0.53927943,0.15520672,-515.1088800000001,-0.0
2212.0,939.09786,9.7777778,0.55555556,2.7777778,5.3983,12.2168,70.660609,8768.5976,89.349,173.879,64.3741,9.5555555,2.7777778,6.3333333,0.182,9.7777778,0.22222222,0.0,2.2441,727.06233,0.2472968961613017,0.4400000014400013,0.02500000022500007,0.12500000112500034,1.0000000005557304,0.9999999997544365,0.2717715730727418,0.8569930040535719,0.9999999999776154,1.0000000000230043,0.999999999937863,0.42999999793000127,0.12500000112500034,0.28499999878500076,0.024928092042186024,0.4400000014400013,0.009999999910000027,0.0,1.0000000003119291,1.000000000330095,0.15146168,2.9299583,10.938627,9.2725848,-0.27289244,-0.13187931,-1.461484,-0.15146168,-0.14887464,-0.079195594,-0.14875194,4.5594549,17.755901,13.265973,-14.262873,2.4218714,12.968276,13.014328,-0.53550845,0.15146168,-508.45737999999994,-0.0
2213.0,939.09786,9.6666667,0.55555555,2.7777778,5.3983,12.2168,67.718731,8970.4867,89.349,173.879,64.3741,9.4444444,2.6666667,6.2222222,0.174,9.6666667,0.22222222,0.0,2.2441,727.06233,0.2472968961613018,0.43500000193500127,0.02499999977500007,0.12500000112500034,1.000000000555731,0.9999999997544367,0.2604566576883006,0.8767244998054918,0.9999999999776155,1.0000000000230052,0.9999999999378636,0.4249999984250012,0.12000000162000034,0.2799999992800008,0.0238323517326394,0.43500000193500127,0.009999999910000027,0.0,1.0000000003119287,1.000000000330095,0.14629722,2.8142401,10.5082,8.8940644,-0.26614545,-0.13106245,-1.48448,-0.14629722,-0.14973958,-0.080212608,-0.14741661,4.372784,16.987282,12.67717,-13.997007,2.3263754,12.547361,12.547361,-0.5131372,0.14629722,-502.29598,-0.0
2214.0,939.09786,9.5555555,0.55555555,2.6666667,5.3983,12.2168,64.99646,8926.0366,89.349,173.879,64.3741,9.3333333,2.6666667,6.0,0.17,9.5555555,0.22222222,0.0,2.2441,727.06233,0.2472968961613017,0.42999999793000127,0.02499999977500007,0.12000000162000034,1.0000000005557308,0.9999999997544369,0.24998638461153866,0.8723801991011833,0.9999999999776166,1.0000000000230038,0.999999999937863,0.41999999892000117,0.12000000162000034,0.27000000027000076,0.023284481577866074,0.42999999793000127,0.009999999910000027,0.0,1.0000000003119291,1.000000000330095,0.14203614,2.7165458,10.091898,8.5595164,-0.25185661,-0.12948599,-1.4916581,-0.14203614,-0.14408567,-0.079861885,-0.14605326,4.2263841,16.243216,12.126069,-13.679184,2.2454982,12.096636,12.096636,-0.4956953,0.14203614,-496.06327999999996,-0.0
2215.0,939.09786,9.4444444,0.44444444,2.6666667,5.3983,12.2168,64.99646,8977.9884,89.349,173.879,64.3741,9.2222222,2.5555556,5.8888889,0.17,9.4444444,0.22222222,0.0,2.2441,727.06233,0.2472968961613017,0.4249999984250012,0.019999999820000055,0.12000000162000034,1.0000000005557308,0.9999999997544362,0.24998638461153866,0.8774576734225039,0.9999999999776165,1.0000000000230045,0.9999999999378634,0.41499999941500115,0.11500000211500032,0.2650000007650008,0.023284481577866074,0.4249999984250012,0.009999999910000027,0.0,1.000000000311929,1.000000000330095,0.13789916,2.6009184,9.689173,8.2077178,-0.2321639,-0.11894127,-1.4739225,-0.13789916,-0.13759253,-0.078054426,-0.1332694,4.0439635,15.520718,11.5736,-13.262778,2.1499654,11.661974,11.661974,-0.4659364,0.13789916,-489.5979799999999,0.31768373
2216.0,939.09786,9.2222222,0.44444444,2.5555556,5.3983,12.2168,64.99646,9029.7595,89.349,173.879,64.3741,9.0,2.4444444,5.7777778,0.178,9.2222222,0.22222222,0.0,2.2441,727.06233,0.24729689616130174,0.41499999941500115,0.019999999820000055,0.11500000211500032,1.0000000005557308,0.9999999997544373,0.24998638461153877,0.8825174871505453,0.9999999999776159,1.0000000000230052,0.9999999999378631,0.40500000040500117,0.10999999811000032,0.2600000012600007,0.02438022188741271,0.41499999941500115,0.009999999910000027,0.0,1.0000000003119291,1.000000000330095,0.12824041,2.4805072,9.3029344,7.875544,-0.22915451,-0.11417798,-1.4164867,-0.12824041,-0.13226849,-0.075309848,-0.13499405,3.8501339,14.826097,11.006909,-12.734554,2.0505946,11.244639,11.244639,-0.46277381,0.12824041,-483.7781799999999,4.9999994
2217.0,939.09786,9.0,0.44444444,2.5555556,5.3983,12.2168,67.718731,9003.3175,89.349,173.879,64.3741,8.7777778,2.3333333,5.5555555,0.19,9.0,0.22222222,0.0,2.2441,727.06233,0.24729689616130174,0.40500000040500117,0.019999999820000055,0.11500000211500032,1.0000000005557308,0.9999999997544367,0.26045665768830056,0.8799331960190654,0.9999999999776161,1.0000000000230047,0.9999999999378634,0.39500000139500113,0.1049999986050003,0.2499999977500007,0.026023832351732664,0.40500000040500117,0.009999999910000027,0.0,1.0000000003119291,1.000000000330095,0.12998318,2.3638077,8.9289391,7.5551863,-0.24012059,-0.11195674,-1.3212068,-0.12998318,-0.12469817,-0.070754942,-0.12811698,3.6683528,14.153716,10.476971,-12.092209,1.9541414,10.84042,10.84042,-0.44562286,0.12998318,-477.61558,2.4883922
2218.0,939.09786,9.0,0.44444444,2.4444444,5.3983,12.2168,67.718731,9029.7595,89.349,173.879,64.3741,8.7777778,2.3333333,5.4444444,0.194,9.0,0.11111111,0.0,2.2441,727.06233,0.24729689616130174,0.40500000040500117,0.019999999820000055,0.10999999811000032,1.0000000005557312,0.9999999997544362,0.2604566576883007,0.8825174871505453,0.9999999999776159,1.0000000000230045,0.9999999999378631,0.39500000139500113,0.1049999986050003,0.24499999824500068,0.026571702506505982,0.40500000040500117,0.004999999955000014,0.0,1.0000000003119287,1.000000000330095,0.12521216,2.288662,8.5739374,7.2515991,-0.23489154,-0.11077965,-1.2788101,-0.12521216,-0.12316431,-0.068827621,-0.12673776,3.5680483,13.509355,9.9584929,-11.651648,1.8916352,10.455419,10.455419,-0.43619041,0.12521216,-471.5011800000001,2.4399458
2219.0,939.09786,8.7777778,0.33333333,2.4444444,5.3983,12.2168,67.718731,8970.0158,89.349,173.879,64.3741,8.6666667,2.2222222,5.2222222,0.198,8.7777778,0.11111111,0.0,2.2441,727.06233,0.24729689616130168,0.39500000139500113,0.014999999865000042,0.10999999811000032,1.0000000005557306,0.9999999997544369,0.2604566576883007,0.8766784767098945,0.9999999999776154,1.0000000000230047,0.9999999999378634,0.3900000018900011,0.09999999910000028,0.23499999923500067,0.027119572661279324,0.39500000139500113,0.004999999955000014,0.0,1.0000000003119287,1.000000000330095,0.12252162,2.1915842,8.2362473,6.95898,-0.21167343,-0.10756334,-1.2570908,-0.12252162,-0.121057,-0.066835191,-0.12046245,3.4137891,12.891222,9.4526194,-11.277305,1.8114539,10.088012,10.088012,-0.41335158,0.12252162,-464.8000800000001,0.20957799
2220.0,855.99377,8.6666667,0.33333333,2.3333333,5.3983,12.2168,64.99646,9107.2761,89.349,173.879,64.3741,8.4444444,2.1111111,5.0,0.194,8.6666667,0.11111111,0.0,2.2441,727.06233,0.22541271945227434,0.3900000018900011,0.014999999865000042,0.1049999986050003,1.0000000005557306,0.9999999997544367,0.2499863846115385,0.8900935200498082,0.9999999999776165,1.0000000000230043,0.9999999999378628,0.3799999983800011,0.09499999959500027,0.22500000022500063,0.02657170250650599,0.3900000018900011,0.004999999955000014,0.0,1.000000000311929,1.000000000330095,0.11269234,2.1001361,7.9134357,6.651592,-0.21347925,-0.10234711,-1.261531,-0.11269234,-0.11998154,-0.067190078,-0.11947756,3.2717384,12.305541,8.9656436,-10.993694,1.7358678,9.7351125,9.7351125,-0.40320544,0.11269234,-458.12198,0.046059637
2221.0,888.36323,8.4444444,0.33333333,2.3333333,5.3983,12.2168,64.99646,9029.7595,89.349,173.879,64.3741,8.2222222,2.1111111,4.8888889,0.194,8.4444444,0.11111111,0.0,2.2441,727.06233,0.23393671607645733,0.3799999983800011,0.014999999865000042,0.1049999986050003,1.0000000005557306,0.9999999997544371,0.2499863846115386,0.8825174871505463,0.9999999999776158,1.000000000023005,0.9999999999378638,0.369999999370001,0.09499999959500027,0.22000000072000064,0.02657170250650599,0.3799999983800011,0.004999999955000014,0.0,1.000000000311929,1.000000000330095,0.11051519,2.002903,7.6051885,6.3593848,-0.21321109,-0.099941391,-1.2496932,-0.11051519,-0.11584596,-0.065980722,-0.11105698,3.1147614,11.746626,8.4999518,-10.654388,1.6556335,9.3964577,9.3964577,-0.38330469,0.11051519,-451.8462800000001,-0.0
2222.0,855.99377,8.3333333,0.33333333,2.2222222,5.3983,12.2168,64.99646,9137.6457,89.349,173.879,64.3741,8.1111111,2.0,4.6666667,0.202,8.3333333,0.11111111,0.0,2.2441,727.06233,0.22541271945227437,0.374999998875001,0.014999999865000042,0.09999999910000028,1.0000000005557304,0.9999999997544371,0.24998638461153871,0.8930616725324712,0.9999999999776161,1.0000000000230045,0.999999999937863,0.36499999986500103,0.09000000009000025,0.2100000017100006,0.02766744281605263,0.374999998875001,0.004999999955000014,0.0,1.0000000003119294,1.000000000330095,0.10032204,1.9150119,7.3141121,6.0852339,-0.18897618,-0.089641993,-1.2073523,-0.10032204,-0.10530081,-0.063209409,-0.10280278,2.9721596,11.214164,8.04467,-10.209523,1.5831085,9.0745652,9.0745652,-0.36476827,0.10032204,-444.33738000000005,2.6601459
2223.0,855.99377,8.1111111,0.22222222,2.1111111,5.3983,12.2168,67.718731,9108.4658,89.349,173.879,64.3741,7.8888889,1.8888889,4.4444444,0.218,8.1111111,0.11111111,0.0,2.2441,727.06233,0.2254127194522743,0.36499999986500103,0.009999999910000027,0.09499999959500027,1.0000000005557306,0.9999999997544362,0.2604566576883007,0.8902097945812051,0.9999999999776158,1.0000000000230043,0.9999999999378631,0.35500000085500105,0.08500000058500023,0.19999999820000056,0.029858923435145887,0.36499999986500103,0.004999999955000014,0.0,1.0000000003119287,1.000000000330095,0.098613805,1.8285832,7.0356136,5.8240866,-0.18185188,-0.087665771,-1.1246918,-0.098613805,-0.10154016,-0.058840351,-0.098388259,2.8311339,10.699537,7.5771317,-9.6520091,1.5118267,8.766438,8.766438,-0.34867092,0.098613805,-437.15438000000006,3.0862418
2224.0,855.99377,7.8888889,0.22222222,2.1111111,5.3983,12.2168,67.718731,9055.7091,89.349,173.879,64.3741,7.6666667,1.8888889,4.2222222,0.23,8.0,0.11111111,0.0,2.2441,727.06233,0.2254127194522744,0.35500000085500105,0.009999999910000027,0.09499999959500027,1.0000000005557308,0.9999999997544367,0.26045665768830073,0.8850536538983504,0.9999999999776155,1.0000000000230045,0.9999999999378638,0.345000001845001,0.08500000058500023,0.18999999919000055,0.031502533899465855,0.360000000360001,0.004999999955000014,0.0,1.0000000003119276,1.000000000330095,0.10012569,1.7423243,6.7643889,5.5706757,-0.17941044,-0.089231901,-1.0486262,-0.10012569,-0.10045732,-0.056102309,-0.096478462,2.6986664,10.204799,7.113239,-9.136261,1.4404826,8.4669763,8.4669763,-0.33982511,0.10012569,-429.4848800000001,3.7164438
2225.0,855.99377,7.6666667,0.22222222,2.0,5.3983,12.2168,70.660609,9165.7067,89.349,173.879,64.3741,7.3333333,1.7777778,4.0,0.238,7.6666667,0.11111111,0.0,2.2441,727.06233,0.22541271945227437,0.345000001845001,0.009999999910000027,0.09000000009000025,1.0000000005557308,0.9999999997544369,0.27177157307274186,0.8958041955428511,0.9999999999776158,1.0000000000230045,0.9999999999378631,0.3299999988300009,0.08000000108000023,0.1800000001800005,0.0325982742090125,0.345000001845001,0.004999999955000014,0.0,1.000000000311929,1.000000000330095,0.090438495,1.6421802,6.508001,5.3331274,-0.16777625,-0.085707058,-0.99802798,-0.090438495,-0.09432186,-0.053021772,-0.094568826,2.533901,9.740873,6.6799701,-8.730987,1.3579115,8.1815035,8.1815035,-0.33192065,0.090438495,-421.7509799999999,-0.0
2226.0,855.99377,7.3333333,0.22222222,2.0,5.3983,12.2168,67.718731,9212.9264,89.349,173.879,64.3741,7.1111111,1.6666667,3.7777778,0.242,7.4444444,0.0,0.0,2.2441,727.06233,0.2254127194522743,0.3299999988300009,0.009999999910000027,0.09000000009000025,1.0000000005557304,0.9999999997544363,0.2604566576883006,0.9004191812451816,0.9999999999776156,1.0000000000230047,0.9999999999378628,0.3199999998200009,0.07500000157500021,0.17000000117000047,0.03314614436378582,0.33499999833500094,0.0,0.0,1.0000000003119294,1.000000000330095,0.083891611,1.5548472,6.2624335,5.1073421,-0.15894794,-0.08381023,-0.99296591,-0.083891611,-0.091694128,-0.052481081,-0.092005879,2.3990079,9.2993968,6.2692859,-8.4677058,1.2857057,7.907113,7.907113,-0.31421142,0.083891611,-413.47778000000005,1.0099984
2227.0,855.99377,7.1111111,0.11111111,1.8888889,5.3983,12.2168,67.718731,9185.6208,89.349,173.879,64.3741,6.8888889,1.6666667,3.6666667,0.246,7.1111111,0.0,0.0,2.2441,727.06233,0.22541271945227437,0.3199999998200009,0.004999999955000014,0.08500000058500023,1.0000000005557312,0.9999999997544365,0.26045665768830084,0.8977504867470488,0.9999999999776151,1.000000000023005,0.9999999999378634,0.3100000008100009,0.07500000157500021,0.16500000166500048,0.033694014518559155,0.3199999998200009,0.0,0.0,1.0000000003119285,1.000000000330095,0.081448166,1.4732629,6.0274499,4.8922935,-0.16533708,-0.077995732,-0.96933039,-0.081448166,-0.088542791,-0.051129765,-0.089323596,2.2759991,8.8800307,5.8807909,-8.1490004,1.2181754,7.6428771,7.6428771,-0.30453754,0.081448166,-405.11767999999995,-0.0
2228.0,855.99377,7.0,0.11111111,1.8888889,5.3983,12.2168,67.718731,9105.9765,89.349,173.879,64.3741,6.7777778,1.5555556,3.4444444,0.25,7.0,0.0,0.0,2.2441,727.06233,0.22541271945227434,0.3150000003150009,0.004999999955000014,0.08500000058500023,1.0000000005557308,0.9999999997544367,0.2604566576883007,0.8899665045156404,0.9999999999776166,1.0000000000230038,0.999999999937863,0.3050000013050009,0.07000000207000019,0.15499999815500043,0.03424188467333246,0.3150000003150009,0.0,0.0,1.0000000003119294,1.000000000330095,0.088960375,1.4040925,5.8027058,4.688015,-0.13369395,-0.07264717,-0.93843486,-0.088960375,-0.084900474,-0.04950708,-0.085622864,2.1784737,8.4842876,5.5158189,-7.815338,1.1607587,7.388549,7.388549,-0.28187617,0.088960375,-396.6932800000001,2.3316712
2229.0,855.99377,6.7777778,0.11111111,1.7777778,5.3983,12.2168,70.660609,9203.6621,89.349,173.879,64.3741,6.5555555,1.5555556,3.2222222,0.266,6.7777778,0.0,0.0,2.2441,727.06233,0.22541271945227434,0.3050000013050009,0.004999999955000014,0.08000000108000023,1.0000000005557306,0.9999999997544362,0.2717715730727419,0.8995137410996074,0.9999999999776165,1.000000000023005,0.9999999999378636,0.2949999977950008,0.07000000207000019,0.14499999914500042,0.036433365292425746,0.3050000013050009,0.0,0.0,1.000000000311929,1.000000000330095,0.076772708,1.3352148,5.5945124,4.5010224,-0.14113055,-0.0723812,-0.87869932,-0.076772708,-0.078684453,-0.04594126,-0.07980314,2.0739403,8.1210458,5.1886344,-7.3960125,1.1037656,7.1491263,7.1491263,-0.26837124,0.076772708,-387.45168,0.92895575
2230.0,855.99377,6.4444444,0.11111111,1.7777778,5.3983,12.2168,70.660609,9233.6803,89.349,173.879,64.3741,6.2222222,1.4444444,3.1111111,0.276,6.4444444,0.0,0.0,2.2441,727.06233,0.2254127194522744,0.28999999829000084,0.004999999955000014,0.08000000108000023,1.0000000005557306,0.9999999997544363,0.271771573072742,0.9024475497390041,0.9999999999776158,1.0000000000230052,0.9999999999378636,0.2799999992800008,0.06499999806500019,0.1399999996400004,0.03780304067935904,0.28999999829000084,0.0,0.0,1.0000000003119294,1.000000000330095,0.074090635,1.2534122,5.3968488,4.3255113,-0.13567626,-0.066138693,-0.82820491,-0.074090635,-0.073943173,-0.04345134,-0.072578598,1.9411904,7.782788,4.8874328,-7.0125099,1.0362728,6.919413,6.919413,-0.25842188,0.074090635,-378.36037999999996,3.9673566
2231.0,855.99377,6.3333333,0.11111111,1.6666667,5.3983,12.2168,73.850062,9235.4005,89.349,173.879,64.3741,6.1111111,1.4444444,2.8888889,0.296,6.3333333,0.0,0.0,2.2441,727.06233,0.22541271945227434,0.28499999878500076,0.004999999955000014,0.07500000157500021,1.0000000005557308,0.9999999997544368,0.28403869999563014,0.9026156723320137,0.9999999999776159,1.0000000000230047,0.9999999999378631,0.2749999997750008,0.06499999806500019,0.13000000063000036,0.04054239145322563,0.28499999878500076,0.0,0.0,1.0000000003119294,1.000000000330095,0.067842788,1.189835,5.2133721,4.165313,-0.1187781,-0.063814992,-0.76890871,-0.067842788,-0.067241845,-0.040249231,-0.06880113,1.8413362,7.4718313,4.6140295,-6.6218398,0.98375016,6.7025551,6.7025551,-0.24271809,0.067842788,-368.6705800000001,0.29193659
2232.0,855.99377,6.1111111,0.11111111,1.6666667,5.3983,12.2168,70.660609,9308.8091,89.349,173.879,64.3741,5.8888889,1.3333333,2.7777778,0.296,6.1111111,0.0,0.0,2.2441,727.06233,0.22541271945227434,0.2749999997750008,0.004999999955000014,0.07500000157500021,1.0000000005557312,0.9999999997544362,0.2717715730727419,0.9097902126071161,0.9999999999776158,1.0000000000230045,0.9999999999378636,0.2650000007650008,0.05999999856000017,0.12500000112500034,0.0405423914532256,0.2749999997750008,0.0,0.0,1.0000000003119283,1.000000000330095,0.065622708,1.1251968,5.0399301,4.0154854,-0.12422997,-0.061493338,-0.76260227,-0.065622708,-0.068314129,-0.039866883,-0.070523942,1.7372422,7.1878351,4.3682875,-6.4217954,0.93039496,6.4944556,6.4944556,-0.24330163,0.065622708,-359.03668000000005,-0.0
2233.0,855.99377,5.7777778,0.11111111,1.6666667,5.3983,12.2168,70.660609,9308.8091,89.349,173.879,64.3741,5.5555556,1.3333333,2.6666667,0.301,5.7777778,0.0,0.0,2.2441,727.06233,0.22541271945227437,0.2600000012600007,0.004999999955000014,0.07500000157500021,1.0000000005557304,0.9999999997544368,0.271771573072742,0.9097902126071159,0.9999999999776154,1.0000000000230043,0.9999999999378634,0.2500000022500007,0.05999999856000017,0.12000000162000034,0.041227229146692294,0.2600000012600007,0.0,0.0,1.0000000003119287,1.000000000330095,0.062347923,1.0608416,4.8758319,3.8754683,-0.10971286,-0.05643076,-0.74500993,-0.062347923,-0.063189974,-0.038519903,-0.064885044,1.6331439,6.931901,4.1519831,-6.1718146,0.87729093,6.2945987,6.2945987,-0.23126884,0.062347923,-349.15258000000006,1.2080322
2234.0,855.99377,5.5555556,0.11111111,1.6666667,5.3983,12.2168,73.850062,9308.8091,89.349,173.879,64.3741,5.3333333,1.3333333,2.5555556,0.311,5.5555556,0.0,0.0,2.2441,727.06233,0.2254127194522744,0.2500000022500007,0.004999999955000014,0.07500000157500021,1.0000000005557308,0.9999999997544367,0.28403869999563,0.9097902126071143,0.9999999999776161,1.000000000023004,0.9999999999378626,0.23999999874000066,0.05999999856000017,0.11500000211500032,0.04259690453362558,0.2500000022500007,0.0,0.0,1.0000000003119291,1.000000000330095,0.060300943,0.99503134,4.71867,3.7428822,-0.10967942,-0.053218719,-0.70757935,-0.060300943,-0.065999299,-0.036975832,-0.064382938,1.5291972,6.7015041,3.9636077,-5.8719112,0.82293542,6.1009424,6.1009424,-0.22100302,0.060300943,-338.64358000000004,1.2690668
2235.0,771.84899,5.2222222,0.11111111,1.6666667,5.3983,12.2168,73.850062,9434.0236,89.349,173.879,64.3741,5.0,1.3333333,2.5555556,0.326,5.3333333,0.0,0.0,2.2441,727.06233,0.20325449312836855,0.23499999923500067,0.004999999955000014,0.07500000157500021,1.0000000005557308,0.9999999997544361,0.2840386999956302,0.922027967764917,0.9999999999776159,1.0000000000230052,0.9999999999378634,0.22500000022500063,0.05999999856000017,0.11500000211500032,0.04465141761402553,0.23999999874000066,0.0,0.0,1.0000000003119291,1.000000000330095,0.051243488,0.9339764,4.570177,3.619468,-0.11705433,-0.054041706,-0.66995194,-0.051243488,-0.057282194,-0.034387392,-0.057520869,1.4357534,6.4968641,3.8025762,-5.5722408,0.77242855,5.9151414,5.9151414,-0.20537041,0.051243488,-327.88127999999995,-0.0
2236.0,771.84899,5.0,0.11111111,1.6666667,5.3983,12.2168,73.850062,9369.6276,89.349,173.879,64.3741,4.7777778,1.3333333,2.4444444,0.341,5.0,0.0,0.0,2.2441,727.06233,0.20325449312836855,0.22500000022500063,0.004999999955000014,0.07500000157500021,1.0000000005557301,0.9999999997544371,0.28403869999563025,0.9157342679047416,0.9999999999776162,1.0000000000230045,0.999999999937863,0.2150000012150006,0.05999999856000017,0.10999999811000032,0.04670593069442549,0.22500000022500063,0.0,0.0,1.0000000003119291,1.000000000330095,0.052019933,0.87120188,4.429006,3.5038659,-0.093925166,-0.046691867,-0.63005969,-0.052019933,-0.054467589,-0.03226451,-0.052421139,1.3371212,6.3121874,3.6627851,-5.2750489,0.72056096,5.7359791,5.7359791,-0.19390307,0.052019933,-316.7808799999999,1.3504564
2237.0,771.84899,4.5555556,0.0,1.5555556,5.3983,12.2168,81.109521,9369.6276,89.349,173.879,64.3741,4.3333333,1.3333333,2.4444444,0.366,4.5555556,0.0,0.0,2.2441,727.06233,0.2032544931283685,0.2050000022050006,0.0,0.07000000207000019,1.0000000005557308,0.9999999997544362,0.31195969614904684,0.9157342679047422,0.9999999999776162,1.0000000000230045,0.9999999999378634,0.19499999869500054,0.05999999856000017,0.10999999811000032,0.05013011916175871,0.2050000022050006,0.0,0.0,1.000000000311929,1.000000000330095,0.05065735,0.80013637,4.2949589,3.3958047,-0.090372564,-0.044825352,-0.55769344,-0.05065735,-0.050639222,-0.029005187,-0.046439893,1.2219916,6.1485192,3.5450269,-4.8885413,0.66192395,5.5634796,5.5634796,-0.18425363,0.05065735,-305.53768,4.992316
2238.0,771.84899,4.1111111,0.0,1.5555556,5.3983,12.2168,85.265202,9339.1666,89.349,173.879,64.3741,3.8888889,1.3333333,2.4444444,0.396,4.1111111,0.0,0.0,2.2441,727.06233,0.2032544931283686,0.1849999996850005,0.0,0.07000000207000019,1.0000000005557306,0.9999999997544365,0.32794308461033933,0.912757182504398,0.9999999999776159,1.0000000000230045,0.9999999999378636,0.1750000006750005,0.05999999856000017,0.10999999811000032,0.05423914532255861,0.1849999996850005,0.0,0.0,1.000000000311928,1.000000000330095,0.051484902,0.72950823,4.1690022,3.2963593,-0.096236001,-0.046216405,-0.4833956,-0.051484902,-0.046727659,-0.025691758,-0.050113445,1.1083046,6.004092,3.4478459,-4.5209993,0.60363483,5.3983922,5.3983922,-0.17581238,0.051484902,-293.47447999999997,0.1842889
2239.0,771.84899,3.7777778,0.11111111,1.6666667,5.3983,12.2168,82.038596,9402.8164,89.349,173.879,64.3741,3.5555556,1.4444444,2.5555556,0.39,3.7777778,0.0,0.0,2.2441,727.06233,0.2032544931283686,0.17000000117000047,0.004999999955000014,0.07500000157500021,1.0000000005557301,0.9999999997544373,0.3155330615336072,0.9189779530081554,0.9999999999776161,1.0000000000230052,0.999999999937863,0.16000000216000046,0.06499999806500019,0.11500000211500032,0.05341734009039864,0.17000000117000047,0.0,0.0,1.0000000003119287,1.000000000330095,0.04641496,0.66966553,4.0533088,3.2076579,-0.095551314,-0.045027383,-0.48435268,-0.04641496,-0.045123785,-0.025328982,-0.045127802,1.0157198,5.8800561,3.3727504,-4.4050807,0.55415734,5.2424677,5.2424677,-0.16453181,0.04641496,-281.07607999999993,-0.0
2240.0,771.84899,3.4444444,0.11111111,1.6666667,5.3983,12.2168,81.109521,9494.8422,89.349,173.879,64.3741,3.2222222,1.4444444,2.5555556,0.39,3.5555556,0.0,0.0,2.2441,727.06233,0.20325449312836852,0.15499999815500043,0.004999999955000014,0.07500000157500021,1.0000000005557308,0.9999999997544358,0.3119596961490468,0.9279720328359742,0.9999999999776151,1.0000000000230045,0.9999999999378628,0.14499999914500042,0.06499999806500019,0.11500000211500032,0.053417340090398634,0.16000000216000046,0.0,0.0,1.0000000003119294,1.000000000330095,0.038998672,0.61912434,3.9462793,3.1309495,-0.078935559,-0.039886273,-0.48197521,-0.038998672,-0.041296792,-0.024870219,-0.041462132,0.94097569,5.7729829,3.3162972,-4.2767504,0.51228718,5.0943298,5.0943298,-0.1596122,0.038998672,-268.3179799999999,-0.0
2241.0,771.84899,3.2222222,0.11111111,1.6666667,5.3983,12.2168,81.109521,9489.342,89.349,173.879,64.3741,3.0,1.4444444,2.6666667,0.396,3.2222222,0.0,0.0,2.2441,727.06233,0.2032544931283686,0.14499999914500042,0.004999999955000014,0.07500000157500021,1.000000000555731,0.9999999997544362,0.31195969614904695,0.9274344744787654,0.999999999977615,1.0000000000230045,0.9999999999378634,0.13500000013500038,0.06499999806500019,0.12000000162000034,0.05423914532255864,0.14499999914500042,0.0,0.0,1.0000000003119285,1.000000000330095,0.040385125,0.57420355,3.844238,3.0602192,-0.091811534,-0.039029097,-0.47004975,-0.040385125,-0.043103624,-0.024110868,-0.040201927,0.87875785,5.6760912,3.2725609,-4.1238678,0.4749774,4.9508105,4.9508105,-0.15467066,0.040385125,-255.06018000000006,-0.0
2242.0,771.84899,3.0,0.11111111,1.6666667,5.3983,12.2168,85.265202,9494.8422,89.349,173.879,64.3741,2.8888889,1.5555556,2.7777778,0.408,3.0,0.0,0.0,2.2441,727.06233,0.20325449312836855,0.13500000013500038,0.004999999955000014,0.07500000157500021,1.0000000005557306,0.9999999997544365,0.3279430846103393,0.9279720328359718,0.9999999999776166,1.000000000023004,0.999999999937863,0.13000000063000036,0.07000000207000019,0.12500000112500034,0.05588275578687859,0.13500000013500038,0.0,0.0,1.0000000003119294,1.000000000330095,0.036922192,0.53738673,3.7496816,2.9975107,-0.072792445,-0.037227051,-0.44303274,-0.036922192,-0.03904768,-0.022346873,-0.039816238,0.8307061,5.5906714,3.225469,-3.9231577,0.44432997,4.8140168,4.8140168,-0.15254331,0.036922192,-241.55758000000003,-0.0
2243.0,686.66351,2.8888889,0.11111111,1.7777778,5.3983,12.2168,89.105647,9555.6607,89.349,173.879,64.3741,2.8888889,1.6666667,2.7777778,0.432,2.8888889,0.0,0.0,2.2441,727.06233,0.1808222145562391,0.13000000063000036,0.004999999955000014,0.08000000108000023,1.0000000005557301,0.9999999997544365,0.34271402691780445,0.9339160881336028,0.9999999999776159,1.0000000000230043,0.9999999999378636,0.13000000063000036,0.07500000157500021,0.12500000112500034,0.05916997671551846,0.13000000063000036,0.0,0.0,1.0000000003119294,1.000000000330095,0.034032371,0.51196334,3.6632479,2.9434863,-0.070445386,-0.035387089,-0.39121916,-0.034032371,-0.034898647,-0.019914229,-0.036128393,0.80051683,5.5147066,3.1877004,-3.6435298,0.42309581,4.6844858,4.6844858,-0.13700188,0.034032371,-227.6840800000001,4.0483539
2244.0,686.66351,2.8888889,0.11111111,1.7777778,5.3983,12.2168,94.911913,9555.6607,89.349,173.879,64.3741,2.8888889,1.6666667,3.0,0.472,2.8888889,0.0,0.0,2.2441,727.06233,0.1808222145562391,0.13000000063000036,0.004999999955000014,0.08000000108000023,1.0000000005557306,0.9999999997544369,0.3650458192251533,0.9339160881336008,0.9999999999776156,1.000000000023005,0.9999999999378631,0.13000000063000036,0.07500000157500021,0.13500000013500038,0.06464867826325169,0.13000000063000036,0.0,0.0,1.0000000003119294,1.000000000330095,0.0313264,0.49552417,3.5843467,2.8978959,-0.078831802,-0.032884783,-0.31535109,-0.0313264,-0.032782886,-0.016655762,-0.032046905,0.78163553,5.4484124,3.1779189,-3.3057406,0.40934953,4.5613581,4.5613581,-0.12742976,0.0313264,-213.00707999999997,0.63057115
2245.0,686.66351,3.0,0.11111111,1.8888889,5.3983,12.2168,100.4931,9555.6607,89.349,173.879,64.3741,3.0,1.7777778,3.2222222,0.486,3.0,0.0,0.0,2.2441,727.06233,0.18082221455623906,0.13500000013500038,0.004999999955000014,0.08500000058500023,1.000000000555731,0.9999999997544368,0.3865119230709767,0.9339160881336013,0.9999999999776165,1.0000000000230047,0.999999999937863,0.13500000013500038,0.08000000108000023,0.14499999914500042,0.06656622380495829,0.13500000013500038,0.0,0.0,1.0000000003119291,1.000000000330095,0.030063219,0.48607009,3.5116625,2.8600533,-0.061363553,-0.031802769,-0.29500927,-0.030063219,-0.028496551,-0.015485892,-0.03088146,0.77113923,5.3876631,3.2367039,-3.1700077,0.40143583,4.4437183,4.4437183,-0.12368113,0.030063219,-198.29588,0.5904471
2246.0,686.66351,3.1111111,0.22222222,2.0,5.3983,12.2168,100.55507,9634.367,89.349,173.879,64.3741,3.1111111,1.8888889,3.4444444,0.49058271,3.1111111,0.0,0.0,2.2441,727.06233,0.1808222145562391,0.1399999996400004,0.009999999910000027,0.09000000009000025,1.0000000005557308,0.9999999997544362,0.3867502692248192,0.9416083955642598,0.9999999999776161,1.0000000000230045,0.9999999999378636,0.1399999996400004,0.08500000058500023,0.15499999815500043,0.06719390631420356,0.1399999996400004,0.0,0.0,1.0000000003119283,1.000000000330095,0.027095722,0.48285355,3.4441303,2.8291519,-0.073310035,-0.030652248,-0.27566899,-0.027095722,-0.029565091,-0.014642064,-0.032726986,0.76807932,5.3323352,3.2419724,-3.0431781,0.398732,4.3296978,4.3296978,-0.12637103,0.027095722,-183.08507999999995,-0.0
2247.0,686.66351,3.2222222,0.22222222,2.0,5.3983,12.2168,100.55507,9748.8489,89.349,173.879,64.3741,3.3333333,1.8888889,3.6666667,0.5,3.2222222,0.0,0.0,2.2441,727.06233,0.1808222145562391,0.14499999914500042,0.009999999910000027,0.09000000009000025,1.0000000005557304,0.9999999997544372,0.3867502692248195,0.9527972072609872,0.9999999999776156,1.000000000023005,0.999999999937863,0.14999999865000044,0.08500000058500023,0.16500000166500048,0.06848376934666492,0.14499999914500042,0.0,0.0,1.0000000003119287,1.000000000330095,0.022091278,0.4844477,3.3803014,2.8029288,-0.071781339,-0.029663457,-0.25512832,-0.022091278,-0.02781417,-0.01341923,-0.027932821,0.77091444,5.2791407,3.257475,-2.9130958,0.40004097,4.2192156,4.2192156,-0.11598589,0.022091278,-167.21968000000004,1.1394569
2248.0,600.43735,3.4444444,0.22222222,2.1111111,5.3983,12.2168,106.87681,9748.8489,89.349,173.879,64.3741,3.5555556,2.0,3.7777778,0.515,3.4444444,0.0,0.0,2.2441,727.06233,0.1581158890025766,0.15499999815500043,0.009999999910000027,0.09499999959500027,1.0000000005557306,0.9999999997544362,0.41106465383982943,0.9527972072609843,0.9999999999776159,1.0000000000230045,0.999999999937863,0.16000000216000046,0.09000000009000025,0.17000000117000047,0.07053828242706485,0.15499999815500043,0.0,0.0,1.0000000003119294,1.000000000330095,0.019473575,0.48839138,3.3172429,2.7787468,-0.068759786,-0.028354682,-0.22266117,-0.019473575,-0.025346235,-0.012016513,-0.029032725,0.77687947,5.2240082,3.2724995,-2.7544188,0.40330484,4.109806,4.109806,-0.11730845,0.019473575,-150.7863799999999,0.15917867
2249.0,686.66351,3.6666667,0.22222222,2.2222222,5.3983,12.2168,112.70693,9748.8489,89.349,173.879,64.3741,3.7777778,2.1111111,4.0,0.531,3.6666667,0.0,0.0,2.2441,727.06233,0.1808222145562391,0.16500000166500048,0.009999999910000027,0.09999999910000028,1.0000000005557308,0.9999999997544361,0.4334881923010234,0.9527972072609878,0.9999999999776155,1.0000000000230047,0.9999999999378631,0.17000000117000047,0.09499999959500027,0.1800000001800005,0.07272976304615815,0.16500000166500048,0.0,0.0,1.0000000003119285,1.000000000330095,0.019473575,0.49258889,3.2530341,2.7544018,-0.051845557,-0.027203677,-0.19658393,-0.019473575,-0.020496662,-0.010256194,-0.020878747,0.78352591,5.1641701,3.2808738,-2.616529,0.40677176,3.9999917,3.9999917,-0.10046033,0.019473575,-133.87478,0.73878973
2250.0,686.66351,4.0,0.22222222,2.3333333,5.3983,12.2168,122.1155,9748.8489,89.349,173.879,64.3741,4.0,2.1111111,4.2222222,0.547,4.0,0.0,0.0,2.2441,727.06233,0.18082221455623906,0.1800000001800005,0.009999999910000027,0.1049999986050003,1.0000000005557306,0.9999999997544371,0.4696749999927742,0.9527972072609857,0.9999999999776165,1.0000000000230047,0.9999999999378631,0.1800000001800005,0.09499999959500027,0.18999999919000055,0.07492124366525146,0.1800000001800005,0.0,0.0,1.000000000311929,1.000000000330095,0.019473575,0.49654423,3.1880461,2.7304427,-0.049481552,-0.025868611,-0.15806207,-0.019473575,-0.020767999,-0.0089567883,-0.022171246,0.78982464,5.097277,3.2738378,-2.4506312,0.41003783,3.890585,3.890585,-0.10183138,0.019473575,-116.57038,1.8535236
2251.0,686.66351,4.2222222,0.33333333,2.4444444,5.3983,12.2168,131.41534,9748.8489,89.349,173.879,64.3741,4.2222222,2.2222222,4.2222222,0.571,4.2222222,0.11111111,0.0,2.2441,727.06233,0.18082221455623906,0.18999999919000055,0.014999999865000042,0.10999999811000032,1.0000000005557308,0.9999999997544362,0.5054436153768394,0.9527972072609865,0.9999999999776161,1.0000000000230045,0.999999999937863,0.18999999919000055,0.09999999910000028,0.18999999919000055,0.07820846459389133,0.18999999919000055,0.004999999955000014,0.0,1.000000000311929,1.000000000330095,0.019473575,0.50046334,3.1223044,2.7067096,-0.061610832,-0.024692121,-0.11862926,-0.019473575,-0.018299403,-0.0073121658,-0.023269982,0.79615354,5.0256771,3.2053132,-2.2985315,0.4132721,3.7815645,3.7815645,-0.10317727,0.019473575,-98.56977999999992,1.0966508
2252.0,686.66351,4.4444444,0.33333333,2.5555556,5.3983,12.2168,131.41534,9691.6079,89.349,173.879,64.3741,4.4444444,2.3333333,4.3333333,0.571,4.4444444,0.11111111,0.0,2.2441,727.06233,0.18082221455623915,0.19999999820000056,0.014999999865000042,0.11500000211500032,1.0000000005557306,0.9999999997544369,0.5054436153768392,0.9472027965259048,0.9999999999776158,1.0000000000230047,0.9999999999378634,0.19999999820000056,0.1049999986050003,0.19499999869500054,0.07820846459389133,0.19999999820000056,0.004999999955000014,0.0,1.0000000003119294,1.000000000330095,0.019473575,0.50413776,3.0561488,2.682875,-0.060369059,-0.024219667,-0.10469381,-0.019473575,-0.017263255,-0.0065141624,-0.022389018,0.80199353,4.9487853,3.1342794,-2.2360215,0.41630641,3.6741414,3.6741414,-0.094780483,0.019473575,-80.1051799999999,-0.0
2253.0,686.66351,4.6666667,0.33333333,2.6666667,5.3983,12.2168,131.41534,9691.6079,89.349,173.879,64.3741,4.6666667,2.3333333,4.3333333,0.555,4.6666667,0.11111111,0.0,2.2441,727.06233,0.18082221455623912,0.2100000017100006,0.014999999865000042,0.12000000162000034,1.0000000005557301,0.9999999997544372,0.5054436153768394,0.9472027965259083,0.9999999999776161,1.0000000000230045,0.9999999999378631,0.2100000017100006,0.1049999986050003,0.19499999869500054,0.07601698397479807,0.2100000017100006,0.004999999955000014,0.0,1.0000000003119294,1.000000000330095,0.020286886,0.50768275,2.9894797,2.6497111,-0.060369059,-0.024219667,-0.10864603,-0.020286886,-0.017263255,-0.0068349384,-0.022389018,0.80763461,4.8639622,3.0585808,-2.236332,0.4192337,3.5686446,3.5686446,-0.094780483,0.020286886,-63.594780000000014,-0.0
2254.0,686.66351,5.0,0.33333333,2.6666667,5.3983,12.2168,131.41534,9691.6079,89.349,173.879,64.3741,5.0,2.4444444,4.3333333,0.539,5.0,0.11111111,0.0,2.2441,727.06233,0.18082221455623906,0.22500000022500063,0.014999999865000042,0.12000000162000034,1.0000000005557308,0.9999999997544362,0.5054436153768394,0.9472027965259064,0.9999999999776151,1.0000000000230043,0.9999999999378631,0.22500000022500063,0.10999999811000032,0.19499999869500054,0.07382550335570474,0.22500000022500063,0.004999999955000014,0.0,1.0000000003119285,1.000000000330095,0.020413248,0.51130901,2.9225967,2.6146566,-0.03018453,-0.020671613,-0.11272106,-0.020413248,-0.017263255,-0.006494434,-0.019081068,0.81330128,4.7635554,2.9692922,-2.2312836,0.4222306,3.4662216,3.4662216,-0.088662462,0.020413248,-46.92232999999999,-0.0
2255.0,686.66351,5.2222222,0.33333333,2.7777778,5.3983,12.2168,122.1155,9634.367,89.349,173.879,64.3741,5.2222222,2.4444444,4.3333333,0.515,5.2222222,0.11111111,0.0,2.2441,727.06233,0.1808222145562391,0.23499999923500067,0.014999999865000042,0.12500000112500034,1.000000000555731,0.9999999997544362,0.4696749999927745,0.9416083955642615,0.999999999977615,1.0000000000230047,0.9999999999378634,0.23499999923500067,0.10999999811000032,0.19499999869500054,0.07053828242706489,0.23499999923500067,0.004999999955000014,0.0,1.0000000003119283,1.000000000330095,0.020413248,0.51464262,2.8554837,2.5890925,-0.045727052,-0.024219667,-0.11704923,-0.020413248,-0.017263255,-0.0071557144,-0.019081068,0.81832306,4.6568305,2.8755126,-2.2262352,0.4249899,3.3656315,3.3656315,-0.088662462,0.020413248,-30.04003,-0.0
2256.0,686.66351,5.3333333,0.44444444,3.0,5.3983,12.2168,122.1155,9634.367,89.349,173.879,64.3741,5.3333333,2.4444444,4.3333333,0.5,5.3333333,0.11111111,0.0,2.2441,727.06233,0.18082221455623906,0.23999999874000066,0.019999999820000055,0.13500000013500038,1.0000000005557306,0.9999999997544365,0.4696749999927739,0.9416083955642578,0.9999999999776159,1.000000000023004,0.999999999937863,0.23999999874000066,0.10999999811000032,0.19499999869500054,0.06848376934666492,0.23999999874000066,0.004999999955000014,0.0,1.0000000003119294,1.000000000330095,0.020413248,0.50937422,2.7880476,2.5942239,-0.045727052,-0.024219667,-0.121623,-0.020413248,-0.017263255,-0.0071557144,-0.022389018,0.80545301,4.5426313,2.7776119,-2.2265456,0.4207428,3.2671177,3.2671177,-0.088662462,0.020413248,-13.130559999999946,-0.0
2257.0,686.66351,5.5555555,0.44444444,3.1111111,5.3983,12.2168,122.1155,9634.367,89.349,173.879,64.3741,5.4444444,2.4444444,4.2222222,0.479,5.5555556,0.11111111,0.0,2.2441,727.06233,0.18082221455623912,0.2499999977500007,0.019999999820000055,0.1399999996400004,1.0000000005557301,0.9999999997544367,0.4696749999927743,0.941608395564262,0.9999999999776155,1.0000000000230045,0.9999999999378634,0.24499999824500068,0.10999999811000032,0.18999999919000055,0.06560745103410497,0.2500000022500007,0.004999999955000014,0.0,1.0000000003119294,1.000000000330095,0.020518946,0.50276531,2.7202644,2.566115,-0.045727052,-0.024219667,-0.12631957,-0.020518946,-0.017263255,-0.0078169949,-0.022389018,0.79127567,4.4199926,2.6757,-2.2268561,0.41537301,3.1708947,3.1708947,-0.088662462,0.020518946,4.083309999999983,-0.0
2258.0,686.66351,5.7777778,0.44444444,3.2222222,5.3983,12.2168,114.00801,9555.6607,89.349,173.879,64.3741,5.7777778,2.4444444,4.2222222,0.465,5.7777778,0.11111111,0.0,2.2441,727.06233,0.18082221455623915,0.2600000012600007,0.019999999820000055,0.14499999914500042,1.000000000555731,0.9999999997544368,0.4384923461471001,0.9339160881336003,0.9999999999776154,1.0000000000230052,0.9999999999378634,0.2600000012600007,0.10999999811000032,0.18999999919000055,0.06368990549239839,0.2600000012600007,0.004999999955000014,0.0,1.0000000003119291,1.000000000330095,0.020786327,0.50448762,2.6520411,2.5403227,-0.03018453,-0.020671613,-0.13113139,-0.020786327,-0.017263255,-0.0077972665,-0.022389018,0.79616028,4.2909932,2.5693132,-2.2218077,0.41674716,3.0764256,3.0764256,-0.088662462,0.020786327,20.806600000000003,-0.0
2259.0,686.66351,6.5555555,0.44444444,3.3333333,5.3983,12.2168,114.00801,9555.6607,89.349,173.879,64.3741,6.6666667,2.4444444,4.1111111,0.451,6.5555555,0.011709943,0.0,2.2441,727.06233,0.18082221455623906,0.2949999977950008,0.019999999820000055,0.14999999865000044,1.000000000555731,0.9999999997544365,0.4384923461471002,0.9339160881336016,0.9999999999776166,1.0000000000230043,0.999999999937863,0.30000000180000086,0.10999999811000032,0.1849999996850005,0.06177235995069175,0.2949999977950008,0.000526947435526949,0.0,1.000000000311929,1.000000000330095,0.021027293,0.53399024,2.5834522,2.5129699,-0.045727052,-0.024219667,-0.13632671,-0.021027293,-0.017263255,-0.0077972665,-0.022389018,0.85935202,4.1576581,2.4610754,-2.2170698,0.44073089,2.9835527,2.9835527,-0.088662462,0.021027293,37.926000000000045,-0.0
2260.0,771.84899,6.7777778,0.44444444,3.3333333,5.3983,12.2168,114.00801,9494.8422,89.349,173.879,64.3741,6.8888889,2.4444444,4.0,0.432,6.7777778,0.0,0.0,2.2441,727.06233,0.20325449312836855,0.3050000013050009,0.019999999820000055,0.14999999865000044,1.0000000005557308,0.9999999997544362,0.4384923461471,0.9279720328359753,0.9999999999776161,1.0000000000230045,0.9999999999378631,0.3100000008100009,0.10999999811000032,0.1800000001800005,0.0591699767155185,0.3050000013050009,0.0,0.0,1.000000000311929,1.000000000330095,0.021134229,0.53277828,2.5146346,2.4828393,-0.045727052,-0.024219667,-0.14164483,-0.021134229,-0.017263255,-0.0084585469,-0.022389018,0.85443302,4.0289479,2.3602639,-2.2173803,0.43978805,2.8911921,2.8911921,-0.088662462,0.021134229,55.21555000000001,-0.0
2261.0,771.84899,7.0069096,0.44444444,3.4444444,5.3983,12.2168,106.87681,9494.8422,89.349,173.879,64.3741,7.1111111,2.4444444,3.8888889,0.414,7.0,0.0,0.0,2.2441,727.06233,0.20325449312836857,0.3153109323153118,0.019999999820000055,0.15499999815500043,1.0000000005557304,0.9999999997544372,0.41106465383982993,0.927972032835976,0.9999999999776155,1.0000000000230052,0.9999999999378631,0.3199999998200009,0.10999999811000032,0.1750000006750005,0.05670456101903855,0.3150000003150009,0.0,0.0,1.0000000003119287,1.000000000330095,0.02130833,0.53389728,2.4455804,2.4455804,-0.045727052,-0.024219667,-0.1470782,-0.02130833,-0.017263255,-0.0084388185,-0.022389018,0.85498554,3.9050211,2.2672859,-2.2072834,0.44075106,2.7994378,2.7994378,-0.088662462,0.02130833,72.63382000000001,-0.0
2262.0,771.84899,7.3333333,0.44444444,3.4444444,5.3983,12.2168,106.87681,9494.8422,89.349,173.879,64.3741,7.4444444,2.4444444,3.8888889,0.402,7.3333333,0.0,0.0,2.2441,727.06233,0.20325449312836855,0.3299999988300009,0.019999999820000055,0.15499999815500043,1.0000000005557308,0.9999999997544365,0.4110646538398297,0.9279720328359718,0.9999999999776161,1.0000000000230045,0.9999999999378634,0.33499999833500094,0.10999999811000032,0.1750000006750005,0.05506095055471859,0.3299999988300009,0.0,0.0,1.0000000003119291,1.000000000330095,0.021417291,0.53555153,2.3778435,2.3778435,-0.060369059,-0.024219667,-0.15276471,-0.021417291,-0.023075473,-0.0091000989,-0.022389018,0.85423199,3.7866393,2.1829695,-2.2025455,0.44220043,2.7094895,2.7094895,-0.088662462,0.021417291,90.09091000000001,-0.0
2263.0,771.84899,7.6666667,0.44444444,3.4444444,5.3983,12.2168,100.55507,9434.0236,89.349,173.879,64.3741,7.6666667,2.4444444,3.8888889,0.39,7.6666667,0.0,0.0,2.2441,727.06233,0.20325449312836857,0.345000001845001,0.019999999820000055,0.15499999815500043,1.0000000005557308,0.9999999997544361,0.38675026922481937,0.9220279677649174,0.9999999999776155,1.0000000000230045,0.9999999999378636,0.345000001845001,0.10999999811000032,0.1750000006750005,0.05341734009039863,0.345000001845001,0.0,0.0,1.0000000003119285,1.000000000330095,0.021583346,0.53617484,2.3115826,2.3115826,-0.045727052,-0.020877183,-0.15845123,-0.021583346,-0.017263255,-0.0091000989,-0.019272726,0.84868279,3.6750797,2.1058557,-2.1874003,0.44285426,2.6211115,2.6211115,-0.082544441,0.021583346,107.87833,-0.0
2264.0,771.84899,7.8888889,0.44444444,3.4444444,5.3983,12.2168,100.55507,9434.0236,89.349,173.879,64.3741,7.7777778,2.4444444,3.7777778,0.372,7.8888889,0.0,0.0,2.2441,727.06233,0.20325449312836852,0.35500000085500105,0.019999999820000055,0.15499999815500043,1.0000000005557304,0.9999999997544368,0.3867502692248192,0.9220279677649167,0.9999999999776162,1.0000000000230045,0.9999999999378634,0.350000001350001,0.10999999811000032,0.17000000117000047,0.05095192439391872,0.35500000085500105,0.0,0.0,1.000000000311929,1.000000000330095,0.021712311,0.5303811,2.2453795,2.2453795,-0.045727052,-0.017329129,-0.16426054,-0.021712311,-0.017263255,-0.0091000989,-0.019272726,0.83012973,3.5697711,2.035454,-2.172255,0.43829594,2.5332316,2.5332316,-0.082544441,0.021712311,125.15278,-0.0
2265.0,771.84899,7.3333333,0.44444444,3.4444444,5.3983,12.2168,94.911913,9369.6276,89.349,173.879,64.3741,7.0,2.4444444,3.7777778,0.361,7.4444444,0.0,0.0,2.2441,727.06233,0.20325449312836855,0.3299999988300009,0.019999999820000055,0.15499999815500043,1.0000000005557308,0.9999999997544363,0.3650458192251531,0.9157342679047431,0.9999999999776162,1.0000000000230043,0.9999999999378631,0.3150000003150009,0.10999999811000032,0.17000000117000047,0.04944528146829206,0.33499999833500094,0.0,0.0,1.000000000311929,1.000000000330095,0.021741916,0.4908874,2.1742602,2.1742602,-0.045727052,-0.020877183,-0.17032301,-0.021741916,-0.020256064,-0.009420875,-0.019272726,0.7513546,3.4687582,1.969819,-2.1624687,0.40605103,2.4415792,2.4415792,-0.082544441,0.021741916,142.64102000000003,-0.0
2266.0,771.84899,6.8888889,0.44444444,3.4444444,5.3983,12.2168,94.911913,9494.8422,89.349,173.879,64.3741,6.4444444,2.4444444,3.7777778,0.346,6.8888889,0.0,0.0,2.2441,727.06233,0.2032544931283686,0.3100000008100009,0.019999999820000055,0.15499999815500043,1.0000000005557306,0.9999999997544372,0.36504581922515317,0.9279720328359747,0.9999999999776156,1.0000000000230052,0.9999999999378638,0.28999999829000084,0.10999999811000032,0.17000000117000047,0.04739076838789211,0.3100000008100009,0.0,0.0,1.0000000003119291,1.000000000330095,0.019124339,0.45257303,2.1035566,2.1035566,-0.045727052,-0.024219667,-0.17638547,-0.019124339,-0.023075473,-0.010082155,-0.022389018,0.68025107,3.3739247,1.9107244,-2.1523718,0.37465669,2.3507047,2.3507047,-0.088662462,0.019124339,160.52014999999994,-0.0
2267.0,771.84899,6.3333333,0.44444444,3.4444444,5.3983,12.2168,89.843237,9434.0236,89.349,173.879,64.3741,5.7777778,2.4444444,3.7777778,0.336,6.3333333,0.0,0.0,2.2441,727.06233,0.20325449312836857,0.28499999878500076,0.019999999820000055,0.15499999815500043,1.0000000005557301,0.9999999997544371,0.3455509115331455,0.9220279677649139,0.9999999999776159,1.0000000000230045,0.999999999937863,0.2600000012600007,0.10999999811000032,0.17000000117000047,0.04602109300095882,0.28499999878500076,0.0,0.0,1.0000000003119294,1.000000000330095,0.018842131,0.41362165,2.0310318,2.0310318,-0.045727052,-0.020877183,-0.18233269,-0.018842131,-0.020256064,-0.010082155,-0.019272726,0.6150572,3.2834265,1.8560297,-2.1324887,0.34256637,2.258448,2.258448,-0.082544441,0.018842131,178.24298,-0.0
2268.0,771.84899,5.7777778,0.44444444,3.3333333,5.3983,12.2168,85.265202,9308.8091,89.349,173.879,64.3741,5.2222222,2.4444444,3.7777778,0.321,5.7777778,0.0,0.0,2.2441,727.06233,0.2032544931283685,0.2600000012600007,0.019999999820000055,0.14999999865000044,1.0000000005557308,0.9999999997544363,0.32794308461033933,0.9097902126071162,0.9999999999776154,1.0000000000230045,0.9999999999378631,0.23499999923500067,0.10999999811000032,0.17000000117000047,0.04396657992055886,0.2600000012600007,0.0,0.0,1.0000000003119285,1.000000000330095,0.021660547,0.37349921,1.9568676,1.9568676,-0.045727052,-0.020877183,-0.18802676,-0.021660547,-0.023075473,-0.010402931,-0.022389018,0.55448624,3.1967296,1.8054898,-2.112295,0.30935221,2.1652722,2.1652722,-0.082544441,0.021660547,196.10694999999998,-0.0
2269.0,939.09786,5.1111111,0.33333333,3.3333333,5.3983,12.2168,85.265202,8389.3764,89.349,173.879,64.3741,4.6666667,2.4444444,3.7777778,0.311,5.1111111,0.0,0.0,2.2441,727.06233,0.2472968961613017,0.22999999973000063,0.014999999865000042,0.14999999865000044,1.0000000005557308,0.9999999997544365,0.3279430846103395,0.8199300744707649,0.9999999999776148,1.0000000000230045,0.9999999999378636,0.2100000017100006,0.10999999811000032,0.17000000117000047,0.0425969045336256,0.22999999973000063,0.0,0.0,1.0000000003119278,1.000000000330095,0.030728208,0.33429561,1.8831615,1.8831615,-0.045727052,-0.020877183,-0.19348278,-0.030728208,-0.020082664,-0.010723707,-0.022389018,0.50074313,3.1160134,1.7612472,-2.0870529,0.27678333,2.072949,2.072949,-0.082544441,0.030728208,213.82403,-0.0
2270.0,855.99377,4.5555556,0.33333333,3.3333333,5.3983,12.2168,81.109521,9308.8091,89.349,173.879,64.3741,4.3333333,2.5555556,3.8888889,0.301,4.6666667,0.0,0.0,2.2441,727.06233,0.22541271945227437,0.2050000022050006,0.014999999865000042,0.14999999865000044,1.0000000005557306,0.9999999997544369,0.3119596961490467,0.9097902126071148,0.9999999999776156,1.0000000000230045,0.999999999937863,0.19499999869500054,0.11500000211500032,0.1750000006750005,0.04122722914669228,0.2100000017100006,0.0,0.0,1.000000000311929,1.000000000330095,0.021091922,0.30307736,1.8164047,1.8164047,-0.03018453,-0.017329129,-0.19820201,-0.021091922,-0.017263255,-0.010402931,-0.019272726,0.46217548,3.048511,1.7303335,-2.0621213,0.25074374,1.9868923,1.9868923,-0.069932128,0.021091922,232.52626999999995,-0.0
2271.0,855.99377,4.2222222,0.33333333,3.2222222,5.3983,12.2168,81.109521,9233.6803,89.349,173.879,64.3741,4.1111111,2.5555556,4.0,0.296,4.2222222,0.0,0.0,2.2441,727.06233,0.22541271945227434,0.18999999919000055,0.014999999865000042,0.14499999914500042,1.0000000005557301,0.9999999997544363,0.3119596961490468,0.9024475497390039,0.9999999999776155,1.0000000000230052,0.9999999999378634,0.1849999996850005,0.11500000211500032,0.1800000001800005,0.04054239145322563,0.18999999919000055,0.0,0.0,1.0000000003119291,1.000000000330095,0.021948861,0.27923466,1.7560759,1.7560759,-0.045727052,-0.020877183,-0.20219955,-0.021948861,-0.020256064,-0.010743436,-0.022580677,0.43314086,2.9886354,1.7128885,-2.0321413,0.23084605,1.906837,1.906837,-0.07642642,0.021948861,251.62680999999998,-0.0
2272.0,855.99377,4.0,0.33333333,3.2222222,5.3983,12.2168,77.32002,9165.7067,89.349,173.879,64.3741,4.0,2.6666667,4.2222222,0.291,4.0,0.0,0.0,2.2441,727.06233,0.22541271945227442,0.1800000001800005,0.014999999865000042,0.14499999914500042,1.0000000005557308,0.9999999997544368,0.2973846923031172,0.8958041955428505,0.9999999999776151,1.0000000000230045,0.9999999999378636,0.1800000001800005,0.12000000162000034,0.18999999919000055,0.03985755375975899,0.1800000001800005,0.0,0.0,1.0000000003119287,1.000000000330095,0.021734289,0.26255989,1.7026563,1.7026563,-0.045727052,-0.020877183,-0.20465455,-0.021734289,-0.020256064,-0.011064212,-0.022580677,0.41282809,2.9369497,1.7050112,-1.991754,0.21693039,1.8332459,1.8332459,-0.07642642,0.021734289,270.22951,-0.0
2273.0,855.99377,4.0,0.33333333,3.2222222,5.3983,12.2168,77.32002,9165.7067,89.349,173.879,64.3741,4.0,2.6666667,4.4444444,0.286,4.0,0.0,0.0,2.2441,727.06233,0.2254127194522743,0.1800000001800005,0.014999999865000042,0.14499999914500042,1.0000000005557308,0.9999999997544363,0.29738469230311726,0.8958041955428514,0.9999999999776166,1.000000000023004,0.999999999937863,0.1800000001800005,0.12000000162000034,0.19999999820000056,0.03917271606629232,0.1800000001800005,0.0,0.0,1.0000000003119294,1.000000000330095,0.020943464,0.25305354,1.6561204,1.6561204,-0.027256128,-0.016660633,-0.20493601,-0.020943464,-0.017263255,-0.010435009,-0.019584355,0.40154383,2.8929661,1.7056578,-1.9432892,0.20899034,1.7663773,1.7663773,-0.068708524,0.020943464,286.69989,-0.0
2274.0,855.99377,4.1111111,0.33333333,3.3333333,5.3983,12.2168,77.32002,9308.8091,89.349,173.879,64.3741,4.1111111,2.7777778,4.6666667,0.286,4.1111111,0.0,0.0,2.2441,727.06233,0.22541271945227434,0.1849999996850005,0.014999999865000042,0.14999999865000044,1.0000000005557306,0.9999999997544363,0.29738469230311715,0.9097902126071172,0.9999999999776159,1.0000000000230047,0.9999999999378636,0.1849999996850005,0.12500000112500034,0.2100000017100006,0.03917271606629233,0.1849999996850005,0.0,0.0,1.000000000311929,1.000000000330095,0.018891486,0.25040486,1.6159287,1.6159287,-0.04279865,-0.019874438,-0.20224855,-0.018891486,-0.019692182,-0.010486815,-0.022269047,0.39903682,2.8558884,1.7142233,-1.8885719,0.20676309,1.7057055,1.7057055,-0.073979212,0.018891486,305.30677000000003,-0.0
2275.0,,,,,,,,,,,,,,,,,,,,,,,,,,,,,,,,,,,,,,,,,,,,,,,,,,,,,,,,,,,,,323.33915,-0.0
2276.0,,,,,,,,,,,,,,,,,,,,,,,,,,,,,,,,,,,,,,,,,,,,,,,,,,,,,,,,,,,,,340.33077000000003,-0.0
2277.0,,,,,,,,,,,,,,,,,,,,,,,,,,,,,,,,,,,,,,,,,,,,,,,,,,,,,,,,,,,,,357.06723999999997,-0.0
2278.0,,,,,,,,,,,,,,,,,,,,,,,,,,,,,,,,,,,,,,,,,,,,,,,,,,,,,,,,,,,,,371.79026,3.8792534
2279.0,,,,,,,,,,,,,,,,,,,,,,,,,,,,,,,,,,,,,,,,,,,,,,,,,,,,,,,,,,,,,373.77646000000004,-0.0
2280.0,,,,,,,,,,,,,,,,,,,,,,,,,,,,,,,,,,,,,,,,,,,,,,,,,,,,,,,,,,,,,370.64018,-0.0
2281.0,,,,,,,,,,,,,,,,,,,,,,,,,,,,,,,,,,,,,,,,,,,,,,,,,,,,,,,,,,,,,365.6874,-0.0
2282.0,,,,,,,,,,,,,,,,,,,,,,,,,,,,,,,,,,,,,,,,,,,,,,,,,,,,,,,,,,,,,360.21795,-0.0
2283.0,,,,,,,,,,,,,,,,,,,,,,,,,,,,,,,,,,,,,,,,,,,,,,,,,,,,,,,,,,,,,358.25867000000005,-0.0
2284.0,,,,,,,,,,,,,,,,,,,,,,,,,,,,,,,,,,,,,,,,,,,,,,,,,,,,,,,,,,,,,337.35454000000004,-0.0
2285.0,,,,,,,,,,,,,,,,,,,,,,,,,,,,,,,,,,,,,,,,,,,,,,,,,,,,,,,,,,,,,335.11551999999995,-0.0
2286.0,,,,,,,,,,,,,,,,,,,,,,,,,,,,,,,,,,,,,,,,,,,,,,,,,,,,,,,,,,,,,339.59821,-0.0
2287.0,,,,,,,,,,,,,,,,,,,,,,,,,,,,,,,,,,,,,,,,,,,,,,,,,,,,,,,,,,,,,344.21646999999996,-0.0
2288.0,,,,,,,,,,,,,,,,,,,,,,,,,,,,,,,,,,,,,,,,,,,,,,,,,,,,,,,,,,,,,344.56674999999996,-0.0
2289.0,,,,,,,,,,,,,,,,,,,,,,,,,,,,,,,,,,,,,,,,,,,,,,,,,,,,,,,,,,,,,346.09163,-0.0
2290.0,,,,,,,,,,,,,,,,,,,,,,,,,,,,,,,,,,,,,,,,,,,,,,,,,,,,,,,,,,,,,348.61168999999995,-0.0
2291.0,,,,,,,,,,,,,,,,,,,,,,,,,,,,,,,,,,,,,,,,,,,,,,,,,,,,,,,,,,,,,352.1748,-0.0
2292.0,,,,,,,,,,,,,,,,,,,,,,,,,,,,,,,,,,,,,,,,,,,,,,,,,,,,,,,,,,,,,356.76684,-0.0
2293.0,,,,,,,,,,,,,,,,,,,,,,,,,,,,,,,,,,,,,,,,,,,,,,,,,,,,,,,,,,,,,360.80386,-0.0
2294.0,,,,,,,,,,,,,,,,,,,,,,,,,,,,,,,,,,,,,,,,,,,,,,,,,,,,,,,,,,,,,365.42404,-0.0
2295.0,,,,,,,,,,,,,,,,,,,,,,,,,,,,,,,,,,,,,,,,,,,,,,,,,,,,,,,,,,,,,371.36929999999995,-0.0
2296.0,,,,,,,,,,,,,,,,,,,,,,,,,,,,,,,,,,,,,,,,,,,,,,,,,,,,,,,,,,,,,377.91101000000003,-0.0
2297.0,,,,,,,,,,,,,,,,,,,,,,,,,,,,,,,,,,,,,,,,,,,,,,,,,,,,,,,,,,,,,385.35987,-0.0
2298.0,,,,,,,,,,,,,,,,,,,,,,,,,,,,,,,,,,,,,,,,,,,,,,,,,,,,,,,,,,,,,393.61879,-0.0
2299.0,,,,,,,,,,,,,,,,,,,,,,,,,,,,,,,,,,,,,,,,,,,,,,,,,,,,,,,,,,,,,402.55616999999995,-0.0
2300.0,,,,,,,,,,,,,,,,,,,,,,,,,,,,,,,,,,,,,,,,,,,,,,,,,,,,,,,,,,,,,412.62531,-0.0
2301.0,,,,,,,,,,,,,,,,,,,,,,,,,,,,,,,,,,,,,,,,,,,,,,,,,,,,,,,,,,,,,424.86548000000005,-0.0
2302.0,,,,,,,,,,,,,,,,,,,,,,,,,,,,,,,,,,,,,,,,,,,,,,,,,,,,,,,,,,,,,437.50238,-0.0
2303.0,,,,,,,,,,,,,,,,,,,,,,,,,,,,,,,,,,,,,,,,,,,,,,,,,,,,,,,,,,,,,450.93953,-0.0
2304.0,,,,,,,,,,,,,,,,,,,,,,,,,,,,,,,,,,,,,,,,,,,,,,,,,,,,,,,,,,,,,464.97084,-0.0
2305.0,,,,,,,,,,,,,,,,,,,,,,,,,,,,,,,,,,,,,,,,,,,,,,,,,,,,,,,,,,,,,479.33558,-0.0
2306.0,,,,,,,,,,,,,,,,,,,,,,,,,,,,,,,,,,,,,,,,,,,,,,,,,,,,,,,,,,,,,494.42227,-0.0
2307.0,,,,,,,,,,,,,,,,,,,,,,,,,,,,,,,,,,,,,,,,,,,,,,,,,,,,,,,,,,,,,509.99058,-0.0
2308.0,,,,,,,,,,,,,,,,,,,,,,,,,,,,,,,,,,,,,,,,,,,,,,,,,,,,,,,,,,,,,526.3046400000001,-0.0
2309.0,,,,,,,,,,,,,,,,,,,,,,,,,,,,,,,,,,,,,,,,,,,,,,,,,,,,,,,,,,,,,543.02755,-0.0
2310.0,,,,,,,,,,,,,,,,,,,,,,,,,,,,,,,,,,,,,,,,,,,,,,,,,,,,,,,,,,,,,561.02959,-0.0
2311.0,,,,,,,,,,,,,,,,,,,,,,,,,,,,,,,,,,,,,,,,,,,,,,,,,,,,,,,,,,,,,579.98374,-0.0
2312.0,,,,,,,,,,,,,,,,,,,,,,,,,,,,,,,,,,,,,,,,,,,,,,,,,,,,,,,,,,,,,599.60054,-0.0
2313.0,,,,,,,,,,,,,,,,,,,,,,,,,,,,,,,,,,,,,,,,,,,,,,,,,,,,,,,,,,,,,620.0737899999999,-0.0
2314.0,,,,,,,,,,,,,,,,,,,,,,,,,,,,,,,,,,,,,,,,,,,,,,,,,,,,,,,,,,,,,640.5667900000001,-0.0
2315.0,,,,,,,,,,,,,,,,,,,,,,,,,,,,,,,,,,,,,,,,,,,,,,,,,,,,,,,,,,,,,661.56032,-0.0
2316.0,,,,,,,,,,,,,,,,,,,,,,,,,,,,,,,,,,,,,,,,,,,,,,,,,,,,,,,,,,,,,683.32782,-0.0
2317.0,,,,,,,,,,,,,,,,,,,,,,,,,,,,,,,,,,,,,,,,,,,,,,,,,,,,,,,,,,,,,705.31565,-0.0
2318.0,,,,,,,,,,,,,,,,,,,,,,,,,,,,,,,,,,,,,,,,,,,,,,,,,,,,,,,,,,,,,727.68128,-0.0
2319.0,,,,,,,,,,,,,,,,,,,,,,,,,,,,,,,,,,,,,,,,,,,,,,,,,,,,,,,,,,,,,750.45494,-0.0
2320.0,,,,,,,,,,,,,,,,,,,,,,,,,,,,,,,,,,,,,,,,,,,,,,,,,,,,,,,,,,,,,773.8721800000001,4.1178358
