Contracts, disc 0.03, temp0 1322.685, tau 2.1, luc removal, Wpt fitted, 2025-2125. Solve status Optimal. Total revenue 0.06865131985571615
Year,Agriculture mtC,Black_walnut_10 mhectares,Black_walnut_150 mhectares,Black_walnut_55 mhectares,C2F6 kt,CF4 kt,CH4 mt,Carbon mtC,HFC125 kt,HFC134a kt,HFC143a kt,Loblolly_pine_10 mhectares,Loblolly_pine_150 mhectares,Loblolly_pine_24 mhectares,N2O mt,Ponderosa_pine_10 mhectares,Ponderosa_pine_103 mhectares,Ponderosa_pine_150 mhectares,SF6 kt,Seaweed mt,Agriculture % max bid,Black_walnut_10 % max bid,Black_walnut_150 % max bid,Black_walnut_55 % max bid,C2F6 % max bid,CF4 % max bid,CH4 % max bid,Carbon % max bid,HFC125 % max bid,HFC134a % max bid,HFC143a % max bid,Loblolly_pine_10 % max bid,Loblolly_pine_150 % max bid,Loblolly_pine_24 % max bid,N2O % max bid,Ponderosa_pine_10 % max bid,Ponderosa_pine_103 % max bid,Ponderosa_pine_150 % max bid,SF6 % max bid,Seaweed % max bid,Agriculture $M/mtC,Black_walnut_10 $M/mhectares,Black_walnut_150 $M/mhectares,Black_walnut_55 $M/mhectares,C2F6 $M/kt,CF4 $M/kt,CH4 $M/mt,Carbon $M/mtC,HFC125 $M/kt,HFC134a $M/kt,HFC143a $M/kt,Loblolly_pine_10 $M/mhectares,Loblolly_pine_150 $M/mhectares,Loblolly_pine_24 $M/mhectares,N2O $M/mt,Ponderosa_pine_10 $M/mhectares,Ponderosa_pine_103 $M/mhectares,Ponderosa_pine_150 $M/mhectares,SF6 $M/kt,Seaweed $M/mt,temp change,Capt pi
2025.0,513.1705,0.0,0.0,0.0,5.3983,12.2168,142.19242,9369.6276,89.349,173.879,64.3741,0.0,0.0,0.0,0.066,0.0,0.77777778,0.22222222,2.2441,727.06233,0.13513551383403566,0.0,0.0,0.0,1.0000000005557301,0.9999999997544367,0.5468939230685093,0.9157342679047447,0.9999999999776161,1.0000000000230045,0.9999999999378634,0.0,0.0,0.0,0.009039857553759769,0.0,0.0350000001350001,0.009999999910000027,1.0000000003119291,1.000000000330095,0.55216903,21.021552,1892.8958,360.36625,-143.13385,-69.861555,-71.154407,-26.69103,-15.505785,-4.261285,-26.891918,34.218479,988.75761,161.0355,-4388.1512,17.340952,3894.5881,4191.5596,-266.8777,0.55216903,1309.712431,.
2026.0,513.1705,0.0,0.0,0.0,5.3983,12.2168,142.19242,9369.6276,89.349,173.879,64.3741,0.0,0.0,0.0,0.048,0.0,0.88888889,0.33333333,2.2441,727.06233,0.13513551383403566,0.0,0.0,0.0,1.0000000005557301,0.9999999997544372,0.5468939230685094,0.915734267904744,0.9999999999776156,1.0000000000230052,0.999999999937863,0.0,0.0,0.0,0.0065744418572798325,0.0,0.04000000009000011,0.014999999865000042,1.0000000003119287,1.000000000330095,0.55456955,22.201227,1912.2316,373.84526,-142.87459,-68.088757,-71.47714,-26.69103,-13.997228,-4.2900928,-21.705735,35.902402,1015.8555,163.96039,-4404.3634,18.319624,3928.4029,4207.725,-256.47847,0.55456955,1314.1855289,.
2027.0,513.1705,0.0,0.0,0.0,5.3983,12.2168,131.41534,9308.8091,89.349,173.879,64.3741,0.0,0.0,0.0,0.03,0.0,1.0,0.44444444,2.2441,727.06233,0.13513551383403566,0.0,0.0,0.0,1.0000000005557308,0.9999999997544362,0.5054436153768391,0.9097902126071148,0.9999999999776156,1.0000000000230047,0.999999999937863,0.0,0.0,0.0,0.0041090261607998925,0.0,0.04500000004500013,0.019999999820000055,1.0000000003119291,1.000000000330095,0.5568763,23.222108,1931.5036,391.14999,-143.19633,-67.373727,-72.125697,-26.69103,-13.595271,-4.3017653,-24.63092,37.366821,1043.5988,170.47501,-4423.2718,19.166385,3956.8275,4222.2205,-262.00422,0.5568763,1319.6422087,.
2028.0,513.1705,0.0,0.0,0.0,5.3983,12.2168,131.41534,9308.8091,89.349,173.879,64.3741,0.0,0.0,0.0,0.009,0.0,1.1111111,0.55555555,2.2441,727.06233,0.13513551383403566,0.0,0.0,0.0,1.0000000005557308,0.9999999997544362,0.5054436153768395,0.9097902126071172,0.999999999977615,1.0000000000230047,0.9999999999378634,0.0,0.0,0.0,0.0012327078482399683,0.0,0.04999999955000014,0.02499999977500007,1.0000000003119287,1.000000000330095,0.55928875,24.0555,1950.7285,410.12619,-142.67602,-67.234881,-72.720678,-26.69103,-13.574659,-4.3425423,-26.356684,38.572286,1072.0413,178.7222,-4443.255,19.857403,3984.8313,4234.8845,-264.9134,0.55928875,1325.6407348,.
2029.0,513.1705,0.0,0.0,0.0,5.3983,12.2168,131.41534,9233.6803,89.349,173.879,64.3741,0.0,0.0,0.0,0.0,0.0,1.3333333,0.66666667,2.2441,727.06233,0.13513551383403566,0.0,0.0,0.0,1.0000000005557304,0.9999999997544368,0.5054436153768389,0.9024475497390013,0.9999999999776166,1.0000000000230043,0.999999999937863,0.0,0.0,0.0,0.0,0.0,0.05999999856000017,0.030000000180000087,1.0000000003119291,1.000000000330095,0.71827689,24.678311,1969.9417,429.81378,-142.57908,-72.432619,-73.483175,-26.69103,-18.076234,-4.894412,-26.961407,39.488383,1101.0921,187.76405,-4463.305,20.373458,4012.1658,4245.8885,-265.96963,0.71827689,1331.9462506,.
2030.0,513.1705,0.0,0.11111111,0.0,5.3983,12.2168,131.41534,9233.6803,89.349,173.879,64.3741,0.0,0.0,0.0,0.0,0.0,1.4444444,0.66666667,2.2441,727.06233,0.13513551383403566,0.0,0.004999999955000014,0.0,1.0000000005557304,0.9999999997544361,0.5054436153768392,0.9024475497390053,0.9999999999776159,1.0000000000230047,0.9999999999378636,0.0,0.0,0.0,0.0,0.0,0.06499999806500019,0.030000000180000087,1.0000000003119291,1.000000000330095,0.8537292,25.147638,1989.1033,450.05428,-142.53443,-69.143498,-73.912772,-26.69103,-15.531158,-4.6132415,-26.927929,40.174064,1130.8309,197.44553,-4475.5561,20.762439,4031.7942,4255.3425,-266.01191,0.8537292,1338.378105,.
2031.0,513.1705,0.0,0.22222222,0.0,5.3983,12.2168,131.41534,9233.6803,89.349,173.879,64.3741,0.0,0.0,0.0,0.0,0.0,1.5555556,0.77777778,2.2441,727.06233,0.1351355138340357,0.0,0.009999999910000027,0.0,1.0000000005557306,0.9999999997544367,0.5054436153768395,0.9024475497390035,0.9999999999776155,1.0000000000230052,0.9999999999378634,0.0,0.0,0.0,0.0,0.0,0.07000000207000019,0.0350000001350001,1.0000000003119294,1.000000000330095,0.91449916,25.520345,2008.6143,470.8535,-142.81758,-73.29509,-74.612183,-26.69103,-19.065321,-5.0288729,-32.61228,40.702399,1162.0403,207.87064,-4492.532,21.071723,4047.1515,4261.996,-266.54504,0.91449916,1351.194775,.
2032.0,513.1705,0.0,0.33333333,0.0,5.3983,12.2168,131.41534,9165.7067,89.349,173.879,64.3741,0.0,0.0,0.0,0.0,0.0,1.6666667,0.88888889,2.2441,727.06233,0.13513551383403566,0.0,0.014999999865000042,0.0,1.000000000555731,0.9999999997544368,0.5054436153768394,0.8958041955428521,0.9999999999776161,1.0000000000230045,0.999999999937863,0.0,0.0,0.0,0.0,0.0,0.07500000157500021,0.04000000009000011,1.000000000311929,1.000000000330095,0.94610275,25.817793,2028.0315,492.19518,-142.67377,-69.585342,-75.233364,-26.69103,-15.952295,-4.6975874,-29.769758,41.11118,1194.072,219.00338,-4503.5933,21.318859,4058.6101,4266.8456,-266.4041,0.94610275,1357.549765,.
2033.0,513.1705,0.0,0.44444444,0.0,5.3983,12.2168,131.41534,9165.7067,89.349,173.879,64.3741,0.0,0.0,0.0,0.0,0.0,1.7777778,1.0,2.2441,727.06233,0.13513551383403563,0.0,0.019999999820000055,0.0,1.000000000555731,0.9999999997544362,0.5054436153768394,0.8958041955428506,0.9999999999776161,1.0000000000230045,0.9999999999378634,0.0,0.0,0.0,0.0,0.0,0.08000000108000023,0.04500000004500013,1.000000000311928,1.000000000330095,0.97313082,26.048108,2047.4229,514.10681,-142.86365,-73.665684,-76.025069,-26.69103,-19.409884,-5.1090844,-33.708827,41.419755,1226.9172,230.89062,-4520.6064,21.510399,4061.3851,4270.5449,-266.36846,0.97313082,1412.591335,.
2034.0,513.1705,0.0,0.55555555,0.0,5.3983,12.2168,122.1155,9108.4658,89.349,173.879,64.3741,0.0,0.0,0.0,0.0,0.0,1.8888889,1.1111111,2.2441,727.06233,0.1351355138340357,0.0,0.02499999977500007,0.0,1.0000000005557304,0.9999999997544371,0.4696749999927745,0.8902097945812059,0.9999999999776151,1.0000000000230047,0.9999999999378636,0.0,0.0,0.0,0.0,0.0,0.08500000058500023,0.04999999955000014,1.0000000003119285,1.000000000330095,0.99646223,26.219384,2066.8447,536.50435,-142.91303,-75.790568,-76.689582,-26.69103,-21.197562,-5.3155245,-36.026025,41.645984,1261.9893,243.57231,-4540.1677,21.652918,4063.0907,4273.9966,-266.78569,0.99646223,1420.419762,.
2035.0,513.1705,0.0,0.66666667,0.0,5.3983,12.2168,122.1155,9108.4658,89.349,173.879,64.3741,0.0,0.0,0.0,0.0,0.0,2.1111111,1.2222222,2.2441,727.06233,0.1351355138340357,0.0,0.030000000180000087,0.0,1.0000000005557308,0.9999999997544367,0.4696749999927739,0.8902097945812029,0.9999999999776161,1.0000000000230045,0.9999999999378631,0.0,0.0,0.0,0.0,0.0,0.09499999959500027,0.05499999905500016,1.0000000003119291,1.000000000330095,1.0193461,26.354039,2086.1536,559.28031,-142.85497,-71.052115,-77.293376,-26.69103,-21.999994,-5.429691,-31.860664,41.836558,1298.3028,256.92623,-4551.9956,21.764671,4064.5743,4276.7174,-266.87712,1.0193461,1427.93976,.
2036.0,513.1705,0.0,0.77777778,0.0,5.3983,12.2168,122.1155,9029.7595,89.349,173.879,64.3741,0.0,0.0,0.0,0.0,0.0,2.2222222,1.3333333,2.2441,727.06233,0.13513551383403566,0.0,0.0350000001350001,0.0,1.000000000555731,0.9999999997544359,0.4696749999927742,0.8825174871505469,0.9999999999776155,1.0000000000230045,0.9999999999378634,0.0,0.0,0.0,0.0,0.0,0.09999999910000028,0.05999999856000017,1.0000000003119285,1.000000000330095,1.0433238,26.560759,2105.4926,582.37821,-142.24764,-68.768296,-77.874835,-26.69103,-17.564698,-4.9367904,-29.855664,42.208668,1336.5183,270.40167,-4560.0461,21.934385,4066.8192,4279.4971,-256.51307,1.0433238,1435.77017,.
2037.0,513.1705,0.0,0.88888889,0.0,5.3983,12.2168,122.1155,8768.5976,89.349,173.879,64.3741,0.0,0.0,0.0,0.0,0.0,2.3333333,1.4444444,2.2441,727.06233,0.13513551383403566,0.0,0.04000000009000011,0.0,1.0000000005557301,0.9999999997544369,0.4696749999927743,0.8569930040535744,0.9999999999776162,1.0000000000230045,0.9999999999378634,0.0,0.0,0.0,0.0,0.0,0.1049999986050003,0.06499999806500019,1.000000000311929,1.000000000330095,1.0620202,26.791524,2124.7945,605.62852,-142.66392,-68.120913,-78.667225,-26.69103,-20.591636,-5.2804396,-35.154453,42.63363,1375.8454,283.71631,-4583.9645,22.123573,4069.4047,4282.0742,-262.453,1.0620202,1435.16988,.
2038.0,513.1705,0.0,1.0,0.0,5.3983,12.2168,122.1155,8768.5976,89.349,173.879,64.3741,0.0,0.0,0.0,0.0,0.0,2.4444444,1.5555556,2.2441,727.06233,0.13513551383403566,0.0,0.04500000004500013,0.0,1.0000000005557308,0.9999999997544363,0.4696749999927744,0.8569930040535746,0.9999999999776162,1.0000000000230045,0.9999999999378631,0.0,0.0,0.0,0.0,0.0,0.10999999811000032,0.07000000207000019,1.0000000003119291,1.000000000330095,1.0769421,27.02662,2143.9898,628.89072,-142.12571,-67.948562,-79.341622,-26.69103,-17.528873,-4.9333041,-32.32623,43.053404,1416.9146,296.61956,-4597.7331,22.316633,4073.0289,4284.8155,-265.17484,1.0769421,1431.15383,.
2039.0,513.1705,0.0,1.1111111,0.0,5.3983,12.2168,122.1155,8389.3764,89.349,173.879,64.3741,0.0,0.11111111,0.0,0.0,0.0,2.6666667,1.6666667,2.2441,727.06233,0.1351355138340357,0.0,0.04999999955000014,0.0,1.0000000005557306,0.9999999997544367,0.4696749999927743,0.8199300744707624,0.9999999999776155,1.0000000000230047,0.9999999999378634,0.0,0.004999999955000014,0.0,0.0,0.0,0.12000000162000034,0.07500000157500021,1.0000000003119294,1.000000000330095,1.0890065,27.265819,2163.2068,652.14578,-142.38726,-67.641798,-80.164047,-26.69103,-20.796748,-5.3062423,-35.912012,43.457015,1459.4747,309.03859,-4614.6228,22.513637,4077.4498,4287.6318,-265.84395,1.0890065,1432.33077,.
2040.0,513.1705,0.0,1.3333333,0.0,5.3983,12.2168,114.00801,8389.3764,89.349,173.879,64.3741,0.0,0.33333333,0.0,0.0,0.0,2.7777778,1.7777778,2.2441,727.06233,0.1351355138340357,0.0,0.05999999856000017,0.0,1.0000000005557301,0.9999999997544372,0.43849234614710025,0.8199300744707649,0.9999999999776158,1.000000000023005,0.9999999999378631,0.0,0.014999999865000042,0.0,0.0,0.0,0.12500000112500034,0.08000000108000023,1.0000000003119294,1.000000000330095,1.0935164,27.601438,2181.9183,675.39533,-142.03824,-67.320161,-80.848777,-26.69103,-17.477229,-4.9318073,-32.620766,44.029403,1504.4774,320.91207,-4624.9641,22.789887,4081.6926,4289.3572,-255.19182,1.0935164,1426.11058,.
2041.0,513.1705,0.0,1.4444444,0.11111111,5.3983,12.2168,114.00801,8324.9803,89.349,173.879,64.3741,0.0,0.44444444,0.0,0.0,0.0,3.0,1.8888889,2.2441,727.06233,0.13513551383403563,0.0,0.06499999806500019,0.004999999955000014,1.0000000005557308,0.9999999997544359,0.4384923461471001,0.8136363648371577,0.999999999977615,1.0000000000230045,0.9999999999378628,0.0,0.019999999820000055,0.0,0.0,0.0,0.13500000013500038,0.08500000058500023,1.0000000003119287,1.000000000330095,1.0947103,29.760915,2200.8985,698.63766,-142.03193,-67.030584,-81.893506,-26.69103,-20.792943,-5.3087692,-36.301171,48.362013,1550.371,332.18718,-4641.4908,24.552486,4085.4357,4289.7471,-260.90779,1.0947103,1430.04967,.
2042.0,513.1705,0.0,1.5555556,0.22222222,5.3983,12.2168,114.00801,8257.0067,89.349,173.879,64.3741,0.0,0.66666667,0.0,0.0,0.0,3.1111111,2.1111111,2.2441,727.06233,0.13513551383403566,0.0,0.07000000207000019,0.009999999910000027,1.0000000005557312,0.9999999997544365,0.43849234614710025,0.8069930106410056,0.999999999977615,1.0000000000230045,0.9999999999378636,0.0,0.030000000180000087,0.0,0.0,0.0,0.1399999996400004,0.09499999959500027,1.0000000003119283,1.000000000330095,1.0955428,32.730948,2219.7188,721.85168,-142.27202,-66.585515,-82.6841,-26.69103,-22.203478,-5.4603168,-32.575212,54.091739,1596.7142,342.79905,-4660.2206,26.981253,4088.3182,4289.0258,-263.79379,1.0955428,1424.07314,.
2043.0,513.1705,0.0,1.7777778,0.44444444,5.3983,12.2168,114.00801,8257.0067,89.349,173.879,64.3741,0.0,0.88888889,0.0,0.0,0.0,3.3333333,2.2222222,2.2441,727.06233,0.13513551383403563,0.0,0.08000000108000023,0.019999999820000055,1.0000000005557304,0.9999999997544369,0.4384923461471001,0.8069930106410028,0.9999999999776156,1.0000000000230043,0.9999999999378631,0.0,0.04000000009000011,0.0,0.0,0.0,0.14999999865000044,0.09999999910000028,1.0000000003119291,1.000000000330095,1.0963511,36.005938,2237.5689,745.02317,-142.30735,-66.392544,-83.573037,-26.69103,-22.922996,-5.5489801,-36.357894,60.047459,1644.8922,352.68735,-4680.3727,29.668069,4087.942,4284.7363,-264.51711,1.0963511,1425.36618,.
2044.0,513.1705,0.0,1.8888889,0.66666667,5.3983,12.2168,106.87681,7291.0657,89.349,173.879,64.3741,0.0,1.0,0.0,0.0,0.0,3.4444444,2.3333333,2.2441,727.06233,0.13513551383403563,0.0,0.08500000058500023,0.030000000180000087,1.0000000005557304,0.9999999997544363,0.4110646538398296,0.7125874150040805,0.9999999999776158,1.0000000000230045,0.9999999999378634,0.0,0.04500000004500013,0.0,0.0,0.0,0.15499999815500043,0.1049999986050003,1.0000000003119294,1.000000000330095,1.0973161,39.432453,2254.8605,768.14254,-141.93052,-65.935037,-84.504135,-26.69103,-22.995374,-5.55674,-32.612769,65.859229,1693.6317,361.81261,-4692.2897,32.489523,4085.5716,4278.6601,-254.22553,1.0973161,1428.18669,.
2045.0,513.1705,0.0,2.0,0.77777778,5.3983,12.2168,106.87681,7240.9798,89.349,173.879,64.3741,0.0,1.2222222,0.0,0.0,0.0,3.5555556,2.4444444,2.2441,727.06233,0.13513551383403566,0.0,0.09000000009000025,0.0350000001350001,1.0000000005557308,0.9999999997544367,0.4110646538398299,0.707692303167527,0.9999999999776156,1.0000000000230052,0.9999999999378636,0.0,0.05499999905500016,0.0,0.0,0.0,0.16000000216000046,0.10999999811000032,1.000000000311929,1.000000000330095,1.1032239,43.011987,2270.9499,791.20324,-142.20409,-65.679272,-85.478399,-26.69103,-18.416132,-5.5690642,-30.887896,71.500244,1744.2564,370.13866,-4700.4042,35.446447,4079.0746,4268.5474,-249.82245,1.1032239,1437.75172,.
2046.0,513.1705,0.0,2.2222222,1.0,5.3983,12.2168,106.87681,7240.9798,89.349,173.879,64.3741,0.0,1.4444444,0.0,0.0,0.0,3.7777778,2.5555556,2.2441,727.06233,0.13513551383403563,0.0,0.09999999910000028,0.04500000004500013,1.0000000005557304,0.9999999997544368,0.4110646538398299,0.7076923031675275,0.9999999999776162,1.0000000000230045,0.9999999999378631,0.0,0.06499999806500019,0.0,0.0,0.0,0.17000000117000047,0.11500000211500032,1.0000000003119291,1.000000000330095,1.1405367,46.685353,2286.1219,814.18749,-141.74288,-65.509147,-86.463194,-26.69103,-21.11596,-5.5905671,-30.212404,76.840388,1796.1405,377.63423,-4715.9612,38.491525,4069.2021,4255.1632,-247.6362,1.1405367,1452.55099,.
2047.0,513.1705,0.0,2.3333333,1.2222222,5.3983,12.2168,106.87681,7176.5838,89.349,173.879,64.3741,0.0,1.6666667,0.0,0.0,0.0,3.8888889,2.6666667,2.2441,727.06233,0.13513551383403566,0.0,0.1049999986050003,0.05499999905500016,1.000000000555731,0.9999999997544362,0.4110646538398297,0.701398603307354,0.9999999999776162,1.0000000000230045,0.9999999999378631,0.0,0.07500000157500021,0.0,0.0,0.0,0.1750000006750005,0.12000000162000034,1.0000000003119287,1.000000000330095,1.1584743,50.148173,2299.6147,836.7966,-141.67509,-65.470179,-87.46688,-26.69103,-22.644684,-5.6164587,-35.378877,81.766159,1849.9411,384.20161,-4735.032,41.364696,4054.3809,4236.8735,-257.29236,1.1584743,1464.98645,.
2048.0,513.1705,0.0,2.5555556,1.4444444,5.3983,12.2168,100.55507,6940.4649,89.349,173.879,64.3741,0.0,2.0,0.0,0.0,0.0,4.1111111,2.8888889,2.2441,727.06233,0.1351355138340357,0.0,0.11500000211500032,0.06499999806500019,1.0000000005557301,0.9999999997544373,0.38675026922481953,0.6783216810153757,0.9999999999776156,1.0000000000230052,0.9999999999378631,0.0,0.09000000009000025,0.0,0.0,0.0,0.1849999996850005,0.13000000063000036,1.000000000311929,1.000000000330095,1.1668653,53.256378,2311.4513,858.89634,-141.70822,-65.46657,-88.487843,-26.69103,-23.336136,-5.6501711,-32.211129,86.204468,1905.4479,389.7926,-4746.1454,43.94327,4034.7506,4214.0133,-250.82937,1.1668653,1478.95684,.
2049.0,513.1705,0.0,2.7777778,1.6666667,5.3983,12.2168,100.55507,6886.8015,89.349,173.879,64.3741,0.0,2.2222222,0.0,0.0,0.0,4.2222222,3.0,2.2441,727.06233,0.1351355138340357,0.0,0.12500000112500034,0.07500000157500021,1.0000000005557308,0.9999999997544365,0.38675026922481903,0.6730769246162751,0.9999999999776159,1.0000000000230045,0.9999999999378631,0.0,0.09999999910000028,0.0,0.0,0.0,0.18999999919000055,0.13500000013500038,1.000000000311929,1.000000000330095,1.1725782,55.88507,2321.5624,881.03431,-141.6341,-65.494414,-89.50684,-26.69103,-23.576031,-5.6806391,-30.47653,89.975263,1962.545,395.30764,-4762.41,46.123609,4010.0263,4186.4576,-247.06069,1.1725782,1492.39257,.
2050.0,513.1705,0.0,2.8888889,2.0,5.3983,12.2168,100.55507,6833.1381,89.349,173.879,64.3741,0.0,2.4444444,0.0,0.0,0.0,4.4444444,3.1111111,2.2441,727.06233,0.13513551383403566,0.0,0.13000000063000036,0.09000000009000025,1.000000000555731,0.9999999997544362,0.3867502692248192,0.6678321682171781,0.9999999999776158,1.0000000000230045,0.9999999999378631,0.0,0.10999999811000032,0.0,0.0,0.0,0.19999999820000056,0.1399999996400004,1.0000000003119285,1.000000000330095,1.2058587,57.981587,2330.228,934.89182,-141.98419,-65.60122,-90.747728,-26.69103,-23.85093,-5.7012807,-29.859998,93.014827,2020.3919,402.50654,-4781.4606,47.861804,3981.7621,4155.6531,-245.22724,1.2058587,1504.74671,.
2051.0,513.1705,0.0,3.1111111,2.2222222,5.3983,12.2168,94.911913,6833.1381,89.349,173.879,64.3741,0.0,2.7777778,0.0,0.0,0.0,4.5555556,3.2222222,2.2441,727.06233,0.13513551383403563,0.0,0.1399999996400004,0.09999999910000028,1.0000000005557304,0.9999999997544367,0.36504581922515317,0.6678321682171772,0.9999999999776155,1.0000000000230047,0.9999999999378631,0.0,0.12500000112500034,0.0,0.0,0.0,0.2050000022050006,0.14499999914500042,1.0000000003119285,1.000000000330095,1.7940654,59.496484,2338.0607,960.29034,-141.50548,-65.439157,-91.878345,-26.69103,-23.953777,-6.2596183,-34.770703,95.257001,2079.5284,410.12103,-4801.3354,49.116705,3952.4022,4124.2757,-254.69149,1.7940654,1518.0563,.
2052.0,513.1705,0.0,3.2222222,2.5555556,5.3983,12.2168,94.911913,6779.4747,89.349,173.879,64.3741,0.0,3.1111111,0.0,0.0,0.0,4.6666667,3.3333333,2.2441,727.06233,0.13513551383403563,0.0,0.14499999914500042,0.11500000211500032,1.0000000005557308,0.9999999997544363,0.36504581922515306,0.6625874118180772,0.9999999999776159,1.0000000000230043,0.999999999937863,0.0,0.1399999996400004,0.0,0.0,0.0,0.2100000017100006,0.14999999865000044,1.000000000311929,1.000000000330095,2.069482,60.665793,2345.2056,988.66606,-141.53147,-65.391448,-92.955681,-26.69103,-23.985071,-5.9754655,-31.671745,96.953913,2139.8561,417.97936,-4813.0298,50.086094,3922.4694,4091.9439,-248.37715,2.069482,1525.95721,.
2053.0,513.1705,0.0,3.4444444,3.1111111,5.3983,12.2168,94.911913,6729.3889,89.349,173.879,64.3741,0.0,3.4444444,0.11111111,0.0,0.0,4.8888889,3.4444444,2.2441,727.06233,0.1351355138340357,0.0,0.15499999815500043,0.1399999996400004,1.0000000005557306,0.9999999997544368,0.36504581922515306,0.6576923097549566,0.9999999999776154,1.000000000023005,0.9999999999378638,0.0,0.15499999815500043,0.004999999955000014,0.0,0.0,0.22000000072000064,0.15499999815500043,1.000000000311929,1.000000000330095,2.1884795,61.608767,2351.8179,1080.9094,-141.8817,-65.349237,-94.229925,-26.69103,-24.150377,-6.3748247,-35.492983,98.278885,2200.5575,426.13272,-4829.7144,50.868886,3892.5345,4058.795,-255.3402,2.1884795,1538.10753,.
2054.0,513.1705,0.0,3.6666667,3.5555556,5.3983,12.2168,89.843237,6672.1479,89.349,173.879,64.3741,0.0,3.7777778,0.22222222,0.0,0.0,5.0,3.5555556,2.2441,727.06233,0.13513551383403566,0.0,0.16500000166500048,0.16000000216000046,1.00000000055573,0.9999999997544372,0.34555091153314543,0.6520978990198777,0.9999999999776158,1.000000000023005,0.9999999999378631,0.0,0.17000000117000047,0.009999999910000027,0.0,0.0,0.22500000022500063,0.16000000216000046,1.0000000003119294,1.000000000330095,2.2607907,62.359689,2358.116,1128.4789,-141.53115,-65.396014,-95.606573,-26.69103,-24.240361,-6.0476407,-32.090369,99.305456,2258.9994,434.66695,-4840.5182,51.492919,3862.5901,4025.6647,-248.44665,2.2607907,1549.80512,.
2055.0,513.1705,0.11111111,3.7777778,4.3333333,5.3983,12.2168,89.843237,6629.2172,89.349,173.879,64.3741,0.11111111,4.1111111,0.44444444,0.0,0.11111111,5.2222222,3.6666667,2.2441,727.06233,0.13513551383403563,0.004999999955000014,0.17000000117000047,0.19499999869500054,1.0000000005557308,0.9999999997544361,0.3455509115331454,0.6479020958552852,0.9999999999776151,1.0000000000230045,0.9999999999378631,0.004999999955000014,0.1849999996850005,0.019999999820000055,0.0,0.004999999955000014,0.23499999923500067,0.16500000166500048,1.0000000003119285,1.000000000330095,2.3351539,62.93747,2363.9553,1233.8538,-141.43213,-65.386553,-97.018689,-26.69103,-24.32689,-6.450545,-35.703854,100.07877,2316.8472,443.60091,-4856.8628,51.973442,3832.101,3992.2661,-255.42466,2.3351539,1560.69535,.
2056.0,513.1705,0.22222222,4.0,5.0,5.3983,12.2168,85.265202,6579.1314,89.349,173.879,64.3741,0.22222222,4.4444444,0.55555555,0.0,0.22222222,5.3333333,3.8888889,2.2441,727.06233,0.13513551383403566,0.009999999910000027,0.1800000001800005,0.22500000022500063,1.000000000555731,0.9999999997544365,0.32794308461033955,0.6430069937921663,0.9999999999776154,1.0000000000230047,0.9999999999378631,0.009999999910000027,0.19999999820000056,0.02499999977500007,0.0,0.009999999910000027,0.23999999874000066,0.1750000006750005,1.000000000311928,1.000000000330095,2.3961345,63.363944,2369.624,1316.2717,-141.83958,-65.449618,-98.460094,-26.69103,-24.629893,-6.6612226,-37.672066,100.64461,2371.9455,453.01374,-4876.3135,52.328256,3802.231,3959.4548,-259.17588,2.3961345,1571.03599,.
2057.0,513.1705,0.33333333,4.2222222,5.8888889,5.3983,12.2168,85.265202,6532.6231,89.349,173.879,64.3741,0.33333333,4.8888889,0.77777778,0.0,0.33333333,5.5555555,4.0,2.2441,727.06233,0.13513551383403566,0.014999999865000042,0.18999999919000055,0.2650000007650008,1.0000000005557306,0.9999999997544373,0.32794308461033933,0.638461536291592,0.9999999999776156,1.000000000023004,0.999999999937863,0.014999999865000042,0.22000000072000064,0.0350000001350001,0.0,0.014999999865000042,0.2499999977500007,0.1800000001800005,1.000000000311929,1.000000000330095,2.4587519,63.658437,2375.062,1432.5478,-141.85944,-65.349465,-99.924139,-26.69103,-24.592658,-6.7714112,-38.700652,101.04187,2425.473,469.00072,-4888.0905,52.573114,3772.7223,3927.1519,-250.67109,2.4587519,1581.6633,.
2058.0,513.1705,0.44444444,4.4444444,6.7777778,5.3983,12.2168,85.265202,6482.5373,89.349,173.879,64.3741,0.44444444,5.2222222,1.0,0.0,0.44444444,5.6666667,4.1111111,2.2441,727.06233,0.13513551383403566,0.019999999820000055,0.19999999820000056,0.3050000013050009,1.0000000005557301,0.9999999997544365,0.3279430846103393,0.6335664342284735,0.9999999999776156,1.0000000000230045,0.999999999937863,0.019999999820000055,0.23499999923500067,0.04500000004500013,0.0,0.019999999820000055,0.25500000175500076,0.1849999996850005,1.0000000003119296,1.000000000330095,2.521892,63.855239,2380.3154,1537.2032,-141.36532,-65.323311,-101.40237,-26.69103,-24.590916,-6.8269388,-38.901828,101.31591,2476.0097,493.71203,-4904.5179,52.736545,3744.2494,3895.8296,-246.14381,2.521892,1591.80034,.
2059.0,513.1705,0.44444444,4.6666667,7.6666667,5.3983,12.2168,81.109521,6432.4515,89.349,173.879,64.3741,0.44444444,5.5555555,1.3333333,0.0,0.44444444,5.8888889,4.2222222,2.2441,727.06233,0.1351355138340357,0.019999999820000055,0.2100000017100006,0.345000001845001,1.0000000005557308,0.9999999997544363,0.3119596961490468,0.6286713321653534,0.9999999999776155,1.0000000000230052,0.9999999999378636,0.019999999820000055,0.2499999977500007,0.05999999856000017,0.0,0.019999999820000055,0.2650000007650008,0.18999999919000055,1.0000000003119291,1.000000000330095,2.5653935,63.989685,2385.5223,1641.7247,-116.9447,-59.65004,-102.90651,-26.850035,-24.620145,-6.3382567,-34.196407,101.51132,2523.6823,522.87738,-4915.4069,52.848001,3716.555,3865.4979,-245.16404,2.5653935,1601.33653,.
2060.0,600.43735,0.55555555,4.8888889,8.4444444,5.3983,12.2168,81.109521,6382.3656,89.349,173.879,64.3741,0.55555555,6.0,1.6666667,0.0,0.55555555,6.1111111,4.4444444,2.2441,727.06233,0.15811588900257656,0.02499999977500007,0.22000000072000064,0.3799999983800011,1.0000000005557308,0.9999999997544368,0.3119596961490468,0.6237762203288012,0.9999999999776166,1.000000000023004,0.999999999937863,0.02499999977500007,0.27000000027000076,0.07500000157500021,0.0,0.02499999977500007,0.2749999997750008,0.19999999820000056,1.0000000003119291,1.000000000330095,2.6043534,64.085058,2389.3627,1712.7854,-130.16706,-62.803765,-104.63733,-26.850035,-24.72819,-6.6933353,-32.24752,101.65685,2571.7555,554.62992,-4923.2795,52.926903,3685.1078,3831.1472,-244.85569,2.6043534,1609.23477,.
2061.0,600.43735,0.66666667,5.1111111,9.0,5.3983,12.2168,77.32002,6282.194,89.349,173.879,64.3741,0.66666667,6.4444444,2.0,0.0,0.66666667,6.2222222,4.5555556,2.2441,727.06233,0.1581158890025766,0.030000000180000087,0.22999999973000063,0.40500000040500117,1.0000000005557308,0.9999999997544363,0.29738469230311715,0.6139860162025621,0.9999999999776162,1.0000000000230045,0.9999999999378634,0.030000000180000087,0.28999999829000084,0.09000000009000025,0.0,0.030000000180000087,0.2799999992800008,0.2050000022050006,1.000000000311929,1.000000000330095,2.6348908,64.161287,2392.2428,1757.0453,-136.47429,-64.193432,-106.46463,-26.850035,-24.666693,-6.8677039,-36.848415,101.77675,2619.9701,588.5494,-4937.9187,52.989883,3651.6843,3794.5205,-244.15133,2.6348908,1617.73287,.
2062.0,600.43735,0.77777778,5.3333333,9.5555555,5.3983,12.2168,73.850062,6228.5306,89.349,173.879,64.3741,0.77777778,6.7777778,2.4444444,0.0,0.77777778,6.4444444,4.6666667,2.2441,727.06233,0.1581158890025766,0.0350000001350001,0.23999999874000066,0.42999999793000127,1.0000000005557304,0.9999999997544369,0.28403869999563025,0.6087412598034619,0.9999999999776161,1.0000000000230047,0.9999999999378631,0.0350000001350001,0.3050000013050009,0.10999999811000032,0.0,0.0350000001350001,0.28999999829000084,0.2100000017100006,1.000000000311929,1.000000000330095,2.6407363,64.232698,2394.5395,1792.3052,-138.87875,-64.739087,-108.35395,-26.850035,-24.787699,-7.5011342,-39.052145,101.88778,2667.91,624.56563,-4956.2873,53.048913,3617.5236,3757.1031,-243.66026,2.6407363,1625.7291,.
2063.0,600.43735,0.88888889,5.5555555,10.111111,5.3983,12.2168,73.850062,6178.4448,89.349,173.879,64.3741,0.88888889,7.2222222,2.8888889,0.0,0.88888889,6.5555555,4.7777778,2.2441,727.06233,0.15811588900257656,0.04000000009000011,0.2499999977500007,0.45499999545500125,1.0000000005557308,0.9999999997544367,0.2840386999956301,0.603846157740341,0.9999999999776161,1.0000000000230047,0.9999999999378634,0.04000000009000011,0.3249999993250009,0.13000000063000036,0.0,0.04000000009000011,0.2949999977950008,0.2150000012150006,1.000000000311929,1.000000000330095,2.6438648,64.731517,2396.4866,1821.5511,-113.43846,-58.971567,-110.06783,-26.850035,-24.746267,-7.2348978,-39.813233,102.89095,2715.7673,662.62355,-4966.9846,53.45601,3582.692,3719.152,-243.18016,2.6438648,1633.3622,.
2064.0,600.43735,1.1111111,5.8888889,10.666667,5.3983,12.2168,70.660609,6128.3589,89.349,173.879,64.3741,1.1111111,7.7777778,3.4444444,0.0,1.1111111,6.7777778,5.0,2.2441,727.06233,0.1581158890025766,0.04999999955000014,0.2650000007650008,0.4800000154800014,1.0000000005557315,0.9999999997544361,0.2717715730727419,0.5989510459037898,0.9999999999776156,1.0000000000230047,0.9999999999378634,0.04999999955000014,0.350000001350001,0.15499999815500043,0.0,0.04999999955000014,0.3050000013050009,0.22500000022500063,1.0000000003119285,1.000000000330095,2.6467828,66.457372,2397.5617,1844.5457,-127.66179,-62.279287,-112.13092,-26.850035,-24.882327,-7.1265559,-40.074561,106.38846,2764.237,702.78941,-4982.7141,54.863727,3546.0478,3679.4937,-242.19943,2.6467828,1639.2416600000001,.
2065.0,600.43735,1.3333333,6.1111111,11.222222,5.3983,12.2168,67.718731,6081.8507,89.349,173.879,64.3741,1.3333333,8.2222222,3.8888889,0.0,1.3333333,6.8888889,5.1111111,2.2441,727.06233,0.15811588900257656,0.05999999856000017,0.2749999997750008,0.5049999905050014,1.0000000005557306,0.9999999997544368,0.26045665768830073,0.5944055981766506,0.9999999999776154,1.0000000000230047,0.9999999999378634,0.05999999856000017,0.369999999370001,0.1750000006750005,0.0,0.05999999856000017,0.3100000008100009,0.22999999973000063,1.0000000003119287,1.000000000330095,2.649889,68.727604,2398.082,1863.0112,-134.32234,-63.71869,-114.36482,-26.850035,-24.952476,-7.6491142,-40.459467,110.76521,2813.1617,744.89705,-5001.4552,56.720315,3508.0688,3638.9635,-241.89255,2.649889,1644.63022,.
2066.0,600.43735,1.5555556,6.3333333,11.777778,5.3983,12.2168,67.718731,5981.679,89.349,173.879,64.3741,1.6666667,8.7777778,4.5555556,0.0,1.5555556,7.1111111,5.2222222,2.2441,727.06233,0.1581158890025766,0.07000000207000019,0.28499999878500076,0.5300000105300015,1.0000000005557308,0.9999999997544367,0.2604566576883005,0.5846153842769759,0.9999999999776162,1.0000000000230043,0.999999999937863,0.07500000157500021,0.39500000139500113,0.2050000022050006,0.0,0.07000000207000019,0.3199999998200009,0.23499999923500067,1.0000000003119287,1.000000000330095,2.6529177,71.222969,2397.6094,1874.7619,-135.75472,-64.095611,-116.46846,-26.850035,-24.879924,-7.3634511,-40.446755,115.26796,2862.2466,787.87275,-5012.2817,58.76845,3468.1882,3596.6229,-241.18804,2.6529177,1649.51471,.
2067.0,600.43735,1.7777778,6.5555555,12.222222,5.3983,12.2168,64.99646,5935.1707,89.349,173.879,64.3741,1.8888889,9.2222222,5.1111111,0.0,1.7777778,7.2574345,5.3333333,2.2441,727.06233,0.15811588900257662,0.08000000108000023,0.2949999977950008,0.5499999905500016,1.0000000005557306,0.9999999997544372,0.24998638461153866,0.5800699267764051,0.9999999999776158,1.000000000023005,0.9999999999378636,0.08500000058500023,0.41499999941500115,0.22999999973000063,0.0,0.08000000108000023,0.32658455282658544,0.23999999874000066,1.0000000003119291,1.000000000330095,2.6560889,73.860561,2396.2876,1881.3593,-136.48437,-64.223056,-118.73104,-26.850035,-29.700744,-7.7763124,-40.591323,119.6849,2910.4989,830.46505,-5028.0719,60.941504,3427.2347,3552.9859,-240.631,2.6560889,1653.83072,.
2068.0,600.43735,2.1111111,6.8888889,12.666667,5.3983,12.2168,62.469887,5885.0849,89.349,173.879,64.3741,2.2222222,9.7777778,5.6666667,0.0,2.1111111,7.4444444,5.4444444,2.2441,727.06233,0.1581158890025766,0.09499999959500027,0.3100000008100009,0.5700000155700017,1.0000000005557306,0.9999999997544371,0.2402687961501497,0.5751748247132837,0.9999999999776161,1.0000000000230045,0.9999999999378631,0.09999999910000028,0.4400000014400013,0.25500000175500076,0.0,0.09499999959500027,0.33499999833500094,0.24499999824500068,1.0000000003119291,1.000000000330095,2.6594559,76.634701,2393.8384,1882.4209,-137.28975,-64.379545,-121.09874,-26.850035,-27.162285,-7.9981181,-40.964636,123.97719,2957.6221,871.8426,-5038.7343,63.235004,3384.9662,3507.7384,-240.58175,2.6594559,1657.4573,.
2069.0,600.43735,2.4444444,7.1111111,13.111111,5.3983,12.2168,60.118453,5781.3357,89.349,173.879,64.3741,2.5555556,10.333333,6.3333333,0.0,2.4444444,7.5555555,5.6666667,2.2441,727.06233,0.15811588900257653,0.10999999811000032,0.3199999998200009,0.5899999955900016,1.0000000005557308,0.9999999997544363,0.23122481922721191,0.565034966251066,0.9999999999776162,1.0000000000230045,0.9999999999378636,0.11500000211500032,0.46499998546500126,0.28499999878500076,0.0,0.10999999811000032,0.33999999784000096,0.25500000175500076,1.0000000003119285,1.000000000330095,2.662767,79.445785,2390.3978,1879.6178,-137.83117,-58.736752,-123.51383,-26.850035,-25.97666,-8.1199866,-41.152294,128.04434,3003.4927,911.4818,-5046.1397,65.565758,3341.0608,3460.9052,-240.54905,2.662767,1660.44573,.
2070.0,600.43735,2.7777778,7.4444444,14.555556,5.3983,12.2168,57.924379,5731.2499,89.349,173.879,64.3741,2.7777778,11.0,7.0,0.0,2.7777778,7.7777778,5.7777778,2.2441,727.06233,0.15811588900257662,0.12500000112500034,0.33499999833500094,0.6550000206550018,1.000000000555731,0.9999999997544365,0.22278607307349566,0.5601398641879468,0.9999999999776155,1.0000000000230045,0.9999999999378638,0.12500000112500034,0.4950000004950014,0.3150000003150009,0.0,0.12500000112500034,0.350000001350001,0.2600000012600007,1.0000000003119278,1.000000000330095,2.6658463,82.077923,2385.7374,2001.071,-138.28134,-61.965939,-126.1674,-26.850035,-30.321294,-8.1774329,-41.427183,131.79621,3047.8064,949.08064,-5060.8397,67.749522,3295.3528,3412.4879,-240.26777,2.6658463,1663.23157,.
2071.0,600.43735,3.2222222,7.6666667,15.555556,5.3983,12.2168,55.872216,5638.2333,89.349,173.879,64.3741,3.3333333,11.555556,7.5555555,0.0,3.2222222,7.8888889,5.8888889,2.2441,727.06233,0.1581158890025766,0.14499999914500042,0.345000001845001,0.700000020700002,1.0000000005557308,0.9999999997544371,0.21489313845823235,0.5510489491868001,0.9999999999776156,1.0000000000230047,0.9999999999378631,0.14999999865000044,0.5200000205200015,0.33999999784000096,0.0,0.14499999914500042,0.35500000085500105,0.2650000007650008,1.000000000311929,1.000000000330095,2.6685117,87.254377,2380.4148,2053.4196,-139.76329,-63.780184,-128.95859,-26.850035,-32.68332,-8.8010375,-41.805812,141.06576,3086.0481,984.42174,-5071.0999,72.000517,3250.6363,3365.0989,-240.37844,2.6685117,1665.32655,.
2072.0,600.43735,4.0,7.8888889,16.222222,5.3983,12.2168,53.948473,5530.9065,89.349,173.879,64.3741,4.2222222,12.111111,8.2222222,0.0,4.0,8.1111111,6.0,2.2441,727.06233,0.1581158890025766,0.1800000001800005,0.35500000085500105,0.729999990730002,1.0000000005557304,0.9999999997544362,0.20749412691988464,0.5405594363886,0.9999999999776156,1.0000000000230045,0.999999999937863,0.18999999919000055,0.5449999955450016,0.369999999370001,0.0,0.1800000001800005,0.36499999986500103,0.27000000027000076,1.0000000003119294,1.000000000330095,2.6705464,95.771244,2374.2877,2070.7408,-139.9829,-64.253698,-132.01742,-26.850035,-33.553335,-9.1061303,-41.870572,157.12936,3119.696,1017.3323,-5086.427,78.974744,3206.0673,3317.8997,-240.31856,2.6705464,1666.51944,.
2073.0,600.43735,4.7777778,8.2222222,16.888889,5.3983,12.2168,52.141315,5487.9758,89.349,173.879,64.3741,5.1111111,12.666667,8.8888889,0.0,4.7777778,8.2222222,6.1111111,2.2441,727.06233,0.15811588900257662,0.2150000012150006,0.369999999370001,0.7600000057600022,1.000000000555731,0.9999999997544365,0.20054351922768401,0.5363636332240086,0.9999999999776154,1.000000000023005,0.9999999999378634,0.22999999973000063,0.5700000155700017,0.4000000009000011,0.0,0.2150000012150006,0.369999999370001,0.2749999997750008,1.0000000003119287,1.000000000330095,2.8107756,105.48706,2367.3756,2077.2039,-139.82633,-64.201042,-135.00104,-26.850035,-34.093982,-9.2257028,-41.843064,174.97474,3149.8675,1047.6355,-5095.8161,86.941281,3161.2552,3270.5542,-240.11902,2.8107756,1667.0257900000001,.
2074.0,600.43735,5.7777778,8.5555555,17.444444,5.3983,12.2168,50.44032,5394.9593,89.349,173.879,64.3741,6.1111111,13.222222,9.5555555,0.0,5.6666667,8.4444444,6.2222222,2.2441,727.06233,0.15811588900257656,0.2600000012600007,0.3849999978850011,0.7849999807850022,1.0000000005557308,0.9999999997544367,0.19400123076624612,0.5272727279962941,0.9999999999776166,1.000000000023004,0.9999999999378631,0.2749999997750008,0.5949999905950017,0.42999999793000127,0.0,0.25500000175500076,0.3799999983800011,0.2799999992800008,1.0000000003119294,1.000000000330095,3.2090523,115.5229,2359.9521,2083.9539,-141.30818,-64.624414,-138.19274,-26.850035,-30.01251,-9.35075,-41.933064,192.47711,3178.3915,1075.2802,-5102.8453,95.19305,3116.9568,3223.8071,-240.22018,3.2090523,1666.8723300000001,.
2075.0,686.66351,6.7777778,8.7777778,18.111111,5.3983,12.2168,47.320987,5291.2101,89.349,173.879,64.3741,7.2222222,13.888889,10.222222,0.0,6.6666667,8.5555555,6.3333333,2.2441,727.06233,0.1808222145562391,0.3050000013050009,0.39500000139500113,0.8149999958150024,1.0000000005557304,0.9999999997544362,0.18200379615104606,0.5171328695340768,0.9999999999776162,1.0000000000230047,0.9999999999378636,0.3249999993250009,0.6250000056250018,0.4599999904600013,0.0,0.30000000180000086,0.3849999978850011,0.28499999878500076,1.000000000311929,1.000000000330095,3.3922969,125.85369,2352.0957,2087.5118,-116.59028,-58.89194,-141.48763,-26.850035,-28.107139,-9.454253,-41.945856,209.30335,3204.2719,1100.4417,-5116.7352,103.71495,3072.9167,3177.4288,-229.6918,3.3922969,1664.45166,.
2076.0,686.66351,7.7777778,9.1111111,18.777778,5.3983,12.2168,45.887184,5244.7018,89.349,173.879,64.3741,8.2222222,14.444444,10.888889,0.0,7.7777778,8.7777778,6.5555555,2.2441,727.06233,0.18082221455623912,0.350000001350001,0.4099999999100012,0.8450000108450024,1.0000000005557306,0.9999999997544365,0.17648916922805408,0.5125874120335036,0.9999999999776159,1.0000000000230052,0.999999999937863,0.369999999370001,0.6499999806500019,0.49000000549000144,0.0,0.350000001350001,0.39500000139500113,0.2949999977950008,1.0000000003119285,1.000000000330095,3.4748958,136.49674,2344.1587,2091.7812,-129.41792,-61.759339,-145.26686,-26.850035,-32.312911,-10.055963,-47.223826,225.3499,3229.0601,1123.155,-5133.9908,112.524,3030.1279,3132.0658,-235.06824,3.4748958,1663.03467,.
2077.0,686.66351,8.8888889,9.4444444,19.444444,5.3983,12.2168,43.238663,5144.5301,89.349,173.879,64.3741,9.2222222,15.111111,11.444444,0.0,8.8888889,8.8888889,6.6666667,2.2441,727.06233,0.1808222145562391,0.4000000009000011,0.4249999984250012,0.8749999808750025,1.0000000005557308,0.9999999997544368,0.16630254999744143,0.5027971981338311,0.9999999999776159,1.0000000000230045,0.999999999937863,0.41499999941500115,0.6799999956800019,0.5149999805150015,0.0,0.4000000009000011,0.4000000009000011,0.30000000180000086,1.0000000003119291,1.000000000330095,3.5316244,146.92059,2335.5209,2095.8588,-136.03655,-63.443721,-149.08785,-26.850035,-34.444962,-10.391366,-49.619543,240.30304,3251.9208,1143.2435,-5144.0667,121.16981,2987.7703,3087.1793,-237.59269,3.5316244,1659.99083,.
2078.0,686.66351,10.0,9.6666667,20.111111,5.3983,12.2168,42.012867,5047.936,89.349,173.879,64.3741,10.333333,15.777778,12.111111,0.0,10.0,9.1111111,6.7777778,2.2441,727.06233,0.18082221455623906,0.45000000045000127,0.43500000193500127,0.9049999959050026,1.0000000005557315,0.9999999997544362,0.16158794999751402,0.4933566385701382,0.9999999999776161,1.0000000000230045,0.9999999999378634,0.46499998546500126,0.710000010710002,0.5449999955450016,0.0,0.45000000045000127,0.4099999999100012,0.3050000013050009,1.0000000003119283,1.000000000330095,3.5868648,156.47918,2325.7735,2094.4727,-113.58695,-58.265882,-152.93432,-26.850035,-30.288411,-10.027689,-45.487214,253.89873,3273.3616,1160.4893,-5150.7062,129.10083,2945.6235,3042.5888,-228.17208,3.5868648,1656.96258,.
2079.0,686.66351,11.0,10.0,20.777778,5.3983,12.2168,39.734509,4954.9195,89.349,173.879,64.3741,11.333333,16.444444,12.777778,0.0,11.0,9.3333333,6.8888889,2.2441,727.06233,0.1808222145562391,0.4950000004950014,0.45000000045000127,0.9350000109350027,1.0000000005557304,0.9999999997544369,0.15282503461303354,0.4842657333424254,0.9999999999776151,1.0000000000230043,0.9999999999378631,0.5099999855100014,0.7399999807400021,0.5750000105750016,0.0,0.4950000004950014,0.41999999892000117,0.3100000008100009,1.000000000311929,1.000000000330095,3.6352783,164.78919,2314.4798,2090.4451,-126.77729,-61.361342,-157.24361,-26.850035,-33.241529,-10.425123,-48.953463,265.77551,3293.2693,1174.8173,-5165.0104,135.99455,2903.3143,2997.918,-233.56214,3.6352783,1653.00135,.
2080.0,686.66351,12.0,10.333333,21.333333,5.3983,12.2168,37.660615,4865.4805,89.349,173.879,64.3741,12.222222,17.111111,13.333333,0.0,12.0,9.4444444,7.1111111,2.2441,727.06233,0.18082221455623912,0.5400000005400015,0.46499998546500126,0.9599999859600027,1.0000000005557308,0.9999999997544365,0.1448485192285407,0.47552447267725884,0.9999999999776161,1.0000000000230043,0.9999999999378628,0.5499999905500016,0.7699999957700022,0.5999999856000017,0.0,0.5400000005400015,0.4249999984250012,0.3199999998200009,1.0000000003119291,1.000000000330095,3.685897,171.60844,2301.2618,2083.0054,-108.7503,-57.55739,-161.3797,-26.850035,-30.028079,-10.668807,-45.618335,275.60008,3313.9106,1187.472,-5165.633,141.64973,2859.8671,2952.1893,-225.89972,3.685897,1647.6024400000001,.
2081.0,771.84899,12.888889,10.555556,21.888889,5.3983,12.2168,35.764255,4772.464,89.349,173.879,64.3741,13.111111,17.777778,14.888889,0.0,12.888889,9.6666667,7.2222222,2.2441,727.06233,0.20325449312836852,0.5800000055800016,0.47500002047500134,0.9850000059850027,1.0000000005557308,0.9999999997544362,0.13755482692096072,0.466433567449548,0.9999999999776159,1.0000000000230054,0.9999999999378634,0.5899999955900016,0.8000000108000024,0.670000005670002,0.0,0.5800000055800016,0.43500000193500127,0.3249999993250009,1.0000000003119294,1.000000000330095,4.643372,176.78399,2285.1905,2067.5443,-99.078228,-55.337901,-166.06628,-26.850035,-32.995489,-10.799762,-44.11207,283.17157,3333.6603,1263.4902,-5176.6702,145.93912,2813.7971,2903.9167,-221.76461,4.643372,1640.66518,.
2082.0,855.99377,13.666667,10.888889,22.222222,5.3983,12.2168,34.023029,4672.2923,89.349,173.879,64.3741,13.888889,18.555556,15.666667,0.0,13.666667,9.7777778,7.3333333,2.2441,727.06233,0.22541271945227437,0.6150000156150017,0.49000000549000144,0.9999999910000028,1.0000000005557301,0.9999999997544369,0.1308578038441407,0.45664335354987434,0.9999999999776165,1.0000000000230045,0.999999999937863,0.6250000056250018,0.8350000208350024,0.705000015705002,0.0,0.6150000156150017,0.4400000014400013,0.3299999988300009,1.000000000311929,1.000000000330095,5.8803318,180.61759,2267.2689,2049.756,-119.31727,-59.930547,-171.05537,-26.850035,-34.546141,-11.417969,-49.010209,288.79127,3352.3288,1283.7787,-5184.6499,149.116,2765.98,2853.9719,-230.16546,5.8803318,1632.55167,.
2083.0,855.99377,14.444444,11.111111,22.222222,5.3983,12.2168,32.418156,4568.5431,89.349,173.879,64.3741,14.555556,19.333333,16.555556,0.0,14.444444,9.8888889,7.4444444,2.2441,727.06233,0.2254127194522743,0.6499999806500019,0.4999999955000014,0.9999999910000028,1.0000000005557306,0.9999999997544362,0.12468521538269715,0.44650349508765547,0.9999999999776159,1.0000000000230045,0.9999999999378631,0.6550000206550018,0.8699999858700025,0.7450000207450022,0.0,0.6499999806500019,0.44500000094500125,0.33499999833500094,1.000000000311929,1.000000000330095,6.4523069,183.62185,2247.3691,2030.3694,-104.07991,-56.467448,-176.18533,-26.850035,-35.201598,-11.740695,-46.276228,293.07777,3375.0044,1309.9871,-5190.2634,151.60836,2715.8333,2801.7705,-223.74692,6.4523069,1624.55567,.
2084.0,939.09786,15.222222,11.444444,22.222222,5.3983,12.2168,30.232454,4468.3715,89.349,173.879,64.3741,15.333333,20.111111,19.555556,0.0,15.222222,10.0,7.5555555,2.2441,727.06233,0.24729689616130177,0.684999990685002,0.5149999805150015,0.9999999910000028,1.0000000005557306,0.9999999997544367,0.11627866922898032,0.43671329096141576,0.9999999999776155,1.0000000000230045,0.9999999999378636,0.689999985690002,0.9049999959050026,0.8800000208800025,0.0,0.684999990685002,0.45000000045000127,0.33999999784000096,1.0000000003119283,1.000000000330095,6.7312769,186.01689,2226.4329,2010.4484,-94.526773,-54.27148,-181.613,-26.850035,-35.272617,-11.889869,-44.583235,296.3855,3398.5235,1467.3119,-5194.5061,153.59791,2664.721,2748.6796,-219.85879,6.7312769,1614.83306,.
2085.0,939.09786,15.888889,11.666667,22.222222,5.3983,12.2168,28.904102,4325.2691,89.349,173.879,64.3741,16.0,21.0,21.333333,0.0,15.888889,10.111111,7.5555555,2.2441,727.06233,0.24729689616130174,0.7150000057150021,0.5250000155250015,0.9999999910000028,1.0000000005557301,0.9999999997544372,0.11116962307521282,0.4227272738971513,0.9999999999776161,1.000000000023005,0.999999999937863,0.720000000720002,0.9450000009450027,0.9599999859600027,0.0,0.7150000057150021,0.45499999545500125,0.33999999784000096,1.0000000003119287,1.000000000330095,6.9380659,187.87807,2203.7655,1989.1889,-115.27848,-58.983393,-187.43829,-26.850035,-35.674844,-12.534921,-49.18836,298.88316,3427.1554,1540.3564,-5207.5386,155.14566,2611.229,2693.2731,-217.90168,6.9380659,1604.7887,.
2086.0,939.09786,16.555556,12.0,22.222222,5.3983,12.2168,27.077896,4228.675,89.349,173.879,64.3741,16.666667,21.888889,22.222222,0.0,16.555556,10.222222,7.6666667,2.2441,727.06233,0.24729689616130168,0.7450000207450022,0.5400000005400015,0.9999999910000028,1.0000000005557306,0.9999999997544358,0.10414575384455159,0.4132867143334581,0.9999999999776151,1.0000000000230045,0.999999999937863,0.7500000157500022,0.9850000059850027,0.9999999910000028,0.0,0.7450000207450022,0.4599999904600013,0.345000001845001,1.0000000003119291,1.000000000330095,7.1267993,189.26412,2179.6895,1967.1278,-126.7314,-61.586077,-193.47499,-26.850035,-36.142662,-12.91535,-51.716145,300.70615,3459.1653,1734.3213,-5215.2786,156.29917,2556.2544,2636.1776,-217.85385,7.1267993,1593.3981899999999,.
2087.0,1021.1613,17.222222,12.222222,22.222222,5.3983,12.2168,25.424911,4110.6155,89.349,173.879,64.3741,17.333333,22.222222,22.222222,0.0,17.222222,10.333333,7.7777778,2.2441,727.06233,0.2689070337888321,0.7749999907750021,0.5499999905500016,0.9999999910000028,1.0000000005557312,0.9999999997544363,0.09778811922926486,0.4017482483007532,0.9999999999776151,1.0000000000230045,0.9999999999378634,0.7799999857800022,0.9999999910000028,0.9999999910000028,0.0,0.7749999907750021,0.46499998546500126,0.350000001350001,1.0000000003119285,1.000000000330095,7.3033908,190.23295,2153.8953,1943.8344,-103.44315,-56.26311,-199.82415,-26.850035,-36.151005,-13.085906,-46.929852,301.97675,3496.9507,1890.0865,-5219.9258,157.10556,2498.7027,2576.5761,-216.67201,7.3033908,1579.96857,.
2088.0,1021.1613,17.888889,12.444444,22.222222,5.3983,12.2168,23.448645,4060.5297,89.349,173.879,64.3741,18.0,22.222222,22.222222,0.0,17.888889,10.444444,7.7777778,2.2441,727.06233,0.268907033788832,0.8050000058050022,0.5599999805600016,0.9999999910000028,1.0000000005557306,0.9999999997544365,0.09018709615245861,0.3968531462376319,0.9999999999776166,1.000000000023004,0.999999999937863,0.8100000008100023,0.9999999910000028,0.9999999910000028,0.0,0.8050000058050022,0.46999998047000136,0.350000001350001,1.0000000003119294,1.000000000330095,7.4861229,190.86058,2126.4784,1919.5395,-118.74429,-54.092646,-206.59747,-26.850035,-36.531347,-13.230911,-44.872993,302.81226,3539.6109,2121.7168,-5224.2608,157.62766,2438.8948,2514.769,-216.08647,7.4861229,1566.29991,.
2089.0,1021.1613,18.555556,12.666667,22.222222,5.3983,12.2168,22.111949,4003.2888,89.349,173.879,64.3741,18.555556,22.222222,22.222222,0.0,18.555556,10.444444,7.8888889,2.2441,727.06233,0.2689070337888321,0.8350000208350024,0.5700000155700017,0.9999999910000028,1.0000000005557301,0.9999999997544363,0.0850459576909993,0.39125874527598753,0.9999999999776161,1.0000000000230045,0.9999999999378634,0.8350000208350024,0.9999999910000028,0.9999999910000028,0.0,0.8350000208350024,0.46999998047000136,0.35500000085500105,1.0000000003119294,1.000000000330095,7.640059,191.24719,2097.6854,1894.4394,-102.6287,-53.453398,-213.79859,-26.850035,-36.75842,-13.377331,-44.367144,303.34063,3586.8783,2339.5762,-5228.1203,157.94895,2376.9835,2450.9232,-215.65893,7.640059,1551.84026,.
2090.0,1102.184,19.222222,12.888889,22.222222,5.3983,12.2168,20.493871,3963.9356,89.349,173.879,64.3741,19.222222,22.222222,22.222222,0.0,19.222222,10.555556,7.8888889,2.2441,727.06233,0.2902431086347574,0.8649999908650023,0.5800000055800016,0.9999999910000028,1.0000000005557306,0.9999999997544368,0.07882258076801812,0.3874125866739406,0.9999999999776155,1.000000000023005,0.9999999999378631,0.8649999908650023,0.9999999910000028,0.9999999910000028,0.0,0.8649999908650023,0.47500002047500134,0.35500000085500105,1.0000000003119294,1.000000000330095,7.7587974,191.48028,2067.8347,1868.4096,-93.346799,-52.863674,-221.43886,-26.850035,-36.849482,-14.029197,-49.227356,303.67276,3626.9267,2556.6023,-5231.3702,158.14234,2315.028,2387.0808,-214.87382,7.7587974,1534.72435,.
2091.0,1102.184,19.888889,13.222222,22.222222,5.3983,12.2168,19.036112,3903.1171,89.349,173.879,64.3741,19.888889,22.222222,22.222222,0.0,19.888889,10.555556,7.8888889,2.2441,727.06233,0.2902431086347574,0.8950000058950025,0.5949999905950017,0.9999999910000028,1.000000000555731,0.9999999997544368,0.07321581538348898,0.3814685313763146,0.9999999999776162,1.0000000000230045,0.9999999999378628,0.8950000058950025,0.9999999910000028,0.9999999910000028,0.0,0.8950000058950025,0.47500002047500134,0.35500000085500105,1.0000000003119291,1.000000000330095,7.8572352,191.62687,2038.0597,1842.6401,-115.861,-52.745938,-229.54681,-26.850035,-41.938407,-14.925959,-51.538604,303.89293,3669.0321,2712.6599,-5235.0097,158.26369,2254.1127,2324.3397,-214.64622,7.8572352,1517.94744,.
2092.0,1102.184,20.555556,13.444444,22.222222,5.3983,12.2168,17.402979,3835.1435,89.349,173.879,64.3741,20.555556,22.222222,22.222222,0.0,20.555556,10.555556,7.8888889,2.2441,727.06233,0.2902431086347574,0.9250000209250027,0.6049999806050017,0.9999999910000028,1.0000000005557308,0.9999999997544362,0.06693453461435485,0.3748251771801615,0.9999999999776159,1.0000000000230045,0.9999999999378634,0.9250000209250027,0.9999999910000028,0.9999999910000028,0.0,0.9250000209250027,0.47500002047500134,0.35500000085500105,1.0000000003119285,1.000000000330095,7.9055915,191.74089,2008.01,1816.4343,-102.18139,-52.61445,-238.11406,-26.850035,-39.345,-15.372074,-52.53848,304.06897,3709.9323,2817.3318,-5238.2352,158.35798,2193.985,2262.4307,-214.30253,7.9055915,1499.0786600000001,.
2093.0,1182.166,21.333333,13.666667,22.222222,5.3983,12.2168,16.224471,3770.7474,89.349,173.879,64.3741,21.333333,22.222222,22.222222,0.0,21.333333,10.666667,8.0,2.2441,727.06233,0.311305131232459,0.9599999859600027,0.6150000156150017,0.9999999910000028,1.0000000005557306,0.9999999997544371,0.06240181153750154,0.3685314675465559,0.9999999999776156,1.0000000000230052,0.999999999937863,0.9599999859600027,0.9999999910000028,0.9999999910000028,0.0,0.9599999859600027,0.4800000154800014,0.360000000360001,1.000000000311929,1.000000000330095,7.9157765,191.84872,1977.8724,1790.0779,-118.23137,-52.164298,-247.15656,-26.850035,-42.960615,-15.6023,-52.905169,304.23613,3729.8484,2885.3016,-5241.2359,158.44712,2136.7632,2203.3556,-213.98077,7.9157765,1478.0588,.
2094.0,1182.166,22.111111,13.888889,22.222222,5.3983,12.2168,14.634703,3713.5065,89.349,173.879,64.3741,22.111111,22.222222,22.222222,0.0,22.111111,10.666667,8.0,2.2441,727.06233,0.311305131232459,0.9949999959950029,0.6250000056250018,0.9999999910000028,1.0000000005557308,0.9999999997544362,0.05628731922990322,0.3629370665849084,0.9999999999776162,1.0000000000230045,0.999999999937863,0.9949999959950029,0.9999999910000028,0.9999999910000028,0.0,0.9949999959950029,0.4800000154800014,0.360000000360001,1.0000000003119291,1.000000000330095,7.9209379,192.54626,1947.491,1763.3997,-126.11414,-51.838544,-256.46871,-26.850035,-44.747078,-16.307525,-53.346533,305.63587,3741.1558,2934.826,-5244.0564,159.01647,2080.673,2145.5816,-213.67307,7.9209379,1456.93702,.
2095.0,1182.166,22.222222,14.111111,22.222222,5.3983,12.2168,13.447445,3441.612,89.349,155.41504,64.3741,22.222222,22.222222,22.222222,0.0,22.222222,10.666667,8.0,2.2441,727.06233,0.31130513123245906,0.9999999910000028,0.6349999956350018,0.9999999910000028,1.0000000005557308,0.9999999997544361,0.05172094230689662,0.33636364002686525,0.9999999999776155,0.8938114436106448,0.9999999999378634,0.9999999910000028,0.9999999910000028,0.9999999910000028,0.0,0.9999999910000028,0.4800000154800014,0.360000000360001,1.0000000003119285,1.000000000330095,7.9250395,224.23435,1917.0405,1736.5977,-130.46608,-51.694056,-266.59107,-26.850035,-45.711222,-16.712419,-53.695832,371.6023,3726.747,2948.9745,-5246.8901,184.82599,2028.1132,2091.3906,-213.52471,7.9250395,1433.99753,.
2096.0,1182.166,22.222222,14.333333,22.222222,5.3983,12.2168,12.160163,3377.2159,89.349,155.41504,64.3741,22.222222,22.222222,22.222222,0.0,22.222222,10.777778,8.1111111,2.2441,727.06233,0.31130513123245895,0.9999999910000028,0.6449999856450018,0.9999999910000028,1.0000000005557306,0.9999999997544371,0.04676985769158817,0.33006993039325866,0.9999999999776162,0.8938114436106448,0.9999999999378634,0.9999999910000028,0.9999999910000028,0.9999999910000028,0.0,0.9999999910000028,0.48500001048500135,0.36499999986500103,1.000000000311929,1.000000000330095,7.9301115,228.71989,1886.4771,1709.4853,-105.65239,-51.36854,-276.94747,-26.850035,-41.406735,-16.942478,-48.716208,375.91313,3693.0315,2936.8173,-5240.6834,188.58248,1978.2285,2039.9237,-203.05613,7.9301115,1410.426099,.
2097.0,1261.1073,22.222222,14.555556,22.222222,5.3983,12.2168,10.816399,3302.0872,89.349,155.41504,64.3741,22.222222,22.222222,22.222222,0.0,22.222222,10.888889,8.1111111,2.2441,727.06233,0.3320931015819369,0.9999999910000028,0.6550000206550018,0.9999999910000028,1.0000000005557308,0.9999999997544359,0.04160153461474461,0.3227272772985794,0.9999999999776161,0.8938114436106445,0.999999999937863,0.9999999910000028,0.9999999910000028,0.9999999910000028,0.0,0.9999999910000028,0.49000000549000144,0.36499999986500103,1.0000000003119291,1.000000000330095,7.9356751,236.29449,1855.9562,1682.1298,-95.772678,-51.078383,-288.08188,-26.850035,-44.595542,-17.681024,-46.709024,385.93947,3629.9451,2884.5214,-5230.5524,194.89225,1932.4482,1992.4725,-198.30209,7.9356751,1384.756544,.
2098.0,1261.1073,22.222222,14.777778,22.222222,5.3983,12.2168,9.6133969,3248.4238,89.349,155.41504,64.3741,22.222222,22.222222,22.222222,0.0,22.222222,11.0,8.2222222,2.2441,727.06233,0.332093101581937,0.9999999910000028,0.6650000106650019,0.9999999910000028,1.0000000005557304,0.9999999997544369,0.03697460346096962,0.31748252089947976,0.9999999999776159,0.8938114436106448,0.9999999999378634,0.9999999910000028,0.9999999910000028,0.9999999910000028,0.0,0.9999999910000028,0.4950000004950014,0.369999999370001,1.0000000003119294,1.000000000330095,7.9408536,305.15387,1825.3577,1654.4889,-117.88237,-51.049329,-299.85245,-26.850035,-46.453454,-18.643503,-51.280074,522.6085,3540.6628,2797.8345,-5227.1906,251.13944,1890.5063,1948.8466,-206.45566,7.9408536,1359.213689,.
2099.0,1261.1073,22.222222,15.0,22.222222,4.6951033,12.2168,8.380209,3148.2521,89.349,155.41504,64.3741,22.222222,22.222222,22.222222,0.0,22.222222,11.111111,8.3333333,2.2441,727.06233,0.332093101581937,0.9999999910000028,0.6750000006750019,0.9999999910000028,0.8697373807697257,0.9999999997544371,0.03223157307642721,0.3076923069998077,0.9999999999776161,0.8938114436106445,0.9999999999378631,0.9999999910000028,0.9999999910000028,0.9999999910000028,0.0,0.9999999910000028,0.4999999955000014,0.374999998875001,1.000000000311929,1.000000000330095,7.9453604,330.17399,1794.9107,1626.6296,-127.57043,-51.097715,-312.19515,-26.850035,-47.266716,-19.146202,-53.553617,557.06941,3425.0296,2676.1291,-5226.8563,271.88695,1852.2081,1908.9169,-210.12347,7.9453604,1332.2146161,.
2100.0,1339.008,22.222222,15.222222,22.222222,4.6951033,12.2168,7.2717176,3062.3907,89.349,155.41504,64.3741,22.222222,22.222222,22.222222,0.0,22.222222,11.222222,8.4444444,2.2441,727.06233,0.35260704601664444,0.9999999910000028,0.684999990685002,0.9999999910000028,0.8697373807697263,0.9999999997544361,0.027968144614954334,0.29930070067062126,0.9999999999776151,0.8938114436106445,0.9999999999378631,0.9999999910000028,0.9999999910000028,0.9999999910000028,0.0,0.9999999910000028,0.5049999905050014,0.3799999983800011,1.0000000003119287,1.000000000330095,7.949681,410.20144,1762.8825,1597.4333,-131.31634,-50.964177,-325.25757,-26.850035,-47.649246,-19.977978,-54.172305,702.4303,3301.9813,2532.0986,-5218.4731,337.57905,1813.1957,1868.3941,-210.62381,7.949681,1304.522992,.
2101.0,1339.008,22.222222,15.333333,22.222222,5.3983,12.2168,6.1472047,2983.6844,89.349,155.41504,64.3741,22.222222,22.222222,22.222222,0.0,22.222222,11.222222,8.4444444,2.2441,727.06233,0.3526070460166445,0.9999999910000028,0.689999985690002,0.9999999910000028,1.000000000555731,0.9999999997544362,0.023643094999636273,0.2916083932399623,0.999999999977615,0.8938114436106449,0.9999999999378634,0.9999999910000028,0.9999999910000028,0.9999999910000028,0.0,0.9999999910000028,0.5049999905050014,0.3799999983800011,1.0000000003119283,1.000000000330095,7.9537456,461.31371,1724.5195,1562.4438,-108.65509,-50.938143,-338.96057,-26.850035,-48.178407,-20.468998,-54.422276,784.62888,3172.1639,2634.0485,-5206.413,379.76093,1769.4568,1823.1302,-200.53021,7.9537456,1276.198204,.
2102.0,1339.008,22.222222,15.444444,22.222222,5.3983,12.2168,5.1298836,2919.2883,89.349,136.79143,64.3741,22.222222,22.222222,22.222222,0.0,22.222222,11.333333,8.5555555,2.2441,727.06233,0.3526070460166445,0.9999999910000028,0.694999980695002,0.9999999910000028,1.0000000005557306,0.9999999997544363,0.019730321538157986,0.2853146836063553,0.9999999999776162,0.7867047199670277,0.999999999937863,0.9999999910000028,0.9999999910000028,0.9999999910000028,0.0,0.9999999910000028,0.5099999855100014,0.3849999978850011,1.0000000003119294,1.000000000330095,7.957373,543.21957,1685.1523,1526.416,-98.075465,-50.925437,-353.23033,-26.850035,-48.306554,-21.295674,-54.577224,923.37038,3037.2486,2603.0941,-5192.6423,447.18689,1725.596,1777.7799,-195.85275,7.957373,1247.322893,.
2103.0,1415.8679,22.222222,15.555556,22.222222,5.3983,12.2168,4.0057671,2840.582,80.847582,136.79143,64.3741,22.222222,22.222222,22.222222,0.0,22.222222,11.333333,8.5555555,2.2441,727.06233,0.372846911869675,0.9999999910000028,0.700000020700002,0.9999999910000028,1.0000000005557301,0.9999999997544365,0.015406796538224512,0.27762237617569707,0.9048515595942908,0.7867047199670281,0.9999999999378634,0.9999999910000028,0.9999999910000028,0.9999999910000028,0.0,0.9999999910000028,0.5099999855100014,0.3849999978850011,1.0000000003119294,1.000000000330095,7.9613158,611.20082,1644.306,1488.7046,-94.114237,-50.920229,-368.25531,-26.850035,-48.574608,-21.771666,-54.586224,1021.3282,2897.9834,2503.1847,-5178.0396,503.5766,1681.1983,1731.9685,-193.63434,7.9613158,1216.54835,.
2104.0,1415.8679,22.222222,15.444444,22.222222,5.3983,12.2168,2.9891457,2772.6084,80.847582,136.79143,64.3741,22.222222,22.222222,22.222222,0.0,22.222222,11.333333,8.5555555,2.2441,727.06233,0.372846911869675,0.9999999910000028,0.694999980695002,0.9999999910000028,1.0000000005557308,0.9999999997544369,0.011496714230592363,0.27097902197954343,0.9048515595942904,0.7867047199670283,0.9999999999378636,0.9999999910000028,0.9999999910000028,0.9999999910000028,0.0,0.9999999910000028,0.5099999855100014,0.3849999978850011,1.0000000003119294,1.000000000330095,8.1555407,665.4067,1591.0191,1438.5609,-91.769801,-50.919877,-383.93475,-26.850035,-48.728841,-22.63174,-54.78767,1099.6668,2752.0916,2377.6372,-5162.5025,548.50791,1626.5886,1675.979,-192.54392,8.1555407,1186.36588,.
2105.0,2443.8843,22.222222,15.333333,22.222222,5.3983,12.2168,1.9799932,2701.0572,80.847582,136.79143,64.3741,22.222222,22.222222,22.222222,0.0,22.222222,11.222222,8.4444444,2.2441,727.06233,0.6435591302139008,0.9999999910000028,0.689999985690002,0.9999999910000028,1.0000000005557312,0.9999999997544365,0.007615358461421307,0.26398601344741124,0.9048515595942914,0.7867047199670275,0.9999999999378628,0.9999999910000028,0.9999999910000028,0.9999999910000028,0.0,0.9999999910000028,0.5049999905050014,0.3799999983800011,1.0000000003119291,1.000000000330095,18.108064,681.75938,1533.1329,1383.6831,-90.198251,-50.982839,-400.41393,-26.850035,-48.884427,-23.66579,-55.032709,1094.7462,2603.5406,2251.7054,-5146.6012,562.7431,1568.4701,1616.543,-191.78434,18.108064,1142.90922,.
2106.0,1640.2036,22.222222,15.111111,22.222222,5.3983,12.2168,0.98282442,3874.4966,80.847582,122.02103,64.3741,22.222222,22.222222,22.222222,0.0,22.222222,11.0,8.3333333,1.1715221,727.06233,0.4319222486063308,0.9999999910000028,0.6799999956800019,0.9999999910000028,1.000000000555731,0.9999999997544363,0.0037800939230187677,0.37867132600877507,0.9048515595942911,0.7017582917017412,0.9999999999378631,0.9999999910000028,0.9999999910000028,0.9999999910000028,0.0,0.9999999910000028,0.4950000004950014,0.374999998875001,0.5220454081214878,1.000000000330095,9.4849717,663.32328,1466.6725,1320.2525,-88.27414,-50.866415,-417.54745,-17.340593,-48.987732,-24.23644,-55.211643,1030.3833,2458.0102,2123.8274,-5121.471,548.33236,1502.9571,1549.7544,-190.91049,9.4849717,1122.58673,.
2107.0,1784.5573,22.222222,14.666667,22.222222,5.3983,12.2168,0.067458918,4625.7841,80.847582,122.02103,58.250986,22.222222,22.222222,22.222222,0.0,22.222222,10.777778,8.1111111,1.1715221,727.06233,0.4699355627452851,0.9999999910000028,0.6600000156600019,0.9999999910000028,1.0000000005557306,0.9999999997544369,0.0002594573769190854,0.45209790582273557,0.9048515595942905,0.7017582917017414,0.904882336162843,0.9999999910000028,0.9999999910000028,0.9999999910000028,0.0,0.9999999910000028,0.48500001048500135,0.36499999986500103,0.522045408121488,1.000000000330095,10.49625,626.32948,1390.4413,1246.8816,-87.145341,-50.938342,-435.29843,-12.92453,-49.256078,-25.139778,-55.589699,941.64106,2311.8154,1997.1992,-5100.3603,518.49199,1429.2597,1474.6867,-190.34058,10.49625,1089.11605,.
2108.0,3528.0807,22.222222,14.0,22.222222,5.3983,12.2168,0.0,5047.936,80.847582,122.02103,58.250986,22.222222,22.222222,22.222222,0.0,22.222222,10.333333,7.7777778,1.1715221,727.06233,0.9290654826075236,0.9999999910000028,0.6300000006300018,0.9999999910000028,1.0000000005557308,0.9999999997544365,0.0,0.49335663857013684,0.904851559594291,0.701758291701741,0.9048823361628432,0.9999999910000028,0.9999999910000028,0.9999999910000028,0.0,0.9999999910000028,0.46499998546500126,0.350000001350001,0.5220454081214883,1.000000000330095,30.194008,568.61285,1299.4148,1158.8751,-85.235385,-50.798587,-453.82225,-11.077548,-49.257745,-26.198621,-55.85731,834.86228,2164.6473,1871.3171,-5072.7673,471.17504,1342.7067,1386.8101,-189.48955,30.194008,1035.29297,.
2109.0,2449.5738,22.222222,13.333333,22.222222,4.6951033,12.2168,0.0,5291.2101,73.463608,110.0201,58.250986,22.222222,22.222222,22.222222,0.0,22.222222,9.8888889,7.4444444,1.1715221,727.06233,0.6450573720379316,0.9999999910000028,0.5999999856000017,0.9999999910000028,0.8697373807697266,0.9999999997544359,0.0,0.5171328695340771,0.8222096273976826,0.6327394337587113,0.9048823361628432,0.9999999910000028,0.9999999910000028,0.9999999910000028,0.0,0.9999999910000028,0.44500000094500125,0.33499999833500094,0.5220454081214879,1.000000000330095,16.352528,504.21187,1207.2361,1069.8992,-108.22495,-50.739599,-473.01029,-9.9925531,-54.074506,-27.337453,-56.005017,727.09032,2032.8111,1752.6401,-5041.4766,418.12069,1254.7533,1297.575,-188.6722,16.352528,1017.54003,.
2110.0,3797.4511,22.222222,12.444444,22.222222,4.6951033,12.2168,0.0,5530.9065,73.463608,110.0201,58.250986,22.222222,22.222222,22.222222,0.0,22.222222,9.3333333,7.0,1.1715221,727.06233,1.0000000110258167,0.9999999910000028,0.5599999805600016,0.9999999910000028,0.8697373807697262,0.9999999997544367,0.0,0.5405594363886019,0.8222096273976836,0.6327394337587113,0.9048823361628432,0.9999999910000028,0.9999999910000028,0.9999999910000028,0.0,0.9999999910000028,0.41999999892000117,0.3150000003150009,0.5220454081214883,1.000000000330095,34.128457,426.47723,1105.7712,971.63159,-93.711786,-45.039542,-492.59635,-8.8574445,-51.630936,-27.953952,-50.785855,611.83057,1869.4982,1600.6498,-4999.3753,353.7363,1163.2008,1204.7816,-177.73803,34.128457,967.8827200000001,.
2111.0,3489.7263,22.222222,11.555556,22.222222,5.3983,12.2168,0.0,5731.2499,73.463608,110.0201,58.250986,22.222222,22.222222,22.222222,0.0,22.222222,8.7777778,6.5555555,1.1715221,727.06233,0.9189654446049569,0.9999999910000028,0.5200000205200015,0.9999999910000028,1.0000000005557308,0.9999999997544362,0.0,0.5601398641879463,0.8222096273976832,0.6327394337587112,0.904882336162843,0.9999999910000028,0.9999999910000028,0.9999999910000028,0.0,0.9999999910000028,0.39500000139500113,0.2949999977950008,0.5220454081214881,1.000000000330095,26.939457,350.13068,1011.5011,880.46517,-85.182693,-42.367304,-512.65201,-7.9358863,-50.290003,-28.345881,-48.349917,501.74268,1709.7784,1449.8557,-4952.4398,290.4245,1079.3681,1119.7357,-172.06747,26.939457,939.6791800000001,.
2112.0,3797.4511,22.222222,10.777778,21.0,5.3983,12.2168,0.0,5981.679,73.463608,110.0201,58.250986,22.222222,21.222222,22.222222,0.0,22.222222,8.3333333,6.2222222,1.1715221,727.06233,1.0000000110258171,0.9999999910000028,0.48500001048500135,0.9450000009450027,1.0000000005557306,0.9999999997544373,0.0,0.5846153842769775,0.8222096273976828,0.6327394337587117,0.9048823361628434,0.9999999910000028,0.9549999909550027,0.9999999910000028,0.0,0.9999999910000028,0.374999998875001,0.2799999992800008,0.5220454081214884,1.000000000330095,37.288633,276.97644,924.82403,796.79758,-82.905508,-41.235966,-533.23999,-6.9638963,-50.064664,-29.223855,-47.388403,396.98719,1559.8781,1298.8012,-4902.8837,229.74296,1002.5663,1041.7493,-170.07731,37.288633,904.11171,.
2113.0,3797.4511,22.222222,10.111111,19.666667,4.6951033,12.2168,0.0,6228.5306,73.463608,100.0765,58.250986,22.222222,20.0,22.222222,0.0,22.222222,7.8888889,5.8888889,1.1715221,727.06233,1.0000000110258171,0.9999999910000028,0.45499999545500125,0.8850000158850025,0.8697373807697261,0.9999999997544371,0.0,0.6087412598034624,0.822209627397683,0.5755525394228297,0.9048823361628427,0.9999999910000028,0.9000000009000025,0.9999999910000028,0.0,0.9999999910000028,0.35500000085500105,0.2650000007650008,0.5220454081214883,1.000000000330095,33.571881,214.61808,853.41133,728.07128,-83.313388,-46.294255,-554.15457,-5.9631311,-54.897377,-30.290749,-52.115295,306.41795,1431.0948,1167.7965,-4860.0074,178.04648,938.82852,976.85154,-179.12601,33.571881,872.19061,.
2114.0,3797.4511,22.222222,9.5555555,18.555556,4.6951033,12.2168,0.0,4521.8785,73.463608,100.0765,58.250986,22.222222,18.888889,22.222222,0.0,22.222222,7.6666667,5.6666667,1.1715221,727.06233,1.0000000110258167,0.9999999910000028,0.42999999793000127,0.8350000208350024,0.8697373807697265,0.9999999997544362,0.0,0.4419427617114361,0.822209627397683,0.5755525394228298,0.904882336162843,0.9999999910000028,0.8500000058500023,0.9999999910000028,0.0,0.9999999910000028,0.345000001845001,0.25500000175500076,0.5220454081214878,1.000000000330095,33.407597,163.5459,796.13052,673.3437,-82.097319,-42.414282,-574.86811,-10.918961,-52.194568,-30.898024,-48.694578,231.78566,1320.8462,1055.9074,-4793.6582,135.71691,887.00687,924.05748,-172.01763,33.407597,846.2437,.
2115.0,3409.8954,22.222222,9.3333333,17.888889,4.6951033,12.2168,0.0,4772.464,67.258106,91.702961,58.250986,22.222222,18.0,22.222222,0.0,22.222222,7.4444444,5.5555556,1.1715221,727.06233,0.8979432118551526,0.9999999910000028,0.41999999892000117,0.8050000058050022,0.8697373807697265,0.9999999997544365,0.0,0.46643356744954784,0.752757232856489,0.5273952633849378,0.9048823361628434,0.9999999910000028,0.8100000008100023,0.9999999910000028,0.0,0.9999999910000028,0.33499999833500094,0.2500000022500007,0.5220454081214877,1.000000000330095,22.988023,247.71113,753.65933,633.62272,-82.104104,-40.307156,-595.36045,-9.8131439,-55.83304,-31.814493,-52.094807,430.52533,1230.1928,964.47414,-4724.0379,203.72658,848.04929,883.99191,-168.03953,22.988023,821.92415,.
2116.0,2621.3889,22.222222,9.1111111,17.555556,4.6951033,12.2168,0.0,5394.9593,67.258106,91.702961,58.250986,22.222222,17.222222,22.222222,0.0,22.222222,7.4444444,5.5555556,1.1715221,727.06233,0.6903022211143033,0.9999999910000028,0.4099999999100012,0.7900000207900022,0.8697373807697261,0.9999999997544367,0.0,0.5272727279962944,0.7527572328564893,0.5273952633849378,0.9048823361628425,0.9999999910000028,0.7749999907750021,0.9999999910000028,0.0,0.9999999910000028,0.33499999833500094,0.2500000022500007,0.5220454081214881,1.000000000330095,14.753807,274.01865,720.78572,603.65021,-82.484241,-39.254738,-615.19322,-7.7474475,-57.745191,-32.89843,-53.667718,484.90017,1151.4018,885.53924,-4644.3073,225.11208,817.23254,852.17921,-166.14518,14.753807,799.7123300000001,.
2117.0,2382.6347,22.222222,9.0,17.333333,4.6951033,12.2168,0.0,2074.9843,67.258106,91.702961,58.250986,22.222222,16.555556,22.222222,0.0,22.222222,7.4444444,5.4444444,1.1715221,727.06233,0.6274299954173193,0.9999999910000028,0.40500000040500117,0.7799999857800022,0.8697373807697261,0.9999999997544363,0.0,0.20279719856468315,0.7527572328564892,0.527395263384938,0.904882336162843,0.9999999910000028,0.7450000207450022,0.9999999910000028,0.0,0.9999999910000028,0.33499999833500094,0.24499999824500068,0.5220454081214881,1.000000000330095,11.990469,272.411,693.54153,579.29975,-81.111639,-38.676168,-633.50715,-40.247721,-53.813786,-32.955238,-48.935342,469.86985,1078.5423,813.6488,-4550.8683,224.0856,791.5463,825.43628,-154.40327,11.990469,772.8350300000001,.
2118.0,2127.2294,22.222222,9.0,17.222222,4.6951033,12.2168,0.0,2407.6974,67.258106,91.702961,58.250986,22.222222,15.888889,22.222222,0.0,22.222222,7.4444444,5.5555556,1.1715221,727.06233,0.5601729600822094,0.9999999910000028,0.40500000040500117,0.7749999907750021,0.8697373807697263,0.9999999997544371,0.0,0.23531469019378637,0.7527572328564891,0.5273952633849377,0.9048823361628434,0.9999999910000028,0.7150000057150021,0.9999999910000028,0.0,0.9999999910000028,0.33499999833500094,0.2500000022500007,0.5220454081214881,1.000000000330095,10.173733,265.67598,671.12699,559.58259,-80.867734,-38.105156,-649.47744,-21.363203,-51.981667,-33.06786,-46.646774,438.10869,1011.1455,748.12699,-4440.788,219.05304,770.02254,802.9634,-148.52679,10.173733,740.91153,.
2119.0,1924.7482,22.222222,9.0,17.222222,4.6951033,12.2168,0.0,2900.1506,67.258106,84.554824,58.250986,22.222222,15.333333,22.222222,0.0,22.222222,7.4444444,5.5555556,1.1715221,727.06233,0.5068526678913445,0.9999999910000028,0.40500000040500117,0.7749999907750021,0.8697373807697263,0.9999999997544363,0.0,0.28344427333531386,0.7527572328564899,0.48628542838379035,0.904882336162843,0.9999999910000028,0.689999985690002,0.9999999910000028,0.0,0.9999999910000028,0.33499999833500094,0.2500000022500007,0.5220454081214884,1.000000000330095,8.4344218,264.0832,653.20129,544.32716,-80.929339,-37.722716,-661.96769,-16.358954,-51.696052,-33.801837,-45.961042,412.06147,948.50539,688.53691,-4314.4511,218.24743,752.3281,784.32923,-145.93351,8.4344218,711.07591,.
2120.0,1784.5573,22.222222,9.1111111,17.444444,4.6951033,12.2168,0.0,3933.4707,67.258106,84.554824,58.250986,22.222222,14.666667,22.222222,0.0,22.222222,7.5555555,5.6666667,1.1715221,727.06233,0.4699355627452851,0.9999999910000028,0.4099999999100012,0.7849999807850022,0.8697373807697265,0.9999999997544363,0.0,0.3844351201097105,0.7527572328564894,0.4862854283837908,0.9048823361628432,0.9999999910000028,0.6600000156600019,0.9999999910000028,0.0,0.9999999910000028,0.33999999784000096,0.25500000175500076,0.5220454081214883,1.000000000330095,7.1429666,263.70283,639.35386,533.00868,-74.51667,-36.260859,-669.10926,-11.189929,-51.45526,-33.745063,-46.172743,383.3937,889.95682,634.198,-4165.2242,218.5991,738.14811,769.31906,-142.09345,7.1429666,671.4664,.
2121.0,1491.6872,22.222222,8.8888889,16.888889,4.6951033,12.2168,0.0,4048.2962,67.258106,84.554824,58.250986,22.222222,14.0,22.222222,0.0,22.222222,7.4444444,5.5555556,1.1715221,727.06233,0.3928127518079351,0.9999999910000028,0.4000000009000011,0.7600000057600022,0.869737380769726,0.9999999997544372,0.0,0.39565751332193305,0.7527572328564891,0.4862854283837908,0.9048823361628425,0.9999999910000028,0.6300000006300018,0.9999999910000028,0.0,0.9999999910000028,0.33499999833500094,0.2500000022500007,0.5220454081214878,1.000000000330095,5.3129779,245.56816,607.05956,503.20316,-71.598708,-34.91232,-668.16976,-10.163105,-50.224466,-33.282335,-45.128654,350.91435,828.26001,576.99601,-3984.1902,203.71549,708.07942,738.39419,-137.07334,5.3129779,640.57126,.
2122.0,1261.1073,22.222222,8.4444444,16.0,4.6951033,12.2168,0.0,4375.3549,67.258106,84.554824,58.250986,22.222222,13.222222,21.444444,0.0,22.222222,7.2222222,5.3333333,1.1715221,727.06233,0.3320931015819369,0.9999999910000028,0.3799999983800011,0.720000000720002,0.8697373807697267,0.9999999997544365,0.0,0.42762237596026975,0.7527572328564894,0.4862854283837907,0.9048823361628427,0.9999999910000028,0.5949999905950017,0.9649999809650027,0.0,0.9999999910000028,0.3249999993250009,0.23999999874000066,0.5220454081214881,1.000000000330095,3.9279949,220.21447,567.13731,465.74207,-68.067772,-33.199718,-655.09596,-8.8500283,-47.967543,-32.255433,-43.259598,316.828,766.47161,520.12898,-3762.5356,182.63477,671.40151,700.81225,-130.37412,3.9279949,595.98563,.
2123.0,1021.1613,22.222222,7.8888889,14.888889,4.6951033,12.2168,0.0,4246.7239,67.258106,84.554824,58.250986,22.222222,12.444444,19.555556,0.0,22.222222,7.0,5.1111111,1.1715221,727.06233,0.26890703378883213,0.9999999910000028,0.35500000085500105,0.670000005670002,0.8697373807697267,0.9999999997544362,0.0,0.4150507114669186,0.7527572328564891,0.4862854283837908,0.9048823361628434,0.9999999910000028,0.5599999805600016,0.8800000208800025,0.0,0.9999999910000028,0.3150000003150009,0.22999999973000063,0.5220454081214879,1.000000000330095,2.5066734,188.09522,524.77522,425.76191,-63.785448,-31.13343,-623.73102,-8.9190318,-44.890063,-30.370583,-40.072388,272.41808,705.58708,463.88234,-3483.5133,155.95253,632.52629,661.05955,-121.21336,2.5066734,553.48796,.
2124.0,855.99377,22.222222,7.3333333,13.666667,5.3983,12.2168,0.0,4182.1667,73.463608,91.702961,58.250986,22.222222,11.555556,17.444444,0.0,22.222222,6.6666667,4.8888889,2.2441,727.06233,0.22541271945227437,0.9999999910000028,0.3299999988300009,0.6150000156150017,1.0000000005557301,0.9999999997544369,0.0,0.4087412568328846,0.8222096273976829,0.5273952633849377,0.9048823361628432,0.9999999910000028,0.5200000205200015,0.7849999807850022,0.0,0.9999999910000028,0.30000000180000086,0.22000000072000064,1.0000000003119287,1.000000000330095,1.6075446,153.30924,480.88896,384.39896,-56.84583,-27.653771,-563.95238,-8.7786443,-39.291635,-27.206967,-35.201584,224.55492,645.02306,407.88702,-3118.6769,127.05313,592.27844,619.96353,-108.60799,1.6075446,537.03542,.
2125.0,3797.4511,22.222222,6.6666667,12.333333,5.3983,12.2168,2.223592,6579.1314,89.349,136.79143,64.3741,22.222222,10.555556,15.222222,0.0,22.222222,6.2222222,4.5555556,2.2441,727.06233,1.000000011025817,0.9999999910000028,0.30000000180000086,0.5549999855550015,1.0000000005557308,0.9999999997544365,0.008552276922945348,0.6430069937921666,0.9999999999776162,0.7867047199670278,0.9999999999378634,0.9999999910000028,0.47500002047500134,0.684999990685002,0.0,0.9999999910000028,0.2799999992800008,0.2050000022050006,1.0000000003119291,1.000000000330095,40.197293,114.83599,434.847,340.80627,-24.258644,-11.313874,-218.00312,-3.4818408,-15.504552,-10.508938,-14.188679,171.93257,583.94372,351.25891,-1247.6305,95.081168,550.14453,577.02355,-44.319351,40.197293,425.86885000000007,3135.1623
2126.0,3636.8997,22.222222,6.4444444,11.777778,5.3983,12.2168,8.092327,6629.2172,89.349,155.41504,64.3741,22.222222,10.222222,14.333333,0.0,22.222222,6.1111111,4.4444444,2.2441,727.06233,0.9577212831258817,0.9999999910000028,0.28999999829000084,0.5300000105300015,1.0000000005557308,0.9999999997544368,0.031124334614905776,0.6479020958552857,0.9999999999776156,0.8938114436106454,0.9999999999378636,0.9999999910000028,0.4599999904600013,0.6449999856450018,0.0,0.9999999910000028,0.2749999997750008,0.19999999820000056,1.0000000003119291,1.000000000330095,18.952572,92.493751,409.97317,318.28483,-19.10646,-9.013112,-143.99244,-3.2637182,-10.839721,-7.0622538,-10.319468,136.62283,551.32013,323.04452,-947.81582,76.624,525.56521,551.70638,-35.059051,18.952572,418.10487,1455.9289
2127.0,2257.0134,22.222222,6.3333333,11.555556,5.3983,12.2168,12.365334,6764.4305,89.349,173.879,64.3741,21.666667,10.111111,13.888889,0.0,22.222222,6.0,4.4444444,2.2441,727.06233,0.594349569079485,0.9999999910000028,0.28499999878500076,0.5200000205200015,1.0000000005557301,0.9999999997544369,0.047558976922345265,0.661117077023425,0.9999999999776168,1.0000000000230047,0.9999999999378631,0.9750000159750027,0.45499999545500125,0.6250000056250018,0.0,0.9999999910000028,0.27000000027000076,0.19999999820000056,1.0000000003119291,1.000000000330095,8.3380848,78.15901,393.5568,304.14001,-16.382705,-7.8289227,-108.7909,-2.9349794,-8.5787563,-5.3871137,-8.3460127,112.94733,531.00069,306.80722,-795.30687,64.808971,508.08333,533.43856,-30.251647,8.3380848,409.61758,608.93064
2128.0,1712.9008,20.666667,6.2222222,11.333333,5.3983,12.2168,15.405023,7291.0657,89.349,173.879,64.3741,18.333333,10.111111,13.777778,0.0,20.777778,6.0,4.4444444,2.2441,727.06233,0.45106593179991966,0.9300000159300027,0.2799999992800008,0.5099999855100014,1.000000000555731,0.9999999997544362,0.05925008846062692,0.7125874150040792,0.9999999999776162,1.0000000000230047,0.9999999999378634,0.8249999858250023,0.45499999545500125,0.6200000106200018,0.0,0.9350000109350027,0.27000000027000076,0.19999999820000056,1.0000000003119287,1.000000000330095,5.2056902,66.305971,379.18859,292.02025,-14.774406,-7.1141031,-90.215684,-2.2148722,-7.3535625,-4.4951586,-7.2983064,94.715848,514.79239,294.18982,-706.886,55.006434,492.3422,516.86925,-27.567188,5.2056902,399.39186000000007,357.71121
2129.0,1784.5573,17.666667,6.2222222,11.222222,5.3983,12.2168,18.693777,8257.0067,89.349,173.879,64.3741,15.666667,10.111111,13.555556,0.0,17.666667,6.0,4.4444444,2.2441,727.06233,0.4699355627452852,0.7950000157950022,0.2799999992800008,0.5049999905050014,1.0000000005557308,0.9999999997544369,0.0718991423065862,0.8069930106410043,0.9999999999776151,1.0000000000230045,0.999999999937863,0.705000015705002,0.45499999545500125,0.6100000206100017,0.0,0.7950000157950022,0.27000000027000076,0.19999999820000056,1.0000000003119283,1.000000000330095,5.4269789,55.962801,365.83841,280.84773,-13.702968,-6.5366554,-75.905651,-2.1152286,-6.3842413,-3.806238,-6.5177766,80.041442,500.44097,283.06031,-637.52351,46.422678,477.48903,501.21086,-25.441871,5.4269789,390.80789000000004,374.23329
2130.0,1610.9365,15.0,6.1111111,11.111111,5.3983,12.2168,22.544906,8257.0067,89.349,173.879,64.3741,13.555556,10.222222,13.444444,0.0,15.111111,6.0,4.4444444,2.2441,727.06233,0.42421521050314276,0.6750000006750019,0.2749999997750008,0.4999999955000014,1.0000000005557306,0.9999999997544371,0.08671117692174292,0.8069930106410041,0.9999999999776159,1.0000000000230045,0.999999999937863,0.6100000206100017,0.4599999904600013,0.6049999806050017,0.0,0.6799999956800019,0.27000000027000076,0.19999999820000056,1.0000000003119287,1.000000000330095,4.557928,47.344733,353.85141,270.95578,-12.65288,-6.0031473,-62.272786,-2.0242,-5.5390255,-3.1487939,-5.7870772,68.848521,488.18445,273.28998,-574.43342,39.248047,463.81092,486.76913,-23.467777,4.557928,380.46599000000003,303.82794
2131.0,1712.9008,12.888889,6.1111111,11.111111,5.3983,12.2168,27.666024,7291.0657,89.349,173.879,64.3741,12.222222,10.333333,13.555556,0.0,13.0,6.0,4.4444444,2.2441,727.06233,0.4510659317999199,0.5800000055800016,0.2749999997750008,0.4999999955000014,1.0000000005557306,0.9999999997544359,0.10640778461374757,0.7125874150040801,0.9999999999776154,1.0000000000230045,0.9999999999378631,0.5499999905500016,0.46499998546500126,0.6100000206100017,0.0,0.5850000005850017,0.27000000027000076,0.19999999820000056,1.0000000003119291,1.000000000330095,4.7790454,40.410207,343.04113,262.09552,-11.768531,-5.5588737,-50.115703,-2.0150062,-4.7181618,-2.5695131,-5.1240779,60.954066,477.47272,265.506,-519.89675,33.44828,451.09875,473.42374,-21.712539,4.7790454,375.21958000000006,320.45481
2132.0,1742.4234,11.666667,6.2222222,11.111111,5.3983,12.2168,34.023029,7291.0657,89.349,173.879,64.3741,11.555556,10.444444,13.666667,0.0,11.666667,6.1111111,4.4444444,2.2441,727.06233,0.4588402518762233,0.5250000155250015,0.2799999992800008,0.4999999955000014,1.0000000005557308,0.9999999997544367,0.13085780384414067,0.7125874150040798,0.9999999999776155,1.0000000000230047,0.9999999999378631,0.5200000205200015,0.46999998047000136,0.6150000156150017,0.0,0.5250000155250015,0.2749999997750008,0.19999999820000056,1.0000000003119285,1.000000000330095,4.9100392,36.076734,334.27286,255.30371,-11.07653,-5.1473513,-38.741488,-2.0150062,-4.0462284,-2.0354084,-4.5341739,56.523129,468.82969,260.88362,-471.43245,29.811988,440.23358,461.82393,-20.173125,4.9100392,366.82322,329.94169
2133.0,1415.8679,11.555556,6.2222222,11.333333,5.3983,12.2168,43.238663,7240.9798,89.349,173.879,64.3741,11.777778,10.666667,14.0,0.0,11.555556,6.2222222,4.5555556,2.2441,727.06233,0.3728469118696749,0.5200000205200015,0.2799999992800008,0.5099999855100014,1.0000000005557306,0.9999999997544363,0.16630254999744146,0.7076923031675272,0.9999999999776166,1.000000000023004,0.9999999999378631,0.5300000105300015,0.4800000154800014,0.6300000006300018,0.0,0.5200000205200015,0.2799999992800008,0.2050000022050006,1.000000000311929,1.000000000330095,3.54185,34.622658,327.8078,250.75244,-10.352393,-4.8243481,-29.272388,-2.0150062,-3.4721598,-1.5965694,-4.0498905,55.852251,462.40734,258.44797,-432.41977,28.572699,431.36444,452.2376,-18.85941,3.54185,381.7541,219.86985
2134.0,1381.067,12.222222,6.4444444,11.555556,5.3983,12.2168,50.44032,7176.5838,89.349,173.879,64.3741,12.666667,10.888889,14.444444,0.0,12.111111,6.2222222,4.6666667,2.2441,727.06233,0.36368263312920396,0.5499999905500016,0.28999999829000084,0.5200000205200015,1.0000000005557304,0.9999999997544367,0.19400123076624617,0.7013986033073557,0.9999999999776159,1.0000000000230047,0.9999999999378638,0.5700000155700017,0.49000000549000144,0.6499999806500019,0.0,0.5449999955450016,0.2799999992800008,0.2100000017100006,1.0000000003119294,1.000000000330095,3.1818757,35.137755,322.77754,247.75965,-9.6077537,-4.5814229,-22.844112,-2.0150062,-3.0761703,-1.3013022,-3.723555,57.721398,457.1836,256.898,-405.9369,28.973458,423.75476,443.93523,-17.838718,3.1818757,376.68777,190.21871
2135.0,1261.1073,13.333333,6.5555555,11.888889,5.3983,12.2168,57.924379,6940.4649,89.349,173.879,64.3741,14.0,11.111111,14.888889,0.0,13.333333,6.4444444,4.6666667,2.2441,727.06233,0.33209310158193694,0.5999999856000017,0.2949999977950008,0.5350000055350016,1.0000000005557301,0.9999999997544372,0.22278607307349568,0.678321681015376,0.9999999999776156,1.0000000000230052,0.9999999999378634,0.6300000006300018,0.4999999955000014,0.670000005670002,0.0,0.5999999856000017,0.28999999829000084,0.2100000017100006,1.0000000003119283,1.000000000330095,2.7013313,36.883834,318.88947,245.84612,-9.2178899,-4.4345793,-18.441217,-2.0150062,-2.8210013,-1.103318,-3.5058816,60.824118,452.8712,256.31462,-387.98053,30.407573,417.15952,436.66804,-17.185403,2.7013313,371.99234,147.29551
2136.0,795.47745,15.0,6.7777778,12.222222,5.3983,12.2168,62.469887,6940.4649,89.349,173.879,64.3741,15.666667,11.444444,15.333333,0.0,15.0,6.5555555,4.7777778,2.2441,727.06233,0.20947668260186117,0.6750000006750019,0.3050000013050009,0.5499999905500016,1.0000000005557312,0.9999999997544365,0.24026879615014965,0.6783216810153755,0.9999999999776159,1.0000000000230045,0.9999999999378631,0.705000015705002,0.5149999805150015,0.689999985690002,0.0,0.6750000006750019,0.2949999977950008,0.2150000012150006,1.0000000003119287,1.000000000330095,1.0906266,39.575415,315.80074,244.67076,-9.129126,-4.3501051,-16.463422,-1.9949795,-2.7091504,-1.0194247,-3.4070963,64.889978,449.16251,256.13264,-379.09507,32.635333,411.30272,430.14194,-16.912996,1.0906266,368.34854000000007,13.512061
2137.0,771.84899,16.555556,6.8888889,12.555556,5.3983,12.2168,60.118453,6940.4649,89.349,173.879,64.3741,17.0,11.777778,15.888889,0.0,16.555556,6.6666667,4.8888889,2.2441,727.06233,0.2032544931283686,0.7450000207450022,0.3100000008100009,0.5650000205650015,1.0000000005557312,0.9999999997544363,0.23122481922721214,0.6783216810153758,0.9999999999776159,1.0000000000230045,0.9999999999378636,0.7650000007650022,0.5300000105300015,0.7150000057150021,0.0,0.7450000207450022,0.30000000180000086,0.22000000072000064,1.0000000003119283,1.000000000330095,0.93136437,41.81763,312.46511,243.18937,-8.8206342,-4.3336701,-16.824554,-1.9450588,-2.7307147,-1.0406056,-3.4263211,67.93565,444.89497,255.46915,-378.40538,34.49905,405.27214,423.4777,-16.72621,0.93136437,353.58777,-0.0
2138.0,855.99377,17.888889,7.1111111,12.888889,5.3983,12.2168,55.872216,6940.4649,89.349,173.879,64.3741,18.222222,12.0,16.333333,0.0,17.888889,6.7777778,5.0,2.2441,727.06233,0.22541271945227434,0.8050000058050022,0.3199999998200009,0.5800000055800016,1.0000000005557308,0.9999999997544371,0.2148931384582324,0.6783216810153748,0.9999999999776156,1.0000000000230045,0.9999999999378631,0.8199999908200023,0.5400000005400015,0.734999985735002,0.0,0.8050000058050022,0.3050000013050009,0.22500000022500063,1.000000000311929,1.000000000330095,1.0366593,43.547848,308.71085,241.23138,-8.8848803,-4.307331,-17.434098,-1.8912243,-2.7615226,-1.0732947,-3.4594915,70.074111,440.00177,253.87429,-378.47706,35.942159,398.92371,416.5219,-16.732297,1.0366593,331.99633000000006,-0.0
2139.0,855.99377,19.111111,7.2222222,13.137093,5.3983,12.2168,53.948473,6940.4649,89.349,173.879,64.3741,19.222222,12.222222,16.777778,0.0,19.111111,6.8888889,5.1111111,2.2441,727.06233,0.22541271945227437,0.8599999958600025,0.3249999993250009,0.5911691855911708,1.0000000005557306,0.9999999997544365,0.20749412691988456,0.6783216810153744,0.9999999999776159,1.0000000000230045,0.9999999999378631,0.8649999908650023,0.5499999905500016,0.7550000107550022,0.0,0.8599999958600025,0.3100000008100009,0.22999999973000063,1.0000000003119291,1.000000000330095,1.1799782,44.707898,304.50022,238.76112,-8.6539659,-4.3013432,-18.070539,-1.8423986,-2.806824,-1.1069506,-3.4824768,71.319075,434.6518,252.15883,-378.46026,36.914205,392.22222,409.22407,-16.580324,1.1799782,321.2147,-0.0
2140.0,939.09786,20.0,7.3333333,13.444444,5.3983,12.2168,52.141315,6940.4649,89.349,173.879,64.3741,20.0,12.444444,17.111111,0.0,20.0,7.0,5.2222222,2.2441,727.06233,0.24729689616130177,0.9000000009000025,0.3299999988300009,0.6049999806050017,1.000000000555731,0.9999999997544361,0.200543519227684,0.6783216810153763,0.9999999999776161,1.0000000000230047,0.9999999999378634,0.9000000009000025,0.5599999805600016,0.7699999957700022,0.0,0.9000000009000025,0.3150000003150009,0.23499999923500067,1.0000000003119291,1.000000000330095,1.2870422,45.325568,299.82713,235.77398,-8.6904405,-4.2727476,-18.735495,-1.7943556,-2.8097643,-1.1433195,-3.5133933,71.837654,428.85415,250.39204,-378.27946,37.435081,385.10825,401.5872,-16.476724,1.2870422,301.90139999999997,-0.0
2141.0,1021.1613,20.727347,7.4444444,13.666667,5.3983,12.2168,48.83627,6886.8015,89.349,173.879,64.3741,20.555556,12.666667,17.555556,0.0,20.777778,7.1111111,5.2222222,2.2441,727.06233,0.2689070337888321,0.9327306159327333,0.33499999833500094,0.6150000156150017,1.0000000005557306,0.9999999997544369,0.18783180768941796,0.6730769246162757,0.9999999999776165,1.0000000000230047,0.999999999937863,0.9250000209250027,0.5700000155700017,0.7900000207900022,0.0,0.9350000109350027,0.3199999998200009,0.23499999923500067,1.000000000311929,1.000000000330095,1.4604754,45.31413,294.74421,232.41157,-8.5794534,-4.2257071,-19.430356,-1.7491751,-2.8713315,-1.17713,-3.5051623,71.43388,422.52624,248.13696,-378.03069,37.434678,377.70297,393.67752,-16.316973,1.4604754,302.30100000000004,-0.0
2142.0,1098.0799,21.111111,7.5555555,13.888889,5.3983,12.2168,45.887184,6886.8015,89.349,173.879,64.3741,20.888889,12.888889,17.888889,0.0,21.111111,7.2222222,5.3333333,2.2441,727.06233,0.2891623573789345,0.9499999959500027,0.33999999784000096,0.6250000056250018,1.0000000005557308,0.9999999997544361,0.176489169228054,0.6730769246162762,0.9999999999776161,1.0000000000230043,0.9999999999378634,0.9400000059400027,0.5800000055800016,0.8050000058050022,0.0,0.9499999959500027,0.3249999993250009,0.23999999874000066,1.000000000311929,1.000000000330095,1.5984195,44.678006,289.33334,228.58261,-8.374046,-4.1706742,-20.149816,-1.6996364,-2.8485709,-1.2096834,-3.47665,70.109854,415.7992,245.33852,-377.54954,36.91668,370.02292,385.5608,-16.135433,1.5984195,283.46180000000004,-0.0
2143.0,1137.2325,21.222222,7.6666667,14.111111,5.3983,12.2168,44.528354,6886.8015,89.349,173.879,64.3741,20.888889,13.111111,18.304025,0.0,21.222222,7.2222222,5.3333333,2.2441,727.06233,0.2994725890055352,0.9549999909550027,0.345000001845001,0.6349999956350018,1.0000000005557308,0.9999999997544368,0.17126289999736524,0.6730769246162764,0.9999999999776155,1.0000000000230045,0.9999999999378636,0.9400000059400027,0.5899999955900016,0.8236811258236835,0.0,0.9549999909550027,0.3249999993250009,0.23999999874000066,1.0000000003119291,1.000000000330095,1.7735584,43.604805,283.7185,224.50025,-8.2892909,-4.1540199,-20.901236,-1.6556968,-2.9247629,-1.2461797,-3.4815769,68.172493,408.82676,242.16649,-377.05076,36.035877,362.22306,377.33983,-16.031562,1.7735584,277.2651000000001,-0.0
2144.0,1198.8255,21.111111,7.7777778,14.222222,5.3983,12.2168,42.012867,6886.8015,89.349,173.879,64.3741,20.666667,13.333333,18.555556,0.0,21.111111,7.3333333,5.4444444,2.2441,727.06233,0.31569215288066005,0.9499999959500027,0.350000001350001,0.6399999906400018,1.0000000005557304,0.9999999997544369,0.161587949997514,0.6730769246162759,0.9999999999776161,1.0000000000230047,0.9999999999378631,0.9300000159300027,0.5999999856000017,0.8350000208350024,0.0,0.9499999959500027,0.3299999988300009,0.24499999824500068,1.000000000311929,1.000000000330095,1.937139,42.072382,278.02869,220.29113,-8.1952329,-4.1288257,-21.677061,-1.616876,-2.967445,-1.2835288,-3.4997678,65.496256,401.74826,238.2827,-376.36777,34.775963,354.36091,369.12503,-15.966933,1.937139,282.3796,-0.0
2145.0,1261.1073,21.0,7.8888889,14.444444,5.3983,12.2168,39.734509,6886.8015,89.349,173.879,64.3741,20.65993,13.444444,18.777778,0.0,21.0,7.4444444,5.5555556,2.2441,727.06233,0.3320931015819369,0.9450000009450027,0.35500000085500105,0.6499999806500019,1.0000000005557308,0.9999999997544361,0.15282503461303346,0.6730769246162764,0.9999999999776155,1.0000000000230045,0.999999999937863,0.9296968509296994,0.6049999806050017,0.8450000108450024,0.0,0.9450000009450027,0.33499999833500094,0.2500000022500007,1.0000000003119287,1.000000000330095,1.9596064,40.800177,272.54416,216.17158,-8.1958148,-4.0817104,-22.476507,-1.583702,-2.9627555,-1.3206725,-3.5007042,63.524008,394.77268,234.32366,-375.54836,33.724316,346.57543,361.23209,-15.869483,1.9596064,276.6952000000001,-0.0
2146.0,1261.1073,21.333333,8.0,14.555556,5.3983,12.2168,37.660615,6886.8015,89.349,173.879,64.3741,21.0,13.666667,19.111111,0.0,21.333333,7.4444444,5.5555556,2.2441,727.06233,0.3320931015819369,0.9599999859600027,0.360000000360001,0.6550000206550018,1.0000000005557312,0.9999999997544365,0.14484851922854083,0.6730769246162768,0.999999999977615,1.000000000023005,0.9999999999378634,0.9450000009450027,0.6150000156150017,0.8599999958600025,0.0,0.9599999859600027,0.33499999833500094,0.2500000022500007,1.000000000311929,1.000000000330095,2.0012064,40.095163,266.90682,212.10929,-8.1099016,-4.0374018,-23.29865,-1.5440247,-3.0416767,-1.3601732,-3.5248799,62.824284,387.89294,230.75969,-374.47962,33.132313,338.84909,353.15563,-15.75577,2.0012064,277.04099999999994,-0.0
2147.0,1261.1073,21.666667,8.1111111,14.777778,5.3983,12.2168,34.8755,6787.7426,89.349,173.879,64.3741,21.444444,13.888889,19.444444,0.0,21.666667,7.5555555,5.6666667,2.2441,727.06233,0.3320931015819369,0.9750000159750027,0.36499999986500103,0.6650000106650019,1.0000000005557308,0.9999999997544365,0.13413653845947476,0.6633954694780844,0.9999999999776166,1.0000000000230045,0.999999999937863,0.9649999809650027,0.6250000056250018,0.8749999808750025,0.0,0.9750000159750027,0.33999999784000096,0.25500000175500076,1.0000000003119294,1.000000000330095,1.9326826,39.458878,261.4943,208.13757,-8.0434036,-3.9439207,-24.134642,-1.5708593,-3.0494153,-1.3988713,-3.5351177,62.189754,381.23567,227.82407,-373.16975,32.597847,331.27393,345.36748,-15.60369,1.9326826,286.2409,-0.0
2148.0,1261.1073,21.888889,8.2222222,15.0,5.3983,12.2168,33.204602,6672.1479,89.349,173.879,64.3741,21.888889,14.111111,19.888889,0.0,21.888889,7.6666667,5.6666667,2.2441,727.06233,0.332093101581937,0.9850000059850027,0.369999999370001,0.6750000006750019,1.0000000005557301,0.9999999997544365,0.12771000769034294,0.6520978990198795,0.9999999999776159,1.000000000023005,0.9999999999378638,0.9850000059850027,0.6349999956350018,0.8950000058950025,0.0,0.9850000059850027,0.345000001845001,0.25500000175500076,1.0000000003119294,1.000000000330095,1.8984273,38.776186,256.55337,204.23302,-8.0245321,-3.8971599,-24.977593,-1.6393786,-3.0863372,-1.4350068,-3.5239752,61.329152,374.74182,224.9581,-371.66537,32.028915,323.86762,338.20943,-15.437756,1.8984273,295.71209999999996,-0.0
2149.0,1271.5875,22.222222,8.2222222,15.222222,5.3983,12.2168,30.933766,6629.2172,89.349,173.879,64.3741,22.222222,14.222222,20.222222,0.0,22.222222,7.6666667,5.7777778,2.2441,727.06233,0.33485290015197067,0.9999999910000028,0.369999999370001,0.684999990685002,1.0000000005557304,0.9999999997544368,0.11897602307509271,0.6479020958552848,0.9999999999776154,1.0000000000230052,0.9999999999378634,0.9999999910000028,0.6399999906400018,0.9099999909100025,0.0,0.9999999910000028,0.345000001845001,0.2600000012600007,1.0000000003119296,1.000000000330095,1.8566591,38.250456,251.40569,200.50839,-7.9432508,-3.911523,-25.817481,-1.6351348,-3.1038592,-1.470104,-3.5175543,60.639569,368.2762,221.87026,-369.87003,31.591443,316.68051,330.75386,-15.275375,1.8566591,303.2513,-0.0
2150.0,1339.008,22.222222,8.3333333,15.333333,5.3983,12.2168,29.556362,6629.2172,89.349,173.879,64.3741,22.222222,14.444444,20.555556,0.0,22.222222,7.7777778,5.7777778,2.2441,727.06233,0.35260704601664444,0.9999999910000028,0.374999998875001,0.689999985690002,1.0000000005557308,0.9999999997544367,0.11367831538286648,0.6479020958552857,0.9999999999776156,1.000000000023004,0.999999999937863,0.9999999910000028,0.6499999806500019,0.9250000209250027,0.0,0.9999999910000028,0.350000001350001,0.2600000012600007,1.0000000003119291,1.000000000330095,1.8255892,37.811931,246.90721,196.96985,-7.8787164,-3.8637026,-26.635164,-1.6160059,-3.155777,-1.5044587,-3.4966115,59.878655,361.92386,218.80169,-367.69555,31.230642,309.70879,324.14062,-15.093716,1.8255892,312.98199999999997,-0.0
2151.0,1279.7695,22.222222,8.5555555,15.555556,5.3983,12.2168,27.666024,6592.4688,89.349,173.879,64.3741,22.222222,14.666667,20.888889,0.0,22.222222,7.8888889,5.8888889,2.2441,727.06233,0.3370075032988586,0.9999999910000028,0.3849999978850011,0.700000020700002,1.0000000005557312,0.9999999997544363,0.10640778461374757,0.6443105156338182,0.9999999999776158,1.0000000000230045,0.9999999999378636,0.9999999910000028,0.6600000156600019,0.9400000059400027,0.0,0.9999999910000028,0.35500000085500105,0.2650000007650008,1.0000000003119283,1.000000000330095,1.7500792,37.542008,242.30667,193.56607,-7.7693544,-3.8085788,-27.408532,-1.5881969,-3.130505,-1.5353039,-3.4849704,59.317155,355.60234,215.74277,-365.0178,31.010847,302.95278,317.38039,-14.901876,1.7500792,321.35030000000006,-0.0
2152.0,1261.1073,22.222222,8.6666667,15.777778,5.3983,12.2168,26.508969,6579.1314,89.349,173.879,64.3741,22.222222,14.888889,21.333333,0.0,22.222222,7.8888889,6.0,2.2441,727.06233,0.33209310158193694,0.9999999910000028,0.3900000018900011,0.710000010710002,1.0000000005557306,0.9999999997544369,0.10195757307535452,0.6430069937921653,0.9999999999776151,1.0000000000230047,0.999999999937863,0.9999999910000028,0.670000005670002,0.9599999859600027,0.0,0.9999999910000028,0.35500000085500105,0.27000000027000076,1.000000000311929,1.000000000330095,1.6497698,37.134796,237.98266,190.16886,-7.6815266,-3.7704137,-28.104558,-1.5491138,-3.1949701,-1.5624869,-3.4855347,58.504873,349.30702,212.56733,-361.90422,30.678441,296.32469,311.04982,-14.736662,1.6497698,326.26858000000004,-0.0
2153.0,1261.1073,22.222222,8.7777778,16.0,5.3983,12.2168,24.908032,6579.1314,89.349,173.879,64.3741,22.222222,15.111111,21.666667,0.0,22.222222,8.0,6.0,2.2441,727.06233,0.3320931015819369,0.9999999910000028,0.39500000139500113,0.720000000720002,1.0000000005557306,0.9999999997544363,0.09580012307544916,0.6430069937921629,0.9999999999776161,1.0000000000230043,0.999999999937863,0.9999999910000028,0.6799999956800019,0.9750000159750027,0.0,0.9999999910000028,0.360000000360001,0.27000000027000076,1.0000000003119294,1.000000000330095,1.5701356,36.862317,233.52386,186.73729,-7.7643731,-3.7274732,-28.666491,-1.5415932,-3.182316,-1.5817515,-3.5135619,58.062515,343.02656,209.30512,-358.08467,30.453689,289.74676,304.60064,-14.550676,1.5701356,333.78006000000005,-0.0
2154.0,1261.1073,22.222222,8.8888889,16.222222,5.3983,12.2168,23.920617,6538.4791,89.349,173.879,64.3741,22.222222,15.222222,21.888889,0.0,22.222222,8.1111111,6.1111111,2.2441,727.06233,0.332093101581937,0.9999999910000028,0.4000000009000011,0.729999990730002,1.000000000555731,0.9999999997544362,0.09200237307550767,0.6390338685231165,0.9999999999776154,1.0000000000230052,0.9999999999378634,0.9999999910000028,0.684999990685002,0.9850000059850027,0.0,0.9999999910000028,0.36499999986500103,0.2749999997750008,1.000000000311929,1.000000000330095,1.4431677,36.733492,229.0654,183.2628,-7.4841305,-3.6291207,-29.016074,-1.4974683,-3.1454387,-1.5915262,-3.4502325,57.96217,336.76978,205.93899,-353.22882,30.34489,283.17112,298.21441,-14.348143,1.4431677,337.61951,-0.0
2155.0,1261.1073,22.222222,9.0,16.444444,5.3983,12.2168,22.990279,6482.5373,89.349,173.879,64.3741,22.222222,15.444444,22.222222,0.0,22.222222,8.1111111,6.2222222,2.2441,727.06233,0.3320931015819369,0.9999999910000028,0.40500000040500117,0.7399999807400021,1.0000000005557306,0.9999999997544365,0.08842414999863961,0.6335664342284735,0.9999999999776168,1.0000000000230045,0.999999999937863,0.9999999910000028,0.694999980695002,0.9999999910000028,0.0,0.9999999910000028,0.36499999986500103,0.2799999992800008,1.0000000003119291,1.000000000330095,1.5072288,36.497975,224.36125,179.77931,-7.3956132,-3.5522681,-29.023163,-1.4999721,-3.1115355,-1.5852057,-3.4002818,57.709905,330.39277,202.78929,-347.2194,30.147447,276.69205,291.59615,-13.996922,1.5072288,338.59105,13.865416
2156.0,1399.5107,22.222222,9.1111111,16.555556,5.3983,12.2168,22.990279,6482.5373,89.349,173.879,64.3741,22.222222,15.666667,22.222222,0.0,22.222222,8.2222222,6.2222222,2.2441,727.06233,0.3685394962507216,0.9999999910000028,0.4099999999100012,0.7450000207450022,1.0000000005557306,0.9999999997544362,0.08842414999863961,0.6335664342284735,0.9999999999776162,1.0000000000230045,0.9999999999378634,0.9999999910000028,0.705000015705002,0.9999999910000028,0.0,0.9999999910000028,0.369999999370001,0.2799999992800008,1.0000000003119287,1.000000000330095,1.6605971,36.129836,219.59179,176.2526,-7.2427837,-3.5137714,-28.530422,-1.4897563,-3.0796289,-1.5551004,-3.3340447,57.179432,323.90661,199.48572,-339.50443,29.842204,270.23456,284.95902,-13.741189,1.6605971,339.28960000000006,34.562488
2157.0,1415.8679,22.222222,9.1111111,16.777778,5.3983,12.2168,22.990279,6478.9844,89.349,173.879,64.3741,22.222222,15.777778,22.222222,0.0,22.222222,8.2222222,6.3333333,2.2441,727.06233,0.372846911869675,0.9999999910000028,0.4099999999100012,0.7550000107550022,1.0000000005557306,0.9999999997544372,0.08842414999863965,0.6332191939304238,0.9999999999776159,1.000000000023005,0.9999999999378636,0.9999999910000028,0.710000010710002,0.9999999910000028,0.0,0.9999999910000028,0.369999999370001,0.28499999878500076,1.0000000003119294,1.000000000330095,1.6340564,35.726902,214.91297,172.7795,-7.045564,-3.3750383,-27.672484,-1.4510072,-2.9492044,-1.5081728,-3.2427499,56.515382,317.45427,196.10807,-330.60582,29.510016,263.97916,278.46705,-13.290904,1.6340564,339.96440000000007,37.272218
2158.0,1408.5033,22.222222,9.2222222,17.0,5.3983,12.2168,22.990279,6432.4515,89.349,173.879,64.3741,22.222222,16.0,22.222222,0.0,22.222222,8.3333333,6.3333333,2.2441,727.06233,0.3709075583698497,0.9999999910000028,0.41499999941500115,0.7650000007650022,1.0000000005557304,0.9999999997544372,0.08842414999863962,0.6286713321653534,0.9999999999776161,1.0000000000230045,0.9999999999378631,0.9999999910000028,0.720000000720002,0.9999999910000028,0.0,0.9999999910000028,0.374999998875001,0.28499999878500076,1.0000000003119291,1.000000000330095,1.565272,35.089393,210.34567,169.38226,-6.8526426,-3.2981014,-26.793425,-1.4101129,-2.869437,-1.4612123,-3.1462051,55.273701,311.07613,192.70185,-321.92189,28.988818,257.86924,272.13012,-12.941342,1.565272,340.6332,33.80437
2159.0,1415.8679,22.222222,9.3333333,17.111111,5.3983,12.2168,22.990279,6482.5373,89.349,173.879,64.3741,22.222222,16.111111,22.222222,0.0,22.222222,8.4444444,6.4444444,2.2441,727.06233,0.37284691186967484,0.9999999910000028,0.41999999892000117,0.7699999957700022,1.0000000005557308,0.9999999997544363,0.08842414999863962,0.6335664342284733,0.9999999999776159,1.0000000000230047,0.9999999999378634,0.9999999910000028,0.7249999957250021,0.9999999910000028,0.0,0.9999999910000028,0.3799999983800011,0.28999999829000084,1.0000000003119287,1.000000000330095,1.5532448,34.394195,205.82899,166.00137,-6.8833675,-3.2733742,-25.957937,-1.3591664,-2.8210909,-1.4172885,-3.0687018,53.948523,304.72724,189.22412,-313.57978,28.419919,251.8914,265.89066,-12.717118,1.5532448,341.29679,33.262412
2160.0,1415.8679,22.222222,9.4444444,17.333333,5.3983,12.2168,22.990279,6482.5373,89.349,173.879,64.3741,22.222222,16.333333,22.222222,0.0,22.222222,8.4444444,6.4444444,2.2441,727.06233,0.372846911869675,0.9999999910000028,0.4249999984250012,0.7799999857800022,1.0000000005557308,0.9999999997544365,0.08842414999863966,0.633566434228474,0.9999999999776148,1.000000000023005,0.9999999999378634,0.9999999910000028,0.734999985735002,0.9999999910000028,0.0,0.9999999910000028,0.3799999983800011,0.28999999829000084,1.0000000003119283,1.000000000330095,1.5038066,33.823986,201.33208,162.6069,-6.4869905,-3.1911381,-25.113858,-1.2933197,-2.7043322,-1.3723762,-2.9918303,52.987861,298.40466,185.67416,-305.34713,27.950361,246.00076,259.72764,-12.405975,1.5038066,341.93345999999997,31.280612
2161.0,1415.8679,22.222222,9.5555555,17.444444,5.3983,12.2168,23.448645,6532.6231,89.349,173.879,64.3741,22.222222,16.444444,22.222222,0.0,22.222222,8.5555555,6.5555555,2.2441,727.06233,0.37284691186967495,0.9999999910000028,0.42999999793000127,0.7849999807850022,1.0000000005557308,0.9999999997544365,0.09018709615245861,0.6384615362915913,0.9999999999776165,1.000000000023004,0.9999999999378626,0.9999999910000028,0.7399999807400021,0.9999999910000028,0.0,0.9999999910000028,0.3849999978850011,0.2949999977950008,1.0000000003119294,1.000000000330095,1.497416,33.410369,196.83508,159.17964,-6.3093466,-3.100835,-24.2563,-1.2347889,-2.6628304,-1.3275379,-2.9117988,52.45344,292.09753,182.04477,-297.30381,27.605865,240.1653,253.61605,-12.092969,1.497416,342.42864,34.298061
2162.0,1415.8679,22.222222,9.5555555,17.666667,5.3983,12.2168,23.448645,6482.5373,89.349,173.879,64.3741,22.222222,16.555556,22.222222,0.0,22.222222,8.5555555,6.5555555,2.2441,727.06233,0.37284691186967495,0.9999999910000028,0.42999999793000127,0.7950000157950022,1.0000000005557308,0.9999999997544367,0.09018709615245869,0.6335664342284734,0.9999999999776158,1.0000000000230047,0.9999999999378634,0.9999999910000028,0.7450000207450022,0.9999999910000028,0.0,0.9999999910000028,0.3849999978850011,0.2949999977950008,1.0000000003119291,1.000000000330095,1.434717,32.933423,192.36052,155.68301,-6.153422,-3.0198528,-23.350042,-1.2295912,-2.5916545,-1.2817129,-2.8390277,51.824433,285.83639,178.36624,-289.26994,27.208968,234.40288,247.58118,-11.777118,1.434717,342.85933,30.421464
2163.0,1446.7406,22.222222,9.6666667,17.777778,5.3983,12.2168,23.920617,6479.6398,89.349,173.879,64.3741,22.222222,16.777778,22.222222,0.0,22.222222,8.6666667,6.5555555,2.2441,727.06233,0.38097675989863233,0.9999999910000028,0.43500000193500127,0.8000000108000024,1.0000000005557301,0.9999999997544372,0.09200237307550767,0.6332832490097499,0.9999999999776158,1.0000000000230047,0.9999999999378634,0.9999999910000028,0.7550000107550022,0.9999999910000028,0.0,0.9999999910000028,0.3900000018900011,0.2949999977950008,1.0000000003119294,1.000000000330095,1.4729644,32.27359,187.89492,152.225,-6.1903234,-2.9509939,-22.447661,-1.2151957,-2.5055847,-1.2353728,-2.8050572,50.854385,279.6057,174.62567,-281.52109,26.662248,228.66033,241.60201,-11.471662,1.4729644,343.23749,35.075842
2164.0,1491.6872,22.222222,9.7777778,17.888889,5.3983,12.2168,23.920617,6432.4515,89.349,173.879,64.3741,22.222222,16.888889,22.222222,0.0,22.222222,8.6666667,6.6666667,2.2441,727.06233,0.39281275180793507,0.9999999910000028,0.4400000014400013,0.8050000058050022,1.0000000005557308,0.9999999997544363,0.09200237307550767,0.6286713321653534,0.9999999999776161,1.000000000023004,0.999999999937863,0.9999999910000028,0.7600000057600022,0.9999999910000028,0.0,0.9999999910000028,0.3900000018900011,0.30000000180000086,1.0000000003119285,1.000000000330095,1.5172142,31.64005,183.52395,148.8154,-6.0512377,-2.8751612,-21.477114,-1.184185,-2.4242794,-1.1902867,-2.7115105,49.882025,273.42581,170.83604,-273.77987,26.138294,223.02045,235.7566,-11.167281,1.5172142,343.88479000000007,38.825661
2165.0,1491.6872,22.222222,9.8888889,18.111111,5.3983,12.2168,24.406848,6482.5373,89.349,173.879,64.3741,22.222222,17.0,22.222222,0.0,22.222222,8.7777778,6.7777778,2.2441,727.06233,0.39281275180793507,0.9999999910000028,0.44500000094500125,0.8149999958150024,1.0000000005557308,0.9999999997544363,0.09387249230624808,0.6335664342284739,0.9999999999776158,1.0000000000230045,0.9999999999378636,0.9999999910000028,0.7650000007650022,0.9999999910000028,0.0,0.9999999910000028,0.39500000139500113,0.3050000013050009,1.000000000311928,1.000000000330095,1.5035171,31.078749,179.95784,145.53667,-5.6814022,-2.8035904,-20.546962,-1.1428542,-2.3437225,-1.1402104,-2.5972963,48.956933,267.43041,167.43481,-266.35078,25.675481,217.51263,230.9958,-10.879528,1.5035171,344.51428,36.269689
2166.0,1542.5018,22.222222,9.8888889,18.222222,5.3983,12.2168,24.908032,6482.5373,89.349,173.879,64.3741,22.222222,17.111111,22.222222,0.0,22.222222,8.7777778,6.7777778,2.2441,727.06233,0.4061939907553629,0.9999999910000028,0.44500000094500125,0.8199999908200023,1.0000000005557306,0.9999999997544369,0.09580012307544924,0.6335664342284736,0.9999999999776155,1.0000000000230047,0.999999999937863,0.9999999910000028,0.7699999957700022,0.9999999910000028,0.0,0.9999999910000028,0.39500000139500113,0.3050000013050009,1.0000000003119294,1.000000000330095,1.460302,30.532899,175.85525,142.32022,-5.5314843,-2.7221621,-19.783767,-1.1077365,-2.2815843,-1.1022782,-2.5227059,48.008986,261.48071,164.06331,-259.76141,25.226564,212.37652,225.5118,-10.600412,1.460302,344.97155,32.797736
2167.0,1525.8435,22.222222,10.0,18.333333,5.3983,12.2168,24.908032,6482.5373,89.349,173.879,64.3741,22.222222,17.333333,22.222222,0.0,22.222222,8.8888889,6.7777778,2.2441,727.06233,0.40180728510860114,0.9999999910000028,0.45000000045000127,0.8249999858250023,1.0000000005557312,0.9999999997544363,0.0958001230754492,0.6335664342284707,0.9999999999776159,1.0000000000230043,0.999999999937863,0.9999999910000028,0.7799999857800022,0.9999999910000028,0.0,0.9999999910000028,0.4000000009000011,0.3050000013050009,1.0000000003119294,1.000000000330095,1.417769,29.954244,171.81971,139.14114,-5.3887808,-2.6583847,-19.223341,-1.0764305,-2.2227643,-1.0735999,-2.4600594,47.021947,255.63085,160.70377,-253.99992,24.750314,207.05431,220.13515,-10.361301,1.417769,345.3596600000001,26.384981
2168.0,1491.6872,22.222222,10.111111,18.517854,5.3983,12.2168,24.406848,6482.5373,89.349,173.879,64.3741,22.222222,17.444444,22.222222,0.0,22.222222,8.8888889,6.8888889,2.2441,727.06233,0.3928127518079351,0.9999999910000028,0.45499999545500125,0.8333034308333058,1.0000000005557308,0.9999999997544362,0.09387249230624813,0.6335664342284739,0.999999999977615,1.0000000000230052,0.9999999999378638,0.9999999910000028,0.7849999807850022,0.9999999910000028,0.0,0.9999999910000028,0.4000000009000011,0.3100000008100009,1.0000000003119283,1.000000000330095,1.304456,29.337762,167.84372,136.02727,-5.2605111,-2.5651463,-18.883638,-1.047444,-2.1518441,-1.0547952,-2.4108426,45.994805,249.87428,157.3537,-249.03189,24.242326,202.01722,214.85852,-10.068062,1.304456,345.89949,17.488028
2169.0,1491.6872,22.222222,10.111111,18.666667,5.3983,12.2168,23.920617,6432.4515,89.349,173.879,64.3741,22.222222,17.555556,22.222222,0.0,22.222222,8.8888889,6.8888889,2.2441,727.06233,0.39281275180793507,0.9999999910000028,0.45499999545500125,0.8400000158400024,1.0000000005557306,0.9999999997544368,0.09200237307550767,0.628671332165352,0.9999999999776166,1.000000000023004,0.9999999999378634,0.9999999910000028,0.7900000207900022,0.9999999910000028,0.0,0.9999999910000028,0.4000000009000011,0.3100000008100009,1.0000000003119291,1.000000000330095,1.266713,28.865742,163.8967,132.91472,-5.3502155,-2.5665757,-18.712965,-1.0197407,-2.1576539,-1.0497241,-2.4189628,45.317813,244.15868,153.96368,-244.75912,23.850851,196.81091,209.65863,-9.9707889,1.266713,346.34545,11.674546
2170.0,1547.3841,22.222222,10.222222,18.777778,5.3983,12.2168,23.448645,6432.4515,89.349,173.879,64.3741,22.222222,17.666667,22.222222,0.0,22.222222,9.0,7.0,2.2441,727.06233,0.4074796689445649,0.9999999910000028,0.4599999904600013,0.8450000108450024,1.0000000005557308,0.9999999997544361,0.09018709615245867,0.6286713321653544,0.9999999999776166,1.0000000000230047,0.9999999999378631,0.9999999910000028,0.7950000157950022,0.9999999910000028,0.0,0.9999999910000028,0.40500000040500117,0.3150000003150009,1.000000000311929,1.000000000330095,1.2974594,28.34247,159.97042,129.8009,-5.0743096,-2.5151238,-18.560684,-0.99433995,-2.1318336,-1.0345555,-2.3376573,44.560547,238.48106,150.53256,-240.49366,23.416936,191.786,204.52277,-9.776797,1.2974594,346.6014200000001,16.813309
2171.0,1566.4657,22.222222,10.333333,18.888889,5.3983,12.2168,22.990279,6388.3707,89.349,173.879,64.3741,22.222222,17.777778,22.222222,0.0,22.222222,9.0,7.0,2.2441,727.06233,0.4125045131645182,0.9999999910000028,0.46499998546500126,0.8500000058500023,1.0000000005557308,0.9999999997544367,0.08842414999863962,0.6243631247488007,0.9999999999776161,1.0000000000230054,0.9999999999378634,0.9999999910000028,0.8000000108000024,0.9999999910000028,0.0,0.9999999910000028,0.40500000040500117,0.3150000003150009,1.0000000003119294,1.000000000330095,1.3455839,27.775511,156.09816,126.71653,-4.9582499,-2.4537569,-18.309203,-0.98593352,-2.0920109,-1.0200259,-2.298112,43.711732,232.89348,147.11009,-235.97929,22.947502,186.75964,199.47961,-9.5771133,1.3455839,347.00735,20.40295
2172.0,1599.5888,22.222222,10.333333,19.0,5.3983,12.2168,22.544906,6382.3656,89.349,173.879,64.3741,22.222222,17.888889,22.222222,0.0,22.222222,9.1111111,7.1111111,2.2441,727.06233,0.42122696922595615,0.9999999910000028,0.46499998546500126,0.8550000008550024,1.0000000005557304,0.9999999997544369,0.0867111769217429,0.6237762203288014,0.9999999999776162,1.000000000023005,0.9999999999378631,0.9999999910000028,0.8050000058050022,0.9999999910000028,0.0,0.9999999910000028,0.4099999999100012,0.3199999998200009,1.0000000003119291,1.000000000330095,1.3170553,27.216983,152.32973,123.71283,-4.8306136,-2.3585996,-18.049167,-0.97414729,-2.0174338,-1.0047672,-2.2489769,42.838554,227.45231,143.93988,-231.40229,22.485973,182.29783,194.56892,-9.2936693,1.3170553,347.33277,18.773092
2173.0,1566.4657,22.222222,10.444444,19.111111,5.3983,12.2168,22.111949,6382.3656,89.349,173.879,64.3741,22.222222,18.0,22.222222,0.0,22.222222,9.1111111,7.1111111,2.2441,727.06233,0.412504513164518,0.9999999910000028,0.46999998047000136,0.8599999958600025,1.0000000005557308,0.9999999997544362,0.08504595769099929,0.6237762203288003,0.9999999999776159,1.0000000000230047,0.9999999999378634,0.9999999910000028,0.8100000008100023,0.9999999910000028,0.0,0.9999999910000028,0.4099999999100012,0.3199999998200009,1.0000000003119285,1.000000000330095,1.2541284,26.67295,148.66912,120.80488,-4.754803,-2.3589941,-17.864028,-0.94637165,-2.0276054,-0.99490923,-2.2141741,41.949729,222.15937,140.67972,-227.18081,22.037226,177.76575,189.79552,-9.1977517,1.2541284,347.90755,15.694488
2174.0,1566.4657,22.222222,10.444444,19.222222,5.3983,12.2168,21.281142,6332.2798,89.349,173.879,64.3741,22.222222,18.111111,22.222222,0.0,22.222222,9.1111111,7.1111111,2.2441,727.06233,0.41250451316451825,0.9999999910000028,0.46999998047000136,0.8649999908650023,1.0000000005557308,0.9999999997544367,0.08185054615258694,0.6188811182656827,0.9999999999776151,1.0000000000230047,0.9999999999378634,0.9999999910000028,0.8149999958150024,0.9999999910000028,0.0,0.9999999910000028,0.4099999999100012,0.3199999998200009,1.0000000003119285,1.000000000330095,1.2300553,26.128451,145.09735,117.95355,-4.8647387,-2.3202286,-17.747384,-0.93621837,-2.0061147,-0.98963488,-2.2084203,41.027265,216.94179,137.42403,-223.21411,21.588906,173.10277,185.14706,-9.0173667,1.2300553,348.40243,14.251245
2175.0,1600.5397,22.222222,10.555556,19.333333,5.3983,12.2168,20.882296,6332.2798,89.349,173.879,64.3741,22.222222,18.222222,22.222222,0.0,22.222222,9.2222222,7.2222222,2.2441,727.06233,0.42147737403313973,0.9999999910000028,0.47500002047500134,0.8699999858700025,1.0000000005557304,0.9999999997544367,0.08031652307568739,0.61888111826568,0.9999999999776159,1.0000000000230045,0.999999999937863,0.9999999910000028,0.8199999908200023,0.9999999910000028,0.0,0.9999999910000028,0.41499999941500115,0.3249999993250009,1.000000000311929,1.000000000330095,1.2052922,25.553095,141.58139,115.19127,-4.775189,-2.273208,-17.663362,-0.90608126,-1.9777422,-0.98277507,-2.1759297,40.067896,211.79455,134.16845,-219.34057,21.114826,168.53019,180.58958,-8.8434223,1.2052922,348.72456999999997,13.751712
2176.0,1600.4423,22.222222,10.666667,19.444444,5.3983,12.2168,20.115437,6332.2798,89.349,173.879,64.3741,22.222222,18.333333,22.222222,5.6140437e-25,22.222222,9.2222222,7.2222222,2.2441,727.06233,0.4214517252496507,0.9999999910000028,0.4800000154800014,0.8749999808750025,1.0000000005557308,0.9999999997544369,0.07736706538342512,0.6188811182656823,0.9999999999776155,1.0000000000230052,0.9999999999378636,0.9999999910000028,0.8249999858250023,0.9999999910000028,7.689417477057945e-26,0.9999999910000028,0.41499999941500115,0.3249999993250009,1.000000000311929,1.000000000330095,1.1701866,24.949385,138.12017,112.46195,-4.4982242,-2.1766167,-17.590817,-0.89182231,-1.946844,-0.9717075,-2.0936185,39.079226,206.72846,131.11727,-215.43231,20.61696,164.06076,176.11705,-8.5718796,1.1701866,348.98849000000007,12.411627
2177.0,1588.8471,22.222222,10.666667,19.555556,5.3983,12.2168,19.746586,6332.2798,89.349,173.879,64.3741,22.222222,18.444444,22.222222,0.0,22.222222,9.2222222,7.3333333,2.2441,727.06233,0.4183983086756107,0.9999999910000028,0.4800000154800014,0.8800000208800025,1.0000000005557304,0.9999999997544372,0.07594840769113928,0.6188811182656802,0.9999999999776159,1.0000000000230047,0.9999999999378631,0.9999999910000028,0.8299999808300024,0.9999999910000028,0.0,0.9999999910000028,0.41499999941500115,0.3299999988300009,1.000000000311929,1.000000000330095,1.1361035,24.318147,134.71261,109.76517,-4.3892398,-2.1276209,-17.525628,-0.86204486,-1.9191617,-0.96543777,-2.0588534,38.062108,201.73996,128.15218,-211.53335,20.096002,159.79496,171.72791,-8.4070771,1.1361035,349.49058,10.95897
2178.0,1631.9444,22.222222,10.777778,19.666667,5.3983,12.2168,19.036112,6282.194,89.349,173.879,64.3741,22.222222,18.555556,22.222222,0.0,22.222222,9.3333333,7.3333333,2.2441,727.06233,0.42974731603351524,0.9999999910000028,0.48500001048500135,0.8850000158850025,1.0000000005557308,0.9999999997544361,0.07321581538348901,0.6139860162025615,0.9999999999776168,1.0000000000230045,0.999999999937863,0.9999999910000028,0.8350000208350024,0.9999999910000028,0.0,0.9999999910000028,0.41999999892000117,0.3299999988300009,1.000000000311929,1.000000000330095,1.1030131,23.660183,131.35728,107.10034,-4.306257,-2.129739,-17.437146,-0.85202457,-1.8936493,-0.95689725,-2.0662347,37.01737,196.82379,125.20126,-207.60643,19.552624,155.71257,167.42757,-8.335024,1.1030131,349.8960900000001,11.293766
2179.0,1640.2036,22.222222,10.777778,19.777778,5.3983,12.2168,18.693777,6282.194,89.349,173.879,64.3741,22.222222,18.666667,22.222222,0.0,22.222222,9.3333333,7.3333333,2.2441,727.06233,0.4319222486063308,0.9999999910000028,0.48500001048500135,0.8900000108900026,1.0000000005557308,0.9999999997544367,0.07189914230658617,0.6139860162025629,0.9999999999776161,1.0000000000230045,0.9999999999378634,0.9999999910000028,0.8400000158400024,0.9999999910000028,0.0,0.9999999910000028,0.41999999892000117,0.3299999988300009,1.0000000003119294,1.000000000330095,1.1382945,23.153622,128.05348,104.46577,-4.2210423,-2.0524912,-17.272805,-0.8275283,-1.8724329,-0.94668645,-1.9958785,36.31583,191.97838,122.17564,-203.36622,19.131912,151.74346,163.22217,-8.0824417,1.1382945,350.30008,14.554744
2180.0,1677.9662,22.222222,10.888889,19.888889,5.3983,12.2168,18.3596,6282.194,89.349,173.879,64.3741,22.222222,18.777778,22.222222,0.0,22.222222,9.3333333,7.4444444,2.2441,727.06233,0.44186644523242136,0.9999999910000028,0.49000000549000144,0.8950000058950025,1.0000000005557301,0.9999999997544372,0.0706138461527598,0.6139860162025624,0.9999999999776156,1.0000000000230052,0.9999999999378631,0.9999999910000028,0.8450000108450024,0.9999999910000028,0.0,0.9999999910000028,0.41999999892000117,0.33499999833500094,1.0000000003119287,1.000000000330095,1.1139596,22.65481,124.83849,101.90048,-4.135556,-2.0061804,-17.013468,-0.81280436,-1.7969595,-0.9309345,-1.9531141,35.596841,187.25433,119.29724,-198.89793,18.718212,147.65708,159.13088,-7.894646,1.1139596,350.69485,17.158934
2181.0,1668.7404,22.222222,10.888889,20.0,5.3983,12.2168,18.03327,6228.5306,89.349,173.879,64.3741,22.222222,18.888889,22.222222,0.0,22.222222,9.4444444,7.4444444,2.2441,727.06233,0.4394369735002581,0.9999999910000028,0.49000000549000144,0.9000000009000025,1.0000000005557308,0.9999999997544365,0.06935873076816369,0.6087412598034612,0.9999999999776161,1.0000000000230045,0.999999999937863,0.9999999910000028,0.8500000058500023,0.9999999910000028,0.0,0.9999999910000028,0.4249999984250012,0.33499999833500094,1.0000000003119291,1.000000000330095,1.0815142,22.168739,121.71715,99.410054,-4.0210088,-1.95068,-16.7006,-0.80768241,-1.753198,-0.91180376,-1.9049066,34.867534,182.62774,116.46221,-194.21047,18.315795,143.6889,155.16846,-7.6857809,1.0815142,350.92404999999997,16.172581
2182.0,1670.4609,22.222222,11.0,20.111111,5.3983,12.2168,18.03327,6228.5306,89.349,173.879,64.3741,22.222222,19.0,22.222222,0.0,22.222222,9.4444444,7.4444444,2.2441,727.06233,0.4398900405638393,0.9999999910000028,0.4950000004950014,0.9049999959050026,1.0000000005557308,0.9999999997544362,0.06935873076816375,0.6087412598034624,0.999999999977615,1.0000000000230045,0.9999999999378634,0.9999999910000028,0.8550000008550024,0.9999999910000028,0.0,0.9999999910000028,0.4249999984250012,0.33499999833500094,1.0000000003119285,1.000000000330095,1.0500138,21.69504,118.68552,96.987675,-4.1141512,-1.9437892,-16.376403,-0.78638571,-1.7461875,-0.89707774,-1.9021566,34.128209,178.12026,113.69391,-189.6756,17.924334,139.89986,151.32144,-7.5894963,1.0500138,351.1647300000001,18.31578
2183.0,1653.9057,22.222222,11.0,20.222222,5.3983,12.2168,17.71449,6206.2123,89.349,173.879,64.3741,22.222222,19.111111,22.222222,0.0,22.222222,9.4444444,7.5555555,2.2441,727.06233,0.43553048470740313,0.9999999910000028,0.4950000004950014,0.9099999909100025,1.0000000005557304,0.9999999997544368,0.06813265384510565,0.6065599957251122,0.9999999999776166,1.0000000000230043,0.999999999937863,0.9999999910000028,0.8599999958600025,0.9999999910000028,0.0,0.9999999910000028,0.4249999984250012,0.33999999784000096,1.0000000003119291,1.000000000330095,1.0194309,21.233352,115.74129,94.633435,-3.8195391,-1.9012335,-16.013641,-0.7662722,-1.7044962,-0.87706851,-1.8584347,33.379158,173.72616,110.99039,-185.02012,17.543381,136.59954,147.59707,-7.4074829,1.0194309,351.54461000000003,16.938155
2184.0,1647.3644,22.222222,11.111111,20.333333,5.3983,12.2168,17.71449,6178.4448,89.349,173.879,64.3741,22.222222,19.222222,22.222222,0.0,22.222222,9.5555555,7.5555555,2.2441,727.06233,0.43380793452838357,0.9999999910000028,0.4999999955000014,0.9149999859150025,1.0000000005557304,0.9999999997544361,0.06813265384510565,0.6038461577403432,0.9999999999776162,1.0000000000230045,0.9999999999378634,0.9999999910000028,0.8649999908650023,0.9999999910000028,0.0,0.9999999910000028,0.42999999793000127,0.33999999784000096,1.0000000003119291,1.000000000330095,0.9897387,20.783325,112.88198,92.356972,-3.747756,-1.8664018,-15.65323,-0.75240535,-1.6714029,-0.85312006,-1.7818578,32.620664,169.44405,108.34978,-180.39986,17.172759,132.98319,143.9897,-7.2389471,0.9897387,351.8582200000001,18.085661
2185.0,1657.9673,22.222222,11.111111,20.444444,5.3983,12.2168,17.402979,6178.4448,89.349,173.879,64.3741,22.222222,19.222222,22.222222,0.0,22.222222,9.5555555,7.6666667,2.2441,727.06233,0.4366000442455847,0.9999999910000028,0.4999999955000014,0.9199999809200026,1.0000000005557306,0.9999999997544365,0.06693453461435486,0.6038461577403421,0.9999999999776156,1.0000000000230052,0.9999999999378634,0.9999999910000028,0.8649999908650023,0.9999999910000028,0.0,0.9999999910000028,0.42999999793000127,0.345000001845001,1.0000000003119294,1.000000000330095,0.96091136,20.312721,110.07259,90.100297,-3.6526702,-1.7709854,-15.271235,-0.72501154,-1.5940441,-0.83216078,-1.7284837,31.841519,165.23996,105.73079,-175.75523,16.784861,129.44918,140.46853,-6.9736194,0.96091136,352.25888,17.063483
2186.0,1668.0075,22.222222,11.222222,20.555556,5.3983,12.2168,17.402979,6178.4448,89.349,173.879,64.3741,22.222222,19.333333,22.222222,0.0,22.222222,9.5555555,7.6666667,2.2441,727.06233,0.43924397562121215,0.9999999910000028,0.5049999905050014,0.9250000209250027,1.0000000005557308,0.9999999997544368,0.06693453461435488,0.6038461577403414,0.9999999999776161,1.0000000000230045,0.999999999937863,0.9999999910000028,0.8699999858700025,0.9999999910000028,0.0,0.9999999910000028,0.42999999793000127,0.345000001845001,1.000000000311929,1.000000000330095,0.93292365,19.906067,107.31316,87.867889,-3.5550923,-1.716915,-14.891053,-0.71019938,-1.5807093,-0.81000883,-1.6762902,31.217424,161.09816,103.32605,-171.23685,16.448541,125.99686,137.03733,-6.7733517,0.93292365,352.54969000000006,18.066862
2187.0,1661.5655,22.222222,11.222222,20.666667,5.3983,12.2168,17.402979,6178.4448,89.349,173.879,64.3741,22.222222,19.444444,22.222222,0.0,22.222222,9.6666667,7.7777778,2.2441,727.06233,0.4375475745612937,0.9999999910000028,0.5049999905050014,0.9300000159300027,1.0000000005557312,0.9999999997544361,0.06693453461435486,0.6038461577403418,0.9999999999776162,1.0000000000230045,0.9999999999378634,0.9999999910000028,0.8749999808750025,0.9999999910000028,0.0,0.9999999910000028,0.43500000193500127,0.350000001350001,1.0000000003119287,1.000000000330095,0.90575112,19.395246,104.59968,85.669962,-3.4584838,-1.6695439,-14.496761,-0.68288271,-1.4977375,-0.78854994,-1.6354631,30.383971,157.02016,100.93763,-166.71621,16.027165,122.62124,133.67762,-6.5981004,0.90575112,352.91304,16.379888
2188.0,1710.5123,22.222222,11.333333,20.777778,5.3983,12.2168,17.402979,6164.6377,89.349,173.879,64.3741,22.222222,19.555556,22.222222,0.0,22.222222,9.6666667,7.7777778,2.2441,727.06233,0.4504369572684678,0.9999999910000028,0.5099999855100014,0.9350000109350027,1.0000000005557304,0.9999999997544369,0.06693453461435489,0.6024967300842868,0.9999999999776151,1.0000000000230047,0.9999999999378634,0.9999999910000028,0.8800000208800025,0.9999999910000028,0.0,0.9999999910000028,0.43500000193500127,0.350000001350001,1.0000000003119285,1.000000000330095,0.87937002,18.865594,101.93129,83.462649,-3.3722668,-1.6756452,-14.108716,-0.67711491,-1.4962419,-0.76679989,-1.5957793,29.531621,153.01383,98.577562,-162.37028,15.590041,119.32095,130.38902,-6.4448836,0.87937002,353.30931,16.136575
2189.0,1714.2721,22.222222,11.333333,20.777778,5.3983,12.2168,17.402979,6178.4448,89.349,173.879,64.3741,22.222222,19.555556,22.222222,0.0,22.222222,9.6666667,7.7777778,2.2441,727.06233,0.45142704244466786,0.9999999910000028,0.5099999855100014,0.9350000109350027,1.0000000005557306,0.9999999997544367,0.06693453461435482,0.603846157740341,0.9999999999776158,1.0000000000230043,0.9999999999378631,0.9999999910000028,0.8800000208800025,0.9999999910000028,0.0,0.9999999910000028,0.43500000193500127,0.350000001350001,1.0000000003119291,1.000000000330095,0.91067445,18.317661,99.308554,81.283504,-3.2862592,-1.5886675,-13.690483,-0.64664394,-1.4546154,-0.74451008,-1.5549494,28.660922,149.06882,96.232874,-158.00961,15.137568,116.09685,127.17587,-6.2783621,0.91067445,353.61341000000004,18.681653
2190.0,1736.7111,22.222222,11.444444,20.888889,5.3983,12.2168,17.402979,6178.4448,89.349,173.879,64.3741,22.222222,19.666667,22.222222,0.0,22.222222,9.6666667,7.8888889,2.2441,727.06233,0.4573360060248462,0.9999999910000028,0.5149999805150015,0.9400000059400027,1.0000000005557308,0.9999999997544361,0.06693453461435485,0.6038461577403431,0.9999999999776154,1.000000000023005,0.9999999999378636,0.9999999910000028,0.8850000158850025,0.9999999910000028,0.0,0.9999999910000028,0.43500000193500127,0.35500000085500105,1.0000000003119287,1.000000000330095,0.88414995,17.878225,96.761133,79.130006,-3.3853755,-1.5971825,-13.239305,-0.62909984,-1.4170313,-0.72542589,-1.5491111,28.008269,145.22508,93.945861,-153.63085,14.773584,112.97434,124.05924,-6.1755098,0.88414995,353.95049000000006,18.251831
2191.0,1735.6153,22.222222,11.444444,21.0,5.3983,12.2168,17.402979,6178.4448,89.349,173.879,64.3741,22.222222,19.777778,22.222222,0.0,22.222222,9.7777778,7.8888889,2.2441,727.06233,0.4570474440438684,0.9999999910000028,0.5149999805150015,0.9450000009450027,1.0000000005557306,0.9999999997544372,0.06693453461435488,0.6038461577403422,0.9999999999776154,1.0000000000230045,0.9999999999378631,0.9999999910000028,0.8900000108900026,0.9999999910000028,0.0,0.9999999910000028,0.4400000014400013,0.35500000085500105,1.000000000311929,1.000000000330095,0.85839801,17.485155,94.290361,77.036526,-3.0856291,-1.5441364,-12.80501,-0.60558176,-1.3701061,-0.70197618,-1.5046776,27.429908,141.48409,91.714845,-149.39654,14.4479,109.94725,121.03762,-6.0097918,0.85839801,354.24448000000007,17.334311
2192.0,1735.7839,22.222222,11.444444,21.0,5.3983,12.2168,17.402979,6165.1325,89.349,173.879,64.3741,22.222222,19.888889,22.222222,0.0,22.222222,9.7777778,8.0,2.2441,727.06233,0.4570918422460884,0.9999999910000028,0.5149999805150015,0.9450000009450027,1.0000000005557308,0.9999999997544363,0.06693453461435486,0.6025450890303515,0.9999999999776162,1.0000000000230047,0.9999999999378634,0.9999999910000028,0.8950000058950025,0.9999999910000028,0.0,0.9999999910000028,0.4400000014400013,0.360000000360001,1.0000000003119294,1.000000000330095,0.83339613,17.087134,91.878686,74.953647,-3.0249803,-1.4662434,-12.390136,-0.60160783,-1.3387061,-0.67651709,-1.4266403,26.840126,137.83086,89.53276,-145.28809,14.118197,106.99933,118.09162,-5.7820565,0.83339613,354.45619,17.802683
2193.0,1741.1727,22.222222,11.555556,21.111111,5.3983,12.2168,17.71449,6128.3589,89.349,173.879,64.3741,22.222222,19.888889,22.222222,0.0,22.222222,9.7777778,8.0,2.2441,727.06233,0.45851089937612405,0.9999999910000028,0.5200000205200015,0.9499999959500027,1.0000000005557304,0.9999999997544367,0.06813265384510568,0.5989510459037904,0.9999999999776156,1.0000000000230047,0.9999999999378634,0.9999999910000028,0.8950000058950025,0.9999999910000028,0.0,0.9999999910000028,0.4400000014400013,0.360000000360001,1.0000000003119294,1.000000000330095,0.80912246,16.657567,89.537357,72.928217,-2.9334692,-1.4195663,-11.993717,-0.5862264,-1.2900378,-0.65466297,-1.3814969,26.15817,134.27459,87.280785,-141.3276,13.763449,104.14158,115.23477,-5.6275813,0.80912246,354.75388,15.508619
2194.0,1774.9396,22.222222,11.555556,21.111111,5.3983,12.2168,17.71449,6128.3589,89.349,173.879,64.3741,22.222222,20.0,22.222222,0.0,22.222222,9.7777778,8.1111111,2.2441,727.06233,0.46740289020974074,0.9999999910000028,0.5200000205200015,0.9499999959500027,1.0000000005557301,0.9999999997544372,0.06813265384510568,0.598951045903789,0.9999999999776158,1.0000000000230052,0.9999999999378631,0.9999999910000028,0.9000000009000025,0.9999999910000028,0.0,0.9999999910000028,0.4400000014400013,0.36499999986500103,1.0000000003119294,1.000000000330095,0.78555578,16.279373,87.264225,70.9299,-2.8663607,-1.4364676,-11.640971,-0.57272286,-1.2633262,-0.6409995,-1.3906058,25.564232,130.81091,85.195498,-137.73379,13.450971,101.37251,112.46399,-5.5621591,0.78555578,355.11663,15.903424
2195.0,1762.6198,22.222222,11.666667,21.111111,5.3983,12.2168,17.71449,6132.1254,89.349,173.879,64.3741,22.222222,20.111111,22.222222,1.0125773e-24,22.222222,9.8888889,8.1111111,2.2441,727.06233,0.4641586614332764,0.9999999910000028,0.5250000155250015,0.9499999959500027,1.000000000555731,0.9999999997544359,0.06813265384510565,0.5993191622545464,0.9999999999776151,1.0000000000230045,0.9999999999378628,0.9999999910000028,0.9049999959050026,0.9999999910000028,1.386902205177374e-25,0.9999999910000028,0.44500000094500125,0.36499999986500103,1.0000000003119287,1.000000000330095,0.76267552,15.910463,85.056478,68.983535,-2.7913848,-1.353004,-11.301106,-0.55055639,-1.1830096,-0.61848236,-1.3066491,24.964816,127.41394,83.097046,-134.04365,13.146609,98.691784,109.77896,-5.329686,0.76267552,355.41019000000006,14.155628
2196.0,1784.5573,22.222222,11.666667,21.222222,5.3983,12.2168,17.402979,6128.3589,89.349,173.879,64.3741,22.222222,20.111111,22.222222,0.0,22.222222,9.8888889,8.2222222,2.2441,727.06233,0.46993556274528514,0.9999999910000028,0.5250000155250015,0.9549999909550027,1.000000000555731,0.9999999997544365,0.06693453461435488,0.5989510459037899,0.999999999977615,1.0000000000230047,0.9999999999378634,0.9999999910000028,0.9049999959050026,0.9999999910000028,0.0,0.9999999910000028,0.44500000094500125,0.369999999370001,1.0000000003119283,1.000000000330095,0.76739621,15.533917,82.896682,67.065842,-2.7222003,-1.3130045,-10.99652,-0.54121239,-1.1921596,-0.60217757,-1.265819,24.354089,124.07296,81.045037,-130.68241,12.835932,96.096413,107.18219,-5.1888921,0.76739621,355.6962,15.823611
2197.0,1783.9207,22.222222,11.777778,21.222222,5.3983,12.2168,17.402979,6128.3589,89.349,173.879,64.3741,22.222222,20.222222,22.222222,0.0,22.222222,10.0,8.2222222,2.2441,727.06233,0.46976792398174205,0.9999999910000028,0.5300000105300015,0.9549999909550027,1.0000000005557304,0.9999999997544369,0.06693453461435486,0.5989510459037881,0.9999999999776151,1.0000000000230043,0.9999999999378631,0.9999999910000028,0.9099999909100025,0.9999999910000028,0.0,0.9999999910000028,0.45000000045000127,0.369999999370001,1.000000000311929,1.000000000330095,0.71889482,15.15969,80.79125,65.199833,-2.6503169,-1.3233948,-10.712293,-0.52277514,-1.1585669,-0.59031035,-1.2796116,23.750372,120.80577,78.965844,-127.45884,12.52712,94.364684,104.65705,-5.0651788,0.71889482,356.07438,12.322617
2198.0,1780.3075,22.222222,11.777778,21.222222,5.3983,12.2168,17.402979,6128.3589,89.349,173.879,64.3741,22.222222,20.222222,22.222222,0.0,22.222222,10.0,8.3333333,2.2441,727.06233,0.4688164436480418,0.9999999910000028,0.5300000105300015,0.9549999909550027,1.0000000005557304,0.9999999997544363,0.06693453461435483,0.5989510459037903,0.9999999999776158,1.0000000000230045,0.9999999999378634,0.9999999910000028,0.9099999909100025,0.9999999910000028,0.0,0.9999999910000028,0.45000000045000127,0.374999998875001,1.0000000003119294,1.000000000330095,0.69795614,14.772237,78.723289,63.336661,-2.5938032,-1.2963984,-10.497875,-0.5115002,-1.1413451,-0.5789278,-1.255744,23.133822,117.59038,76.888501,-124.5441,12.207165,91.648412,102.18445,-4.959814,0.69795614,356.3757800000001,10.768665
2199.0,1766.032,22.222222,11.888889,21.222222,5.3983,12.2168,17.09847,6128.3589,89.349,173.879,64.3741,22.222222,20.333333,22.222222,0.0,22.222222,10.111111,8.3333333,2.2441,727.06233,0.46505721152589574,0.9999999910000028,0.5350000055350016,0.9549999909550027,1.0000000005557308,0.9999999997544368,0.06576334615283441,0.5989510459037894,0.9999999999776156,1.0000000000230052,0.9999999999378636,0.9999999910000028,0.9149999859150025,0.9999999910000028,0.0,0.9999999910000028,0.45499999545500125,0.374999998875001,1.0000000003119291,1.000000000330095,0.67762732,14.379389,76.697694,61.514978,-2.5307823,-1.2670954,-10.301959,-0.49445949,-1.1132353,-0.56724816,-1.2152981,22.507495,114.42948,74.886136,-121.71612,11.882793,89.408853,99.769254,-4.9162298,0.67762732,356.66884000000005,9.4630494
2200.0,1784.5573,22.222222,11.888889,21.222222,5.3983,12.2168,16.800709,6128.3589,89.349,173.879,64.3741,22.222222,20.333333,22.222222,0.0,22.222222,10.333333,8.4444444,2.2441,727.06233,0.46993556274528503,0.9999999910000028,0.5350000055350016,0.9549999909550027,1.0000000005557301,0.9999999997544368,0.06461811153746742,0.59895104590379,0.9999999999776166,1.0000000000230047,0.999999999937863,0.9999999910000028,0.9149999859150025,0.9999999910000028,0.0,0.9999999910000028,0.46499998546500126,0.3799999983800011,1.0000000003119294,1.000000000330095,0.68759674,14.06941,74.706485,59.741796,-2.4648233,-1.1900057,-10.099521,-0.48307783,-1.0884847,-0.55141475,-1.1494289,22.067972,111.31976,72.89066,-118.83341,11.625584,88.720706,97.405268,-4.7115627,0.68759674,356.95222,11.918906
2201.0,1793.4045,22.222222,12.0,21.222222,5.3983,12.2168,16.800709,6128.3589,89.349,173.879,64.3741,22.222222,20.444444,22.222222,0.0,22.222222,10.444444,8.4444444,2.2441,727.06233,0.47226533602335247,0.9999999910000028,0.5400000005400015,0.9549999909550027,1.0000000005557308,0.9999999997544362,0.06461811153746738,0.5989510459037894,0.9999999999776162,1.0000000000230045,0.9999999999378634,0.9999999910000028,0.9199999809200026,0.9999999910000028,0.0,0.9999999910000028,0.46999998047000136,0.3799999983800011,1.0000000003119287,1.000000000330095,0.67864928,13.761171,72.767864,58.012781,-2.396584,-1.1590319,-9.8601758,-0.46631175,-1.0578403,-0.54249395,-1.1590347,21.616417,108.28418,70.931461,-115.93924,11.370114,86.283027,95.107396,-4.5906216,0.67864928,357.17454,11.725977
2202.0,1815.9888,22.222222,12.0,21.222222,5.3983,12.2168,16.509453,6081.8507,89.349,173.879,64.3741,22.222222,20.444444,22.222222,0.0,22.222222,10.666667,8.5555555,2.2441,727.06233,0.4782125621111383,0.9999999910000028,0.5400000005400015,0.9549999909550027,1.0000000005557304,0.9999999997544377,0.06349789615286933,0.5944055981766495,0.9999999999776158,1.000000000023005,0.9999999999378636,0.9999999910000028,0.9199999809200026,0.9999999910000028,0.0,0.9999999910000028,0.4800000154800014,0.3849999978850011,1.0000000003119291,1.000000000330095,0.6588828,13.461179,70.886474,56.308463,-2.3394675,-1.1352278,-9.6336523,-0.46792354,-1.0363436,-0.52598528,-1.1349784,21.161501,105.34528,69.029673,-113.06539,11.121864,85.904437,92.875861,-4.4899909,0.6588828,357.37376000000006,11.508074
2203.0,1784.5573,22.222222,12.111111,21.222222,5.3983,12.2168,16.509453,6081.8507,89.349,173.879,64.3741,22.222222,20.444444,22.222222,0.0,22.222222,10.888889,8.6666667,2.2441,727.06233,0.46993556274528514,0.9999999910000028,0.5449999955450016,0.9549999909550027,1.0000000005557308,0.9999999997544365,0.06349789615286924,0.5944055981766487,0.9999999999776161,1.0000000000230045,0.9999999999378634,0.9999999910000028,0.9199999809200026,0.9999999910000028,0.0,0.9999999910000028,0.49000000549000144,0.3900000018900011,1.000000000311929,1.000000000330095,0.62640707,13.169194,69.061626,54.724955,-2.2832279,-1.1503169,-9.4231555,-0.45458434,-1.0135968,-0.5186712,-1.1058738,20.703322,102.47885,67.166779,-110.36677,10.880624,84.294781,90.711074,-4.386791,0.62640707,357.71465,9.8615772
2204.0,1809.1406,22.222222,12.111111,21.222222,5.3983,12.2168,16.224471,6031.7648,89.349,173.879,64.3741,22.222222,20.555556,22.222222,0.0,22.222222,11.222222,8.6666667,2.2441,727.06233,0.47640919456402037,0.9999999910000028,0.5449999955450016,0.9549999909550027,1.0000000005557312,0.9999999997544363,0.06240181153750151,0.5895104863400978,0.9999999999776158,1.0000000000230045,0.9999999999378631,0.9999999910000028,0.9250000209250027,0.9999999910000028,0.0,0.9999999910000028,0.5049999905050014,0.3900000018900011,1.0000000003119287,1.000000000330095,0.62106023,12.877119,67.27995,53.15598,-2.2310032,-1.1238927,-9.2314541,-0.44328127,-0.99088344,-0.50731183,-1.0814189,20.231998,99.67872,65.358695,-107.767,10.639569,83.829624,88.599125,-4.2776861,0.62106023,357.92138,10.835105
2205.0,1785.8842,22.222222,12.111111,21.333333,5.3983,12.2168,15.945544,6031.7648,89.349,173.879,64.3741,22.222222,20.555556,22.222222,0.0,22.222222,11.444444,8.7777778,2.2441,727.06233,0.47028498133677926,0.9999999910000028,0.5449999955450016,0.9599999859600027,1.0000000005557304,0.9999999997544368,0.06132901538367187,0.5895104863400973,0.999999999977615,1.0000000000230045,0.999999999937863,0.9999999910000028,0.9250000209250027,0.9999999910000028,0.0,0.9999999910000028,0.5149999805150015,0.39500000139500113,1.0000000003119285,1.000000000330095,0.6029711,12.592591,65.552091,51.677317,-2.1693678,-1.0515482,-9.0325339,-0.43102502,-0.96325595,-0.49175787,-1.0474025,19.757599,96.949409,63.566382,-105.10361,10.405123,82.787567,86.552021,-4.1617019,0.6029711,358.14101000000005,10.040096
2206.0,1807.3743,22.222222,12.222222,21.333333,5.3983,12.2168,15.945544,6031.7648,89.349,173.879,64.3741,22.222222,20.640699,22.222222,0.0,22.222222,11.666667,8.7777778,2.2441,727.06233,0.47594406677883955,0.9999999910000028,0.5499999905500016,0.9599999859600027,1.0000000005557308,0.9999999997544363,0.061329015383671845,0.5895104863400968,0.9999999999776165,1.0000000000230043,0.9999999999378628,0.9999999910000028,0.9288314559288342,0.9999999910000028,0.0,0.9999999910000028,0.5250000155250015,0.39500000139500113,1.000000000311929,1.000000000330095,0.58540883,12.298244,63.860961,50.223232,-2.1199316,-1.0260422,-8.8525786,-0.4186419,-0.93551626,-0.48175034,-0.98489396,19.274041,94.294292,61.924633,-102.62292,10.162418,81.817243,84.548802,-4.0700419,0.58540883,358.33162000000004,9.9066827
2207.0,1821.4995,22.222222,12.222222,21.333333,5.3983,12.2168,15.672461,6031.7648,89.349,173.879,64.3741,22.222222,20.666667,22.222222,0.0,22.222222,11.777778,8.8888889,2.2441,727.06233,0.47966371972071487,0.9999999910000028,0.5499999905500016,0.9599999859600027,1.0000000005557306,0.9999999997544369,0.06027869615291879,0.5895104863400961,0.9999999999776155,1.000000000023005,0.9999999999378638,0.9999999910000028,0.9300000159300027,0.9999999910000028,0.0,0.9999999910000028,0.5300000105300015,0.4000000009000011,1.000000000311929,1.000000000330095,0.56835809,11.936951,62.205292,48.818189,-2.0602121,-1.0002597,-8.6833494,-0.40804663,-0.91939186,-0.47628864,-1.003601,18.66181,91.707213,60.323677,-100.21019,9.8649361,80.086758,82.598979,-3.9642122,0.56835809,358.55429000000004,8.5688642
2208.0,1834.8437,22.222222,12.333333,21.333333,5.3983,12.2168,15.405023,6031.7648,89.349,173.879,64.3741,22.222222,20.666667,22.222222,0.0,22.222222,11.888889,9.0,2.2441,727.06233,0.48317770839251906,0.9999999910000028,0.5549999855550015,0.9599999859600027,1.0000000005557301,0.9999999997544372,0.05925008846062693,0.5895104863400965,0.9999999999776156,1.0000000000230047,0.9999999999378631,0.9999999910000028,0.9300000159300027,0.9999999910000028,0.0,0.9999999910000028,0.5350000055350016,0.40500000040500117,1.0000000003119294,1.000000000330095,0.55180397,11.624392,60.580039,47.449266,-2.0307148,-0.97990874,-8.525421,-0.39807818,-0.89905757,-0.46260509,-0.94745651,18.170845,89.179848,58.754038,-97.801397,9.6067131,78.119368,80.69491,-3.8820182,0.55180397,358.75039000000004,8.5476632
2209.0,1849.4268,22.222222,12.333333,21.444444,5.3983,12.2168,15.143037,6033.1795,89.349,173.879,64.3741,22.222222,20.666667,22.222222,0.0,22.222222,11.888889,9.0,2.2441,727.06233,0.48701794221693623,0.9999999910000028,0.5549999855550015,0.9649999809650027,1.0000000005557308,0.9999999997544361,0.05824244999910396,0.5896487510955508,0.999999999977615,1.0000000000230045,0.9999999999378631,0.9999999910000028,0.9300000159300027,0.9999999910000028,0.0,0.9999999910000028,0.5350000055350016,0.40500000040500117,1.0000000003119285,1.000000000330095,0.53573201,11.286884,58.990432,46.106795,-1.9344025,-0.94482158,-8.3590348,-0.38131514,-0.87597277,-0.45173751,-0.90611789,17.638193,86.705799,57.215029,-95.43903,9.3278885,76.181462,78.820325,-3.7658905,0.53573201,358.9770500000001,7.6821347
2210.0,1871.036,22.222222,12.333333,21.444444,5.3983,12.2168,15.143037,6031.7648,89.349,173.879,64.3741,22.222222,20.777778,22.222222,0.0,22.222222,12.0,9.1111111,2.2441,727.06233,0.49270839080184614,0.9999999910000028,0.5549999855550015,0.9649999809650027,1.000000000555731,0.9999999997544365,0.05824244999910401,0.5895104863400975,0.9999999999776154,1.0000000000230045,0.9999999999378638,0.9999999910000028,0.9350000109350027,0.9999999910000028,0.0,0.9999999910000028,0.5400000005400015,0.4099999999100012,1.000000000311928,1.000000000330095,0.55072394,10.956775,57.426559,44.789851,-1.8995037,-0.92386093,-8.1768213,-0.37565714,-0.8546999,-0.44156561,-0.92302942,17.133523,84.28994,55.705238,-93.066648,9.0548058,74.278786,76.98097,-3.6805883,0.55072394,359.10674000000006,10.059638
2211.0,1865.4198,22.222222,12.444444,21.444444,5.3983,12.2168,15.143037,6031.7648,89.349,173.879,64.3741,22.222222,20.777778,22.222222,0.0,22.222222,12.0,9.2222222,2.2441,727.06233,0.4912294513990653,0.9999999910000028,0.5599999805600016,0.9649999809650027,1.0000000005557308,0.9999999997544373,0.05824244999910395,0.5895104863400962,0.9999999999776154,1.000000000023004,0.999999999937863,0.9999999910000028,0.9350000109350027,0.9999999910000028,0.0,0.9999999910000028,0.5400000005400015,0.41499999941500115,1.0000000003119291,1.000000000330095,0.53468344,10.608643,55.912849,43.488244,-1.8786489,-0.90422193,-7.9579818,-0.36753362,-0.83053544,-0.43389312,-0.90314806,16.586222,81.951005,54.246788,-90.61667,8.7671907,72.409933,75.175437,-3.5876251,0.53468344,359.35611000000006,9.8275443
2212.0,1880.3509,22.222222,12.444444,21.444444,5.3983,12.2168,14.886322,5981.679,89.349,173.879,64.3741,22.222222,20.777778,22.222222,0.0,22.222222,12.111111,9.2222222,2.2441,727.06233,0.49516132564087645,0.9999999910000028,0.5599999805600016,0.9649999809650027,1.0000000005557304,0.9999999997544365,0.05725508461450374,0.5846153842769757,0.9999999999776154,1.0000000000230043,0.999999999937863,0.9999999910000028,0.9350000109350027,0.9999999910000028,0.0,0.9999999910000028,0.5449999955450016,0.41499999941500115,1.0000000003119291,1.000000000330095,0.51911013,10.26733,54.444962,42.206023,-1.8095982,-0.87913896,-7.744691,-0.35769332,-0.80533002,-0.41875641,-0.84329959,16.052558,79.688951,52.843052,-88.173611,8.4851121,70.596204,73.425029,-3.5017811,0.51911013,359.44211000000007,9.4555019
2213.0,1867.2174,22.222222,12.555556,21.444444,5.3983,12.2168,14.886322,6027.5061,89.349,173.879,64.3741,22.222222,20.888889,22.222222,0.0,22.222222,12.111111,9.3333333,2.2441,727.06233,0.49170282155512096,0.9999999910000028,0.5650000205650015,0.9649999809650027,1.000000000555731,0.9999999997544367,0.05725508461450375,0.5890942651525308,0.9999999999776155,1.0000000000230052,0.9999999999378636,0.9999999910000028,0.9400000059400027,0.9999999910000028,0.0,0.9999999910000028,0.5449999955450016,0.41999999892000117,1.0000000003119287,1.000000000330095,0.50399042,9.976208,53.036174,40.946551,-1.7537365,-0.8975415,-7.5378793,-0.34649342,-0.82407065,-0.41106737,-0.85843124,15.605776,77.494658,51.483709,-85.850235,8.2443425,68.830749,71.722896,-3.4041584,0.50399042,359.66136000000006,9.2907559
2214.0,1864.2023,22.222222,12.555556,21.444444,5.3983,12.2168,14.886322,5981.679,89.349,173.879,64.3741,22.222222,20.888889,22.222222,0.0,22.222222,12.222222,9.4444444,2.2441,727.06233,0.49090884160545295,0.9999999910000028,0.5650000205650015,0.9649999809650027,1.0000000005557308,0.9999999997544369,0.057255084614503765,0.5846153842769777,0.9999999999776166,1.0000000000230038,0.999999999937863,0.9999999910000028,0.9400000059400027,0.9999999910000028,0.0,0.9999999910000028,0.5499999905500016,0.4249999984250012,1.0000000003119291,1.000000000330095,0.48931109,9.6921222,51.670092,39.876996,-1.7139063,-0.87558071,-7.3354362,-0.34088307,-0.76184435,-0.39972921,-0.83708605,15.16907,75.371612,50.17135,-83.589199,8.0093754,67.107266,70.062733,-3.3192839,0.48931109,359.84477000000004,9.1529797
2215.0,1862.0511,22.222222,12.666667,21.444444,5.3983,12.2168,14.886322,5981.679,89.349,173.879,64.3741,22.222222,20.888889,22.222222,0.0,22.222222,12.222222,9.4444444,2.2441,727.06233,0.4903423563586202,0.9999999910000028,0.5700000155700017,0.9649999809650027,1.0000000005557308,0.9999999997544362,0.057255084614503765,0.5846153842769778,0.9999999999776165,1.0000000000230045,0.9999999999378634,0.9999999910000028,0.9400000059400027,0.9999999910000028,0.0,0.9999999910000028,0.5499999905500016,0.4249999984250012,1.000000000311929,1.000000000330095,0.47505931,9.4212697,50.350986,38.64832,-1.6726932,-0.80841122,-7.1374969,-0.33070093,-0.74001285,-0.38402292,-0.76070954,14.750826,73.293286,48.913137,-81.322519,7.7854221,65.427175,68.445964,-3.1390102,0.47505931,360.02322000000004,8.9516051
2216.0,1871.051,22.222222,12.666667,21.444444,5.3983,12.2168,14.886322,5965.6778,89.349,173.879,64.3741,22.222222,21.0,22.222222,0.0,22.222222,12.333333,9.5555555,2.2441,727.06233,0.4927123408198372,0.9999999910000028,0.5700000155700017,0.9649999809650027,1.0000000005557308,0.9999999997544373,0.057255084614503786,0.5830515177293253,0.9999999999776159,1.0000000000230052,0.9999999999378631,0.9999999910000028,0.9450000009450027,0.9999999910000028,0.0,0.9999999910000028,0.5549999855550015,0.42999999793000127,1.0000000003119291,1.000000000330095,0.46122263,9.1587296,49.070882,37.585606,-1.6382669,-0.78829581,-6.9516771,-0.32413702,-0.71681121,-0.3780144,-0.78589139,14.345587,71.268287,47.661712,-79.193915,7.5683387,63.785318,66.86301,-3.1513575,0.46122263,360.35301000000004,8.7409464
2217.0,1855.1731,22.222222,12.777778,21.444444,5.3983,12.2168,14.634703,5981.679,89.349,173.879,64.3741,22.222222,21.0,22.222222,-4.7910426e-25,22.222222,13.111111,9.6666667,2.2441,727.06233,0.48853114144242676,0.9999999910000028,0.5750000105750016,0.9649999809650027,1.0000000005557308,0.9999999997544367,0.056287319229903245,0.5846153842769765,0.9999999999776161,1.0000000000230047,0.9999999999378634,0.9999999910000028,0.9450000009450027,0.9999999910000028,-6.562173126968914e-26,0.9999999910000028,0.5899999955900016,0.43500000193500127,1.0000000003119291,1.000000000330095,0.42936377,8.9092346,47.832959,36.399902,-1.6195257,-0.77291083,-6.7754131,-0.31329259,-0.70397813,-0.36886341,-0.76932976,13.954764,69.294957,46.428678,-77.092406,7.3621611,65.330257,65.330257,-3.0696275,0.42936377,360.60291000000007,7.0929464
2218.0,1886.7136,22.222222,12.777778,21.444444,5.3983,12.2168,14.634703,5974.9023,89.349,173.879,64.3741,22.222222,21.0,22.222222,0.0,22.222222,13.222222,9.6666667,2.2441,727.06233,0.4968368442723486,0.9999999910000028,0.5750000105750016,0.9649999809650027,1.0000000005557312,0.9999999997544362,0.05628731922990327,0.5839530680486024,0.9999999999776159,1.0000000000230045,0.9999999999378631,0.9999999910000028,0.9450000009450027,0.9999999910000028,0.0,0.9999999910000028,0.5949999905950017,0.43500000193500127,1.0000000003119287,1.000000000330095,0.43474657,8.6725415,46.626848,35.325957,-1.5682463,-0.75194138,-6.6152315,-0.30553023,-0.68238648,-0.35987333,-0.75101641,13.586013,67.355146,45.221625,-75.124149,7.1665262,63.8406,63.8406,-2.9856138,0.43474657,360.71170000000006,7.7721998
2219.0,1855.1731,22.222222,12.888889,21.333333,5.3983,12.2168,14.634703,5935.1707,89.349,173.879,64.3741,22.222222,21.111111,22.222222,0.0,22.222222,13.333333,9.7777778,2.2441,727.06233,0.48853114144242665,0.9999999910000028,0.5800000055800016,0.9599999859600027,1.0000000005557306,0.9999999997544369,0.05628731922990327,0.5800699267764052,0.9999999999776154,1.0000000000230047,0.9999999999378634,0.9999999910000028,0.9499999959500027,0.9999999910000028,0.0,0.9999999910000028,0.5999999856000017,0.4400000014400013,1.0000000003119287,1.000000000330095,0.41696075,8.4329611,45.461756,34.226449,-1.5207807,-0.7687567,-6.4367789,-0.29694506,-0.69675731,-0.3493255,-0.72716645,13.205654,65.457791,43.96413,-73.13603,6.9686627,62.389056,62.389056,-2.9080091,0.41696075,361.02992000000006,8.1122503
2220.0,1867.044,22.222222,12.888889,21.555556,5.3983,12.2168,14.388013,5970.4124,89.349,173.879,64.3741,22.222222,21.111111,22.222222,0.0,22.222222,13.444444,9.8888889,2.2441,727.06233,0.4916571593471435,0.9999999910000028,0.5800000055800016,0.9700000209700027,1.0000000005557306,0.9999999997544367,0.055338511537610144,0.5835142506841342,0.9999999999776165,1.0000000000230043,0.9999999999378628,0.9999999910000028,0.9499999959500027,0.9999999910000028,0.0,0.9999999910000028,0.6049999806050017,0.44500000094500125,1.000000000311929,1.000000000330095,0.40979033,8.2508393,44.329354,33.45524,-1.4575579,-0.70085204,-6.2544855,-0.28799154,-0.64332405,-0.33824144,-0.69904021,12.943244,63.597236,42.726206,-71.104596,6.817645,60.980214,60.980214,-2.8332277,0.40979033,361.13559,7.8808024
2221.0,1855.1731,22.222222,13.0,21.555556,5.3983,12.2168,14.388013,5935.1707,89.349,173.879,64.3741,22.222222,21.111111,22.222222,0.0,22.222222,13.555556,9.8888889,2.2441,727.06233,0.4885311414424268,0.9999999910000028,0.5850000005850017,0.9700000209700027,1.0000000005557306,0.9999999997544371,0.055338511537610165,0.5800699267764052,0.9999999999776158,1.000000000023005,0.9999999999378638,0.9999999910000028,0.9499999959500027,0.9999999910000028,0.0,0.9999999910000028,0.6100000206100017,0.44500000094500125,1.000000000311929,1.000000000330095,0.38897794,8.0736596,43.233284,32.576759,-1.4501061,-0.69616418,-6.0763673,-0.2821634,-0.62754256,-0.32954324,-0.6380135,12.679209,61.773278,41.437825,-69.201473,6.6709052,59.598501,59.598501,-2.680809,0.38897794,361.41362000000004,7.2303663
2222.0,1855.1731,22.222222,13.111111,21.555556,5.3983,12.2168,14.388013,5935.1707,89.349,173.879,64.3741,22.222222,21.111111,22.222222,0.0,22.222222,13.666667,10.0,2.2441,727.06233,0.48853114144242676,0.9999999910000028,0.5899999955900016,0.9700000209700027,1.0000000005557304,0.9999999997544371,0.055338511537610185,0.5800699267764035,0.9999999999776161,1.0000000000230045,0.999999999937863,0.9999999910000028,0.9499999959500027,0.9999999910000028,0.0,0.9999999910000028,0.6150000156150017,0.45000000045000127,1.0000000003119294,1.000000000330095,0.37648633,7.8963401,42.16867,31.552876,-1.429321,-0.6781195,-5.9050798,-0.27617123,-0.61068715,-0.32048161,-0.66590418,12.407611,59.971558,40.162586,-67.358679,6.524228,58.255989,58.255989,-2.692742,0.37648633,361.53442000000007,7.8173694
2223.0,1860.9552,22.222222,13.111111,21.444444,5.3983,12.2168,14.388013,5902.9313,89.349,173.879,64.3741,22.222222,21.111111,22.222222,0.0,22.222222,13.777778,10.111111,2.2441,727.06233,0.4900537680441892,0.9999999910000028,0.5899999955900016,0.9649999809650027,1.0000000005557306,0.9999999997544362,0.05533851153761018,0.5769190306450913,0.9999999999776158,1.0000000000230043,0.9999999999378631,0.9999999910000028,0.9499999959500027,0.9999999910000028,0.0,0.9999999910000028,0.6200000106200018,0.45499999545500125,1.0000000003119287,1.000000000330095,0.37501621,7.718041,41.134133,30.558052,-1.3829191,-0.66043924,-5.7263116,-0.26928247,-0.59252663,-0.31094681,-0.64510311,12.12745,58.199615,38.830998,-65.530892,6.3769262,56.943251,56.943251,-2.6238303,0.37501621,361.71999000000005,7.4265415
2224.0,1855.1731,22.222222,13.222222,21.444444,5.3983,12.2168,14.388013,5935.1707,89.349,173.879,64.3741,22.222222,21.060461,22.222222,0.0,22.222222,13.888889,10.222222,2.2441,727.06233,0.4885311414424268,0.9999999910000028,0.5949999905950017,0.9649999809650027,1.0000000005557308,0.9999999997544367,0.055338511537610185,0.5800699267764056,0.9999999999776155,1.0000000000230045,0.9999999999378638,0.9999999910000028,0.9477207459477235,0.9999999910000028,0.0,0.9999999910000028,0.6250000056250018,0.4599999904600013,1.0000000003119276,1.000000000330095,0.36352136,7.5425416,40.134557,29.603098,-1.3271824,-0.6826829,-5.55715,-0.260055,-0.60614901,-0.30534909,-0.62699995,11.845432,56.457683,37.512059,-63.753399,6.2320563,55.667729,55.667729,-2.5582893,0.36352136,361.85235,7.5867067
2225.0,1878.8297,22.222222,13.333333,21.444444,5.3983,12.2168,14.634703,5935.1707,89.349,173.879,64.3741,22.222222,21.0,22.222222,0.0,22.222222,14.0,10.222222,2.2441,727.06233,0.4947607411496707,0.9999999910000028,0.5999999856000017,0.9649999809650027,1.0000000005557308,0.9999999997544369,0.05628731922990326,0.5800699267764045,0.9999999999776158,1.0000000000230045,0.9999999999378631,0.9999999910000028,0.9450000009450027,0.9999999910000028,0.0,0.9999999910000028,0.6300000006300018,0.4599999904600013,1.000000000311929,1.000000000330095,0.35348874,7.3712361,39.166617,28.758816,-1.3025894,-0.61929314,-5.3919092,-0.25246187,-0.54754118,-0.29196053,-0.60709257,11.561836,54.748357,36.150037,-61.988761,6.0908564,54.426484,54.426484,-2.4799377,0.35348874,361.93268,6.8454256
2226.0,1902.8513,22.222222,13.444444,21.444444,5.3983,12.2168,14.388013,5935.1707,89.349,173.879,64.3741,22.222222,21.0,22.222222,0.0,22.222222,14.111111,10.333333,2.2441,727.06233,0.5010864579613651,0.9999999910000028,0.6049999806050017,0.9649999809650027,1.0000000005557304,0.9999999997544363,0.055338511537610165,0.5800699267764031,0.9999999999776156,1.0000000000230047,0.9999999999378628,0.9999999910000028,0.9450000009450027,0.9999999910000028,0.0,0.9999999910000028,0.6349999956350018,0.46499998546500126,1.0000000003119294,1.000000000330095,0.34319295,7.1971155,38.228778,28.000487,-1.2799764,-0.65272727,-5.2462147,-0.24292695,-0.5756638,-0.2890324,-0.63852588,11.278459,53.077802,34.794783,-60.389323,5.9472221,53.192521,53.192521,-2.425453,0.34319295,362.08713,6.4753232
2227.0,1877.5489,22.222222,13.444444,21.555556,5.3983,12.2168,14.388013,5935.1707,89.349,173.879,64.3741,22.222222,21.0,22.222222,0.0,22.222222,14.222222,10.444444,2.2441,727.06233,0.4944234622801359,0.9999999910000028,0.6049999806050017,0.9700000209700027,1.0000000005557312,0.9999999997544365,0.05533851153761021,0.5800699267764049,0.9999999999776151,1.000000000023005,0.9999999999378634,0.9999999910000028,0.9450000009450027,0.9999999910000028,0.0,0.9999999910000028,0.6399999906400018,0.46999998047000136,1.0000000003119285,1.000000000330095,0.33319704,7.0157776,37.308899,27.281695,-1.2713848,-0.60080163,-5.106611,-0.23894087,-0.52650821,-0.2764289,-0.58126339,10.985536,51.425648,33.432669,-58.763653,5.7975807,51.990003,51.990003,-2.3703111,0.33319704,362.26315999999997,6.2416837
2228.0,1924.7482,22.222222,13.555556,21.555556,5.3983,12.2168,14.388013,5949.1956,89.349,173.879,64.3741,22.222222,20.888889,22.222222,0.0,22.222222,14.333333,10.555556,2.2441,727.06233,0.5068526678913445,0.9999999910000028,0.6100000206100017,0.9700000209700027,1.0000000005557308,0.9999999997544367,0.05533851153761018,0.5814406409693488,0.9999999999776166,1.0000000000230038,0.999999999937863,0.9999999910000028,0.9400000059400027,0.9999999910000028,0.0,0.9999999910000028,0.6449999856450018,0.47500002047500134,1.0000000003119294,1.000000000330095,0.32682665,6.8296388,36.412509,26.423704,-1.1978723,-0.62497168,-4.9739233,-0.22734318,-0.54749755,-0.27315654,-0.59857723,10.68834,49.804315,32.102406,-57.251642,5.6438976,50.823503,50.823503,-2.2991965,0.32682665,362.36638000000005,5.6028422
2229.0,1912.7529,22.222222,13.666667,21.444444,5.3983,12.2168,14.388013,5935.1707,89.349,173.879,64.3741,22.222222,20.888889,22.222222,0.0,22.222222,14.444444,10.666667,2.2441,727.06233,0.5036938911707548,0.9999999910000028,0.6150000156150017,0.9649999809650027,1.0000000005557306,0.9999999997544362,0.05533851153761018,0.5800699267764052,0.9999999999776165,1.000000000023005,0.9999999999378636,0.9999999910000028,0.9400000059400027,0.9999999910000028,0.0,0.9999999910000028,0.6499999806500019,0.4800000154800014,1.000000000311929,1.000000000330095,0.31407017,6.6517851,35.538997,25.589518,-1.1812689,-0.6115326,-4.8432459,-0.22089254,-0.52854533,-0.26563962,-0.58402129,10.412392,48.2455,30.741924,-55.782189,5.4968694,49.699804,49.699804,-2.252027,0.31407017,362.4507,5.8685763
2230.0,1938.8284,22.222222,13.777778,21.444444,5.3983,12.2168,14.388013,5885.0849,89.349,173.879,64.3741,22.222222,20.777778,22.222222,0.0,22.222222,14.555556,10.777778,2.2441,727.06233,0.5105604707792465,0.9999999910000028,0.6200000106200018,0.9649999809650027,1.0000000005557306,0.9999999997544363,0.055338511537610185,0.5751748247132848,0.9999999999776158,1.0000000000230052,0.9999999999378636,0.9999999910000028,0.9350000109350027,0.9999999910000028,0.0,0.9999999910000028,0.6550000206550018,0.48500001048500135,1.0000000003119294,1.000000000330095,0.32186263,6.4583227,34.685,24.82027,-1.1328705,-0.54243009,-4.7039876,-0.21915141,-0.50586084,-0.25764162,-0.52286221,10.107589,46.730144,29.420581,-54.234518,5.3370368,48.60274,48.60274,-2.1886159,0.32186263,362.49543000000006,6.2225868
2231.0,1924.7482,22.222222,13.777778,21.666667,5.3983,12.2168,14.388013,5981.679,89.349,173.879,64.3741,22.222222,20.777778,22.222222,0.0,22.222222,14.666667,10.777778,2.2441,727.06233,0.5068526678913445,0.9999999910000028,0.6200000106200018,0.9750000159750027,1.0000000005557308,0.9999999997544368,0.05533851153761018,0.5846153842769772,0.9999999999776159,1.0000000000230047,0.9999999999378631,0.9999999910000028,0.9350000109350027,0.9999999910000028,0.0,0.9999999910000028,0.6600000156600019,0.48500001048500135,1.0000000003119294,1.000000000330095,0.31243687,6.2651737,33.86095,24.334479,-1.0820004,-0.53109612,-4.5634205,-0.20706854,-0.46039866,-0.24558785,-0.50657795,9.8005011,45.299045,28.182463,-52.732869,5.1775366,47.551061,47.551061,-2.0461171,0.31243687,362.67302000000007,6.1356056
2232.0,1962.4097,22.222222,13.888889,21.666667,5.3983,12.2168,14.388013,5935.1707,89.349,173.879,64.3741,22.222222,20.666667,22.222222,0.0,22.222222,14.888889,10.888889,2.2441,727.06233,0.5167702413961749,0.9999999910000028,0.6250000056250018,0.9750000159750027,1.0000000005557312,0.9999999997544362,0.05533851153761018,0.5800699267764042,0.9999999999776158,1.0000000000230045,0.9999999999378636,0.9999999910000028,0.9300000159300027,0.9999999910000028,0.0,0.9999999910000028,0.670000005670002,0.49000000549000144,1.0000000003119283,1.000000000330095,0.3033864,6.0824246,33.065258,23.581642,-1.0849497,-0.52368,-4.4331377,-0.20593213,-0.48878096,-0.2438799,-0.5428933,9.5138148,43.926816,26.994126,-51.421443,5.026537,46.536913,46.536913,-2.0873357,0.3033864,362.81335,5.6354606
2233.0,1961.328,22.222222,14.0,21.555556,5.3983,12.2168,14.146091,5919.6984,89.349,173.879,64.3741,22.222222,20.666667,22.222222,0.0,22.222222,15.0,11.0,2.2441,727.06233,0.5164853924321089,0.9999999910000028,0.6300000006300018,0.9700000209700027,1.0000000005557304,0.9999999997544368,0.05440804230685527,0.5785577519154415,0.9999999999776154,1.0000000000230043,0.9999999999378634,0.9999999910000028,0.9300000159300027,0.9999999910000028,0.0,0.9999999910000028,0.6750000006750019,0.4950000004950014,1.0000000003119287,1.000000000330095,0.2945499,5.8690401,32.296928,22.857393,-1.0533166,-0.51068838,-4.3130474,-0.20037145,-0.4382244,-0.23266237,-0.48510639,9.1604429,42.642015,25.803525,-50.043141,4.8506405,45.564726,45.564726,-2.0339216,0.2945499,362.85733000000005,5.4468404
2234.0,1988.8804,22.222222,14.111111,21.555556,5.3983,12.2168,14.146091,5935.1707,89.349,173.879,64.3741,22.222222,20.777778,22.222222,0.0,22.222222,15.111111,11.111111,2.2441,727.06233,0.5237408908120058,0.9999999910000028,0.6349999956350018,0.9700000209700027,1.0000000005557308,0.9999999997544367,0.054408042306855225,0.5800699267764031,0.9999999999776161,1.000000000023004,0.9999999999378626,0.9999999910000028,0.9350000109350027,0.9999999910000028,0.0,0.9999999910000028,0.6799999956800019,0.4999999955000014,1.0000000003119291,1.000000000330095,0.28597078,5.6622185,31.558133,22.161037,-1.0044703,-0.49264928,-4.2023825,-0.19221163,-0.45896841,-0.22996583,-0.50626836,8.8236538,41.439931,24.814713,-48.770512,4.6800446,44.626727,44.626727,-1.9764526,0.28597078,363.03985,4.9409475
2235.0,1980.8805,22.222222,14.222222,21.555556,5.3983,12.2168,14.146091,5885.0849,89.349,173.879,64.3741,22.222222,20.777778,22.222222,0.0,22.222222,15.333333,11.333333,2.2441,727.06233,0.5216342408835299,0.9999999910000028,0.6399999906400018,0.9700000209700027,1.0000000005557308,0.9999999997544361,0.05440804230685527,0.5751748247132856,0.9999999999776159,1.0000000000230052,0.9999999999378634,0.9999999910000028,0.9350000109350027,0.9999999910000028,0.0,0.9999999910000028,0.689999985690002,0.5099999855100014,1.0000000003119291,1.000000000330095,0.27764153,5.4259146,30.836112,21.489944,-0.99828636,-0.48511052,-4.0990808,-0.18943204,-0.40205391,-0.21954583,-0.45421463,8.4315681,40.342182,23.834825,-47.497019,4.485284,43.700859,43.700859,-1.841641,0.27764153,363.10922000000005,5.0684604
2236.0,1993.2826,22.222222,14.333333,21.555556,5.3983,12.2168,13.908786,5935.1707,89.349,173.879,64.3741,22.222222,20.888889,22.222222,0.0,22.222222,15.444444,11.444444,2.2441,727.06233,0.5249001420920387,0.9999999910000028,0.6449999856450018,0.9700000209700027,1.0000000005557301,0.9999999997544371,0.05349533076840778,0.5800699267764038,0.9999999999776162,1.0000000000230045,0.999999999937863,0.9999999910000028,0.9400000059400027,0.9999999910000028,0.0,0.9999999910000028,0.694999980695002,0.5149999805150015,1.0000000003119291,1.000000000330095,0.27028604,5.1971248,30.147358,20.843695,-0.97034347,-0.47320791,-4.0028791,-0.18213369,-0.42922636,-0.21850542,-0.4869865,8.0631438,39.312706,23.005554,-46.334417,4.2964578,42.788264,42.788264,-1.8718717,0.27028604,363.2259700000001,4.161985
2237.0,1975.1966,22.222222,14.444444,21.444444,5.3983,12.2168,13.908786,5885.0849,89.349,173.879,64.3741,22.222222,21.0,22.222222,0.0,22.222222,15.555556,11.555556,2.2441,727.06233,0.5201374737328824,0.9999999910000028,0.6499999806500019,0.9649999809650027,1.0000000005557308,0.9999999997544362,0.05349533076840777,0.5751748247132845,0.9999999999776162,1.0000000000230045,0.9999999999378634,0.9999999910000028,0.9450000009450027,0.9999999910000028,0.0,0.9999999910000028,0.700000020700002,0.5200000205200015,1.000000000311929,1.000000000330095,0.26170377,4.945084,29.480906,20.223159,-0.93601221,-0.46015253,-3.9122988,-0.17878692,-0.42059141,-0.21303797,-0.4282593,7.6519569,38.359846,22.232573,-45.205971,4.0885696,41.895065,41.895065,-1.8359943,0.26170377,363.41823,4.074052
2238.0,1948.0631,22.222222,14.555556,21.444444,5.3983,12.2168,13.675951,5981.679,89.349,173.879,64.3741,22.222222,21.222222,22.222222,0.0,22.222222,15.777778,11.666667,2.2441,727.06233,0.512992286188751,0.9999999910000028,0.6550000206550018,0.9649999809650027,1.0000000005557306,0.9999999997544365,0.05259981153765231,0.5846153842769787,0.9999999999776159,1.0000000000230045,0.9999999999378636,0.9999999910000028,0.9549999909550027,0.9999999910000028,0.0,0.9999999910000028,0.710000010710002,0.5250000155250015,1.000000000311928,1.000000000330095,0.25408133,4.7013779,28.822337,19.624799,-0.92439193,-0.44565069,-3.8153521,-0.16810328,-0.41026115,-0.20683867,-0.45355478,7.2706428,37.510247,21.572097,-44.067732,3.8871725,40.972928,40.972928,-1.7946543,0.25408133,363.47432000000003,4.9475375
2239.0,1993.2826,22.222222,14.666667,21.444444,5.3983,12.2168,13.675951,5885.0849,89.349,173.879,64.3741,22.222222,21.333333,22.222222,0.0,22.222222,15.888889,11.666667,2.2441,727.06233,0.5249001420920388,0.9999999910000028,0.6600000156600019,0.9649999809650027,1.0000000005557301,0.9999999997544373,0.052599811537652315,0.5751748247132854,0.9999999999776161,1.0000000000230052,0.999999999937863,0.9999999910000028,0.9599999859600027,0.9999999910000028,0.0,0.9999999910000028,0.7150000057150021,0.5250000155250015,1.0000000003119287,1.000000000330095,0.25020241,4.4447062,28.192914,19.056409,-0.87311881,-0.43049102,-3.7090558,-0.16817276,-0.39331114,-0.200092,-0.39449574,6.8632385,36.731627,21.001053,-42.853459,3.6751991,40.080776,40.080776,-1.6639162,0.25020241,363.49264000000005,3.7942694
2240.0,1969.1667,22.222222,14.777778,21.555556,5.3983,12.2168,13.675951,5885.0849,89.349,173.879,64.3741,22.222222,21.666667,22.222222,0.0,22.222222,16.0,11.777778,2.2441,727.06233,0.5185495928339067,0.9999999910000028,0.6650000106650019,0.9700000209700027,1.0000000005557308,0.9999999997544358,0.05259981153765231,0.5751748247132845,0.9999999999776151,1.0000000000230045,0.9999999999378628,0.9999999910000028,0.9750000159750027,0.9999999910000028,0.0,0.9999999910000028,0.720000000720002,0.5300000105300015,1.0000000003119294,1.000000000330095,0.23949603,4.2028249,27.577627,18.518237,-0.86647029,-0.42433042,-3.6087439,-0.16558424,-0.34780811,-0.19484516,-0.39239424,6.490193,36.051818,20.496878,-41.689299,3.4751818,39.167143,39.167143,-1.6307272,0.23949603,363.54478000000006,4.6114668
2241.0,1924.7482,22.222222,15.0,21.555556,5.3983,12.2168,13.675951,5873.1046,89.349,173.879,64.3741,22.222222,21.897645,22.222222,0.0,22.222222,16.111111,11.888889,2.2441,727.06233,0.5068526678913448,0.9999999910000028,0.6750000006750019,0.9700000209700027,1.000000000555731,0.9999999997544362,0.05259981153765234,0.5740039381297269,0.999999999977615,1.0000000000230045,0.9999999999378634,0.9999999910000028,0.9853940259853968,0.9999999910000028,0.0,0.9999999910000028,0.7249999957250021,0.5350000055350016,1.0000000003119285,1.000000000330095,0.23081356,3.9739861,26.993126,18.015367,-0.86258237,-0.40974948,-3.4923078,-0.1615405,-0.37381946,-0.18881732,-0.37906179,6.139281,35.452229,20.057586,-40.552433,3.2859103,38.271449,38.271449,-1.5766685,0.23081356,363.74643000000003,4.8720526
2242.0,1946.3124,22.222222,15.111111,21.666667,5.3983,12.2168,13.908786,5838.5766,89.349,173.879,64.3741,22.222222,22.222222,22.222222,0.0,22.222222,16.222222,12.0,2.2441,727.06233,0.512531266422281,0.9999999910000028,0.6799999956800019,0.9750000159750027,1.0000000005557306,0.9999999997544365,0.05349533076840775,0.5706293672127103,0.9999999999776166,1.000000000023004,0.999999999937863,0.9999999910000028,0.9999999910000028,0.9999999910000028,0.0,0.9999999910000028,0.729999990730002,0.5400000005400015,1.0000000003119294,1.000000000330095,0.22574797,3.7702922,26.424599,17.542842,-0.83256027,-0.40091389,-3.3759847,-0.15848333,-0.36229639,-0.18219756,-0.40923662,5.8379549,34.951739,19.631725,-39.45611,3.1171679,37.358694,37.358694,-1.6177047,0.22574797,363.82342000000006,4.1676131
2243.0,1862.5616,22.222222,15.222222,21.777778,5.3983,12.2168,13.908786,5774.7496,89.349,173.879,64.3741,22.222222,22.222222,22.222222,0.0,22.222222,16.333333,12.111111,2.2441,727.06233,0.49047678863758465,0.9999999910000028,0.684999990685002,0.9800000109800029,1.0000000005557301,0.9999999997544365,0.05349533076840777,0.5643912781858283,0.9999999999776159,1.0000000000230043,0.9999999999378636,0.9999999910000028,0.9999999910000028,0.9999999910000028,0.0,0.9999999910000028,0.734999985735002,0.5449999955450016,1.0000000003119294,1.000000000330095,0.20763738,3.5675677,25.88672,17.108972,-0.84207337,-0.3934122,-3.2654832,-0.15861189,-0.35177155,-0.17556858,-0.35626477,5.5242898,34.512506,19.20805,-38.325559,2.9495542,36.457197,36.457197,-1.504002,0.20763738,363.89332,4.6691969
2244.0,1913.4585,22.222222,15.444444,21.888889,5.3983,12.2168,14.146091,5740.8723,89.349,173.879,64.3741,22.222222,22.222222,22.222222,0.0,22.222222,16.444444,12.111111,2.2441,727.06233,0.5038797000170571,0.9999999910000028,0.694999980695002,0.9850000059850027,1.0000000005557306,0.9999999997544369,0.05440804230685528,0.561080302996793,0.9999999999776156,1.000000000023005,0.9999999999378631,0.9999999910000028,0.9999999910000028,0.9999999910000028,0.0,0.9999999910000028,0.7399999807400021,0.5449999955450016,1.0000000003119294,1.000000000330095,0.20158969,3.3890519,25.368388,16.713481,-0.79979877,-0.37504212,-3.150496,-0.15399212,-0.34252504,-0.16893962,-0.33544548,5.2565909,34.139921,18.769515,-37.281001,2.8017636,35.553781,35.553781,-1.4569309,0.20158969,363.97699,3.9672245
2245.0,1805.4753,22.222222,15.666667,22.222222,5.3983,12.2168,14.146091,5684.7416,89.349,173.879,64.3741,22.222222,22.222222,22.222222,0.0,22.222222,16.444444,12.222222,2.2441,727.06233,0.47544399450116426,0.9999999910000028,0.705000015705002,0.9999999910000028,1.000000000555731,0.9999999997544368,0.05440804230685526,0.5555944066873733,0.9999999999776165,1.0000000000230047,0.999999999937863,0.9999999910000028,0.9999999910000028,0.9999999910000028,0.0,0.9999999910000028,0.7399999807400021,0.5499999905500016,1.0000000003119291,1.000000000330095,0.18484492,3.2538416,24.882396,16.8888,-0.7897384,-0.36799245,-3.0438936,-0.15274072,-0.33010974,-0.1624876,-0.32635018,5.0654753,33.79398,18.667915,-36.28676,2.689554,34.684836,34.684836,-1.4239712,0.18484492,364.17955000000006,4.2678416
2246.0,1850.2722,22.222222,15.777778,22.222222,5.3983,12.2168,14.388013,5684.7416,89.349,173.879,64.3741,22.222222,22.222222,22.222222,0.0,22.222222,16.555556,12.333333,2.2441,727.06233,0.48724056523091575,0.9999999910000028,0.710000010710002,0.9999999910000028,1.0000000005557308,0.9999999997544362,0.05533851153761018,0.5555944066873728,0.9999999999776161,1.0000000000230045,0.9999999999378636,0.9999999910000028,0.9999999910000028,0.9999999910000028,0.0,0.9999999910000028,0.7450000207450022,0.5549999855550015,1.0000000003119283,1.000000000330095,0.17946108,3.1343548,24.428528,16.374594,-0.76415295,-0.36413575,-2.9312404,-0.15093031,-0.31269887,-0.16066036,-0.35895301,4.8951553,33.493264,18.192364,-35.301158,2.5904085,33.875506,33.875506,-1.4581562,0.17946108,364.26168000000007,3.5073895
2247.0,1757.3053,22.222222,16.0,22.222222,5.3983,12.2168,14.388013,5731.2499,89.349,173.879,64.3741,22.222222,22.222222,22.222222,0.0,22.222222,16.666667,12.333333,2.2441,727.06233,0.4627591700590237,0.9999999910000028,0.720000000720002,0.9999999910000028,1.0000000005557304,0.9999999997544372,0.05533851153761021,0.5601398641879465,0.9999999999776156,1.000000000023005,0.999999999937863,0.9999999910000028,0.9999999910000028,0.9999999910000028,0.0,0.9999999910000028,0.7500000157500022,0.5549999855550015,1.0000000003119287,1.000000000330095,0.163985,3.0077946,24.002671,16.172201,-0.73382954,-0.35667863,-2.819361,-0.14146236,-0.30670776,-0.15064277,-0.30771421,4.6959602,33.205603,17.988879,-34.269753,2.4858493,33.101522,33.101522,-1.3398502,0.163985,364.53237,4.0544598
2248.0,1752.8167,22.222222,16.333333,22.222222,5.3983,12.2168,14.886322,5588.1475,89.349,173.879,64.3741,22.222222,22.222222,22.222222,0.0,22.222222,16.888889,12.444444,2.2441,727.06233,0.46157716667536186,0.9999999910000028,0.734999985735002,0.9999999910000028,1.0000000005557306,0.9999999997544362,0.057255084614503717,0.5461538471236794,0.9999999999776159,1.0000000000230045,0.999999999937863,0.9999999910000028,0.9999999910000028,0.9999999910000028,0.0,0.9999999910000028,0.7600000057600022,0.5599999805600016,1.0000000003119294,1.000000000330095,0.15920874,2.9605284,23.597624,17.007173,-0.73140084,-0.3411837,-2.6950341,-0.14722848,-0.29693498,-0.14835158,-0.3362752,4.6588457,32.913581,17.459903,-33.292742,2.4459504,32.360034,32.360034,-1.398062,0.15920874,364.71666000000005,4.5038548
2249.0,1712.9008,22.222222,16.555556,22.222222,5.3983,12.2168,15.143037,5487.9758,89.349,173.879,64.3741,22.222222,22.222222,22.222222,0.0,22.222222,17.0,12.555556,2.2441,727.06233,0.45106593179991983,0.9999999910000028,0.7450000207450022,0.9999999910000028,1.0000000005557308,0.9999999997544361,0.05824244999910398,0.5363636332240092,0.9999999999776155,1.0000000000230047,0.9999999999378631,0.9999999910000028,0.9999999910000028,0.9999999910000028,0.0,0.9999999910000028,0.7650000007650022,0.5650000205650015,1.0000000003119285,1.000000000330095,0.14573897,2.9023654,23.219031,16.611851,-0.75765211,-0.33339923,-2.5660137,-0.14662066,-0.28375325,-0.13638232,-0.28621171,4.5773528,32.572305,17.092054,-32.276212,2.3976343,31.663531,31.663531,-1.2885875,0.14573897,364.91807000000006,4.1492836
2250.0,1676.7102,22.222222,16.777778,22.222222,5.3983,12.2168,15.672461,5638.2333,89.349,173.879,64.3741,22.222222,22.222222,22.222222,0.0,22.222222,17.111111,12.666667,2.2441,727.06233,0.44153569705929835,0.9999999910000028,0.7550000107550022,0.9999999910000028,1.0000000005557306,0.9999999997544371,0.06027869615291879,0.5510489491868,0.9999999999776165,1.0000000000230047,0.9999999999378631,0.9999999910000028,0.9999999910000028,0.9999999910000028,0.0,0.9999999910000028,0.7699999957700022,0.5700000155700017,1.000000000311929,1.000000000330095,0.14069016,2.8939937,22.851759,17.585176,-0.73254644,-0.32563154,-2.4429056,-0.13452766,-0.27480242,-0.1342259,-0.31795744,4.5881012,32.242924,16.596427,-31.370787,2.3901669,30.984628,30.984628,-1.3412423,0.14069016,365.05772,3.9189795
2251.0,1640.2036,22.222222,17.111111,22.222222,5.3983,12.2168,15.945544,5437.89,89.349,173.879,64.3741,22.222222,22.222222,22.222222,0.0,22.222222,17.333333,12.888889,2.2441,727.06233,0.4319222486063308,0.9999999910000028,0.7699999957700022,0.9999999910000028,1.0000000005557308,0.9999999997544362,0.06132901538367187,0.5314685311608887,0.9999999999776161,1.0000000000230045,0.999999999937863,0.9999999910000028,0.9999999910000028,0.9999999910000028,0.0,0.9999999910000028,0.7799999857800022,0.5800000055800016,1.000000000311929,1.000000000330095,0.13405138,2.8851015,22.498746,17.666323,-0.68726518,-0.31774444,-2.3213193,-0.14065982,-0.26191493,-0.12792751,-0.31027851,4.5862854,31.869775,16.703481,-30.496974,2.3825462,30.339202,30.339202,-1.2946819,0.13405138,365.27917,4.2940527
2252.0,1640.2036,22.222222,17.333333,22.222222,5.3983,12.2168,16.509453,5588.1475,89.349,173.879,64.3741,22.222222,22.222222,22.222222,0.0,22.222222,17.444444,13.0,2.2441,727.06233,0.431922248606331,0.9999999910000028,0.7799999857800022,0.9999999910000028,1.0000000005557306,0.9999999997544369,0.06349789615286926,0.5461538471236793,0.9999999999776158,1.0000000000230047,0.9999999999378634,0.9999999910000028,0.9999999910000028,0.9999999910000028,0.0,0.9999999910000028,0.7849999807850022,0.5850000005850017,1.0000000003119294,1.000000000330095,0.13191046,2.8982311,22.158586,18.495682,-0.65968482,-0.30936887,-2.200015,-0.13060388,-0.25253595,-0.12144825,-0.29619099,4.6205631,31.485994,16.552907,-29.58503,2.3930575,29.721768,29.721768,-1.1695392,0.13191046,365.31393,3.8719231
2253.0,1627.1899,22.222222,17.666667,22.222222,5.3983,12.2168,17.09847,5530.9065,89.349,173.879,64.3741,22.222222,22.222222,22.222222,0.0,22.222222,17.666667,13.111111,2.2441,727.06233,0.4284952919975976,0.9999999910000028,0.7950000157950022,0.9999999910000028,1.0000000005557301,0.9999999997544372,0.06576334615283441,0.540559436388602,0.9999999999776161,1.0000000000230045,0.9999999999378631,0.9999999910000028,0.9999999910000028,0.9999999910000028,0.0,0.9999999910000028,0.7950000157950022,0.5899999955900016,1.0000000003119294,1.000000000330095,0.120168,2.9268131,21.834452,18.887246,-0.61570812,-0.30365893,-2.0899263,-0.12929222,-0.23713191,-0.11528411,-0.28577157,4.6656173,31.065436,16.073346,-28.813578,2.416683,29.13829,29.13829,-1.1429985,0.120168,365.52832,3.5512962
2254.0,1640.2036,22.222222,17.888889,22.222222,5.3983,12.2168,17.402979,5487.9758,89.349,173.879,64.3741,22.222222,22.222222,22.222222,0.0,22.222222,17.888889,13.333333,2.2441,727.06233,0.4319222486063308,0.9999999910000028,0.8050000058050022,0.9999999910000028,1.0000000005557308,0.9999999997544362,0.06693453461435486,0.536363633224008,0.9999999999776151,1.0000000000230043,0.9999999999378631,0.9999999910000028,0.9999999910000028,0.9999999910000028,0.0,0.9999999910000028,0.8050000058050022,0.5999999856000017,1.0000000003119285,1.000000000330095,0.11834612,2.9446731,21.511352,19.291399,-0.44648564,-0.25330584,-1.9881103,-0.12650237,-0.23589126,-0.10558186,-0.23874372,4.6908188,30.573618,15.551578,-28.039721,2.4314939,28.574527,28.574527,-1.1271605,0.11834612,365.62111000000004,3.3955675
2255.0,1685.3511,22.222222,18.222222,22.222222,5.3983,12.2168,17.71449,5430.5899,89.349,173.879,64.3741,22.222222,22.222222,22.222222,0.0,22.222222,18.0,13.444444,2.2441,727.06233,0.4438111444232614,0.9999999910000028,0.8199999908200023,0.9999999910000028,1.000000000555731,0.9999999997544362,0.0681326538451057,0.5307550607846352,0.999999999977615,1.0000000000230047,0.9999999999378634,0.9999999910000028,0.9999999910000028,0.9999999910000028,0.0,0.9999999910000028,0.8100000008100023,0.6049999806050017,1.0000000003119283,1.000000000330095,0.12136057,2.9570168,21.168795,19.13369,-0.64757848,-0.29353182,-1.8942034,-0.12682179,-0.22692996,-0.10562256,-0.23436183,4.698546,30.132828,15.062772,-27.320728,2.4419724,27.940183,27.940183,-1.1127307,0.12136057,365.84296000000006,2.3514084
2256.0,1668.8947,22.222222,18.444444,22.222222,5.3983,12.2168,18.3596,5588.1475,89.349,173.879,64.3741,22.222222,22.222222,22.222222,0.0,22.222222,18.222222,13.555556,2.2441,727.06233,0.43947760601866004,0.9999999910000028,0.8299999808300024,0.9999999910000028,1.0000000005557306,0.9999999997544365,0.07061384615275974,0.5461538471236791,0.9999999999776159,1.000000000023004,0.999999999937863,0.9999999910000028,0.9999999910000028,0.9999999910000028,0.0,0.9999999910000028,0.8199999908200023,0.6100000206100017,1.0000000003119294,1.000000000330095,0.11782579,2.9336943,20.819752,18.774339,-0.62537622,-0.28708601,-1.8044078,-0.11466237,-0.21670248,-0.1000769,-0.26773326,4.6359507,29.681678,14.717935,-26.693938,2.4233026,27.30302,27.30302,-1.0855686,0.11782579,366.05214,3.9485932
2257.0,1632.4633,22.222222,18.777778,22.222222,5.3983,12.2168,19.036112,5675.5551,89.349,173.879,64.3741,22.222222,22.222222,22.222222,0.0,22.222222,18.333333,13.555556,2.2441,727.06233,0.4298839603225547,0.9999999910000028,0.8450000108450024,0.9999999910000028,1.0000000005557301,0.9999999997544367,0.073215815383489,0.5546965702726048,0.9999999999776155,1.0000000000230045,0.9999999999378634,0.9999999910000028,0.9999999910000028,0.9999999910000028,0.0,0.9999999910000028,0.8249999858250023,0.6100000206100017,1.0000000003119294,1.000000000330095,0.10676771,2.8805038,20.466519,18.41227,-0.57416835,-0.28192291,-1.7000139,-0.10905559,-0.20338661,-0.098852475,-0.25464853,4.518322,29.266767,14.539198,-26.042647,2.3801531,26.667216,26.667216,-1.0471173,0.10676771,366.08453,4.2999289
2258.0,1848.6488,22.222222,19.0,22.222222,5.3983,12.2168,19.386933,5530.9065,89.349,173.879,64.3741,22.222222,22.222222,22.222222,0.0,22.222222,18.444444,13.666667,2.2441,727.06233,0.48681306795046386,0.9999999910000028,0.8550000008550024,0.9999999910000028,1.000000000555731,0.9999999997544368,0.07456512692192976,0.5405594363886008,0.9999999999776154,1.0000000000230052,0.9999999999378634,0.9999999910000028,0.9999999910000028,0.9999999910000028,0.0,0.9999999910000028,0.8299999808300024,0.6150000156150017,1.0000000003119291,1.000000000330095,0.12587039,2.7837129,20.10382,18.039263,-0.35548254,-0.232441,-1.6163926,-0.11082395,-0.19971005,-0.090669843,-0.24774079,4.3305644,28.849761,14.409718,-25.426555,2.3010169,26.026589,26.026589,-1.0238406,0.12587039,366.18147,1.8973656
2259.0,1721.5665,22.222222,19.222222,22.222222,5.3983,12.2168,19.386933,5437.89,89.349,173.879,64.3741,22.222222,22.222222,22.222222,0.0,22.222222,18.444444,13.777778,2.2441,727.06233,0.45334790986029466,0.9999999910000028,0.8649999908650023,0.9999999910000028,1.000000000555731,0.9999999997544365,0.07456512692192978,0.5314685311608889,0.9999999999776166,1.0000000000230043,0.999999999937863,0.9999999910000028,0.9999999910000028,0.9999999910000028,0.0,0.9999999910000028,0.8299999808300024,0.6200000106200018,1.000000000311929,1.000000000330095,0.11501578,2.8269222,19.73379,17.658925,-0.60334562,-0.27461736,-1.5728896,-0.11258553,-0.19823575,-0.088527936,-0.24758452,4.4519732,28.469652,13.996063,-25.030921,2.335497,25.372355,25.372355,-1.0208946,0.11501578,366.21706000000006,3.171657
2260.0,1924.7482,22.222222,19.444444,22.222222,5.3983,12.2168,19.386933,5530.9065,89.349,173.879,64.3741,22.222222,22.222222,22.222222,0.0,22.222222,18.555556,13.777778,2.2441,727.06233,0.5068526678913445,0.9999999910000028,0.8749999808750025,0.9999999910000028,1.0000000005557308,0.9999999997544362,0.07456512692192974,0.5405594363886016,0.9999999999776161,1.0000000000230045,0.9999999999378631,0.9999999910000028,0.9999999910000028,0.9999999910000028,0.0,0.9999999910000028,0.8350000208350024,0.6200000106200018,1.000000000311929,1.000000000330095,0.12575905,2.6664548,19.359759,17.274586,-0.58644939,-0.26533027,-1.5316783,-0.10438829,-0.1906834,-0.089847351,-0.23694902,4.1468879,28.028535,13.520523,-24.651787,2.204076,24.730524,24.730524,-0.99782443,0.12575905,366.3758,1.5962199
2261.0,1896.7965,22.222222,19.666667,22.222222,5.3983,12.2168,18.693777,5588.1475,89.349,173.879,64.3741,22.222222,22.222222,22.222222,0.0,22.222222,18.666667,13.888889,2.2441,727.06233,0.4994920200325242,0.9999999910000028,0.8850000158850025,0.9999999910000028,1.0000000005557304,0.9999999997544372,0.0718991423065862,0.5461538471236813,0.9999999999776155,1.0000000000230052,0.9999999999378631,0.9999999910000028,0.9999999910000028,0.9999999910000028,0.0,0.9999999910000028,0.8400000158400024,0.6250000056250018,1.0000000003119287,1.000000000330095,0.12196508,2.6290078,18.976767,16.881286,-0.56002953,-0.25926647,-1.5211033,-0.10010193,-0.18388,-0.084298515,-0.23041824,4.1202067,27.604963,13.122887,-24.311022,2.1724559,24.073584,24.073584,-0.98140442,0.12196508,366.53885,1.2458358
2262.0,1993.2826,22.222222,19.888889,22.222222,5.3983,12.2168,18.03327,5684.7416,89.349,173.879,64.3741,22.222222,22.222222,22.222222,0.0,22.222222,18.666667,13.888889,2.2441,727.06233,0.5249001420920387,0.9999999910000028,0.8950000058950025,0.9999999910000028,1.0000000005557308,0.9999999997544365,0.06935873076816369,0.5555944066873714,0.9999999999776161,1.0000000000230045,0.9999999999378634,0.9999999910000028,0.9999999910000028,0.9999999910000028,0.0,0.9999999910000028,0.8400000158400024,0.6250000056250018,1.0000000003119291,1.000000000330095,0.12599251,2.435828,18.598569,16.49278,-0.52805128,-0.25741741,-1.522432,-0.093809988,-0.21906972,-0.087676567,-0.22807927,3.7634005,27.222554,13.291016,-24.080143,2.0140676,23.421868,23.421868,-0.96341178,0.12599251,366.76513,0.86728275
2263.0,1993.2826,22.222222,20.111111,22.222222,5.3983,12.2168,17.402979,5777.5622,89.349,173.879,64.3741,22.222222,22.222222,22.222222,0.0,22.222222,18.666667,13.888889,2.2441,727.06233,0.5249001420920388,0.9999999910000028,0.9049999959050026,0.9999999910000028,1.0000000005557308,0.9999999997544361,0.06693453461435488,0.5646661657600056,0.9999999999776155,1.0000000000230045,0.9999999999378636,0.9999999910000028,0.9999999910000028,0.9999999910000028,0.0,0.9999999910000028,0.8400000158400024,0.6250000056250018,1.0000000003119285,1.000000000330095,0.12636994,2.332759,18.226325,16.1117,-0.52583469,-0.26234572,-1.529807,-0.087819557,-0.18382091,-0.087876293,-0.2317397,3.6039928,26.889757,12.929332,-23.816079,1.9288244,22.769745,22.769745,-0.96943681,0.12636994,366.89096000000006,0.86693222
2264.0,2054.245,22.222222,20.333333,22.222222,5.3983,12.2168,16.509453,5487.9758,89.349,173.879,64.3741,22.222222,22.222222,22.222222,0.0,22.222222,18.666667,13.888889,2.2441,727.06233,0.540953647210817,0.9999999910000028,0.9149999859150025,0.9999999910000028,1.0000000005557304,0.9999999997544368,0.06349789615286926,0.5363636332240088,0.9999999999776162,1.0000000000230045,0.9999999999378634,0.9999999910000028,0.9999999910000028,0.9999999910000028,0.0,0.9999999910000028,0.8400000158400024,0.6250000056250018,1.000000000311929,1.000000000330095,0.12401703,2.1891361,17.871918,15.746985,-0.52989569,-0.21315568,-1.537108,-0.09418953,-0.18045635,-0.087261651,-0.22698144,3.3473671,26.605751,12.612321,-23.538185,1.8109278,22.127636,22.127636,-0.95901559,0.12401703,367.06624,0.53752478
2265.0,2060.7764,22.222222,20.555556,22.222222,5.3983,12.2168,15.945544,5394.9593,89.349,173.879,64.3741,22.222222,22.222222,22.222222,0.0,22.222222,18.666667,13.888889,2.2441,727.06233,0.5426735903779626,0.9999999910000028,0.9250000209250027,0.9999999910000028,1.0000000005557308,0.9999999997544363,0.06132901538367186,0.5272727279962958,0.9999999999776162,1.0000000000230043,0.9999999999378631,0.9999999910000028,0.9999999910000028,0.9999999910000028,0.0,0.9999999910000028,0.8400000158400024,0.6250000056250018,1.000000000311929,1.000000000330095,0.1217048,2.3219997,17.507554,17.507554,-0.53266506,-0.25099193,-1.5447979,-0.094656806,-0.21899341,-0.087274608,-0.22519674,3.7088697,26.334435,12.306496,-23.318054,1.9171345,21.478848,21.478848,-0.94261991,0.1217048,367.22360000000003,0.98220724
2266.0,1947.2139,22.222222,20.777778,22.222222,5.3983,12.2168,15.405023,5487.9758,89.349,173.879,64.3741,22.222222,22.222222,22.222222,0.0,22.222222,18.777778,14.0,2.2441,727.06233,0.5127686625035472,0.9999999910000028,0.9350000109350027,0.9999999910000028,1.0000000005557306,0.9999999997544372,0.05925008846062693,0.5363636332240082,0.9999999999776156,1.0000000000230052,0.9999999999378638,0.9999999910000028,0.9999999910000028,0.9999999910000028,0.0,0.9999999910000028,0.8450000108450024,0.6300000006300018,1.0000000003119291,1.000000000330095,0.11105304,2.341607,17.177801,17.177801,-0.53097729,-0.24624218,-1.5434669,-0.089448554,-0.2196213,-0.091287221,-0.2235697,3.7713308,25.998844,12.005103,-23.002383,1.9325477,20.895502,20.895502,-0.93078233,0.11105304,367.26687000000004,1.513232
2267.0,1872.7246,22.222222,21.0,22.222222,5.3983,12.2168,14.634703,4616.357,89.349,173.879,64.3741,22.222222,22.222222,22.222222,0.0,22.222222,18.777778,14.0,2.2441,727.06233,0.4931530574938328,0.9999999910000028,0.9450000009450027,0.9999999910000028,1.0000000005557301,0.9999999997544371,0.05628731922990329,0.4511765545283705,0.9999999999776159,1.0000000000230045,0.999999999937863,0.9999999910000028,0.9999999910000028,0.9999999910000028,0.0,0.9999999910000028,0.8450000108450024,0.6300000006300018,1.0000000003119294,1.000000000330095,0.10214383,2.1915251,16.849007,16.849007,-0.51319748,-0.24153961,-1.5419721,-0.11547928,-0.20859046,-0.089083515,-0.212239,3.4808309,25.638915,11.687694,-22.738672,1.809788,20.321528,20.321528,-0.90736843,0.10214383,367.37465,1.8706396
2268.0,1784.5573,22.222222,21.222222,22.222222,5.3983,12.2168,13.908786,4954.9195,89.349,173.879,64.3741,22.222222,22.222222,22.222222,0.0,22.222222,18.888889,14.0,2.2441,727.06233,0.469935562745285,0.9999999910000028,0.9549999909550027,0.9999999910000028,1.0000000005557308,0.9999999997544363,0.053495330768407755,0.48426573334242573,0.9999999999776154,1.0000000000230045,0.9999999999378631,0.9999999910000028,0.9999999910000028,0.9999999910000028,0.0,0.9999999910000028,0.8500000058500023,0.6300000006300018,1.0000000003119285,1.000000000330095,0.091562292,2.0672047,16.54674,16.54674,-0.51097081,-0.24229293,-1.5519099,-0.10043112,-0.20460882,-0.088336013,-0.20835817,3.2254611,25.312636,11.405415,-22.465074,1.7086016,19.774557,19.774557,-0.89931843,0.091562292,367.57731,0.28740507
2269.0,2382.6347,22.222222,21.555556,22.222222,5.3983,12.2168,13.002888,5437.89,89.349,173.879,64.3741,22.222222,22.222222,22.222222,0.0,22.222222,18.888889,14.111111,2.2441,727.06233,0.6274299954173193,0.9999999910000028,0.9700000209700027,0.9999999910000028,1.0000000005557308,0.9999999997544365,0.05001110769153831,0.5314685311608892,0.9999999999776148,1.0000000000230045,0.9999999999378636,0.9999999910000028,0.9999999910000028,0.9999999910000028,0.0,0.9999999910000028,0.8500000058500023,0.6349999956350018,1.0000000003119278,1.000000000330095,0.13623673,1.9557588,16.254811,16.254811,-0.51467348,-0.2434716,-1.5890127,-0.082649584,-0.16823816,-0.090081254,-0.20948152,3.0066287,25.031744,11.145487,-22.266674,1.6174477,19.249661,19.249661,-0.90120387,0.13623673,357.95549000000005,-0.0
2270.0,1567.206,22.222222,21.888889,22.222222,5.3983,12.2168,11.958486,5362.9479,89.349,173.879,64.3741,22.222222,22.222222,22.222222,0.0,22.222222,19.0,14.111111,2.2441,727.06233,0.41269945971910643,0.9999999910000028,0.9850000059850027,0.9999999910000028,1.0000000005557306,0.9999999997544369,0.04599417692236931,0.5241441152920281,0.9999999999776156,1.0000000000230045,0.999999999937863,0.9999999910000028,0.9999999910000028,0.9999999910000028,0.0,0.9999999910000028,0.8550000008550024,0.6349999956350018,1.000000000311929,1.000000000330095,0.072703615,1.9629538,16.005376,16.005376,-0.33475073,-0.19644432,-1.6247642,-0.08283019,-0.17459437,-0.091040197,-0.21123204,3.0032581,24.79034,10.932846,-22.123456,1.623746,18.765462,18.765462,-0.81512601,0.072703615,366.40839000000005,-0.0
2271.0,2147.238,22.222222,22.111111,22.222222,5.3983,12.2168,11.184755,5313.2949,89.349,155.41504,64.3741,22.222222,22.222222,22.222222,0.0,22.222222,19.0,14.222222,2.2441,727.06233,0.5654419154140136,0.9999999910000028,0.9949999959950029,0.9999999910000028,1.0000000005557301,0.9999999997544363,0.04301828846087664,0.5192913126465669,0.9999999999776155,0.893811443610645,0.9999999999378634,0.9999999910000028,0.9999999910000028,0.9999999910000028,0.0,0.9999999910000028,0.8550000008550024,0.6399999906400018,1.0000000003119291,1.000000000330095,0.11092091,1.9836941,15.716385,15.716385,-0.50145742,-0.2304006,-1.6544177,-0.081804171,-0.20587706,-0.094926875,-0.24618734,3.1025316,24.482385,10.627877,-21.924661,1.6393542,18.270838,18.270838,-0.87582798,0.11092091,356.09726,-0.0
2272.0,1491.6872,22.222222,22.222222,22.222222,5.3983,12.2168,10.45949,4990.5818,89.349,155.41504,64.3741,22.222222,22.222222,22.222222,0.0,22.222222,19.111111,14.222222,2.2441,727.06233,0.3928127518079352,0.9999999910000028,0.9999999910000028,0.9999999910000028,1.0000000005557308,0.9999999997544368,0.040228807691688795,0.4877511643089987,0.9999999999776151,0.8938114436106446,0.9999999999378636,0.9999999910000028,0.9999999910000028,0.9999999910000028,0.0,0.9999999910000028,0.8599999958600025,0.6399999906400018,1.0000000003119287,1.000000000330095,0.05886789,2.0217931,15.430601,15.430601,-0.49864213,-0.22870921,-1.6685383,-0.088844419,-0.20441426,-0.094072662,-0.2451697,3.2413724,24.209208,10.354599,-21.612953,1.6689706,17.786487,17.786487,-0.86632627,0.05886789,360.18771000000004,-0.0
2273.0,1855.1731,22.222222,22.222222,22.222222,5.3983,12.2168,9.9442661,4630.4169,89.349,155.41504,64.3741,22.222222,22.222222,22.222222,0.0,22.222222,19.222222,14.222222,2.2441,727.06233,0.48853114144242665,0.9999999910000028,0.9999999910000028,0.9999999910000028,1.0000000005557308,0.9999999997544363,0.038247177307103905,0.4525506894228378,0.9999999999776166,0.893811443610644,0.999999999937863,0.9999999910000028,0.9999999910000028,0.9999999910000028,0.0,0.9999999910000028,0.8649999908650023,0.6399999906400018,1.0000000003119294,1.000000000330095,0.082821621,1.9044935,15.153002,15.153002,-0.29618405,-0.18236281,-1.6613735,-0.095405157,-0.16092755,-0.088150665,-0.19748242,3.0293625,23.959905,10.084918,-21.231204,1.5726785,17.320329,17.320329,-0.77078528,0.082821621,349.35519,-0.0
2274.0,1566.4657,22.222222,22.222222,22.222222,5.3983,12.2168,9.9442661,4403.299,89.349,155.41504,64.3741,22.222222,22.222222,22.222222,0.0,22.222222,19.222222,14.333333,2.2441,727.06233,0.41250451316451814,0.9999999910000028,0.9999999910000028,0.9999999910000028,1.0000000005557306,0.9999999997544363,0.03824717730710389,0.43035347382757116,0.9999999999776159,0.8938114436106448,0.9999999999378636,0.9999999910000028,0.9999999910000028,0.9999999910000028,0.0,0.9999999910000028,0.8649999908650023,0.6449999856450018,1.000000000311929,1.000000000330095,0.063107773,1.8042052,14.893038,14.893038,-0.48650743,-0.22949954,-1.6240618,-0.098970637,-0.19494369,-0.089276384,-0.23629281,2.8389389,23.743658,9.8368247,-20.820189,1.4906212,16.879552,16.879552,-0.84497733,0.063107773,351.63995,-0.0
2275.0,,,,,,,,,,,,,,,,,,,,,,,,,,,,,,,,,,,,,,,,,,,,,,,,,,,,,,,,,,,,,368.4440900000001,7.4588127
2276.0,,,,,,,,,,,,,,,,,,,,,,,,,,,,,,,,,,,,,,,,,,,,,,,,,,,,,,,,,,,,,368.60945000000004,4.712474
2277.0,,,,,,,,,,,,,,,,,,,,,,,,,,,,,,,,,,,,,,,,,,,,,,,,,,,,,,,,,,,,,368.5228900000001,-0.0
2278.0,,,,,,,,,,,,,,,,,,,,,,,,,,,,,,,,,,,,,,,,,,,,,,,,,,,,,,,,,,,,,367.53552,-0.0
2279.0,,,,,,,,,,,,,,,,,,,,,,,,,,,,,,,,,,,,,,,,,,,,,,,,,,,,,,,,,,,,,369.08823000000007,0.17414473
2280.0,,,,,,,,,,,,,,,,,,,,,,,,,,,,,,,,,,,,,,,,,,,,,,,,,,,,,,,,,,,,,369.15455,2.0987261
2281.0,,,,,,,,,,,,,,,,,,,,,,,,,,,,,,,,,,,,,,,,,,,,,,,,,,,,,,,,,,,,,369.26732000000004,3.6103719
2282.0,,,,,,,,,,,,,,,,,,,,,,,,,,,,,,,,,,,,,,,,,,,,,,,,,,,,,,,,,,,,,369.5083000000001,4.0120691
2283.0,,,,,,,,,,,,,,,,,,,,,,,,,,,,,,,,,,,,,,,,,,,,,,,,,,,,,,,,,,,,,356.13743,-0.0
2284.0,,,,,,,,,,,,,,,,,,,,,,,,,,,,,,,,,,,,,,,,,,,,,,,,,,,,,,,,,,,,,354.44917,-0.0
2285.0,,,,,,,,,,,,,,,,,,,,,,,,,,,,,,,,,,,,,,,,,,,,,,,,,,,,,,,,,,,,,369.69885999999997,1.067205
2286.0,,,,,,,,,,,,,,,,,,,,,,,,,,,,,,,,,,,,,,,,,,,,,,,,,,,,,,,,,,,,,369.87351,7.3123508
2287.0,,,,,,,,,,,,,,,,,,,,,,,,,,,,,,,,,,,,,,,,,,,,,,,,,,,,,,,,,,,,,379.46645,-0.0
2288.0,,,,,,,,,,,,,,,,,,,,,,,,,,,,,,,,,,,,,,,,,,,,,,,,,,,,,,,,,,,,,380.9740800000001,-0.0
2289.0,,,,,,,,,,,,,,,,,,,,,,,,,,,,,,,,,,,,,,,,,,,,,,,,,,,,,,,,,,,,,384.36439000000007,-0.0
2290.0,,,,,,,,,,,,,,,,,,,,,,,,,,,,,,,,,,,,,,,,,,,,,,,,,,,,,,,,,,,,,399.70014000000003,-0.0
2291.0,,,,,,,,,,,,,,,,,,,,,,,,,,,,,,,,,,,,,,,,,,,,,,,,,,,,,,,,,,,,,398.47173,-0.0
2292.0,,,,,,,,,,,,,,,,,,,,,,,,,,,,,,,,,,,,,,,,,,,,,,,,,,,,,,,,,,,,,419.9897500000001,-0.0
2293.0,,,,,,,,,,,,,,,,,,,,,,,,,,,,,,,,,,,,,,,,,,,,,,,,,,,,,,,,,,,,,426.47922000000005,-0.0
2294.0,,,,,,,,,,,,,,,,,,,,,,,,,,,,,,,,,,,,,,,,,,,,,,,,,,,,,,,,,,,,,434.05036000000007,-0.0
2295.0,,,,,,,,,,,,,,,,,,,,,,,,,,,,,,,,,,,,,,,,,,,,,,,,,,,,,,,,,,,,,446.8908,-0.0
2296.0,,,,,,,,,,,,,,,,,,,,,,,,,,,,,,,,,,,,,,,,,,,,,,,,,,,,,,,,,,,,,454.62088000000006,-0.0
2297.0,,,,,,,,,,,,,,,,,,,,,,,,,,,,,,,,,,,,,,,,,,,,,,,,,,,,,,,,,,,,,463.63837,-0.0
2298.0,,,,,,,,,,,,,,,,,,,,,,,,,,,,,,,,,,,,,,,,,,,,,,,,,,,,,,,,,,,,,473.64347,-0.0
2299.0,,,,,,,,,,,,,,,,,,,,,,,,,,,,,,,,,,,,,,,,,,,,,,,,,,,,,,,,,,,,,484.03970000000004,-0.0
2300.0,,,,,,,,,,,,,,,,,,,,,,,,,,,,,,,,,,,,,,,,,,,,,,,,,,,,,,,,,,,,,494.10658,-0.0
2301.0,,,,,,,,,,,,,,,,,,,,,,,,,,,,,,,,,,,,,,,,,,,,,,,,,,,,,,,,,,,,,504.23402,-0.0
2302.0,,,,,,,,,,,,,,,,,,,,,,,,,,,,,,,,,,,,,,,,,,,,,,,,,,,,,,,,,,,,,516.35077,-0.0
2303.0,,,,,,,,,,,,,,,,,,,,,,,,,,,,,,,,,,,,,,,,,,,,,,,,,,,,,,,,,,,,,528.21681,-0.0
2304.0,,,,,,,,,,,,,,,,,,,,,,,,,,,,,,,,,,,,,,,,,,,,,,,,,,,,,,,,,,,,,541.15531,-0.0
2305.0,,,,,,,,,,,,,,,,,,,,,,,,,,,,,,,,,,,,,,,,,,,,,,,,,,,,,,,,,,,,,555.26232,-0.0
2306.0,,,,,,,,,,,,,,,,,,,,,,,,,,,,,,,,,,,,,,,,,,,,,,,,,,,,,,,,,,,,,570.9363900000001,-0.0
2307.0,,,,,,,,,,,,,,,,,,,,,,,,,,,,,,,,,,,,,,,,,,,,,,,,,,,,,,,,,,,,,587.1875,-0.0
2308.0,,,,,,,,,,,,,,,,,,,,,,,,,,,,,,,,,,,,,,,,,,,,,,,,,,,,,,,,,,,,,604.1707200000001,-0.0
2309.0,,,,,,,,,,,,,,,,,,,,,,,,,,,,,,,,,,,,,,,,,,,,,,,,,,,,,,,,,,,,,621.43742,-0.0
2310.0,,,,,,,,,,,,,,,,,,,,,,,,,,,,,,,,,,,,,,,,,,,,,,,,,,,,,,,,,,,,,639.41552,-0.0
2311.0,,,,,,,,,,,,,,,,,,,,,,,,,,,,,,,,,,,,,,,,,,,,,,,,,,,,,,,,,,,,,657.27359,-0.0
2312.0,,,,,,,,,,,,,,,,,,,,,,,,,,,,,,,,,,,,,,,,,,,,,,,,,,,,,,,,,,,,,674.74865,-0.0
2313.0,,,,,,,,,,,,,,,,,,,,,,,,,,,,,,,,,,,,,,,,,,,,,,,,,,,,,,,,,,,,,691.75878,-0.0
2314.0,,,,,,,,,,,,,,,,,,,,,,,,,,,,,,,,,,,,,,,,,,,,,,,,,,,,,,,,,,,,,708.75151,-0.0
2315.0,,,,,,,,,,,,,,,,,,,,,,,,,,,,,,,,,,,,,,,,,,,,,,,,,,,,,,,,,,,,,724.866,-0.0
2316.0,,,,,,,,,,,,,,,,,,,,,,,,,,,,,,,,,,,,,,,,,,,,,,,,,,,,,,,,,,,,,741.6405500000001,-0.0
2317.0,,,,,,,,,,,,,,,,,,,,,,,,,,,,,,,,,,,,,,,,,,,,,,,,,,,,,,,,,,,,,757.74756,-0.0
2318.0,,,,,,,,,,,,,,,,,,,,,,,,,,,,,,,,,,,,,,,,,,,,,,,,,,,,,,,,,,,,,774.2458300000001,-0.0
2319.0,,,,,,,,,,,,,,,,,,,,,,,,,,,,,,,,,,,,,,,,,,,,,,,,,,,,,,,,,,,,,790.77605,-0.0
2320.0,,,,,,,,,,,,,,,,,,,,,,,,,,,,,,,,,,,,,,,,,,,,,,,,,,,,,,,,,,,,,806.79036,52.422116
