Fig2, disc 0.06, temp0 971.25, 3rd payer, ffi removal, Wpt fitted, 2025-2125. Solve status Optimal. Total revenue 913996.2139046924
Year,Agriculture mtC,C2F6 kt,CF4 kt,CH4 mt,Carbon mtC,Forestry_r06_c00 mhectares,Forestry_r06_c01 mhectares,Forestry_r06_c02 mhectares,Forestry_r06_c03 mhectares,Forestry_r06_c04 mhectares,Forestry_r06_c05 mhectares,Forestry_r06_c06 mhectares,Forestry_r06_c07 mhectares,Forestry_r06_c08 mhectares,Forestry_r06_c09 mhectares,Forestry_r06_c10 mhectares,Forestry_r06_c11 mhectares,Forestry_r10_c00 mhectares,Forestry_r10_c01 mhectares,Forestry_r10_c02 mhectares,Forestry_r10_c03 mhectares,Forestry_r10_c04 mhectares,Forestry_r10_c05 mhectares,Forestry_r10_c06 mhectares,Forestry_r10_c07 mhectares,Forestry_r10_c08 mhectares,Forestry_r10_c09 mhectares,Forestry_r10_c10 mhectares,Forestry_r10_c11 mhectares,Forestry_r10_c12 mhectares,Forestry_r10_c13 mhectares,Forestry_r10_c14 mhectares,Forestry_r10_c15 mhectares,Forestry_r10_c16 mhectares,Forestry_r10_c17 mhectares,Forestry_r10_c18 mhectares,Forestry_r10_c19 mhectares,Forestry_r10_c20 mhectares,Forestry_r10_c21 mhectares,Forestry_r10_c22 mhectares,Forestry_r10_c23 mhectares,Forestry_r10_c24 mhectares,Forestry_r10_c25 mhectares,Forestry_r10_c26 mhectares,Forestry_r10_c27 mhectares,Forestry_r10_c28 mhectares,Forestry_r10_c29 mhectares,Forestry_r10_c30 mhectares,Forestry_r10_c31 mhectares,Forestry_r17_c00 mhectares,Forestry_r17_c01 mhectares,Forestry_r17_c02 mhectares,Forestry_r17_c03 mhectares,Forestry_r17_c04 mhectares,Forestry_r17_c05 mhectares,Forestry_r17_c06 mhectares,Forestry_r17_c07 mhectares,Forestry_r17_c08 mhectares,Forestry_r17_c09 mhectares,Forestry_r17_c10 mhectares,Forestry_r17_c11 mhectares,Forestry_r17_c12 mhectares,Forestry_r17_c13 mhectares,Forestry_r17_c14 mhectares,Forestry_r17_c15 mhectares,Forestry_r17_c16 mhectares,Forestry_r17_c17 mhectares,Forestry_r17_c18 mhectares,Forestry_r17_c19 mhectares,Forestry_r35_c00 mhectares,Forestry_r35_c01 mhectares,Forestry_r35_c02 mhectares,Forestry_r35_c03 mhectares,Forestry_r35_c04 mhectares,Forestry_r35_c05 mhectares,Forestry_r35_c06 mhectares,HFC125 kt,HFC134a kt,HFC143a kt,N2O mt,SF6 kt,Seaweed mtC,Agriculture % max bid,C2F6 % max bid,CF4 % max bid,CH4 % max bid,Carbon % max bid,Forestry_r06_c00 % max bid,Forestry_r06_c01 % max bid,Forestry_r06_c02 % max bid,Forestry_r06_c03 % max bid,Forestry_r06_c04 % max bid,Forestry_r06_c05 % max bid,Forestry_r06_c06 % max bid,Forestry_r06_c07 % max bid,Forestry_r06_c08 % max bid,Forestry_r06_c09 % max bid,Forestry_r06_c10 % max bid,Forestry_r06_c11 % max bid,Forestry_r10_c00 % max bid,Forestry_r10_c01 % max bid,Forestry_r10_c02 % max bid,Forestry_r10_c03 % max bid,Forestry_r10_c04 % max bid,Forestry_r10_c05 % max bid,Forestry_r10_c06 % max bid,Forestry_r10_c07 % max bid,Forestry_r10_c08 % max bid,Forestry_r10_c09 % max bid,Forestry_r10_c10 % max bid,Forestry_r10_c11 % max bid,Forestry_r10_c12 % max bid,Forestry_r10_c13 % max bid,Forestry_r10_c14 % max bid,Forestry_r10_c15 % max bid,Forestry_r10_c16 % max bid,Forestry_r10_c17 % max bid,Forestry_r10_c18 % max bid,Forestry_r10_c19 % max bid,Forestry_r10_c20 % max bid,Forestry_r10_c21 % max bid,Forestry_r10_c22 % max bid,Forestry_r10_c23 % max bid,Forestry_r10_c24 % max bid,Forestry_r10_c25 % max bid,Forestry_r10_c26 % max bid,Forestry_r10_c27 % max bid,Forestry_r10_c28 % max bid,Forestry_r10_c29 % max bid,Forestry_r10_c30 % max bid,Forestry_r10_c31 % max bid,Forestry_r17_c00 % max bid,Forestry_r17_c01 % max bid,Forestry_r17_c02 % max bid,Forestry_r17_c03 % max bid,Forestry_r17_c04 % max bid,Forestry_r17_c05 % max bid,Forestry_r17_c06 % max bid,Forestry_r17_c07 % max bid,Forestry_r17_c08 % max bid,Forestry_r17_c09 % max bid,Forestry_r17_c10 % max bid,Forestry_r17_c11 % max bid,Forestry_r17_c12 % max bid,Forestry_r17_c13 % max bid,Forestry_r17_c14 % max bid,Forestry_r17_c15 % max bid,Forestry_r17_c16 % max bid,Forestry_r17_c17 % max bid,Forestry_r17_c18 % max bid,Forestry_r17_c19 % max bid,Forestry_r35_c00 % max bid,Forestry_r35_c01 % max bid,Forestry_r35_c02 % max bid,Forestry_r35_c03 % max bid,Forestry_r35_c04 % max bid,Forestry_r35_c05 % max bid,Forestry_r35_c06 % max bid,HFC125 % max bid,HFC134a % max bid,HFC143a % max bid,N2O % max bid,SF6 % max bid,Seaweed % max bid,Agriculture $M/mtC,C2F6 $M/kt,CF4 $M/kt,CH4 $M/mt,Carbon $M/mtC,Forestry_r06_c00 $M/mhectares,Forestry_r06_c01 $M/mhectares,Forestry_r06_c02 $M/mhectares,Forestry_r06_c03 $M/mhectares,Forestry_r06_c04 $M/mhectares,Forestry_r06_c05 $M/mhectares,Forestry_r06_c06 $M/mhectares,Forestry_r06_c07 $M/mhectares,Forestry_r06_c08 $M/mhectares,Forestry_r06_c09 $M/mhectares,Forestry_r06_c10 $M/mhectares,Forestry_r06_c11 $M/mhectares,Forestry_r10_c00 $M/mhectares,Forestry_r10_c01 $M/mhectares,Forestry_r10_c02 $M/mhectares,Forestry_r10_c03 $M/mhectares,Forestry_r10_c04 $M/mhectares,Forestry_r10_c05 $M/mhectares,Forestry_r10_c06 $M/mhectares,Forestry_r10_c07 $M/mhectares,Forestry_r10_c08 $M/mhectares,Forestry_r10_c09 $M/mhectares,Forestry_r10_c10 $M/mhectares,Forestry_r10_c11 $M/mhectares,Forestry_r10_c12 $M/mhectares,Forestry_r10_c13 $M/mhectares,Forestry_r10_c14 $M/mhectares,Forestry_r10_c15 $M/mhectares,Forestry_r10_c16 $M/mhectares,Forestry_r10_c17 $M/mhectares,Forestry_r10_c18 $M/mhectares,Forestry_r10_c19 $M/mhectares,Forestry_r10_c20 $M/mhectares,Forestry_r10_c21 $M/mhectares,Forestry_r10_c22 $M/mhectares,Forestry_r10_c23 $M/mhectares,Forestry_r10_c24 $M/mhectares,Forestry_r10_c25 $M/mhectares,Forestry_r10_c26 $M/mhectares,Forestry_r10_c27 $M/mhectares,Forestry_r10_c28 $M/mhectares,Forestry_r10_c29 $M/mhectares,Forestry_r10_c30 $M/mhectares,Forestry_r10_c31 $M/mhectares,Forestry_r17_c00 $M/mhectares,Forestry_r17_c01 $M/mhectares,Forestry_r17_c02 $M/mhectares,Forestry_r17_c03 $M/mhectares,Forestry_r17_c04 $M/mhectares,Forestry_r17_c05 $M/mhectares,Forestry_r17_c06 $M/mhectares,Forestry_r17_c07 $M/mhectares,Forestry_r17_c08 $M/mhectares,Forestry_r17_c09 $M/mhectares,Forestry_r17_c10 $M/mhectares,Forestry_r17_c11 $M/mhectares,Forestry_r17_c12 $M/mhectares,Forestry_r17_c13 $M/mhectares,Forestry_r17_c14 $M/mhectares,Forestry_r17_c15 $M/mhectares,Forestry_r17_c16 $M/mhectares,Forestry_r17_c17 $M/mhectares,Forestry_r17_c18 $M/mhectares,Forestry_r17_c19 $M/mhectares,Forestry_r35_c00 $M/mhectares,Forestry_r35_c01 $M/mhectares,Forestry_r35_c02 $M/mhectares,Forestry_r35_c03 $M/mhectares,Forestry_r35_c04 $M/mhectares,Forestry_r35_c05 $M/mhectares,Forestry_r35_c06 $M/mhectares,HFC125 $M/kt,HFC134a $M/kt,HFC143a $M/kt,N2O $M/mt,SF6 $M/kt,Seaweed $M/mtC,temp change,Capt pi
2025.0,513.2,5.3983,12.2168,169.85775,10124.493,0.0,0.0,0.0,0.0,0.0,0.0,0.0,0.0,0.0,0.0,0.0,0.0,0.0,0.0,0.0,0.0,0.0,0.0,0.0,0.0,0.0,0.0,0.0,0.0,0.0,0.0,0.0,0.0,0.0,0.0,0.0,0.0,0.0,0.0,0.0,0.0,0.0,0.0,0.0,0.0,0.0,0.0,0.0,0.0,0.0,0.0,0.0,0.0,0.0,0.0,0.0,0.0,0.0,0.0,0.0,0.0,0.0,0.0,0.0,0.0,0.0,0.0,0.0,0.0,19.815345,11.522749,31.121499,7.9360213,0.0,0.0,21.355167,89.349,173.879,64.3741,2.36,2.2441,0.0,0.1351415404871626,1.0000000005557306,0.9999999997544363,0.6532990384514882,0.9895105313749801,0.0,0.0,0.0,0.0,0.0,0.0,0.0,0.0,0.0,0.0,0.0,0.0,0.0,0.0,0.0,0.0,0.0,0.0,0.0,0.0,0.0,0.0,0.0,0.0,0.0,0.0,0.0,0.0,0.0,0.0,0.0,0.0,0.0,0.0,0.0,0.0,0.0,0.0,0.0,0.0,0.0,0.0,0.0,0.0,0.0,0.0,0.0,0.0,0.0,0.0,0.0,0.0,0.0,0.0,0.0,0.0,0.0,0.0,0.0,0.0,0.0,0.0,0.0,0.0,0.06060616686151897,0.030303123363952182,0.18181997927506158,0.030303163192634992,0.0,0.0,0.060606406831307,0.9999999999776159,1.0000000000230047,0.9999999999378631,0.3232433913162583,1.0000000003119283,0.0,2.9942314,-9.3695134,-4.6176506,-4.9401499,-2.9942314,92.646938,92.133272,72.875197,101.65228,94.432007,66.348478,57.165475,115.7775,46.040528,57.802496,83.076002,75.79113,124.68967,60.440788,22.76483,128.49054,107.11482,60.823431,95.843477,123.18271,67.749896,102.97288,48.597827,115.10778,113.60104,94.967263,127.32927,43.253246,37.317532,132.41742,97.694654,59.930229,101.14637,31.318199,120.4849,89.694085,71.200197,90.185769,85.410193,54.588581,51.142359,57.186821,101.45851,48.625116,124.56974,103.37467,101.93489,82.123144,69.46159,77.879483,32.898714,61.264152,94.266974,112.9621,53.491393,69.203757,88.609855,97.871598,126.90543,45.379703,91.133349,100.56586,93.086621,110.76974,165.84919,175.83847,121.32948,146.10896,71.066821,67.264327,211.04286,-1.0740753,-0.29664234,-1.9068612,-301.37881,-17.481446,2.9942314,993.283152,.
2026.0,513.2,5.3983,12.2168,169.85775,10124.493,0.0,0.0,0.0,0.0,0.0,0.0,0.0,0.0,0.0,0.0,0.0,0.0,0.0,0.0,0.0,0.0,0.0,0.0,0.0,0.0,0.0,0.0,0.0,0.0,0.0,0.0,0.0,0.0,0.0,0.0,0.0,0.0,0.0,0.0,0.0,0.0,0.0,0.0,0.0,0.0,0.0,0.0,0.0,0.0,0.0,0.0,0.0,0.0,0.0,0.0,0.0,0.0,0.0,0.0,0.0,0.0,0.0,0.0,0.0,0.0,0.0,0.0,0.0,0.0,19.815345,34.568301,31.121499,7.9360213,0.0,0.0,32.032703,89.349,173.879,64.3741,2.253,2.2441,0.0,0.13514154048716262,1.0000000005557306,0.9999999997544362,0.6532990384514878,0.9895105313749814,0.0,0.0,0.0,0.0,0.0,0.0,0.0,0.0,0.0,0.0,0.0,0.0,0.0,0.0,0.0,0.0,0.0,0.0,0.0,0.0,0.0,0.0,0.0,0.0,0.0,0.0,0.0,0.0,0.0,0.0,0.0,0.0,0.0,0.0,0.0,0.0,0.0,0.0,0.0,0.0,0.0,0.0,0.0,0.0,0.0,0.0,0.0,0.0,0.0,0.0,0.0,0.0,0.0,0.0,0.0,0.0,0.0,0.0,0.0,0.0,0.0,0.0,0.0,0.0,0.060606166861518956,0.09090951210385921,0.18181997927506155,0.030303163192634992,0.0,0.0,0.09090947544097541,0.9999999999776158,1.000000000023004,0.9999999999378631,0.30858786467607224,1.000000000311929,0.0,2.9942523,-9.3717044,-4.3858867,-4.9568772,-2.9942523,91.00665,91.803419,71.584976,101.24438,94.064365,66.10848,56.151276,115.30673,45.872889,57.59438,82.778368,75.522777,125.47017,60.745674,22.865102,129.15744,107.82053,61.18598,96.480913,123.81185,69.180033,103.55061,48.830278,115.67072,115.56014,95.481501,128.05844,43.459616,37.496731,134.63611,98.195812,60.214497,101.81726,31.46337,121.08262,90.173164,71.620053,90.783822,87.023029,54.847399,52.147272,57.51528,103.25338,49.483476,125.10303,104.90812,102.309,83.127065,70.264832,78.138396,32.990767,61.462358,94.918251,114.67784,53.66037,69.42986,88.906116,98.205544,127.39454,45.511005,91.704516,101.92852,94.275247,111.19688,162.36072,169.04085,109.9948,146.51533,70.574823,67.385675,199.09704,-0.95042692,-0.29233127,-1.3453996,-302.51903,-16.418931,2.9942523,1008.9228519999999,.
2027.0,513.2,5.3983,12.2168,169.85775,10124.493,0.0,0.0,0.0,0.0,0.0,0.0,0.0,0.0,0.0,0.0,0.0,0.0,0.0,0.0,0.0,0.0,0.0,0.0,0.0,0.0,0.0,0.0,0.0,0.0,0.0,0.0,0.0,0.0,0.0,0.0,0.0,0.0,0.0,0.0,0.0,0.0,0.0,0.0,0.0,0.0,0.0,0.0,0.0,0.0,0.0,0.0,0.0,0.0,0.0,0.0,0.0,0.0,0.0,0.0,0.0,0.0,0.0,0.0,0.0,0.0,0.0,0.0,0.0,0.0,19.815345,46.091074,31.121499,7.9360213,0.0,0.0,32.032703,89.349,173.879,64.3741,2.253,2.2441,0.0,0.13514154048716265,1.0000000005557308,0.9999999997544367,0.6532990384514878,0.9895105313749817,0.0,0.0,0.0,0.0,0.0,0.0,0.0,0.0,0.0,0.0,0.0,0.0,0.0,0.0,0.0,0.0,0.0,0.0,0.0,0.0,0.0,0.0,0.0,0.0,0.0,0.0,0.0,0.0,0.0,0.0,0.0,0.0,0.0,0.0,0.0,0.0,0.0,0.0,0.0,0.0,0.0,0.0,0.0,0.0,0.0,0.0,0.0,0.0,0.0,0.0,0.0,0.0,0.0,0.0,0.0,0.0,0.0,0.0,0.0,0.0,0.0,0.0,0.0,0.0,0.060606166861519,0.12121269858425701,0.18181997927506158,0.030303163192635,0.0,0.0,0.09090947544097543,0.9999999999776147,1.0000000000230043,0.9999999999378634,0.3085878646760721,1.00000000031193,0.0,2.9942701,-9.3621272,-4.297641,-5.0084999,-2.9942701,86.217354,90.876577,67.813683,100.09247,93.026872,65.431084,53.179623,113.97613,45.398347,57.006206,81.941814,74.768455,126.19996,61.018636,22.95397,129.79514,108.46643,61.508547,97.055165,124.41209,70.41418,104.06981,49.036844,116.20515,117.34572,95.948951,128.74507,43.643057,37.654464,136.68101,98.673922,60.467709,102.42612,31.591574,121.65126,90.604007,71.99344,91.320168,88.447849,55.077117,53.014125,57.808254,104.86013,50.230573,125.61214,106.3723,102.6616,84.064415,71.00994,78.383385,33.077319,61.65062,95.540253,116.32725,53.820479,69.64392,89.186919,98.521367,127.86016,45.634126,92.248196,103.22074,95.393551,111.6013,153.81485,162.38887,97.58126,139.71394,70.050775,63.340045,191.18924,-0.89897754,-0.30114257,-1.7600508,-303.86159,-17.214973,2.9942701,1034.28228,.
2028.0,513.2,5.3983,12.2168,169.85775,10124.493,0.0,0.0,0.0,0.0,0.0,0.0,0.0,0.0,0.0,0.0,0.0,0.0,0.0,0.0,0.0,0.0,0.0,0.0,0.0,0.0,0.0,0.0,0.0,0.0,0.0,0.0,0.0,0.0,0.0,0.0,0.0,0.0,0.0,0.0,0.0,0.0,0.0,0.0,0.0,0.0,0.0,0.0,0.0,0.0,0.0,0.0,0.0,0.0,0.0,0.0,0.0,0.0,0.0,0.0,0.0,0.0,0.0,0.0,0.0,0.0,0.0,0.0,0.0,0.0,19.815345,46.091074,31.121499,7.9360213,0.0,0.0,32.032703,89.349,173.879,64.3741,2.156,2.2441,0.0,0.13514154048716262,1.0000000005557308,0.9999999997544367,0.6532990384514878,0.9895105313749796,0.0,0.0,0.0,0.0,0.0,0.0,0.0,0.0,0.0,0.0,0.0,0.0,0.0,0.0,0.0,0.0,0.0,0.0,0.0,0.0,0.0,0.0,0.0,0.0,0.0,0.0,0.0,0.0,0.0,0.0,0.0,0.0,0.0,0.0,0.0,0.0,0.0,0.0,0.0,0.0,0.0,0.0,0.0,0.0,0.0,0.0,0.0,0.0,0.0,0.0,0.0,0.0,0.0,0.0,0.0,0.0,0.0,0.0,0.0,0.0,0.0,0.0,0.0,0.0,0.06060616686151898,0.12121269858425704,0.18181997927506158,0.030303163192634992,0.0,0.0,0.09090947544097541,0.9999999999776155,1.000000000023005,0.9999999999378634,0.29530201342281903,1.0000000003119294,0.0,2.9942883,-9.3480117,-4.2887266,-5.0500299,-2.9942883,86.221753,91.034287,67.802119,100.26239,93.183618,65.534594,53.144358,114.16754,45.465504,57.093255,82.08321,74.896002,126.62976,61.181007,23.008379,130.19553,108.8347,61.691124,97.37669,124.78947,70.957956,104.3717,49.160364,116.54362,118.21865,96.226242,129.16065,43.752722,37.74832,137.6985,98.974333,60.620769,102.76974,31.668679,122.01097,90.857655,72.205149,91.618656,89.10741,55.215378,53.39893,57.976332,105.62434,50.570908,126.08644,107.73649,102.9861,84.919238,71.685338,78.609754,33.156914,61.825258,96.120073,117.87411,53.968667,69.84185,89.446807,98.813,128.29276,45.746983,92.753303,104.41681,96.420819,111.97508,147.36366,155.71907,89.019026,135.88252,69.625232,61.965822,177.19566,-0.8958648,-0.3011561,-1.8735449,-305.25965,-17.473794,2.9942883,1065.216567,.
2029.0,513.2,5.3983,12.2168,169.85775,10124.493,0.0,0.0,0.0,0.0,0.0,0.0,0.0,0.0,0.0,0.0,0.0,0.0,0.0,0.0,0.0,0.0,0.0,0.0,0.0,0.0,0.0,0.0,0.0,0.0,0.0,0.0,0.0,0.0,0.0,0.0,0.0,0.0,0.0,0.0,0.0,0.0,0.0,0.0,0.0,0.0,0.0,0.0,0.0,0.0,0.0,0.0,0.0,0.0,0.0,0.0,0.0,0.0,0.0,0.0,0.0,0.0,0.0,0.0,0.0,0.0,0.0,0.0,0.0,0.0,19.815345,46.091074,31.121499,15.872082,0.0,0.0,32.032703,89.349,173.879,64.3741,2.067,2.2441,0.0,0.1351415404871626,1.0000000005557304,0.9999999997544368,0.6532990384514882,0.9895105313749825,0.0,0.0,0.0,0.0,0.0,0.0,0.0,0.0,0.0,0.0,0.0,0.0,0.0,0.0,0.0,0.0,0.0,0.0,0.0,0.0,0.0,0.0,0.0,0.0,0.0,0.0,0.0,0.0,0.0,0.0,0.0,0.0,0.0,0.0,0.0,0.0,0.0,0.0,0.0,0.0,0.0,0.0,0.0,0.0,0.0,0.0,0.0,0.0,0.0,0.0,0.0,0.0,0.0,0.0,0.0,0.0,0.0,0.0,0.0,0.0,0.0,0.0,0.0,0.0,0.06060616686151898,0.12121269858425704,0.18181997927506155,0.06060647683151813,0.0,0.0,0.09090947544097541,0.9999999999776168,1.0000000000230047,0.9999999999378631,0.28311190247911283,1.0000000003119291,0.0,2.9943071,-9.3478813,-4.8805834,-5.1133229,-2.9943071,88.039214,91.598906,69.221871,100.92809,93.789692,65.937318,54.243113,114.93064,45.742993,57.441033,82.591975,75.355963,127.02442,61.321886,23.055644,130.57694,109.1599,61.84648,97.653496,125.14803,71.366831,104.63307,49.267826,116.86313,118.96523,96.471747,129.54671,43.846995,37.82847,138.59083,99.259651,60.75345,103.06891,31.735074,122.35105,91.079551,72.386031,91.873735,89.632708,55.334505,53.686337,58.120205,106.25059,50.832092,126.50194,108.92432,103.26711,85.646812,72.25653,78.806922,33.226134,61.978028,96.626742,119.23044,54.098097,70.014405,89.67349,99.066678,128.67097,45.844678,93.193305,105.45112,97.301991,112.30009,142.76383,148.34634,75.455398,129.58444,69.195747,61.480258,167.16572,-1.4014611,-0.35274045,-1.9400391,-306.79165,-17.566709,2.9943071,1098.59205,.
2030.0,513.2,5.3983,12.2168,169.85775,10056.519,0.0,0.0,0.0,0.0,0.0,0.0,0.0,0.0,0.0,0.0,0.0,0.0,0.0,0.0,0.0,0.0,0.0,0.0,0.0,0.0,0.0,0.0,0.0,0.0,0.0,0.0,0.0,0.0,0.0,0.0,0.0,0.0,0.0,0.0,0.0,0.0,0.0,0.0,0.0,0.0,0.0,0.0,0.0,0.0,0.0,0.0,0.0,0.0,0.0,0.0,0.0,0.0,0.0,0.0,0.0,0.0,0.0,0.0,0.0,0.0,0.0,0.0,0.0,0.0,19.815345,61.452985,17.288011,31.744142,0.0,0.0,32.032703,89.349,173.879,64.3741,1.985,2.2441,0.0,0.13514154048716265,1.0000000005557304,0.9999999997544368,0.6532990384514882,0.9828671380850968,0.0,0.0,0.0,0.0,0.0,0.0,0.0,0.0,0.0,0.0,0.0,0.0,0.0,0.0,0.0,0.0,0.0,0.0,0.0,0.0,0.0,0.0,0.0,0.0,0.0,0.0,0.0,0.0,0.0,0.0,0.0,0.0,0.0,0.0,0.0,0.0,0.0,0.0,0.0,0.0,0.0,0.0,0.0,0.0,0.0,0.0,0.0,0.0,0.0,0.0,0.0,0.0,0.0,0.0,0.0,0.0,0.0,0.0,0.0,0.0,0.0,0.0,0.0,0.0,0.060606166861519,0.1616122494326747,0.1010011054328404,0.12121286965751699,0.0,0.0,0.09090947544097543,0.9999999999776159,1.0000000000230045,0.999999999937863,0.27188056430625956,1.0000000003119291,0.0,2.9943256,-9.3510488,-4.579765,-5.1398711,-2.9943256,90.432565,92.278226,71.106328,101.73498,94.524836,66.431083,55.727401,115.85785,46.087529,57.870299,83.204823,75.911173,127.81335,61.579396,23.137129,131.2926,109.82026,62.152159,98.218914,125.81629,72.543464,105.13266,49.459944,117.4472,120.88942,96.935605,130.29435,44.014982,37.972166,140.85819,99.792462,60.989212,103.67863,31.852141,122.97647,91.497335,72.741458,92.39531,91.059259,55.546409,54.502021,58.398508,107.90145,51.54824,126.80619,109.7603,103.47038,86.13856,72.637912,78.95164,33.277383,62.091182,96.990459,120.19671,54.193838,70.141395,89.840208,99.252211,128.94826,45.916284,93.508362,106.17075,97.906294,112.53622,134.43538,140.1984,60.795043,124.15027,68.837214,61.648779,159.97636,-1.145316,-0.31996845,-1.9631837,-307.45971,-17.580322,2.9943256,1131.72255,.
2031.0,513.2,5.3983,12.2168,169.85775,10056.519,0.0,0.0,0.0,0.0,0.0,0.0,0.0,0.0,0.0,0.0,0.0,0.0,0.0,0.0,0.0,0.0,0.0,0.0,0.0,0.0,0.0,0.0,0.0,0.0,0.0,0.0,0.0,0.0,0.0,0.0,0.0,0.0,0.0,0.0,0.0,0.0,0.0,0.0,0.0,0.0,0.0,0.0,0.0,0.0,0.0,0.0,0.0,0.0,0.0,0.0,0.0,0.0,0.0,0.0,0.0,0.0,0.0,0.0,0.0,0.0,0.0,0.0,0.0,0.0,19.815345,46.091074,0.0,39.68015,0.0,0.0,24.912622,89.349,173.879,64.3741,1.91,2.2441,0.0,0.13514154048716262,1.0000000005557304,0.9999999997544365,0.6532990384514882,0.982867138085097,0.0,0.0,0.0,0.0,0.0,0.0,0.0,0.0,0.0,0.0,0.0,0.0,0.0,0.0,0.0,0.0,0.0,0.0,0.0,0.0,0.0,0.0,0.0,0.0,0.0,0.0,0.0,0.0,0.0,0.0,0.0,0.0,0.0,0.0,0.0,0.0,0.0,0.0,0.0,0.0,0.0,0.0,0.0,0.0,0.0,0.0,0.0,0.0,0.0,0.0,0.0,0.0,0.0,0.0,0.0,0.0,0.0,0.0,0.0,0.0,0.0,0.0,0.0,0.0,0.06060616686151898,0.12121269858425704,0.0,0.15151598206499714,0.0,0.0,0.0707025378994493,0.9999999999776156,1.0000000000230043,0.999999999937863,0.2616079989042599,1.0000000003119278,0.0,2.9943493,-9.3515954,-4.9168447,-5.1911442,-2.9943493,92.175861,92.784832,72.489418,102.33453,95.07306,66.805836,56.834804,116.54772,46.352147,58.198411,83.662431,76.327056,128.52255,61.803803,23.207786,131.93692,110.40853,62.420298,98.719324,126.41679,73.602824,105.57066,49.626466,117.96949,122.64813,97.344453,130.96553,44.160708,38.096526,142.93909,100.27152,61.193365,104.21989,31.953508,123.53657,91.864045,73.053508,92.856026,92.350489,55.730142,55.233755,58.642388,109.39944,52.191708,127.00412,110.27059,103.60172,86.424886,72.856802,79.047018,33.31205,62.166634,97.219855,120.79484,54.257719,70.22542,89.950188,99.373781,129.12941,45.963955,93.706889,106.60443,98.264364,112.68917,127.56606,131.85329,46.906893,118.21425,68.564029,57.639979,148.77689,-1.4212863,-0.36158368,-2.4135324,-308.58462,-17.480058,2.9943493,1165.32314,.
2032.0,513.2,5.3983,12.2168,169.85775,10056.519,0.0,0.0,0.0,0.0,0.0,0.0,0.0,0.0,0.0,0.0,0.0,0.0,0.0,0.0,0.0,0.0,0.0,0.0,0.0,0.0,0.0,0.0,0.0,0.0,0.0,0.0,0.0,0.0,0.0,0.0,0.0,0.0,0.0,0.0,0.0,0.0,0.0,0.0,0.0,0.0,0.0,0.0,0.0,0.0,0.0,0.0,0.0,0.0,0.0,0.0,0.0,0.0,0.0,0.0,0.0,0.0,0.0,0.0,0.0,0.0,0.0,0.0,0.0,0.0,19.815345,46.091074,0.0,39.68015,0.0,0.0,21.355167,89.349,173.879,64.3741,1.84,2.2441,0.0,0.13514154048716265,1.0000000005557306,0.9999999997544367,0.6532990384514877,0.9828671380850975,0.0,0.0,0.0,0.0,0.0,0.0,0.0,0.0,0.0,0.0,0.0,0.0,0.0,0.0,0.0,0.0,0.0,0.0,0.0,0.0,0.0,0.0,0.0,0.0,0.0,0.0,0.0,0.0,0.0,0.0,0.0,0.0,0.0,0.0,0.0,0.0,0.0,0.0,0.0,0.0,0.0,0.0,0.0,0.0,0.0,0.0,0.0,0.0,0.0,0.0,0.0,0.0,0.0,0.0,0.0,0.0,0.0,0.0,0.0,0.0,0.0,0.0,0.0,0.0,0.06060616686151897,0.12121269858425704,0.0,0.1515159820649971,0.0,0.0,0.06060640683130702,0.9999999999776159,1.0000000000230047,0.9999999999378631,0.25202027119572684,1.0000000003119291,0.0,3.0005542,-9.3542618,-4.4821954,-5.2330086,-3.0005542,92.438382,92.925053,72.706392,102.49249,95.220434,66.913733,57.023237,116.72924,46.430418,58.294633,83.789503,76.443938,128.95429,61.941704,23.252014,132.33111,110.76606,62.584056,99.023366,126.78434,74.23452,105.83809,49.729173,118.2896,123.70232,97.594457,131.37502,44.250885,38.173449,144.18781,100.56489,61.319082,104.5488,32.016466,123.87967,92.088495,73.244054,93.136057,93.122225,55.843514,55.670297,58.791547,110.29572,52.57631,127.17421,110.73765,103.71671,86.705285,73.07618,79.12904,33.342122,62.230893,97.423528,121.33219,54.312375,70.297522,90.044338,99.478571,129.28469,46.00549,93.883689,107.00861,98.606137,112.82211,120.84161,122.13659,52.559865,111.52288,68.225138,56.142966,137.20815,-1.059701,-0.320369,-2.0312312,-309.19145,-17.383082,3.0005542,1197.9457,.
2033.0,513.2,5.3983,12.2168,169.85775,10056.519,0.0,0.0,0.0,0.0,0.0,0.0,0.0,0.0,0.0,0.0,0.0,0.0,0.0,0.0,0.0,0.0,0.0,0.0,0.0,0.0,0.0,0.0,0.0,0.0,0.0,0.0,0.0,0.0,0.0,0.0,0.0,0.0,0.0,0.0,0.0,0.0,0.0,0.0,0.0,0.0,0.0,0.0,0.0,0.0,0.0,0.0,0.0,0.0,0.0,0.0,0.0,0.0,0.0,0.0,0.0,0.0,0.0,0.0,0.0,0.0,0.0,0.0,0.0,0.0,23.117356,34.568301,-2.1284432e-14,39.68015,0.0,0.0,21.355167,89.349,173.879,64.3741,1.715,2.2441,0.0,0.13514154048716265,1.0000000005557308,0.9999999997544363,0.6532990384514878,0.9828671380850966,0.0,0.0,0.0,0.0,0.0,0.0,0.0,0.0,0.0,0.0,0.0,0.0,0.0,0.0,0.0,0.0,0.0,0.0,0.0,0.0,0.0,0.0,0.0,0.0,0.0,0.0,0.0,0.0,0.0,0.0,0.0,0.0,0.0,0.0,0.0,0.0,0.0,0.0,0.0,0.0,0.0,0.0,0.0,0.0,0.0,0.0,0.0,0.0,0.0,0.0,0.0,0.0,0.0,0.0,0.0,0.0,0.0,0.0,0.0,0.0,0.0,0.0,0.0,0.0,0.07070552317575782,0.09090951210385922,-1.2434924760923175e-16,0.15151598206499717,0.0,0.0,0.06060640683130702,0.9999999999776165,1.000000000023005,0.9999999999378634,0.23489932885906054,1.000000000311929,0.0,3.0202586,-9.3552183,-4.9213071,-5.2968839,-3.0202586,92.032684,92.889623,72.388573,102.44084,95.175853,66.888318,56.775547,116.66881,46.412913,58.273066,83.757592,76.415873,129.23116,62.034333,23.281586,132.57883,111.0011,62.69457,99.226436,127.01587,74.670269,106.01741,49.798217,118.49241,124.39159,97.759584,131.63628,44.311844,38.225577,144.99429,100.7496,61.403819,104.76691,32.058916,124.09671,92.237927,73.372294,93.323962,93.643187,55.920021,55.973304,58.892004,110.89416,52.840738,127.28227,111.0304,103.79067,86.884447,73.217014,79.181568,33.361203,62.271815,97.551798,121.66706,54.347197,70.343627,90.104623,99.545836,129.38378,46.032112,93.995507,107.26353,98.823177,112.90727,114.05298,111.69555,49.584779,105.34991,68.413362,54.612685,128.88637,-1.4299831,-0.36233485,-2.5144393,-310.49012,-17.543734,3.0202586,1229.4259299999999,.
2034.0,513.2,5.3983,12.2168,169.85775,10056.519,0.0,0.0,0.0,0.0,0.0,0.0,0.0,0.0,0.0,0.0,0.0,0.0,0.0,0.0,0.0,0.0,0.0,0.0,0.0,0.0,0.0,0.0,0.0,0.0,0.0,0.0,0.0,0.0,0.0,0.0,0.0,0.0,0.0,0.0,0.0,0.0,0.0,0.0,0.0,0.0,0.0,0.0,0.0,0.0,0.0,0.0,0.0,0.0,0.0,0.0,0.0,0.0,0.0,0.0,0.0,0.0,0.0,0.0,0.0,0.0,0.0,0.0,0.0,0.0,19.815345,11.522749,0.0,18.515956,0.0,0.0,21.355167,89.349,173.879,64.3741,1.659,2.2441,0.0,0.1351415404871626,1.0000000005557304,0.9999999997544362,0.653299038451488,0.9828671380850961,0.0,0.0,0.0,0.0,0.0,0.0,0.0,0.0,0.0,0.0,0.0,0.0,0.0,0.0,0.0,0.0,0.0,0.0,0.0,0.0,0.0,0.0,0.0,0.0,0.0,0.0,0.0,0.0,0.0,0.0,0.0,0.0,0.0,0.0,0.0,0.0,0.0,0.0,0.0,0.0,0.0,0.0,0.0,0.0,0.0,0.0,0.0,0.0,0.0,0.0,0.0,0.0,0.0,0.0,0.0,0.0,0.0,0.0,0.0,0.0,0.0,0.0,0.0,0.0,0.060606166861518956,0.030303123363952182,0.0,0.07070193175207946,0.0,0.0,0.060606406831307,0.9999999999776154,1.0000000000230043,0.9999999999378631,0.22722914669223424,1.0000000003119287,0.0,3.027156,-9.3476675,-5.0942478,-5.3452375,-3.027156,92.437457,93.020283,72.704452,102.59437,95.315711,66.981301,57.019435,116.84472,46.476919,58.353332,83.875324,76.522315,129.44385,62.104924,23.303881,132.76921,111.18152,62.77889,99.382082,127.19374,75.002875,106.15458,49.850664,118.64819,124.92144,97.885946,131.83706,44.358028,38.265082,145.61445,100.89148,61.468368,104.9342,32.091025,124.26351,92.351986,73.470063,93.467781,94.042423,55.978139,56.2048,58.968698,111.35377,53.042983,127.39,111.33936,103.86448,87.078488,73.370744,79.23318,33.379545,62.311668,97.683487,122.01757,54.381073,70.388784,90.163825,99.612226,129.48204,46.058005,94.110142,107.53443,99.055984,112.99222,107.59715,100.90457,34.662461,98.160667,68.421193,53.056359,116.43348,-1.5677513,-0.37899317,-2.6415955,-311.95073,-17.565704,3.027156,1258.3455999999999,.
2035.0,513.2,5.3983,12.2168,169.85775,10056.519,0.0,0.0,0.0,0.0,0.0,0.0,0.0,0.0,0.0,0.0,0.0,0.0,0.0,0.0,0.0,0.0,0.0,0.0,0.0,0.0,0.0,0.0,0.0,0.0,0.0,0.0,0.0,0.0,0.0,0.0,0.0,0.0,0.0,0.0,0.0,0.0,0.0,0.0,0.0,0.0,0.0,0.0,0.0,0.0,0.0,0.0,0.0,0.0,0.0,0.0,0.0,0.0,0.0,0.0,0.0,0.0,0.0,0.0,0.0,0.0,0.0,0.0,0.0,0.0,19.815345,1.4822056e-29,0.0,15.872082,0.0,14.017588,21.355167,89.349,173.879,64.3741,1.606,2.2441,0.0,0.13514154048716265,1.0000000005557306,0.9999999997544368,0.6532990384514878,0.9828671380850973,0.0,0.0,0.0,0.0,0.0,0.0,0.0,0.0,0.0,0.0,0.0,0.0,0.0,0.0,0.0,0.0,0.0,0.0,0.0,0.0,0.0,0.0,0.0,0.0,0.0,0.0,0.0,0.0,0.0,0.0,0.0,0.0,0.0,0.0,0.0,0.0,0.0,0.0,0.0,0.0,0.0,0.0,0.0,0.0,0.0,0.0,0.0,0.0,0.0,0.0,0.0,0.0,0.0,0.0,0.0,0.0,0.0,0.0,0.0,0.0,0.0,0.0,0.0,0.0,0.06060616686151899,3.8979812150330417e-32,0.0,0.06060647683151813,0.0,0.030303186913974392,0.06060640683130703,0.9999999999776156,1.0000000000230045,0.999999999937863,0.21996986714148778,1.0000000003119294,0.0,3.0292187,-9.3462421,-4.6503098,-5.387023,-3.0292187,92.978719,93.176844,73.129352,102.78008,95.484786,67.094256,57.351902,117.05795,46.555348,58.451262,84.016499,76.650084,129.63134,62.164266,23.322333,132.93897,111.33776,62.849919,99.515105,127.35201,75.284099,106.27084,49.894586,118.78599,125.3882,97.994178,132.01444,44.396373,38.297743,146.16553,101.01769,61.52229,105.07804,32.117603,124.41129,92.448841,73.552529,93.590178,94.385853,56.026495,56.399696,59.033324,111.75263,53.214361,124.65544,101.65268,101.99587,80.573808,68.115803,78.000083,32.966129,61.387331,93.922622,111.27854,53.59595,69.321124,88.756496,98.004328,127.05166,45.45696,90.858167,98.886688,91.442111,110.84241,101.50675,89.634582,36.122593,90.369633,68.210543,50.562073,100.48094,-1.6619946,-0.38943561,-2.1808701,-312.60579,-17.528984,3.0292187,1286.27451,.
2036.0,513.2,5.3983,12.2168,169.85775,10056.519,0.0,0.0,0.0,0.0,0.0,0.0,0.0,0.0,0.0,0.0,0.0,0.0,0.0,0.0,0.0,0.0,0.0,0.0,0.0,0.0,0.0,0.0,0.0,0.0,0.0,0.0,0.0,0.0,0.0,0.0,0.0,0.0,0.0,0.0,0.0,0.0,0.0,0.0,0.0,0.0,0.0,0.0,0.0,0.0,0.0,0.0,0.0,0.0,0.0,0.0,0.0,0.0,0.0,0.0,0.0,0.0,0.0,0.0,0.0,0.0,0.0,0.0,0.0,0.0,19.815345,3.0238339e-29,0.0,7.9360213,0.0,14.017588,21.355167,89.349,173.879,64.3741,1.51,2.2441,0.0,0.13514154048716265,1.0000000005557306,0.9999999997544363,0.6532990384514877,0.9828671380850975,0.0,0.0,0.0,0.0,0.0,0.0,0.0,0.0,0.0,0.0,0.0,0.0,0.0,0.0,0.0,0.0,0.0,0.0,0.0,0.0,0.0,0.0,0.0,0.0,0.0,0.0,0.0,0.0,0.0,0.0,0.0,0.0,0.0,0.0,0.0,0.0,0.0,0.0,0.0,0.0,0.0,0.0,0.0,0.0,0.0,0.0,0.0,0.0,0.0,0.0,0.0,0.0,0.0,0.0,0.0,0.0,0.0,0.0,0.0,0.0,0.0,0.0,0.0,0.0,0.06060616686151899,7.95223533063166e-32,0.0,0.030303163192635,0.0,0.03030318691397439,0.06060640683130703,0.9999999999776156,1.0000000000230045,0.9999999999378634,0.206820983426928,1.0000000003119294,0.0,3.0292335,-9.3527032,-4.4273441,-5.4250885,-3.0292335,93.408928,93.305014,73.469636,102.93148,95.623145,67.188353,57.622588,117.232,46.621448,58.533417,84.132206,76.755141,129.77697,62.207804,23.335796,133.07356,111.45591,62.901832,99.613818,127.47717,75.485723,106.35657,49.92664,118.89427,125.74448,98.07536,132.15294,44.424208,38.321322,146.5917,101.11753,61.561632,105.18572,32.13687,124.52764,92.52074,73.612979,93.680498,94.638714,56.061684,56.538437,59.080643,112.05018,53.337759,123.99873,99.119389,101.5722,78.95335,66.828932,77.725102,32.880991,61.180775,92.973857,108.43606,53.422897,69.083841,88.44064,97.643371,126.48154,45.332064,90.04772,96.658365,89.512606,110.34445,94.892008,76.725605,37.662963,82.183479,68.492232,48.309725,90.664749,-1.1757297,-0.33592237,-2.0754946,-312.91029,-16.580566,3.0292335,1312.024,.
2037.0,513.2,5.3983,12.2168,169.85775,9992.1229,0.0,0.0,0.0,0.0,0.0,0.0,0.0,0.0,0.0,0.0,0.0,0.0,0.0,0.0,0.0,0.0,0.0,0.0,0.0,0.0,0.0,0.0,0.0,0.0,0.0,0.0,0.0,0.0,0.0,0.0,0.0,0.0,0.0,0.0,0.0,0.0,0.0,0.0,0.0,0.0,0.0,0.0,0.0,0.0,0.0,0.0,0.0,0.0,0.0,0.0,0.0,0.0,0.0,0.0,0.0,0.0,0.0,0.0,0.0,0.0,0.0,0.0,0.0,0.0,19.815345,0.0,-1.4279637e-16,7.9360213,0.0,14.017588,10.677569,89.349,173.879,64.3741,1.466,2.2441,0.0,0.13514154048716262,1.0000000005557306,0.9999999997544372,0.653299038451488,0.9765734284514879,0.0,0.0,0.0,0.0,0.0,0.0,0.0,0.0,0.0,0.0,0.0,0.0,0.0,0.0,0.0,0.0,0.0,0.0,0.0,0.0,0.0,0.0,0.0,0.0,0.0,0.0,0.0,0.0,0.0,0.0,0.0,0.0,0.0,0.0,0.0,0.0,0.0,0.0,0.0,0.0,0.0,0.0,0.0,0.0,0.0,0.0,0.0,0.0,0.0,0.0,0.0,0.0,0.0,0.0,0.0,0.0,0.0,0.0,0.0,0.0,0.0,0.0,0.0,0.0,0.06060616686151898,0.0,-8.342539359673525e-19,0.030303163192634992,0.0,0.03030318691397438,0.03030316226435279,0.9999999999776168,1.0000000000230052,0.9999999999378631,0.20079441172442164,1.0000000003119283,0.0,3.0299172,-9.3500847,-4.3774331,-5.4861817,-3.0299172,93.766053,93.406292,73.753279,103.0516,95.732962,67.263513,57.850217,117.37028,46.674655,58.599302,84.223719,76.838332,129.82054,62.219078,23.339565,133.11953,111.48685,62.913789,99.637228,127.51977,75.507739,106.37795,49.93499,118.93095,125.82145,98.097615,132.19646,44.431362,38.327198,146.69226,101.15153,61.571941,105.21247,32.141901,124.56711,92.539661,73.627159,93.701258,94.678525,56.070828,56.552577,59.091917,112.10403,53.353194,123.08384,95.625577,100.97926,76.71243,65.046462,77.339056,32.760272,60.890607,91.659455,104.51676,53.179513,68.750536,87.997428,97.137184,125.68552,45.155347,88.924257,93.583098,86.847467,109.64884,88.042891,82.571883,39.275789,73.241564,68.925949,46.771412,82.736463,-1.4938927,-0.37140553,-2.564104,-314.77315,-17.214086,3.0299172,1336.0058399999998,.
2038.0,513.2,5.3983,12.2168,169.85775,9992.1229,0.0,0.0,0.0,0.0,0.0,0.0,0.0,0.0,0.0,0.0,0.0,0.0,0.0,0.0,0.0,0.0,0.0,0.0,0.0,0.0,0.0,0.0,0.0,0.0,0.0,0.0,0.0,0.0,0.0,0.0,0.0,0.0,0.0,0.0,0.0,0.0,0.0,0.0,0.0,0.0,0.0,0.0,0.0,0.0,0.0,0.0,0.0,0.0,0.0,0.0,0.0,0.0,0.0,0.0,0.0,0.0,0.0,0.0,0.0,0.0,0.0,0.0,0.0,0.0,19.815345,0.0,0.0,7.9360213,0.0,14.017588,10.677569,89.349,173.879,64.3741,1.386,2.2441,0.0,0.13514154048716265,1.000000000555731,0.9999999997544369,0.653299038451488,0.9765734284514915,0.0,0.0,0.0,0.0,0.0,0.0,0.0,0.0,0.0,0.0,0.0,0.0,0.0,0.0,0.0,0.0,0.0,0.0,0.0,0.0,0.0,0.0,0.0,0.0,0.0,0.0,0.0,0.0,0.0,0.0,0.0,0.0,0.0,0.0,0.0,0.0,0.0,0.0,0.0,0.0,0.0,0.0,0.0,0.0,0.0,0.0,0.0,0.0,0.0,0.0,0.0,0.0,0.0,0.0,0.0,0.0,0.0,0.0,0.0,0.0,0.0,0.0,0.0,0.0,0.06060616686151899,0.0,0.0,0.030303163192635,0.0,0.03030318691397439,0.030303162264352798,0.9999999999776159,1.000000000023005,0.9999999999378634,0.18983700862895514,1.0000000003119287,0.0,3.0330236,-9.3474182,-4.3663637,-5.5359447,-3.0330236,93.922632,93.450903,73.878037,103.10444,95.781346,67.296868,57.951004,117.43115,46.698403,58.628632,84.264059,76.875054,129.78527,62.207981,23.336713,133.09445,111.4535,62.898089,99.606912,127.49654,75.407094,106.35412,49.927185,118.91121,125.68797,98.077232,132.16593,44.424473,38.321195,146.54224,101.13297,61.562411,105.18062,32.137322,124.54575,92.521028,73.609188,93.672905,94.566728,56.062229,56.482478,59.07816,111.98082,53.294414,122.22962,92.271534,100.43708,74.594564,63.370195,76.987868,32.653452,60.626325,90.411231,100.73852,52.958945,68.44767,87.593394,96.675805,124.94858,44.998682,87.862252,90.64535,84.315316,109.00784,80.110985,72.326346,-45.350021,63.686186,69.635969,45.214411,69.866498,-1.1357489,-0.33063967,-2.219687,-315.57542,-17.45551,3.0330236,1357.89696,.
2039.0,513.2,5.3983,12.2168,169.85775,9992.1229,0.0,0.0,0.0,0.0,0.0,0.0,0.0,0.0,0.0,0.0,0.0,0.0,0.0,0.0,0.0,0.0,0.0,0.0,0.0,0.0,0.0,0.0,0.0,0.0,0.0,0.0,0.0,0.0,0.0,0.0,0.0,0.0,0.0,0.0,0.0,0.0,0.0,0.0,0.0,0.0,0.0,0.0,0.0,0.0,0.0,0.0,0.0,0.0,0.0,0.0,0.0,0.0,0.0,0.0,0.0,0.0,0.0,0.0,0.0,0.0,0.0,0.0,0.0,0.0,19.815345,-4.5723821e-14,0.0,7.9360213,0.0,14.017588,10.677569,89.349,173.879,64.3741,1.314,2.2441,0.0,0.13514154048716262,1.0000000005557306,0.9999999997544367,0.653299038451488,0.9765734284514909,0.0,0.0,0.0,0.0,0.0,0.0,0.0,0.0,0.0,0.0,0.0,0.0,0.0,0.0,0.0,0.0,0.0,0.0,0.0,0.0,0.0,0.0,0.0,0.0,0.0,0.0,0.0,0.0,0.0,0.0,0.0,0.0,0.0,0.0,0.0,0.0,0.0,0.0,0.0,0.0,0.0,0.0,0.0,0.0,0.0,0.0,0.0,0.0,0.0,0.0,0.0,0.0,0.0,0.0,0.0,0.0,0.0,0.0,0.0,0.0,0.0,0.0,0.0,0.0,0.06060616686151897,-1.2024687758400945e-16,0.0,0.030303163192634992,0.0,0.03030318691397439,0.030303162264352788,0.9999999999776159,1.0000000000230045,0.999999999937863,0.17997534584303534,1.0000000003119278,0.0,3.0366648,-9.3435347,-4.457702,-5.6005559,-3.0366648,93.966969,93.463751,73.913235,103.11965,95.795253,67.306388,57.979221,117.44865,46.705137,58.636974,84.275668,76.885608,129.79359,62.21302,23.338695,133.10266,111.46136,62.903212,99.614473,127.50453,75.414489,106.36248,49.931329,118.91894,125.6941,98.084656,132.17437,44.428201,38.324484,146.54818,101.13931,61.567491,105.18833,32.140063,124.55374,92.528347,73.61521,93.680197,94.573797,56.066907,56.487975,59.082937,111.98793,53.299136,121.43937,89.059184,99.946818,72.593754,61.793323,76.672801,32.560764,60.389132,89.231358,97.107022,52.762058,68.176408,87.230106,96.260808,124.27372,44.862352,86.863376,87.844065,81.912226,108.42332,74.258843,73.488682,-64.467234,56.134127,70.446907,43.625461,50.927246,-1.5618223,-0.37835065,-2.68963,-316.90989,-17.570536,3.0366648,1378.64844,.
2040.0,513.2,5.3983,12.2168,169.85775,9992.1229,0.0,0.0,0.0,0.0,0.0,0.0,0.0,0.0,0.0,0.0,0.0,0.0,0.0,0.0,0.0,0.0,0.0,0.0,0.0,0.0,0.0,0.0,0.0,0.0,0.0,0.0,0.0,0.0,0.0,0.0,0.0,0.0,0.0,0.0,0.0,0.0,0.0,0.0,0.0,0.0,0.0,0.0,0.0,0.0,0.0,0.0,0.0,0.0,0.0,0.0,0.0,0.0,0.0,0.0,0.0,0.0,0.0,0.0,0.0,0.0,0.0,0.0,0.0,0.0,9.9076601,0.0,0.0,-1.1727789e-14,0.0,14.017588,10.677569,89.349,173.879,64.3741,1.281,2.2441,0.0,0.1351415404871626,1.0000000005557308,0.9999999997544367,0.6532990384514877,0.9765734284514924,0.0,0.0,0.0,0.0,0.0,0.0,0.0,0.0,0.0,0.0,0.0,0.0,0.0,0.0,0.0,0.0,0.0,0.0,0.0,0.0,0.0,0.0,0.0,0.0,0.0,0.0,0.0,0.0,0.0,0.0,0.0,0.0,0.0,0.0,0.0,0.0,0.0,0.0,0.0,0.0,0.0,0.0,0.0,0.0,0.0,0.0,0.0,0.0,0.0,0.0,0.0,0.0,0.0,0.0,0.0,0.0,0.0,0.0,0.0,0.0,0.0,0.0,0.0,0.0,0.030303045504774886,0.0,0.0,-4.478177294657583e-17,0.0,0.030303186913974385,0.030303162264352788,0.9999999999776156,1.000000000023004,0.999999999937863,0.17545541706615553,1.000000000311929,0.0,3.0373365,-9.3447539,-4.4196287,-5.6472716,-3.0373365,93.967467,93.465841,73.913799,103.12189,95.797375,67.308,57.979959,117.45121,46.706307,58.638417,84.277562,76.88736,129.80409,62.218952,23.340928,133.11242,111.47143,62.909486,99.624121,127.51401,75.427599,106.37265,49.936133,118.92803,125.70725,98.093583,132.18474,44.432514,38.328272,146.5617,101.14682,61.573381,105.19821,32.143196,124.56316,92.537062,73.622528,93.689452,94.587135,56.072328,56.497579,59.088741,112.0019,53.307294,120.60258,85.590071,99.431935,70.436075,60.092951,76.343787,32.465453,60.14187,87.966227,93.183677,52.557148,67.893499,86.850624,95.826827,123.56271,44.721811,85.794557,84.821031,79.320195,107.80766,68.850156,41.280809,-83.813289,51.38597,70.930627,43.17765,42.309406,-1.2276517,-0.34123536,-2.262677,-317.46632,-16.567777,3.0373365,1398.1508,.
2041.0,600.5,5.3983,12.2168,169.85775,9992.1229,0.0,0.0,0.0,0.0,0.0,0.0,0.0,0.0,0.0,0.0,0.0,0.0,0.0,0.0,0.0,0.0,0.0,0.0,0.0,0.0,0.0,0.0,0.0,0.0,0.0,0.0,0.0,0.0,0.0,0.0,0.0,0.0,0.0,0.0,0.0,0.0,0.0,0.0,0.0,0.0,0.0,0.0,0.0,0.0,0.0,0.0,0.0,0.0,0.0,0.0,0.0,0.0,0.0,0.0,0.0,0.0,0.0,0.0,0.0,0.0,0.0,0.0,0.0,0.0,9.9076601,0.0,0.0,0.0,0.0,14.017588,3.6526571e-15,89.349,173.879,64.3741,1.219,2.2441,0.0,0.15813034891375907,1.0000000005557308,0.9999999997544365,0.6532990384514875,0.9765734284514892,0.0,0.0,0.0,0.0,0.0,0.0,0.0,0.0,0.0,0.0,0.0,0.0,0.0,0.0,0.0,0.0,0.0,0.0,0.0,0.0,0.0,0.0,0.0,0.0,0.0,0.0,0.0,0.0,0.0,0.0,0.0,0.0,0.0,0.0,0.0,0.0,0.0,0.0,0.0,0.0,0.0,0.0,0.0,0.0,0.0,0.0,0.0,0.0,0.0,0.0,0.0,0.0,0.0,0.0,0.0,0.0,0.0,0.0,0.0,0.0,0.0,0.0,0.0,0.0,0.030303045504774903,0.0,0.0,0.0,0.0,0.03030318691397439,1.0366316602340881e-17,0.999999999977615,1.0000000000230045,0.9999999999378636,0.16696342966716912,1.0000000003119296,0.0,3.0374543,-9.3531846,-4.3123373,-5.7277471,-3.0374543,93.864173,93.446529,73.832613,103.09775,95.775691,67.293975,57.916247,117.42334,46.696525,58.626275,84.260139,76.871676,129.84352,62.233936,23.345841,133.14647,111.50663,62.927289,99.655641,127.54608,75.49751,106.40111,49.947516,118.9566,125.80567,98.119089,132.22167,44.442618,38.337019,146.67392,101.17237,61.58731,105.23151,32.150292,124.59355,92.560706,73.643158,93.718956,94.666814,56.084992,56.546606,59.104882,112.0911,53.349339,119.3032,80.387304,98.608409,67.130361,57.468492,75.813504,32.304791,59.744134,86.042938,87.330889,52.224982,67.436705,86.241121,95.12955,122.44596,44.48585,84.160552,80.258035,75.378833,106.83399,61.347427,65.404665,-81.941869,41.239264,71.550885,40.432475,34.460819,-1.5235199,-0.3751285,-2.5367936,-318.50594,-17.085183,3.0374543,1416.6523,.
2042.0,600.5,5.3983,12.2168,169.85775,9934.8819,0.0,0.0,0.0,0.0,0.0,0.0,0.0,0.0,0.0,0.0,0.0,0.0,0.0,0.0,0.0,0.0,0.0,0.0,0.0,0.0,0.0,0.0,0.0,0.0,0.0,0.0,0.0,0.0,0.0,0.0,0.0,0.0,0.0,0.0,0.0,0.0,0.0,0.0,0.0,0.0,0.0,0.0,0.0,0.0,0.0,0.0,0.0,0.0,0.0,0.0,0.0,0.0,0.0,0.0,0.0,0.0,0.0,0.0,0.0,0.0,0.0,0.0,0.0,0.0,9.9076601,0.0,0.0,0.0,0.0,14.017588,1.1324095e-13,89.349,173.879,64.3741,1.136,2.2441,0.0,0.15813034891375904,1.0000000005557308,0.9999999997544363,0.6532990384514877,0.9709790177164108,0.0,0.0,0.0,0.0,0.0,0.0,0.0,0.0,0.0,0.0,0.0,0.0,0.0,0.0,0.0,0.0,0.0,0.0,0.0,0.0,0.0,0.0,0.0,0.0,0.0,0.0,0.0,0.0,0.0,0.0,0.0,0.0,0.0,0.0,0.0,0.0,0.0,0.0,0.0,0.0,0.0,0.0,0.0,0.0,0.0,0.0,0.0,0.0,0.0,0.0,0.0,0.0,0.0,0.0,0.0,0.0,0.0,0.0,0.0,0.0,0.0,0.0,0.0,0.0,0.030303045504774886,0.0,0.0,0.0,0.0,0.030303186913974385,3.21380164606706e-16,0.9999999999776154,1.000000000023005,0.9999999999378634,0.15559512395562267,1.000000000311929,0.0,3.0377546,-9.3502159,-4.2899463,-5.7834126,-3.0377546,93.726629,93.42238,73.724113,103.06733,95.748351,67.276168,57.830417,117.38812,46.68398,58.610779,84.23833,76.852017,126.92079,61.317098,23.074277,130.70933,108.96128,61.752928,97.431751,125.28096,69.600904,104.54481,49.280541,117.00494,117.06527,96.441384,129.54748,43.855611,37.831626,136.56958,99.362734,60.772081,102.85436,31.747406,122.49316,91.04474,72.284992,91.657588,87.825451,55.349712,52.461142,58.053319,104.36134,49.846822,118.61152,77.181211,98.21149,65.188417,55.951355,75.568991,32.243519,59.561387,84.919849,83.682333,52.076347,67.228061,85.95724,94.803335,121.87778,44.39351,83.224184,77.488374,73.025559,106.34662,54.997385,51.970224,-80.011742,42.169978,72.305922,38.846198,32.510206,-1.5904217,-0.38314905,-2.2073416,-319.88911,-17.251316,3.0377546,1432.5288,.
2043.0,600.5,5.3983,12.2168,169.85775,9934.8819,0.0,0.0,0.0,0.0,0.0,0.0,0.0,0.0,0.0,0.0,0.0,0.0,0.0,0.0,0.0,0.0,0.0,0.0,0.0,0.0,0.0,0.0,0.0,0.0,0.0,0.0,0.0,0.0,0.0,0.0,0.0,0.0,0.0,0.0,0.0,0.0,0.0,0.0,0.0,0.0,0.0,0.0,0.0,0.0,0.0,0.0,0.0,0.0,0.0,0.0,0.0,0.0,0.0,0.0,0.0,0.0,0.0,0.0,0.0,0.0,0.0,0.0,0.0,0.0,1.1081347e-16,0.0,0.0,-3.8673154e-14,0.0,14.017588,-1.1324095e-13,89.349,173.879,64.3741,1.087,2.2441,0.0,0.158130348913759,1.0000000005557301,0.9999999997544368,0.6532990384514877,0.9709790177164093,0.0,0.0,0.0,0.0,0.0,0.0,0.0,0.0,0.0,0.0,0.0,0.0,0.0,0.0,0.0,0.0,0.0,0.0,0.0,0.0,0.0,0.0,0.0,0.0,0.0,0.0,0.0,0.0,0.0,0.0,0.0,0.0,0.0,0.0,0.0,0.0,0.0,0.0,0.0,0.0,0.0,0.0,0.0,0.0,0.0,0.0,0.0,0.0,0.0,0.0,0.0,0.0,0.0,0.0,0.0,0.0,0.0,0.0,0.0,0.0,0.0,0.0,0.0,0.0,3.38928222209804e-19,0.0,0.0,-1.476708356158148e-16,0.0,0.030303186913974395,-3.21380164606706e-16,0.9999999999776161,1.0000000000230045,0.999999999937863,0.14888371455964955,1.0000000003119294,0.0,3.0377805,-9.3473704,-4.2900331,-5.8507747,-3.0377805,93.755346,93.435675,73.746137,103.08255,95.762273,67.285407,57.846745,117.40548,46.690233,58.618694,84.250291,76.862823,126.34247,61.188899,23.044591,130.22504,108.48783,61.569945,97.041545,124.83811,68.438094,104.25357,49.195993,116.63942,115.12305,96.167674,129.02387,43.783576,37.771978,134.27139,99.008144,60.668864,102.42537,31.701126,122.09362,90.812912,72.074693,91.304083,86.405534,55.258952,51.664498,57.89144,102.71428,49.154552,117.90379,73.800071,97.809397,63.132472,54.342352,75.324612,32.184411,59.379603,83.74735,79.83874,51.929169,67.020169,85.673517,94.476133,121.30109,44.303628,82.248711,74.565332,70.538549,105.85111,51.868838,53.411533,-78.032401,43.144652,73.155203,38.066217,30.670006,-1.6708249,-0.39275581,-2.6328324,-321.51833,-17.508526,3.0377805,1448.83712,.
2044.0,600.5,5.3983,12.2168,169.85775,9934.8819,0.0,0.0,0.0,0.0,0.0,0.0,0.0,0.0,0.0,0.0,0.0,0.0,0.0,0.0,0.0,0.0,0.0,0.0,0.0,0.0,0.0,0.0,0.0,0.0,0.0,0.0,0.0,0.0,0.0,0.0,0.0,0.0,0.0,0.0,0.0,0.0,0.0,0.0,0.0,0.0,0.0,0.0,0.0,0.0,0.0,0.0,0.0,0.0,0.0,0.0,0.0,0.0,0.0,0.0,0.0,0.0,0.0,0.0,0.0,0.0,0.0,0.0,0.0,0.0,0.0,0.0,0.0,0.0,0.0,14.017588,0.0,89.349,173.879,64.3741,1.042,2.2441,0.0,0.1581303489137591,1.0000000005557306,0.9999999997544368,0.6532990384514878,0.9709790177164122,0.0,0.0,0.0,0.0,0.0,0.0,0.0,0.0,0.0,0.0,0.0,0.0,0.0,0.0,0.0,0.0,0.0,0.0,0.0,0.0,0.0,0.0,0.0,0.0,0.0,0.0,0.0,0.0,0.0,0.0,0.0,0.0,0.0,0.0,0.0,0.0,0.0,0.0,0.0,0.0,0.0,0.0,0.0,0.0,0.0,0.0,0.0,0.0,0.0,0.0,0.0,0.0,0.0,0.0,0.0,0.0,0.0,0.0,0.0,0.0,0.0,0.0,0.0,0.0,0.0,0.0,0.0,0.0,0.0,0.03030318691397439,0.0,0.9999999999776155,1.0000000000230052,0.999999999937863,0.14272017531844966,1.000000000311929,0.0,3.0378026,-9.345219,-4.290604,-5.9201155,-3.0378026,93.804411,93.454158,73.78448,103.10399,95.781884,67.298618,57.876438,117.43001,46.699347,58.630125,84.266947,76.877916,125.59538,61.018067,23.004082,129.60567,107.87077,61.326542,96.528551,124.27153,66.885298,103.86876,49.082345,116.17138,112.58963,95.808672,128.34985,43.686078,37.690471,131.28368,98.554343,60.530278,101.86383,31.638004,121.58218,90.505859,71.79434,90.837688,84.531118,55.136714,50.601031,57.676464,100.55264,48.234235,117.2763,70.573645,97.467912,61.181861,52.818383,75.124309,32.142372,59.232033,82.655392,76.167166,51.81146,66.85105,85.440107,94.205048,120.8018,44.237718,81.346529,71.782431,68.175321,105.42319,43.685464,54.915018,26.120643,6.0986382,74.019343,36.051182,-0.41422348,-1.6583671,-0.39139576,-2.2215806,-322.12908,-16.570937,3.0378026,1464.28748,.
2045.0,600.5,5.3983,12.2168,169.85775,9934.8819,0.0,0.0,0.0,0.0,0.0,0.0,0.0,0.0,0.0,0.0,0.0,0.0,0.0,0.0,0.0,0.0,0.0,0.0,0.0,0.0,0.0,0.0,0.0,0.0,0.0,0.0,0.0,0.0,0.0,0.0,0.0,0.0,0.0,0.0,0.0,0.0,0.0,0.0,0.0,0.0,0.0,0.0,0.0,0.0,0.0,0.0,0.0,0.0,0.0,0.0,0.0,0.0,0.0,0.0,0.0,0.0,0.0,0.0,0.0,0.0,0.0,0.0,0.0,0.0,0.0,0.0,0.0,0.0,0.0,14.017588,0.0,89.349,173.879,64.3741,0.979,2.2441,0.0,0.15813034891375904,1.0000000005557308,0.9999999997544367,0.6532990384514877,0.9709790177164093,0.0,0.0,0.0,0.0,0.0,0.0,0.0,0.0,0.0,0.0,0.0,0.0,0.0,0.0,0.0,0.0,0.0,0.0,0.0,0.0,0.0,0.0,0.0,0.0,0.0,0.0,0.0,0.0,0.0,0.0,0.0,0.0,0.0,0.0,0.0,0.0,0.0,0.0,0.0,0.0,0.0,0.0,0.0,0.0,0.0,0.0,0.0,0.0,0.0,0.0,0.0,0.0,0.0,0.0,0.0,0.0,0.0,0.0,0.0,0.0,0.0,0.0,0.0,0.0,0.0,0.0,0.0,0.0,0.0,0.030303186913974378,0.0,0.9999999999776158,1.000000000023004,0.9999999999378634,0.1340912203807699,1.0000000003119283,0.0,3.0378177,-9.3435145,-4.2898366,-5.9916889,-3.0378177,93.909549,93.484133,73.867309,103.13957,95.814314,67.32043,57.941757,117.4709,46.714581,58.649098,84.293991,76.902422,125.03376,60.918175,22.986932,129.14944,107.41836,61.166243,96.16246,123.85879,65.636334,103.61809,49.022999,115.84106,110.49468,95.570283,127.85108,43.636243,37.650287,128.79702,98.22301,60.45791,101.45777,31.60848,121.21686,90.310192,71.610069,90.508273,83.007732,55.074675,49.751784,57.537093,98.787041,47.498799,116.67157,67.296844,97.146985,59.194999,51.264271,74.941819,32.108546,59.099185,81.564659,72.442393,51.706574,66.698063,85.22712,93.955844,120.32866,44.182845,80.448729,68.954949,65.771613,105.01708,46.163081,2.5990709,7.0918854,-5.9512342,74.276243,34.010549,26.171584,-1.2145901,-0.39306835,-2.139743,-322.45129,-16.108969,3.0378177,1479.13612,.
2046.0,600.5,5.3983,12.2168,169.85775,9877.641,0.0,0.0,0.0,0.0,0.0,0.0,0.0,0.0,0.0,0.0,0.0,0.0,0.0,0.0,0.0,0.0,0.0,0.0,0.0,0.0,0.0,0.0,0.0,0.0,0.0,0.0,0.0,0.0,0.0,0.0,0.0,0.0,0.0,0.0,0.0,0.0,0.0,0.0,0.0,0.0,0.0,0.0,0.0,0.0,0.0,0.0,0.0,0.0,0.0,0.0,0.0,0.0,0.0,0.0,0.0,0.0,0.0,0.0,0.0,0.0,0.0,0.0,0.0,0.0,0.0,0.0,0.0,0.0,0.0,28.035154,-1.1227004e-13,89.349,173.879,64.3741,0.941,2.2441,0.0,0.15813034891375907,1.0000000005557308,0.9999999997544372,0.6532990384514877,0.9653846167547652,0.0,0.0,0.0,0.0,0.0,0.0,0.0,0.0,0.0,0.0,0.0,0.0,0.0,0.0,0.0,0.0,0.0,0.0,0.0,0.0,0.0,0.0,0.0,0.0,0.0,0.0,0.0,0.0,0.0,0.0,0.0,0.0,0.0,0.0,0.0,0.0,0.0,0.0,0.0,0.0,0.0,0.0,0.0,0.0,0.0,0.0,0.0,0.0,0.0,0.0,0.0,0.0,0.0,0.0,0.0,0.0,0.0,0.0,0.0,0.0,0.0,0.0,0.0,0.0,0.0,0.0,0.0,0.0,0.0,0.060606326268403427,-3.1862470189098087e-16,0.9999999999776159,1.0000000000230045,0.9999999999378631,0.12888645391042333,1.0000000003119285,0.0,3.0379088,-9.3448465,-4.3054902,-6.0661289,-3.0379088,88.202084,92.341327,69.378386,101.7255,94.540072,66.489186,54.413962,115.83882,46.134076,57.928401,83.26283,75.972822,124.65616,60.884949,22.99134,128.85871,107.12512,61.083316,95.935197,123.60179,64.663717,103.4937,49.013695,115.64897,108.8273,95.447169,127.52728,43.631376,37.647667,126.80613,98.015595,60.446819,101.2003,31.609822,120.99876,90.219608,71.515367,90.308349,81.813181,55.067982,49.096793,57.468206,97.398435,46.932929,116.37915,64.984422,97.044305,57.850559,50.227899,74.908143,32.127026,59.079347,80.871024,69.79129,51.698106,66.674683,85.184105,93.899131,120.13931,44.202941,79.897557,66.987623,64.122814,104.86027,40.569759,4.2543086,-11.52337,-17.812203,74.449017,32.375323,25.751128,-1.5050585,-0.39263966,-2.0757528,-323.49705,-15.9241,3.0379088,1493.4157,.
2047.0,600.5,5.3983,12.2168,169.85775,9877.641,0.0,0.0,0.0,0.0,0.0,0.0,0.0,0.0,0.0,0.0,0.0,0.0,0.0,0.0,0.0,0.0,0.0,0.0,0.0,0.0,0.0,0.0,0.0,0.0,0.0,0.0,0.0,0.0,0.0,0.0,0.0,0.0,0.0,0.0,0.0,0.0,0.0,0.0,0.0,0.0,0.0,0.0,0.0,0.0,0.0,0.0,0.0,0.0,0.0,0.0,0.0,0.0,0.0,0.0,0.0,0.0,0.0,0.0,0.0,0.0,0.0,0.0,0.0,0.0,0.0,0.0,0.0,0.0,0.0,28.035154,0.0,89.349,173.879,64.3741,0.889,2.2441,0.0,0.15813034891375907,1.0000000005557308,0.9999999997544367,0.6532990384514878,0.9653846167547644,0.0,0.0,0.0,0.0,0.0,0.0,0.0,0.0,0.0,0.0,0.0,0.0,0.0,0.0,0.0,0.0,0.0,0.0,0.0,0.0,0.0,0.0,0.0,0.0,0.0,0.0,0.0,0.0,0.0,0.0,0.0,0.0,0.0,0.0,0.0,0.0,0.0,0.0,0.0,0.0,0.0,0.0,0.0,0.0,0.0,0.0,0.0,0.0,0.0,0.0,0.0,0.0,0.0,0.0,0.0,0.0,0.0,0.0,0.0,0.0,0.0,0.0,0.0,0.0,0.0,0.0,0.0,0.0,0.0,0.06060632626840344,0.0,0.9999999999776162,1.0000000000230045,0.9999999999378634,0.12176414189837018,1.0000000003119287,0.0,3.0383663,-9.3435593,-4.2899737,-6.1420831,-3.0383663,87.737999,92.382635,68.999166,101.75511,94.56963,66.508706,54.091184,115.86887,46.142923,57.942728,83.299264,76.005556,124.33817,60.874426,23.004012,128.63334,106.87796,61.022599,95.745976,123.40621,63.69505,103.40932,49.0215,115.51285,107.21199,95.362992,127.26552,43.641724,37.658619,124.88462,97.85725,60.458636,100.98443,31.622369,120.84035,90.16389,71.446604,90.142547,80.640142,55.081716,48.445959,57.42086,96.045016,46.375265,116.15735,62.800006,96.992131,56.578489,49.246663,74.912188,32.159951,59.089423,80.246569,67.290534,51.715167,66.684691,85.184528,93.89028,120.01755,44.243013,79.408345,65.130191,62.564935,104.76084,35.343682,-35.481302,-29.249237,-16.642524,74.715723,30.758426,18.389308,-1.6694405,-0.3983332,-2.5887323,-324.90493,-17.05794,3.0383663,1507.6907299999998,.
2048.0,600.5,5.3983,12.2168,169.85775,9877.641,0.0,0.0,0.0,0.0,0.0,0.0,0.0,0.0,0.0,0.0,0.0,0.0,0.0,0.0,0.0,0.0,0.0,0.0,0.0,0.0,0.0,0.0,0.0,0.0,0.0,0.0,0.0,0.0,0.0,0.0,0.0,0.0,0.0,0.0,0.0,0.0,0.0,0.0,0.0,0.0,0.0,0.0,0.0,0.0,0.0,0.0,0.0,0.0,0.0,0.0,0.0,0.0,0.0,0.0,0.0,0.0,0.0,0.0,0.0,0.0,0.0,0.0,0.0,0.0,0.0,0.0,0.0,0.0,0.0,42.052679,0.0,89.349,173.879,64.3741,0.842,2.2441,0.0,0.158130348913759,1.0000000005557308,0.9999999997544368,0.6532990384514878,0.9653846167547654,0.0,0.0,0.0,0.0,0.0,0.0,0.0,0.0,0.0,0.0,0.0,0.0,0.0,0.0,0.0,0.0,0.0,0.0,0.0,0.0,0.0,0.0,0.0,0.0,0.0,0.0,0.0,0.0,0.0,0.0,0.0,0.0,0.0,0.0,0.0,0.0,0.0,0.0,0.0,0.0,0.0,0.0,0.0,0.0,0.0,0.0,0.0,0.0,0.0,0.0,0.0,0.0,0.0,0.0,0.0,0.0,0.0,0.0,0.0,0.0,0.0,0.0,0.0,0.0,0.0,0.0,0.0,0.0,0.0,0.09090937698913432,0.0,0.9999999999776155,1.0000000000230043,0.9999999999378631,0.11532666757978376,1.0000000003119285,0.0,3.0390417,-9.3443196,-4.3077878,-6.2152507,-3.0390417,87.164634,92.448765,68.53658,101.80745,94.62192,66.547735,53.707286,115.92428,46.16594,57.974685,83.35817,76.059477,123.63875,60.746326,22.983192,128.10792,106.28973,60.80398,95.25454,122.93281,61.826837,103.0806,48.945532,115.1396,104.32456,95.062114,126.66265,43.577601,37.604671,121.5069,97.476427,60.367308,100.44745,31.584147,120.42561,89.91151,71.19578,89.695805,78.444311,55.002034,47.171873,57.233478,93.549251,45.288765,116.16305,61.299459,97.097399,55.751005,48.62128,75.024668,32.231079,59.182406,79.907246,65.557279,51.802817,66.789292,85.309027,94.021378,120.10267,44.337515,79.167606,63.878311,61.533904,104.8419,38.084936,-52.443699,20.689996,-41.426079,75.209399,29.017383,19.997872,-1.7613314,-0.40368734,-2.2643492,-325.66807,-16.451221,3.0390417,1521.77898,.
2049.0,600.5,5.3983,12.2168,154.83028,9816.8225,0.0,0.0,0.0,0.0,0.0,0.0,0.0,0.0,0.0,0.0,0.0,0.0,0.0,0.0,0.0,0.0,0.0,0.0,0.0,0.0,0.0,0.0,0.0,0.0,0.0,0.0,0.0,0.0,0.0,0.0,0.0,0.0,0.0,0.0,0.0,0.0,0.0,0.0,0.0,0.0,0.0,0.0,0.0,0.0,0.0,0.0,0.0,0.0,0.0,0.0,0.0,0.0,0.0,0.0,0.0,0.0,0.0,0.0,0.0,0.0,0.0,0.0,0.0,0.0,0.0,0.0,0.0,0.0,0.0,42.052679,1.16753e-13,89.349,173.879,64.3741,0.799,2.2441,0.0,0.15813034891375907,1.0000000005557306,0.9999999997544368,0.5955010769139154,0.9594405614571391,0.0,0.0,0.0,0.0,0.0,0.0,0.0,0.0,0.0,0.0,0.0,0.0,0.0,0.0,0.0,0.0,0.0,0.0,0.0,0.0,0.0,0.0,0.0,0.0,0.0,0.0,0.0,0.0,0.0,0.0,0.0,0.0,0.0,0.0,0.0,0.0,0.0,0.0,0.0,0.0,0.0,0.0,0.0,0.0,0.0,0.0,0.0,0.0,0.0,0.0,0.0,0.0,0.0,0.0,0.0,0.0,0.0,0.0,0.0,0.0,0.0,0.0,0.0,0.0,0.0,0.0,0.0,0.0,0.0,0.09090937698913434,3.31347435343193e-16,0.9999999999776151,1.0000000000230043,0.9999999999378631,0.10943706341597055,1.0000000003119294,0.0,3.0392672,-9.3425233,-4.2993653,-6.2893414,-3.0392672,87.15691,92.682765,68.524097,102.05798,94.855729,66.711773,53.686066,116.20779,46.277541,58.116356,83.568731,76.251436,123.67748,60.859513,23.036704,128.21673,106.33882,60.884371,95.319106,123.05073,61.315621,103.22927,49.048025,115.28031,103.47781,95.195555,126.7441,43.670192,37.685986,120.49659,97.567593,60.494435,100.50508,31.654651,120.56221,90.053405,71.291793,89.764742,77.832484,55.119413,46.838419,57.315433,92.849564,45.012783,116.40755,60.539558,97.366582,55.403471,48.379677,75.249447,32.341445,59.361187,79.872473,64.655664,51.963451,66.991824,85.56208,94.297602,120.40382,44.487954,79.191495,63.281375,61.072096,105.11138,33.551082,-68.169073,19.518864,-40.187528,75.55257,27.37489,21.621144,-1.7520179,-0.40278026,-2.1504749,-326.84565,-16.087999,3.0392672,1535.4631399999998,.
2050.0,600.5,5.3983,12.2168,154.83028,9816.8225,0.0,0.0,0.0,0.0,0.0,0.0,0.0,0.0,0.0,0.0,0.0,0.0,0.0,0.0,0.0,0.0,0.0,0.0,0.0,0.0,0.0,0.0,0.0,0.0,0.0,0.0,0.0,0.0,0.0,0.0,0.0,0.0,0.0,0.0,0.0,0.0,0.0,0.0,0.0,0.0,0.0,0.0,0.0,0.0,0.0,0.0,0.0,0.0,0.0,0.0,0.0,0.0,0.0,0.0,0.0,0.0,0.0,0.0,0.0,0.0,0.0,0.0,0.0,0.0,-4.0092154e-14,0.0,0.0,0.0,0.0,42.052679,0.0,89.349,173.879,64.3741,0.746,2.2441,0.0,0.1581303489137591,1.000000000555731,0.9999999997544362,0.5955010769139153,0.9594405614571386,0.0,0.0,0.0,0.0,0.0,0.0,0.0,0.0,0.0,0.0,0.0,0.0,0.0,0.0,0.0,0.0,0.0,0.0,0.0,0.0,0.0,0.0,0.0,0.0,0.0,0.0,0.0,0.0,0.0,0.0,0.0,0.0,0.0,0.0,0.0,0.0,0.0,0.0,0.0,0.0,0.0,0.0,0.0,0.0,0.0,0.0,0.0,0.0,0.0,0.0,0.0,0.0,0.0,0.0,0.0,0.0,0.0,0.0,0.0,0.0,0.0,0.0,0.0,0.0,-1.2262374312239913e-16,0.0,0.0,0.0,0.0,0.09090937698913432,0.0,0.9999999999776156,1.0000000000230045,0.9999999999378636,0.10217778386522404,1.0000000003119296,0.0,3.039471,-9.3433696,-4.2884679,-6.3853164,-3.039471,87.478052,93.019213,68.777683,102.42858,95.200306,66.954632,53.886707,116.62994,46.446231,58.328116,83.872109,76.528343,123.71338,60.971458,23.091078,128.33906,106.37587,60.957757,95.368712,123.18148,60.689579,103.37087,49.15014,115.43311,102.51966,95.326764,126.8294,43.762727,37.766717,119.37311,97.668878,60.621436,100.54879,31.725378,120.71139,90.192342,71.380365,89.818811,77.10638,55.236959,46.424205,57.392204,92.032541,44.672416,116.52384,59.252504,97.548119,54.687001,47.836477,75.419424,32.434634,59.500204,79.644797,63.178196,52.090323,67.147417,85.75288,94.501365,120.59345,44.612479,79.049345,62.20836,60.184815,105.28016,34.49574,38.712921,18.414023,-38.90516,74.857353,25.931381,20.397306,-1.7093622,-0.40390293,-2.0150401,-328.06475,-15.795965,3.039471,1549.07702,.
2051.0,600.5,5.3983,12.2168,154.83028,9816.8225,0.0,0.0,0.0,0.0,0.0,0.0,0.0,0.0,0.0,0.0,0.0,0.0,0.0,0.0,0.0,0.0,0.0,0.0,0.0,0.0,0.0,0.0,0.0,0.0,0.0,0.0,0.0,0.0,0.0,0.0,0.0,0.0,0.0,0.0,0.0,0.0,0.0,0.0,0.0,0.0,0.0,0.0,0.0,0.0,0.0,0.0,0.0,0.0,0.0,0.0,0.0,0.0,0.0,0.0,0.0,0.0,0.0,0.0,0.0,0.0,0.0,0.0,0.0,0.0,4.3029267e-14,-2.1458884e-14,0.0,0.0,0.0,32.705607,0.0,89.349,173.879,64.3741,0.71,2.2441,0.0,0.15813034891375904,1.0000000005557306,0.9999999997544369,0.5955010769139155,0.9594405614571365,0.0,0.0,0.0,0.0,0.0,0.0,0.0,0.0,0.0,0.0,0.0,0.0,0.0,0.0,0.0,0.0,0.0,0.0,0.0,0.0,0.0,0.0,0.0,0.0,0.0,0.0,0.0,0.0,0.0,0.0,0.0,0.0,0.0,0.0,0.0,0.0,0.0,0.0,0.0,0.0,0.0,0.0,0.0,0.0,0.0,0.0,0.0,0.0,0.0,0.0,0.0,0.0,0.0,0.0,0.0,0.0,0.0,0.0,0.0,0.0,0.0,0.0,0.0,0.0,1.316070417008057e-16,-5.643368688363687e-17,0.0,0.0,0.0,0.07070289996081987,0.0,0.9999999999776168,1.0000000000230052,0.9999999999378636,0.0972469524722642,1.000000000311928,0.0,3.0394779,-9.3463372,-4.2867146,-6.4676089,-3.0394779,87.397192,93.274251,68.716473,102.69841,95.454267,67.139175,53.842226,116.93591,46.574833,58.489694,84.102195,76.739364,123.73211,61.086088,23.148265,128.4499,106.40085,61.030658,95.410345,123.30273,60.005965,103.51183,49.255932,115.58045,101.45789,95.456685,126.90118,43.858798,37.850796,118.12474,97.762629,60.752625,100.58268,31.799296,120.85363,90.331992,71.468347,89.866418,76.308174,55.358651,45.972026,57.469168,91.130854,44.299418,117.80082,61.986054,98.52594,56.666534,49.470459,76.118228,32.707304,60.036887,80.992863,66.161296,52.555334,67.761518,86.547193,95.39341,121.81861,44.996782,80.271832,64.723957,62.455332,106.36387,32.543151,36.521623,5.7353842,-71.701307,74.597936,24.363555,17.314076,-1.6643873,-0.45473523,-2.4955667,-329.4465,-16.729955,3.0394779,1562.7795999999998,.
2052.0,686.7,5.3983,12.2168,154.83028,9748.8489,0.0,0.0,0.0,0.0,0.0,0.0,0.0,0.0,0.0,0.0,0.0,0.0,0.0,0.0,0.0,0.0,0.0,0.0,0.0,0.0,0.0,0.0,0.0,0.0,0.0,0.0,0.0,0.0,0.0,0.0,0.0,0.0,0.0,0.0,0.0,0.0,0.0,0.0,0.0,0.0,0.0,0.0,0.0,0.0,0.0,0.0,0.0,0.0,0.0,0.0,0.0,0.0,0.0,0.0,0.0,0.0,0.0,0.0,0.0,0.0,0.0,0.0,0.0,0.0,-8.6261057e-14,-3.5524483e-14,0.0,0.0,0.0,28.035154,0.0,89.349,173.879,64.3741,0.666,2.2441,0.0,0.18082949308755766,1.0000000005557308,0.9999999997544368,0.5955010769139155,0.9527972072609872,0.0,0.0,0.0,0.0,0.0,0.0,0.0,0.0,0.0,0.0,0.0,0.0,0.0,0.0,0.0,0.0,0.0,0.0,0.0,0.0,0.0,0.0,0.0,0.0,0.0,0.0,0.0,0.0,0.0,0.0,0.0,0.0,0.0,0.0,0.0,0.0,0.0,0.0,0.0,0.0,0.0,0.0,0.0,0.0,0.0,0.0,0.0,0.0,0.0,0.0,0.0,0.0,0.0,0.0,0.0,0.0,0.0,0.0,0.0,0.0,0.0,0.0,0.0,0.0,-2.6383350954490067e-16,-9.342412915439032e-17,0.0,0.0,0.0,0.06060632626840345,0.0,0.9999999999776161,1.000000000023005,0.9999999999378631,0.09122038076975768,1.0000000003119287,0.0,3.0612993,-9.3458368,-4.2765307,-6.5460553,-3.0612993,85.996237,93.261318,67.611704,102.63772,95.409406,67.125443,52.968537,116.85995,46.563266,58.478145,84.090154,76.731415,123.66508,61.183575,23.201216,128.48908,106.35743,61.077832,95.396197,123.35896,59.141524,103.61293,49.350477,115.67516,100.09379,95.548394,126.89604,43.945387,37.926712,116.51601,97.804024,60.870392,100.555,31.866857,120.93801,90.439368,71.526489,89.863666,75.290685,55.468424,45.397515,57.523516,89.975861,43.820313,118.61132,63.085993,99.177555,57.516834,50.183029,76.601745,32.905591,60.412746,81.702737,67.347523,52.882897,68.189119,87.096736,96.005261,122.62675,45.273329,80.940196,65.76858,63.417677,107.07556,30.701086,34.454362,16.388414,-70.386411,74.25677,22.85154,9.8753004,-1.742583,-0.42198462,-2.2375225,-330.18534,-16.218872,3.0612993,1576.0294199999998,.
2053.0,686.7,5.3983,12.2168,154.83028,9748.8489,0.0,0.0,0.0,0.0,0.0,0.0,0.0,0.0,0.0,0.0,0.0,0.0,0.0,0.0,0.0,0.0,0.0,0.0,0.0,0.0,0.0,0.0,0.0,0.0,0.0,0.0,0.0,0.0,0.0,0.0,0.0,0.0,0.0,0.0,0.0,0.0,0.0,0.0,0.0,0.0,0.0,0.0,0.0,0.0,0.0,0.0,0.0,0.0,0.0,0.0,0.0,0.0,0.0,0.0,0.0,0.0,0.0,0.0,0.0,0.0,0.0,0.0,0.0,0.0,8.5537005e-14,1.0690454e-14,0.0,0.0,0.0,14.017588,0.0,89.349,173.879,64.3741,0.626,2.2441,0.0,0.1808294930875576,1.0000000005557304,0.9999999997544368,0.5955010769139152,0.9527972072609869,0.0,0.0,0.0,0.0,0.0,0.0,0.0,0.0,0.0,0.0,0.0,0.0,0.0,0.0,0.0,0.0,0.0,0.0,0.0,0.0,0.0,0.0,0.0,0.0,0.0,0.0,0.0,0.0,0.0,0.0,0.0,0.0,0.0,0.0,0.0,0.0,0.0,0.0,0.0,0.0,0.0,0.0,0.0,0.0,0.0,0.0,0.0,0.0,0.0,0.0,0.0,0.0,0.0,0.0,0.0,0.0,0.0,0.0,0.0,0.0,0.0,0.0,0.0,0.0,2.6161896236803253e-16,2.811431077589697e-17,0.0,0.0,0.0,0.03030318691397439,0.0,0.9999999999776159,1.0000000000230043,0.9999999999378631,0.08574167922202443,1.0000000003119283,0.0,3.0689648,-9.3438255,-4.2767947,-6.6415813,-3.0689648,85.958508,93.571083,67.576786,102.96814,95.71852,67.344452,52.93153,117.23414,46.713358,58.66807,84.369134,76.986145,123.90244,61.383277,23.286196,128.79214,106.57734,61.249941,95.61233,123.66159,58.817068,103.91429,49.520841,115.98523,99.542692,95.82224,127.17458,44.098866,38.06039,115.84957,98.042101,61.081341,100.77328,31.980994,121.2531,90.712408,71.729462,90.07452,74.904657,55.662365,45.198397,57.690829,89.537676,43.665269,118.89185,62.293521,99.463133,57.074676,49.846136,76.84496,33.022985,60.609362,81.680218,66.446664,53.057855,68.408862,87.372538,96.303498,122.96333,45.431862,80.974103,65.115117,62.875996,107.36781,28.963288,32.504115,6.151977,-85.814488,74.151992,21.285401,11.633363,-1.7486485,-0.46086021,-2.6557277,-331.35353,-17.039442,3.0689648,1589.48745,.
2054.0,686.7,5.3983,12.2168,154.83028,9691.6079,0.0,0.0,0.0,0.0,0.0,0.0,0.0,0.0,0.0,0.0,0.0,0.0,0.0,0.0,0.0,0.0,0.0,0.0,0.0,0.0,0.0,0.0,0.0,0.0,0.0,0.0,0.0,0.0,0.0,0.0,0.0,0.0,0.0,0.0,0.0,0.0,0.0,0.0,0.0,0.0,0.0,0.0,0.0,0.0,0.0,0.0,0.0,0.0,0.0,0.0,0.0,0.0,0.0,0.0,0.0,0.0,0.0,0.0,0.0,0.0,0.0,0.0,0.0,0.0,0.0,0.0,0.0,0.0,0.0,14.017588,0.0,89.349,173.879,64.3741,0.58,2.2441,0.0,0.18082949308755758,1.0000000005557308,0.9999999997544367,0.5955010769139154,0.9472027965259074,0.0,0.0,0.0,0.0,0.0,0.0,0.0,0.0,0.0,0.0,0.0,0.0,0.0,0.0,0.0,0.0,0.0,0.0,0.0,0.0,0.0,0.0,0.0,0.0,0.0,0.0,0.0,0.0,0.0,0.0,0.0,0.0,0.0,0.0,0.0,0.0,0.0,0.0,0.0,0.0,0.0,0.0,0.0,0.0,0.0,0.0,0.0,0.0,0.0,0.0,0.0,0.0,0.0,0.0,0.0,0.0,0.0,0.0,0.0,0.0,0.0,0.0,0.0,0.0,0.0,0.0,0.0,0.0,0.0,0.030303186913974385,0.0,0.9999999999776159,1.000000000023004,0.9999999999378628,0.07944117244213131,1.0000000003119287,0.0,3.079234,-9.3417976,-4.2800695,-6.7449966,-3.079234,85.79852,93.87965,67.446801,103.29311,96.023793,67.563134,52.821656,117.60162,46.86344,58.858029,84.647066,77.240357,124.17256,61.595514,23.375805,129.13215,106.82178,61.433805,95.848122,123.99925,58.488027,104.23706,49.701301,116.3271,99.013823,96.117372,127.48751,44.260999,38.20122,115.21525,98.307919,61.304534,101.01339,32.101335,121.60173,91.004483,71.94626,90.303265,74.523542,55.867251,44.996566,57.869464,89.111554,43.510728,120.23137,65.178531,100.47362,59.093883,51.496489,77.569407,33.303026,61.167726,83.097696,69.628821,53.540208,69.045716,88.197695,97.228261,124.24388,45.826079,82.254081,67.741689,65.218622,108.49357,11.399093,2.5616089,8.3319031,-91.915324,73.853549,19.655519,13.420139,-1.7536677,-0.42251429,-2.2082852,-331.84427,-16.129103,3.079234,1602.76126,.
2055.0,686.7,5.3983,12.2168,154.83028,9691.6079,0.0,0.0,0.0,0.0,0.0,0.0,0.0,0.0,0.0,0.0,0.0,0.0,0.0,0.0,0.0,0.0,0.0,0.0,0.0,0.0,0.0,0.0,0.0,0.0,0.0,0.0,0.0,0.0,0.0,0.0,0.0,0.0,0.0,0.0,0.0,0.0,0.0,0.0,0.0,0.0,0.0,0.0,0.0,0.0,0.0,0.0,0.0,0.0,0.0,0.0,0.0,0.0,0.0,0.0,0.0,0.0,0.0,0.0,0.0,0.0,0.0,0.0,0.0,0.0,0.0,0.0,0.0,0.0,0.0,14.017588,0.0,89.349,173.879,64.3741,0.547,2.2441,0.0,0.18082949308755766,1.000000000555731,0.9999999997544365,0.5955010769139153,0.9472027965259058,0.0,0.0,0.0,0.0,0.0,0.0,0.0,0.0,0.0,0.0,0.0,0.0,0.0,0.0,0.0,0.0,0.0,0.0,0.0,0.0,0.0,0.0,0.0,0.0,0.0,0.0,0.0,0.0,0.0,0.0,0.0,0.0,0.0,0.0,0.0,0.0,0.0,0.0,0.0,0.0,0.0,0.0,0.0,0.0,0.0,0.0,0.0,0.0,0.0,0.0,0.0,0.0,0.0,0.0,0.0,0.0,0.0,0.0,0.0,0.0,0.0,0.0,0.0,0.0,0.0,0.0,0.0,0.0,0.0,0.030303186913974385,0.0,0.9999999999776156,1.0000000000230045,0.9999999999378634,0.07492124366525141,1.0000000003119294,0.0,3.0899152,-9.3406315,-4.281073,-6.8526244,-3.0899152,85.72402,94.232124,67.385421,103.6678,96.37513,67.814386,52.768024,118.02607,47.036556,59.076624,84.964656,77.530814,124.64105,61.872286,23.485527,129.64715,107.2349,61.696112,96.229655,124.50014,58.490587,104.68647,49.929606,116.81118,99.00366,96.52888,127.98629,44.465108,38.37809,115.18709,98.703972,61.586397,101.41005,32.250828,122.1028,91.401695,72.254104,90.666781,74.536453,56.125002,45.024663,58.1191,89.136547,43.555986,121.83072,68.995319,101.654,61.7043,53.615875,78.406766,33.619655,61.811748,84.874944,73.86077,54.094635,69.780446,89.152522,98.300251,125.75291,46.273164,83.842421,71.186074,68.267148,109.81803,7.1457361,-3.7371593,10.837938,-96.544805,73.416442,18.34082,15.242053,-1.7500353,-0.46094959,-2.5625488,-333.07905,-16.828804,3.0899152,1616.36112,.
2056.0,686.7,5.3983,12.2168,154.83028,9634.367,0.0,0.0,0.0,0.0,0.0,0.0,0.0,0.0,0.0,0.0,0.0,0.0,0.0,0.0,0.0,0.0,0.0,0.0,0.0,0.0,0.0,0.0,0.0,0.0,0.0,0.0,0.0,0.0,0.0,0.0,0.0,0.0,0.0,0.0,0.0,0.0,0.0,0.0,0.0,0.0,0.0,0.0,0.0,0.0,0.0,0.0,0.0,0.0,0.0,0.0,0.0,0.0,0.0,0.0,0.0,0.0,0.0,0.0,0.0,0.0,0.0,0.0,0.0,0.0,1.0099275e-13,0.0,0.0,0.0,0.0,14.017588,0.0,89.349,173.879,64.3741,0.507,2.2441,0.0,0.1808294930875576,1.0000000005557304,0.9999999997544365,0.5955010769139155,0.9416083955642611,0.0,0.0,0.0,0.0,0.0,0.0,0.0,0.0,0.0,0.0,0.0,0.0,0.0,0.0,0.0,0.0,0.0,0.0,0.0,0.0,0.0,0.0,0.0,0.0,0.0,0.0,0.0,0.0,0.0,0.0,0.0,0.0,0.0,0.0,0.0,0.0,0.0,0.0,0.0,0.0,0.0,0.0,0.0,0.0,0.0,0.0,0.0,0.0,0.0,0.0,0.0,0.0,0.0,0.0,0.0,0.0,0.0,0.0,0.0,0.0,0.0,0.0,0.0,0.0,3.088910870996023e-16,0.0,0.0,0.0,0.0,0.030303186913974385,0.0,0.9999999999776155,1.0000000000230047,0.999999999937863,0.0694425421175182,1.000000000311929,0.0,3.1011061,-9.3425891,-4.289622,-6.9630873,-3.1011061,85.560814,94.589577,67.255649,104.04474,96.729571,68.069904,52.662977,118.45279,47.212975,59.299305,85.286802,77.825807,125.30736,62.211426,23.614362,130.33515,107.8159,62.035324,96.755753,125.16207,58.835208,105.25963,50.20363,117.43477,99.529809,97.054198,128.66949,44.709539,38.589388,115.78611,99.228597,61.92432,101.96223,32.428127,122.75375,91.901264,72.651136,91.163832,74.956037,56.433313,45.289566,58.438199,89.627176,43.806775,123.94402,74.666334,103.17621,65.521509,56.700703,79.469938,34.01025,62.625984,87.366559,80.166815,54.792826,70.710702,90.365943,99.666859,127.71502,46.827534,86.044878,76.270002,72.743511,111.53968,24.318135,-9.7515598,-2.5747457,-101.19485,72.662,16.256876,-1.893286,-1.7756613,-0.48153049,-2.7622262,-334.57141,-17.211835,3.1011061,1629.90173,.
2057.0,686.7,5.3983,12.2168,154.83028,9555.6607,0.0,0.0,0.0,0.0,0.0,0.0,0.0,0.0,0.0,0.0,0.0,0.0,0.0,0.0,0.0,0.0,0.0,0.0,0.0,0.0,0.0,0.0,0.0,0.0,0.0,0.0,0.0,0.0,0.0,0.0,0.0,0.0,0.0,0.0,0.0,0.0,0.0,0.0,0.0,0.0,0.0,0.0,0.0,0.0,0.0,0.0,0.0,0.0,0.0,0.0,0.0,0.0,0.0,0.0,0.0,0.0,0.0,0.0,0.0,0.0,0.0,0.0,0.0,0.0,0.0,0.0,5.9654936e-14,0.0,0.0,14.017588,-1.6261386e-14,89.349,173.879,64.3741,0.472,2.2441,0.0,0.18082949308755758,1.0000000005557304,0.9999999997544368,0.5955010769139155,0.9339160881336005,0.0,0.0,0.0,0.0,0.0,0.0,0.0,0.0,0.0,0.0,0.0,0.0,0.0,0.0,0.0,0.0,0.0,0.0,0.0,0.0,0.0,0.0,0.0,0.0,0.0,0.0,0.0,0.0,0.0,0.0,0.0,0.0,0.0,0.0,0.0,0.0,0.0,0.0,0.0,0.0,0.0,0.0,0.0,0.0,0.0,0.0,0.0,0.0,0.0,0.0,0.0,0.0,0.0,0.0,0.0,0.0,0.0,0.0,0.0,0.0,0.0,0.0,0.0,0.0,0.0,0.0,3.4851981992175646e-16,0.0,0.0,0.030303186913974392,-4.615015071326394e-17,0.9999999999776156,1.0000000000230045,0.9999999999378631,0.06464867826325171,1.0000000003119294,0.0,3.1137703,-9.3430634,-4.2794444,-7.0688575,-3.1137703,85.832064,95.053464,67.46701,104.55013,97.200429,68.402299,52.824991,119.0273,47.442878,59.588604,85.704957,78.207529,125.77136,62.485963,23.724292,130.85896,108.2176,62.290628,97.123474,125.67135,58.739434,105.7014,50.430716,117.92691,99.425409,97.462099,129.16938,44.912516,38.764896,115.66135,99.631285,62.204963,102.34595,32.577067,123.26324,92.294026,72.95116,91.51354,74.872202,56.689822,45.249194,58.682488,89.553704,43.797542,126.14616,80.74134,104.74587,69.563927,59.955788,80.563057,34.407818,63.46332,90.0004,86.941829,55.509451,71.666658,91.614583,101.07331,129.74948,47.392154,88.364894,81.695296,77.50171,113.32143,20.488848,-15.751844,-0.0,-106.39761,72.539272,14.75626,-0.0,-1.7700866,-0.49165018,-2.8403914,-335.2267,-16.397307,3.1137703,1643.4994,.
2058.0,686.7,5.3983,12.2168,154.83028,9555.6607,0.0,0.0,0.0,0.0,0.0,0.0,0.0,0.0,0.0,0.0,0.0,0.0,0.0,0.0,0.0,0.0,0.0,0.0,0.0,0.0,0.0,0.0,0.0,0.0,0.0,0.0,0.0,0.0,0.0,0.0,0.0,0.0,0.0,0.0,0.0,0.0,0.0,0.0,0.0,0.0,0.0,0.0,0.0,0.0,0.0,0.0,0.0,0.0,0.0,0.0,0.0,0.0,0.0,0.0,0.0,0.0,0.0,0.0,0.0,0.0,0.0,0.0,0.0,0.0,-4.1096552e-14,0.0,2.6405534e-14,0.0,0.0,-3.2369425e-13,-5.3004407e-14,89.349,173.879,64.3741,0.432,2.2441,0.0,0.18082949308755766,1.0000000005557306,0.9999999997544368,0.5955010769139155,0.9339160881336022,0.0,0.0,0.0,0.0,0.0,0.0,0.0,0.0,0.0,0.0,0.0,0.0,0.0,0.0,0.0,0.0,0.0,0.0,0.0,0.0,0.0,0.0,0.0,0.0,0.0,0.0,0.0,0.0,0.0,0.0,0.0,0.0,0.0,0.0,0.0,0.0,0.0,0.0,0.0,0.0,0.0,0.0,0.0,0.0,0.0,0.0,0.0,0.0,0.0,0.0,0.0,0.0,0.0,0.0,0.0,0.0,0.0,0.0,0.0,0.0,0.0,0.0,0.0,0.0,-1.256957417569612e-16,0.0,1.5426807187619512e-16,0.0,0.0,-6.997614254840957e-16,-1.5042760632563435e-16,0.9999999999776154,1.0000000000230047,0.9999999999378631,0.059169976715518484,1.0000000003119294,0.0,3.1312655,-9.343304,-4.2785601,-7.1772189,-3.1312655,85.988606,95.504426,67.587965,105.03788,97.655743,68.725102,52.915633,119.5812,47.66595,59.86957,86.111415,78.578808,127.42223,63.136708,23.946383,132.37626,109.65302,63.02498,98.394948,127.1047,61.009332,106.90156,50.932302,119.21682,102.82716,98.555591,130.75735,45.357136,39.148435,119.58947,100.77204,62.821168,103.69539,32.892083,124.63068,93.307069,73.805399,92.701281,77.533303,57.249039,46.848567,59.356152,92.581924,45.194702,127.46741,83.826782,105.69972,71.55863,61.546452,81.246803,34.664278,63.99377,91.452281,90.420261,55.964151,72.267634,92.396987,101.94733,130.99281,47.752269,89.65673,84.434311,79.878551,114.40037,21.643054,-22.350013,-0.0,-110.71415,72.279748,13.237012,-0.0,-1.7786012,-0.49026077,-2.8273266,-336.35651,-15.991801,3.1312655,1657.26327,.
2059.0,771.9,5.3983,12.2168,142.19242,9494.8422,0.0,0.0,0.0,0.0,0.0,0.0,0.0,0.0,0.0,0.0,0.0,0.0,0.0,0.0,0.0,0.0,0.0,0.0,0.0,0.0,0.0,0.0,0.0,0.0,0.0,0.0,0.0,0.0,0.0,0.0,0.0,0.0,0.0,0.0,0.0,0.0,0.0,0.0,0.0,0.0,0.0,0.0,0.0,0.0,0.0,0.0,0.0,0.0,0.0,0.0,0.0,0.0,0.0,0.0,0.0,0.0,0.0,0.0,0.0,0.0,0.0,0.0,0.0,0.0,0.0,0.0,-6.4633241e-14,0.0,0.0,1.5632482e-13,-3.9892879e-16,89.349,173.879,64.3741,0.396,2.2441,0.0,0.20326530612244897,1.0000000005557308,0.9999999997544367,0.5468939230685094,0.9279720328359715,0.0,0.0,0.0,0.0,0.0,0.0,0.0,0.0,0.0,0.0,0.0,0.0,0.0,0.0,0.0,0.0,0.0,0.0,0.0,0.0,0.0,0.0,0.0,0.0,0.0,0.0,0.0,0.0,0.0,0.0,0.0,0.0,0.0,0.0,0.0,0.0,0.0,0.0,0.0,0.0,0.0,0.0,0.0,0.0,0.0,0.0,0.0,0.0,0.0,0.0,0.0,0.0,0.0,0.0,0.0,0.0,0.0,0.0,0.0,0.0,0.0,0.0,0.0,0.0,0.0,0.0,-3.7760438657212683e-16,0.0,0.0,3.379426075123196e-16,-1.13216817941349e-18,0.9999999999776161,1.000000000023005,0.9999999999378634,0.054239145322558614,1.0000000003119285,0.0,3.1457733,-6.9693376,-3.730834,-7.2893882,-3.1457733,86.434379,96.029533,67.937251,105.61458,98.191973,69.102228,53.187156,120.23752,47.927153,60.197883,86.58481,79.01073,128.50763,63.591531,24.107949,133.42764,110.58265,63.513227,99.215035,128.10258,62.102971,107.71467,51.288575,120.12633,104.57951,99.304166,131.82803,45.672976,39.420205,121.63379,101.56514,63.259851,104.56709,33.117753,125.59073,94.002753,74.374726,93.467453,78.860257,57.647282,47.62959,59.809116,94.12135,45.895034,128.96195,87.59351,106.7662,73.997226,63.493288,82.003376,34.943762,64.578729,93.158353,94.660932,56.46463,72.931373,93.262736,102.91682,132.38613,48.145993,91.165202,87.774909,82.77947,115.61112,-0.31015226,-30.76536,-0.0,-113.30099,71.884295,12.487747,-0.0,-1.7661732,-0.44002697,-2.3266894,-336.86497,-15.888913,3.1457733,1670.86294,.
2060.0,771.9,5.3983,12.2168,142.19242,9434.0236,0.0,0.0,0.0,0.0,0.0,0.0,0.0,0.0,0.0,0.0,0.0,0.0,0.0,0.0,0.0,0.0,0.0,0.0,0.0,0.0,0.0,0.0,0.0,0.0,0.0,0.0,0.0,0.0,0.0,0.0,0.0,0.0,0.0,0.0,0.0,0.0,0.0,0.0,0.0,0.0,0.0,0.0,0.0,0.0,0.0,0.0,0.0,0.0,0.0,0.0,0.0,0.0,0.0,0.0,0.0,0.0,0.0,0.0,0.0,0.0,0.0,0.0,0.0,0.0,19.815345,11.522749,31.121499,7.9360213,0.0,-3.0538963e-16,21.355167,89.349,173.879,64.3741,0.361,2.2441,0.0,0.203265306122449,1.0000000005557304,0.9999999997544368,0.5468939230685093,0.9220279677649165,0.0,0.0,0.0,0.0,0.0,0.0,0.0,0.0,0.0,0.0,0.0,0.0,0.0,0.0,0.0,0.0,0.0,0.0,0.0,0.0,0.0,0.0,0.0,0.0,0.0,0.0,0.0,0.0,0.0,0.0,0.0,0.0,0.0,0.0,0.0,0.0,0.0,0.0,0.0,0.0,0.0,0.0,0.0,0.0,0.0,0.0,0.0,0.0,0.0,0.0,0.0,0.0,0.0,0.0,0.0,0.0,0.0,0.0,0.0,0.0,0.0,0.0,0.0,0.0,0.06060616686151897,0.030303123363952182,0.18181997927506155,0.030303163192634992,0.0,-6.601905434429575e-19,0.06060640683130704,0.9999999999776161,1.0000000000230052,0.9999999999378631,0.049445281468292065,1.0000000003119283,0.0,3.1618299,-8.5080187,-4.0883653,-7.4224885,-3.1618299,87.140665,96.614128,68.492317,106.2636,98.793787,69.523123,53.621915,120.97723,48.219163,60.564368,87.111925,79.491274,128.94078,63.834353,24.205724,133.93586,110.93942,63.732416,99.531329,128.59456,61.880122,108.10258,51.489519,120.59756,104.40988,99.670108,132.30119,45.851811,39.573806,121.46455,101.95423,63.508574,104.90189,33.249039,126.08001,94.35081,74.632953,93.765558,78.668533,57.873887,47.496486,60.020844,93.950167,45.812869,130.61334,92.005768,107.93304,76.855165,65.776086,82.823902,35.242796,65.211276,95.100997,99.623867,57.005004,73.650109,94.201725,103.97049,133.9138,48.568487,92.874574,91.684873,86.175962,116.93999,23.650933,22.489324,16.304601,21.056001,71.322984,11.780894,25.773302,-1.761736,-0.4727411,-2.1420812,-337.16607,-15.856264,3.1618299,1684.3489,.
2061.0,771.9,5.3983,12.2168,142.19242,9434.0236,0.0,0.0,0.0,0.0,0.0,0.0,0.0,0.0,0.0,0.0,0.0,0.0,0.0,0.0,0.0,0.0,0.0,0.0,0.0,0.0,0.0,0.0,0.0,0.0,0.0,0.0,0.0,0.0,0.0,0.0,0.0,0.0,0.0,0.0,0.0,0.0,0.0,0.0,0.0,0.0,0.0,0.0,0.0,0.0,0.0,0.0,0.0,0.0,0.0,0.0,0.0,0.0,0.0,0.0,0.0,0.0,0.0,0.0,0.0,0.0,0.0,0.0,0.0,0.0,19.815345,34.568301,31.121499,7.9360213,0.0,-2.910669e-16,32.032703,89.349,173.879,64.3741,0.326,2.2441,0.0,0.203265306122449,1.0000000005557304,0.9999999997544367,0.5468939230685095,0.922027967764915,0.0,0.0,0.0,0.0,0.0,0.0,0.0,0.0,0.0,0.0,0.0,0.0,0.0,0.0,0.0,0.0,0.0,0.0,0.0,0.0,0.0,0.0,0.0,0.0,0.0,0.0,0.0,0.0,0.0,0.0,0.0,0.0,0.0,0.0,0.0,0.0,0.0,0.0,0.0,0.0,0.0,0.0,0.0,0.0,0.0,0.0,0.0,0.0,0.0,0.0,0.0,0.0,0.0,0.0,0.0,0.0,0.0,0.0,0.0,0.0,0.0,0.0,0.0,0.0,0.06060616686151899,0.09090951210385921,0.1818199792750616,0.030303163192634992,0.0,-6.29227701311459e-19,0.0909094754409754,0.9999999999776156,1.0000000000230045,0.9999999999378634,0.04465141761402551,1.0000000003119283,0.0,3.1788009,-9.0657153,-4.2152377,-7.562364,-3.1788009,87.328296,97.092539,68.640227,106.78155,99.277537,69.867304,53.738012,121.56579,48.457849,60.864504,87.543276,79.885554,130.41296,64.409625,24.402971,135.30834,112.20545,64.37581,100.64543,129.89056,63.770205,109.15994,51.933262,121.76314,107.33606,100.63948,133.72472,46.24488,39.912139,124.86659,102.98563,64.054063,106.08776,33.5277,127.31594,95.246395,75.382102,94.80454,80.915761,58.368451,48.827823,60.612474,96.527013,46.984241,132.32202,96.73373,109.1312,79.910511,68.215204,83.662059,35.545346,65.856397,97.148373,104.94303,57.555535,74.383603,95.161128,105.0482,135.48631,48.996647,94.670343,95.869481,89.808428,118.30794,20.281516,22.371645,15.381699,16.239961,71.090555,11.114051,25.903564,-1.7734785,-0.49198281,-2.6603135,-338.31492,-15.998928,3.1788009,1698.15614,.
2062.0,771.9,5.3983,12.2168,142.19242,9369.6276,0.0,0.0,0.0,0.0,0.0,0.0,0.0,0.0,0.0,0.0,0.0,0.0,0.0,0.0,0.0,0.0,0.0,0.0,0.0,0.0,0.0,0.0,0.0,0.0,0.0,0.0,0.0,0.0,0.0,0.0,0.0,0.0,0.0,0.0,0.0,0.0,0.0,0.0,0.0,0.0,0.0,0.0,0.0,0.0,0.0,0.0,0.0,0.0,0.0,0.0,0.0,0.0,0.0,0.0,0.0,0.0,0.0,0.0,0.0,0.0,0.0,0.0,0.0,0.0,19.815345,46.091074,31.121499,7.9360213,0.0,-1.2882891e-13,32.032703,89.349,173.879,64.3741,0.291,2.2441,0.0,0.20326530612244892,1.0000000005557308,0.9999999997544365,0.5468939230685094,0.9157342679047428,0.0,0.0,0.0,0.0,0.0,0.0,0.0,0.0,0.0,0.0,0.0,0.0,0.0,0.0,0.0,0.0,0.0,0.0,0.0,0.0,0.0,0.0,0.0,0.0,0.0,0.0,0.0,0.0,0.0,0.0,0.0,0.0,0.0,0.0,0.0,0.0,0.0,0.0,0.0,0.0,0.0,0.0,0.0,0.0,0.0,0.0,0.0,0.0,0.0,0.0,0.0,0.0,0.0,0.0,0.0,0.0,0.0,0.0,0.0,0.0,0.0,0.0,0.0,0.0,0.060606166861518956,0.12121269858425704,0.18181997927506155,0.030303163192634992,0.0,-2.7850201758345184e-16,0.09090947544097538,0.9999999999776156,1.000000000023004,0.9999999999378628,0.03985755375975899,1.0000000003119283,0.0,3.1971623,-9.3419927,-4.2711497,-7.7049307,-3.1971623,89.780968,98.034919,70.568791,107.87192,100.27736,70.548333,55.252113,122.81473,48.931487,61.456553,88.393216,80.657221,132.04745,65.023908,24.609845,136.81427,113.60733,65.074368,101.87387,131.30879,66.004648,110.30417,52.403372,123.03025,110.81123,101.68912,135.29448,46.660462,40.26979,128.91298,104.11496,64.631958,107.39803,33.8213,128.66265,96.211337,76.194737,95.94767,83.574674,58.891812,50.395618,61.252956,99.576239,48.359552,133.90872,101.1601,110.23784,82.750585,70.477554,84.436086,35.823644,66.452634,99.057891,109.93274,58.063841,75.060936,96.047593,106.04359,136.94365,49.390313,96.342485,99.778309,93.193064,119.57379,21.049247,21.722346,14.511037,18.739766,70.828807,10.484953,24.437325,-1.773327,-0.5531307,-2.8758962,-339.69329,-15.962302,3.1971623,1711.94841,.
2063.0,771.9,5.3983,12.2168,142.19242,9308.8091,0.0,0.0,0.0,0.0,0.0,0.0,0.0,0.0,0.0,0.0,0.0,0.0,0.0,0.0,0.0,0.0,0.0,0.0,0.0,0.0,0.0,0.0,0.0,0.0,0.0,0.0,0.0,0.0,0.0,0.0,0.0,0.0,0.0,0.0,0.0,0.0,0.0,0.0,0.0,0.0,0.0,0.0,0.0,0.0,0.0,0.0,0.0,0.0,0.0,0.0,0.0,0.0,0.0,0.0,0.0,0.0,0.0,0.0,0.0,0.0,0.0,0.0,0.0,0.0,19.815345,46.091074,31.121499,7.9360213,0.0,-8.663904e-17,32.032703,89.349,173.879,64.3741,0.258,2.2441,0.0,0.203265306122449,1.0000000005557308,0.9999999997544369,0.5468939230685093,0.9097902126071173,0.0,0.0,0.0,0.0,0.0,0.0,0.0,0.0,0.0,0.0,0.0,0.0,0.0,0.0,0.0,0.0,0.0,0.0,0.0,0.0,0.0,0.0,0.0,0.0,0.0,0.0,0.0,0.0,0.0,0.0,0.0,0.0,0.0,0.0,0.0,0.0,0.0,0.0,0.0,0.0,0.0,0.0,0.0,0.0,0.0,0.0,0.0,0.0,0.0,0.0,0.0,0.0,0.0,0.0,0.0,0.0,0.0,0.0,0.0,0.0,0.0,0.0,0.0,0.0,0.06060616686151899,0.12121269858425703,0.18181997927506158,0.030303163192634992,0.0,-1.872960614313464e-19,0.09090947544097543,0.9999999999776154,1.0000000000230043,0.9999999999378631,0.0353376249828791,1.0000000003119294,0.0,3.214731,-6.9689764,-3.7301751,-7.827685,-3.214731,90.816363,98.650607,71.387541,108.56489,100.91823,70.995327,55.902501,123.60636,49.243322,61.846595,88.948671,81.163486,134.10621,65.757126,24.849538,138.67042,115.37271,65.931674,103.41471,133.05058,69.124693,111.69849,52.957863,124.57137,115.64077,102.96666,137.24908,47.149541,40.690029,134.53584,105.50297,65.312166,109.0449,34.164396,130.30585,97.378516,77.190596,97.378622,87.273954,59.506946,52.574316,62.034632,103.80853,50.259664,133.99245,100.42496,110.31057,82.124377,69.939673,84.522622,35.868512,66.532015,98.937542,109.19826,58.132555,75.142167,96.149382,106.14424,137.0577,49.44575,96.255162,99.077513,92.519363,119.65275,19.85778,20.49278,9.0937875,16.580432,71.048571,9.8914656,23.05408,-1.7747348,-0.5181784,-2.9107833,-340.25196,-15.711157,3.214731,1725.87187,.
2064.0,856.0,5.3983,12.2168,131.41534,9233.6803,0.0,0.0,0.0,0.0,0.0,0.0,0.0,0.0,0.0,0.0,0.0,0.0,0.0,0.0,0.0,0.0,0.0,0.0,0.0,0.0,0.0,0.0,0.0,0.0,0.0,0.0,0.0,0.0,0.0,0.0,0.0,0.0,0.0,0.0,0.0,0.0,0.0,0.0,0.0,0.0,0.0,0.0,0.0,0.0,0.0,0.0,0.0,0.0,0.0,0.0,0.0,0.0,0.0,0.0,0.0,0.0,0.0,0.0,0.0,0.0,0.0,0.0,0.0,0.0,19.815345,46.091074,31.121499,15.872082,0.0,0.0,32.032703,89.349,173.879,64.3741,0.226,2.2441,0.0,0.22541145490454248,1.0000000005557308,0.9999999997544359,0.5054436153768396,0.9024475497390049,0.0,0.0,0.0,0.0,0.0,0.0,0.0,0.0,0.0,0.0,0.0,0.0,0.0,0.0,0.0,0.0,0.0,0.0,0.0,0.0,0.0,0.0,0.0,0.0,0.0,0.0,0.0,0.0,0.0,0.0,0.0,0.0,0.0,0.0,0.0,0.0,0.0,0.0,0.0,0.0,0.0,0.0,0.0,0.0,0.0,0.0,0.0,0.0,0.0,0.0,0.0,0.0,0.0,0.0,0.0,0.0,0.0,0.0,0.0,0.0,0.0,0.0,0.0,0.0,0.06060616686151898,0.12121269858425704,0.18181997927506158,0.06060647683151813,0.0,0.0,0.09090947544097541,0.9999999999776159,1.0000000000230047,0.9999999999378634,0.030954663744692534,1.0000000003119294,0.0,3.2332011,-8.2528508,-4.0229688,-7.9839352,-3.2332011,90.415676,98.9552,71.076629,108.87688,101.21484,71.21608,55.664817,123.95877,49.397205,62.040362,89.223433,81.416385,136.12406,66.455828,25.075247,140.4866,117.0936,66.754761,104.90892,134.75198,72.210549,113.03743,53.483142,126.07038,120.48146,104.19685,139.16106,47.612466,41.086898,140.1875,106.85919,65.95679,110.64594,34.488038,131.90662,98.4973,78.146348,98.763694,90.952656,60.089126,54.725251,62.784299,108.02889,52.137452,133.79252,98.737603,110.19601,80.901691,68.931732,84.482691,35.87167,66.514798,98.439947,107.38779,58.119885,75.113441,96.105748,106.08051,136.9194,49.44119,95.842751,97.542848,91.129071,119.51321,17.028752,19.332811,8.5790448,17.090767,63.514,8.401085,25.293355,-1.7827021,-0.50206533,-2.8705861,-341.43632,-15.706862,3.2332011,1739.49614,.
2065.0,856.0,5.3983,12.2168,131.41534,9165.7067,0.0,0.0,0.0,0.0,0.0,0.0,0.0,0.0,0.0,0.0,0.0,0.0,0.0,0.0,0.0,0.0,0.0,0.0,0.0,0.0,0.0,0.0,0.0,0.0,0.0,0.0,0.0,0.0,0.0,0.0,0.0,0.0,0.0,0.0,0.0,0.0,0.0,0.0,0.0,0.0,0.0,0.0,0.0,0.0,0.0,0.0,0.0,0.0,0.0,0.0,0.0,0.0,0.0,0.0,0.0,0.0,0.0,0.0,0.0,0.0,0.0,0.0,0.0,0.0,19.815345,61.452985,17.288011,31.744142,0.0,2.3130314e-14,32.032703,89.349,173.879,64.3741,0.19,2.2441,0.0,0.2254114549045424,1.0000000005557306,0.9999999997544368,0.5054436153768396,0.8958041955428502,0.0,0.0,0.0,0.0,0.0,0.0,0.0,0.0,0.0,0.0,0.0,0.0,0.0,0.0,0.0,0.0,0.0,0.0,0.0,0.0,0.0,0.0,0.0,0.0,0.0,0.0,0.0,0.0,0.0,0.0,0.0,0.0,0.0,0.0,0.0,0.0,0.0,0.0,0.0,0.0,0.0,0.0,0.0,0.0,0.0,0.0,0.0,0.0,0.0,0.0,0.0,0.0,0.0,0.0,0.0,0.0,0.0,0.0,0.0,0.0,0.0,0.0,0.0,0.0,0.06060616686151897,0.16161224943267474,0.1010011054328404,0.12121286965751699,0.0,5.00030553416835e-17,0.0909094754409754,0.9999999999776165,1.000000000023005,0.9999999999378634,0.026023832351732678,1.0000000003119283,0.0,3.2513145,-8.6049071,-4.10776,-8.1541313,-3.2513145,92.104611,99.688794,72.404974,109.71823,101.98819,71.745991,56.70809,124.92156,49.765698,62.501292,89.885072,82.017652,137.08129,66.799886,25.192017,141.40929,117.88343,67.134985,105.58303,135.61939,73.230537,113.67394,53.746103,126.84307,122.30796,104.79416,140.0959,47.844035,41.284246,142.36802,107.54977,66.28107,111.37368,34.651581,132.72887,99.039005,78.589463,99.385917,92.24838,60.381609,55.440318,63.135915,109.56489,52.784532,133.73253,97.567792,110.1861,80.074837,68.256408,84.509689,35.898644,66.546063,98.140536,106.12814,58.149276,75.142353,96.137303,106.10432,136.90701,49.471768,95.604142,96.48904,90.181923,119.49009,17.673353,18.240544,7.9097523,16.303109,64.096864,8.8033691,20.518049,-1.7825566,-0.54423708,-2.7712169,-342.6799,-15.71126,3.2513145,1752.9467,.
2066.0,856.0,5.3983,12.2168,131.41534,9108.4658,0.0,0.0,0.0,0.0,0.0,0.0,0.0,0.0,0.0,0.0,0.0,0.0,0.0,0.0,0.0,0.0,0.0,0.0,0.0,0.0,0.0,0.0,0.0,0.0,0.0,0.0,0.0,0.0,0.0,0.0,0.0,0.0,0.0,0.0,0.0,0.0,0.0,0.0,0.0,0.0,0.0,0.0,0.0,0.0,0.0,0.0,0.0,0.0,0.0,0.0,0.0,0.0,0.0,0.0,0.0,0.0,0.0,0.0,0.0,0.0,0.0,0.0,0.0,0.0,19.815345,46.091074,-2.3687257e-14,39.68015,0.0,4.6426875e-14,24.912622,89.349,173.879,64.3741,0.154,2.2441,0.0,0.2254114549045425,1.0000000005557306,0.9999999997544367,0.5054436153768394,0.8902097945812054,0.0,0.0,0.0,0.0,0.0,0.0,0.0,0.0,0.0,0.0,0.0,0.0,0.0,0.0,0.0,0.0,0.0,0.0,0.0,0.0,0.0,0.0,0.0,0.0,0.0,0.0,0.0,0.0,0.0,0.0,0.0,0.0,0.0,0.0,0.0,0.0,0.0,0.0,0.0,0.0,0.0,0.0,0.0,0.0,0.0,0.0,0.0,0.0,0.0,0.0,0.0,0.0,0.0,0.0,0.0,0.0,0.0,0.0,0.0,0.0,0.0,0.0,0.0,0.0,0.06060616686151899,0.12121269858425703,-1.383871829831544e-16,0.15151598206499717,0.0,1.0036550303495329e-16,0.07070253789944934,0.9999999999776155,1.0000000000230047,0.999999999937863,0.021093000958772794,1.0000000003119291,0.0,3.2687768,-9.2525426,-4.2522048,-8.3125463,-3.2687768,93.99952,100.43212,73.896331,110.57683,102.77606,72.284037,57.881254,125.90495,50.140324,62.969382,90.555569,82.626682,138.12822,67.169757,25.315403,142.39378,118.75668,67.553791,106.33273,136.54349,74.529502,114.36729,54.027269,127.66242,124.50335,105.44029,141.10669,48.091474,41.495666,144.96638,108.28589,66.626872,112.18088,34.82581,133.60203,99.62559,79.077185,100.07901,93.851264,60.693444,56.347303,63.520939,111.43753,53.591967,134.12592,98.019549,110.49353,80.376361,68.50267,84.744347,35.996299,66.73154,98.468538,106.64691,58.310469,75.350821,96.404914,106.39915,137.299,49.605587,95.910344,96.898556,90.539379,119.82878,16.672975,16.717395,7.2486115,15.452884,45.711368,8.3050652,19.35665,-1.7869514,-0.52025161,-2.8219666,-343.24264,-15.711478,3.2687768,1765.49866,.
2067.0,939.1,5.3983,12.2168,131.41534,8768.5976,0.0,0.0,0.0,0.0,0.0,0.0,0.0,0.0,0.0,0.0,0.0,0.0,0.0,0.0,0.0,0.0,0.0,0.0,0.0,0.0,0.0,0.0,0.0,0.0,0.0,0.0,0.0,0.0,0.0,0.0,0.0,0.0,0.0,0.0,0.0,0.0,0.0,0.0,0.0,0.0,0.0,0.0,0.0,0.0,0.0,0.0,0.0,0.0,0.0,0.0,0.0,0.0,0.0,0.0,0.0,0.0,0.0,0.0,0.0,0.0,0.0,0.0,0.0,0.0,19.815345,46.091074,2.6606594e-15,39.68015,0.0,1.146342e-14,21.355167,89.349,173.879,64.3741,0.118,2.2441,0.0,0.24729427254772884,1.0000000005557301,0.9999999997544367,0.5054436153768391,0.8569930040535741,0.0,0.0,0.0,0.0,0.0,0.0,0.0,0.0,0.0,0.0,0.0,0.0,0.0,0.0,0.0,0.0,0.0,0.0,0.0,0.0,0.0,0.0,0.0,0.0,0.0,0.0,0.0,0.0,0.0,0.0,0.0,0.0,0.0,0.0,0.0,0.0,0.0,0.0,0.0,0.0,0.0,0.0,0.0,0.0,0.0,0.0,0.0,0.0,0.0,0.0,0.0,0.0,0.0,0.0,0.0,0.0,0.0,0.0,0.0,0.0,0.0,0.0,0.0,0.0,0.06060616686151899,0.12121269858425701,1.5544271725664557e-17,0.15151598206499717,0.0,2.4781592876990842e-17,0.06060640683130702,0.9999999999776159,1.0000000000230043,0.9999999999378631,0.016162169565812907,1.000000000311928,0.0,3.2881253,-9.3412978,-4.2669561,-8.4847889,-3.2881253,96.687067,101.30058,76.014063,111.59573,103.70754,72.91533,59.551893,127.07434,50.581006,63.518812,91.339118,83.337574,139.28085,67.567226,25.445344,143.45515,119.72474,68.014146,107.16621,137.53788,76.127763,115.12293,54.327263,128.53939,127.11652,106.1411,142.20848,48.355182,41.721497,148.04345,109.07834,66.995512,113.07723,35.010827,134.53824,100.26131,79.612895,100.84986,95.791232,61.025851,57.459809,63.942007,113.68447,54.572432,134.14383,97.191449,110.54716,79.84152,68.078374,84.808933,36.036435,66.788184,98.291362,105.73405,58.362472,75.411618,96.477943,106.47299,137.3564,49.65662,95.780343,96.174659,89.90859,119.87427,15.729222,15.771127,6.8383128,15.12668,46.179344,7.8349672,18.260991,-2.2349408,-0.56636741,-2.9014359,-344.46761,-15.674889,3.2881253,1776.4663799999998,.
2068.0,939.1,5.3983,12.2168,122.1155,8389.3764,0.0,0.0,0.0,0.0,0.0,0.0,0.0,0.0,0.0,0.0,0.0,0.0,0.0,0.0,0.0,0.0,0.0,0.0,0.0,0.0,0.0,0.0,0.0,0.0,0.0,0.0,0.0,0.0,0.0,0.0,0.0,0.0,0.0,0.0,0.0,0.0,0.0,0.0,0.0,0.0,0.0,0.0,0.0,0.0,0.0,0.0,0.0,0.0,0.0,0.0,0.0,0.0,0.0,0.0,0.0,0.0,0.0,0.0,0.0,0.0,0.0,0.0,0.0,0.0,23.117356,34.568301,-5.50765e-15,39.68015,0.0,-8.1418504e-14,21.355167,89.349,173.879,64.3741,0.087,2.2441,0.0,0.24729427254772873,1.0000000005557308,0.9999999997544368,0.4696749999927742,0.8199300744707648,0.0,0.0,0.0,0.0,0.0,0.0,0.0,0.0,0.0,0.0,0.0,0.0,0.0,0.0,0.0,0.0,0.0,0.0,0.0,0.0,0.0,0.0,0.0,0.0,0.0,0.0,0.0,0.0,0.0,0.0,0.0,0.0,0.0,0.0,0.0,0.0,0.0,0.0,0.0,0.0,0.0,0.0,0.0,0.0,0.0,0.0,0.0,0.0,0.0,0.0,0.0,0.0,0.0,0.0,0.0,0.0,0.0,0.0,0.0,0.0,0.0,0.0,0.0,0.0,0.0707055231757578,0.09090951210385922,-3.2177139309847926e-17,0.15151598206499714,0.0,-1.7601031967612195e-16,0.06060640683130701,0.9999999999776162,1.0000000000230047,0.9999999999378628,0.011916175866319696,1.0000000003119283,0.0,3.2992773,-9.0468849,-4.1999671,-8.6605126,-3.2992773,99.174417,102.07166,77.980476,112.50327,104.53745,73.480208,61.114274,128.11705,50.977418,64.011803,92.035189,83.969627,140.44151,67.959793,25.572247,144.51151,120.70169,68.47522,108.00762,138.52616,77.831466,115.87592,54.622138,129.40752,129.86764,106.83821,143.31146,48.614314,41.943497,151.27733,109.86629,67.357298,113.98203,35.192209,135.46615,100.89278,80.149138,101.62786,97.845957,61.352276,58.643513,64.362483,116.05595,55.611114,131.83905,88.197891,109.01966,73.864003,63.266406,83.826657,35.725779,66.058277,94.933824,95.746854,57.74691,74.565526,95.355241,105.18262,135.34902,49.198532,92.902014,88.177281,82.890762,118.09808,14.838888,14.878422,6.4512385,13.688405,46.469217,7.3914785,13.589864,-1.9389595,-0.58397821,-2.9307017,-345.01703,-15.70118,3.2992773,1786.20355,.
2069.0,939.1,5.3983,12.2168,122.1155,8324.9803,0.0,0.0,0.0,0.0,0.0,0.0,0.0,0.0,0.0,0.0,0.0,0.0,0.0,0.0,0.0,0.0,0.0,0.0,0.0,0.0,0.0,0.0,0.0,0.0,0.0,0.0,0.0,0.0,0.0,0.0,0.0,0.0,0.0,0.0,0.0,0.0,0.0,0.0,0.0,0.0,0.0,0.0,0.0,0.0,0.0,0.0,0.0,0.0,0.0,0.0,0.0,0.0,0.0,0.0,0.0,0.0,0.0,0.0,0.0,0.0,0.0,0.0,0.0,0.0,19.815345,11.522749,-1.8420213e-14,18.515956,0.0,5.3483831e-15,21.355167,89.349,173.879,64.3741,0.054,2.2441,0.0,0.24729427254772884,1.0000000005557312,0.9999999997544363,0.4696749999927743,0.8136363648371568,0.0,0.0,0.0,0.0,0.0,0.0,0.0,0.0,0.0,0.0,0.0,0.0,0.0,0.0,0.0,0.0,0.0,0.0,0.0,0.0,0.0,0.0,0.0,0.0,0.0,0.0,0.0,0.0,0.0,0.0,0.0,0.0,0.0,0.0,0.0,0.0,0.0,0.0,0.0,0.0,0.0,0.0,0.0,0.0,0.0,0.0,0.0,0.0,0.0,0.0,0.0,0.0,0.0,0.0,0.0,0.0,0.0,0.0,0.0,0.0,0.0,0.0,0.0,0.0,0.06060616686151898,0.03030312336395218,-1.076157271827498e-16,0.07070193175207946,0.0,1.156212129838898e-17,0.06060640683130703,0.9999999999776158,1.000000000023005,0.9999999999378636,0.0073962470894398105,1.0000000003119294,0.0,3.3139687,-8.8823971,-3.620587,-8.8392885,-3.3139687,99.276578,102.28549,78.071117,112.7346,104.75499,73.640591,61.202913,128.381,51.0918,64.153861,92.228559,84.147548,141.39131,68.281336,25.676244,145.374,121.50249,68.853413,108.69778,139.33315,79.23824,116.49285,54.863621,130.11635,132.13112,107.40885,144.21331,48.826754,42.125292,153.93568,110.50974,67.653309,114.72403,35.340796,136.22375,101.40974,80.58876,102.26626,99.540162,61.619464,59.621377,64.707219,118.0098,56.46851,130.58854,82.782183,108.23906,70.385285,60.497814,83.339345,35.587301,65.697913,92.99139,89.681961,57.447622,74.1484,94.795144,104.53615,134.29106,48.990477,91.257803,83.413921,78.759441,117.17012,13.641081,13.541159,6.086074,12.771215,47.48408,6.9730929,12.820627,-1.8357988,-0.58152738,-2.9169901,-345.29638,-15.684836,3.3139687,1794.5877,.
2070.0,1021.2,5.3983,12.2168,114.00801,7863.8799,0.0,0.0,0.0,0.0,0.0,0.0,0.0,0.0,0.0,0.0,0.0,0.0,0.0,0.0,0.0,0.0,0.0,0.0,0.0,0.0,0.0,0.0,0.0,0.0,0.0,0.0,0.0,0.0,0.0,0.0,0.0,0.0,0.0,0.0,0.0,0.0,0.0,0.0,0.0,0.0,0.0,0.0,0.0,0.0,0.0,0.0,0.0,0.0,0.0,0.0,0.0,0.0,0.0,0.0,0.0,0.0,0.0,0.0,0.0,0.0,0.0,0.0,0.0,0.0,19.815345,6.0865575e-14,0.0,15.872082,0.0,14.017588,21.355167,89.349,173.879,64.3741,0.021,2.2441,0.0,0.2689137590520079,1.0000000005557306,0.9999999997544365,0.43849234614710036,0.7685710265707175,0.0,0.0,0.0,0.0,0.0,0.0,0.0,0.0,0.0,0.0,0.0,0.0,0.0,0.0,0.0,0.0,0.0,0.0,0.0,0.0,0.0,0.0,0.0,0.0,0.0,0.0,0.0,0.0,0.0,0.0,0.0,0.0,0.0,0.0,0.0,0.0,0.0,0.0,0.0,0.0,0.0,0.0,0.0,0.0,0.0,0.0,0.0,0.0,0.0,0.0,0.0,0.0,0.0,0.0,0.0,0.0,0.0,0.0,0.0,0.0,0.0,0.0,0.0,0.0,0.060606166861518956,1.60067448127429e-16,0.0,0.06060647683151813,0.0,0.03030318691397439,0.060606406831307,0.9999999999776156,1.0000000000230045,0.9999999999378631,0.0028763183125599264,1.0000000003119285,0.0,3.3330714,-9.2531108,-4.0611,-9.0453705,-3.3330714,99.580613,102.51072,78.312976,112.98548,104.9878,73.804609,61.397416,128.6674,51.206542,64.297299,92.431822,84.333108,140.73394,68.093984,25.62738,144.87977,120.91069,68.587332,108.17377,138.878,77.519359,116.08729,54.732859,129.73497,129.71861,107.05198,143.63725,48.711846,42.025514,151.17714,110.14514,67.494651,114.16703,35.263988,135.80931,101.08826,80.282588,101.7795,97.593759,61.47649,58.433672,64.473743,115.8413,55.464927,129.25113,76.959184,107.41493,66.688858,57.566367,82.824341,35.442644,65.315794,90.906485,83.138442,57.13114,73.707471,94.202259,103.853,133.16372,48.773691,89.497281,78.310857,74.351874,116.18563,12.121982,12.070872,-12.702254,12.000784,10.500933,7.1827692,15.33228,-2.2440677,-0.58734285,-2.9518494,-346.46953,-15.730196,3.3330714,1799.9417899999999,.
2071.0,1021.2,5.3983,12.2168,114.00801,7240.9798,0.0,0.0,0.0,0.0,0.0,0.0,0.0,0.0,0.0,0.0,0.0,0.0,0.0,0.0,0.0,0.0,0.0,0.0,0.0,0.0,0.0,0.0,0.0,0.0,0.0,0.0,0.0,0.0,0.0,0.0,0.0,0.0,0.0,0.0,0.0,0.0,0.0,0.0,0.0,0.0,0.0,0.0,0.0,0.0,0.0,0.0,0.0,0.0,0.0,0.0,0.0,0.0,0.0,0.0,0.0,0.0,0.0,0.0,0.0,0.0,0.0,0.0,0.0,0.0,19.815345,-4.7330105e-14,0.0,7.9360213,0.0,14.017588,21.355167,89.349,173.879,64.3741,0.0,2.2441,0.0,0.26891375905200793,1.0000000005557304,0.9999999997544363,0.4384923461471,0.7076923031675267,0.0,0.0,0.0,0.0,0.0,0.0,0.0,0.0,0.0,0.0,0.0,0.0,0.0,0.0,0.0,0.0,0.0,0.0,0.0,0.0,0.0,0.0,0.0,0.0,0.0,0.0,0.0,0.0,0.0,0.0,0.0,0.0,0.0,0.0,0.0,0.0,0.0,0.0,0.0,0.0,0.0,0.0,0.0,0.0,0.0,0.0,0.0,0.0,0.0,0.0,0.0,0.0,0.0,0.0,0.0,0.0,0.0,0.0,0.0,0.0,0.0,0.0,0.0,0.0,0.06060616686151898,-1.2447116661517233e-16,0.0,0.030303163192634992,0.0,0.030303186913974392,0.06060640683130703,0.9999999999776158,1.0000000000230045,0.999999999937863,0.0,1.0000000003119291,0.0,3.3445985,-9.3414283,-4.2069361,-9.2576783,-3.3445985,100.31322,102.80744,78.888567,113.32749,105.30166,74.018666,61.848455,129.05892,51.355283,64.483332,92.699431,84.576113,139.89633,67.869904,25.56999,144.2247,120.17865,68.270661,107.53869,138.27579,75.507928,115.59834,54.578176,129.23201,126.75366,106.61341,142.8942,48.576824,41.909578,147.75127,109.66288,67.30658,113.48555,35.174368,135.26205,100.69946,79.918172,101.19349,95.268924,61.307864,57.046785,64.195018,113.22141,54.28397,128.57314,73.320093,107.05651,64.500498,55.86293,82.620001,35.405999,65.166534,89.693626,78.996964,57.013815,73.536114,93.963079,103.57358,132.63187,48.713479,88.497964,75.176009,71.694073,115.73085,11.325092,11.387615,-39.112815,11.092039,3.6172067,7.4758597,11.410312,-2.4062436,-0.64461254,-2.9438595,-347.02902,-15.695954,3.3445985,1803.0925,.
2072.0,1102.2,5.3983,12.2168,114.00801,6940.4649,0.0,0.0,0.0,0.0,0.0,0.0,0.0,0.0,0.0,0.0,0.0,0.0,0.0,0.0,0.0,0.0,0.0,0.0,0.0,0.0,0.0,0.0,0.0,0.0,0.0,0.0,0.0,0.0,0.0,0.0,0.0,0.0,0.0,0.0,0.0,0.0,0.0,0.0,0.0,0.0,0.0,0.0,0.0,0.0,0.0,0.0,0.0,0.0,0.0,0.0,0.0,0.0,0.0,0.0,0.0,0.0,0.0,0.0,0.0,0.0,0.0,0.0,0.0,0.0,19.815345,-1.1204535e-14,0.0,7.9360213,0.0,14.017588,10.677569,89.349,173.879,64.3741,0.0,2.2441,0.0,0.2902435813034892,1.0000000005557308,0.9999999997544363,0.43849234614710036,0.6783216810153767,0.0,0.0,0.0,0.0,0.0,0.0,0.0,0.0,0.0,0.0,0.0,0.0,0.0,0.0,0.0,0.0,0.0,0.0,0.0,0.0,0.0,0.0,0.0,0.0,0.0,0.0,0.0,0.0,0.0,0.0,0.0,0.0,0.0,0.0,0.0,0.0,0.0,0.0,0.0,0.0,0.0,0.0,0.0,0.0,0.0,0.0,0.0,0.0,0.0,0.0,0.0,0.0,0.0,0.0,0.0,0.0,0.0,0.0,0.0,0.0,0.0,0.0,0.0,0.0,0.06060616686151901,-2.946626767108439e-17,0.0,0.030303163192635,0.0,0.03030318691397439,0.030303162264352798,0.9999999999776151,1.0000000000230047,0.9999999999378634,0.0,1.0000000003119294,0.0,3.3539232,-9.3033448,-4.2593608,-9.4902978,-3.3539232,101.37445,103.15739,79.723018,113.73746,105.67636,74.271868,62.503666,129.52916,51.531482,64.703326,93.01507,84.862328,139.38534,67.768726,25.551835,143.83839,119.74447,68.105223,107.17363,137.9262,74.175137,115.34713,54.516278,128.95276,124.70091,106.38492,142.45101,48.524045,41.865484,145.35667,109.38204,67.231853,113.08779,35.14238,134.95316,100.5065,79.728981,100.86105,93.701388,61.242326,56.133967,64.052284,111.43891,53.505049,127.60307,68.530921,106.50675,61.555422,53.55083,82.292301,35.330176,64.925224,88.052087,73.572891,56.818975,73.258437,93.582843,103.13234,131.84681,48.595947,87.132623,71.022449,68.145682,115.05277,10.68405,10.743033,-59.916509,10.464187,3.6516522,7.0526978,5.9833545,-2.5036469,-0.66014682,-2.9455515,-348.12661,-15.662567,3.3539232,1804.2154,.
2073.0,1102.2,5.3983,12.2168,106.87681,6886.8015,0.0,0.0,0.0,0.0,0.0,0.0,0.0,0.0,0.0,0.0,0.0,0.0,0.0,0.0,0.0,0.0,0.0,0.0,0.0,0.0,0.0,0.0,0.0,0.0,0.0,0.0,0.0,0.0,0.0,0.0,0.0,0.0,0.0,0.0,0.0,0.0,0.0,0.0,0.0,0.0,0.0,0.0,0.0,0.0,0.0,0.0,0.0,0.0,0.0,0.0,0.0,0.0,0.0,0.0,0.0,0.0,0.0,0.0,0.0,0.0,0.0,0.0,0.0,0.0,19.815345,-5.5497327e-14,-7.8206468e-15,7.9360213,0.0,14.017588,10.677569,89.349,173.879,64.3741,0.0,2.2441,0.0,0.29024358130348915,1.0000000005557308,0.9999999997544367,0.4110646538398299,0.6730769246162743,0.0,0.0,0.0,0.0,0.0,0.0,0.0,0.0,0.0,0.0,0.0,0.0,0.0,0.0,0.0,0.0,0.0,0.0,0.0,0.0,0.0,0.0,0.0,0.0,0.0,0.0,0.0,0.0,0.0,0.0,0.0,0.0,0.0,0.0,0.0,0.0,0.0,0.0,0.0,0.0,0.0,0.0,0.0,0.0,0.0,0.0,0.0,0.0,0.0,0.0,0.0,0.0,0.0,0.0,0.0,0.0,0.0,0.0,0.0,0.0,0.0,0.0,0.0,0.0,0.06060616686151898,-1.4594975091886447e-16,-4.569027472274317e-17,0.030303163192634992,0.0,0.03030318691397438,0.03030316226435279,0.9999999999776156,1.000000000023005,0.9999999999378634,0.0,1.0000000003119291,0.0,3.3587495,-9.3090715,-4.2595493,-9.7140919,-3.3587495,102.40847,103.48553,80.539637,114.12293,106.0289,74.511615,63.151051,129.97183,51.699395,64.912367,93.311215,85.131184,139.54348,67.890704,25.601966,144.01259,119.89919,68.219881,107.32807,138.09958,74.168616,115.53927,54.619161,129.12857,124.57373,106.55516,142.62287,48.616577,41.946962,145.17719,109.51868,67.358407,113.24285,35.210963,135.13218,100.67719,79.863866,101.01178,93.660527,61.359065,56.142981,64.161086,111.37408,53.515313,126.48697,63.072265,105.86751,58.179134,50.894192,81.909713,35.239189,64.643657,86.174656,67.398719,56.590721,72.933964,93.139629,102.61809,130.94012,48.455574,85.568897,66.280441,64.086532,114.26775,11.088481,10.134937,4.8207407,9.8718748,9.0666146,6.6534885,5.3399587,-2.5471163,-0.67413232,-2.9409252,-348.67246,-15.659986,3.3587495,1803.7670899999998,.
2074.0,1182.2,5.3983,12.2168,100.55507,6779.4747,0.0,0.0,0.0,0.0,0.0,0.0,0.0,0.0,0.0,0.0,0.0,0.0,0.0,0.0,0.0,0.0,0.0,0.0,0.0,0.0,0.0,0.0,0.0,0.0,0.0,0.0,0.0,0.0,0.0,0.0,0.0,0.0,0.0,0.0,0.0,0.0,0.0,0.0,0.0,0.0,0.0,0.0,0.0,0.0,0.0,0.0,0.0,0.0,0.0,0.0,0.0,0.0,0.0,0.0,0.0,0.0,0.0,0.0,0.0,0.0,0.0,0.0,0.0,0.0,19.815345,0.0,-7.8128109e-15,7.9360213,0.0,14.017588,10.677569,89.349,173.879,64.3741,0.0,2.2441,0.0,0.31131007241606323,1.0000000005557301,0.9999999997544367,0.3867502692248192,0.6625874118180781,0.0,0.0,0.0,0.0,0.0,0.0,0.0,0.0,0.0,0.0,0.0,0.0,0.0,0.0,0.0,0.0,0.0,0.0,0.0,0.0,0.0,0.0,0.0,0.0,0.0,0.0,0.0,0.0,0.0,0.0,0.0,0.0,0.0,0.0,0.0,0.0,0.0,0.0,0.0,0.0,0.0,0.0,0.0,0.0,0.0,0.0,0.0,0.0,0.0,0.0,0.0,0.0,0.0,0.0,0.0,0.0,0.0,0.0,0.0,0.0,0.0,0.0,0.0,0.0,0.06060616686151897,0.0,-4.5644495334815826e-17,0.030303163192634992,0.0,0.03030318691397439,0.030303162264352798,0.9999999999776165,1.000000000023005,0.9999999999378634,0.0,1.000000000311928,0.0,3.3618095,-9.2571349,-4.1897721,-9.9539383,-3.3618095,100.45093,103.18397,79.004837,113.73424,105.68289,74.294526,61.953001,129.5218,51.548894,64.72555,93.039312,84.88774,139.44273,67.933612,25.629136,143.97375,119.82864,68.231262,107.28542,138.07554,73.613568,115.56929,54.664874,129.13546,123.64176,106.57905,142.55961,48.65907,41.984801,144.06712,109.49748,67.414885,113.18746,35.245089,135.1289,100.71547,79.878955,100.97989,92.987554,61.412722,55.773622,64.177733,110.59772,53.202285,124.83435,55.55007,104.87347,53.44041,47.142001,81.297418,35.074912,64.190781,83.521909,58.926721,56.217879,72.411332,92.433733,101.80269,129.56551,48.207735,83.340972,59.707495,58.424658,113.0699,9.508766,-6.8341839,4.5478685,7.0867179,5.6770553,6.276876,9.5803182,-2.0190928,-0.67624471,-2.9313587,-348.8673,-15.665155,3.3618095,1801.13527,.
2075.0,1182.2,5.3983,12.2168,100.55507,6672.1479,0.0,0.0,0.0,0.0,0.0,0.0,0.0,0.0,0.0,0.0,0.0,0.0,0.0,0.0,0.0,0.0,0.0,0.0,0.0,0.0,0.0,0.0,0.0,0.0,0.0,0.0,0.0,0.0,0.0,0.0,0.0,0.0,0.0,0.0,0.0,0.0,0.0,0.0,0.0,0.0,0.0,0.0,0.0,0.0,0.0,0.0,0.0,0.0,0.0,0.0,0.0,0.0,0.0,0.0,0.0,0.0,0.0,0.0,0.0,0.0,0.0,0.0,0.0,0.0,9.9076601,1.1544068e-14,3.5077599e-14,-1.1346074e-14,0.0,14.017588,10.677569,89.349,173.879,64.3741,0.0,2.2441,0.0,0.31131007241606323,1.0000000005557301,0.9999999997544369,0.38675026922481937,0.6520978990198779,0.0,0.0,0.0,0.0,0.0,0.0,0.0,0.0,0.0,0.0,0.0,0.0,0.0,0.0,0.0,0.0,0.0,0.0,0.0,0.0,0.0,0.0,0.0,0.0,0.0,0.0,0.0,0.0,0.0,0.0,0.0,0.0,0.0,0.0,0.0,0.0,0.0,0.0,0.0,0.0,0.0,0.0,0.0,0.0,0.0,0.0,0.0,0.0,0.0,0.0,0.0,0.0,0.0,0.0,0.0,0.0,0.0,0.0,0.0,0.0,0.0,0.0,0.0,0.0,0.030303045504774907,3.035918917663248e-17,2.049325555687058e-16,-4.3324219910764725e-17,0.0,0.03030318691397439,0.030303162264352798,0.9999999999776158,1.0000000000230045,0.9999999999378631,0.0,1.0000000003119285,0.0,3.3703506,-6.947116,-3.6192927,-10.201145,-3.3703506,98.408361,102.89647,77.394475,113.35837,105.34823,74.081721,60.680528,129.0851,51.398661,64.540667,92.779624,84.654624,137.04129,67.25969,25.444593,142.01853,117.75671,67.321811,105.49555,136.27112,68.395846,114.14492,54.189415,127.61037,115.79149,105.28781,140.39315,48.243391,41.628201,134.95521,108.05382,66.835139,111.26376,34.964871,133.47641,99.56615,78.828922,99.328812,86.904106,60.892562,52.175739,63.370334,103.70806,50.121688,124.7857,53.454285,104.99162,52.372017,46.361539,81.426378,35.164558,64.295124,83.016908,56.461154,56.319641,72.531716,92.573285,101.95129,129.62963,48.327586,82.978593,57.992007,57.049873,113.14523,8.0374601,9.0200575,4.290442,6.6855829,-1.2811765,4.9157553,4.7525443,-1.8937829,-0.67692904,-2.9306771,-349.83064,-14.662622,3.3703506,1797.03897,.
2076.0,1261.1,5.3983,12.2168,94.911913,6579.1314,0.0,0.0,0.0,0.0,0.0,0.0,0.0,0.0,0.0,0.0,0.0,0.0,0.0,0.0,0.0,0.0,0.0,0.0,0.0,0.0,0.0,0.0,0.0,0.0,0.0,0.0,0.0,0.0,0.0,0.0,0.0,0.0,0.0,0.0,0.0,0.0,0.0,0.0,0.0,0.0,0.0,0.0,0.0,0.0,0.0,0.0,0.0,0.0,0.0,0.0,0.0,0.0,0.0,0.0,0.0,0.0,0.0,0.0,0.0,0.0,0.0,0.0,0.0,0.0,9.9076601,-1.0864516e-14,-1.1126599e-14,-7.9743665e-14,-8.1989954e-15,14.017588,-2.3002068e-14,89.349,173.879,64.3741,0.0,2.2441,0.0,0.3320868992758393,1.0000000005557308,0.9999999997544367,0.3650458192251533,0.643006993792166,0.0,0.0,0.0,0.0,0.0,0.0,0.0,0.0,0.0,0.0,0.0,0.0,0.0,0.0,0.0,0.0,0.0,0.0,0.0,0.0,0.0,0.0,0.0,0.0,0.0,0.0,0.0,0.0,0.0,0.0,0.0,0.0,0.0,0.0,0.0,0.0,0.0,0.0,0.0,0.0,0.0,0.0,0.0,0.0,0.0,0.0,0.0,0.0,0.0,0.0,0.0,0.0,0.0,0.0,0.0,0.0,0.0,0.0,0.0,0.0,0.0,0.0,0.0,0.0,0.030303045504774893,-2.8572068057512344e-17,-6.500451663918634e-17,-3.044958175797505e-16,-2.9203953221788356e-16,0.03030318691397438,-6.52803460244253e-17,0.9999999999776158,1.000000000023004,0.9999999999378626,0.0,1.0000000003119285,0.0,3.3766932,-8.4812931,-4.0521491,-10.494923,-3.3766932,97.38136,102.86853,76.576995,113.29469,105.29613,74.053477,60.020973,129.00692,51.375311,64.514716,92.753775,84.632305,136.0276,67.06597,25.40961,141.22779,116.91418,67.008307,104.79707,135.55541,65.913715,113.66393,54.070877,127.03787,111.84849,104.84244,139.50513,48.143676,41.545281,130.32329,107.4791,66.692124,110.49781,34.904228,132.84364,99.193263,78.469323,98.695508,83.947937,60.7679,50.481242,63.099001,100.32405,48.668144,124.59163,50.701141,105.01173,50.839254,45.19913,81.495706,35.235682,64.356631,82.278673,53.278671,56.38516,72.601298,92.645456,102.02074,129.56997,48.419525,82.417097,55.682322,55.142363,113.10759,8.4627679,8.5094882,4.0475868,6.3071537,-0.0,5.5863973,4.4835323,-2.3921379,-0.73610448,-3.4479477,-351.18332,-15.305699,3.3766932,1791.63752,.
2077.0,1261.1,5.3983,12.2168,89.843237,6482.5373,0.0,0.0,0.0,0.0,0.0,0.0,0.0,0.0,0.0,0.0,0.0,0.0,0.0,0.0,0.0,0.0,0.0,0.0,0.0,0.0,0.0,0.0,0.0,0.0,0.0,0.0,0.0,0.0,0.0,0.0,0.0,0.0,0.0,0.0,0.0,0.0,0.0,0.0,0.0,0.0,0.0,0.0,0.0,0.0,0.0,0.0,0.0,0.0,0.0,0.0,0.0,0.0,0.0,0.0,0.0,0.0,0.0,0.0,0.0,0.0,0.0,0.0,0.0,0.0,9.9076601,1.0192605e-13,0.0,0.0,0.0,14.017588,0.0,89.349,173.879,64.3741,0.0,2.2441,0.0,0.33208689927583934,1.0000000005557308,0.9999999997544368,0.3455509115331454,0.6335664342284738,0.0,0.0,0.0,0.0,0.0,0.0,0.0,0.0,0.0,0.0,0.0,0.0,0.0,0.0,0.0,0.0,0.0,0.0,0.0,0.0,0.0,0.0,0.0,0.0,0.0,0.0,0.0,0.0,0.0,0.0,0.0,0.0,0.0,0.0,0.0,0.0,0.0,0.0,0.0,0.0,0.0,0.0,0.0,0.0,0.0,0.0,0.0,0.0,0.0,0.0,0.0,0.0,0.0,0.0,0.0,0.0,0.0,0.0,0.0,0.0,0.0,0.0,0.0,0.0,0.030303045504774903,2.680504163676879e-16,0.0,0.0,0.0,0.03030318691397439,0.0,0.9999999999776159,1.000000000023004,0.9999999999378636,0.0,1.0000000003119294,0.0,3.3807026,-9.0330649,-4.1974988,-10.785951,-3.3807026,98.017945,103.22892,77.068786,113.70221,105.67091,74.307823,60.391775,129.47146,51.549291,64.734149,93.078278,84.926633,135.16399,66.936969,25.39752,140.57956,116.20289,66.765132,104.21606,134.97526,63.602203,113.29906,54.003448,126.58946,108.15799,104.50284,138.76416,48.088766,41.501342,125.98121,107.01203,66.611862,109.85591,34.875816,132.34157,98.919347,78.191641,98.172323,81.191738,60.700229,48.90865,62.892728,97.167795,47.32212,124.25305,47.278039,104.93554,48.836517,43.651711,81.507206,35.289542,64.376909,81.305287,49.365065,56.415783,72.621704,92.652166,102.01306,129.38805,48.485084,81.655069,52.768076,52.694043,112.95847,7.9837433,8.0278191,-0.32411544,-6.3813326,-3.6025033,5.2701861,-2.1412742,-2.5603529,-0.76591392,-3.6274509,-351.75446,-15.529173,3.3807026,1785.35629,.
2078.0,1339.0,5.3983,12.2168,89.843237,6382.3656,0.0,0.0,0.0,0.0,0.0,0.0,0.0,0.0,0.0,0.0,0.0,0.0,0.0,0.0,0.0,0.0,0.0,0.0,0.0,0.0,0.0,0.0,0.0,0.0,0.0,0.0,0.0,0.0,0.0,0.0,0.0,0.0,0.0,0.0,0.0,0.0,0.0,0.0,0.0,0.0,0.0,0.0,0.0,0.0,0.0,0.0,0.0,0.0,0.0,0.0,0.0,0.0,0.0,0.0,0.0,0.0,0.0,0.0,0.0,0.0,0.0,0.0,0.0,0.0,0.0,-1.010084e-13,-2.8689029e-14,0.0,0.0,14.017588,-5.1122968e-14,89.349,173.879,64.3741,0.0,2.2441,0.0,0.3526003949967084,1.0000000005557308,0.9999999997544362,0.34555091153314565,0.6237762203288018,0.0,0.0,0.0,0.0,0.0,0.0,0.0,0.0,0.0,0.0,0.0,0.0,0.0,0.0,0.0,0.0,0.0,0.0,0.0,0.0,0.0,0.0,0.0,0.0,0.0,0.0,0.0,0.0,0.0,0.0,0.0,0.0,0.0,0.0,0.0,0.0,0.0,0.0,0.0,0.0,0.0,0.0,0.0,0.0,0.0,0.0,0.0,0.0,0.0,0.0,0.0,0.0,0.0,0.0,0.0,0.0,0.0,0.0,0.0,0.0,0.0,0.0,0.0,0.0,0.0,-2.656371327706113e-16,-1.676088500172065e-16,0.0,0.0,0.030303186913974385,-1.4508804342442699e-16,0.9999999999776161,1.000000000023005,0.9999999999378634,0.0,1.0000000003119291,0.0,3.3829028,-6.8841268,-3.6972119,-11.076211,-3.3829028,98.322265,103.54506,77.306916,114.05069,105.99456,74.534717,60.576441,129.86816,51.706259,64.931524,93.363224,85.186485,135.19009,67.102845,25.476551,140.69404,116.26382,66.886487,104.3107,135.10697,62.930904,113.51613,54.154523,126.76128,106.91835,104.69125,138.84814,48.22603,41.622883,124.47579,107.11298,66.798472,109.93562,34.980619,132.50411,99.125277,78.336226,98.276128,80.346877,60.873863,48.47548,63.014946,96.17673,46.95729,123.69188,42.901058,104.71166,46.181244,41.574311,81.427103,35.315512,64.330589,79.988072,44.402334,56.390158,72.563767,92.554583,101.88403,129.01517,48.508646,80.599068,48.998859,49.487674,112.63786,4.6107793,7.5734142,3.6023379,-19.401682,-2.0860641,4.127363,3.9903278,-2.1590231,-0.72154491,-3.1983734,-352.08526,-14.675081,3.3829028,1778.0581,.
2079.0,1339.0,5.3983,12.2168,85.265202,6282.194,0.0,0.0,0.0,0.0,0.0,0.0,0.0,0.0,0.0,0.0,0.0,0.0,0.0,0.0,0.0,0.0,0.0,0.0,0.0,0.0,0.0,0.0,0.0,0.0,0.0,0.0,0.0,0.0,0.0,0.0,0.0,0.0,0.0,0.0,0.0,0.0,0.0,0.0,0.0,0.0,0.0,0.0,0.0,0.0,0.0,0.0,0.0,0.0,0.0,0.0,0.0,0.0,0.0,0.0,0.0,0.0,0.0,0.0,0.0,0.0,0.0,0.0,0.0,0.0,2.6398745e-15,0.0,1.814071e-14,3.9341242e-14,1.3297245e-15,14.017588,1.3926419e-13,89.349,173.879,64.3741,0.0,2.2441,0.0,0.3526003949967083,1.0000000005557301,0.9999999997544362,0.3279430846103394,0.6139860162025601,0.0,0.0,0.0,0.0,0.0,0.0,0.0,0.0,0.0,0.0,0.0,0.0,0.0,0.0,0.0,0.0,0.0,0.0,0.0,0.0,0.0,0.0,0.0,0.0,0.0,0.0,0.0,0.0,0.0,0.0,0.0,0.0,0.0,0.0,0.0,0.0,0.0,0.0,0.0,0.0,0.0,0.0,0.0,0.0,0.0,0.0,0.0,0.0,0.0,0.0,0.0,0.0,0.0,0.0,0.0,0.0,0.0,0.0,0.0,0.0,0.0,0.0,0.0,0.0,8.074180613078851e-18,0.0,1.0598279717294152e-16,1.5022188467752045e-16,4.7363378318111876e-17,0.030303186913974385,3.9523465942328787e-16,0.9999999999776162,1.0000000000230045,0.9999999999378634,0.0,1.000000000311929,0.0,3.3845155,-8.4883895,-4.0735335,-11.404587,-3.3845155,94.044513,102.94885,73.944818,113.2691,105.30064,74.10018,57.937844,128.96083,51.402449,64.556266,92.825188,84.704892,134.98862,67.201042,25.537305,140.63614,116.11932,66.913334,104.22207,135.07968,61.670718,113.5889,54.257454,126.79891,104.86353,104.75279,138.73196,48.321527,41.70728,122.03979,107.08659,66.926413,109.82137,35.056843,132.52117,99.21576,78.371623,98.209605,78.839703,60.99462,47.635831,63.053947,94.450506,46.249491,123.99,41.372201,105.0828,45.436897,41.040805,81.746342,35.479403,64.585722,79.808317,42.601218,56.621305,72.85271,92.91272,102.27336,129.41477,48.730923,80.531328,47.773174,48.519625,112.99879,6.3664212,-30.453676,3.3984319,5.2956078,-0.0,4.259703,3.7644602,-2.4150655,-0.75612996,-3.5262397,-353.03705,-15.313771,3.3845155,1770.18904,.
2080.0,1415.9,5.3983,12.2168,81.109521,6178.4448,0.0,0.0,0.0,0.0,0.0,0.0,0.0,0.0,0.0,0.0,0.0,0.0,0.0,0.0,0.0,0.0,0.0,0.0,0.0,0.0,0.0,0.0,0.0,0.0,0.0,0.0,0.0,0.0,0.0,0.0,0.0,0.0,0.0,0.0,0.0,0.0,0.0,0.0,0.0,0.0,0.0,0.0,0.0,0.0,0.0,0.0,0.0,0.0,0.0,0.0,0.0,0.0,0.0,0.0,0.0,0.0,0.0,0.0,0.0,0.0,0.0,0.0,0.0,0.0,-1.0428041e-13,0.0,-2.8202423e-14,1.2095983e-14,3.0927165e-15,14.017588,-9.3041627e-14,89.349,173.879,64.3741,0.0,2.2441,0.0,0.3728505595786703,1.0000000005557308,0.9999999997544367,0.311959696149047,0.603846157740343,0.0,0.0,0.0,0.0,0.0,0.0,0.0,0.0,0.0,0.0,0.0,0.0,0.0,0.0,0.0,0.0,0.0,0.0,0.0,0.0,0.0,0.0,0.0,0.0,0.0,0.0,0.0,0.0,0.0,0.0,0.0,0.0,0.0,0.0,0.0,0.0,0.0,0.0,0.0,0.0,0.0,0.0,0.0,0.0,0.0,0.0,0.0,0.0,0.0,0.0,0.0,0.0,0.0,0.0,0.0,0.0,0.0,0.0,0.0,0.0,0.0,0.0,0.0,0.0,-3.189465502037746e-16,0.0,-1.6476596983218964e-16,4.6187696953930637e-17,1.101592860928462e-16,0.030303186913974392,-2.6405406701847475e-16,0.9999999999776159,1.0000000000230047,0.9999999999378636,0.0,1.0000000003119291,0.0,3.3961755,-6.4066574,-3.6002558,-11.710216,-3.3961755,92.619733,103.02356,72.813684,113.30186,105.34231,74.144296,57.030102,128.99012,51.428684,64.593575,92.891785,84.768011,134.66369,67.271013,25.592,140.48804,115.86684,66.895641,104.0402,134.97019,60.062624,113.59533,54.341362,126.77053,102.30488,104.75521,138.50997,48.400936,41.77819,119.02144,106.99438,67.032683,109.60676,35.122877,132.46586,99.254343,78.355692,98.056798,76.935047,61.09594,46.55816,63.054727,92.279484,45.34049,124.30064,39.766144,105.4636,44.621379,40.444685,82.076443,35.648445,64.850767,79.617742,40.725275,56.860896,73.151785,93.28378,102.67557,129.83007,48.959675,80.456142,46.472069,47.477029,113.37064,6.0060578,3.3596494,3.2060679,4.9958565,-0.0,4.4249499,3.5513775,-1.9787721,-0.77056489,-3.1450177,-352.67268,-14.441985,3.3961755,1761.57071,.
2081.0,1491.7,5.3983,12.2168,77.32002,6031.7648,0.0,0.0,0.0,0.0,0.0,0.0,0.0,0.0,0.0,0.0,0.0,0.0,0.0,0.0,0.0,0.0,0.0,0.0,0.0,0.0,0.0,0.0,0.0,0.0,0.0,0.0,0.0,0.0,0.0,0.0,0.0,0.0,0.0,0.0,0.0,0.0,0.0,0.0,0.0,0.0,0.0,0.0,0.0,0.0,0.0,0.0,0.0,0.0,0.0,0.0,0.0,0.0,0.0,0.0,0.0,0.0,0.0,0.0,0.0,0.0,0.0,0.0,0.0,0.0,8.3547286e-14,5.4780849e-16,2.3198659e-14,-1.0733424e-16,0.0,28.035154,0.0,89.349,173.879,64.3741,0.0,2.2441,30.3,0.3928110599078342,1.0000000005557308,0.9999999997544363,0.2973846923031169,0.5895104863400971,0.0,0.0,0.0,0.0,0.0,0.0,0.0,0.0,0.0,0.0,0.0,0.0,0.0,0.0,0.0,0.0,0.0,0.0,0.0,0.0,0.0,0.0,0.0,0.0,0.0,0.0,0.0,0.0,0.0,0.0,0.0,0.0,0.0,0.0,0.0,0.0,0.0,0.0,0.0,0.0,0.0,0.0,0.0,0.0,0.0,0.0,0.0,0.0,0.0,0.0,0.0,0.0,0.0,0.0,0.0,0.0,0.0,0.0,0.0,0.0,0.0,0.0,0.0,0.0,2.555333130027789e-16,1.4406551988844296e-18,1.3553266501042321e-16,-4.098485712075207e-19,0.0,0.06060632626840342,0.0,0.9999999999776159,1.0000000000230045,0.9999999999378631,0.0,1.0000000003119291,0.04166666666666668,3.4094455,-5.6589291,-3.4275975,-12.071593,-3.4094455,91.451493,103.21326,71.881273,113.4665,105.50481,74.269689,56.273188,129.16988,51.510475,64.700904,93.06191,84.924911,133.83791,67.194785,25.6059,139.93908,115.17522,66.680552,103.47453,134.49034,57.318143,113.29478,54.321709,126.42809,98.085644,104.48219,137.83836,48.389035,41.770168,114.08755,106.60569,67.012247,108.98181,35.127036,132.07056,99.045574,78.112022,97.54871,73.721415,61.082857,44.695348,62.88048,88.635933,43.762252,125.75281,42.055878,106.62538,46.397127,41.936075,82.927565,35.994041,65.5085,80.96335,43.182964,57.434105,73.902861,94.250077,103.75546,131.26524,49.443788,81.711158,48.640124,49.478319,114.64085,5.6660922,6.3587846,3.0245923,4.7130721,-0.89112514,4.174481,-8.2745119,-2.3667197,-0.78069714,-3.0704726,-353.61785,-14.104469,3.4094455,1752.0709499999998,.
2082.0,1566.5,5.3983,12.2168,70.660609,5885.0849,0.0,0.0,0.0,0.0,0.0,0.0,0.0,0.0,0.0,0.0,0.0,0.0,0.0,0.0,0.0,0.0,0.0,0.0,0.0,0.0,0.0,0.0,0.0,0.0,0.0,0.0,0.0,0.0,0.0,0.0,0.0,0.0,0.0,0.0,0.0,0.0,0.0,0.0,0.0,0.0,0.0,0.0,0.0,0.0,0.0,0.0,0.0,0.0,0.0,0.0,0.0,0.0,0.0,0.0,0.0,0.0,0.0,0.0,0.0,0.0,0.0,0.0,0.0,0.0,-8.7370307e-14,-2.1725809e-14,-1.7832149e-14,0.0,-4.4224411e-15,28.035154,9.6346243e-14,89.349,173.879,64.3741,0.0,2.2441,30.3,0.4125082290980909,1.0000000005557301,0.9999999997544369,0.2717715730727419,0.5751748247132852,0.0,0.0,0.0,0.0,0.0,0.0,0.0,0.0,0.0,0.0,0.0,0.0,0.0,0.0,0.0,0.0,0.0,0.0,0.0,0.0,0.0,0.0,0.0,0.0,0.0,0.0,0.0,0.0,0.0,0.0,0.0,0.0,0.0,0.0,0.0,0.0,0.0,0.0,0.0,0.0,0.0,0.0,0.0,0.0,0.0,0.0,0.0,0.0,0.0,0.0,0.0,0.0,0.0,0.0,0.0,0.0,0.0,0.0,0.0,0.0,0.0,0.0,0.0,0.0,-2.672262029646286e-16,-5.713566010234734e-17,-1.0418010268752833e-16,0.0,-1.5752266797285213e-16,0.06060632626840341,2.734326357609831e-16,0.9999999999776166,1.0000000000230052,0.999999999937863,0.0,1.000000000311928,0.04166666666666668,3.4213151,-8.1111071,-3.9861551,-12.455355,-3.4213151,92.145061,103.85512,72.415962,114.17714,106.16282,74.725103,56.673968,129.97839,51.823156,65.095239,93.64005,85.450965,134.80089,67.69888,25.796124,140.90447,116.03912,67.193807,104.2701,135.42126,58.016933,114.15153,54.728865,127.3091,98.979162,105.2571,138.81535,48.752608,42.086056,115.06661,107.3434,67.51397,109.81061,35.390681,132.98887,99.787747,78.711933,98.303639,74.506575,61.541063,45.220677,63.360772,89.513551,44.235413,125.51221,38.331808,106.62167,44.088743,40.116209,83.011565,36.081158,65.592761,79.976412,38.995799,57.519421,73.990051,94.341987,103.8348,131.19426,49.551593,80.946643,45.421266,46.717912,114.574,5.34537,5.9988534,2.853389,-8.8162768,-0.0,3.9392974,3.1607134,-2.5699376,-0.84488599,-3.6133861,-354.06698,-15.140482,3.4213151,1741.89772,.
2083.0,1566.5,5.3983,12.2168,67.718731,5731.2499,0.0,0.0,0.0,0.0,0.0,0.0,0.0,0.0,0.0,0.0,0.0,0.0,0.0,0.0,0.0,0.0,0.0,0.0,0.0,0.0,0.0,0.0,0.0,0.0,0.0,0.0,0.0,0.0,0.0,0.0,0.0,0.0,0.0,0.0,0.0,0.0,0.0,0.0,0.0,0.0,0.0,0.0,0.0,0.0,0.0,0.0,0.0,0.0,0.0,0.0,0.0,0.0,0.0,0.0,0.0,0.0,0.0,0.0,0.0,0.0,0.0,0.0,0.0,0.0,1.3872986e-13,4.443989e-14,2.0611381e-14,1.5406928e-14,0.0,42.052679,-9.5249414e-14,89.349,173.879,64.3741,0.0,2.2441,30.3,0.41250822909809093,1.0000000005557312,0.9999999997544372,0.26045665768830084,0.5601398641879457,0.0,0.0,0.0,0.0,0.0,0.0,0.0,0.0,0.0,0.0,0.0,0.0,0.0,0.0,0.0,0.0,0.0,0.0,0.0,0.0,0.0,0.0,0.0,0.0,0.0,0.0,0.0,0.0,0.0,0.0,0.0,0.0,0.0,0.0,0.0,0.0,0.0,0.0,0.0,0.0,0.0,0.0,0.0,0.0,0.0,0.0,0.0,0.0,0.0,0.0,0.0,0.0,0.0,0.0,0.0,0.0,0.0,0.0,0.0,0.0,0.0,0.0,0.0,0.0,4.243118171212849e-16,1.1687032920273322e-16,1.204171067161771e-16,5.883031759014779e-17,0.0,0.09090937698913433,-2.7031981231182094e-16,0.9999999999776166,1.0000000000230047,0.9999999999378638,0.0,1.000000000311929,0.04166666666666668,3.4293662,-6.4193584,-3.5921895,-12.844226,-3.4293662,92.36267,104.44039,72.586468,114.81052,106.7543,75.145479,56.806027,130.69796,52.114231,65.461555,94.167636,85.933103,135.59182,68.137961,25.967114,141.74991,116.73363,67.619543,104.90643,136.23986,58.205672,114.87648,55.088154,128.09186,99.248304,105.92093,139.64337,49.073402,42.3638,115.35652,107.99121,67.957198,110.47471,35.624721,133.80184,100.42482,79.211094,98.907843,74.743235,61.946127,45.389779,63.763879,89.798144,44.412338,127.83037,43.474836,108.37395,47.73235,43.105908,84.261379,36.56347,66.553185,82.464649,44.6451,58.349643,75.087794,95.764339,105.43171,133.40593,50.231906,83.191142,50.118396,50.925514,116.52437,5.0428019,5.6592957,2.6918764,4.1946174,4.2222535,3.8440272,2.9818051,-2.5724472,-0.85995727,-3.2519693,-354.23807,-14.431233,3.4293662,1731.42904,.
2084.0,1640.2,5.3983,12.2168,64.99646,5588.1475,0.0,0.0,0.0,0.0,0.0,0.0,0.0,0.0,0.0,0.0,0.0,0.0,0.0,0.0,0.0,0.0,0.0,0.0,0.0,0.0,0.0,0.0,0.0,0.0,0.0,0.0,0.0,0.0,0.0,0.0,0.0,0.0,0.0,0.0,0.0,0.0,0.0,0.0,0.0,0.0,0.0,0.0,0.0,0.0,0.0,0.0,0.0,0.0,0.0,0.0,0.0,0.0,0.0,0.0,0.0,0.0,0.0,0.0,0.0,0.0,0.0,0.0,0.0,0.0,-2.2126423e-13,2.20099e-14,2.5444236e-14,0.0,0.0,42.052679,0.0,89.349,173.879,64.3741,0.0,2.2441,30.3,0.43191573403554967,1.0000000005557308,0.9999999997544365,0.24998638461153883,0.5461538471236808,0.0,0.0,0.0,0.0,0.0,0.0,0.0,0.0,0.0,0.0,0.0,0.0,0.0,0.0,0.0,0.0,0.0,0.0,0.0,0.0,0.0,0.0,0.0,0.0,0.0,0.0,0.0,0.0,0.0,0.0,0.0,0.0,0.0,0.0,0.0,0.0,0.0,0.0,0.0,0.0,0.0,0.0,0.0,0.0,0.0,0.0,0.0,0.0,0.0,0.0,0.0,0.0,0.0,0.0,0.0,0.0,0.0,0.0,0.0,0.0,0.0,0.0,0.0,0.0,-6.7674707878492695e-16,5.788277735879271e-17,1.4865191622645734e-16,0.0,0.0,0.09090937698913433,0.0,0.9999999999776159,1.0000000000230043,0.9999999999378628,0.0,1.0000000003119283,0.04166666666666668,3.4398202,-5.6297565,-3.4000685,-13.257223,-3.4398202,92.000995,104.92673,72.303727,115.31837,107.2337,75.495207,56.585845,131.27254,52.356776,65.767262,94.606149,86.335438,136.09213,68.486148,26.112323,142.36205,117.17004,67.925585,105.31479,136.84185,57.744013,115.41428,55.381903,128.68879,98.588013,106.4179,140.20931,49.336564,42.591753,114.58024,108.46606,68.320299,110.89632,35.819559,134.41455,100.91048,79.57193,99.300101,74.236996,62.278936,45.108298,64.0605,89.250639,44.205982,129.51292,46.410658,109.67918,49.839977,44.840333,85.216524,36.94475,67.294202,84.088143,47.871848,58.992366,75.930508,96.851561,106.64463,135.04787,50.764864,84.683561,52.823484,53.357351,117.96586,4.7573603,5.3389582,2.539506,-8.322953,-55.198912,3.6925659,-36.668978,-2.5407097,-0.86259414,-3.0972132,-354.39771,-14.093455,3.4398202,1720.2996899999998,.
2085.0,1712.9,5.3983,12.2168,60.118453,5394.9593,0.0,0.0,0.0,0.0,0.0,0.0,0.0,0.0,0.0,0.0,0.0,0.0,0.0,0.0,0.0,0.0,0.0,0.0,0.0,0.0,0.0,0.0,0.0,0.0,0.0,0.0,0.0,0.0,0.0,0.0,0.0,0.0,0.0,0.0,0.0,0.0,0.0,0.0,0.0,0.0,0.0,0.0,0.0,0.0,0.0,0.0,0.0,0.0,0.0,0.0,0.0,0.0,0.0,0.0,0.0,0.0,0.0,0.0,0.0,0.0,0.0,0.0,0.0,0.0,7.442525e-14,1.1025847e-14,-1.2659145e-14,0.0,0.0,42.052679,1.228737e-13,89.349,173.879,64.3741,0.0,2.2441,30.3,0.4510599078341014,1.0000000005557308,0.9999999997544363,0.23122481922721186,0.5272727279962957,0.0,0.0,0.0,0.0,0.0,0.0,0.0,0.0,0.0,0.0,0.0,0.0,0.0,0.0,0.0,0.0,0.0,0.0,0.0,0.0,0.0,0.0,0.0,0.0,0.0,0.0,0.0,0.0,0.0,0.0,0.0,0.0,0.0,0.0,0.0,0.0,0.0,0.0,0.0,0.0,0.0,0.0,0.0,0.0,0.0,0.0,0.0,0.0,0.0,0.0,0.0,0.0,0.0,0.0,0.0,0.0,0.0,0.0,0.0,0.0,0.0,0.0,0.0,0.0,2.2763313584549066e-16,2.899634469457437e-17,-7.395805329107056e-17,0.0,0.0,0.09090937698913432,3.4871810888053313e-16,0.9999999999776156,1.0000000000230043,0.9999999999378636,0.0,1.0000000003119296,0.04166666666666668,3.468055,-7.8709389,-3.9269342,-13.701959,-3.468055,90.167876,105.13315,70.858432,115.47779,107.39884,75.637789,55.442945,131.44416,52.452971,65.892256,94.791771,86.509326,136.20563,68.721751,26.225314,142.65382,117.27362,68.08321,105.43527,137.14746,56.480738,115.71853,55.594792,129.03342,96.716316,106.70252,140.42356,49.529332,42.758947,112.3964,108.70386,68.585016,111.00875,35.966251,134.75469,101.20626,79.761234,99.42674,72.794244,62.523184,44.27359,64.224785,87.641309,43.524871,131.40137,50.083861,111.11831,52.411879,46.941848,86.2606,37.35434,68.102645,85.996219,51.930743,59.69169,76.850256,98.041124,107.97369,136.87079,51.33897,86.419784,56.174508,56.345272,119.56433,4.4880757,5.036753,2.3957604,-20.042539,-46.311491,3.3600151,2.6537959,-2.5829,-0.92508232,-3.5812735,-355.37245,-14.041089,3.468055,1708.6453,.
2086.0,1784.6,5.3983,12.2168,55.872216,5198.1935,0.0,0.0,0.0,0.0,0.0,0.0,0.0,0.0,0.0,0.0,0.0,0.0,0.0,0.0,0.0,0.0,0.0,0.0,0.0,0.0,0.0,0.0,0.0,0.0,0.0,0.0,0.0,0.0,0.0,0.0,0.0,0.0,0.0,0.0,0.0,0.0,0.0,0.0,0.0,0.0,0.0,0.0,0.0,0.0,0.0,0.0,0.0,0.0,0.0,0.0,0.0,0.0,0.0,0.0,0.0,0.0,0.0,0.0,0.0,0.0,0.0,0.0,0.0,0.0,0.0,0.0,2.0263265e-14,-1.3194564e-13,0.0,32.705607,-9.5317732e-14,89.349,173.879,64.3741,0.0,2.2441,30.3,0.4699407504937459,1.0000000005557312,0.9999999997544362,0.21489313845823235,0.5080419545329311,0.0,0.0,0.0,0.0,0.0,0.0,0.0,0.0,0.0,0.0,0.0,0.0,0.0,0.0,0.0,0.0,0.0,0.0,0.0,0.0,0.0,0.0,0.0,0.0,0.0,0.0,0.0,0.0,0.0,0.0,0.0,0.0,0.0,0.0,0.0,0.0,0.0,0.0,0.0,0.0,0.0,0.0,0.0,0.0,0.0,0.0,0.0,0.0,0.0,0.0,0.0,0.0,0.0,0.0,0.0,0.0,0.0,0.0,0.0,0.0,0.0,0.0,0.0,0.0,0.0,0.0,1.183833215214049e-16,-5.038255456139802e-16,0.0,0.07070289996081988,-2.7051370021266946e-16,0.9999999999776151,1.0000000000230043,0.9999999999378634,0.0,1.0000000003119294,0.04166666666666668,3.4897155,-8.2955771,-4.0222542,-14.156281,-3.4897155,91.687973,106.08023,72.04519,116.54246,108.38154,76.315104,56.359365,132.6586,52.920763,66.479985,95.645378,87.285625,137.16341,69.235854,26.423516,143.65786,118.11556,68.589773,106.20471,138.11704,56.85835,116.57644,56.012881,129.95519,97.254448,107.48691,141.41556,49.902911,43.082669,112.99244,109.4719,69.101223,111.8128,36.238275,135.71421,101.95689,80.354588,100.1561,73.248776,62.994592,44.578203,64.702828,88.17205,43.820996,132.79268,52.031928,112.20892,53.790257,48.070455,87.074687,37.685029,68.739445,87.228587,54.093844,60.244446,77.570852,98.969002,109.00311,138.24826,51.798255,87.568312,57.97092,57.95009,120.76551,-3.4497337,-1.024422,2.2601513,3.5218817,-48.721266,3.1698256,2.503581,-2.5632283,-0.94618571,-3.6737026,-355.66599,-13.875566,3.4897155,1696.4141599999998,.
2087.0,1855.2,5.3983,12.2168,52.141315,5001.4278,0.0,0.0,0.0,0.0,0.0,0.0,0.0,0.0,0.0,0.0,0.0,0.0,0.0,0.0,0.0,0.0,0.0,0.0,0.0,0.0,0.0,0.0,0.0,0.0,0.0,0.0,0.0,0.0,0.0,0.0,0.0,0.0,0.0,0.0,0.0,0.0,0.0,0.0,0.0,0.0,0.0,0.0,0.0,0.0,0.0,0.0,0.0,0.0,0.0,0.0,0.0,0.0,0.0,0.0,0.0,0.0,0.0,0.0,0.0,0.0,0.0,0.0,0.0,0.0,0.0,-6.7979975e-14,-6.0563282e-14,0.0,0.0,28.035154,3.777675e-14,89.349,173.879,64.3741,0.0,2.2441,30.3,0.4885319289005925,1.0000000005557306,0.9999999997544362,0.20054351922768393,0.48881119084299746,0.0,0.0,0.0,0.0,0.0,0.0,0.0,0.0,0.0,0.0,0.0,0.0,0.0,0.0,0.0,0.0,0.0,0.0,0.0,0.0,0.0,0.0,0.0,0.0,0.0,0.0,0.0,0.0,0.0,0.0,0.0,0.0,0.0,0.0,0.0,0.0,0.0,0.0,0.0,0.0,0.0,0.0,0.0,0.0,0.0,0.0,0.0,0.0,0.0,0.0,0.0,0.0,0.0,0.0,0.0,0.0,0.0,0.0,0.0,0.0,0.0,0.0,0.0,0.0,0.0,-1.7877726649286433e-16,-3.5382661606594563e-16,0.0,0.0,0.06060632626840342,1.0721119995290027e-16,0.9999999999776156,1.0000000000230047,0.9999999999378631,0.0,1.0000000003119291,0.04166666666666668,3.5132665,-6.3628574,-3.5866513,-14.644271,-3.5132665,92.555359,106.90304,72.723974,117.45191,109.2255,76.905545,56.885879,133.69423,53.329404,66.993566,96.38709,87.961799,138.07543,69.733574,26.617122,144.63493,118.91034,69.072057,106.92888,139.06182,57.062975,117.39937,56.419705,130.85603,97.587521,108.24285,142.37019,50.265822,43.396577,113.3635,110.21978,69.6031,112.57043,36.502985,136.65077,102.68031,80.920078,100.84249,73.519995,63.452801,44.762491,65.159782,88.506526,44.017918,135.70457,59.338057,114.33431,58.741343,52.080027,88.573582,38.24519,69.890713,90.546141,62.211171,61.233792,78.884647,100.679,110.92495,140.97684,52.590549,90.518309,64.540241,63.746624,123.15896,-1.0439734,4.4826922,2.1322182,-5.3883668,-39.605433,2.9428444,2.3618689,-2.633568,-0.95826299,-3.2573699,-355.96819,-13.933655,3.5132665,1683.74037,.
2088.0,1993.3,5.3983,12.2168,48.83627,4815.3947,0.0,0.0,0.0,0.0,0.0,0.0,0.0,0.0,0.0,0.0,0.0,0.0,0.0,0.0,0.0,0.0,0.0,0.0,0.0,0.0,0.0,0.0,0.0,0.0,0.0,0.0,0.0,0.0,0.0,0.0,0.0,0.0,0.0,0.0,0.0,0.0,0.0,0.0,0.0,0.0,0.0,0.0,0.0,0.0,0.0,0.0,0.0,0.0,0.0,0.0,0.0,0.0,0.0,0.0,0.0,0.0,0.0,0.0,0.0,0.0,0.0,0.0,0.0,0.0,0.0,0.0,2.0249572e-14,1.3445611e-13,0.0,14.017588,0.0,89.349,173.879,64.3741,0.0,2.2441,30.3,0.5248979591836734,1.0000000005557304,0.9999999997544368,0.18783180768941804,0.47062937061414084,0.0,0.0,0.0,0.0,0.0,0.0,0.0,0.0,0.0,0.0,0.0,0.0,0.0,0.0,0.0,0.0,0.0,0.0,0.0,0.0,0.0,0.0,0.0,0.0,0.0,0.0,0.0,0.0,0.0,0.0,0.0,0.0,0.0,0.0,0.0,0.0,0.0,0.0,0.0,0.0,0.0,0.0,0.0,0.0,0.0,0.0,0.0,0.0,0.0,0.0,0.0,0.0,0.0,0.0,0.0,0.0,0.0,0.0,0.0,0.0,0.0,0.0,0.0,0.0,0.0,0.0,1.183033234153942e-16,5.134116063394238e-16,0.0,0.030303186913974392,0.0,0.9999999999776166,1.0000000000230047,0.9999999999378634,0.0,1.000000000311929,0.04166666666666668,3.5333742,-8.1498944,-3.4525647,-15.161802,-3.5333742,92.80588,107.61631,72.922177,118.22312,109.94615,77.419081,57.04259,134.57049,53.685666,67.441533,97.030197,88.549793,140.11507,70.585613,26.916634,146.56286,120.68138,70.004267,108.50335,140.8907,59.468439,118.93621,57.084987,132.51964,101.21993,109.64656,144.36104,50.85609,43.906057,117.55815,111.67388,70.421044,114.23827,36.924035,138.40781,103.98859,82.006266,102.31644,76.356934,64.196076,46.471271,66.020319,91.747579,45.525025,136.67154,59.904054,115.11385,59.115058,52.378502,89.181202,38.502208,70.374143,91.222481,62.878732,61.654414,79.426193,101.37296,111.68606,141.96724,52.942616,91.177244,65.070468,64.205331,124.01096,-8.6097741,-17.208074,2.0115266,3.1344621,-19.037277,2.7762683,1.0643831,-2.65331,-0.97013465,-3.1359273,-356.0652,-14.037385,3.5333742,1670.53306,.
2089.0,2060.8,5.3983,12.2168,45.887184,4568.5431,0.0,0.0,0.0,0.0,0.0,0.0,0.0,0.0,0.0,0.0,0.0,0.0,0.0,0.0,0.0,0.0,0.0,0.0,0.0,0.0,0.0,0.0,0.0,0.0,0.0,0.0,0.0,0.0,0.0,0.0,0.0,0.0,0.0,0.0,0.0,0.0,0.0,0.0,0.0,0.0,0.0,0.0,0.0,0.0,0.0,0.0,0.0,0.0,0.0,0.0,0.0,0.0,0.0,0.0,0.0,0.0,0.0,0.0,0.0,0.0,0.0,0.0,0.0,0.0,3.0730748e-14,1.456195e-16,3.2819477e-14,-3.2896371e-14,0.0,14.017588,0.0,89.349,173.879,64.3741,0.0,2.2441,30.3,0.542672811059908,1.0000000005557306,0.9999999997544367,0.17648916922805408,0.44650349508765536,0.0,0.0,0.0,0.0,0.0,0.0,0.0,0.0,0.0,0.0,0.0,0.0,0.0,0.0,0.0,0.0,0.0,0.0,0.0,0.0,0.0,0.0,0.0,0.0,0.0,0.0,0.0,0.0,0.0,0.0,0.0,0.0,0.0,0.0,0.0,0.0,0.0,0.0,0.0,0.0,0.0,0.0,0.0,0.0,0.0,0.0,0.0,0.0,0.0,0.0,0.0,0.0,0.0,0.0,0.0,0.0,0.0,0.0,0.0,0.0,0.0,0.0,0.0,0.0,9.399144153519867e-17,3.8295771891733773e-19,1.9174001316448033e-16,-1.2561257854215503e-16,0.0,0.030303186913974392,0.0,0.9999999999776158,1.0000000000230045,0.999999999937863,0.0,1.0000000003119285,0.04166666666666668,3.5572083,-5.9011649,-3.2907084,-15.710839,-3.5572083,92.22952,108.1773,72.469911,118.80367,110.49547,77.821569,56.687853,135.22647,53.964322,67.793257,97.535926,89.014056,140.21851,70.812476,27.028575,146.8811,120.75373,70.140452,108.58458,141.22113,57.937178,119.21651,57.292377,132.88708,99.106318,109.9192,144.58022,51.04312,44.067205,115.13175,111.93115,70.679588,114.31452,37.067202,138.77196,104.26932,82.171503,102.40336,74.6555,64.434148,45.449389,66.167745,89.87858,44.69557,137.5795,60.27581,115.85455,59.369243,52.584455,89.762703,38.751011,70.837661,91.821869,63.327032,62.058325,79.945054,102.03673,112.41301,142.90485,53.282614,91.769391,65.430826,64.518802,124.81746,3.5549764,3.9895801,1.8976666,2.9570398,17.637522,2.619121,-2.6246499,-2.632718,-0.97250771,-2.9901442,-356.10914,-13.846549,3.5572083,1656.7737,.
2090.0,2127.3,5.3983,12.2168,42.012867,4325.2691,0.0,0.0,0.0,0.0,0.0,0.0,0.0,0.0,0.0,0.0,0.0,0.0,0.0,0.0,0.0,0.0,0.0,0.0,0.0,0.0,0.0,0.0,0.0,0.0,0.0,0.0,0.0,0.0,0.0,0.0,0.0,0.0,0.0,0.0,0.0,0.0,0.0,0.0,0.0,0.0,0.0,0.0,0.0,0.0,0.0,0.0,0.0,0.0,0.0,0.0,0.0,0.0,0.0,0.0,0.0,0.0,0.0,0.0,0.0,0.0,0.0,0.0,0.0,0.0,8.5526035e-14,-9.2086054e-14,0.0,7.7501682e-15,0.0,14.017588,0.0,89.349,173.879,64.3741,0.0,2.2441,30.3,0.560184331797235,1.0000000005557306,0.9999999997544367,0.16158794999751408,0.4227272738971512,0.0,0.0,0.0,0.0,0.0,0.0,0.0,0.0,0.0,0.0,0.0,0.0,0.0,0.0,0.0,0.0,0.0,0.0,0.0,0.0,0.0,0.0,0.0,0.0,0.0,0.0,0.0,0.0,0.0,0.0,0.0,0.0,0.0,0.0,0.0,0.0,0.0,0.0,0.0,0.0,0.0,0.0,0.0,0.0,0.0,0.0,0.0,0.0,0.0,0.0,0.0,0.0,0.0,0.0,0.0,0.0,0.0,0.0,0.0,0.0,0.0,0.0,0.0,0.0,2.6158541010586046e-16,-2.4217268417992644e-16,0.0,2.959349563930356e-17,0.0,0.03030318691397438,0.0,0.9999999999776158,1.0000000000230043,0.9999999999378631,0.0,1.0000000003119285,0.04166666666666668,3.5840312,-5.4367716,-3.3118157,-16.296595,-3.5840312,93.144429,109.06445,73.185323,119.78353,111.40483,78.457705,57.241717,136.34218,54.404551,68.346546,98.335669,89.743103,142.9233,71.877019,27.392093,149.36729,123.10411,71.34212,110.66587,143.56933,61.657966,121.18008,58.11266,134.99963,104.68784,111.70877,147.18169,51.77046,44.69477,121.57932,113.80025,71.687496,116.5237,37.582638,141.01182,105.92703,83.569472,104.34736,79.018579,65.348855,48.070206,67.270109,94.844152,46.985218,137.88132,58.531068,116.18381,58.222369,51.664458,90.071275,38.908689,71.095651,91.595248,61.419704,62.28814,80.227425,102.38844,112.78427,143.30328,53.490369,91.647495,63.909052,63.183383,125.14927,3.3537513,3.7637548,-8.6219329,2.7896601,-6.727954,2.051173,-24.952388,-2.6456867,-1.0310428,-3.5372898,-356.28315,-13.783894,3.5840312,1642.3856,.
2091.0,2257.1,5.3983,12.2168,38.673806,4110.6155,0.0,0.0,0.0,0.0,0.0,0.0,0.0,0.0,0.0,0.0,0.0,0.0,0.0,0.0,0.0,0.0,0.0,0.0,0.0,0.0,0.0,0.0,0.0,0.0,0.0,0.0,0.0,0.0,0.0,0.0,0.0,0.0,0.0,0.0,0.0,0.0,0.0,0.0,0.0,0.0,0.0,0.0,0.0,0.0,0.72581495,0.0,0.0,0.0,0.0,0.0,0.0,0.0,0.0,0.0,0.0,0.0,0.0,0.0,0.0,0.0,0.0,0.0,0.0,0.0,0.0,9.4617868e-14,4.32142e-14,-6.7037881e-14,-4.765956e-19,14.017588,-1.6262863e-13,89.349,173.879,64.3741,0.0,2.2441,60.6,0.5943647136273865,1.0000000005557308,0.9999999997544367,0.14874540769001932,0.40174824830075245,0.0,0.0,0.0,0.0,0.0,0.0,0.0,0.0,0.0,0.0,0.0,0.0,0.0,0.0,0.0,0.0,0.0,0.0,0.0,0.0,0.0,0.0,0.0,0.0,0.0,0.0,0.0,0.0,0.0,0.0,0.0,0.0,0.0,0.0,0.0,0.0,0.0,0.0,0.0,0.0,0.0,0.0,0.0,0.0,0.030306035390892234,0.0,0.0,0.0,0.0,0.0,0.0,0.0,0.0,0.0,0.0,0.0,0.0,0.0,0.0,0.0,0.0,0.0,0.0,0.0,0.0,2.488309800411468e-16,2.524687177949997e-16,-2.5597963655055264e-16,-1.697583048785483e-20,0.03030318691397439,-4.615434246989547e-16,0.9999999999776154,1.0000000000230045,0.9999999999378634,0.0,1.0000000003119294,0.08333333333333336,3.6170823,-8.107102,-3.4392061,-16.918042,-3.6170823,93.790534,109.90459,73.689244,120.70413,112.26108,79.059627,57.62928,137.38933,54.820726,68.870137,99.092937,90.433945,144.84115,72.66643,27.669595,151.20234,124.75119,72.199878,112.11905,145.30877,63.758714,122.60269,58.72838,136.57961,108.00013,113.01589,149.062,52.316211,45.164401,125.43479,115.18316,72.445312,118.06839,37.971657,142.68156,107.14012,84.569066,105.70462,81.545485,66.036537,49.563995,68.063765,97.761526,48.314909,150.07411,98.628018,124.64545,85.152182,73.424379,95.756746,40.874002,75.387608,107.65982,105.91722,65.944981,85.166868,108.87719,120.16325,154.28111,56.323532,105.61673,99.73413,94.720576,134.83453,-3.9839091,3.5507121,-0.0,2.6317549,49.072616,2.3310084,1.8708214,-3.1091753,-1.1141228,-3.8346195,-356.50345,-13.821967,3.6170823,1627.31012,.
2092.0,2320.4,5.3983,12.2168,35.764255,3981.8234,0.0,0.0,0.0,0.0,0.0,0.0,0.0,0.0,0.0,0.0,0.0,0.0,0.0,0.0,0.0,0.0,0.0,0.0,0.0,0.0,0.0,0.0,0.0,0.0,0.0,0.0,0.0,0.0,0.0,0.0,0.0,0.0,0.0,0.0,0.0,0.0,0.0,0.0,0.0,0.0,0.0,0.0,0.0,0.0,0.72581495,0.0,0.0,0.0,0.0,0.0,0.0,0.0,0.0,0.0,0.0,0.0,0.0,0.0,0.0,0.0,0.0,0.0,0.0,0.0,0.0,-4.1282649e-14,0.0,7.8325661e-14,3.6857999,14.017588,0.0,89.349,173.879,64.3741,0.0,2.2441,60.6,0.6110335747202107,1.0000000005557306,0.9999999997544362,0.13755482692096074,0.38916083880697433,0.0,0.0,0.0,0.0,0.0,0.0,0.0,0.0,0.0,0.0,0.0,0.0,0.0,0.0,0.0,0.0,0.0,0.0,0.0,0.0,0.0,0.0,0.0,0.0,0.0,0.0,0.0,0.0,0.0,0.0,0.0,0.0,0.0,0.0,0.0,0.0,0.0,0.0,0.0,0.0,0.0,0.0,0.0,0.0,0.030306035390892237,0.0,0.0,0.0,0.0,0.0,0.0,0.0,0.0,0.0,0.0,0.0,0.0,0.0,0.0,0.0,0.0,0.0,0.0,0.0,0.0,-1.0856725295654166e-16,0.0,2.9908126474585016e-16,0.13128428863915714,0.030303186913974392,0.0,0.9999999999776159,1.0000000000230045,0.9999999999378631,0.0,1.0000000003119287,0.08333333333333336,3.6403874,-6.3311212,-3.381557,-17.571521,-3.6403874,96.658284,111.21399,75.944133,122.20101,113.63812,80.004969,59.39915,139.10146,55.477729,69.692371,100.2738,91.507389,146.90721,73.486632,27.954415,153.16601,126.51521,73.101275,113.66665,147.16551,66.131931,124.09541,59.364538,138.25601,111.79197,114.39073,151.07782,52.878854,45.648433,129.86538,116.6601,73.228002,119.7178,38.371836,144.4568,108.41016,85.619291,107.1466,84.411672,66.74603,51.242413,68.896111,101.0763,49.806556,142.16507,68.651962,119.27376,64.780343,56.899671,92.282765,39.737341,72.810152,96.330452,72.822432,63.757882,82.170638,104.91849,115.61186,147.32931,54.654222,95.856976,72.896911,70.989089,128.64506,-5.5985867,3.3497284,-18.702124,2.4827876,59.205297,1.8255366,-6.5100056,-2.8126756,-1.1411083,-3.8507722,-356.58359,-13.793644,3.6403874,1612.07333,.
2093.0,2443.9,5.3983,12.2168,32.418156,3856.6088,0.0,0.0,0.0,0.0,0.0,0.0,0.0,0.0,0.0,0.0,0.0,0.0,0.0,0.0,0.0,0.0,0.0,0.0,0.0,0.0,0.0,0.0,0.0,2.5707456,0.0,0.0,0.0,0.0,0.0,0.0,0.0,0.0,0.0,0.0,0.0,0.0,0.0,0.0,0.0,0.0,0.0,0.0,0.0,0.0,0.72581495,0.0,0.0,0.0,0.0,0.0,0.0,0.0,0.0,0.0,0.0,0.0,0.0,0.0,0.9626674,0.0,0.0,0.0,0.0,0.0,0.0,-1.0307464e-13,0.0,-3.3324699e-14,5.9554978,-3.2150637e-13,0.0,89.349,173.879,64.3741,0.0,2.2441,60.6,0.6435549703752467,1.0000000005557304,0.9999999997544367,0.12468521538269718,0.3769230738757411,0.0,0.0,0.0,0.0,0.0,0.0,0.0,0.0,0.0,0.0,0.0,0.0,0.0,0.0,0.0,0.0,0.0,0.0,0.0,0.0,0.0,0.0,0.0,0.030303810597063024,0.0,0.0,0.0,0.0,0.0,0.0,0.0,0.0,0.0,0.0,0.0,0.0,0.0,0.0,0.0,0.0,0.0,0.0,0.0,0.0,0.030306035390892227,0.0,0.0,0.0,0.0,0.0,0.0,0.0,0.0,0.0,0.0,0.0,0.0,0.0,0.030303349722037617,0.0,0.0,0.0,0.0,0.0,0.0,-2.7107103796281256e-16,0.0,-1.2724812018113411e-16,0.2121285238965537,-6.95031671935529e-16,0.0,0.9999999999776165,1.0000000000230043,0.9999999999378631,0.0,1.0000000003119294,0.08333333333333336,3.6665781,-7.9224679,-3.2751532,-18.26152,-3.6665781,95.441382,111.66218,74.992954,122.63905,114.0604,80.328499,58.660708,139.59304,55.702633,69.976755,100.67798,91.880906,148.30928,74.083705,28.170802,154.57274,127.69384,73.72331,114.69701,148.5025,67.197314,125.14537,59.835735,139.47924,113.68797,115.36772,152.48255,53.296454,46.006371,132.11694,117.72207,73.808474,120.81728,38.671212,145.74622,109.31709,86.346386,108.10786,85.772626,67.272663,52.0109,69.477265,102.6975,50.519101,142.74606,68.122787,119.78474,64.454461,56.647348,92.704491,39.929761,73.15097,96.54134,72.261395,64.057319,82.549843,105.39908,116.13257,147.9651,54.913586,96.106292,72.458379,70.609337,129.18898,-12.816144,3.1601211,-30.215762,2.3422525,61.40861,1.7222044,-14.050317,-3.1635436,-1.1466935,-3.7518618,-356.64111,-13.787165,3.6665781,1596.25052,.
2094.0,2563.3,5.3983,12.2168,30.232454,3713.5065,0.0,0.0,0.0,0.0,0.0,0.0,0.0,0.0,0.0,0.0,0.0,0.0,0.0,0.0,0.0,0.0,0.0,0.0,0.0,0.0,0.0,0.0,0.0,2.5707456,0.0,0.0,0.0,0.0,0.0,0.0,0.0,0.0,0.0,0.0,2.4352582,0.0,0.0,0.0,0.0,0.0,0.0,0.0,0.0,0.0,1.4516374,0.0,0.0,0.0,0.0,0.0,0.0,0.0,0.0,0.0,0.0,0.0,2.0308276,1.511038,0.9626674,0.0,0.0,0.0,0.0,0.0,2.6154158e-14,8.3354432e-14,0.0,5.4015064e-14,5.9554978,4.494966e-14,0.0,89.349,173.879,64.3741,0.0,2.2441,60.6,0.6749967083607639,1.0000000005557308,0.9999999997544368,0.11627866922898035,0.36293706658490965,0.0,0.0,0.0,0.0,0.0,0.0,0.0,0.0,0.0,0.0,0.0,0.0,0.0,0.0,0.0,0.0,0.0,0.0,0.0,0.0,0.0,0.0,0.0,0.030303810597063018,0.0,0.0,0.0,0.0,0.0,0.0,0.0,0.0,0.0,0.0,0.030303999589672278,0.0,0.0,0.0,0.0,0.0,0.0,0.0,0.0,0.0,0.06061238394048344,0.0,0.0,0.0,0.0,0.0,0.0,0.0,0.0,0.0,0.0,0.0,0.030303960895919652,0.03030365231180555,0.03030334972203762,0.0,0.0,0.0,0.0,0.0,7.999372526042477e-17,2.192098114632336e-16,0.0,2.0625288634906054e-16,0.2121285238965538,9.717206331785455e-17,0.0,0.9999999999776155,1.000000000023004,0.9999999999378634,0.0,1.0000000003119296,0.08333333333333336,3.6958227,-8.6596469,-3.2716557,-18.968952,-3.6958227,99.379749,113.18071,78.089321,124.39557,115.67111,81.425527,61.090889,141.60495,56.465503,70.930394,102.04755,93.124323,151.15908,75.135578,28.521715,157.1769,130.13877,74.931492,116.83734,150.95175,71.257313,127.11855,60.637191,141.66006,119.97868,117.17659,155.20769,54.004901,46.616104,139.43978,119.67313,74.793568,123.10138,39.170647,148.06685,110.97706,87.75135,110.09839,90.592306,68.164433,54.853813,70.582758,108.21676,53.006518,145.24015,74.351271,121.60997,68.696218,60.092827,93.99329,40.414423,74.140934,99.3794,79.178362,64.908913,83.679799,106.86828,117.7837,150.30361,55.597833,98.629686,78.064661,75.563903,131.24196,2.6564851,2.9812464,-42.338527,2.2096721,58.818612,1.6247211,-22.410583,-3.2837663,-1.202255,-3.7476504,-356.70895,-13.797448,3.6958227,1580.0154,.
2095.0,2678.5,5.3983,12.2168,27.077896,3355.7505,0.0,0.0,0.0,0.0,0.0,0.0,0.0,0.0,0.0,0.0,0.0,0.0,0.0,0.0,0.0,0.0,0.0,0.0,0.0,0.0,0.0,0.0,0.0,2.5707456,0.0,0.0,1.4599725,0.0,0.0,0.0,0.0,0.0,0.0,0.0,2.4352582,0.0,0.0,0.0,0.0,0.0,0.0,0.0,0.0,0.0,2.1774733,0.0,1.0866563,0.0,0.0,2.2116164,0.0,0.0,0.0,0.0,0.0,0.0,4.0616332,1.511038,1.9254031,0.0,0.0,0.0,0.0,0.98992818,19.815345,11.522749,31.121499,7.9360213,4.253898,0.0,21.355167,89.349,173.879,64.3741,0.0,2.2441,60.6,0.7053324555628705,1.0000000005557304,0.9999999997544363,0.10414575384455159,0.32797202392424507,0.0,0.0,0.0,0.0,0.0,0.0,0.0,0.0,0.0,0.0,0.0,0.0,0.0,0.0,0.0,0.0,0.0,0.0,0.0,0.0,0.0,0.0,0.0,0.030303810597063018,0.0,0.0,0.030304109047108792,0.0,0.0,0.0,0.0,0.0,0.0,0.0,0.03030399958967227,0.0,0.0,0.0,0.0,0.0,0.0,0.0,0.0,0.0,0.09091929408800811,0.0,0.03030341835647394,0.0,0.0,0.030303863368222033,0.0,0.0,0.0,0.0,0.0,0.0,0.06060759350836526,0.03030365231180555,0.060608849427325966,0.0,0.0,0.0,0.0,0.030304496513256295,0.06060616686151899,0.030303123363952193,0.18181997927506158,0.030303163192634992,0.15151934126253935,0.0,0.06060640683130702,0.9999999999776158,1.0000000000230045,0.9999999999378631,0.0,1.0000000003119294,0.08333333333333336,3.7288186,-8.4706237,-3.251689,-19.745169,-3.7288186,101.29821,114.22278,79.602789,125.57424,116.75927,82.180519,62.287155,142.9519,56.99148,71.588447,102.98755,93.980321,151.78013,75.461199,28.652424,157.91202,130.63356,75.222991,117.26489,151.6601,70.90281,127.64039,60.905849,142.33151,119.79206,117.67638,155.88569,54.243091,46.819568,139.29131,120.23366,75.125985,123.55926,39.345327,148.76632,111.44719,88.095306,110.49825,90.31057,68.466539,54.633316,70.865436,107.98404,52.868525,152.10535,96.100652,126.41125,83.314837,71.909061,97.245976,41.555034,76.604168,108.23668,103.32299,67.01082,86.510047,110.58027,121.99614,156.52302,57.235755,106.35416,97.50901,92.683678,136.72348,3.0771099,2.8124966,2.1213136,2.7394956,51.502017,0.54448977,3.5724002,-3.3234398,-1.2260717,-3.781833,-356.72878,-13.755154,3.7288186,1562.93417,.
2096.0,2789.5,5.3983,12.2168,24.406848,3180.4501,0.0,0.0,0.0,0.0,0.0,0.0,0.0,0.0,0.0,0.0,0.0,0.0,0.485628,0.0,0.0,0.0,0.0,0.0,0.0,0.0,0.0,0.0,0.0,2.5707456,0.0,0.0,2.9199802,0.0,0.0,0.0,0.0,0.0,0.0,0.0,2.4352582,0.0,0.0,0.0,0.0,0.0,0.0,0.0,0.0,0.0,1.4516374,0.0,1.0866563,0.0,0.0,4.4231748,0.0,0.0,0.0,0.0,0.0,0.0,4.0616332,3.0221025,1.9254031,0.0,0.0,0.0,0.0,0.98992818,19.815345,34.568301,31.121499,7.9360213,2.5523517,0.0,32.032703,89.349,173.879,64.3741,0.0,2.2441,60.6,0.7345622119815667,1.0000000005557304,0.9999999997544369,0.09387249230624808,0.310839156929894,0.0,0.0,0.0,0.0,0.0,0.0,0.0,0.0,0.0,0.0,0.0,0.0,0.030306646495845014,0.0,0.0,0.0,0.0,0.0,0.0,0.0,0.0,0.0,0.0,0.030303810597063014,0.0,0.0,0.06060894872759491,0.0,0.0,0.0,0.0,0.0,0.0,0.0,0.03030399958967227,0.0,0.0,0.0,0.0,0.0,0.0,0.0,0.0,0.0,0.06061238394048344,0.0,0.03030341835647394,0.0,0.0,0.06060693201269567,0.0,0.0,0.0,0.0,0.0,0.0,0.060607593508365275,0.06060783607734441,0.06060884942732596,0.0,0.0,0.0,0.0,0.030304496513256295,0.06060616686151898,0.09090951210385922,0.18181997927506155,0.030303163192634985,0.09091206424186059,0.0,0.0909094754409754,0.9999999999776169,1.0000000000230052,0.9999999999378631,0.0,1.0000000003119283,0.08333333333333336,3.7572797,-6.2710827,-3.2482096,-20.531978,-3.7572797,103.2494,115.23614,81.143239,126.72319,117.8195,82.915723,63.506818,144.26544,57.504165,72.229495,103.90173,94.812776,152.28656,75.762923,28.777333,158.53836,131.0419,75.484309,117.62594,152.26848,70.413528,128.10992,61.158727,142.91908,119.30317,118.12348,156.45441,54.467933,47.012969,138.77063,120.71445,75.439054,123.94158,39.511609,149.37463,111.8747,88.404653,110.8393,89.837367,68.751853,54.32064,71.120451,107.51337,52.644937,132.86762,16.578435,128.23796,26.418003,27.569163,97.168158,42.018417,77.586304,111.31743,111.26716,67.850167,87.628089,101.50019,115.55248,139.37452,57.892016,109.06318,103.79958,24.696815,137.85796,2.638731,2.9106678,2.0012393,2.5844298,43.289782,-1.3012981,4.9206685,-2.9304718,-1.2494214,-3.3736086,-355.96856,-12.777824,3.7572797,1545.63413,.
2097.0,2896.4,5.3983,12.2168,22.111949,3008.7273,0.0,0.0,0.0,0.0,0.0,0.0,0.0,0.0,0.0,0.0,0.0,0.0,1.456886,0.0,0.0,1.5325533,1.7259838,0.0,0.0,0.0,0.0,0.0,0.0,5.1415164,0.0,0.0,2.9199802,0.0,0.0,0.0,1.6304,0.0,0.0,0.0,2.4352582,0.0,0.0,0.0,0.0,0.0,0.0,0.0,0.0,0.0,0.72581495,0.0,0.0,0.0,0.0,2.2116164,0.0,0.0,0.0,-1.0188469e-16,0.0,0.0,2.0308276,1.511038,0.9626674,0.0,0.0,0.0,0.0,5.3066016e-15,19.815345,46.091074,31.121499,7.9360213,4.253898,-2.0559658e-14,32.032703,89.349,173.879,64.3741,0.0,2.2441,90.9,0.7627123107307441,1.0000000005557312,0.9999999997544368,0.08504595769099932,0.2940559442715219,0.0,0.0,0.0,0.0,0.0,0.0,0.0,0.0,0.0,0.0,0.0,0.0,0.09092006430178173,0.0,0.0,0.030303466471384606,0.03030373200182266,0.0,0.0,0.0,0.0,0.0,0.0,0.06060791825036803,0.0,0.0,0.06060894872759492,0.0,0.0,0.0,0.030304782653690295,0.0,0.0,0.0,0.03030399958967228,0.0,0.0,0.0,0.0,0.0,0.0,0.0,0.0,0.0,0.030306035390892234,0.0,0.0,0.0,0.0,0.030303863368222026,0.0,0.0,0.0,-4.053771523167949e-17,0.0,0.0,0.03030396089591965,0.030303652311805554,0.030303349722037617,0.0,0.0,0.0,0.0,1.6245005742178215e-16,0.06060616686151898,0.12121269858425703,0.18181997927506158,0.030303163192635,0.15151934126253938,-4.444581758726173e-17,0.09090947544097543,0.9999999999776159,1.000000000023005,0.9999999999378634,0.0,1.0000000003119287,0.12500000000000003,3.787105,-5.6924768,-3.2549144,-21.385987,-3.787105,103.79594,115.92777,81.580044,127.48078,118.52567,83.417907,63.861162,145.12832,57.854569,72.668587,104.52572,95.383202,152.1546,75.877738,28.848133,158.62064,130.90795,75.505415,117.52206,152.37265,68.718791,128.19601,61.276778,143.07508,116.92881,118.21871,156.43556,54.575675,47.105976,136.04706,120.79235,75.58742,123.82253,39.5978,149.5174,111.98904,88.436345,110.75249,87.932727,68.889676,53.174929,71.160051,105.4051,51.701117,102.2791,27.774969,106.71448,0.4569798,0.42449919,85.932558,34.837213,78.93663,42.587729,-0.0,69.000962,73.214091,89.931875,101.67988,112.82525,50.70144,113.12575,-0.0,0.43791821,112.92942,2.7386168,2.8261906,1.8879616,1.8552833,44.93009,1.3641472,3.1794235,-3.2627892,-1.3157558,-3.2225123,-354.89463,-12.438602,3.787105,1527.50493,.
2098.0,2999.1,5.3983,12.2168,19.746586,2858.4698,0.0,0.0,0.0,0.0,0.0,0.0,0.0,0.0,0.0,0.0,0.0,0.0,2.9137533,0.0,0.0,1.5325533,3.4519699,0.0,0.0,3.8091506,0.0,1.7651798,0.0,7.7122712,0.0,1.9009789,4.3799893,0.0,0.0,0.0,1.6304,0.0,0.0,0.0,7.3056914,1.5455264,0.0,0.0,0.0,0.0,0.0,0.0,0.0,0.0,0.0,0.0,0.0,0.0,0.0,2.2116164,0.0,0.0,0.0,0.0,0.0,0.0,2.0308276,1.511038,-4.9790889e-15,0.0,0.0,0.0,0.0,0.0,19.815345,46.091074,31.121499,7.9360213,1.7015926,-3.3296543e-14,32.032703,89.349,173.879,64.3741,0.0,2.2441,90.9,0.7897564186965107,1.0000000005557308,0.9999999997544365,0.07594840769113928,0.27937062830873,0.0,0.0,0.0,0.0,0.0,0.0,0.0,0.0,0.0,0.0,0.0,0.0,0.1818389615903569,0.0,0.0,0.030303466471384596,0.060607504385590726,0.0,0.0,0.060606951309632014,0.0,0.030303493581763628,0.0,0.09091183729653526,0.0,0.030303237317558213,0.09091381746736307,0.0,0.0,0.0,0.030304782653690295,0.0,0.0,0.0,0.0909109634402924,0.030304553954316193,0.0,0.0,0.0,0.0,0.0,0.0,0.0,0.0,0.0,0.0,0.0,0.0,0.0,0.030303863368222026,0.0,0.0,0.0,0.0,0.0,0.0,0.030303960895919642,0.03030365231180555,-1.5673437392168427e-16,0.0,0.0,0.0,0.0,0.0,0.060606166861518956,0.12121269858425703,0.18181997927506155,0.030303163192634992,0.06060892617764028,-7.198038393753516e-17,0.09090947544097538,0.9999999999776161,1.0000000000230043,0.999999999937863,0.0,1.000000000311928,0.12500000000000003,3.8095966,-7.559428,-3.2364091,-22.286858,-3.8095966,107.22532,117.18165,84.279803,128.93685,119.85996,84.32636,65.986276,146.79719,58.487599,73.458958,105.65685,96.410152,164.51989,79.947203,30.095494,169.1178,141.68073,80.581629,126.96397,162.1612,92.266143,136.27039,64.277262,151.5858,151.81816,125.52548,167.85321,57.221291,49.386072,176.36223,128.60692,79.259057,133.89886,41.428126,158.6476,118.6293,94.314311,119.5188,115.26708,72.206735,69.526204,75.727397,136.30397,65.750868,95.094456,27.409266,97.783265,-0.0,-0.0,79.449273,34.938292,79.132561,31.745462,-0.28322604,69.169104,68.181224,86.220942,89.724712,106.43891,47.839851,40.978618,-0.39549386,-0.0,102.90592,2.5836008,2.6662176,1.7810958,2.3001333,36.251868,1.2869313,6.9666358,-3.3553507,-1.3891034,-3.659358,-354.55391,-13.279659,3.8095966,1508.48184,.
2099.0,3145.4,5.3983,12.2168,17.402979,2701.0572,0.0,0.0,0.0,0.0,0.0,0.0,0.0,0.0,0.0,0.0,0.0,0.0,1.6169477,0.0,0.0,1.5325533,3.4519699,0.0,0.0,3.8091506,0.0,1.7651798,0.0,7.7122712,0.0,1.9009789,4.3799893,0.0,0.0,0.0,1.6304,0.0,0.0,0.0,7.3056914,1.5455264,0.0,0.0,0.0,0.0,0.0,0.0,0.0,0.0,0.0,0.0,0.0,0.0,0.0,0.0,0.0,0.0,0.0,0.0,0.0,0.0,-2.4550454e-14,0.0,0.0,0.0,0.0,0.0,0.0,0.0,19.815345,46.091074,31.121499,15.872082,-7.8443297e-15,-2.6811738e-14,32.032703,89.349,173.879,64.3741,0.0,2.2441,90.9,0.8282817643186307,1.0000000005557304,0.9999999997544363,0.06693453461435488,0.26398601344741124,0.0,0.0,0.0,0.0,0.0,0.0,0.0,0.0,0.0,0.0,0.0,0.0,0.10090905455651168,0.0,0.0,0.0303034664713846,0.06060750438559074,0.0,0.0,0.06060695130963202,0.0,0.03030349358176363,0.0,0.09091183729653528,0.0,0.030303237317558216,0.09091381746736307,0.0,0.0,0.0,0.03030478265369029,0.0,0.0,0.0,0.09091096344029237,0.030304553954316193,0.0,0.0,0.0,0.0,0.0,0.0,0.0,0.0,0.0,0.0,0.0,0.0,0.0,0.0,0.0,0.0,0.0,0.0,0.0,0.0,-3.663412876568519e-16,0.0,0.0,0.0,0.0,0.0,0.0,0.0,0.06060616686151897,0.12121269858425701,0.18181997927506155,0.06060647683151813,-2.794067156265084e-16,-5.796154859898221e-17,0.09090947544097541,0.9999999999776158,1.0000000000230045,0.9999999999378638,0.0,1.0000000003119291,0.12500000000000003,3.8458227,-8.8179079,-3.2489922,-23.228317,-3.8458227,106.12647,117.44905,83.419643,129.18563,120.10356,84.519117,65.316555,147.07444,58.621431,73.628784,105.89795,96.633946,138.99763,77.031399,29.239436,161.60998,133.53549,76.788382,119.78565,155.18685,72.296991,130.33129,62.161106,145.58882,123.04522,120.20639,159.4901,55.354011,47.770735,143.28223,123.03219,76.675363,126.25608,40.147753,149.84857,113.79927,89.928829,112.84757,92.385936,69.872588,55.692264,72.34408,110.63128,53.956933,71.063457,-56.866243,80.812425,-36.584082,-0.0,67.57114,29.283829,83.124323,4.8246121,-0.91254112,72.560907,58.428853,75.026071,79.63457,83.580193,42.329114,17.031455,-55.013083,-20.61893,83.605388,2.2155295,2.5152996,1.1161785,2.2235979,30.788766,1.2140861,2.8296756,-3.4870096,-1.422345,-3.8603499,-354.51319,-13.63691,3.8458227,1487.7517699999999,.
2100.0,3282.3,5.3983,12.2168,15.405023,2522.1792,0.0,0.0,0.0,0.0,0.0,0.0,0.0,0.0,0.0,0.0,0.0,0.0,0.0,0.0,0.0,1.5325533,3.4519699,0.0,2.3789155,3.8091506,0.0,3.5303576,0.0,7.7122712,0.0,1.9009789,4.3799893,0.0,0.0,0.0,1.6304,0.0,2.378447,0.0,7.3056914,1.5455264,0.0,1.5396218e-15,0.0,0.0,0.0,0.0,0.0,0.0,0.0,0.0,0.0,0.0,0.0,0.0,0.0,0.0,-9.9824934e-16,0.0,0.0,0.0,0.0,8.3347302e-15,0.0,0.0,0.0,0.0,0.0,0.0,19.815345,61.452985,17.288011,31.744142,0.0,0.0,32.032703,89.349,173.879,64.3741,0.0,2.2441,90.9,0.8643317972350234,1.000000000555731,0.9999999997544362,0.05925008846062693,0.24650349211707903,0.0,0.0,0.0,0.0,0.0,0.0,0.0,0.0,0.0,0.0,0.0,0.0,0.0,0.0,0.0,0.030303466471384606,0.060607504385590726,0.0,0.030303182882774275,0.06060695130963202,0.0,0.06060695282878858,0.0,0.09091183729653525,0.0,0.030303237317558223,0.09091381746736309,0.0,0.0,0.0,0.030304782653690288,0.0,0.03030387023576287,0.0,0.09091096344029241,0.030304553954316193,0.0,2.2151998392284256e-17,0.0,0.0,0.0,0.0,0.0,0.0,0.0,0.0,0.0,0.0,0.0,0.0,0.0,0.0,-1.2158356082088971e-16,0.0,0.0,0.0,0.0,1.67151829466569e-16,0.0,0.0,0.0,0.0,0.0,0.0,0.06060616686151898,0.1616122494326747,0.10100110543284041,0.12121286965751701,0.0,0.0,0.09090947544097541,0.9999999999776151,1.0000000000230047,0.9999999999378636,0.0,1.0000000003119298,0.12500000000000003,3.8639504,-9.262549,-3.2579635,-24.227183,-3.8639504,105.31926,117.80709,82.784648,129.54143,120.44413,84.774653,64.816451,147.47419,58.797768,73.852267,106.2206,96.931128,115.13348,77.23525,29.335665,161.88173,133.65225,76.932692,119.91245,155.46654,71.377001,130.60202,62.343543,130.10995,121.66427,120.45969,133.35628,55.519311,47.915085,141.67474,123.25094,76.901615,126.37774,40.27337,130.36601,114.06178,90.103387,111.3235,91.324932,70.080955,55.081807,72.491426,109.44206,53.45986,28.472592,-56.261216,51.360839,-36.663453,-0.1909022,67.747216,22.775631,83.279484,-0.0,-0.0,72.686263,57.745436,49.253991,79.854674,44.840921,32.776435,7.2824088,-54.6582,-20.506796,83.871345,2.0901221,2.3731899,1.0291,2.1211195,20.333857,-1.3934785,2.6695052,-3.5099007,-1.4931,-3.9295202,-353.74438,-13.735696,3.8639504,1465.10801,.
2101.0,3368.4,5.3983,12.2168,13.223133,2422.0076,0.0,0.0,0.0,0.0,0.0,0.0,0.0,0.0,0.0,0.0,0.0,0.0,0.0,3.3110289,0.0,1.5325533,3.4519699,0.0,0.0,3.8091506,0.0,1.7651798,0.0,5.1415164,0.0,1.9009789,2.9199802,0.0,0.0,0.0,1.6304,0.0,2.378447,0.0,2.4352582,1.5455264,0.0,0.0,0.0,0.0,0.0,3.282926,0.0,0.0,0.0,0.0,0.0,0.0,1.4493647e-16,-6.7651872e-17,0.0,0.0,0.0,0.0,0.0,0.0,0.0,0.0,0.0,0.0,0.0,0.0,0.0,-1.6393907e-15,19.815345,46.091074,-5.1322994e-14,39.68015,3.9088387e-15,3.8377677e-14,24.912622,89.349,173.879,64.3741,0.0,2.2441,121.2,0.8870046082949309,1.0000000005557308,0.9999999997544368,0.05085820384537142,0.23671328799083965,0.0,0.0,0.0,0.0,0.0,0.0,0.0,0.0,0.0,0.0,0.0,0.0,0.0,0.030303854108488366,0.0,0.0303034664713846,0.06060750438559072,0.0,0.0,0.060606951309632,0.0,0.03030349358176363,0.0,0.06060791825036804,0.0,0.03030323731755821,0.06060894872759491,0.0,0.0,0.0,0.030304782653690288,0.0,0.03030387023576286,0.0,0.030303999589672267,0.030304553954316193,0.0,0.0,0.0,0.0,0.0,0.030303719244372578,0.0,0.0,0.0,0.0,0.0,0.0,6.228485742575516e-17,-9.269749879284874e-19,0.0,0.0,0.0,0.0,0.0,0.0,0.0,0.0,0.0,0.0,0.0,0.0,0.0,-5.018637791684524e-17,0.06060616686151897,0.12121269858425704,-2.9984242421658767e-16,0.15151598206499714,1.3922869446458766e-16,8.29647667954812e-17,0.0707025378994493,0.9999999999776154,1.0000000000230047,0.9999999999378634,0.0,1.0000000003119291,0.1666666666666667,3.8866261,-6.5754214,-3.2527303,-25.273252,-3.8866261,103.68274,118.02875,81.492531,129.72386,120.62886,84.927584,63.791469,147.67276,58.90087,73.985832,106.41994,97.1169,97.981942,78.126963,29.638079,160.75483,122.5434,77.952736,107.93212,137.55259,74.782299,112.90235,63.027699,111.87062,126.6133,114.17291,123.88499,56.128865,48.44147,147.36307,117.71826,77.743001,128.25261,40.704312,119.13901,106.80029,91.290635,95.333958,95.257378,70.845015,57.472817,73.42402,113.87942,55.532257,-0.41581862,-29.721904,56.576409,-19.31053,-0.0,64.917307,21.169225,85.914221,10.432955,-0.0,74.918577,60.768979,33.293459,33.634811,51.717887,34.464306,16.292092,-31.146441,-0.0,89.450679,2.169241,2.1750203,0.94308219,2.1309478,27.401892,1.0805323,2.5184012,-3.4482052,-1.5137072,-3.870195,-352.5809,-12.633095,3.8866261,1440.2029699999998,.
2102.0,3489.7,5.3983,12.2168,11.373429,2382.6544,0.0,0.0,0.0,0.0,0.0,0.0,0.0,0.0,0.0,0.0,0.0,0.0,8.3556289e-16,3.3110289,0.0,1.5325533,3.4519699,0.0,2.3789155,3.8091506,0.0,3.5303576,0.0,5.1415164,0.0,1.9009789,4.3799893,0.0,0.0,0.0,3.260754,5.132856,4.7568417,0.0,2.4352582,2.0589641,1.3156947,2.1061862,0.0,5.719512,0.0,3.282926,0.0,0.0,0.0,-6.1604821e-16,0.0,-6.9972856e-16,-5.7779558e-16,0.0,0.0,1.2958566e-14,9.8476024e-16,0.0,0.0,0.0,0.0,0.0,3.9175359e-15,0.0,0.0,0.0,1.4440583e-16,5.7036097e-16,19.815345,46.091074,-9.0079311e-15,39.68015,0.0,6.1409681e-14,21.355167,89.349,155.41504,64.3741,0.0,2.2441,121.2,0.9189466754443711,1.0000000005557306,0.9999999997544368,0.043743957691634736,0.23286712938879392,0.0,0.0,0.0,0.0,0.0,0.0,0.0,0.0,0.0,0.0,0.0,0.0,5.214507633883679e-17,0.03030385410848837,0.0,0.0303034664713846,0.06060750438559074,0.0,0.030303182882774275,0.06060695130963203,0.0,0.06060695282878858,0.0,0.06060791825036803,0.0,0.030303237317558216,0.09091381746736307,0.0,0.0,0.0,0.06060871029020561,0.030303551949351238,0.06060707411553235,0.0,0.030303999589672278,0.04037199795386873,0.03030401694409832,0.030303697516007692,0.0,0.030303228606176173,0.0,0.030303719244372578,0.0,0.0,0.0,-1.7054735451779823e-16,0.0,-2.4751994360480476e-16,-2.4830130968093473e-16,0.0,0.0,1.254254914728806e-16,1.1994063180050182e-16,0.0,0.0,0.0,0.0,0.0,1.2331825137772128e-16,0.0,0.0,0.0,4.1927376259368847e-17,1.7460359625950315e-17,0.06060616686151898,0.12121269858425701,-5.262670175087589e-17,0.15151598206499714,0.0,1.327552958234e-16,0.06060640683130703,0.9999999999776159,0.8938114436106446,0.9999999999378631,0.0,1.0000000003119294,0.1666666666666667,3.9075854,-5.2805482,-3.239228,-26.357591,-3.9075854,127.05213,123.34731,99.863973,136.19823,126.48621,88.784792,78.213493,155.13096,61.589465,77.330606,111.21798,101.44914,104.86652,80.446853,30.360979,166.6552,128.54147,80.809806,113.19883,143.06324,87.473429,115.78386,64.750401,110.23226,145.41994,118.30176,125.29956,57.645888,49.752957,169.08989,111.06589,79.853163,133.8676,41.75986,111.1743,107.37183,94.600844,100.22554,109.99671,72.752888,66.297037,76.00161,130.54711,63.124694,-28.754546,-0.0,12.445627,-0.0,-0.0,20.162058,22.415024,81.850619,-0.0,-0.0,28.980612,18.726041,17.743242,16.214334,-0.0,36.266477,-63.142932,-4.8705667,-0.0,84.387433,2.0464538,2.0519059,0.88970017,1.8877888,16.357509,1.0193701,2.3758502,-3.4184081,-1.5788003,-3.7628234,-351.17596,-12.086785,3.9075854,1412.50592,.
2103.0,3636.9,5.3983,12.2168,9.6133969,2343.3013,0.0,0.0,0.0,0.0,0.0,0.0,0.0,0.0,0.0,0.0,0.0,0.0,0.97129065,3.3110289,0.0,3.0651227,5.1779428,2.2934459,7.1367762,3.8091506,0.0,3.5303576,0.0,7.7122712,0.0,3.80198,4.3799893,0.0,0.0,0.0,3.260754,10.265643,4.7568417,0.0,7.3056914,3.0909954,1.3156947,4.212401,0.0,5.719512,0.0,3.282926,0.0,0.0,0.0,0.0,0.0,0.0,5.7026533e-16,0.0,0.0,0.0,0.0,3.3752042e-16,0.0,0.0,0.0,0.0,0.0,0.0,0.0,1.8234013e-16,0.0,0.0,23.117356,34.568301,-3.7265267e-14,39.68015,0.0,-1.9529615e-13,21.355167,89.349,155.41504,64.3741,0.0,2.2441,121.2,0.9577090190915081,1.0000000005557306,0.9999999997544367,0.03697460346096963,0.22902098056018055,0.0,0.0,0.0,0.0,0.0,0.0,0.0,0.0,0.0,0.0,0.0,0.0,0.06061545539851393,0.03030385410848836,0.0,0.060607251291116486,0.09091104501210684,0.0303036585092201,0.09090992697387981,0.06060695130963202,0.0,0.06060695282878858,0.0,0.09091183729653525,0.0,0.06060682852219453,0.09091381746736309,0.0,0.0,0.0,0.06060871029020561,0.060606696533858334,0.06060707411553237,0.0,0.09091096344029242,0.060607982414174984,0.030304016944098323,0.06060780652732807,0.0,0.030303228606176177,0.0,0.030303719244372574,0.0,0.0,0.0,0.0,0.0,0.0,2.450652673816411e-16,0.0,0.0,0.0,0.0,1.342920773556543e-16,0.0,0.0,0.0,0.0,0.0,0.0,0.0,4.948714399746516e-17,0.0,0.0,0.07070552317575783,0.0909095121038592,-2.1771348718195214e-16,0.15151598206499714,0.0,-4.2219073188836624e-16,0.06060640683130704,0.9999999999776159,0.8938114436106446,0.9999999999378631,0.0,1.0000000003119287,0.1666666666666667,3.9320916,-5.2007699,-3.2340362,-27.505692,-3.9320916,105.85556,119.20872,83.242561,131.05599,121.86456,85.806183,65.236544,149.19823,59.523618,74.759301,107.48613,98.092262,104.63688,81.189205,30.598632,168.65116,126.67627,81.68116,114.78829,144.93309,90.683906,117.20974,65.309434,111.87588,150.63095,115.58776,127.38709,58.135739,50.167596,175.2083,112.55481,80.53308,135.58402,42.099998,112.92875,108.56284,95.611614,101.70043,113.8858,73.366118,68.535062,76.795421,135.04572,65.090524,-11.326439,-40.079271,24.161748,-25.609326,-0.0,27.914971,24.981743,31.6594,-97.354015,-0.0,33.921157,12.888049,26.612109,6.9219236,-17.521383,39.990258,-42.441831,-0.0,-30.497883,23.175986,1.9306168,1.8862731,0.83933979,1.7809329,5.9870916,0.96166992,2.2413681,-3.4917602,-1.6146178,-3.7954096,-349.80911,-12.03698,3.9320916,1382.17585,.
2104.0,3736.4,5.3983,12.2168,7.951182,2296.793,0.0,0.0,0.0,0.0,0.0,0.0,0.0,0.0,0.0,0.0,0.0,0.0,1.9425036,6.6220331,0.0,3.0651227,5.177977,2.2934459,7.1368387,6.3475963,0.0,5.8823431,0.0,7.7122712,0.0,7.6040496,5.8399423,0.0,0.0,0.0,4.891128,10.265643,7.1352467,0.0,9.7409085,6.1820373,2.6313578,7.018963,0.0,11.439051,0.0,3.282926,0.0,0.0,0.0,-6.0266071e-16,0.0,4.5608465e-16,0.0,0.0,0.0,0.0,0.0,-1.1509399e-17,0.0,0.0,0.0,0.0,0.0,0.0,0.0,-1.074035e-16,-8.6663325e-16,0.0,19.815345,11.522749,-4.3250971e-15,18.515956,0.0,-2.4327306e-14,21.355167,89.349,155.41504,64.3741,0.0,2.2441,151.5,0.9839104674127715,1.0000000005557308,0.9999999997544367,0.030581469230298745,0.2244755230596079,0.0,0.0,0.0,0.0,0.0,0.0,0.0,0.0,0.0,0.0,0.0,0.0,0.12122606176354396,0.06060748215274742,0.0,0.060607251291116486,0.09091164547407785,0.0303036585092201,0.09091072311352,0.10099586503282394,0.0,0.10098435659448493,0.0,0.09091183729653526,0.0,0.12121508534538895,0.12121752176018613,0.0,0.0,0.0,0.09091300967331875,0.06060669653385831,0.09091040922793535,0.0,0.12121445158752989,0.12121687659650797,0.06060730605450132,0.10098847463156387,0.0,0.06060660026427222,0.0,0.030303719244372578,0.0,0.0,0.0,-1.6684114667311176e-16,0.0,1.6133405623320154e-16,0.0,0.0,0.0,0.0,0.0,-4.579341009427195e-18,0.0,0.0,0.0,0.0,0.0,0.0,0.0,-2.9149329170335394e-17,-2.5162182407475964e-16,0.0,0.06060616686151898,0.030303123363952182,-2.5268354364442042e-17,0.07070193175207946,0.0,-5.2590709673550865e-17,0.06060640683130703,0.9999999999776161,0.8938114436106444,0.9999999999378628,0.0,1.0000000003119285,0.2083333333333334,3.9447999,-5.5661646,-3.2264394,-28.701108,-3.9447999,104.93879,119.52988,82.508487,131.36947,122.16421,86.025912,64.636268,149.54868,59.671261,74.948939,107.77492,98.356997,107.90839,82.245674,30.926283,171.53377,129.45864,82.968168,117.189,147.62049,96.152905,119.28927,66.087239,114.21584,159.22886,117.49849,130.45141,58.821706,50.755243,185.25541,114.69994,81.491312,138.16474,42.574844,115.43935,110.28453,97.103128,103.91826,120.40474,74.229616,72.332223,77.960823,142.52129,68.392584,-0.48811521,-0.0,-7.9387334,-0.0,-0.0,32.564644,26.466505,35.170535,-116.39391,-0.0,36.872132,13.78022,0.2749247,-3.0654821,-8.037235,42.148013,-29.361107,-0.0,-0.0,-0.0,1.8213366,1.7617754,0.79182999,1.6616017,-4.4650016,0.90723577,2.1144982,-3.5140496,-1.6859204,-3.8959912,-348.60537,-12.227822,3.9447999,1348.43338,.
2105.0,3797.5,5.3983,12.2168,6.3870975,2261.0174,0.0,0.0,0.0,0.0,0.0,0.0,0.0,0.085149971,0.0,0.0,0.0,0.0,1.456886,6.6220331,0.0,4.5977352,5.177977,2.2934459,9.5157489,5.7137223,0.0,5.2955949,0.0,7.7122712,0.0,7.6040496,4.3799893,0.0,0.0,0.0,4.8911372,15.398498,7.1352467,0.0,9.7409085,6.1819411,2.6313578,8.4247537,0.0,11.439051,0.0,3.282926,0.0,0.0,0.0,6.0266071e-16,0.0,0.0,-1.4262559e-16,0.0,0.0,0.0,0.0,0.0,0.0,0.0,0.0,0.0,0.0,0.0,-5.6914157e-17,-6.4180573e-17,-9.0579267e-17,0.0,19.815345,-3.6573209e-14,5.1049342e-14,15.872082,5.2959633e-17,14.017588,21.355167,89.349,155.41504,64.3741,0.0,2.2441,151.5,1.0000000000000002,1.0000000005557308,0.9999999997544371,0.024565759615006674,0.2209790187935412,0.0,0.0,0.0,0.0,0.0,0.0,0.0,0.030322042097944438,0.0,0.0,0.0,0.0,0.09092006430178173,0.06060748215274743,0.0,0.09091188833530606,0.09091164547407785,0.0303036585092201,0.12121383848365279,0.09091036968526754,0.0,0.09091143353428939,0.0,0.09091183729653526,0.0,0.12121508534538898,0.09091381746736307,0.0,0.0,0.0,0.09091318067675373,0.09091024257937123,0.09091040922793539,0.0,0.1212144515875299,0.12121499031485641,0.0606073060545013,0.12121491811676795,0.0,0.06060660026427224,0.0,0.030303719244372578,0.0,0.0,0.0,1.6684114667311181e-16,0.0,0.0,-6.12917821057337e-17,0.0,0.0,0.0,0.0,0.0,0.0,0.0,0.0,0.0,0.0,0.0,-4.527455972893402e-18,-1.741861902747807e-17,-2.6299152941448632e-17,0.0,0.06060616686151898,-9.618212321926012e-17,2.9824367728705905e-16,0.06060647683151813,1.8863660354963467e-18,0.030303186913974385,0.06060640683130703,0.9999999999776154,0.8938114436106448,0.9999999999378634,0.0,1.0000000003119285,0.2083333333333334,3.9712534,-5.6418976,-3.2236804,-29.958389,-3.9712534,108.34984,120.75391,85.164942,132.79509,123.46549,86.894131,66.677553,151.18026,60.267751,75.698031,108.87776,99.354518,95.187248,82.09038,30.887087,164.32395,125.58926,82.725034,115.63002,136.28882,94.257288,111.62533,65.976159,109.25284,156.98256,109.36099,118.24783,58.724456,50.665575,182.78611,108.9013,81.359755,129.24481,42.508782,107.85142,102.36464,96.824047,103.00744,118.39943,74.108501,71.018745,77.753343,140.37741,67.312331,23.951454,-0.0,5.4832283,58.176934,-0.0,43.273773,25.885141,43.225818,-82.238381,99.409952,43.674855,23.047004,0.51530522,7.0481402,13.48479,28.686904,-0.0,-0.0,-0.0,-6.9266118,1.7182421,1.5704834,0.74700942,1.52972,21.704865,1.0310073,1.9948096,-3.5106201,-1.7665201,-3.922046,-347.32023,-12.245242,3.9712534,1310.84829,.
2106.0,3797.5,5.3983,12.2168,4.811318,2228.8194,0.0,0.0,0.0,1.1586247,0.0,0.0,0.0,0.085149971,0.0,0.0,0.0,0.0,3.3993262,9.9329864,0.0,8.1724623,6.9039499,4.5868653,12.686494,7.6183277,0.0,8.8260788,6.4247073,11.137472,0.0,9.5051061,5.8399423,0.0,0.0,0.0,8.1518835,25.664163,9.5136929,0.0,9.7409085,7.7274865,3.9470148,12.637137,0.0,17.158552,0.0,6.5658449,0.0,0.0,0.0,0.0,0.0,0.0,-1.4027471e-16,-2.705077e-14,0.0,0.0,0.0,-5.6481578e-18,0.0,0.0,0.0,0.0,0.0,0.0,0.0,2.6468937e-16,-4.2487264e-17,0.0,19.815345,-4.9801925e-15,-1.3647338e-14,7.9360213,0.0,14.017588,21.355167,89.349,136.79143,64.3741,0.0,2.2441,151.5,1.0,1.0000000005557304,0.9999999997544365,0.018505069230484544,0.21783216886345472,0.0,0.0,0.0,0.09092608254357834,0.0,0.0,0.0,0.03032204209794445,0.0,0.0,0.0,0.0,0.21214216945370562,0.09091064433995096,0.0,0.1615956438818178,0.12121518610059392,0.06060696686980556,0.16160353229159188,0.12121432425767596,0.0,0.15152055460182584,0.030303046012652823,0.13128791974518703,0.0,0.1515195596736346,0.12121752176018616,0.0,0.0,0.0,0.1515217478445192,0.15151706899767256,0.12121426927087234,0.0,0.1212144515875299,0.1515199168196027,0.09091045466536184,0.18182246997741647,0.0,0.09090977059003659,0.0,0.06060737295074442,0.0,0.0,0.0,0.0,0.0,0.0,-6.028151722467886e-17,-3.7065326432070194e-16,0.0,0.0,0.0,-2.2472798658953507e-18,0.0,0.0,0.0,0.0,0.0,0.0,0.0,7.183674250856535e-17,-1.2335925107449857e-17,0.0,0.06060616686151897,-1.3097168714143601e-17,-7.973133660174148e-17,0.030303163192634992,0.0,0.03030318691397439,0.06060640683130702,0.9999999999776161,0.7867047199670277,0.9999999999378628,0.0,1.0000000003119285,0.2083333333333334,3.9979781,-5.4156723,-3.2234822,-31.265642,-3.9979781,120.90196,123.79677,95.01678,136.4729,126.79683,89.090143,74.383813,155.41138,61.793216,77.599544,111.62179,101.83258,106.47504,85.64952,31.951882,173.85496,135.36453,87.235333,124.14642,145.15309,116.17215,118.78889,68.575651,116.9074,189.85117,115.86081,128.6289,61.007996,52.631037,220.87244,115.98126,84.539138,138.3593,44.080538,116.08326,108.23376,102.04354,110.89507,143.9581,76.97286,86.204772,81.801832,169.33965,80.367151,-7.909528,-291.38839,36.828275,-0.0,-0.0,48.509988,32.65465,58.730275,-84.020559,155.72949,56.785385,40.902741,24.119629,33.989731,14.046454,38.53362,-73.059923,-0.0,-0.0,29.403982,1.4734536,1.4815881,0.70472587,1.4431321,20.36889,0.97264836,1.8818959,-3.5301071,-1.8050759,-3.9267355,-345.06447,-12.13668,3.9979781,1269.57271,.
2107.0,3797.5,5.3983,12.2168,3.3477249,2200.1989,0.0,0.0,0.0,1.5448013,1.1942477,0.0,0.0,0.085149971,0.0,0.0,0.0,0.0,3.884961,9.9329864,0.0,10.728018,8.6299045,4.5868653,14.273673,11.427458,0.0,10.591281,6.4247073,15.424471,0.18976238,10.137206,5.8399423,0.0,0.0,0.0,9.7821899,30.797027,11.892103,0.0,15.421452,7.7274865,5.26267,14.743328,0.0,22.878093,0.0,6.5658449,0.0,0.0,7.4146112e-18,-1.2181092e-31,0.0,-2.2443551e-16,0.0,2.2116164,0.0,-4.2834304e-15,0.0,2.9985412e-16,0.0,-1.5150037e-14,2.0308276,1.511038,0.0,1.181738e-14,0.0,-4.9209383e-16,-6.0917854e-17,0.0,19.815345,-1.1242493e-13,1.6250634e-14,7.9360213,0.0,14.017588,10.677569,89.349,136.79143,64.3741,0.0,2.2441,181.8,0.9999999999999998,1.0000000005557306,0.9999999997544363,0.01287586499980191,0.21503496349591514,0.0,0.0,0.0,0.12123229421677885,0.06061239996082522,0.0,0.0,0.03032204209794444,0.0,0.0,0.0,0.0,0.24244924031798937,0.09091064433995096,0.0,0.21212713043481776,0.15151840542728345,0.06060696686980555,0.18182139017880936,0.18182095257637354,0.0,0.18182443273266274,0.030303046012652823,0.18182283293371826,0.030310952840038596,0.16159577528975994,0.12121752176018613,0.0,0.0,0.0,0.1818247907241317,0.1818206681777304,0.1515176693625404,0.0,0.19190231043268866,0.1515199168196027,0.12121356181734101,0.21212623655557464,0.0,0.12121315284457114,0.0,0.06060737295074443,0.0,0.0,3.095933328969125e-19,-3.372224741531049e-32,0.0,-7.939116387948438e-17,0.0,0.030303863368222026,0.0,-4.1459167867021507e-17,0.0,1.1930547099476722e-16,0.0,-1.8658654094660096e-16,0.03030396089591965,0.030303652311805554,0.0,1.584255021748807e-16,0.0,-1.3355435375347234e-16,-1.768713760082468e-17,0.0,0.060606166861518956,-2.9566091589547683e-16,9.494047626326131e-17,0.030303163192634985,0.0,0.030303186913974385,0.030303162264352788,0.9999999999776156,0.7867047199670274,0.9999999999378631,0.0,1.0000000003119287,0.25000000000000006,4.0291543,-4.9442088,-3.2201141,-32.613859,-4.0291543,124.21119,124.81421,97.653797,137.67016,127.89484,89.849338,76.515277,156.78914,62.331314,78.266267,112.54096,102.66962,105.71747,85.219,31.80175,173.35997,134.52064,86.706296,123.28918,144.67055,113.72765,117.99619,68.238447,116.4438,187.48828,115.21476,127.96939,60.699191,52.35326,218.45383,115.59589,84.127542,137.50247,43.859347,115.60195,107.58672,101.43273,110.06312,141.53099,76.591395,84.469634,81.329418,166.84854,78.952292,56.904014,-0.0,60.297665,-0.0,13.439704,46.58049,28.468086,61.163544,28.020547,146.91461,58.078803,58.530069,47.17845,53.691374,51.363541,46.281583,23.389576,-0.0,110.55165,59.78094,1.3900506,1.3977246,0.66483573,1.3614454,9.7196911,0.91759279,1.4005105,-3.5217997,-1.8732497,-3.9408411,-343.31839,-11.945017,4.0291543,1225.1294599999999,.
2108.0,3797.5,5.3983,12.2168,1.8999903,2175.156,0.0,0.0,0.0,1.9309467,1.7913617,0.0,0.0,0.085149971,0.0,0.0,0.0,0.0,2.9137533,13.243928,0.0,9.1954136,8.629959,6.880304,14.273673,9.5228984,0.0,10.591281,12.849429,10.282982,0.18976238,11.406153,5.8399423,6.0641244,0.0,-2.3220463e-31,9.7821899,30.797027,11.892103,0.0,9.7409085,7.7274865,5.26267,12.637137,0.0,23.825034,0.0,9.8487855,0.84852582,0.0,0.0,0.0,0.0,0.0,0.0,0.0,0.0,0.0,0.0,0.0,0.0,0.0,0.0,0.0,0.0,0.0,0.0,0.0,0.0,0.0,19.815345,7.6890591e-14,-2.7636509e-14,7.9360213,-3.6605209e-15,14.017588,10.677569,89.349,136.79143,64.3741,0.0,2.2441,181.8,1.0000000000000002,1.0000000005557306,0.9999999997544368,0.007307654999887576,0.2125874124643557,0.0,0.0,0.0,0.15153605738894585,0.09091810001803126,0.0,0.0,0.030322042097944438,0.0,0.0,0.0,0.0,0.1818389615903569,0.1212136994440985,0.0,0.1818226535534614,0.1515193623038162,0.09091053024430229,0.18182139017880936,0.15151772672242803,0.0,0.1818244327326628,0.060606159944954316,0.12121523767307361,0.0303109528400386,0.18182388096963026,0.12121752176018612,0.030303174161618287,0.0,-7.261198547177885e-32,0.18182479072413174,0.1818206681777304,0.15151766936254044,0.0,0.1212144515875299,0.15151991681960272,0.12121356181734097,0.18182246997741647,0.0,0.1262302538838838,0.0,0.0909112269634002,0.06061356200249416,0.0,0.0,0.0,0.0,0.0,0.0,0.0,0.0,0.0,0.0,0.0,0.0,0.0,0.0,0.0,0.0,0.0,0.0,0.0,0.0,0.0,0.060606166861519,2.022108669207488e-16,-1.6145975146039888e-16,0.030303163192635,-1.3038387743329942e-16,0.030303186913974392,0.030303162264352798,0.9999999999776154,0.7867047199670275,0.9999999999378631,0.0,1.0000000003119298,0.25000000000000006,3.9687694,-4.9808254,-3.2286206,-34.022633,-3.9687694,128.93988,126.00189,101.42428,139.09525,129.19639,90.743723,79.566398,158.43408,62.970939,79.054087,113.61543,103.64733,94.142925,86.933102,32.358774,163.199,133.70876,89.198515,110.48987,134.74045,126.55895,109.17053,69.620607,104.04717,207.37539,109.75714,131.8331,61.909268,53.388974,206.28967,111.50134,78.094385,137.67792,44.684927,103.45138,99.786338,104.31737,100.93201,156.68756,74.894408,93.31944,83.560159,184.13746,86.586644,-11.02271,-281.42465,17.451675,-159.50699,-115.88895,17.964666,18.397437,39.734453,-66.026774,-69.491709,39.714945,17.157135,14.648132,16.539664,-3.0673796,31.707463,-45.823798,-232.41321,-48.757648,11.218257,1.3113685,1.3186081,0.62720352,1.2843824,-0.0,0.86565358,0.6947565,-3.5467074,-1.9562272,-3.9497797,-340.96284,-11.909339,3.9687694,1179.01746,.
2109.0,3797.5,5.3983,12.2168,0.55113661,2142.958,0.0,0.0,0.0,1.9309467,2.3884255,0.0,0.0,0.085149971,0.0,0.0,0.0,0.0,1.6169477,9.9329864,0.0,6.1302711,6.9039499,6.880304,9.5157489,7.6183056,0.0,5.2955949,12.849429,7.7122712,0.0,7.6040496,4.864311,12.12831,0.0,0.0,5.4323337,15.398498,9.5136929,0.0,7.3056914,6.1820373,3.9470148,8.4247537,0.0,17.158552,0.0,9.8487855,0.09156734,0.0,3.8690984,-1.5884894e-18,5.4334553,0.34291324,0.35273678,8.8463725,12.431002,13.565565,1.493028,0.0,12.829977,10.661184,10.154083,7.5553105,4.1700851,18.083473,2.2859574,0.11165945,0.31333998,4.2880124,19.815345,-1.930378e-14,1.7065943e-14,7.9360213,0.0,14.017588,10.677569,80.847582,122.02103,64.3741,0.0,2.2441,212.1,1.0000000000000002,1.0000000005557301,0.9999999997544361,0.0021197561922750813,0.20944056253426852,0.0,0.0,0.0,0.15153605738894588,0.12122125224326069,0.0,0.0,0.03032204209794445,0.0,0.0,0.0,0.0,0.10090905455651168,0.09091064433995096,0.0,0.12121501075319728,0.12121518610059394,0.09091053024430228,0.12121383848365279,0.12121397262715128,0.0,0.09091143353428939,0.06060615994495433,0.09091183729653528,0.0,0.12121508534538895,0.10096670381329156,0.060606654147150565,0.0,0.0,0.10097257855791045,0.09091024257937122,0.12121426927087234,0.0,0.09091096344029241,0.12121687659650798,0.09091045466536182,0.12121491811676793,0.0,0.0909097705900366,0.0,0.0909112269634002,0.006541017974554342,0.0,0.16155224281512046,-4.397588702506976e-19,0.15152193851643858,0.12130113115025765,0.1515847602133539,0.12121417780425066,0.2424312398188929,0.13130061283264732,0.18184601118322938,0.0,0.13130346024214884,0.13130221694872737,0.15151898377091313,0.15152067816939993,0.1312681276585851,0.24242964947314008,0.18184529175069522,0.030304394763937918,0.09097640475154711,0.13126816616595333,0.06060616686151898,-5.0766082532093086e-17,9.970372579320108e-17,0.030303163192635,0.0,0.03030318691397438,0.03030316226435279,0.9048515595942906,0.7017582917017411,0.9999999999378634,0.0,1.0000000003119296,0.29166666666666674,4.0554059,-7.3492968,-3.2284261,-35.480319,-4.0554059,124.04161,124.96585,97.586623,137.82135,128.04867,90.000022,76.576009,156.96648,62.456494,78.412423,112.68158,102.80652,77.615551,75.564859,32.860327,136.07103,108.75077,84.966458,96.107469,110.39183,96.924966,89.139884,61.943683,87.478591,165.37654,90.348987,97.296915,59.093671,54.341424,112.40861,92.06296,68.397611,119.23824,45.438558,83.674658,84.569899,88.160541,81.525622,148.49291,64.958091,76.399406,73.979322,152.09581,83.315334,78.286384,119.94391,86.782569,97.984424,87.11885,65.322409,37.092988,63.617298,72.594761,118.96607,60.523684,66.172979,66.586487,73.999098,84.620509,50.879288,70.369822,109.29925,104.85309,88.673264,1.3610087,1.2439699,0.59170143,0.92201897,-10.273801,0.81665432,1.2464494,-4.0008025,-2.04345,-3.9513075,-338.38168,-11.912354,4.0554059,1124.95893,.
2110.0,3797.5,5.3983,12.2168,0.0,2100.0273,0.0,0.78876149,0.0,1.9309467,2.3884255,0.0,0.0,0.085149971,0.0,0.0,0.0,0.0,-9.1696697e-16,6.6220331,0.0,3.0651227,4.0258611,4.5868653,2.3789155,3.8091506,0.0,3.5303576,6.4247073,7.7122712,0.0,1.9009789,4.3799893,6.0641244,1.7024286,0.0,3.260754,12.397671,7.1352467,0.0,7.3056914,3.0909954,3.9470148,0.0,0.0,11.439051,0.0,6.5658449,0.0,0.0,8.7094728,1.7871014,13.401022,1.3125815,0.98784376,24.327574,14.501369,37.570304,2.9861157,1.2953955,35.532181,31.986634,22.339042,17.123721,12.515224,24.86484,4.3161013,1.9345287,1.775252,12.86907,9.9076601,-1.0411797e-13,-3.6980757e-15,-1.9162068e-14,0.0,14.017588,10.677569,80.847582,122.02103,64.3741,0.0,2.2441,212.1,0.9999999999999999,1.0000000005557306,0.9999999997544368,0.0,0.20524475936967548,0.0,0.030305955582953764,0.0,0.1515360573889459,0.12122125224326069,0.0,0.0,0.03032204209794444,0.0,0.0,0.0,0.0,-5.7225270800193e-17,0.060607482152747444,0.0,0.06060725129111648,0.07068352313096044,0.06060696686980557,0.03030318288277427,0.060606951309632014,0.0,0.06060695282878858,0.030303046012652823,0.09091183729653525,0.0,0.030303237317558213,0.09091381746736307,0.0303031741616183,0.01009016967595352,0.0,0.060608710290205606,0.07319384514185967,0.09091040922793536,0.0,0.09091096344029241,0.06060798241417499,0.09091045466536182,0.0,0.0,0.06060660026427222,0.0,0.06060737295074441,0.0,0.0,0.3636596227630931,0.49474279947190086,0.37371225480431225,0.46430875832295604,0.4245150150995253,0.3333396689300687,0.2828078433050899,0.363641613121817,0.36369929363455805,0.5154098608083224,0.3636404270444395,0.3939446084907211,0.3333426506613889,0.34341379069776096,0.3939607903224296,0.3333416343976466,0.34334091270644623,0.525031436273129,0.5154338890555669,0.3939585667152654,0.030303045504774896,-2.7381484134682387e-16,-2.1605130496175932e-17,-7.316906693690057e-17,0.0,0.030303186913974385,0.03030316226435279,0.9048515595942916,0.7017582917017412,0.9999999999378631,0.0,1.0000000003119285,0.29166666666666674,4.0816037,-5.731353,-2.674373,-36.962477,-4.0816037,142.70687,128.71888,112.25273,142.46357,132.23018,92.720543,88.077465,162.32268,64.35228,80.768186,116.06727,105.85726,65.794555,67.428114,34.147825,107.38826,84.246953,74.893691,72.378538,92.678764,109.84996,69.617935,58.27337,72.652718,156.0156,74.0626,86.158785,53.237846,54.051119,167.83839,75.628275,58.518051,95.567578,47.365585,72.7957,71.649335,76.222063,61.591387,54.653942,57.39688,54.385337,61.607402,143.48662,86.73869,91.343514,169.12343,97.718739,132.56998,114.71084,72.085575,38.728261,68.712918,91.67294,180.30441,64.637189,71.948073,74.473277,83.030308,96.422428,53.343428,88.241426,155.15929,144.61093,102.22914,1.0457155,1.1735566,0.5582089,0.86982922,-12.644353,0.63956542,0.61833081,-3.702424,-2.0838917,-3.427748,-334.87556,-10.880512,4.0816037,1068.052442,.
2111.0,3797.5,5.3983,12.2168,0.0,2071.4068,0.0,0.78876149,0.0,1.9309467,2.3884255,0.0,0.0,0.085149971,0.0,0.0,0.0,0.0,1.8538591e-15,3.3110289,0.0,1.5325533,3.4519699,2.2934459,0.0,3.8091506,0.0,1.7651798,0.0,5.1415164,0.0,1.9009789,2.9199802,3.0307486e-14,0.0,0.0,1.6304,5.132856,2.378447,0.0,2.4352582,1.5455264,1.7535536,0.0,0.0,5.719512,0.0,3.282926,0.0,-1.4733744e-16,6.532122,1.7520808,10.866824,1.1143006,0.86880426,20.640177,13.984873,37.570304,2.7372822,1.219232,32.571149,29.526132,16.921664,12.088419,9.6270597,22.604368,4.1908498,1.6756259,1.3575777,10.889241,9.9076601,4.9738002e-14,0.0,-6.3304927e-14,0.0,14.017588,5.7044355e-14,80.847582,122.02103,64.3741,0.0,2.2441,242.4,1.0000000000000002,1.0000000005557304,0.9999999997544368,0.0,0.2024475540021363,0.0,0.030305955582953778,0.0,0.1515360573889459,0.12122125224326072,0.0,0.0,0.030322042097944438,0.0,0.0,0.0,0.0,1.1569401351817725e-16,0.030303854108488366,0.0,0.0303034664713846,0.06060750438559072,0.030303658509220097,0.0,0.06060695130963202,0.0,0.030303493581763635,0.0,0.06060791825036803,0.0,0.03030323731755822,0.06060894872759491,1.5145022860329318e-16,0.0,0.0,0.030304782653690295,0.030303551949351238,0.030303870235762864,0.0,0.03030399958967228,0.030304553954316197,0.040389094830878776,0.0,0.0,0.03030322860617618,0.0,0.030303719244372578,0.0,-2.2845439920679086e-17,0.27274544360050146,0.4850476642752157,0.3030414620318968,0.3941694500375976,0.3733590963336468,0.2828144626273882,0.2727350619121259,0.363641613121817,0.33339217318955494,0.4851060509420115,0.33333688499695724,0.3636412793851754,0.2525046656594047,0.24243152480309837,0.30304563848743044,0.3030374204557865,0.3333772994038922,0.4547651699007901,0.3941646333062076,0.33335041125559983,0.030303045504774907,1.3080357911835973e-16,0.0,-2.4172560295155013e-16,0.0,0.030303186913974392,1.6189306253421023e-16,0.9048515595942906,0.7017582917017411,0.9999999999378631,0.0,1.0000000003119291,0.3333333333333334,4.092746,-5.1053734,-2.4842665,-38.479457,-4.092746,136.37937,127.05195,107.31003,134.8265,130.42003,91.534109,84.252266,160.02828,63.535233,79.745332,114.56515,104.5024,62.070335,52.080619,34.596468,95.668934,66.337752,57.046769,56.853507,72.559789,118.19882,61.199921,46.940559,62.46797,-40.27847,57.910895,64.107748,48.837714,50.991621,198.6792,59.851301,47.005878,73.058946,48.062609,59.223371,55.176571,60.069251,48.051455,-24.340201,47.582252,65.63564,51.734934,19.729031,81.828953,81.545304,158.36314,88.479717,118.84641,101.82517,65.411281,35.790213,63.70009,83.857021,168.66549,60.15115,66.067223,67.024391,74.578232,86.169932,49.183813,80.335882,143.35346,131.31058,92.636485,1.1010503,1.1071288,-23.055235,0.8205936,-21.766221,0.72681944,0.58333095,-3.5871161,-2.1047609,-3.2319,-330.96519,-10.50184,4.092746,1003.827066,.
2112.0,3797.5,5.3983,12.2168,0.0,2046.3639,0.0,0.78876149,0.0,2.3171604,2.3884255,0.0,0.0,0.085149971,0.0,0.0,0.0,0.0,6.0551455e-31,6.6220331,0.0,1.5325533,3.4519699,2.2934459,2.3789155,3.8091506,0.0,1.7651798,6.4247073,5.1415164,0.0,1.9009789,4.3799893,0.0,0.0,-4.0971183e-17,1.6304,5.132856,4.7568417,0.0,2.4352582,1.5455264,2.6313578,1.0122264e-14,0.0,11.439051,7.7069194e-16,4.1821701,0.0,0.0,2.903287,0.10948724,5.4334553,0.085718065,0.14111387,8.8463725,10.877103,15.654277,1.0769047,0.02409054,17.766093,9.8419744,8.1232691,6.0442321,2.8881359,9.7934423,1.9049615,0.0,0.032809555,3.9597583,9.9076601,9.1926079e-14,0.0,3.4960993e-14,0.0,14.017588,-3.1298369e-14,80.847582,110.0201,64.3741,0.0,2.2441,242.4,0.9999999999999999,1.0000000005557304,0.9999999997544369,0.0,0.20000000297057643,0.0,0.030305955582953764,0.0,0.18184518058100352,0.12122125224326072,0.0,0.0,0.03032204209794444,0.0,0.0,0.0,0.0,3.778842120911618e-32,0.06060748215274742,0.0,0.030303466471384596,0.06060750438559072,0.030303658509220097,0.03030318288277428,0.060606951309632014,0.0,0.03030349358176363,0.030303046012652823,0.06060791825036803,0.0,0.03030323731755821,0.09091381746736307,0.0,0.0,-1.2811970823999471e-17,0.030304782653690295,0.030303551949351238,0.06060707411553236,0.0,0.030303999589672278,0.030304553954316187,0.060607306054501306,1.4563860803625726e-16,0.0,0.06060660026427221,1.9183941319308364e-16,0.03860437565227166,0.0,0.0,0.12122527728578385,0.03031054848037827,0.15152193851643855,0.030321658751091975,0.0606421370255985,0.1212141778042506,0.21212687166551814,0.1515171807110147,0.13116353083764828,0.009585104987779657,0.18182023910750733,0.12121290260749847,0.12121522730606596,0.12121621564133682,0.0909142578448921,0.1312923012036694,0.15153750447901698,0.0,0.009526059698472394,0.12121938138551394,0.030303045504774893,2.4175197362204225e-16,0.0,1.3349619868781976e-16,0.0,0.03030318691397439,-8.882542031960543e-17,0.9048515595942912,0.6327394337587111,0.999999999937863,0.0,1.000000000311928,0.3333333333333334,4.0685908,-4.8214691,-2.4210714,-40.035089,-4.0685908,146.24992,128.71674,115.09177,136.9373,132.31299,92.759478,90.400306,162.47308,64.39789,80.810691,116.06856,105.85612,37.714271,51.168459,36.252457,74.590385,62.582785,58.290734,57.421064,68.452631,59.398824,61.381799,46.136763,64.607702,27.728442,59.230355,66.273988,44.955141,45.822133,-0.0,62.012509,47.658469,68.923534,38.50144,62.760943,59.955867,60.120088,55.324369,-0.63099207,45.449044,96.271348,51.777369,79.099136,21.536905,58.18997,102.76418,70.071035,75.237576,65.075223,52.598328,30.796684,54.036525,57.917428,109.78314,51.728959,54.857362,52.540604,58.138058,63.811409,42.05215,56.744648,90.9128,82.610626,72.444699,1.0387267,1.0444612,-40.532219,0.77414491,-23.633303,0.68567871,0.55031222,-3.5457101,-2.1678911,-3.1796712,-326.89502,-10.383126,4.0685908,940.1049949999999,.
2113.0,3797.5,5.3983,12.2168,0.0,2017.7434,0.0,0.78876149,0.0,1.9309467,2.3884255,0.0,0.0,0.25537874,0.0,0.0,0.0,0.0,0.0,6.6220331,0.0,1.5325533,3.4519699,4.5868653,2.3789155,3.8091506,2.7227174e-16,3.5303576,6.4247073,5.1415603,0.0,1.9009789,4.3799893,6.0641244,5.1128514,7.0942991e-16,3.260754,10.265643,4.7568417,-1.0543455e-14,4.8704687,3.0909954,2.6313578,2.1061862,0.0,11.439051,0.0,6.5658449,0.0,6.1138727e-16,1.4516374,0.0,1.0866563,0.0,-4.4373285e-32,4.4231748,0.0,0.0,0.0,0.0,0.0,0.0,4.0616332,3.0221025,1.9254031,0.0,0.0,0.0,-3.9235071e-16,0.98992818,-8.4476931e-14,0.0,0.0,-4.134719e-14,0.0,14.017588,0.0,73.463608,110.0201,58.250986,0.0,2.2441,272.7,1.0000000000000002,1.0000000005557306,0.9999999997544367,0.0,0.1972027976030368,0.0,0.03030595558295377,0.0,0.1515360573889459,0.12122125224326069,0.0,0.0,0.0909407814736661,0.0,0.0,0.0,0.0,0.0,0.06060748215274743,0.0,0.030303466471384596,0.06060750438559074,0.06060696686980556,0.03030318288277428,0.060606951309632014,3.012454769894494e-17,0.06060695282878857,0.030303046012652827,0.06060843574120228,0.0,0.030303237317558216,0.09091381746736307,0.030303174161618287,0.030303495931598267,2.2184361404923487e-16,0.060608710290205606,0.060606696533858334,0.06060707411553237,-1.199260891405809e-16,0.06060740560746769,0.06060798241417499,0.06060730605450132,0.0303036975160077,0.0,0.06060660026427222,0.0,0.06060737295074442,0.0,9.479879075578483e-17,0.06061238394048344,0.0,0.030303418356473946,0.0,-1.9068932268996197e-32,0.06060693201269569,0.0,0.0,0.0,0.0,0.0,0.0,0.06060759350836525,0.0606078360773444,0.06060884942732596,0.0,0.0,0.0,-1.139167015888521e-16,0.030304496513256302,-2.5837667606266883e-16,0.0,0.0,-1.5788146210329422e-16,0.0,0.03030318691397439,0.0,0.822209627397683,0.6327394337587113,0.904882336162843,0.0,1.0000000003119287,0.37500000000000006,4.0727761,-4.8925389,-2.9651004,-41.611651,-4.0727761,155.95767,130.05308,122.75665,114.58256,133.87425,93.756102,96.476331,164.51242,65.105369,81.679041,117.2765,106.94119,43.157514,51.626783,39.776235,90.165257,68.25724,59.694321,60.804389,70.188491,105.19653,60.633632,46.236779,61.000623,25.793217,62.319893,68.615815,45.259102,45.564293,-0.0,60.898107,45.547133,73.767176,42.849994,60.637708,56.562139,58.050241,52.192801,34.333541,46.408968,30.433435,53.41851,45.467551,72.827477,45.337601,95.006811,44.151634,68.50485,56.843967,36.104197,24.145725,40.543735,16.745715,7.2823767,40.078499,39.27509,42.816568,43.229269,50.933562,32.527487,20.023889,4.3878969,77.934553,44.454247,0.8780029,-17.809343,-67.397265,0.73032539,-32.126591,0.64686671,-17.444497,-4.0092474,-2.2586239,-3.7073673,-323.70519,-11.400467,4.0727761,874.686209,.
2114.0,3797.5,5.3983,12.2168,0.0,1981.9678,0.0,1.5775172,0.12641428,2.0578275,2.3884255,0.0,0.0,0.34057086,0.0,0.0,0.84031956,0.0,2.9137943,11.034773,8.3973271,4.5976921,6.9039499,6.8803112,11.894699,6.3475963,0.82182936,7.6475208,25.698933,10.282982,0.18976238,9.5050507,5.8399423,30.320705,20.451362,-3.6196272e-16,6.5214821,15.398498,10.305153,15.985101,12.176131,6.695475,5.26267,11.231364,0.76949545,18.116528,0.12177961,10.041664,0.84852582,0.58647267,0.72581495,0.0,0.0,0.0,0.0,2.2116164,-1.058159e-14,0.0,0.0,0.0,0.0,-1.0013999e-14,2.0308276,1.511038,0.9626674,1.2723089e-14,0.0,0.0,0.0,0.0,-2.966241e-15,-4.879482e-15,3.2611109e-15,1.7133682e-14,0.0,14.017588,9.0195675e-14,73.463608,100.0765,64.3741,0.0,2.2441,272.7,1.0000000000000004,1.0000000005557312,0.9999999997544361,0.0,0.19370629333696993,0.0,0.06061168908556325,0.03032479706067503,0.1614933577071553,0.12122125224326069,0.0,0.0,0.12127783289853547,0.0,0.0,0.03030565622493081,0.0,0.18184152028241407,0.100994633756379,0.18182637206743282,0.09091103611084839,0.12121518610059395,0.09091062537902567,0.15151746210933184,0.10099586503282397,0.09092841495673912,0.13128781412477294,0.12121267363807875,0.12121523767307361,0.0303109528400386,0.15151867655002532,0.12121752176018617,0.151516285569282,0.12121372531238503,-1.1318823300795318e-16,0.12121693916856706,0.09091024257937123,0.13129828803066976,0.18182186460199146,0.15151800693158365,0.13128432059606046,0.121213561817341,0.16159628115889196,0.06061233643381612,0.0959853374788254,0.030313187032009938,0.09269163136857893,0.060613562002494153,0.09093565184521497,0.030306035390892227,0.0,0.0,0.0,0.0,0.030303863368222026,-2.063637334267342e-16,0.0,0.0,0.0,0.0,-1.2333154265251765e-16,0.03030396089591965,0.030303652311805554,0.03030334972203762,1.7056756777227273e-16,0.0,0.0,0.0,0.0,-9.072387939623502e-18,-1.2832315014254335e-17,1.905226725266921e-17,6.542381151833762e-17,0.0,0.03030318691397439,2.5597719622020974e-16,0.8222096273976828,0.57555253942283,0.9999999999378634,0.0,1.0000000003119294,0.37500000000000006,4.0662482,-5.1715332,-2.6108243,-43.164891,-4.0662482,182.09475,134.35797,143.34783,120.0625,138.78209,96.918285,112.71927,170.85978,67.32814,84.424866,121.16348,110.43833,66.367048,56.911966,39.996726,96.684882,89.463906,70.420896,77.510231,82.430512,112.50294,71.97118,50.562665,72.314695,150.31018,70.36391,80.212537,52.566126,57.258766,202.21153,71.869251,49.927802,89.10175,50.767864,72.929138,66.837332,71.212797,67.721574,130.0689,50.364486,95.391793,60.707545,152.84018,84.87368,42.771321,-6.7351376,41.172864,30.300118,31.429612,30.435767,25.081165,26.378314,46.06358,19.596648,27.890465,38.925839,35.159805,35.319799,46.572743,30.779896,-19.105169,25.372702,28.208409,41.914908,0.82830462,0.92956671,0.44215373,0.68898621,-39.529784,0.61025161,0.48977592,-3.7699564,-2.3046571,-3.3855843,-318.20754,-10.766493,4.0662482,809.27717,.
2115.0,3797.5,5.3983,12.2168,0.0,1956.9249,0.0,1.5775172,0.12641428,2.3171604,2.985526,0.0,0.0,0.4257657,0.0,0.0,1.6805894,0.0,0.0,0.0,0.0,0.0,0.0,0.0,0.0,0.0,0.0,0.0,0.0,0.0,0.0,0.0,0.0,0.0,5.1128514,0.0,7.2545361e-30,0.0,0.0,0.88622377,0.0,-2.5814551e-15,0.0,0.0,0.0,0.0,0.0,0.0,0.0,0.0,7.5644148e-15,0.0,2.6230259e-15,0.0,0.0,2.2116164,0.0,0.0,0.0,0.0,0.0,3.8772737e-15,2.0308276,1.511038,0.0,-3.2488829e-15,0.0,0.0,0.0,4.6594991e-15,-1.1360285e-13,-1.3067256e-13,-4.3181176e-14,3.2988991e-14,0.0,14.017588,-1.2138114e-13,73.463608,100.0765,58.250986,0.0,2.2441,303.0,1.0,1.0000000005557308,0.9999999997544369,0.0,0.19125874230541035,0.0,0.06061168908556324,0.03032479706067503,0.18184518058100352,0.15152626712652886,0.0,0.0,0.1516158529197947,0.0,0.0,0.06060951932579403,0.0,0.0,0.0,0.0,0.0,0.0,0.0,0.0,0.0,0.0,0.0,0.0,0.0,0.0,0.0,0.0,0.0,0.03030349593159826,0.0,1.348424556942161e-31,0.0,0.0,0.010080315308361605,0.0,-5.061695831180542e-17,0.0,0.0,0.0,0.0,0.0,0.0,0.0,0.0,3.1584830629375846e-16,0.0,7.314792285984682e-17,0.0,0.0,0.030303863368222026,0.0,0.0,0.0,0.0,0.0,4.775216641294202e-17,0.03030396089591965,0.030303652311805557,0.0,-4.3554993149063716e-17,0.0,0.0,0.0,1.4264042289357889e-16,-3.4745967244295307e-16,-3.436494803421861e-16,-2.5227578290469836e-16,1.2596624177827837e-16,0.0,0.030303186913974385,-3.4448219264629635e-16,0.8222096273976822,0.5755525394228299,0.904882336162843,0.0,1.000000000311929,0.4166666666666668,4.0826114,-5.3723754,-2.4197099,-44.692936,-4.0826114,190.60494,134.4129,150.12594,113.26651,139.03742,97.028351,118.19541,171.29354,67.436675,84.532522,121.21862,110.47819,1.7330682,29.569823,31.362529,37.255589,24.30853,36.791849,17.59099,25.718761,-37.412363,22.599934,30.11838,23.76343,-61.730019,28.699309,20.609626,34.447886,41.549139,-80.476771,29.125536,24.914534,32.941763,38.136342,18.543921,30.566726,32.253754,11.205827,-40.715438,27.67391,-9.1070529,30.415726,-38.243681,-4.4114172,35.702282,-30.183125,38.842325,12.927608,17.12374,28.712988,21.708507,19.842292,43.456207,-5.8149487,22.214115,36.72249,29.533734,36.834331,38.938857,29.037638,40.529706,3.4462905,8.2731288,39.564121,0.78141946,0.87694973,0.41712616,0.64998699,-46.163939,0.56620922,0.46205275,-4.1566779,-2.3776056,-3.721064,-312.60649,-10.417707,4.0826114,742.9373099999999,.
2116.0,3797.5,5.3983,12.2168,0.0,1928.3044,0.0,1.5775172,0.37917356,2.3171604,2.985526,0.0,0.0,0.51086965,0.0,0.0,2.520908,2.031938,4.370598,26.487907,12.595972,9.1954136,10.355916,19.11062,17.444314,11.427458,2.1914462,12.35652,64.247596,17.995156,1.7078171,13.307212,7.2999573,54.577364,40.902558,1.1634818,11.412523,40.639343,14.270501,21.313492,17.85667,10.818457,9.2097116,16.849545,3.5895845,45.756187,1.0959946,26.263259,3.3940706,1.7594481,-8.8747598e-15,0.0,-5.2254956e-15,0.0,0.0,1.1815219e-14,8.4777229e-15,0.0,-1.6390093e-16,0.0,0.0,5.7801002e-15,0.0,0.0,-4.5301174e-15,-1.5752114e-14,-5.4950246e-16,6.7921628e-16,0.0,-7.0197973e-17,9.3049195e-14,0.0,2.0256977e-14,2.3455018e-14,0.0,28.035154,4.0549543e-14,67.258106,91.702961,58.250986,0.0,2.2441,303.0,1.0000000000000002,1.0000000005557304,0.9999999997544367,0.0,0.18846153693787082,0.0,0.06061168908556323,0.09095777199991717,0.18184518058100352,0.1515262671265288,0.0,0.0,0.1819215068653651,0.0,0.0,0.09091514092886029,0.0606088029959638,0.2727564484779445,0.24242786566049235,0.2727391542748126,0.1818226535534614,0.18182262376818795,0.25251160377468324,0.22220975793656375,0.18182095257637357,0.24246484626561546,0.21212894262269144,0.3030329269304346,0.21212592918124698,0.2727914962781953,0.21212839515002432,0.15152251296407152,0.27272978875137127,0.24242646675492302,0.36382876413049603,0.2121283298854523,0.2399281105466437,0.18182091528771677,0.24242942578965423,0.2222058097793956,0.21212741099663504,0.21212463375938115,0.24243037722038044,0.2827477451252138,0.24242631098736156,0.27281323446406935,0.24242837858003544,0.24245191354806686,0.27281162114736734,-3.7056109767988075e-16,0.0,-1.457225981082646e-16,0.0,0.0,1.6189370916295466e-16,1.6533380603494554e-16,0.0,-1.9962606427824327e-17,0.0,0.0,7.118721245649475e-17,0.0,0.0,-1.4260141337920844e-16,-2.1117511417640523e-16,-4.371229103238089e-17,1.8433942025698136e-16,0.0,-2.148958147666995e-18,2.8459534963938395e-16,0.0,1.1834658537223411e-16,8.956140757084299e-17,0.0,0.06060632626840345,1.1508044399191904e-16,0.7527572328564895,0.5273952633849378,0.9048823361628427,0.0,1.0000000003119294,0.4166666666666668,4.0117194,-4.9228795,-2.2526122,-46.15551,-4.0117194,193.99712,139.18946,177.09241,106.8552,144.60411,100.57719,139.54123,178.55984,69.950045,87.620936,125.53502,114.35472,73.629946,62.855567,41.827553,101.84417,95.378636,78.548031,79.228775,86.419606,146.95613,78.103401,56.270158,70.530455,182.6092,78.822458,90.208052,57.422816,61.30757,195.50237,74.802948,53.80525,103.88287,53.797284,73.104628,75.736805,77.857248,69.136583,161.5418,54.939319,120.46978,68.688556,177.65409,111.19429,33.681398,-10.20115,36.643702,5.4856146,-18.544868,27.087724,22.322147,5.4909307,40.996422,-76.284051,9.9229923,34.643858,25.325459,29.595564,37.290212,27.393998,38.235571,-0.0,-22.539672,37.324643,0.73718817,-21.896601,0.39351525,0.61319528,-46.377829,0.54312176,0.43589882,-4.1982402,-2.4524963,-3.7416383,-306.04251,-10.074217,4.0117194,688.9882399999999,.
2117.0,3797.5,5.3983,12.2168,0.0,1885.3737,0.0,2.3662217,0.37917356,1.9309467,2.985526,2.6829345,0.35414636,0.4525033,0.0,0.0,3.3612126,3.0478831,4.3705752,26.487907,12.595972,14.302802,10.355916,20.641027,19.031602,13.33205,5.0205034,12.356435,64.247596,16.279058,4.0467006,13.93915,8.7599166,56.597012,46.015395,2.066703,11.412688,35.929863,14.270542,21.313492,17.046599,10.818457,9.2097116,18.955675,7.6950209,45.756187,2.3531284,29.546183,8.5334046,2.9322076,4.9746867e-15,0.0,5.1741694e-15,0.0,0.0,0.0,-1.0458129e-14,0.0,0.0,0.0,0.0,0.0,-1.6153582e-14,0.0,-5.2842419e-16,7.8183813e-15,0.0,0.0,0.0,0.0,-3.5752119e-15,-1.1785192e-14,4.2265965e-15,-7.3871648e-14,0.0,28.035154,0.0,67.258106,84.554824,58.250986,0.0,2.2441,333.3,1.0000000000000004,1.0000000005557308,0.9999999997544365,0.0,0.18426573377327776,0.0,0.09091545498706001,0.09095777199991717,0.1515360573889459,0.15152626712652886,0.09091376891088024,0.12132594675132434,0.16113715543201754,0.0,0.0,0.12122025762973537,0.0909124916029069,0.27275502559553216,0.24242786566049226,0.2727391542748127,0.2828120110757992,0.1818226237681879,0.2727331102458497,0.24242900429131362,0.21212469394294348,0.555475915884679,0.21212748339629736,0.3030329269304346,0.19189665843660433,0.6463839199548187,0.222202029941017,0.18182634802366385,0.2828222177736329,0.2727298773387755,0.6462722479327037,0.2121313967948842,0.21212410205031526,0.18182143767004427,0.2424294257896543,0.212125403828353,0.21212741099663499,0.21212463375938115,0.27273326613371085,0.6061285945953894,0.2424263109873616,0.5857369825665751,0.27273207936299926,0.60957490817954,0.45465410937476997,2.0771552196438077e-16,0.0,1.4429127220397634e-16,0.0,0.0,0.0,-2.0395597874217369e-16,0.0,0.0,0.0,0.0,0.0,-2.410433644180489e-16,0.0,-1.66340140230722e-17,1.0481434832824161e-16,0.0,0.0,0.0,0.0,-1.0934954146732661e-17,-3.099330958644177e-17,2.469288796256401e-17,-2.8207391588690527e-16,0.0,0.06060632626840342,0.0,0.7527572328564892,0.4862854283837907,0.904882336162843,0.0,1.0000000003119294,0.4583333333333335,4.0182844,-4.8343715,-2.23543,-47.484948,-4.0182844,266.83837,150.64257,225.95888,100.80679,148.2676,109.01402,184.87086,164.08044,75.890927,94.950405,135.87818,123.6555,66.689368,59.11339,40.042679,100.9214,94.314066,75.659772,77.011022,84.969693,158.69854,73.2011,52.850694,66.538165,195.5438,74.821921,88.352799,54.27654,58.492861,201.85126,73.733237,49.596141,102.16916,51.398808,67.309233,71.16023,74.43039,66.611342,178.0971,50.998169,127.82363,65.843865,198.07657,117.65659,31.774904,-139.88716,34.569531,-80.689008,-87.844988,5.1895198,21.058629,-11.227866,-8.808364,-220.78803,-4.3589594,16.367143,26.284918,1.3436894,35.179445,25.843394,-0.0,-115.73333,-124.01617,1.200579,0.69546053,0.78048213,0.3712408,0.57848611,-53.306303,0.51237902,-15.203736,-3.7804145,-2.4355059,-3.2832931,-298.41443,-9.0364006,4.0182844,638.9078199999999,.
2118.0,3797.5,5.3983,12.2168,0.0,1867.4859,0.0,3.1549286,0.75829985,2.3171604,3.5826552,4.4715896,0.44267315,0.51086965,0.0,4.8774172,3.3612126,4.0638138,2.9137533,13.243928,10.261301,9.1954136,8.629959,9.1737276,14.273673,9.5228984,1.0957178,10.591281,27.839123,10.282982,0.37947931,11.406153,5.8399423,36.384882,30.676953,-3.8245629e-17,9.7821899,30.797027,11.892103,18.649312,9.7409085,7.7274865,5.26267,12.637137,0.76949545,23.825034,0.48705757,13.131702,1.2727785,1.2363313,3.2643302e-15,0.0,0.0,0.0,0.0,0.0,0.0,0.0,0.0,0.0,0.0,1.1409716e-14,1.4407004e-14,9.7180225e-15,0.0,0.0,0.0,0.0,0.0,0.0,-9.5724603e-15,-2.5322961e-14,1.9327855e-14,9.3797351e-15,0.0,42.052679,0.0,67.258106,84.554824,58.250986,0.0,2.2441,333.3,1.0,1.0000000005557308,0.9999999997544368,0.0,0.18251748164024406,0.0,0.12121931310184846,0.18190420467047172,0.18184518058100355,0.18183273863883537,0.15152403592361105,0.15165407608634185,0.1819215068653651,0.0,0.21214058463590774,0.12122025762973537,0.12121575068554212,0.18183896159035692,0.12121369944409852,0.22218678768889685,0.1818226535534614,0.1515193623038162,0.12121389410014305,0.18182139017880933,0.151517726722428,0.12123183673297493,0.18182443273266277,0.1313071842542775,0.12121523767307363,0.060614645901787216,0.1818238809696302,0.12121752176018617,0.18181972257955833,0.18182005454516653,-1.1959671335179851e-17,0.18182479072413169,0.18182066817773038,0.1515176693625405,0.21212582149992623,0.12121445158752986,0.1515199168196027,0.12121356181734097,0.1818224699774165,0.060612336433816145,0.12623025388388376,0.12123759646435289,0.12121485851608166,0.09091961223430008,0.19169962798461185,1.363004531234281e-16,0.0,0.0,0.0,0.0,0.0,0.0,0.0,0.0,0.0,0.0,1.4052107210187587e-16,2.149809692577341e-16,1.9489355992258528e-16,0.0,0.0,0.0,0.0,0.0,0.0,-2.927782111374119e-17,-6.659563712821916e-17,1.1291841037385103e-16,3.581588716741304e-17,0.0,0.09090937698913432,0.0,0.7527572328564897,0.48628542838379074,0.9048823361628427,0.0,1.0000000003119287,0.4583333333333335,3.9665895,-4.8459151,-2.2924197,-48.61456,-3.9665895,308.26847,171.12192,281.05471,95.661477,164.02386,124.12196,264.60459,191.47458,86.538939,108.08559,154.3743,140.29827,51.906574,45.079608,35.115069,87.275442,70.863793,59.543783,67.414089,72.13664,107.49896,59.980678,41.787499,57.868071,127.01503,60.693699,59.054568,44.383834,49.911938,160.17047,59.744438,43.726495,78.664324,44.374158,57.334782,60.323888,55.7052,54.519159,120.7409,41.820646,91.52377,51.101753,134.43471,86.484961,29.976325,-248.27554,7.6534723,-151.07128,-130.32913,-7.2208986,17.14282,-25.597274,-55.264997,-312.75774,-16.61485,-0.0,24.797093,27.976589,-0.10757157,16.330151,-40.746479,-211.82227,-207.58443,-29.093842,0.65609484,0.7363039,0.35022717,0.54574161,-58.73164,0.49118792,-27.541313,-3.6806903,-2.4421476,-3.156948,-289.66601,-8.7772988,3.9665895,586.3516599999999,.
2119.0,3797.5,4.6951033,12.2168,0.0,1849.5981,0.0,2.3662217,0.29300746,1.1586247,2.985526,1.78861,0.35414636,0.34057086,0.0,0.0,2.520908,2.031938,1.6169477,9.9329864,2.7991442,6.1302711,6.9039499,6.880304,9.5157489,7.6183056,0.0,5.2955949,12.849429,7.7122712,0.0,7.6040496,4.864311,12.12831,20.451362,4.4564358e-32,5.4323337,15.398498,9.5136929,10.656697,7.3056914,6.1820373,3.9470148,8.4247537,0.0,17.158552,0.0,9.8487855,0.09156734,-1.4733744e-16,-1.9695759e-15,0.0,0.0,0.0,0.0,5.2808037e-15,0.0,0.0,0.0,0.0,0.0,-1.7400756e-14,-1.0316716e-14,-1.0566733e-14,0.0,0.0,0.0,0.0,0.0,0.0,-1.2657864e-13,9.4393725e-14,4.0690858e-14,6.7555723e-14,-8.7594691e-16,42.052679,-6.9912978e-14,67.258106,78.38144,58.250986,0.0,1.1715221,363.6,1.0000000000000002,0.8697373807697263,0.9999999997544369,0.0,0.1807692295072114,0.0,0.09091545498706001,0.07028788014901369,0.09092608254357835,0.15152626712652884,0.060608738756644825,0.12132594675132435,0.12127783289853546,0.0,0.0,0.09091514092886031,0.060608802995963794,0.10090905455651168,0.09091064433995098,0.06060955214899233,0.12121501075319731,0.12121518610059397,0.09091053024430228,0.12121383848365279,0.1212139726271513,0.0,0.09091143353428939,0.060606159944954316,0.09091183729653528,0.0,0.12121508534538901,0.10096670381329159,0.060606654147150545,0.121213725312385,1.393558136913614e-32,0.10097257855791043,0.09091024257937123,0.12121426927087237,0.12121415554637081,0.09091096344029242,0.12121687659650802,0.09091045466536182,0.12121491811676795,0.0,0.0909097705900366,0.0,0.09091122696340022,0.006541017974554343,-2.2845439920679086e-17,-8.223864351436745e-17,0.0,0.0,0.0,0.0,7.235827777330704e-17,0.0,0.0,0.0,0.0,0.0,-2.1430620082946411e-16,-1.5394578950882316e-16,-2.1191432836479428e-16,0.0,0.0,0.0,0.0,0.0,0.0,-3.8714673789147453e-16,2.482415171464707e-16,2.3772669042209287e-16,2.579569813737074e-16,-3.120030117886156e-17,0.09090937698913433,-1.984144814908831e-16,0.7527572328564898,0.45078152049300474,0.9048823361628434,0.0,0.5220454081214884,0.5000000000000001,3.9022276,-4.7508895,-2.3266253,-49.44472,-3.9022276,123.53728,124.95145,136.22572,64.146349,113.62182,90.922053,151.59737,127.51358,63.52923,79.36763,112.74591,102.7141,43.340118,40.015591,29.054995,77.485205,59.342157,44.936152,49.133217,61.596874,74.159404,49.488088,36.825379,43.003032,78.904231,52.580007,54.330089,36.000432,39.235264,151.10422,51.407476,37.883233,62.605162,35.680341,46.134079,49.944742,49.992227,43.361458,56.507338,37.635274,64.025945,43.458519,84.929507,51.340498,28.279551,-358.6763,30.766759,-221.74719,-171.09936,22.743376,10.562432,-32.957428,-80.237205,-403.89799,19.587823,29.087651,23.393484,26.393009,23.888814,6.9849048,7.5980648,-309.24367,-269.0212,-48.054609,0.6189574,0.69462632,0.33040299,0.51485058,-0.0,0.46338483,0.36598906,-3.6520147,-2.5040367,-3.1263295,-279.5831,-8.7181346,3.9022276,525.82251,.
2120.0,3797.5,5.3983,12.2168,0.0,1838.8654,1.6652241,5.5212498,1.011002,2.8301494,3.7801582,5.3658898,0.5312036,0.51086965,1.2972251,5.5741503,5.8821063,4.0638138,-9.3361517e-16,6.6220331,0.0,3.0651227,4.0258611,4.5868653,2.3789155,3.8091506,0.0,3.5303576,6.4247073,7.7122712,0.0,1.9009789,4.3799893,6.0641244,1.7024286,0.0,3.260754,12.397671,7.1352467,0.0,7.3056914,3.0909954,3.9470148,-1.1750872e-14,0.0,11.439051,0.0,6.5658449,0.0,0.0,0.0,0.0,0.0,0.0,0.0,0.0,0.0,0.0,-8.6313754e-16,0.0,0.0,1.9103348e-14,0.0,-3.5479237e-15,0.0,0.0,0.0,0.0,0.0,-7.1831159e-16,0.0,-7.6119519e-14,-3.6200342e-14,-7.0621267e-14,0.0,42.052679,1.7319815e-13,67.258106,78.38144,58.250986,0.0,1.1715221,363.6,1.0,1.0000000005557301,0.9999999997544368,0.0,0.17972027627270473,0.5760448677795742,0.21213859109829564,0.24252347502146582,0.22210332470476304,0.19185673184348026,0.18182824264940098,0.18198345928985915,0.18192150686536512,0.151554170880284,0.2424446084887757,0.21213488283707183,0.12121575068554215,-5.826423707106726e-17,0.06060748215274742,0.0,0.0606072512911165,0.07068352313096042,0.06060696686980556,0.03030318288277427,0.06060695130963202,0.0,0.06060695282878857,0.030303046012652823,0.09091183729653526,0.0,0.03030323731755821,0.09091381746736307,0.0303031741616183,0.010090169675953524,0.0,0.06060871029020561,0.07319384514185967,0.09091040922793536,0.0,0.09091096344029242,0.06060798241417499,0.09091045466536184,-1.690709352465249e-16,0.0,0.06060660026427222,0.0,0.060607372950744406,0.0,0.0,0.0,0.0,0.0,0.0,0.0,0.0,0.0,0.0,-1.0512737788675439e-16,0.0,0.0,2.352751761476996e-16,0.0,-7.115310550337894e-17,0.0,0.0,0.0,0.0,0.0,-2.1989545821987396e-17,0.0,-2.0018306175563679e-16,-2.1149191535376052e-16,-2.696625548083708e-16,0.0,0.09090937698913433,4.915399416604766e-16,0.7527572328564895,0.4507815204930045,0.9048823361628427,0.0,0.5220454081214879,0.5000000000000001,3.7604832,-4.3023094,-2.1322913,-49.818037,-3.7604832,347.08479,163.65814,311.88855,112.13287,157.44531,119.0223,289.38619,184.09255,83.133266,103.67504,147.66923,134.10324,36.739336,32.049446,22.389982,67.604012,47.043059,36.572328,40.438391,42.948028,-0.0,38.93037,28.163182,41.090493,-4.5129939,41.446288,51.254801,30.953141,30.181862,-11.648909,38.907415,32.676174,51.767145,26.08739,42.26769,37.617053,40.522026,34.711194,78.224213,31.528068,42.983226,38.971384,11.285505,10.354199,-5.5535997,-352.9122,7.5447828,-215.83896,-186.19517,6.5092162,4.8179729,10.541843,-0.0,-443.92367,8.9430824,27.44118,4.7654578,24.899065,25.928816,-1.1459556,-28.273246,-343.61478,-263.07409,-0.0,-4.9251056,0.65530785,0.31170093,0.48570809,-4.5653328,0.4371555,0.34527269,-3.6365,-2.4866848,-3.1530708,-267.44101,-8.3636072,3.7604832,458.3690499999999,.
2121.0,3797.5,4.6951033,12.2168,0.0,1810.245,1.2547647,3.1549286,1.011002,2.3171604,3.5826552,4.4715896,0.5312036,0.51086965,0.0,5.5741503,3.3612126,4.0638138,0.0,3.3110289,0.0,1.5325533,3.4519699,2.2934459,1.0694891e-14,3.8091506,0.0,1.7651798,5.1586788e-14,5.1415164,7.7860515e-16,1.9009789,2.9199802,0.0,0.0,0.0,1.6304,5.132856,2.378447,0.0,2.4352582,1.5455264,1.7535536,1.7106986e-14,0.0,5.719512,0.0,3.282926,0.0,-1.8386889e-31,0.0,0.0,-2.5716996e-15,0.0,0.0,0.0,4.2978984e-15,-1.9074735e-16,1.0654492e-15,0.0,-7.0769398e-15,0.0,4.5310941e-15,5.0708905e-15,-9.5302273e-16,0.0,0.0,0.0,0.0,0.0,7.8861418e-14,-1.6644497e-15,9.4410268e-15,-1.0833408e-13,-4.3758729e-15,32.705607,-1.6693701e-13,61.969803,72.996154,52.931531,0.0,1.1715221,393.9,0.9999999999999999,0.8697373807697263,0.9999999997544365,0.0,0.17692308067859824,0.434056152385722,0.12121931310184847,0.24252347502146582,0.18184518058100352,0.18183273863883537,0.151524035923611,0.1819834592898591,0.18192150686536515,0.0,0.24244460848877575,0.12122025762973537,0.12121575068554215,0.0,0.030303854108488366,0.0,0.030303466471384596,0.060607504385590726,0.030303658509220097,1.3623402675897341e-16,0.060606951309632014,0.0,0.03030349358176363,2.433164247667698e-16,0.06060791825036803,1.2436745356303592e-16,0.030303237317558213,0.0606089487275949,0.0,0.0,0.0,0.03030478265369029,0.03030355194935124,0.03030387023576286,0.0,0.03030399958967227,0.03030455395431619,0.04038909483087878,2.4613442494048174e-16,0.0,0.030303228606176166,0.0,0.03030371924437258,0.0,-2.85098321226224e-32,0.0,0.0,-7.171659416687384e-17,0.0,0.0,0.0,8.381825034921852e-17,-1.8462366994079104e-18,1.2976828776041898e-16,0.0,-7.242621585879544e-17,0.0,6.761287783469766e-17,1.0169598820363073e-16,-2.999974973728313e-17,0.0,0.0,0.0,0.0,0.0,2.4120136481317866e-16,-4.37725620788869e-18,5.515696069496205e-17,-4.1366639295234436e-16,-1.5586395801135752e-16,0.07070289996081987,-4.737706964905479e-16,0.6935701910330596,0.4198100633295523,0.822248870224376,0.0,0.5220454081214879,0.5416666666666667,3.6542242,-4.1406556,-2.0179276,-49.508821,-3.6542242,316.11835,145.88616,287.82626,99.197849,138.96316,106.39622,270.99948,161.19655,74.451503,92.748897,131.65849,119.56509,11.923564,30.235326,16.311678,38.902528,37.042654,34.502196,33.98744,41.991681,-78.246526,34.173716,26.531438,34.976125,82.187074,35.524544,39.227471,23.895939,23.396125,-170.29931,29.145941,28.208974,36.05593,17.349985,30.234751,35.487786,33.542356,32.746409,73.796428,26.901219,-17.154624,30.646945,39.256349,-27.517931,-33.95133,-432.74467,27.382306,-264.94603,-204.43696,-7.0851713,-0.0,-0.0,-0.0,-489.94476,-0.0,18.666116,20.820117,23.489684,-0.0,-7.9336367,-58.14176,-377.99175,-322.47252,9.142263,0.55086988,0.61821495,0.29405748,0.45821518,-0.0,0.41241085,0.32572896,-3.6181913,-2.4496941,-3.1556451,-252.83278,-8.0650867,3.6542242,378.46975,.
2122.0,3797.5,4.6951033,12.2168,0.0,1820.9776,-1.3417621e-18,2.3662217,0.75829985,2.3171604,2.985526,3.5772454,0.44267315,0.51086965,0.0,2.0902401,3.3612126,3.0478831,3.2882631e-15,6.6220331,0.0,1.5325533,3.4519699,2.2934459,2.3789155,3.8091506,1.089087e-15,1.7651798,6.4247073,5.1415164,0.0,1.9009789,4.3799893,9.5806902e-15,0.0,0.0,1.6304,5.132856,4.7568417,5.2048402e-15,2.4352582,1.5455264,2.6313578,0.0,-1.791819e-15,11.439051,0.0,4.1821701,3.497338e-16,5.5249754e-16,0.0,0.0,0.0,0.0,0.0,0.0,-1.0259927e-14,0.0,0.0,0.0,0.0,0.0,1.3025117e-14,0.0,0.0,0.0,0.0,0.0,0.0,0.0,0.0,0.0,-5.2680832e-14,1.6053272e-15,-4.8082474e-15,28.035154,3.3376443e-14,61.969803,72.996154,52.931531,0.0,1.1715221,363.6,1.0000000000000002,0.8697373807697263,0.9999999997544368,0.0,0.17797202413967197,-4.641508440132134e-19,0.09091545498705998,0.18190420467047172,0.1818451805810035,0.1515262671265288,0.12121833821627377,0.15165407608634188,0.18192150686536512,0.0,0.09091384613221488,0.12122025762973539,0.0909124916029069,2.0521104087291398e-16,0.06060748215274743,0.0,0.0303034664713846,0.06060750438559074,0.0303036585092201,0.03030318288277428,0.06060695130963203,1.2049819522143884e-16,0.030303493581763638,0.030303046012652823,0.06060791825036803,0.0,0.03030323731755822,0.09091381746736307,4.7875885217511295e-17,0.0,0.0,0.03030478265369029,0.030303551949351238,0.06060707411553236,5.920223776624259e-17,0.030303999589672278,0.030304553954316193,0.060607306054501306,0.0,-1.4113967282912978e-16,0.06060660026427222,0.0,0.03860437565227166,2.4982871317537395e-17,8.566763041622678e-17,0.0,0.0,0.0,0.0,0.0,0.0,-2.0009061401979778e-16,0.0,0.0,0.0,0.0,0.0,1.943604844807005e-16,0.0,0.0,0.0,0.0,0.0,0.0,0.0,0.0,0.0,-3.0777527080019507e-16,6.1298338651353904e-18,-1.7126467975379695e-16,0.06060632626840344,9.472303742883069e-17,0.6935701910330593,0.41981006332955234,0.8222488702243762,0.0,0.5220454081214883,0.5000000000000001,3.4306187,-3.879615,-1.8884638,-48.169164,-3.4306187,262.71672,117.10497,221.7619,78.237365,108.2303,85.666697,219.35435,122.65495,60.06655,74.763689,105.70493,96.041363,32.697878,28.523892,13.417175,53.368677,38.820615,31.746702,32.063622,39.633945,-0.0,32.239355,25.029659,32.907347,34.653349,30.506737,37.007049,25.727099,26.86175,50.269844,32.945793,24.657419,38.583214,25.362846,33.248806,30.445976,31.643732,24.262128,69.619271,26.410025,-34.616553,28.912212,-0.0,43.106472,-58.003651,-411.32668,13.950954,-306.07496,-190.07419,-18.566687,-0.0,-8.9240123,-29.078066,-567.28967,-7.566567,8.6058834,19.64162,12.616722,-21.931822,4.8863509,-83.404191,-357.9395,-303.67155,16.144287,-4.3318199,-14.063166,0.27741272,-0.0,-0.0,0.38906684,0.30729147,-3.3838379,-2.3514705,-2.9545396,-234.84916,-7.4897659,3.4306187,293.2545799999999,.
2123.0,3797.5,5.3983,12.2168,0.0,1856.7532,0.0,1.5775172,0.37917356,1.9309467,2.985526,0.0,0.35414636,0.4525033,0.0,0.0,1.6805894,1.0159319,6.9263308e-16,6.6220331,0.0,1.5325533,3.4519699,4.5868653,2.3789155,3.8091506,0.0,3.5303576,6.4247073,5.1415603,-1.7228584e-17,1.9009789,4.3799893,6.0641244,5.1128514,0.0,3.260754,10.265643,4.7568417,0.0,4.8704687,3.0909954,2.6313578,2.1061862,1.791819e-15,11.439051,0.0,6.5658449,-3.1262746e-15,0.0,-3.5278339e-16,0.0,2.528066e-15,0.0,0.0,0.0,0.0,0.0,0.0,0.0,0.0,-1.3489296e-14,0.0,1.8424404e-15,1.9274568e-15,8.7997334e-15,0.0,0.0,0.0,2.2194224e-15,1.8366627e-14,6.2630152e-14,4.6007604e-15,1.4632769e-13,3.0649387e-15,14.017588,0.0,67.258106,72.996154,58.250986,0.0,2.2441,363.6,1.0000000000000002,1.0000000005557306,0.9999999997544362,0.0,0.181468528405738,0.0,0.060611689085563254,0.09095777199991716,0.1515360573889459,0.1515262671265288,0.0,0.12132594675132435,0.16113715543201754,0.0,0.0,0.06060951932579404,0.030303294876327536,4.322523805647191e-17,0.06060748215274742,0.0,0.030303466471384596,0.060607504385590726,0.06060696686980556,0.030303182882774275,0.06060695130963201,0.0,0.06060695282878858,0.03030304601265282,0.060608435741202296,-2.751940596047771e-18,0.03030323731755821,0.09091381746736307,0.0303031741616183,0.030303495931598257,0.0,0.060608710290205606,0.06060669653385831,0.06060707411553236,0.0,0.06060740560746769,0.060607982414174984,0.06060730605450132,0.030303697516007685,1.4113967282912978e-16,0.06060660026427224,0.0,0.060607372950744406,-2.2332218400133375e-16,0.0,-1.4730291657204e-17,0.0,7.049979062448507e-17,0.0,0.0,0.0,0.0,0.0,0.0,0.0,0.0,-1.6613299891246608e-16,0.0,3.6949880338432217e-17,6.067349687391462e-17,1.1797049624367413e-16,0.0,0.0,0.0,6.794278589204616e-17,5.617519455983631e-17,1.6470802430557822e-16,2.687885183735925e-17,5.587424355415104e-16,1.0916987027758156e-16,0.030303186913974385,0.0,0.7527572328564893,0.4198100633295526,0.9048823361628432,0.0,1.0000000003119294,0.5000000000000001,3.0112733,-3.5788335,-1.7296954,-45.274955,-3.0112733,172.84607,88.560319,159.6109,71.064808,87.061704,64.986482,163.79668,115.67024,45.66146,56.791115,79.95665,72.696217,30.847055,26.909332,9.0487592,36.197179,39.498259,30.706832,31.134671,36.059992,-17.207669,32.639605,23.612886,34.062429,73.146203,30.662873,34.91231,24.270848,26.138994,91.290685,32.667416,25.105887,36.308058,20.049145,33.061682,32.885661,34.023075,29.635469,65.678558,23.941989,50.714545,27.275672,67.272124,7.7260911,-0.0,-9.1178563,-0.0,-172.12614,-128.60531,-12.991553,-3.4824319,-16.555669,12.771702,-501.77205,-14.038269,-0.0,8.352295,-0.0,-0.0,-0.0,23.968207,-258.58046,-215.58591,-0.0,0.49027223,-0.0,-0.0,-0.0,-0.0,0.36120699,-7.5286042,-3.0360078,-2.171077,-2.5810406,-212.01007,-6.6141357,3.0112733,199.49087999999995,.
2124.0,3797.5,5.3983,12.2168,0.0,1978.3902,0.0,0.78876149,0.37917356,2.3171604,2.3884255,0.0,0.26559828,0.085149971,0.0,0.0,0.0,0.0,2.9137943,7.7237442,0.0,4.5976921,6.9039499,4.5868653,11.894699,6.3475963,0.82182936,7.6475208,6.4247073,10.282982,0.18976238,9.5050507,5.8399423,0.0,0.0,0.0,6.5214821,15.398498,9.5136929,0.0,12.176131,6.695475,3.9470148,11.231364,0.76949545,17.158552,0.12177961,6.758738,0.84852582,0.58647267,0.0,0.0,-4.9601418e-15,0.0,4.1622698e-16,2.2116164,0.0,0.0,-6.0935225e-16,0.0,0.0,0.0,2.0308276,1.511038,-1.5965338e-30,0.0,0.0,0.0,0.0,-5.62193e-15,-2.0605933e-13,-6.9600638e-14,9.4127796e-14,-3.754835e-14,4.8699917e-15,14.017588,0.0,67.258106,78.38144,58.250986,0.0,2.2441,272.7,1.0,1.0000000005557304,0.9999999997544368,0.0,0.19335663900099004,0.0,0.030305955582953764,0.09095777199991717,0.18184518058100352,0.12122125224326069,0.0,0.09099052373861287,0.03032204209794444,0.0,0.0,0.0,0.0,0.18184152028241407,0.07069078056313044,0.0,0.09091103611084836,0.12121518610059395,0.06060696686980557,0.15151746210933187,0.10099586503282396,0.0909284149567391,0.13128781412477294,0.030303046012652823,0.12121523767307363,0.0303109528400386,0.1515186765500253,0.12121752176018612,0.0,0.0,0.0,0.12121693916856706,0.0909102425793712,0.12121426927087234,0.0,0.15151800693158363,0.13128432059606054,0.09091045466536184,0.1615962811588919,0.06061233643381614,0.09090977059003659,0.030313187032009945,0.06238791212420634,0.060613562002494153,0.09093565184521497,0.0,0.0,-1.3832271719478703e-16,0.0,1.7886897691141949e-16,0.03030386336822202,0.0,0.0,-7.421714533687648e-17,0.0,0.0,0.0,0.030303960895919652,0.03030365231180555,-5.025652897818464e-32,0.0,0.0,0.0,0.0,-1.721031500313194e-16,-6.302421753117497e-16,-1.8303937016451357e-16,5.499193312612361e-16,-1.4337584724781119e-16,1.7346394632359164e-16,0.03030318691397439,0.0,0.7527572328564902,0.45078152049300446,0.904882336162843,0.0,1.000000000311928,0.37500000000000006,2.291788,-2.9914305,-1.4517334,-39.96133,-2.291788,164.57891,60.363189,130.52883,69.072008,64.310295,44.352663,104.40715,80.330099,31.200412,38.79912,54.507759,49.603787,37.059013,29.901977,10.756328,53.988333,47.682495,32.485698,40.102289,46.028767,65.535813,40.188331,24.811058,40.957783,78.034678,39.29084,51.89561,21.794823,18.607567,37.763539,39.526449,27.410378,48.445441,15.269947,40.72325,37.321617,35.185503,37.815373,72.901993,25.97009,47.843911,30.868986,75.203793,48.212435,4.4371368,-37.293822,22.990712,-0.58344649,-0.0,19.009021,10.40302,3.3926032,-0.0,-201.22037,3.5964882,8.3120569,19.633052,19.722391,23.39634,6.5018932,12.900148,-23.959255,-119.76951,23.417943,0.46252098,-0.0,0.24689633,-0.0,-0.0,0.34076131,-13.793444,-2.5859758,-1.9017032,-2.168275,-182.00412,-5.6306122,2.291788,126.36439999999993,.
2125.0,3797.5,5.3983,12.2168,0.0,1871.0635,0.0,0.0,0.12641428,1.1586247,0.0,0.0,0.0,0.085149971,0.0,0.0,0.0,0.0,0.0,3.3110289,0.0,-9.2408576e-15,2.817132e-15,2.2934459,0.0,3.9264544e-15,-6.630124e-16,9.5871507e-15,0.0,1.2759415e-14,7.2560281e-16,-8.6662157e-15,6.4630288e-15,0.0,0.0,2.7651132e-16,2.0683533e-30,-2.1851388e-14,0.79145986,0.0,-2.0687017e-14,0.0,1.3156552,0.0,-2.762058e-31,0.95797611,0.0,3.282926,-5.5000833e-27,-1.3080826e-15,-4.2356228e-15,-1.5884894e-18,0.0,6.4406087e-16,-4.1622698e-16,0.0,0.0,0.0,-7.3949724e-16,0.0,0.0,0.0,0.0,0.0,0.0,0.0,-3.6430595e-16,-6.265701e-16,0.0,0.0,1.0630133e-13,-4.4763043e-14,4.4729409e-14,5.8243995e-14,-5.0986164e-15,14.017588,-6.4371293e-14,73.463608,91.702961,64.3741,0.0,2.2441,333.3,1.0000000000000004,1.0000000005557308,0.9999999997544365,0.0,0.18286713597622448,0.0,0.0,0.03032479706067503,0.09092608254357833,0.0,0.0,0.0,0.030322042097944438,0.0,0.0,0.0,0.0,0.0,0.030303854108488366,0.0,-1.8272122636676947e-16,4.946142202595335e-17,0.0303036585092201,0.0,6.247335840181546e-17,-7.335667178970522e-17,1.6458615700499785e-16,0.0,1.5040729642377867e-16,1.1590133173134468e-16,-1.381469257771609e-16,1.3415069772191238e-16,0.0,0.0,8.646699228444492e-17,3.8445165117482256e-32,-1.290070618430422e-16,0.010084015701949655,0.0,-2.5742623705344414e-16,0.0,0.03030310715197915,0.0,-2.1756436473498748e-32,0.005075567471592923,0.0,0.030303719244372574,-3.928927467680743e-28,-2.0282504195529454e-16,-1.7685628338086739e-16,-4.397588702506978e-19,0.0,2.2782821701669793e-16,-1.7886897691141946e-16,0.0,0.0,0.0,-9.006838677841759e-17,0.0,0.0,0.0,0.0,0.0,0.0,0.0,-2.898012087375915e-17,-1.7005123755920403e-16,0.0,0.0,3.2512762929847527e-16,-1.1772017373414073e-16,2.6132096713483342e-16,2.2240077474036224e-16,-1.816073159907407e-16,0.030303186913974392,-1.826870645317485e-16,0.8222096273976832,0.5273952633849376,0.9999999999378634,0.0,1.0000000003119291,0.4583333333333335,2.586937,-2.4567942,-1.1143269,-30.670655,-2.586937,96.524334,40.044266,76.437284,45.098074,42.359671,29.271687,60.933843,52.744737,20.518919,25.572144,36.145828,32.900696,10.00047,21.392996,8.0388153,30.814446,25.528214,22.39823,21.28049,30.070299,27.016122,27.068784,18.484917,20.855452,12.459194,25.614045,26.609446,16.256337,13.887578,-0.0,21.037982,19.660156,28.035383,11.404507,23.948755,23.431688,23.443671,20.515112,25.417538,18.994216,21.255328,21.671006,19.803883,24.700074,-0.0,-0.0,14.708829,-0.0,-0.0,13.143633,8.2746987,-1.1842101,-0.0,-240.81852,-0.29401425,19.700614,12.901733,12.213295,12.242624,3.5469656,-0.0,-0.0,-145.24504,13.844074,0.43634054,-0.0,-0.0,-0.0,-0.0,0.32147294,0.25800784,-2.0144882,-1.4637465,-1.7258677,-140.57007,-4.3800153,2.586937,0.0,628.80561
2126.0,3797.5,5.3983,12.2168,0.0,2157.2682,0.0,0.0,0.37917356,1.5448013,1.7913617,0.0,0.0,0.085149971,0.0,0.0,0.0,0.0,4.370598,3.3110289,0.0,6.1302711,8.629959,2.2934459,11.894699,9.5228984,1.0957178,7.0608447,0.0,17.995156,1.7078171,7.6040496,7.2999573,0.0,0.0,1.1634818,8.1518835,0.0,9.5136929,0.0,17.85667,4.6365084,1.3156947,13.340446,1.5390575,0.0,0.12177961,3.282926,3.3940706,0.58647267,3.8690984,0.0,3.2600564,0.34291324,0.35273678,4.4231748,0.0,0.0,1.493028,2.8898792e-18,0.0,0.0,6.0924713,4.5331469,4.1700851,0.0,2.2859574,0.11165945,0.31333998,2.9698004,1.3339567e-13,4.1244391e-14,0.0,-9.2527935e-14,0.0,14.017588,-1.1193044e-13,89.349,122.02103,64.3741,0.0,2.2441,181.8,1.0,1.0000000005557304,0.9999999997544367,0.0,0.2108391603313223,0.0,0.0,0.09095777199991718,0.12123229421677886,0.09091810001803126,0.0,0.0,0.030322042097944438,0.0,0.0,0.0,0.0,0.2727564484779445,0.030303854108488366,0.0,0.12121501075319728,0.15151936230381616,0.0303036585092201,0.15151746210933187,0.151517726722428,0.12123183673297495,0.12121612883190694,0.0,0.21212592918124695,0.2727914962781953,0.12121508534538897,0.15152251296407152,0.0,0.0,0.36382876413049603,0.15152174784451922,0.0,0.12121426927087237,0.0,0.22220580977939558,0.09091227362239834,0.03030401694409832,0.1919416432947072,0.12122991887864702,0.0,0.030313187032009945,0.030303719244372578,0.2424519135480669,0.09093565184521497,0.16155224281512043,0.0,0.09091269516856464,0.12130113115025762,0.15158476021335393,0.06060693201269569,0.0,0.0,0.1818460111832294,1.1498204496038979e-18,0.0,0.0,0.09091171108503387,0.09091161674024027,0.13126812765858512,0.0,0.18184529175069522,0.030304394763937925,0.09097640475154711,0.09091397505914736,4.079969455300487e-16,1.0846664008250801e-16,0.0,-3.5331169211737407e-16,0.0,0.03030318691397438,-3.1766091004800855e-16,0.9999999999776156,0.7017582917017408,0.9999999999378634,0.0,1.0000000003119283,0.25000000000000006,1.4534105,-1.5092767,-0.70998479,-17.39518,-1.4534105,115.04662,40.475019,90.787567,47.132136,43.190392,29.475594,71.842599,54.061823,20.607451,25.68833,36.524606,33.176111,41.114577,18.624742,6.1735182,50.152735,44.64859,21.253635,38.273959,47.022171,68.57609,35.107095,14.111022,40.168675,101.27274,32.733023,50.371705,12.412732,10.609884,109.02738,37.468425,17.351667,41.240214,8.7309651,40.821242,29.668028,24.751298,35.360903,84.427278,15.650531,47.775994,19.50908,98.505537,42.441251,29.072778,41.750661,26.983316,36.56515,31.53116,19.2196,7.1016512,14.921338,26.551184,48.557191,12.749884,16.876008,22.014038,24.595313,31.425046,9.9478043,27.39449,41.763217,39.117013,30.76621,0.41164202,-0.0,-5.2706526,0.34240504,4.3909509,0.30327636,0.24340362,-1.2176578,-0.84640783,-1.0653628,-88.788177,-2.8051232,1.4534105,0.0,220.65995
2127.0,3767.5,5.3983,12.2168,0.13531553,2286.0603,0.0,0.0,0.12641428,0.0,0.0,0.0,0.0,0.085149971,0.0,0.0,0.0,0.0,4.3705752,0.0,0.0,1.5325533,5.177977,0.0,7.1367762,5.7137223,0.54792018,3.5303576,0.0,7.7122712,0.37947931,1.9009789,5.8399423,0.0,0.0,1.2604213,3.260754,0.0,4.7568417,0.0,12.176157,1.5455264,0.0,8.4247537,0.76949545,0.0,0.0,3.282926,1.2727785,0.0,4.354853,1.7871014,1.0866563,0.94289115,0.56441535,4.4231748,0.0,0.0,2.4884228,1.2953955,0.0,0.0,4.0616332,3.0221025,4.0348597,0.0,3.4288642,1.7873207,1.2858302,1.9798542,0.0,3.5600089e-14,-1.2479461e-14,9.5361915e-14,3.6857999,14.017588,0.0,89.349,136.79143,64.3741,0.0,2.2441,151.5,0.9921000658327846,1.0000000005557301,0.9999999997544372,0.0005204443461458392,0.22342656982510134,0.0,0.0,0.03032479706067503,0.0,0.0,0.0,0.0,0.030322042097944438,0.0,0.0,0.0,0.0,0.2727550255955322,0.0,0.0,0.0303034664713846,0.09091164547407786,0.0,0.09090992697387984,0.09091036968526753,0.06062269847625205,0.06060695282878858,0.0,0.09091183729653525,0.06061464590178721,0.030303237317558216,0.12121752176018613,0.0,0.0,0.39414241276722445,0.060608710290205606,0.0,0.06060707411553237,0.0,0.15151833047181004,0.030304553954316193,0.0,0.12121491811676795,0.06061233643381614,0.0,0.0,0.030303719244372584,0.09091961223430012,0.0,0.18183467995545316,0.494742799471901,0.03030341835647394,0.33353557024093683,0.24255130267528724,0.06060693201269571,0.0,0.0,0.30308189820780523,0.5154098608083224,0.0,0.0,0.06060759350836526,0.0606078360773444,0.1270114315374716,0.0,0.27276221806343115,0.48507915866107054,0.3733331722206748,0.060608926902814136,0.0,9.362296173722758e-17,-7.290829212255935e-17,3.641330540036714e-16,0.13128428863915714,0.030303186913974385,0.0,0.9999999999776162,0.7867047199670281,0.999999999937863,0.0,1.0000000003119287,0.2083333333333334,1.0496292,-1.160011,-0.56517084,-12.781341,-1.0496292,93.118999,32.975393,73.549183,38.374205,35.180417,24.055654,58.314015,44.018866,16.836127,20.97875,29.759829,27.041042,36.807073,14.815188,4.9616852,39.486359,34.868032,16.742133,29.919564,37.066055,51.413796,27.723257,11.281213,32.866148,87.176771,25.864482,40.471636,9.92279,8.485169,103.30264,29.525586,13.86663,32.220475,6.9974346,35.018486,23.494402,19.510348,27.661618,63.502501,12.513693,35.867209,15.396062,74.22279,31.960633,28.994812,62.806425,22.532935,43.671658,35.977041,16.096125,5.9813795,12.503802,31.086905,67.050051,10.693352,14.140473,18.432126,20.583231,29.64627,8.3732169,28.866082,56.581537,50.612515,25.646191,-1.4500738,-0.0,-0.0,0.32302362,7.7029181,0.28610977,-2.5152861,-0.92600835,-0.62906966,-0.82177558,-68.989529,-2.2310694,1.0496292,0.0,73.213855
2128.0,3450.3,5.3983,12.2168,1.2801636,2404.1198,0.0,0.0,0.0,0.0,0.0,0.0,0.0,0.0,0.0,0.0,0.0,0.0,2.9137533,0.0,0.0,1.5325533,3.4519699,0.0,2.3789155,3.8091506,0.0,1.7651798,0.0,7.7122712,0.37947931,1.9009789,5.8399423,0.0,0.0,0.0,1.6304,0.0,2.378447,0.0,9.7409085,0.0,0.0,2.1061862,0.38476345,0.0,0.0,0.0,0.84852582,0.0,2.903287,0.98557261,1.0866563,0.60010048,0.42326346,2.2116164,0.0,0.0,1.9907352,0.68575987,0.0,0.0,4.0616332,1.511038,2.8881359,0.0,2.2859574,1.1170091,0.93982212,0.98992818,0.0,-1.3846315e-13,-1.0344793e-14,2.7707029e-14,4.2539089,-3.0027528e-13,0.0,89.349,136.79143,64.3741,0.0,2.2441,121.2,0.9085714285714288,1.000000000555731,0.9999999997544367,0.004923706153770404,0.23496503585780695,0.0,0.0,0.0,0.0,0.0,0.0,0.0,0.0,0.0,0.0,0.0,0.0,0.18183896159035692,0.0,0.0,0.0303034664713846,0.06060750438559073,0.0,0.03030318288277427,0.06060695130963202,0.0,0.030303493581763635,0.0,0.09091183729653526,0.06061464590178722,0.03030323731755822,0.12121752176018616,0.0,0.0,0.0,0.03030478265369029,0.0,0.03030387023576287,0.0,0.1212144515875299,0.0,0.0,0.030303697516007692,0.030307406858397654,0.0,0.0,0.0,0.060613562002494153,0.0,0.12122527728578386,0.27284683015425315,0.03030341835647394,0.2122777966456254,0.1818928269719265,0.03030386336822202,0.0,0.0,0.24246514830401597,0.27284902498475044,0.0,0.0,0.06060759350836526,0.03030365231180555,0.0909142578448921,0.0,0.18184529175069525,0.3031564701537668,0.27287177839092575,0.030304496513256302,0.0,-3.641375782646498e-16,-6.043700044348129e-17,1.0579742538872348e-16,0.15151972950899464,-6.491343543187313e-16,0.0,0.9999999999776156,0.7867047199670278,0.9999999999378634,0.0,1.000000000311929,0.1666666666666667,0.83117141,-0.98553332,-0.511841,-11.119788,-0.83117141,60.577254,23.84988,47.970864,27.519458,25.301022,17.45132,38.243997,31.5476,12.238768,15.246281,21.52847,19.590335,29.354209,12.413839,4.1922487,32.551579,28.74077,13.94556,24.737629,30.591402,41.56117,23.09741,9.489254,27.201799,70.04561,21.518459,33.337027,8.3553859,7.1526115,82.908052,24.363017,11.663214,26.601261,5.9038215,28.953321,19.606006,16.257371,22.901112,51.206583,10.536113,29.036559,12.83496,59.783724,25.880807,24.344184,51.022874,19.343145,35.724364,29.70471,13.843723,5.170038,10.755825,25.515605,56.472879,9.2065771,12.166028,15.84768,17.693717,25.386899,7.2352053,24.010381,45.375518,41.029749,21.97648,-2.6412011,0.41114825,-0.0,0.30473927,7.5826073,0.22406777,-4.7941087,-0.8098093,-0.54672008,-0.71848552,-60.124829,-1.9784894,0.83117141,-22.293570000000045,-0.0
2129.0,3192.1,5.3983,12.2168,1.6634373,2590.1529,0.0,0.0,0.0,0.0,0.0,0.0,0.0,0.0,0.0,0.0,0.0,0.0,1.1313197,0.0,0.0,1.5325533,3.4519699,0.0,0.0,1.9045988,0.0,0.0,0.0,5.1415164,0.18976238,0.0,4.3799893,0.0,0.0,0.0,1.6304,0.0,0.0,0.0,4.8704687,0.0,0.0,0.0,0.0,0.0,0.0,0.0,0.42426204,0.0,2.9027474,0.65713944,0.0,0.34291324,0.28219933,0.0,0.0,0.0,1.2442026,0.48133139,0.0,0.0,2.0308276,1.511038,1.9254031,0.0,1.5239624,0.63482177,0.52216249,0.98992818,0.0,1.7811915e-13,-6.2799207e-15,0.0,4.253898,-1.3972027e-15,0.0,89.349,136.79143,64.3741,0.0,2.2441,90.9,0.8405793285055957,1.0000000005557306,0.9999999997544365,0.006397835769132345,0.25314685608666526,0.0,0.0,0.0,0.0,0.0,0.0,0.0,0.0,0.0,0.0,0.0,0.0,0.07060240806066666,0.0,0.0,0.030303466471384596,0.06060750438559074,0.0,0.0,0.030303849560577505,0.0,0.0,0.0,0.06060791825036804,0.030310952840038603,0.0,0.09091381746736307,0.0,0.0,0.0,0.030304782653690288,0.0,0.0,0.0,0.06060740560746768,0.0,0.0,0.0,0.0,0.0,0.0,0.0,0.030306718853699288,0.0,0.12120274656125561,0.1819230885214444,0.0,0.12130113115025763,0.12127206516547304,0.0,0.0,0.0,0.15153987729218948,0.19151135288224821,0.0,0.0,0.03030396089591965,0.030303652311805557,0.06060884942732595,0.0,0.12122946265100554,0.1722907422777186,0.1516067819890576,0.030304496513256295,0.0,4.68426985256062e-16,-3.668894777603837e-17,0.0,0.15151934126253935,-3.0204693257363305e-18,0.0,0.9999999999776154,0.7867047199670274,0.9999999999378631,0.0,1.0000000003119285,0.12500000000000003,0.69445084,-0.86971046,-0.44523882,-10.172563,-0.69445084,43.460216,18.437234,34.44495,21.159519,19.483347,13.490195,27.507871,24.243578,9.4621132,11.790874,16.643252,15.154005,23.486077,10.493861,3.5797052,26.866002,23.791099,11.710762,20.577208,25.286874,33.70678,19.391269,8.0544785,22.573077,56.12021,18.017546,27.514921,7.1079727,6.0929091,66.253564,20.134533,9.9031677,22.076446,5.0335142,23.99498,16.481801,13.653389,19.084084,41.328509,8.9596525,23.61119,10.789194,48.140431,21.035265,21.100093,42.513993,17.115617,30.548354,25.641492,12.253423,4.5910145,9.5154559,21.72792,46.713441,8.1512166,10.769289,14.021485,15.658741,22.400467,6.4270826,20.704175,37.977589,34.745488,19.414404,-3.6534653,0.38787571,-0.0,-1.6134134,6.8623909,0.21138469,-6.7283879,-0.72346797,-0.49572961,-0.63517537,-53.998489,-1.7623502,0.69445084,-15.855780000000095,-0.0
2130.0,3145.4,5.3983,12.2168,3.4392806,2701.0572,0.0,0.0,0.0,0.0,0.0,0.0,0.0,0.0,0.0,0.0,0.0,0.0,0.0,0.0,0.0,0.0,0.0,0.0,0.0,0.0,0.0,0.0,0.0,2.5707456,0.0,0.0,2.9199802,0.0,0.0,0.0,0.0,0.0,0.0,0.0,2.4352582,0.0,0.0,0.0,0.0,0.0,0.0,0.0,0.0,0.0,1.4516374,0.10948724,0.0,0.11243816,0.14111387,0.0,0.0,0.0,0.33044648,0.076231247,0.0,0.0,2.0308276,1.511038,1.9254031,0.0,0.76198132,0.071003079,0.10445614,0.98992818,19.815345,11.522749,31.121499,7.9360213,3.4031079,0.0,21.355167,89.349,155.41504,64.3741,0.0,2.2441,90.9,0.8282817643186308,1.0000000005557301,0.9999999997544368,0.0132280023074888,0.2639860134474111,0.0,0.0,0.0,0.0,0.0,0.0,0.0,0.0,0.0,0.0,0.0,0.0,0.0,0.0,0.0,0.0,0.0,0.0,0.0,0.0,0.0,0.0,0.0,0.030303810597063018,0.0,0.0,0.0606089487275949,0.0,0.0,0.0,0.0,0.0,0.0,0.0,0.03030399958967227,0.0,0.0,0.0,0.0,0.0,0.0,0.0,0.0,0.0,0.06061238394048345,0.03031054848037827,0.0,0.039773547362748796,0.0606421370255985,0.0,0.0,0.0,0.04024731907073329,0.030330764932806117,0.0,0.0,0.03030396089591965,0.03030365231180555,0.060608849427325966,0.0,0.06061474087136526,0.01927024837997206,0.030328220712289168,0.030304496513256295,0.06060616686151899,0.03030312336395219,0.18181997927506155,0.030303163192634992,0.12121509901115252,0.0,0.06060640683130703,0.9999999999776156,0.8938114436106446,0.9999999999378634,0.0,1.0000000003119294,0.12500000000000003,0.6311978,-0.74661017,-0.3751933,-8.4782519,-0.6311978,25.215362,13.188099,19.978166,14.940769,13.799631,9.6118362,15.938666,17.087538,6.72554,8.3968453,11.90214,10.84661,17.449482,8.6105194,2.9851388,21.316497,18.838109,9.4754372,16.393755,20.117864,25.121826,15.720839,6.658603,18.081841,41.46066,14.567831,21.778869,5.8868233,5.052806,48.810128,16.010656,8.1889378,17.536797,4.1838571,19.176472,13.397722,11.048521,15.24055,30.73562,7.418135,17.694227,8.7522397,35.775098,15.802139,18.519118,35.827656,15.331627,26.448845,22.413363,10.9776,4.1210702,8.5198148,18.731912,39.057174,7.302557,9.6480219,12.557896,14.027992,20.01887,5.773021,18.084275,32.150964,29.782746,17.367542,0.36391144,0.36592048,0.27599397,0.35642267,6.2427974,-0.15968857,0.36664982,-0.61776334,-0.41408816,-0.55562921,-45.731424,-1.5122751,0.6311978,0.0,67.949134
2131.0,3097.7,5.3983,12.2168,8.380209,2766.8489,0.0,0.0,0.0,0.0,0.0,0.0,0.0,0.0,0.0,0.0,0.0,0.0,0.485628,0.0,0.0,1.5325533,2.2913769,0.0,0.0,1.9045988,0.0,0.0,0.0,2.5707456,0.18976238,0.0,4.3799893,0.0,0.0,0.0,1.6304,0.0,0.0,0.0,2.4352582,0.0,0.0,0.0,0.0,0.0,0.0,0.0,0.42426204,0.0,1.4516374,0.0,0.0,0.0,0.0,0.0,0.0,0.0,0.0,0.0,0.0,0.0,0.0,0.0,1.9254031,0.0,0.12109229,0.0,0.0,0.98992818,19.815345,34.568301,31.121499,7.9360213,2.5523517,1.1730107e-13,32.032703,89.349,155.41504,64.3741,0.0,2.2441,90.9,0.8157208689927584,1.000000000555731,0.9999999997544362,0.0322315730764272,0.27041612111078395,0.0,0.0,0.0,0.0,0.0,0.0,0.0,0.0,0.0,0.0,0.0,0.0,0.030306646495845007,0.0,0.0,0.0303034664713846,0.04023054648181935,0.0,0.0,0.030303849560577516,0.0,0.0,0.0,0.030303810597063018,0.030310952840038603,0.0,0.09091381746736309,0.0,0.0,0.0,0.030304782653690285,0.0,0.0,0.0,0.030303999589672278,0.0,0.0,0.0,0.0,0.0,0.0,0.0,0.030306718853699295,0.0,0.06061238394048344,0.0,0.0,0.0,0.0,0.0,0.0,0.0,0.0,0.0,0.0,0.0,0.0,0.0,0.060608849427325966,0.0,0.00963275291298508,0.0,0.0,0.030304496513256302,0.06060616686151901,0.0909095121038592,0.18181997927506158,0.030303163192634992,0.09091206424186064,2.5358116171050215e-16,0.09090947544097543,0.9999999999776155,0.8938114436106446,0.9999999999378636,0.0,1.0000000003119296,0.12500000000000003,0.58021244,-0.61651001,-0.28887551,-5.8237985,-0.58021244,17.862722,10.844349,14.095501,12.195045,11.27607,7.8513643,11.145513,13.926852,5.4681101,6.844798,9.7819644,8.9126875,19.372261,9.1961138,3.1267603,22.61106,20.684425,10.339539,18.083605,21.311791,31.142866,17.012251,7.0634745,19.082394,49.315373,15.658047,23.409326,6.2442794,5.3664194,57.610921,16.965988,8.6824476,19.307407,4.4188098,20.264735,14.395856,12.036563,16.823302,37.373321,7.8629445,21.880537,9.5032133,43.057028,19.297915,16.442057,30.387846,13.870238,22.984939,19.655067,9.9389684,3.7322475,7.7125246,16.307796,32.899167,6.6115685,8.7354789,11.370292,12.700489,18.097126,5.2320815,15.954368,27.667113,25.644359,15.701391,0.34331268,0.37869307,0.26037167,0.25586496,5.5997529,0.18813162,0.43847916,-0.45310371,-0.29086853,-0.42292844,-34.79803,-1.1610131,0.58021244,0.0,121.80017
2132.0,2382.7,5.3983,12.2168,15.945544,3963.9356,0.0,0.0,0.0,0.0,0.0,0.0,0.0,0.0,0.0,0.0,0.0,0.0,-7.3476514e-31,0.0,0.0,1.4970237,1.7259838,0.0,0.0,0.0,0.0,0.0,0.0,2.5707456,0.18976238,0.0,4.3799893,0.0,0.0,0.0,1.6304,0.0,0.0,0.0,2.4352582,0.0,0.0,0.0,0.0,0.0,0.0,0.0,0.0,0.0,1.4516374,0.045703218,0.0,0.17141906,0.14111387,0.0,0.0,0.0,0.24883183,0.0,0.0,0.0,2.0308276,1.511038,1.9254031,0.0,0.76198132,0.0,0.10445614,0.98992818,19.815345,46.091074,31.121499,7.9360213,1.7015926,-6.3100061e-14,32.032703,89.349,173.879,64.3741,0.0,2.2441,60.6,0.6274391046741276,1.0000000005557308,0.9999999997544365,0.06132901538367186,0.3874125866739393,0.0,0.0,0.0,0.0,0.0,0.0,0.0,0.0,0.0,0.0,0.0,0.0,-4.5854578721676e-32,0.0,0.0,0.029600932965801657,0.030303732001822656,0.0,0.0,0.0,0.0,0.0,0.0,0.030303810597063018,0.030310952840038603,0.0,0.09091381746736307,0.0,0.0,0.0,0.03030478265369029,0.0,0.0,0.0,0.03030399958967226,0.0,0.0,0.0,0.0,0.0,0.0,0.0,0.0,0.0,0.060612383940483426,0.012652521014305381,0.0,0.06063727921008206,0.06064213702559852,0.0,0.0,0.0,0.030306917044371197,0.0,0.0,0.0,0.03030396089591965,0.030303652311805554,0.06060884942732596,0.0,0.06061474087136525,0.0,0.03032822071228916,0.030304496513256295,0.06060616686151897,0.12121269858425704,0.18181997927506158,0.030303163192634992,0.060608926177640264,-1.364095551079248e-16,0.09090947544097541,0.9999999999776165,1.000000000023005,0.9999999999378631,0.0,1.0000000003119283,0.08333333333333336,0.357542,-0.48276585,-0.22377135,-3.6296439,-0.357542,19.501343,10.831777,15.372226,12.23772,11.299501,7.837587,12.128844,13.982152,5.455862,6.8287955,9.7700872,8.8963246,16.979885,8.2784399,2.8195651,20.493366,18.576625,9.2691416,16.204842,19.316608,27.240883,15.289701,6.3618732,17.300625,43.708004,14.102425,21.147409,5.6215356,4.8270196,51.178778,15.376041,7.8231344,17.318816,3.9790126,18.371241,12.952801,10.792602,15.065556,32.892333,7.0822859,19.147111,8.5288295,38.018044,16.940586,16.311533,31.400987,13.73117,23.725463,20.269504,9.7967417,3.6575796,7.5892271,16.465673,33.97444,6.5023031,8.6037701,11.206642,12.531875,17.91664,5.1362059,16.056274,28.581494,26.476957,15.55969,0.32387988,0.35725761,0.24563365,0.24138204,5.1735504,0.17748266,0.41365958,-0.31366703,-0.18856459,-0.29681637,-26.118062,-0.86326026,0.357542,0.0,23.384759
2133.0,2192.7,5.3983,12.2168,17.09847,4228.675,0.0,0.0,0.0,0.0,0.0,0.0,0.0,0.0,0.0,0.0,0.0,0.0,-3.432221e-15,0.0,0.0,1.5325533,1.7259838,0.0,0.0,0.0,0.0,0.0,0.0,2.5707456,0.18976238,0.0,4.3799893,0.0,0.0,0.0,1.6304,0.0,0.0,0.0,2.4352582,0.0,0.0,0.0,0.0,0.0,0.0,0.0,0.0,0.0,1.4516374,0.063665497,0.0,0.17141906,0.2116782,0.0,0.0,0.0,0.24883183,0.0,0.0,0.0,2.0308276,1.511038,1.9254031,0.0,0.76609235,-5.2812758e-17,0.10445614,0.98992818,19.815345,46.091074,31.121499,7.9360213,1.7015926,3.4369132e-14,32.032703,89.349,173.879,64.3741,0.0,2.2441,60.6,0.5774061882817643,1.000000000555731,0.9999999997544369,0.0657633461528344,0.4132867143334585,0.0,0.0,0.0,0.0,0.0,0.0,0.0,0.0,0.0,0.0,0.0,0.0,-2.1419503929471868e-16,0.0,0.0,0.030303466471384606,0.03030373200182266,0.0,0.0,0.0,0.0,0.0,0.0,0.030303810597063014,0.030310952840038596,0.0,0.09091381746736309,0.0,0.0,0.0,0.03030478265369029,0.0,0.0,0.0,0.03030399958967228,0.0,0.0,0.0,0.0,0.0,0.0,0.0,0.0,0.0,0.06061238394048345,0.01762521489578035,0.0,0.06063727921008206,0.09096638345849378,0.0,0.0,0.0,0.03030691704437119,0.0,0.0,0.0,0.03030396089591965,0.03030365231180555,0.06060884942732596,0.0,0.06094176859714259,-1.433339199686476e-17,0.030328220712289168,0.030304496513256302,0.06060616686151898,0.12121269858425701,0.18181997927506158,0.030303163192634992,0.06060892617764027,7.429910417306162e-17,0.09090947544097543,0.9999999999776162,1.0000000000230052,0.9999999999378634,0.0,1.0000000003119287,0.08333333333333336,0.30034588,-0.40717325,-0.20132001,-3.2615928,-0.30034588,20.221443,10.633625,15.946472,12.049353,11.117868,7.7017676,12.594222,13.772615,5.36492,6.7115377,9.5920323,8.7326417,17.224834,7.9284326,2.6872849,19.827822,17.98369,8.9148245,15.658236,18.674111,26.797966,14.696703,6.0794653,16.690869,43.146883,13.566147,20.475364,5.3684802,4.6076913,50.568914,14.867115,7.4742223,16.749557,3.7957754,17.736098,12.439038,10.378686,14.546533,32.393465,6.7632224,18.809925,8.1967345,37.459293,16.634939,15.393795,29.623573,13.049535,22.56618,19.342024,9.2980542,3.4645475,7.200318,15.540443,31.967601,6.1674991,8.1640817,10.636406,11.897609,17.035282,4.8665925,15.220524,26.994569,25.096731,14.795744,0.30554706,0.33703548,0.15393389,0.29925935,4.8032659,0.16743648,0.39024489,-0.27814217,-0.17006075,-0.25990006,-23.987657,-0.78360045,0.30034588,-9.782060000000001,-0.0
2134.0,2320.4,5.3983,12.2168,16.224471,4024.7541,0.0,0.0,0.0,0.0,0.0,0.0,0.0,0.0,0.0,0.0,0.0,0.0,1.9425036,0.0,0.0,0.0,1.7259838,0.0,0.0,0.0,0.0,0.0,0.0,2.5707456,0.0,0.0,2.9199802,0.0,0.0,0.0,0.0,0.0,0.0,0.0,2.4352582,0.0,0.0,0.0,0.0,0.0,0.0,0.0,0.0,0.0,1.4516374,0.0,0.0,0.17141906,0.2116782,0.0,0.0,0.0,0.24883183,0.0,0.0,0.0,2.0308276,1.511038,1.9254031,0.0,0.76198132,0.0,0.10445614,0.98992818,19.815345,46.091074,31.121499,15.872082,1.7015926,-1.8691341e-13,32.032703,89.349,173.879,64.3741,0.0,2.2441,60.6,0.6110335747202107,1.0000000005557301,0.9999999997544362,0.06240181153750154,0.3933566419715663,0.0,0.0,0.0,0.0,0.0,0.0,0.0,0.0,0.0,0.0,0.0,0.0,0.12122606176354393,0.0,0.0,0.0,0.030303732001822646,0.0,0.0,0.0,0.0,0.0,0.0,0.030303810597063018,0.0,0.0,0.06060894872759491,0.0,0.0,0.0,0.0,0.0,0.0,0.0,0.03030399958967228,0.0,0.0,0.0,0.0,0.0,0.0,0.0,0.0,0.0,0.06061238394048345,0.0,0.0,0.06063727921008207,0.09096638345849382,0.0,0.0,0.0,0.030306917044371197,0.0,0.0,0.0,0.03030396089591965,0.03030365231180555,0.060608849427325966,0.0,0.06061474087136525,0.0,0.03032822071228916,0.030304496513256302,0.06060616686151899,0.12121269858425701,0.1818199792750616,0.060606476831518145,0.060608926177640285,-4.040689453819252e-16,0.09090947544097541,0.9999999999776154,1.0000000000230045,0.9999999999378631,0.0,1.0000000003119285,0.08333333333333336,0.30626418,-0.38866798,-0.19232366,-3.206594,-0.30626418,16.994794,9.5933173,13.413741,10.827952,10.002878,6.9519118,10.613164,12.371725,4.8442204,6.060982,8.6538696,7.8826664,18.084317,6.9346848,2.3631191,17.421768,15.602138,7.7397736,13.555196,16.414227,22.299961,12.802373,5.3275553,14.687463,36.491656,11.848689,17.905251,4.7039339,4.0338099,42.894026,13.065864,6.5524405,14.513676,3.3292364,15.601332,10.86058,9.0155326,12.58738,27.161941,5.9279216,15.664003,7.1286399,31.536035,13.915024,14.406286,27.573955,12.323561,21.235031,18.277132,8.7699061,3.2612067,6.7886923,14.512654,29.6524,5.8134779,7.6986753,10.03257,11.225278,16.093948,4.5827978,14.298022,25.169985,23.511875,13.979597,0.31711315,0.317958,0.14522065,0.28232014,4.436904,0.15795894,0.36815556,-0.26596317,-0.16676994,-0.24531055,-22.988141,-0.7480833,0.30626418,0.0,9.9585271
2135.0,2257.1,5.3983,12.2168,15.672461,4085.5726,0.0,0.0,0.0,0.0,0.0,0.0,0.0,0.0,0.0,0.0,0.0,0.0,0.97129065,0.0,0.0,0.0,0.0,0.0,0.0,0.0,0.0,0.0,0.0,2.5707456,0.0,0.0,2.9199802,0.0,0.0,0.0,0.0,0.0,0.0,0.0,2.4352582,0.0,0.0,0.0,0.0,0.0,0.0,0.0,0.0,0.0,0.72581495,0.0,0.0,0.0,0.0,0.0,0.0,0.0,0.0,0.0,0.0,0.0,0.0,0.0,0.9626674,0.0,0.0,0.0,0.0,0.0,19.815345,61.452985,17.288011,31.744142,0.85078196,-4.7186423e-14,32.032703,89.349,173.879,64.3741,0.0,2.2441,60.6,0.5943647136273863,1.0000000005557308,0.9999999997544365,0.0602786961529188,0.399300697269193,0.0,0.0,0.0,0.0,0.0,0.0,0.0,0.0,0.0,0.0,0.0,0.0,0.060615455398513936,0.0,0.0,0.0,0.0,0.0,0.0,0.0,0.0,0.0,0.0,0.030303810597063014,0.0,0.0,0.06060894872759492,0.0,0.0,0.0,0.0,0.0,0.0,0.0,0.030303999589672278,0.0,0.0,0.0,0.0,0.0,0.0,0.0,0.0,0.0,0.030306035390892227,0.0,0.0,0.0,0.0,0.0,0.0,0.0,0.0,0.0,0.0,0.0,0.0,0.0,0.030303349722037617,0.0,0.0,0.0,0.0,0.0,0.060606166861518956,0.1616122494326747,0.10100110543284038,0.12121286965751699,0.030303952313208284,-1.0200749201437936e-16,0.0909094754409754,0.9999999999776155,1.000000000023004,0.999999999937863,0.0,1.0000000003119287,0.08333333333333336,0.28023882,-0.35592813,-0.18505638,-3.0896091,-0.28023882,24.971681,10.86087,19.687034,12.451695,11.453264,7.8764031,15.542851,14.252767,5.4911307,6.8612206,9.7978812,8.9098854,16.049883,6.1979352,2.121708,15.58341,13.851126,6.8837416,12.024044,14.686538,19.267517,11.407354,4.7691184,13.153929,31.810317,10.572582,15.969475,4.2106582,3.6114675,37.453903,11.689954,5.8677437,12.87829,2.9838529,13.968162,9.6934274,8.02195,11.163809,23.565621,5.3087651,13.540337,6.347478,27.42049,12.061727,12.025503,20.566032,10.649067,16.585289,14.533229,7.6162198,2.8493703,5.9083352,11.563233,21.833974,5.0616519,6.6919045,8.7145182,9.7369736,13.916143,3.9955406,11.715777,18.923981,18.038762,12.070799,0.29916335,0.30876439,0.13389129,0.27323269,4.1425714,0.14901787,0.34731656,-0.25763281,-0.15991349,-0.24071506,-21.799033,-0.72589552,0.28023882,-30.77705000000003,-0.0
2136.0,2320.4,5.3983,12.2168,14.388013,4020.1236,0.0,0.0,0.0,0.0,0.0,0.0,0.0,0.0,0.0,0.0,0.0,0.0,0.485628,0.0,0.0,0.0,0.0,0.0,0.0,0.0,0.0,0.0,0.0,2.5707456,0.0,0.0,1.4599725,0.0,0.0,0.0,0.0,0.0,0.0,0.0,2.4352582,0.0,0.0,0.0,0.0,0.0,0.0,0.0,0.0,0.0,0.72581495,0.0,0.0,0.0,0.022299632,0.0,0.0,0.0,0.0,0.0,0.0,0.0,0.0,0.0,1.9254031,0.0,0.0,0.0,0.0,0.98992818,19.815345,46.091074,0.0,39.68015,0.85078196,3.0496919e-13,24.912622,89.349,173.879,64.3741,0.0,2.2441,60.6,0.6110335747202108,1.000000000555731,0.9999999997544369,0.055338511537610165,0.3929040831604204,0.0,0.0,0.0,0.0,0.0,0.0,0.0,0.0,0.0,0.0,0.0,0.0,0.030306646495845014,0.0,0.0,0.0,0.0,0.0,0.0,0.0,0.0,0.0,0.0,0.030303810597063014,0.0,0.0,0.030304109047108795,0.0,0.0,0.0,0.0,0.0,0.0,0.0,0.030303999589672278,0.0,0.0,0.0,0.0,0.0,0.0,0.0,0.0,0.0,0.030306035390892237,0.0,0.0,0.0,0.009583022132157677,0.0,0.0,0.0,0.0,0.0,0.0,0.0,0.0,0.0,0.060608849427325966,0.0,0.0,0.0,0.0,0.030304496513256302,0.06060616686151899,0.12121269858425704,0.0,0.15151598206499714,0.030303952313208284,6.592816372954726e-16,0.07070253789944934,0.9999999999776154,1.0000000000230043,0.9999999999378636,0.0,1.0000000003119291,0.08333333333333336,0.27562568,-0.37014711,-0.18469062,-3.0992734,-0.27562568,20.067268,9.3343964,15.844064,10.653221,9.8140248,6.7805577,12.548342,12.189715,4.7323602,5.912208,8.4217132,7.6644192,14.978098,5.6764316,1.9473539,14.220534,12.634864,6.2952081,10.975564,13.406066,17.481361,10.432313,4.3728838,12.014814,28.817672,9.6669703,14.567967,3.8610953,3.3119831,33.922902,10.670037,5.378122,11.751442,2.7374943,12.754961,8.8696697,7.337304,10.194019,21.366501,4.8668436,12.288462,5.8058995,24.853834,10.947857,11.805361,21.028031,10.466295,16.989082,14.881595,7.4515883,2.7732938,5.769648,11.543661,22.28157,4.9411569,6.5420977,8.5244207,9.5365405,13.669094,3.8957808,11.674078,19.363347,18.466711,11.872019,0.28222958,0.29125454,-1.2777595,0.26034785,3.7135089,0.14058289,0.32765713,-0.2595909,-0.15996804,-0.24210838,-21.056067,-0.71865726,0.27562568,-1.4488400000000183,-0.0
2137.0,2320.4,5.3983,12.2168,13.675951,3981.8234,0.0,0.0,0.0,0.0,0.0,0.0,0.0,0.0,0.0,0.0,0.0,0.0,0.0,0.0,0.0,0.0,0.0,0.0,0.0,0.0,0.0,0.0,0.0,2.5707456,0.0,0.0,1.3439534,0.0,0.0,0.0,0.0,0.0,0.0,0.0,0.0,0.0,0.0,0.0,0.0,0.0,0.0,0.0,0.0,0.0,0.72581495,0.0,0.0,0.0,0.0,0.0,0.0,0.0,0.0,0.0,0.0,0.0,0.0,0.0,0.9626674,0.0,0.0,0.0,0.0,0.0,19.815345,46.091074,0.0,39.68015,0.85078196,-1.7235209e-14,21.355167,89.349,173.879,64.3741,0.0,2.2441,60.6,0.6110335747202107,1.0000000005557304,0.9999999997544362,0.05259981153765233,0.38916083880697433,0.0,0.0,0.0,0.0,0.0,0.0,0.0,0.0,0.0,0.0,0.0,0.0,0.0,0.0,0.0,0.0,0.0,0.0,0.0,0.0,0.0,0.0,0.0,0.030303810597063024,0.0,0.0,0.027895943511150132,0.0,0.0,0.0,0.0,0.0,0.0,0.0,0.0,0.0,0.0,0.0,0.0,0.0,0.0,0.0,0.0,0.0,0.030306035390892234,0.0,0.0,0.0,0.0,0.0,0.0,0.0,0.0,0.0,0.0,0.0,0.0,0.0,0.030303349722037617,0.0,0.0,0.0,0.0,0.0,0.06060616686151898,0.12121269858425704,0.0,0.1515159820649971,0.03030395231320828,-3.7259031998116476e-17,0.06060640683130702,0.9999999999776158,1.0000000000230047,0.9999999999378634,0.0,1.0000000003119291,0.08333333333333336,0.2630021,-0.33954858,-0.16897684,-3.0573983,-0.2630021,18.790793,8.6031075,14.840244,9.8281685,9.0522443,6.2529159,11.760466,11.247579,4.3658023,5.4529808,7.7622192,7.0640743,13.586485,5.1855492,1.7839519,12.911323,11.47449,5.7396754,9.9801448,12.177054,15.762238,9.5118533,3.9998851,10.925175,25.902123,8.8089034,13.224079,3.5327527,3.0321617,30.471328,9.6912358,4.9198755,10.679307,2.506689,11.593848,8.0913331,6.6905285,9.2738509,19.241045,4.4537034,11.087567,5.2950847,22.368233,9.8780497,10.392249,17.251892,9.4627973,14.517415,12.898463,6.7462999,2.5146081,5.2266348,9.8796948,18.043808,4.4765214,5.9243039,7.7181442,8.6312851,12.360922,3.5305887,10.209247,16.00798,15.541612,10.731543,0.26625432,0.27476844,-2.5863767,0.26155418,3.5650493,0.13262537,0.3091105,-0.24730905,-0.15604634,-0.22969718,-20.115594,-0.67666872,0.2630021,-8.08447000000001,-0.0
2138.0,2257.1,5.3983,12.2168,13.223133,4039.0644,0.0,0.0,0.0,0.0,0.0,0.0,0.0,0.0,0.0,0.0,0.0,0.0,0.0,0.0,0.0,0.0,0.0,0.0,0.0,0.0,0.0,0.0,0.0,2.5707456,0.0,0.0,0.0,0.0,0.0,0.0,0.0,0.0,0.0,0.0,0.0,0.0,0.0,0.0,0.0,0.0,0.0,0.0,0.0,0.0,0.72581495,0.0,0.0,0.0,0.0,0.0,0.0,0.0,0.0,0.0,0.0,0.0,0.0,0.0,0.9626674,0.0,0.0,0.0,0.0,0.0,23.117356,34.568301,0.0,39.68015,0.85078196,-2.1490109e-13,21.355167,89.349,173.879,64.3741,0.0,2.2441,60.6,0.5943647136273863,1.0000000005557301,0.9999999997544369,0.05085820384537142,0.39475524954205216,0.0,0.0,0.0,0.0,0.0,0.0,0.0,0.0,0.0,0.0,0.0,0.0,0.0,0.0,0.0,0.0,0.0,0.0,0.0,0.0,0.0,0.0,0.0,0.030303810597063018,0.0,0.0,0.0,0.0,0.0,0.0,0.0,0.0,0.0,0.0,0.0,0.0,0.0,0.0,0.0,0.0,0.0,0.0,0.0,0.0,0.030306035390892234,0.0,0.0,0.0,0.0,0.0,0.0,0.0,0.0,0.0,0.0,0.0,0.0,0.0,0.030303349722037614,0.0,0.0,0.0,0.0,0.0,0.07070552317575782,0.09090951210385922,0.0,0.15151598206499714,0.03030395231320827,-4.6457264247507e-16,0.06060640683130701,0.9999999999776162,1.0000000000230045,0.9999999999378631,0.0,1.0000000003119294,0.08333333333333336,0.24113819,-0.31542001,-0.15744276,-2.936673,-0.24113819,13.895646,7.1553498,10.987662,8.1153959,7.4904367,5.2023446,8.7291335,9.2804354,3.6332936,4.5398276,6.4561783,5.8805988,12.112593,4.6783744,1.6176843,11.54532,10.241975,5.1550121,8.9217936,10.897223,13.782127,8.5493096,3.6165086,9.7960458,22.616816,7.9138298,11.811499,3.1965581,2.7440508,26.592832,8.6713484,4.4484669,9.5397358,2.2704265,10.388522,7.2803585,6.0099853,8.2959829,16.821182,4.0291583,9.709219,4.7596207,19.555524,8.6591772,9.5227213,15.27558,8.8356166,13.252862,11.890764,6.293677,2.3431395,4.8742916,8.9349633,15.804577,4.1743455,5.5259689,7.2002191,8.0539385,11.541425,3.2910786,9.3691745,14.25964,14.030468,10.022105,0.25118332,0.24541397,-3.7813359,0.23170866,3.3716386,0.12511827,0.29161368,-0.2382229,-0.14885207,-0.21907418,-18.925823,-0.63511769,0.24113819,-1.7233100000000832,-0.0
2139.0,2257.1,5.3983,12.2168,13.908786,4085.5726,0.0,0.0,0.0,0.0,0.0,0.0,0.0,0.0,0.0,0.0,0.0,0.0,0.485628,0.0,0.0,0.0,0.0,0.0,0.0,0.0,0.0,0.0,0.0,2.5707456,0.0,0.0,1.4599725,0.0,0.0,0.0,0.0,0.0,0.0,0.0,0.0,0.0,0.0,0.0,0.0,0.0,0.0,0.0,0.0,0.0,0.0,0.0,0.0,0.0,0.0,0.0,0.0,0.0,0.0,0.0,0.0,0.0,0.0,0.0,0.9626674,0.0,0.0,0.0,0.0,0.0,19.815345,11.522749,0.0,18.515956,0.85078196,-3.4905698e-14,21.355167,89.349,173.879,64.3741,0.0,2.2441,60.6,0.5943647136273865,1.0000000005557308,0.9999999997544367,0.05349533076840778,0.39930069726919337,0.0,0.0,0.0,0.0,0.0,0.0,0.0,0.0,0.0,0.0,0.0,0.0,0.030306646495845014,0.0,0.0,0.0,0.0,0.0,0.0,0.0,0.0,0.0,0.0,0.030303810597063014,0.0,0.0,0.030304109047108792,0.0,0.0,0.0,0.0,0.0,0.0,0.0,0.0,0.0,0.0,0.0,0.0,0.0,0.0,0.0,0.0,0.0,0.0,0.0,0.0,0.0,0.0,0.0,0.0,0.0,0.0,0.0,0.0,0.0,0.0,0.0,0.030303349722037624,0.0,0.0,0.0,0.0,0.0,0.06060616686151899,0.03030312336395218,0.0,0.07070193175207949,0.030303952313208288,-7.545905121885034e-17,0.06060640683130703,0.9999999999776162,1.0000000000230043,0.9999999999378631,0.0,1.0000000003119294,0.08333333333333336,0.22289567,-0.29274204,-0.14106317,-2.6893826,-0.22289567,10.980296,6.1958903,8.6770982,6.9924905,6.4613161,4.4965611,6.8833768,7.9905119,3.1367981,3.9226961,5.5898629,5.0929578,12.358384,4.7229607,1.6174211,11.626143,10.507967,5.2679918,9.1743691,10.964285,15.1673,8.6938295,3.6372751,9.8330455,24.328214,8.0197522,11.979972,3.215451,2.76239,28.488615,8.7272183,4.4720039,9.8005997,2.2791082,10.436428,7.3756096,6.1362162,8.5336649,18.3117,4.0503434,10.666648,4.8505633,21.165297,9.445734,8.3712913,12.226489,8.0163605,11.255952,10.28858,5.7171429,2.1311139,4.4301192,7.5855957,12.383122,3.7942427,5.0208276,6.5411518,7.3141577,10.474081,2.9919311,8.1802004,11.549352,11.667283,9.0915844,0.21539862,0.22921618,-4.8904039,0.21618305,3.1041834,0.11803611,0.21701947,-0.21611001,-0.13637251,-0.19877167,-17.355645,-0.57835548,0.22289567,0.0,8.3917205
2140.0,2320.4,5.3983,12.2168,16.224471,4024.7541,0.0,0.0,0.0,0.0,0.0,0.0,0.0,0.0,0.0,0.0,0.0,0.0,0.485628,0.0,0.0,0.0,0.0,0.0,0.0,0.0,0.0,0.0,0.0,2.5707456,0.0,0.0,1.4599725,0.0,0.0,0.0,0.0,0.0,0.0,0.0,2.4352582,0.0,0.0,0.0,0.0,0.0,0.0,0.0,0.0,0.0,0.0,0.0,0.0,0.0,0.0,0.0,0.0,0.0,0.0,0.0,0.0,0.0,0.0,0.0,0.9626674,0.0,0.0,0.0,0.0,0.0,19.815345,-6.8283316e-14,0.0,15.872082,0.85078196,14.017588,21.355167,89.349,173.879,64.3741,0.0,2.2441,60.6,0.6110335747202108,1.0000000005557301,0.9999999997544363,0.06240181153750147,0.3933566419715659,0.0,0.0,0.0,0.0,0.0,0.0,0.0,0.0,0.0,0.0,0.0,0.0,0.030306646495845014,0.0,0.0,0.0,0.0,0.0,0.0,0.0,0.0,0.0,0.0,0.030303810597063018,0.0,0.0,0.030304109047108795,0.0,0.0,0.0,0.0,0.0,0.0,0.0,0.03030399958967227,0.0,0.0,0.0,0.0,0.0,0.0,0.0,0.0,0.0,0.0,0.0,0.0,0.0,0.0,0.0,0.0,0.0,0.0,0.0,0.0,0.0,0.0,0.0,0.030303349722037624,0.0,0.0,0.0,0.0,0.0,0.06060616686151899,-1.795750083984065e-16,0.0,0.06060647683151813,0.030303952313208284,0.030303186913974385,0.06060640683130702,0.9999999999776159,1.0000000000230045,0.9999999999378634,0.0,1.000000000311928,0.08333333333333336,0.21738833,-0.2765012,-0.13031958,-2.2674667,-0.21738833,10.224476,5.7749749,8.0655466,6.5182946,6.0209253,4.181899,6.3738488,7.4472171,2.9127288,3.6450218,5.2092481,4.744466,11.933094,4.5278849,1.542438,11.177796,10.156768,5.0737795,8.867018,10.536478,14.987693,8.3632767,3.4799797,9.4375746,23.947772,7.7090239,11.543906,3.0756881,2.641854,28.021377,8.3872724,4.2786965,9.4730947,2.1772498,10.021203,7.0839726,5.9076952,8.24582,18.061655,3.8742513,10.533677,4.6673487,20.854852,9.3115063,7.2081302,9.0276096,7.1905873,9.14605,8.5930013,5.1400847,1.9198534,3.9867605,6.1956606,8.8047462,3.4146979,4.5156875,5.8819616,6.5727434,9.4003688,2.693432,6.957367,8.7007457,9.1768563,8.1530448,0.22355226,0.20432809,-5.8946163,0.20394628,2.8576584,0.11135482,0.20473535,-0.18919831,-0.11557501,-0.17530947,-15.292867,-0.51472124,0.21738833,0.0,22.137269
2141.0,2060.8,5.3983,12.2168,19.386933,4568.5431,0.0,0.0,0.0,0.0,0.0,0.0,0.0,0.0,0.0,0.0,0.0,0.0,0.97129065,0.0,0.0,0.0,0.0,0.0,0.0,0.0,0.0,0.0,0.0,2.5707456,0.0,0.0,2.9199802,0.0,0.0,0.0,0.0,0.0,0.0,0.0,2.4352582,0.0,0.0,0.0,0.0,0.0,0.0,0.0,0.0,0.0,0.0,0.0,0.0,3.5698797e-16,0.0,0.0,0.0,0.0,0.0,0.0,0.0,0.0,0.0,0.0,0.9626674,0.0,0.0,0.0,0.0,0.0,19.815345,-1.1906167e-13,-7.9295302e-15,7.9360213,0.0,14.017588,21.355167,89.349,173.879,64.3741,0.0,2.2441,30.3,0.5426728110599078,1.0000000005557308,0.9999999997544368,0.07456512692192974,0.44650349508765647,0.0,0.0,0.0,0.0,0.0,0.0,0.0,0.0,0.0,0.0,0.0,0.0,0.060615455398513936,0.0,0.0,0.0,0.0,0.0,0.0,0.0,0.0,0.0,0.0,0.030303810597063014,0.0,0.0,0.06060894872759491,0.0,0.0,0.0,0.0,0.0,0.0,0.0,0.03030399958967227,0.0,0.0,0.0,0.0,0.0,0.0,0.0,0.0,0.0,0.0,0.0,0.0,1.2627988516288905e-16,0.0,0.0,0.0,0.0,0.0,0.0,0.0,0.0,0.0,0.0,0.030303349722037617,0.0,0.0,0.0,0.0,0.0,0.06060616686151897,-3.131145592018159e-16,-4.632640017195107e-17,0.030303163192634992,0.0,0.030303186913974385,0.06060640683130702,0.9999999999776165,1.0000000000230052,0.9999999999378634,0.0,1.0000000003119287,0.04166666666666668,0.17184818,-0.2470768,-0.11088435,-1.8393675,-0.17184818,10.057578,5.5418484,7.9321289,6.2635068,5.7833201,4.0128409,6.2655938,7.1570777,2.7948526,3.4972343,4.9989381,4.5522085,11.584167,4.3427792,1.4715275,10.819419,9.8477323,4.8885091,8.5834848,10.190747,14.791962,8.0521758,3.3299617,9.1098814,23.689307,7.4257849,11.186232,2.9413088,2.525275,27.735788,8.1132912,4.0936189,9.1773045,2.0795592,9.6798352,6.8124198,5.6906068,7.9766789,17.837902,3.7048937,10.383733,4.4932787,20.60178,9.1726303,6.8270298,8.4777432,6.9036575,13.401614,8.3320598,4.92364,1.8334592,3.8156687,5.8547828,8.1683775,3.2671711,4.3237921,5.634014,6.2993214,9.0267626,2.574204,6.6439881,8.2158726,8.7656169,7.8325755,0.19170401,0.19276234,0.091688513,0.18775902,2.6194085,0.10505172,0.24484447,-0.15552207,-0.095160814,-0.14371966,-13.308597,-0.44274212,0.17184818,0.0,5.3406573
2142.0,2060.8,5.3983,12.2168,19.746586,4468.3715,0.0,0.0,0.0,0.0,0.0,0.0,0.0,0.0,0.0,0.0,0.0,0.0,0.0,0.0,0.0,0.0,0.0,0.0,0.0,0.0,0.0,0.0,0.0,0.20905204,0.0,0.0,0.0,0.0,0.0,0.0,0.0,0.0,0.0,0.0,0.0,0.0,0.0,0.0,0.0,0.0,0.0,0.0,0.0,0.0,0.0,-1.1456549e-15,0.0,0.0,0.0,0.0,0.0,0.0,0.0,0.0,0.0,0.0,0.0,0.0,0.0,0.0,0.0,0.0,0.0,0.0,19.815345,0.0,5.9101574e-15,7.9360213,0.0,14.017588,10.677569,89.349,173.879,64.3741,0.0,2.2441,30.3,0.5426728110599081,1.0000000005557312,0.9999999997544367,0.07594840769113927,0.4367132909614162,0.0,0.0,0.0,0.0,0.0,0.0,0.0,0.0,0.0,0.0,0.0,0.0,0.0,0.0,0.0,0.0,0.0,0.0,0.0,0.0,0.0,0.0,0.0,0.0024642941818473377,0.0,0.0,0.0,0.0,0.0,0.0,0.0,0.0,0.0,0.0,0.0,0.0,0.0,0.0,0.0,0.0,0.0,0.0,0.0,0.0,0.0,-3.171641589306017e-16,0.0,0.0,0.0,0.0,0.0,0.0,0.0,0.0,0.0,0.0,0.0,0.0,0.0,0.0,0.0,0.0,0.0,0.0,0.06060616686151898,0.0,3.452869336339976e-17,0.030303163192634992,0.0,0.030303186913974392,0.03030316226435279,0.9999999999776162,1.0000000000230047,0.9999999999378634,0.0,1.0000000003119291,0.04166666666666668,0.1660416,-0.2118764,-0.10373027,-1.704341,-0.1660416,9.3353577,5.2049004,7.3642881,5.8788843,5.4293618,3.7696419,5.8200166,6.7172318,2.6257484,3.2856633,4.6950228,4.2758982,9.6839853,3.6676933,1.2548844,9.1680697,8.1850013,4.0766889,7.1157058,8.6427385,11.468315,6.7506985,2.8227002,7.744973,18.804766,6.2483524,9.4087795,2.4928216,2.138025,22.1068,6.8787987,3.4722312,7.6163869,1.765948,8.2227391,5.7323797,4.7493173,6.6096502,13.987124,3.141991,8.064719,3.7579409,16.251908,7.1744092,5.7002177,17.534147,6.1071404,11.288214,6.6332317,4.3709154,1.634052,3.3924563,4.486794,4.597934,2.9054521,3.8407346,5.0023772,5.5875311,7.9906568,2.290837,5.4427663,5.3680176,6.2733821,6.9259255,0.19896072,-0.55641103,0.086498597,0.17713115,2.4507456,0.099105393,0.18221373,-0.14593205,-0.088722128,-0.1361939,-12.40562,-0.40981361,0.1660416,0.0,7.0218262
2143.0,1993.3,5.3983,12.2168,19.746586,4672.2923,0.0,0.0,0.0,0.0,0.0,0.0,0.0,0.0,0.0,0.0,0.0,0.0,0.485628,0.0,0.0,0.0,0.0,0.0,0.0,0.0,0.0,0.0,0.0,2.5707456,0.0,0.0,1.4599725,0.0,0.0,0.0,0.0,0.0,0.0,0.0,0.0,0.0,0.0,0.0,0.0,0.0,0.0,0.0,0.0,0.0,0.72581495,7.6227449e-16,0.0,0.0,0.0,0.0,0.0,0.0,0.0,5.7866814e-17,0.0,0.0,0.0,0.0,0.0,0.0,0.0,0.11165945,0.10445614,0.0,19.815345,-2.2256522e-14,2.2295264e-14,7.9360213,0.0,14.017588,10.677569,89.349,173.879,64.3741,0.0,2.2441,30.3,0.5248979591836733,1.0000000005557308,0.9999999997544365,0.07594840769113931,0.4566433535498752,0.0,0.0,0.0,0.0,0.0,0.0,0.0,0.0,0.0,0.0,0.0,0.0,0.030306646495845007,0.0,0.0,0.0,0.0,0.0,0.0,0.0,0.0,0.0,0.0,0.030303810597063024,0.0,0.0,0.030304109047108802,0.0,0.0,0.0,0.0,0.0,0.0,0.0,0.0,0.0,0.0,0.0,0.0,0.0,0.0,0.0,0.0,0.0,0.030306035390892223,2.1102877270904469e-16,0.0,0.0,0.0,0.0,0.0,0.0,0.0,2.302395411220827e-17,0.0,0.0,0.0,0.0,0.0,0.0,0.0,0.030304394763937918,0.030328220712289158,0.0,0.060606166861518956,-5.853135669435443e-17,1.3025479390989577e-16,0.030303163192634992,0.0,0.030303186913974385,0.03030316226435278,0.9999999999776155,1.0000000000230043,0.999999999937863,0.0,1.0000000003119283,0.04166666666666668,0.14927215,-0.1911491,-0.097645246,-1.6162049,-0.14927215,11.591853,5.4821497,9.1406594,6.2511013,5.7583103,3.9739091,7.2191384,7.1506875,2.7696406,3.4624872,4.9454327,4.4997055,10.005639,3.7186426,1.2583303,9.3663344,8.4742934,4.1855607,7.3671029,8.8174388,12.647753,6.902027,2.8484851,7.872747,20.465194,6.3779466,9.6661424,2.5147736,2.1577552,24.014228,7.0205008,3.5024678,7.886117,1.7774165,8.3689013,5.8423149,4.8736232,6.8406376,15.317827,3.1683549,8.8699609,3.8480503,17.730135,7.848734,7.5714128,16.541648,5.4315089,11.425111,9.0995458,3.899725,1.4644338,3.0305272,8.3695159,18.032413,2.5966172,3.4286755,4.4632526,4.9811431,7.1065523,2.0501418,7.4238144,15.358377,13.649592,6.1553238,0.17061588,0.1715578,0.08160245,0.16710486,2.2879374,0.093495654,0.17189974,-0.13970016,-0.084290381,-0.1297471,-11.684042,-0.38980983,0.14927215,-3.5417300000000296,-0.0
2144.0,2060.8,5.3983,12.2168,18.3596,4522.0348,0.0,0.0,0.0,0.0,0.0,0.0,0.0,0.0,0.0,0.0,0.0,0.0,0.0,0.0,0.0,0.0,0.0,0.0,0.0,0.0,0.0,0.0,0.0,2.5707456,0.0,0.0,0.0,0.0,0.0,0.0,0.0,0.0,0.0,0.0,0.0,0.0,0.0,0.0,0.0,0.0,0.0,0.0,0.0,0.0,0.72581495,0.10948724,0.0,0.0,0.0,0.0,0.0,0.0,0.0,0.22858582,0.0,0.0,0.0,0.0,0.0,0.0,0.0,0.0,0.0,0.0,19.815345,1.2891205e-13,0.0,7.9360213,0.0,14.017588,10.677569,89.349,173.879,64.3741,0.0,2.2441,30.3,0.542672811059908,1.0000000005557306,0.9999999997544365,0.07061384615275978,0.4419580375870829,0.0,0.0,0.0,0.0,0.0,0.0,0.0,0.0,0.0,0.0,0.0,0.0,0.0,0.0,0.0,0.0,0.0,0.0,0.0,0.0,0.0,0.0,0.0,0.030303810597063024,0.0,0.0,0.0,0.0,0.0,0.0,0.0,0.0,0.0,0.0,0.0,0.0,0.0,0.0,0.0,0.0,0.0,0.0,0.0,0.0,0.030306035390892237,0.03031054848037827,0.0,0.0,0.0,0.0,0.0,0.0,0.0,0.09094935536595287,0.0,0.0,0.0,0.0,0.0,0.0,0.0,0.0,0.0,0.0,0.06060616686151898,3.390195997717188e-16,0.0,0.030303163192634992,0.0,0.03030318691397439,0.030303162264352798,0.9999999999776154,1.0000000000230045,0.9999999999378634,0.0,1.0000000003119291,0.04166666666666668,0.14665405,-0.19526686,-0.095722301,-1.6245594,-0.14665405,11.430589,5.2079958,9.0187733,5.9521021,5.4803747,3.7799586,7.1322751,6.8111191,2.6366661,3.2945084,4.6985133,4.2747726,8.8768161,3.3058166,1.12231,8.3490382,7.4996501,3.7055936,6.5117413,7.861384,10.939837,6.1216858,2.5354447,7.0233469,17.862658,5.6655359,8.5930093,2.2377934,1.9193546,20.995398,6.2587563,3.1177036,6.9742246,1.5828253,7.4642767,5.1887505,4.3160878,6.0448337,13.305177,2.8200859,7.6746482,3.410106,15.434638,6.8078921,6.8147632,15.838221,4.9012537,10.143866,8.0818937,3.5256528,1.3286722,2.7413519,7.4814534,17.926594,2.3499435,3.1008269,4.0346038,4.5009558,6.4074749,1.8586398,6.6437996,14.012671,12.11732,5.5496261,0.16095838,0.16184698,-0.60111418,0.15764609,2.1216163,0.088203447,0.16216957,-0.13658796,-0.083638142,-0.12675335,-11.305056,-0.37900196,0.14665405,-2.610460000000103,-0.0
2145.0,2127.3,5.3983,12.2168,17.09847,4468.3715,0.0,0.0,0.0,0.0,0.0,0.0,0.0,0.0,0.0,0.0,0.0,0.0,0.0,0.0,0.0,0.0,0.0,0.0,0.0,0.0,0.0,0.0,0.0,0.95161494,0.0,0.0,0.0,0.0,0.0,0.0,0.0,0.0,0.0,0.0,0.0,0.0,0.0,0.0,0.0,0.0,0.0,0.0,0.0,0.0,0.0,0.0,0.0,0.0,0.0,0.0,0.0,0.0,0.0,0.0,0.0,0.0,0.0,0.0,0.0,0.0,0.0,0.0,0.0,0.0,9.9076601,-6.6207586e-14,0.0,0.0,0.0,14.017588,10.677569,89.349,173.879,64.3741,0.0,2.2441,30.3,0.5601843317972353,1.0000000005557308,0.9999999997544359,0.0657633461528344,0.436713290961417,0.0,0.0,0.0,0.0,0.0,0.0,0.0,0.0,0.0,0.0,0.0,0.0,0.0,0.0,0.0,0.0,0.0,0.0,0.0,0.0,0.0,0.0,0.0,0.01121758563083624,0.0,0.0,0.0,0.0,0.0,0.0,0.0,0.0,0.0,0.0,0.0,0.0,0.0,0.0,0.0,0.0,0.0,0.0,0.0,0.0,0.0,0.0,0.0,0.0,0.0,0.0,0.0,0.0,0.0,0.0,0.0,0.0,0.0,0.0,0.0,0.0,0.0,0.0,0.0,0.0,0.030303045504774907,-1.7411614591166336e-16,0.0,0.0,0.0,0.03030318691397439,0.030303162264352798,0.9999999999776154,1.0000000000230045,0.9999999999378638,0.0,1.0000000003119294,0.04166666666666668,0.14042162,-0.19354097,-0.093371176,-1.6076936,-0.14042162,10.845943,4.8338285,8.5624921,5.5320089,5.0924919,3.5124139,6.7802259,6.332026,2.4519146,3.0623547,4.3612791,3.9680462,8.2340302,3.0602122,1.0378366,7.7346702,6.9580472,3.4352194,6.0417203,7.2817972,10.223663,5.6719489,2.3462298,6.5028287,16.664877,5.2483542,7.9655643,2.0704175,1.7761329,19.58364,5.7975762,2.8845466,6.4707562,1.4642533,6.9119183,4.8061876,4.0010671,5.6083311,12.422665,2.6092566,7.1696423,3.1602308,14.403636,6.3559021,5.8995652,13.209813,4.2659707,8.4543393,6.7351187,3.0836481,1.1710404,2.4015683,6.3627924,14.966318,2.0605097,2.7144229,3.5284093,3.9318084,5.5703276,1.6351962,5.6663533,11.691308,10.105821,4.8218371,0.15184753,0.15268583,-1.5045781,-0.26716144,1.9640676,0.083210799,0.15299016,-0.13348775,-0.0819681,-0.12471535,-10.839098,-0.37002645,0.14042162,-4.084760000000074,-0.0
2146.0,2060.8,5.3983,12.2168,16.800709,4522.0348,0.0,0.0,0.0,0.0,0.0,0.0,0.0,0.0,0.0,0.0,0.0,0.0,0.0,0.0,0.0,0.0,0.0,0.0,0.0,0.0,0.0,0.0,0.0,0.0,0.0,0.0,0.0,0.0,0.0,0.0,0.0,0.0,0.0,0.0,0.0,0.0,0.0,0.0,0.0,0.0,0.0,0.0,0.0,0.0,0.0,0.0,0.0,0.0,0.0,0.0,0.0,0.0,0.0,0.0,0.0,0.0,0.0,0.0,0.0,0.0,0.0,0.0,0.0,0.0,9.9076601,0.0,-2.6078427e-14,-6.9220098e-14,0.0,14.017588,7.9626385e-14,89.349,173.879,64.3741,0.0,2.2441,30.3,0.5426728110599078,1.0000000005557308,0.9999999997544369,0.06461811153746744,0.4419580375870818,0.0,0.0,0.0,0.0,0.0,0.0,0.0,0.0,0.0,0.0,0.0,0.0,0.0,0.0,0.0,0.0,0.0,0.0,0.0,0.0,0.0,0.0,0.0,0.0,0.0,0.0,0.0,0.0,0.0,0.0,0.0,0.0,0.0,0.0,0.0,0.0,0.0,0.0,0.0,0.0,0.0,0.0,0.0,0.0,0.0,0.0,0.0,0.0,0.0,0.0,0.0,0.0,0.0,0.0,0.0,0.0,0.0,0.0,0.0,0.0,0.0,0.0,0.0,0.0,0.030303045504774896,0.0,-1.5235702678287465e-16,-2.6431228528887473e-16,0.0,0.030303186913974385,2.2598133200345765e-16,0.9999999999776158,1.0000000000230047,0.9999999999378636,0.0,1.000000000311929,0.04166666666666668,0.13085803,-0.18927732,-0.086969062,-1.5519174,-0.13085803,7.1864674,3.8366232,5.6853861,4.3423879,4.0104986,2.7901206,4.5214177,4.9647094,1.9489077,2.4353711,3.4617755,3.1540222,7.2377699,2.7084784,0.92260507,6.8270757,6.1107761,3.0263395,5.3058092,6.4304945,8.7785968,5.0039855,2.0800535,5.7498913,14.378079,4.6333853,7.0161322,1.8363425,1.5748159,16.909239,5.1191797,2.5575696,5.6825375,1.2997129,6.108888,4.2456752,3.5257482,4.9261942,10.692796,2.3140113,6.161306,2.7867129,12.414316,5.4724883,5.4378987,12.103366,3.9450058,7.7908427,6.2181206,2.8516763,1.0854813,2.2198461,5.8485177,13.692348,1.9057403,2.5102687,3.2618275,3.6356184,5.1403913,1.5159703,5.2140408,10.731145,9.2942868,4.4539721,0.14325239,-0.3680112,0.068514991,0.10676351,1.8017094,0.094563001,0.075894401,-0.1257864,-0.07902493,-0.11684723,-10.239756,-0.34606932,0.13085803,0.0,0.42123438
2147.0,2060.8,5.3983,12.2168,17.09847,4522.0348,0.0,0.0,0.0,0.0,0.0,0.0,0.0,0.0,0.0,0.0,0.0,0.0,0.0,0.0,0.0,0.0,0.0,0.0,0.0,0.0,0.0,0.0,0.0,0.0,0.0,0.0,0.0,0.0,0.0,0.0,0.0,0.0,0.0,0.0,0.0,0.0,0.0,0.0,0.0,0.0,0.0,0.0,0.0,0.0,0.0,0.0,0.0,0.0,0.0,0.0,0.0,0.0,0.0,0.0,0.0,0.0,0.0,0.0,0.0,0.0,0.0,0.0,0.0,0.0,9.9076601,8.5264522e-14,0.0,-2.8098129e-14,0.0,14.017588,-1.6374982e-14,89.349,173.879,64.3741,0.0,2.2441,30.3,0.5426728110599078,1.0000000005557304,0.9999999997544367,0.06576334615283441,0.44195803758708363,0.0,0.0,0.0,0.0,0.0,0.0,0.0,0.0,0.0,0.0,0.0,0.0,0.0,0.0,0.0,0.0,0.0,0.0,0.0,0.0,0.0,0.0,0.0,0.0,0.0,0.0,0.0,0.0,0.0,0.0,0.0,0.0,0.0,0.0,0.0,0.0,0.0,0.0,0.0,0.0,0.0,0.0,0.0,0.0,0.0,0.0,0.0,0.0,0.0,0.0,0.0,0.0,0.0,0.0,0.0,0.0,0.0,0.0,0.0,0.0,0.0,0.0,0.0,0.0,0.030303045504774903,2.2423306528107266e-16,0.0,-1.072908144153683e-16,0.0,0.030303186913974392,-4.647253851713403e-17,0.9999999999776161,1.0000000000230045,0.9999999999378631,0.0,1.0000000003119287,0.04166666666666668,0.12237787,-0.16074191,-0.079226592,-1.4354748,-0.12237787,8.2753499,3.86221,6.5321005,4.4070317,4.0597934,2.8041778,5.1704041,5.042443,1.9566621,2.4447424,3.4845296,3.1710164,6.190058,2.3508038,0.80735547,5.8794012,5.2233363,2.6052887,4.5387741,5.5432734,7.2037749,4.3177463,1.8112389,4.9697821,11.871727,4.000411,6.0223675,1.5998642,1.3725779,13.972694,4.4120486,2.2282706,4.8589594,1.1345693,5.2754959,3.6713294,3.0363912,4.2159006,8.8047891,2.0167992,5.0657388,2.4031848,10.241966,4.5138192,5.0254784,11.117498,3.657904,7.1982787,5.7555377,2.6439858,1.0085741,2.0571494,5.3893783,12.557215,1.7670648,2.3274853,3.0232685,3.3705995,4.7562133,1.4089431,4.8102671,9.8752996,8.5704224,4.1251298,0.13514376,0.13588985,-0.46423682,0.10072029,1.6817356,0.074057315,0.071598491,-0.117219,-0.072817718,-0.10976793,-9.4560173,-0.31470036,0.12237787,0.0,4.1800238
2148.0,2060.8,5.3983,12.2168,19.036112,4522.0348,0.0,0.0,0.0,0.0,0.0,0.0,0.0,0.0,0.0,0.0,0.0,0.0,0.0,0.0,0.0,0.0,0.0,0.0,0.0,0.0,0.0,0.0,0.0,0.0,0.0,0.0,0.0,0.0,0.0,0.0,0.0,0.0,0.0,0.0,0.0,0.0,0.0,0.0,0.0,0.0,0.0,0.0,0.0,0.0,0.0,0.0,0.0,0.0,0.0,0.0,0.0,0.0,0.0,0.0,0.0,0.0,0.0,0.0,0.0,0.0,0.0,0.0,0.0,0.0,-5.7321675e-14,-8.8523133e-14,4.0865804e-14,2.2584899e-14,0.0,14.017588,5.157842e-14,89.349,173.879,64.3741,0.0,2.2441,30.3,0.542672811059908,1.0000000005557301,0.9999999997544362,0.07321581538348901,0.4419580375870822,0.0,0.0,0.0,0.0,0.0,0.0,0.0,0.0,0.0,0.0,0.0,0.0,0.0,0.0,0.0,0.0,0.0,0.0,0.0,0.0,0.0,0.0,0.0,0.0,0.0,0.0,0.0,0.0,0.0,0.0,0.0,0.0,0.0,0.0,0.0,0.0,0.0,0.0,0.0,0.0,0.0,0.0,0.0,0.0,0.0,0.0,0.0,0.0,0.0,0.0,0.0,0.0,0.0,0.0,0.0,0.0,0.0,0.0,0.0,0.0,0.0,0.0,0.0,0.0,-1.75321045373258e-16,-2.328027296144823e-16,2.387487709489421e-16,8.623891673352476e-17,0.0,0.030303186913974392,1.4638062564605665e-16,0.9999999999776158,1.0000000000230047,0.9999999999378631,0.0,1.0000000003119283,0.04166666666666668,0.11640845,-0.14273498,-0.071774385,-1.2461856,-0.11640845,6.7272677,3.3488504,5.3102608,3.8063103,3.5099919,2.4299902,4.2031696,4.3529059,1.6948129,2.1185887,3.0212168,2.750364,6.014787,2.2753666,0.77724466,5.6693768,5.0948817,2.538748,4.4354025,5.3434874,7.3123373,4.1950693,1.7500417,4.7855632,11.867111,3.8776568,5.83226,1.5459316,1.3268759,13.929106,4.2534394,2.1519094,4.7444627,1.0950047,5.0816678,3.5595221,2.9575012,4.1216324,8.8729454,1.9477992,5.1379528,2.338019,10.28206,4.5582534,4.6848561,10.328063,3.4189451,6.721986,5.3829592,2.4703535,0.94333501,1.9208744,5.0155856,11.648365,1.6507015,2.1744805,2.8240108,3.1494233,4.4376339,1.3185121,4.4806373,9.1890571,7.9893434,3.8521826,0.11423276,0.12819797,0.060978098,0.095019144,1.5847992,0.084160735,0.067545747,-0.1026124,-0.063615647,-0.096923285,-8.4649666,-0.28113602,0.11640845,0.0,8.4676019
2149.0,1924.8,5.3983,12.2168,21.690865,4865.4805,0.0,0.0,0.0,0.0,0.0,0.0,0.0,0.0,0.0,0.0,0.0,0.0,0.0,0.0,0.0,0.0,0.0,0.0,0.0,0.0,0.0,0.0,0.0,0.0,0.0,0.0,0.0,0.0,0.0,0.0,0.0,0.0,0.0,0.0,0.0,0.0,0.0,0.0,0.0,0.0,0.0,0.0,0.0,0.0,0.0,0.0,0.0,0.0,0.0,0.0,0.0,0.0,0.0,0.0,0.0,0.0,0.0,0.0,0.0,0.0,0.0,0.0,0.0,0.0,-1.0989741e-13,0.0,0.0,2.4973342e-14,0.0,14.017588,-1.8264244e-13,89.349,173.879,64.3741,0.0,2.2441,30.3,0.5068597761685318,1.000000000555731,0.9999999997544368,0.08342640384487038,0.4755244726772603,0.0,0.0,0.0,0.0,0.0,0.0,0.0,0.0,0.0,0.0,0.0,0.0,0.0,0.0,0.0,0.0,0.0,0.0,0.0,0.0,0.0,0.0,0.0,0.0,0.0,0.0,0.0,0.0,0.0,0.0,0.0,0.0,0.0,0.0,0.0,0.0,0.0,0.0,0.0,0.0,0.0,0.0,0.0,0.0,0.0,0.0,0.0,0.0,0.0,0.0,0.0,0.0,0.0,0.0,0.0,0.0,0.0,0.0,0.0,0.0,0.0,0.0,0.0,0.0,-3.3612640951286804e-16,0.0,0.0,9.5359025572611e-17,0.0,0.030303186913974385,-5.183430325458274e-16,0.9999999999776161,1.000000000023004,0.9999999999378628,0.0,1.0000000003119287,0.04166666666666668,0.099848753,-0.12936997,-0.06444783,-1.0560037,-0.099848753,6.5234486,3.1546154,5.1480936,3.5918745,3.3105599,2.2889223,4.0727772,4.108448,1.5963159,1.9952852,2.8459494,2.590275,5.1367654,1.9706808,0.6790621,4.8871884,4.3416394,2.1771046,3.7787649,4.6109312,5.9086984,3.6096546,1.5212969,4.1407483,9.7064465,3.3417919,5.0038699,1.3439156,1.1534497,11.414406,3.6693287,1.8714639,4.0422262,0.95384124,4.3928754,3.0711319,2.537557,3.5121722,7.2144899,1.694255,4.1602915,2.009255,8.3885108,3.7083239,4.1490171,8.7990897,3.0456028,5.7345583,4.5940785,2.2102626,0.84989226,1.7209038,4.3624855,9.9277228,1.4801303,1.9470135,2.5263485,2.8147852,3.9468843,1.1863017,3.9096186,7.8370394,6.815985,3.4251211,0.10776675,-0.24867698,-0.37441101,0.089640702,1.473597,0.065910746,0.063722402,-0.087447412,-0.054147449,-0.08390766,-7.5250367,-0.24977352,0.099848753,0.0,3.9862004
2150.0,1899.541,5.3983,12.2168,22.111949,5001.4278,0.0,0.0,0.0,0.0,0.0,0.0,0.0,0.0,0.0,0.0,0.0,0.0,0.0,0.0,0.0,0.0,0.0,0.0,0.0,0.0,0.0,0.0,0.0,0.0,0.0,0.0,0.0,0.0,0.0,0.0,0.0,0.0,0.0,0.0,0.0,0.0,0.0,0.0,0.0,0.0,0.0,0.0,0.0,0.0,0.0,0.0,0.0,0.0,0.0,0.0,0.0,0.0,0.0,0.0,0.0,0.0,0.0,0.0,0.0,0.0,0.0,0.0,0.0,0.0,2.5322452e-14,-3.0117988e-14,0.0,8.2544325e-15,0.0,14.017588,0.0,89.349,173.879,64.3741,0.0,2.2441,30.3,0.5002082949308756,1.000000000555731,0.9999999997544367,0.08504595769099926,0.48881119084299796,0.0,0.0,0.0,0.0,0.0,0.0,0.0,0.0,0.0,0.0,0.0,0.0,0.0,0.0,0.0,0.0,0.0,0.0,0.0,0.0,0.0,0.0,0.0,0.0,0.0,0.0,0.0,0.0,0.0,0.0,0.0,0.0,0.0,0.0,0.0,0.0,0.0,0.0,0.0,0.0,0.0,0.0,0.0,0.0,0.0,0.0,0.0,0.0,0.0,0.0,0.0,0.0,0.0,0.0,0.0,0.0,0.0,0.0,0.0,0.0,0.0,0.0,0.0,0.0,7.744991324929265e-17,-7.920584800016311e-17,0.0,3.1518994928868204e-17,0.0,0.030303186913974385,0.0,0.9999999999776154,1.0000000000230045,0.9999999999378638,0.0,1.000000000311929,0.04166666666666668,0.089531904,-0.12886694,-0.061873341,-0.9636536,-0.089531904,5.6103286,2.8270123,4.4307869,3.2107516,2.9616883,2.0524689,3.5108008,3.6717364,1.431996,1.7899115,2.5505044,2.3222439,4.47972,1.7439214,0.60578254,4.2949838,3.7821377,1.9100098,3.2934415,4.05627,4.9096546,3.1749127,1.3507816,3.6522078,8.1327636,2.9419931,4.3810297,1.1938925,1.0246716,9.5756421,3.2271442,1.6620939,3.5219785,0.84882499,3.8710569,2.7078069,2.2274173,3.0625158,6.0213391,1.5053752,3.464016,1.7658853,7.0183434,3.1000058,3.9648408,8.4567274,2.9144057,5.5410011,4.4460916,2.1120975,0.81194387,1.6430301,4.179715,9.5252032,1.4134848,1.8601208,2.4135259,2.6905358,3.7711662,1.1341572,3.7464767,7.5435663,6.5732496,3.2759307,0.10166675,0.11409574,-0.77390813,0.0845667,1.352053,0.062179949,-0.21587772,-0.083020023,-0.049735925,-0.079275256,-6.9600298,-0.23785606,0.089531904,0.0,1.5114292
2151.0,1855.2,5.3983,12.2168,22.544906,5180.9328,0.0,0.0,0.0,0.0,0.0,0.0,0.0,0.0,0.0,0.0,0.0,0.0,0.0,0.0,0.0,0.0,0.0,0.0,0.0,0.0,0.0,0.0,0.0,0.0,0.0,0.0,0.0,0.0,0.0,0.0,0.0,0.0,0.0,0.0,0.0,0.0,0.0,0.0,0.0,0.0,0.0,0.0,0.0,0.0,0.0,0.0,0.0,0.0,0.0,0.0,0.0,0.0,0.0,0.0,0.0,0.0,0.0,0.0,0.0,0.0,0.0,0.0,0.0,0.0,6.5577667e-14,1.863723e-14,0.0,0.0,0.0,28.035154,0.0,89.349,173.879,64.3741,0.0,2.2441,30.3,0.4885319289005925,1.0000000005557308,0.9999999997544363,0.08671117692174296,0.5063549915977101,0.0,0.0,0.0,0.0,0.0,0.0,0.0,0.0,0.0,0.0,0.0,0.0,0.0,0.0,0.0,0.0,0.0,0.0,0.0,0.0,0.0,0.0,0.0,0.0,0.0,0.0,0.0,0.0,0.0,0.0,0.0,0.0,0.0,0.0,0.0,0.0,0.0,0.0,0.0,0.0,0.0,0.0,0.0,0.0,0.0,0.0,0.0,0.0,0.0,0.0,0.0,0.0,0.0,0.0,0.0,0.0,0.0,0.0,0.0,0.0,0.0,0.0,0.0,0.0,2.005723861275756e-16,4.90131547473915e-17,0.0,0.0,0.0,0.06060632626840342,0.0,0.9999999999776156,1.0000000000230045,0.999999999937863,0.0,1.0000000003119287,0.04166666666666668,0.080118606,-0.11721513,-0.056568583,-0.90601604,-0.080118606,4.4444598,2.4599032,3.5118478,2.7790487,2.5672183,1.7853847,2.7853723,3.1760774,1.2455037,1.5574417,2.2192908,2.0217985,4.0372767,1.5927228,0.5564398,3.8829703,3.4136307,1.736227,2.9780628,3.670288,4.3303996,2.8878189,1.2366974,3.3117671,7.1564425,2.6743815,3.956204,1.0938121,0.93923577,8.4202882,2.9196727,1.521827,3.1818726,0.77869237,3.5076618,2.4659068,2.0251603,2.7714926,5.3079724,1.3789537,3.0607032,1.6066016,6.1859471,2.7422172,3.8527566,8.3442007,2.8320496,5.4942082,4.4146376,2.0473065,0.78558434,1.5907128,4.0901866,9.3812995,1.3685588,1.8023252,2.3389338,2.6094206,3.6603015,1.0984654,3.6642,7.4525492,6.5056267,3.1831787,0.095912027,0.10763749,-1.1446612,-0.13441951,1.2241846,0.070662976,-0.47512742,-0.076850082,-0.046929779,-0.073280351,-6.5281397,-0.22284387,0.080118606,-0.23905999999999494,-0.0
2152.0,1924.8,5.3983,12.2168,22.990279,4908.4112,0.0,0.0,0.0,0.0,0.0,0.0,0.0,0.0,0.0,0.0,0.0,0.0,0.0,0.0,0.0,0.0,0.0,0.0,0.0,0.0,0.0,0.0,0.0,0.0,0.0,0.0,0.0,0.0,0.0,0.0,0.0,0.0,0.0,0.0,0.0,0.0,0.0,0.0,0.0,0.0,0.0,0.0,0.0,0.0,0.0,0.0,0.0,0.0,0.0,0.0,0.0,0.0,0.0,0.0,0.0,0.0,0.0,0.0,0.0,0.0,0.0,0.0,0.0,0.0,-7.5687849e-14,0.0,0.0,-6.6465283e-14,0.0,28.035154,0.0,89.349,173.879,64.3741,0.0,2.2441,30.3,0.5068597761685318,1.0000000005557306,0.9999999997544365,0.08842414999863965,0.4797202758418521,0.0,0.0,0.0,0.0,0.0,0.0,0.0,0.0,0.0,0.0,0.0,0.0,0.0,0.0,0.0,0.0,0.0,0.0,0.0,0.0,0.0,0.0,0.0,0.0,0.0,0.0,0.0,0.0,0.0,0.0,0.0,0.0,0.0,0.0,0.0,0.0,0.0,0.0,0.0,0.0,0.0,0.0,0.0,0.0,0.0,0.0,0.0,0.0,0.0,0.0,0.0,0.0,0.0,0.0,0.0,0.0,0.0,0.0,0.0,0.0,0.0,0.0,0.0,0.0,-2.31494854411238e-16,0.0,0.0,-2.537932096268023e-16,0.0,0.060606326268403427,0.0,0.9999999999776159,1.0000000000230043,0.9999999999378634,0.0,1.0000000003119291,0.04166666666666668,0.08208135,-0.101596,-0.051505959,-0.83462446,-0.08208135,4.8723965,2.4393699,3.843212,2.7718818,2.5558434,1.7680615,3.0370104,3.1695417,1.2322065,1.54086,2.2005419,2.0029659,3.4304394,1.3922345,0.49264889,3.3384178,2.901152,1.4968434,2.5367475,3.1616283,3.3835801,2.4989807,1.087179,2.8670097,5.6446928,2.3152556,3.3833956,0.96229435,0.82679361,6.6470559,2.5139177,1.3386505,2.707176,0.6870949,3.0315169,2.1414509,1.7471271,2.3634869,4.1721623,1.2138024,2.403534,1.3890414,4.8789267,2.1679575,3.7185136,7.7847205,2.7328525,5.3696101,4.3173182,1.9722213,0.75529377,1.5310848,3.9653809,9.1341501,1.3171398,1.7356831,2.2529822,2.5148496,3.5300307,1.0571295,3.5510851,7.2691325,6.3518299,3.0718363,0.090483045,-0.18739322,-1.6368616,0.075264062,1.1303988,0.066663185,-0.72069894,-0.07119075,-0.042973488,-0.068568783,-6.0636134,-0.20501026,0.08208135,0.0,5.4364841
2153.0,1784.6,5.3983,12.2168,25.343475,5277.7855,0.0,0.0,0.0,0.0,0.0,0.0,0.0,0.0,0.0,0.0,0.0,0.0,0.0,0.0,0.0,0.0,0.0,0.0,0.0,0.0,0.0,0.0,0.0,0.0,0.0,0.0,0.0,0.0,0.0,0.0,0.0,0.0,0.0,0.0,0.0,0.0,0.0,0.0,0.0,0.0,0.0,0.0,0.0,0.0,0.0,0.0,0.0,0.0,0.0,0.0,0.0,0.0,0.0,0.0,0.0,0.0,0.0,0.0,0.0,0.0,0.0,0.0,0.0,0.0,-8.4006718e-14,2.6309456e-14,0.0,1.5189516e-14,0.0,42.052679,0.0,89.349,173.879,64.3741,0.0,2.2441,30.3,0.469940750493746,1.0000000005557308,0.9999999997544365,0.09747490384465432,0.5158208252589224,0.0,0.0,0.0,0.0,0.0,0.0,0.0,0.0,0.0,0.0,0.0,0.0,0.0,0.0,0.0,0.0,0.0,0.0,0.0,0.0,0.0,0.0,0.0,0.0,0.0,0.0,0.0,0.0,0.0,0.0,0.0,0.0,0.0,0.0,0.0,0.0,0.0,0.0,0.0,0.0,0.0,0.0,0.0,0.0,0.0,0.0,0.0,0.0,0.0,0.0,0.0,0.0,0.0,0.0,0.0,0.0,0.0,0.0,0.0,0.0,0.0,0.0,0.0,0.0,-2.56938507434343e-16,6.918997287942936e-17,0.0,5.800014450126797e-17,0.0,0.09090937698913433,0.0,0.9999999999776159,1.0000000000230043,0.999999999937863,0.0,1.0000000003119294,0.04166666666666668,0.069005104,-0.088374389,-0.047244033,-0.72336007,-0.069005104,3.7690094,2.1144998,2.9755903,2.3873303,2.2053592,1.5328745,2.355655,2.72788,1.0684438,1.3366029,1.9074991,1.7375549,3.3269962,1.3538246,0.47838603,3.222618,2.8240781,1.4603042,2.4749865,3.0523665,3.388391,2.4328456,1.057007,2.7683047,5.5614247,2.2493822,3.2753687,0.93584481,0.80452577,6.5299075,2.4270755,1.3009107,2.6385717,0.66803319,2.9268984,2.0825476,1.7040392,2.3075072,4.1464585,1.1799303,2.4060427,1.3538616,4.8300164,2.1614689,3.7071679,7.9809847,2.7164008,5.506838,4.4289622,1.9532722,0.74438368,1.5143067,4.0034061,9.3450564,1.3021092,1.7179263,2.2312671,2.4929109,3.5095438,1.0433338,3.578541,7.4446782,6.4732013,3.0562233,0.085361363,0.09579698,-1.9849762,0.071003832,1.0435279,0.069654202,-0.94612737,-0.063588855,-0.037753526,-0.061827688,-5.4906144,-0.18707732,0.069005104,0.0,1.0084945
2154.0,1784.6,5.3983,12.2168,25.424911,5244.7018,0.0,0.0,0.0,0.0,0.0,0.0,0.0,0.0,0.0,0.0,0.0,0.0,0.0,0.0,0.0,0.0,0.0,0.0,0.0,0.0,0.0,0.0,0.0,0.0,0.0,0.0,0.0,0.0,0.0,0.0,0.0,0.0,0.0,0.0,0.0,0.0,0.0,0.0,0.0,0.0,0.0,0.0,0.0,0.0,0.0,0.0,0.0,0.0,0.0,0.0,0.0,0.0,0.0,0.0,0.0,0.0,0.0,0.0,0.0,0.0,0.0,0.0,0.0,0.0,0.0,5.9732416e-14,0.0,1.1273805e-13,0.0,42.052679,0.0,89.349,173.879,64.3741,0.0,2.2441,30.3,0.46994075049374584,1.0000000005557304,0.9999999997544365,0.0977881192292648,0.5125874120335022,0.0,0.0,0.0,0.0,0.0,0.0,0.0,0.0,0.0,0.0,0.0,0.0,0.0,0.0,0.0,0.0,0.0,0.0,0.0,0.0,0.0,0.0,0.0,0.0,0.0,0.0,0.0,0.0,0.0,0.0,0.0,0.0,0.0,0.0,0.0,0.0,0.0,0.0,0.0,0.0,0.0,0.0,0.0,0.0,0.0,0.0,0.0,0.0,0.0,0.0,0.0,0.0,0.0,0.0,0.0,0.0,0.0,0.0,0.0,0.0,0.0,0.0,0.0,0.0,0.0,1.5708740777699064e-16,0.0,4.3048265598398073e-16,0.0,0.0909093769891343,0.0,0.9999999999776159,1.0000000000230047,0.9999999999378634,0.0,1.0000000003119294,0.04166666666666668,0.06562933,-0.086506162,-0.045996806,-0.67471783,-0.06562933,3.0775482,1.8957765,2.4300244,2.130296,1.9703736,1.3733792,1.924057,2.4327534,0.95683941,1.1976314,1.7101023,1.5584083,3.2374764,1.3173953,0.46454854,3.1233882,2.75526,1.4254296,2.418076,2.958276,3.3852457,2.3710228,1.0278469,2.6824867,5.4954028,2.1889758,3.1820089,0.91024509,0.78282448,6.439165,2.3523441,1.2649688,2.576336,0.64946589,2.8363571,2.0274443,1.662881,2.2552248,4.1215169,1.1475036,2.4028184,1.3204794,4.7881838,2.1521054,3.3448618,6.9344005,2.4584563,4.8016531,3.8581172,1.7751831,0.67979778,1.3784755,3.5587881,8.1819709,1.1857678,1.5624039,2.0281325,2.2634764,3.1766771,0.95146468,3.1880747,6.2090451,5.6476379,2.7634922,-0.042343023,0.090374509,-2.2870655,0.066984747,0.94229285,0.060288785,-1.3026134,-0.05996254,-0.035362879,-0.058687288,-5.1548506,-0.17751745,0.06562933,0.0,1.9721386
2155.0,1784.6,5.3983,12.2168,26.508969,5337.7183,0.0,0.0,0.0,0.0,0.0,0.0,0.0,0.0,0.0,0.0,0.0,0.0,0.0,0.0,0.0,0.0,0.0,0.0,0.0,0.0,0.0,0.0,0.0,0.0,0.0,0.0,0.0,0.0,0.0,0.0,0.0,0.0,0.0,0.0,0.0,0.0,0.0,0.0,0.0,0.0,0.0,0.0,0.0,0.0,0.72581495,0.0,0.0,0.0,0.0,0.0,0.0,0.0,0.0,0.0,0.0,0.0,0.0,0.0,0.0,0.0,0.0,0.0,0.0,0.0,-4.5198461e-14,-3.0023349e-13,0.0,-1.932252e-13,0.0,42.052679,0.0,89.349,173.879,64.3741,0.0,2.2441,30.3,0.46994075049374584,1.0000000005557306,0.9999999997544365,0.10195757307535447,0.521678317261217,0.0,0.0,0.0,0.0,0.0,0.0,0.0,0.0,0.0,0.0,0.0,0.0,0.0,0.0,0.0,0.0,0.0,0.0,0.0,0.0,0.0,0.0,0.0,0.0,0.0,0.0,0.0,0.0,0.0,0.0,0.0,0.0,0.0,0.0,0.0,0.0,0.0,0.0,0.0,0.0,0.0,0.0,0.0,0.0,0.030306035390892234,0.0,0.0,0.0,0.0,0.0,0.0,0.0,0.0,0.0,0.0,0.0,0.0,0.0,0.0,0.0,0.0,0.0,0.0,0.0,-1.382416238147687e-16,-7.895696144609159e-16,0.0,-7.378174209952705e-16,0.0,0.09090937698913432,0.0,0.9999999999776162,1.000000000023005,0.9999999999378631,0.0,1.0000000003119287,0.04166666666666668,0.059409177,-0.09243008,-0.042829536,-0.61653432,-0.059409177,2.8500314,1.7890038,2.2491478,2.0085921,1.8580391,1.2950045,1.77867,2.2934002,0.90177914,1.129029,1.6137132,1.4705242,3.1712017,1.2859453,0.45221296,3.0482059,2.702788,1.3961186,2.3731782,2.8863207,3.3963598,2.3193015,1.0021349,2.6154353,5.4776334,2.1393128,3.1116053,0.88758561,0.76340171,6.410744,2.2953121,1.2332386,2.5280174,0.6328835,2.7661412,1.9810217,1.6282125,2.2133653,4.1221173,1.118759,2.4089957,1.292362,4.7807828,2.1526943,3.5607914,7.7481995,2.5973667,5.4468388,4.3788757,1.860364,0.70445184,1.4404205,3.9009166,8.4795207,1.2376014,1.6350642,2.1254002,2.3767862,3.3594432,0.98889214,3.4787256,7.0664693,6.4023199,2.9266164,0.075971309,0.085258971,-2.5736177,0.063193158,0.86269817,0.056876212,-1.5244259,-0.05654064,-0.032501632,-0.053932767,-4.7989248,-0.16618889,0.059409177,0.0,1.1178547
2156.0,1784.6,5.3983,12.2168,27.077896,5337.7183,0.0,0.0,0.0,0.0,0.0,0.0,0.0,0.0,0.0,0.0,0.0,0.0,0.0,0.0,0.0,0.0,0.0,0.0,0.0,0.0,0.0,0.0,0.0,0.0,0.0,0.0,0.0,0.0,0.0,0.0,0.0,0.0,0.0,0.0,0.0,0.0,0.0,0.0,0.0,0.0,0.0,0.0,0.0,0.0,0.72581495,0.21902819,0.0,0.085718065,0.0,0.0,0.0,0.0,0.24883183,0.22858582,0.0,0.0,0.0,0.0,0.0,0.0,0.0,0.22340548,0.20891375,0.0,9.6785457e-14,0.0,0.0,0.0,0.0,32.705607,0.0,89.349,173.879,64.3741,0.0,2.2441,30.3,0.4699407504937459,1.0000000005557315,0.9999999997544369,0.10414575384455166,0.521678317261216,0.0,0.0,0.0,0.0,0.0,0.0,0.0,0.0,0.0,0.0,0.0,0.0,0.0,0.0,0.0,0.0,0.0,0.0,0.0,0.0,0.0,0.0,0.0,0.0,0.0,0.0,0.0,0.0,0.0,0.0,0.0,0.0,0.0,0.0,0.0,0.0,0.0,0.0,0.0,0.0,0.0,0.0,0.0,0.0,0.030306035390892234,0.06063596608668284,0.0,0.03032165875109198,0.0,0.0,0.0,0.0,0.030306917044371197,0.09094935536595292,0.0,0.0,0.0,0.0,0.0,0.0,0.0,0.06063228735541002,0.06065686823035966,0.0,2.9602288310954824e-16,0.0,0.0,0.0,0.0,0.07070289996081988,0.0,0.9999999999776161,1.0000000000230045,0.9999999999378634,0.0,1.000000000311928,0.04166666666666668,0.056328107,-0.084759505,-0.038019107,-0.5654307,-0.056328107,2.19451,1.6027125,1.7313689,1.7874794,1.6563272,1.158607,1.3680209,2.0391163,0.80609659,1.0100842,1.4455484,1.3179976,2.8362199,1.1684534,0.41424747,2.7512245,2.4140892,1.2564059,2.1204525,2.6080909,2.8493058,2.0937852,0.91376335,2.3703211,4.6482753,1.9334734,2.7961023,0.80954173,0.69612607,5.4478318,2.0734546,1.1248363,2.25827,0.57821858,2.5044043,1.7927914,1.4658814,1.9785096,3.4803518,1.020608,2.0281079,1.1654611,4.0508624,1.8224763,3.607148,8.1265136,2.6173484,5.6876862,4.569936,1.8669055,0.70203848,1.4436141,4.0133031,8.8882354,1.2392613,1.6396007,2.1331841,2.3877082,3.3901526,0.98698184,3.5695676,7.3970338,6.6884094,2.954205,0.071671046,-0.16228777,-2.8479179,-0.092544612,0.76253982,0.053656804,-1.7175674,-0.051560903,-0.030004433,-0.049189073,-4.479362,-0.15293577,0.056328107,0.0,2.0797077
2157.0,1784.6,5.3983,12.2168,28.274388,5279.9446,0.0,0.0,0.0,0.0,0.0,0.0,0.0,0.0,0.0,0.0,0.0,0.0,0.0,0.0,0.0,0.0,0.0,0.0,0.0,0.0,0.0,0.0,0.0,0.0,0.0,0.0,0.0,0.0,0.0,0.0,0.0,0.0,0.0,0.0,0.0,0.0,0.0,0.0,0.0,0.0,0.0,0.0,0.0,0.0,0.72581495,0.32850732,0.0,0.085718065,0.0,0.0,0.0,0.0,0.24883183,0.22858582,0.0,0.0,0.0,0.0,0.0,0.0,0.0,0.27724713,0.20891375,0.0,2.2301414e-14,0.0,-4.2186028e-14,0.0,0.0,28.035154,0.0,89.349,173.879,64.3741,0.0,2.2441,30.3,0.4699407504937458,1.0000000005557308,0.9999999997544368,0.10874764615217315,0.516031843448997,0.0,0.0,0.0,0.0,0.0,0.0,0.0,0.0,0.0,0.0,0.0,0.0,0.0,0.0,0.0,0.0,0.0,0.0,0.0,0.0,0.0,0.0,0.0,0.0,0.0,0.0,0.0,0.0,0.0,0.0,0.0,0.0,0.0,0.0,0.0,0.0,0.0,0.0,0.0,0.0,0.0,0.0,0.0,0.0,0.030306035390892227,0.09094426938718284,0.0,0.030321658751091985,0.0,0.0,0.0,0.0,0.030306917044371197,0.09094935536595292,0.0,0.0,0.0,0.0,0.0,0.0,0.0,0.07524492082567859,0.06065686823035964,0.0,6.82099261018072e-17,0.0,-2.464618666554964e-16,0.0,0.0,0.06060632626840342,0.0,0.9999999999776159,1.000000000023004,0.9999999999378626,0.0,1.000000000311928,0.04166666666666668,0.054658505,-0.072420732,-0.034492461,-0.50734741,-0.054658505,2.4829701,1.6272555,1.9560488,1.8236032,1.6872506,1.1753491,1.5408851,2.0812998,0.81722023,1.0239792,1.467583,1.337189,2.8527251,1.1637041,0.4102368,2.7508343,2.4307536,1.2590082,2.1347638,2.6058856,2.9874508,2.0941299,0.90791368,2.3640435,4.8361769,1.932159,2.8039184,0.80419731,0.69161008,5.6618941,2.0720286,1.1175921,2.2737831,0.57369833,2.4993546,1.790011,1.468458,1.991304,3.633879,1.0137877,2.1219045,1.1663254,4.2198175,1.8997512,3.4298447,7.7212849,2.4828515,5.3964441,4.329755,1.7713995,0.66499741,1.3703874,3.8200818,8.4451575,1.1758669,1.5557581,2.0246713,2.2656665,3.2213287,0.93477504,3.3954433,7.0255614,6.3539571,2.8047379,0.067614195,-0.37987288,0.036092842,-0.24188465,0.66556605,0.049814609,-1.9021971,-0.047107343,-0.027091294,-0.045385996,-4.1507284,-0.14030896,0.054658505,0.0,3.1605184
2158.0,1712.9,5.3983,12.2168,28.904102,5448.6872,0.0,0.0,0.0,0.0,0.0,0.0,0.0,0.0,0.0,0.0,0.0,0.0,0.0,0.0,0.0,0.0,0.0,0.0,0.0,0.0,0.0,0.0,0.0,0.0,0.0,0.0,0.0,0.0,0.0,0.0,0.0,0.0,0.0,0.0,0.0,0.0,0.0,0.0,0.0,0.0,0.0,0.0,0.0,0.0,0.72581495,0.32850732,0.0,0.085718065,0.0,0.0,0.0,0.0,0.24883183,0.22858582,0.0,0.0,0.0,0.0,0.0,0.0,0.0,0.3268267,0.20891375,0.0,0.0,0.0,1.2273068e-13,0.0,0.0,14.017588,0.0,89.349,173.879,64.3741,0.0,2.2441,30.3,0.4510599078341014,1.0000000005557308,0.9999999997544365,0.1111696230752128,0.5325237882596254,0.0,0.0,0.0,0.0,0.0,0.0,0.0,0.0,0.0,0.0,0.0,0.0,0.0,0.0,0.0,0.0,0.0,0.0,0.0,0.0,0.0,0.0,0.0,0.0,0.0,0.0,0.0,0.0,0.0,0.0,0.0,0.0,0.0,0.0,0.0,0.0,0.0,0.0,0.0,0.0,0.0,0.0,0.0,0.0,0.030306035390892237,0.09094426938718282,0.0,0.03032165875109198,0.0,0.0,0.0,0.0,0.03030691704437119,0.0909493553659529,0.0,0.0,0.0,0.0,0.0,0.0,0.0,0.08870082501924481,0.06065686823035966,0.0,0.0,0.0,7.170248995401608e-16,0.0,0.0,0.030303186913974392,0.0,0.9999999999776159,1.0000000000230043,0.9999999999378638,0.0,1.0000000003119294,0.04166666666666668,0.048126986,-0.063851673,-0.032933634,-0.46829318,-0.048126986,2.7175011,1.6414421,2.1413771,1.846593,1.7068469,1.1865367,1.6880842,2.108602,0.82543143,1.0337478,1.4804578,1.3485031,2.9133762,1.1700934,0.40951052,2.7899333,2.4826439,1.275965,2.1779468,2.6400696,3.1976984,2.1176424,0.9100257,2.3884035,5.1510565,1.953081,2.8528084,0.8057054,0.69280313,6.0282017,2.0997343,1.1198478,2.3210878,0.57386362,2.5274803,1.8064512,1.4876894,2.0303529,3.8773292,1.015481,2.2648635,1.180117,4.4941679,2.0204066,3.2455723,7.2855178,2.3444496,5.0876056,4.0763839,1.6735842,0.62768149,1.2954975,3.6161816,7.96723,1.1111914,1.469979,1.9133735,2.1403972,3.0466762,0.88193797,3.2123251,6.6278881,5.9975789,2.6503889,-0.025991552,-0.63383773,0.034049851,-0.38460006,0.57539012,0.046994915,-2.0774994,-0.043169286,-0.025105953,-0.041659898,-3.9005122,-0.13077162,0.048126986,-0.14441000000010717,-0.0
2159.0,1784.6,5.3983,12.2168,27.077896,5337.7183,0.0,0.0,0.0,0.0,0.0,0.0,0.0,0.0,0.0,0.0,0.0,0.0,0.0,0.0,0.0,0.0,0.0,0.0,0.0,0.0,0.0,0.0,0.0,0.0,0.0,0.0,0.0,0.0,0.0,0.0,0.0,0.0,0.0,0.0,0.0,0.0,0.0,0.0,0.0,0.0,0.0,0.0,0.0,0.0,0.72581495,0.21902819,0.0,0.0,0.0,0.0,0.0,0.0,0.24883183,0.15241257,0.0,0.0,0.0,0.0,0.0,0.0,0.0,0.19608546,0.20891375,0.0,0.0,0.0,0.0,0.0,0.0,14.017588,0.0,89.349,173.879,64.3741,0.0,2.2441,30.3,0.46994075049374595,1.0000000005557315,0.9999999997544361,0.10414575384455162,0.5216783172612169,0.0,0.0,0.0,0.0,0.0,0.0,0.0,0.0,0.0,0.0,0.0,0.0,0.0,0.0,0.0,0.0,0.0,0.0,0.0,0.0,0.0,0.0,0.0,0.0,0.0,0.0,0.0,0.0,0.0,0.0,0.0,0.0,0.0,0.0,0.0,0.0,0.0,0.0,0.0,0.0,0.0,0.0,0.0,0.0,0.030306035390892227,0.06063596608668283,0.0,0.0,0.0,0.0,0.0,0.0,0.030306917044371197,0.06064166618545356,0.0,0.0,0.0,0.0,0.0,0.0,0.0,0.0532176290256522,0.06065686823035966,0.0,0.0,0.0,0.0,0.0,0.0,0.03030318691397439,0.0,0.9999999999776158,1.0000000000230047,0.9999999999378636,0.0,1.0000000003119294,0.04166666666666668,0.047620506,-0.063222987,-0.034292602,-0.4774174,-0.047620506,2.813441,1.6191034,2.217921,1.8258453,1.6867266,1.1713764,1.7501818,2.0856297,0.81533833,1.0206862,1.4603895,1.33004,2.8835379,1.1465484,0.39955931,2.752183,2.45571,1.2556461,2.15198,2.6025932,3.2352766,2.0819218,0.8900807,2.3504554,5.2110555,1.9203859,2.8181504,0.78766835,0.67717654,6.0999903,2.0702203,1.0950935,2.2946455,0.56050679,2.4887517,1.7740813,1.4637045,2.0051324,3.9208043,0.99275626,2.2880354,1.160352,4.5427488,2.0381944,3.0210837,6.7069856,2.1798378,4.6890255,3.7520926,1.5582743,0.58469181,1.2073084,3.3569584,7.3280937,1.0353196,1.3690258,1.7819715,1.9923454,2.836627,0.82092628,2.9817791,6.105207,5.5336474,2.4653397,-0.116398,-0.86181009,-0.36882217,-0.5262161,0.48911233,0.044334825,-2.2479118,-0.043977236,-0.025404095,-0.042491371,-3.8214987,-0.13100905,0.047620506,-0.7025300000000243,-0.0
2160.0,1784.6,5.3983,12.2168,24.908032,5244.7018,0.0,0.0,0.0,0.0,0.0,0.0,0.0,0.0,0.0,0.0,0.0,0.0,0.0,0.0,0.0,0.0,0.0,0.0,0.0,0.0,0.0,0.0,0.0,0.0,0.0,0.0,0.0,0.0,0.0,0.0,0.0,0.0,0.0,0.0,0.0,0.0,0.0,0.0,0.0,0.0,0.0,0.0,0.0,0.0,0.72581495,0.32850732,0.0,0.085718065,0.0,0.0,0.0,0.0,0.35911988,0.22858582,0.0,0.0,0.0,0.0,0.0,0.0,0.0,0.33511774,0.31333998,0.0,0.0,0.0,0.0,0.0,0.0,14.017588,0.0,89.349,173.879,64.3741,0.0,2.2441,30.3,0.4699407504937458,1.0000000005557308,0.9999999997544368,0.09580012307544926,0.5125874120335021,0.0,0.0,0.0,0.0,0.0,0.0,0.0,0.0,0.0,0.0,0.0,0.0,0.0,0.0,0.0,0.0,0.0,0.0,0.0,0.0,0.0,0.0,0.0,0.0,0.0,0.0,0.0,0.0,0.0,0.0,0.0,0.0,0.0,0.0,0.0,0.0,0.0,0.0,0.0,0.0,0.0,0.0,0.0,0.0,0.030306035390892227,0.09094426938718281,0.0,0.030321658751091985,0.0,0.0,0.0,0.0,0.04373964702242691,0.09094935536595292,0.0,0.0,0.0,0.0,0.0,0.0,0.0,0.09095101476282312,0.09097640475154711,0.0,0.0,0.0,0.0,0.0,0.0,0.030303186913974385,0.0,0.9999999999776158,1.0000000000230047,0.9999999999378636,0.0,1.000000000311929,0.04166666666666668,0.04658983,-0.065009393,-0.032679624,-0.48222807,-0.04658983,2.2775067,1.4637885,1.7975113,1.6416389,1.5190631,1.0595432,1.4217706,1.8741507,0.73775896,0.92378576,1.3203432,1.2033303,2.927418,1.1458873,0.39625805,2.775007,2.4933366,1.264999,2.1825031,2.6213596,3.4280122,2.0928814,0.88658358,2.3607918,5.4987186,1.9297081,2.8505335,0.78429367,0.67405162,6.4344143,2.0856482,1.0904646,2.3285586,0.55708764,2.5020636,1.7796612,1.4740149,2.0323587,4.1434977,0.98821676,2.4186753,1.1670685,4.7933104,2.1478711,2.9169644,6.5463689,2.098988,4.5767128,3.6605459,1.4983427,0.56060835,1.16052,3.2614156,7.1497287,0.99476624,1.3160311,1.713639,1.9164205,2.734246,0.78739775,2.8933407,5.9579273,5.4025231,2.3760194,-0.20344455,-1.0650675,-0.60727184,-0.66549394,0.4176441,0.034720959,-2.4997302,-0.043248646,-0.025516767,-0.040981917,-3.7199907,-0.12703087,0.04658983,-0.4035200000000714,-0.0
2161.0,1855.2,5.3983,12.2168,23.920617,5198.1935,0.0,0.0,0.0,0.0,0.0,0.0,0.0,0.0,0.0,0.0,0.0,0.0,0.0,0.0,0.0,0.0,0.0,0.0,0.0,0.0,0.0,0.0,0.0,0.0,0.0,0.0,0.0,0.0,0.0,0.0,0.0,0.0,0.0,0.0,0.0,0.0,0.0,0.0,0.0,0.0,0.0,0.0,0.0,0.0,1.4516374,0.43804999,0.0,0.17141906,0.070516879,0.0,0.0,0.0,0.49766483,0.30481216,0.0,0.0,0.0,0.0,0.0,0.0,0.36205003,0.44684653,0.41778018,0.0,0.0,0.0,0.0,0.0,0.0,14.017588,0.0,89.349,173.879,64.3741,0.0,2.2441,30.3,0.48853192890059255,1.0000000005557304,0.9999999997544368,0.0920023730755077,0.5080419545329311,0.0,0.0,0.0,0.0,0.0,0.0,0.0,0.0,0.0,0.0,0.0,0.0,0.0,0.0,0.0,0.0,0.0,0.0,0.0,0.0,0.0,0.0,0.0,0.0,0.0,0.0,0.0,0.0,0.0,0.0,0.0,0.0,0.0,0.0,0.0,0.0,0.0,0.0,0.0,0.0,0.0,0.0,0.0,0.0,0.06061238394048345,0.12127016315987342,0.0,0.06063727921008206,0.0303038548863804,0.0,0.0,0.0,0.060613976590981514,0.12127816790955666,0.0,0.0,0.0,0.0,0.0,0.0,0.028800665022759377,0.12127422841520204,0.12129999737937755,0.0,0.0,0.0,0.0,0.0,0.0,0.030303186913974395,0.0,0.9999999999776159,1.0000000000230047,0.9999999999378631,0.0,1.000000000311929,0.04166666666666668,0.044643399,-0.06115543,-0.029957612,-0.48029386,-0.044643399,2.376158,1.4432544,1.8743225,1.6230394,1.5006264,1.0444549,1.4808495,1.8534631,0.72717278,0.91039114,1.3018158,1.1860404,2.562518,1.0152026,0.35412975,2.4556832,2.1747287,1.1089526,1.9014186,2.3217937,2.8055136,1.8420506,0.78808568,2.0962064,4.5802547,1.7024392,2.5081538,0.6972664,0.59897868,5.3749889,1.8468598,0.96985255,2.0295721,0.49619251,2.2198204,1.5710272,1.2929372,1.7705054,3.4210399,0.87897774,1.9842599,1.0255647,3.9763735,1.7730177,2.7898344,6.3048014,2.0028789,4.4122588,3.5273493,1.4282448,0.53319389,1.1060436,3.1343323,6.8804142,0.94772713,1.254232,1.6336459,1.8272501,2.6115257,0.74904001,2.7778171,5.7393123,5.2095161,2.2689546,-0.28653921,-1.3033159,-0.83751743,-0.80146012,0.34876604,0.039457837,-2.672674,-0.043044617,-0.025322497,-0.040535697,-3.5941222,-0.12159847,0.044643399,-0.2617400000000316,-0.0
2162.0,1924.8,5.3983,12.2168,22.990279,5001.4278,0.0,0.0,0.0,0.0,0.0,0.0,0.0,0.0,0.0,0.0,0.0,0.0,0.0,0.0,0.0,0.0,0.0,0.0,0.0,0.0,0.0,0.0,0.0,0.0,0.0,0.0,0.0,0.0,0.0,0.0,0.0,0.0,0.0,0.0,0.0,0.0,0.0,0.0,0.0,0.0,0.0,0.0,0.0,0.0,1.4516374,0.43804999,0.0,0.17141906,0.070516879,0.0,0.0,0.0,0.49766483,0.30481216,0.0,0.0,0.0,0.0,0.0,0.0,0.038117104,0.44684653,0.41778018,0.0,-4.1010122e-14,0.0,0.0,1.3034853e-13,0.0,14.017588,0.0,89.349,173.879,64.3741,0.0,2.2441,30.3,0.5068597761685321,1.0000000005557308,0.9999999997544367,0.08842414999863965,0.48881119084299823,0.0,0.0,0.0,0.0,0.0,0.0,0.0,0.0,0.0,0.0,0.0,0.0,0.0,0.0,0.0,0.0,0.0,0.0,0.0,0.0,0.0,0.0,0.0,0.0,0.0,0.0,0.0,0.0,0.0,0.0,0.0,0.0,0.0,0.0,0.0,0.0,0.0,0.0,0.0,0.0,0.0,0.0,0.0,0.0,0.06061238394048344,0.12127016315987339,0.0,0.06063727921008206,0.0303038548863804,0.0,0.0,0.0,0.060613976590981514,0.12127816790955667,0.0,0.0,0.0,0.0,0.0,0.0,0.003032171945798986,0.12127422841520204,0.12129999737937755,0.0,-1.2543139152728608e-16,0.0,0.0,4.977270885739783e-16,0.0,0.03030318691397439,0.0,0.9999999999776158,1.0000000000230043,0.9999999999378631,0.0,1.0000000003119294,0.04166666666666668,0.044613191,-0.058322966,-0.028195181,-0.46724135,-0.044613191,2.5142211,1.4277702,1.9820499,1.6111861,1.4881521,1.033046,1.5641022,1.8405968,0.71911628,0.90014705,1.2878294,1.1728054,2.7953276,1.0776437,0.36994534,2.6339069,2.3802361,1.1984963,2.0809115,2.4854462,3.3936222,1.97913,0.83103964,2.2323984,5.4306515,1.824474,2.7129791,0.73487337,0.63144731,6.3542212,1.9780087,1.0220194,2.2215567,0.52113156,2.3682131,1.6797017,1.3960274,1.9364825,4.0948545,0.92578118,2.3895699,1.1041164,4.7320178,2.1168708,2.6278141,5.9377178,1.8833942,4.1654399,3.3280173,1.3426652,0.50057876,1.0398628,2.9587719,6.4709592,0.89079327,1.1790174,1.5359689,1.7179264,2.458006,0.70320816,2.6205822,5.4094743,4.9193768,2.1348059,0.050525259,-1.4957539,-1.1318268,0.042027059,0.77624333,0.037224374,-2.8433826,-0.04170447,-0.024574227,-0.039684548,-3.4318118,-0.11616068,0.044613191,0.0,1.3809846
2163.0,1886.2214,5.3983,12.2168,22.990279,5001.4278,0.0,0.0,0.0,0.0,0.0,0.0,0.0,0.0,0.0,0.0,0.0,0.0,0.0,0.0,0.0,0.0,0.0,0.0,0.0,0.0,0.0,0.0,0.0,0.0,0.0,0.0,0.0,0.0,0.0,0.0,0.0,0.0,0.0,0.0,0.0,0.0,0.0,0.0,0.0,0.0,0.0,0.0,0.0,0.0,0.90803012,0.3633992,0.0,0.17141906,0.070516879,0.0,0.0,0.0,0.49766483,0.30481216,0.0,0.0,0.0,0.0,0.0,0.0,0.0,0.44684653,0.34126308,0.0,0.0,0.0,0.0,0.0,0.0,-1.9781513e-13,0.0,89.349,173.879,64.3741,0.0,2.2441,30.3,0.49670082949308747,1.0000000005557306,0.9999999997544367,0.08842414999863962,0.48881119084299934,0.0,0.0,0.0,0.0,0.0,0.0,0.0,0.0,0.0,0.0,0.0,0.0,0.0,0.0,0.0,0.0,0.0,0.0,0.0,0.0,0.0,0.0,0.0,0.0,0.0,0.0,0.0,0.0,0.0,0.0,0.0,0.0,0.0,0.0,0.0,0.0,0.0,0.0,0.0,0.0,0.0,0.0,0.0,0.0,0.0379143374667553,0.10060376962037476,0.0,0.06063727921008206,0.030303854886380415,0.0,0.0,0.0,0.06061397659098153,0.12127816790955666,0.0,0.0,0.0,0.0,0.0,0.0,0.0,0.12127422841520204,0.09908371122267767,0.0,0.0,0.0,0.0,0.0,0.0,-4.2763625659436857e-16,0.0,0.9999999999776165,1.0000000000230045,0.999999999937863,0.0,1.0000000003119285,0.04166666666666668,0.04197605,-0.053808392,-0.027021804,-0.44145161,-0.04197605,2.5272393,1.3859289,1.9926697,1.5668501,1.4465531,1.0032784,1.573182,1.7903884,0.698612,0.87425143,1.2501237,1.1383225,2.835744,1.0735625,0.36519896,2.6531483,2.4139858,1.2046015,2.1072826,2.500544,3.5846917,1.9848468,0.82470202,2.2388248,5.7222922,1.8293161,2.7416249,0.72876108,0.62598104,6.6947821,1.9905429,1.0139198,2.251421,0.51574011,2.3776109,1.6806161,1.4025034,1.9595267,4.317675,0.91795561,2.5186855,1.1078004,4.9839547,2.2253887,2.4613041,5.5475812,1.7615288,3.9049861,3.118146,1.2557083,0.46772645,0.97268688,2.7754345,6.0351657,0.83305176,1.1026351,1.4366657,1.6067176,2.300921,0.65697172,2.456931,5.0598549,4.6125628,1.9976416,-0.025022068,-1.6798616,-1.3618378,-0.19965063,0.73120902,0.029152387,-2.9878044,-0.037913848,-0.023031769,-0.036007809,-3.2308817,-0.10735034,0.04197605,0.0,0.78672154
2164.0,1923.907,5.3983,12.2168,22.111949,5001.4278,0.0,0.0,0.0,0.0,0.0,0.0,0.0,0.0,0.0,0.0,0.0,0.0,0.0,0.0,0.0,0.0,0.0,0.0,0.0,0.0,0.0,0.0,0.0,0.0,0.0,0.0,0.0,0.0,0.0,0.0,0.0,0.0,0.0,0.0,0.0,0.0,0.0,0.0,0.0,0.0,0.0,0.0,0.0,0.0,0.72581495,0.21902819,0.0,0.085718065,0.0,0.0,0.0,0.0,0.24883183,0.14305452,0.0,0.0,0.0,0.0,0.0,0.0,0.0,0.22340548,0.20891375,0.0,0.0,2.1419829e-13,0.0,0.0,0.0,-9.3844909e-14,0.0,89.349,173.879,64.3741,0.0,2.2441,30.3,0.506624621461488,1.0000000005557308,0.9999999997544365,0.0850459576909993,0.48881119084299807,0.0,0.0,0.0,0.0,0.0,0.0,0.0,0.0,0.0,0.0,0.0,0.0,0.0,0.0,0.0,0.0,0.0,0.0,0.0,0.0,0.0,0.0,0.0,0.0,0.0,0.0,0.0,0.0,0.0,0.0,0.0,0.0,0.0,0.0,0.0,0.0,0.0,0.0,0.0,0.0,0.0,0.0,0.0,0.0,0.03030603539089224,0.06063596608668284,0.0,0.030321658751091975,0.0,0.0,0.0,0.0,0.030306917044371197,0.056918300427322294,0.0,0.0,0.0,0.0,0.0,0.0,0.0,0.06063228735541005,0.06065686823035966,0.0,0.0,5.633097801763803e-16,0.0,0.0,0.0,-2.0287369113373263e-16,0.0,0.9999999999776162,1.0000000000230047,0.9999999999378638,0.0,1.0000000003119294,0.04166666666666668,0.039600047,-0.051355627,-0.026644644,-0.42956225,-0.039600047,2.7015776,1.3753253,2.1307628,1.5612979,1.439953,0.99660115,1.6834705,1.7850412,0.69441769,0.86850288,1.2406408,1.1293325,2.6242934,0.98811365,0.33601448,2.4621072,2.2271359,1.107464,1.9400211,2.3198273,3.2709023,1.827252,0.7587678,2.0757413,5.2731782,1.6869552,2.5393785,0.67013905,0.57526954,6.1811855,1.8467079,0.93295893,2.0747461,0.4741944,2.2048814,1.5479498,1.2895695,1.8027345,3.9569615,0.84438488,2.2974192,1.0189043,4.5778897,2.0337513,2.2597448,5.0270924,1.6165636,3.5597617,2.8404416,1.1536144,0.43003064,0.89416434,2.5424825,5.4535368,0.76573352,1.0131797,1.3200215,1.4757176,2.1131321,0.60366074,2.2507566,4.5950576,4.2054686,1.8335535,-0.14878823,0.050464654,-1.5864964,-0.33173613,0.65221814,0.027502252,-3.1233359,-0.036122419,-0.022250202,-0.034330814,-3.0819659,-0.10249825,0.039600047,0.0,0.23721925
2165.0,1918.2501,5.3983,12.2168,20.882296,5001.4278,0.0,0.0,0.0,0.0,0.0,0.0,0.0,0.0,0.0,0.0,0.0,0.0,0.0,0.0,0.0,0.0,0.0,0.0,0.0,0.0,0.0,0.0,0.0,0.0,0.0,0.0,0.0,0.0,0.0,0.0,0.0,0.0,0.0,0.0,0.0,0.0,0.0,0.0,0.0,0.0,0.0,0.0,0.0,0.0,0.72581495,0.21902819,0.0,0.085718065,0.0,0.0,0.0,0.0,0.24883183,0.10794378,0.0,0.0,0.0,0.0,0.0,0.0,0.0,0.22340548,0.20891375,0.0,19.815345,11.522749,31.121499,7.9360213,0.0,3.8535483e-15,21.355167,89.349,173.879,64.3741,0.0,2.2441,30.3,0.5051349835418038,1.0000000005557308,0.9999999997544362,0.08031652307568747,0.4888111908429992,0.0,0.0,0.0,0.0,0.0,0.0,0.0,0.0,0.0,0.0,0.0,0.0,0.0,0.0,0.0,0.0,0.0,0.0,0.0,0.0,0.0,0.0,0.0,0.0,0.0,0.0,0.0,0.0,0.0,0.0,0.0,0.0,0.0,0.0,0.0,0.0,0.0,0.0,0.0,0.0,0.0,0.0,0.0,0.0,0.030306035390892227,0.060635966086682834,0.0,0.030321658751091985,0.0,0.0,0.0,0.0,0.030306917044371197,0.04294849613490565,0.0,0.0,0.0,0.0,0.0,0.0,0.0,0.060632287355410014,0.06065686823035965,0.0,0.06060616686151895,0.03030312336395219,0.1818199792750616,0.030303163192635,0.0,8.330591141423778e-18,0.060606406831307,0.9999999999776159,1.0000000000230047,0.9999999999378631,0.0,1.0000000003119287,0.04166666666666668,0.037358535,-0.051391559,-0.025500865,-0.42315975,-0.037358535,2.0323209,1.1865664,1.6053807,1.3368424,1.2357446,0.86043759,1.2723654,1.5272288,0.59986164,0.75046494,1.0704255,0.97533453,2.3961044,0.90050432,0.3065883,2.2550538,2.028484,1.007109,1.7642526,2.1246051,2.9375894,1.6638377,0.69163603,1.9008663,4.7752153,1.538294,2.3212916,0.61078604,0.52397421,5.6064058,1.6912769,0.85045474,1.888089,0.43223074,2.0191879,1.4106248,1.172948,1.6387768,3.566983,0.76956562,2.0631432,0.92709029,4.1347002,1.8298117,2.1310773,4.7544929,1.5226825,3.3849176,2.7012951,1.0854425,0.40405343,0.8410358,2.4074206,5.1448461,0.72012844,0.95313776,1.2419932,1.3888372,1.9908331,0.56733134,2.1298113,4.3532773,3.9963281,1.7277182,0.047346777,0.047608164,0.023853194,0.046372449,0.61577781,0.02594552,0.060471332,-0.035661451,-0.022003965,-0.033078288,-2.9525797,-0.098434748,0.037358535,-0.2410300000000234,-0.0
2166.0,1950.1394,5.3983,12.2168,20.493871,4815.3947,0.0,0.0,0.0,0.0,0.0,0.0,0.0,0.0,0.0,0.0,0.0,0.0,0.0,0.0,0.0,0.0,0.0,0.0,0.0,0.0,0.0,0.0,0.0,0.0,0.0,0.0,0.0,0.0,0.0,0.0,0.0,0.0,0.0,0.0,0.0,0.0,0.0,0.0,0.0,0.0,0.0,0.0,0.0,0.0,0.72581495,0.32850732,0.0,0.17141906,0.070516879,0.0,0.0,0.0,0.49766483,0.21274811,0.0,0.0,0.0,0.0,0.0,0.0,0.0,0.33511774,0.31753728,0.0,19.815345,34.568301,31.121499,7.9360213,0.0,-2.3653544e-14,32.032703,89.349,173.879,64.3741,0.0,2.2441,30.3,0.5135324292297564,1.0000000005557304,0.9999999997544363,0.07882258076801812,0.47062937061413984,0.0,0.0,0.0,0.0,0.0,0.0,0.0,0.0,0.0,0.0,0.0,0.0,0.0,0.0,0.0,0.0,0.0,0.0,0.0,0.0,0.0,0.0,0.0,0.0,0.0,0.0,0.0,0.0,0.0,0.0,0.0,0.0,0.0,0.0,0.0,0.0,0.0,0.0,0.0,0.0,0.0,0.0,0.0,0.0,0.030306035390892227,0.09094426938718284,0.0,0.06063727921008205,0.030303854886380415,0.0,0.0,0.0,0.06061397659098153,0.0846478729950302,0.0,0.0,0.0,0.0,0.0,0.0,0.0,0.09095101476282313,0.0921950659120657,0.0,0.06060616686151898,0.0909095121038592,0.18181997927506155,0.030303163192634992,0.0,-5.113417265580337e-17,0.0909094754409754,0.9999999999776159,1.0000000000230045,0.9999999999378631,0.0,1.0000000003119294,0.04166666666666668,0.037238839,-0.047647755,-0.023469912,-0.4104254,-0.037238839,2.5770361,1.2521118,2.0323459,1.4253561,1.3135967,0.90755826,1.6054753,1.6301708,0.63251141,0.79083953,1.1295259,1.0279054,2.1325583,0.80484949,0.27509987,2.0169443,1.8017031,0.89594715,1.5657659,1.9008452,2.5430458,1.4829288,0.61899806,1.7022726,4.1684564,1.3727963,2.0706099,0.546665,0.4689452,4.9012596,1.5130425,0.76148271,1.6762059,0.38722441,1.8077159,1.2590571,1.0438368,1.4541956,3.1001994,0.68903248,1.7871209,0.8256646,3.601228,1.5890952,2.0348699,4.5899824,1.451415,3.2833296,2.6213537,1.0323213,0.38315191,0.79919675,2.3153288,4.9555741,0.68412284,0.90614401,1.181162,1.3215747,1.8977673,0.53842483,2.0463063,4.2084088,3.8727967,1.6477476,0.044666771,0.049269944,0.022503013,0.033289367,0.55794632,0.024476906,0.057048427,-0.034603624,-0.021283432,-0.031997745,-2.802889,-0.093068498,0.037238839,0.0,1.1942174
2167.0,1924.8,5.3983,12.2168,20.493871,4865.4805,0.0,0.0,0.0,0.0,0.0,0.0,0.0,0.0,0.0,0.0,0.0,0.0,0.0,0.0,0.0,0.0,0.0,0.0,0.0,0.0,0.0,0.0,0.0,0.0,0.0,0.0,0.0,0.0,0.0,0.0,0.0,0.0,0.0,0.0,0.0,0.0,0.0,0.0,0.0,0.0,0.0,0.0,0.0,0.0,0.72581495,0.21902819,0.0,0.17141906,0.070516879,0.0,0.0,0.0,0.24883183,0.093779266,0.0,0.0,0.0,0.0,0.0,0.0,0.0,0.22340548,0.31333998,0.0,19.815345,46.091074,31.121499,7.9360213,0.0,0.0,32.032703,89.349,173.879,64.3741,0.0,2.2441,30.3,0.5068597761685321,1.000000000555731,0.9999999997544365,0.07882258076801814,0.4755244726772605,0.0,0.0,0.0,0.0,0.0,0.0,0.0,0.0,0.0,0.0,0.0,0.0,0.0,0.0,0.0,0.0,0.0,0.0,0.0,0.0,0.0,0.0,0.0,0.0,0.0,0.0,0.0,0.0,0.0,0.0,0.0,0.0,0.0,0.0,0.0,0.0,0.0,0.0,0.0,0.0,0.0,0.0,0.0,0.0,0.030306035390892237,0.060635966086682834,0.0,0.06063727921008207,0.030303854886380408,0.0,0.0,0.0,0.03030691704437119,0.03731274227505549,0.0,0.0,0.0,0.0,0.0,0.0,0.0,0.06063228735541004,0.09097640475154714,0.0,0.060606166861519,0.12121269858425703,0.1818199792750616,0.030303163192635,0.0,0.0,0.09090947544097544,0.9999999999776151,1.0000000000230045,0.9999999999378634,0.0,1.000000000311929,0.04166666666666668,0.035011769,-0.04378207,-0.021417924,-0.38598668,-0.035011769,2.6975183,1.2220484,2.1275637,1.3972226,1.2862383,0.88650381,1.6811884,1.598871,0.6181587,0.77247928,1.102463,1.0029073,2.0167793,0.75855979,0.25870918,1.9024188,1.7050627,0.84675187,1.4821208,1.792452,2.4429934,1.4000177,0.58295477,1.6040402,3.9880851,1.2954098,1.9556418,0.51473424,0.44163743,4.6864875,1.4268569,0.71692759,1.586502,0.36446821,1.7037762,1.1879053,0.98645071,1.3765219,2.9719077,0.64870042,1.715694,0.77984506,3.4482856,1.523438,1.8925457,4.255772,1.3485959,3.0662724,2.4476721,0.95861856,0.35539191,0.74202701,2.1583098,4.5788947,0.63508805,0.84136234,1.0968789,1.22741,1.763936,0.49950377,1.9067554,3.9115338,3.6148074,1.5315143,0.042138463,0.046481079,0.021229258,0.031405063,0.50713048,0.0029389596,0.05381927,-0.032413634,-0.019911551,-0.029756139,-2.6172243,-0.086330894,0.035011769,0.0,0.74968572
2168.0,1924.8,5.3983,12.2168,19.766302,4908.4112,0.0,0.0,0.0,0.0,0.0,0.0,0.0,0.0,0.0,0.0,0.0,0.0,0.0,0.0,0.0,0.0,0.0,0.0,0.0,0.0,0.0,0.0,0.0,0.0,0.0,0.0,0.0,0.0,0.0,0.0,0.0,0.0,0.0,0.0,0.0,0.0,0.0,0.0,0.0,0.0,0.0,0.0,0.0,0.0,0.72581495,0.0,0.0,0.0,0.0,0.0,0.0,0.0,0.0,0.0,0.0,0.0,0.0,0.0,0.0,0.0,0.0,0.017257765,0.10445614,0.0,19.815345,46.091074,31.121499,7.9360213,0.0,0.0,32.032703,89.349,173.879,64.3741,0.0,2.2441,30.3,0.506859776168532,1.0000000005557304,0.9999999997544363,0.07602423846036889,0.47972027584185156,0.0,0.0,0.0,0.0,0.0,0.0,0.0,0.0,0.0,0.0,0.0,0.0,0.0,0.0,0.0,0.0,0.0,0.0,0.0,0.0,0.0,0.0,0.0,0.0,0.0,0.0,0.0,0.0,0.0,0.0,0.0,0.0,0.0,0.0,0.0,0.0,0.0,0.0,0.0,0.0,0.0,0.0,0.0,0.0,0.030306035390892234,0.0,0.0,0.0,0.0,0.0,0.0,0.0,0.0,0.0,0.0,0.0,0.0,0.0,0.0,0.0,0.0,0.004683760517388104,0.030328220712289158,0.0,0.06060616686151898,0.12121269858425704,0.18181997927506158,0.030303163192635,0.0,0.0,0.09090947544097541,0.9999999999776158,1.0000000000230045,0.9999999999378631,0.0,1.0000000003119296,0.04166666666666668,0.032511057,-0.040642395,-0.02047411,-0.37285238,-0.032511057,2.3192724,1.0870466,1.8311831,1.2400421,1.1424985,0.78957283,1.4502789,1.4188069,0.55103432,0.68845874,0.9807502,0.8925984,1.8915961,0.70967833,0.24165076,1.7808062,1.6000773,0.79383091,1.3910854,1.6775678,2.3179043,1.3114604,0.54511246,1.5004234,3.772654,1.2130154,1.8324686,0.48122532,0.41294446,4.4314319,1.3354647,0.67022153,1.4889759,0.34064464,1.5939628,1.1122224,0.92472824,1.2920011,2.8154396,0.60643617,1.6271215,0.73074533,3.2640521,1.4433198,1.7204688,3.8066218,1.2258446,2.772005,2.2115927,0.87207607,0.32351054,0.67533474,1.9581859,4.0749071,0.57799157,0.76551596,0.99794045,1.1163975,1.6041003,0.4545146,1.7301864,3.5121343,3.2665223,1.3922017,0.039753267,0.043850075,0.020027602,0.038935203,0.46162695,-0.016870699,0.050772897,-0.030091469,-0.019059026,-0.027679257,-2.4751871,-0.081024774,0.032511057,-0.7881399999999985,-0.0
2169.0,1924.8,5.3983,12.2168,19.036112,4908.4112,0.0,0.0,0.0,0.0,0.0,0.0,0.0,0.0,0.0,0.0,0.0,0.0,0.0,0.0,0.0,0.0,0.0,0.0,0.0,0.0,0.0,0.0,0.0,0.0,0.0,0.0,0.0,0.0,0.0,0.0,0.0,0.0,0.0,0.0,0.0,0.0,0.0,0.0,0.0,0.0,0.0,0.0,0.0,0.0,0.0,0.0,0.0,0.0,0.0,0.0,0.0,0.0,0.0,0.0,0.0,0.0,0.0,0.0,0.0,0.0,0.0,0.0,0.0,0.0,19.815345,46.091074,31.121499,15.872082,0.0,0.0,32.032703,89.349,173.879,64.3741,0.0,2.2441,30.3,0.5068597761685318,1.0000000005557301,0.9999999997544368,0.07321581538348901,0.4797202758418536,0.0,0.0,0.0,0.0,0.0,0.0,0.0,0.0,0.0,0.0,0.0,0.0,0.0,0.0,0.0,0.0,0.0,0.0,0.0,0.0,0.0,0.0,0.0,0.0,0.0,0.0,0.0,0.0,0.0,0.0,0.0,0.0,0.0,0.0,0.0,0.0,0.0,0.0,0.0,0.0,0.0,0.0,0.0,0.0,0.0,0.0,0.0,0.0,0.0,0.0,0.0,0.0,0.0,0.0,0.0,0.0,0.0,0.0,0.0,0.0,0.0,0.0,0.0,0.0,0.06060616686151898,0.12121269858425704,0.18181997927506155,0.06060647683151812,0.0,0.0,0.09090947544097543,0.9999999999776166,1.0000000000230047,0.9999999999378634,0.0,1.0000000003119283,0.04166666666666668,0.030446993,-0.039703009,-0.020208099,-0.36437702,-0.030446993,1.9639286,0.96138537,1.551893,1.0936861,1.0085438,0.69876188,1.2312051,1.2510724,0.48788833,0.60956083,0.86741917,0.78977789,1.7410266,0.653411,0.22251154,1.6387256,1.4729949,0.73096646,1.2807861,1.5437388,2.1359044,1.2074491,0.50185779,1.3807589,3.4738373,1.1166849,1.6864811,0.44313839,0.38025775,4.0799358,1.2289359,0.61706199,1.370829,0.31366984,1.4668234,1.0239947,0.85149457,1.1896189,2.5934717,0.55842189,1.4993605,0.67284508,3.0061591,1.3297867,1.531989,3.6360202,1.0925687,2.4317272,1.9385893,0.77893819,0.28966251,0.60378424,1.7328182,3.493132,0.5168212,0.68401768,0.89145779,0.99666568,1.4302777,0.40659283,1.5321513,3.0508031,2.8640683,1.2405111,0.041258076,0.042577402,0.028442702,0.036731323,0.42313291,-0.033714903,0.13250233,-0.028932092,-0.018481542,-0.026582928,-2.3522586,-0.077888372,0.030446993,-0.6470400000000609,-0.0
2170.0,1855.2,5.3983,12.2168,19.036112,5047.936,0.0,0.0,0.0,0.0,0.0,0.0,0.0,0.0,0.0,0.0,0.0,0.0,0.0,0.0,0.0,0.0,0.0,0.0,0.0,0.0,0.0,0.0,0.0,0.0,0.0,0.0,0.0,0.0,0.0,0.0,0.0,0.0,0.0,0.0,0.0,0.0,0.0,0.0,0.0,0.0,0.0,0.0,0.0,0.0,0.0,0.0,0.0,0.0,0.0,0.0,0.0,0.0,0.0,0.0,0.0,0.0,0.0,0.0,0.0,0.0,0.0,0.0,0.0,0.0,19.815345,61.452985,17.288011,31.744142,0.0,0.0,32.032703,89.349,173.879,64.3741,0.0,2.2441,30.3,0.4885319289005926,1.0000000005557308,0.9999999997544365,0.07321581538348902,0.4933566385701385,0.0,0.0,0.0,0.0,0.0,0.0,0.0,0.0,0.0,0.0,0.0,0.0,0.0,0.0,0.0,0.0,0.0,0.0,0.0,0.0,0.0,0.0,0.0,0.0,0.0,0.0,0.0,0.0,0.0,0.0,0.0,0.0,0.0,0.0,0.0,0.0,0.0,0.0,0.0,0.0,0.0,0.0,0.0,0.0,0.0,0.0,0.0,0.0,0.0,0.0,0.0,0.0,0.0,0.0,0.0,0.0,0.0,0.0,0.0,0.0,0.0,0.0,0.0,0.0,0.06060616686151899,0.1616122494326747,0.1010011054328404,0.12121286965751699,0.0,0.0,0.09090947544097543,0.9999999999776159,1.0000000000230045,0.9999999999378634,0.0,1.000000000311929,0.04166666666666668,0.027724122,-0.037626192,-0.018915625,-0.34414779,-0.027724122,1.5686019,0.83198821,1.2398025,0.94208096,0.86981213,0.60434386,0.98399408,1.0770349,0.42183171,0.52726573,0.75065322,0.68376138,1.5914779,0.59882781,0.20412317,1.4977863,1.3474987,0.66963065,1.1723331,1.4111869,1.9526062,1.1059562,0.46007457,1.2626915,3.1698808,1.0224318,1.5417705,0.40637852,0.3487327,3.7212974,1.1234168,0.56568526,1.2544239,0.2876941,1.3412353,0.93790349,0.7799843,1.089105,2.3692297,0.51199541,1.3711772,0.61642714,2.7452651,1.2158683,1.4196097,3.3715407,1.0122159,2.2637886,1.8051928,0.7211905,0.26804806,0.55887396,1.6087239,3.193148,0.47837368,0.63324184,0.82532395,0.92289773,1.3248495,0.37632746,1.4221611,2.817429,2.6988322,1.1493399,0.038922713,0.040171858,0.017419955,0.035548999,0.3915411,-0.052253343,0.045187697,-0.027087303,-0.017428792,-0.024822905,-2.1918086,-0.073187222,0.027724122,0.0,0.30807626
2171.0,1924.8,5.3983,12.2168,20.493871,4858.0561,0.0,0.0,0.0,0.0,0.0,0.0,0.0,0.0,0.0,0.0,0.0,0.0,0.0,0.0,0.0,0.0,0.0,0.0,0.0,0.0,0.0,0.0,0.0,0.0,0.0,0.0,0.0,0.0,0.0,0.0,0.0,0.0,0.0,0.0,0.0,0.0,0.0,0.0,0.0,0.0,0.0,0.0,0.0,0.0,0.0,0.0,0.0,0.0,0.0,0.0,0.0,0.0,0.0,0.0,0.0,0.0,0.0,0.0,0.0,0.0,0.0,0.0,0.0,0.0,19.815345,46.091074,3.8271587e-14,39.68015,0.0,0.0,24.912622,89.349,173.879,64.3741,0.0,2.2441,30.3,0.506859776168532,1.0000000005557308,0.9999999997544367,0.07882258076801814,0.47479885392389254,0.0,0.0,0.0,0.0,0.0,0.0,0.0,0.0,0.0,0.0,0.0,0.0,0.0,0.0,0.0,0.0,0.0,0.0,0.0,0.0,0.0,0.0,0.0,0.0,0.0,0.0,0.0,0.0,0.0,0.0,0.0,0.0,0.0,0.0,0.0,0.0,0.0,0.0,0.0,0.0,0.0,0.0,0.0,0.0,0.0,0.0,0.0,0.0,0.0,0.0,0.0,0.0,0.0,0.0,0.0,0.0,0.0,0.0,0.0,0.0,0.0,0.0,0.0,0.0,0.06060616686151897,0.12121269858425703,2.235926731923715e-16,0.15151598206499714,0.0,0.0,0.0707025378994493,0.9999999999776161,1.000000000023004,0.999999999937863,0.0,1.000000000311928,0.04166666666666668,0.027801836,-0.033891624,-0.016484771,-0.30590819,-0.027801836,1.5134761,0.7804825,1.1942456,0.88531213,0.8167512,0.56584203,0.94446907,1.0121444,0.3944306,0.49324459,0.70408534,0.6410242,1.4236786,0.53897875,0.18420545,1.3432553,1.2055578,0.60079564,1.0492886,1.2661351,1.7201382,0.99325332,0.41459777,1.1342024,2.7975045,0.91830111,1.3811596,0.36624986,0.3143143,3.2844088,1.0078258,0.50990314,1.1225215,0.25943584,1.2043105,0.84287264,0.69985903,0.97498077,2.0896028,0.46152068,1.2090453,0.55343033,2.4228919,1.0732923,1.321106,3.145499,0.94136712,2.1197927,1.6906666,0.67006774,0.24865783,0.51903787,1.5012208,2.9368665,0.44421042,0.58824123,0.76682633,0.85770607,1.2321409,0.34929353,1.3266393,2.9161698,2.5264641,1.0691172,0.03337761,0.037893736,0.015963899,0.033872614,0.37113934,-0.067462637,0.042629903,-0.0247851,-0.015565685,-0.022554851,-1.9771951,-0.06607445,0.027801836,0.0,2.3785212
2172.0,1855.2,5.3983,12.2168,23.448645,5144.5301,0.0,0.0,0.0,0.0,0.0,0.0,0.0,0.0,0.0,0.0,0.0,0.0,0.0,0.0,0.0,0.0,0.0,0.0,0.0,0.0,0.0,0.0,0.0,0.0,0.0,0.0,0.0,0.0,0.0,0.0,0.0,0.0,0.0,0.0,0.0,0.0,0.0,0.0,0.0,0.0,0.0,0.0,0.0,0.0,0.0,0.0,0.0,0.0,0.0,0.0,0.0,0.0,0.0,0.0,0.0,0.0,0.0,0.0,0.0,0.0,0.0,0.0,0.0,0.0,19.815345,46.091074,-2.0877036e-14,39.68015,0.0,0.0,21.355167,89.349,173.879,64.3741,0.0,2.2441,30.3,0.48853192890059255,1.0000000005557306,0.9999999997544368,0.09018709615245867,0.5027971981338312,0.0,0.0,0.0,0.0,0.0,0.0,0.0,0.0,0.0,0.0,0.0,0.0,0.0,0.0,0.0,0.0,0.0,0.0,0.0,0.0,0.0,0.0,0.0,0.0,0.0,0.0,0.0,0.0,0.0,0.0,0.0,0.0,0.0,0.0,0.0,0.0,0.0,0.0,0.0,0.0,0.0,0.0,0.0,0.0,0.0,0.0,0.0,0.0,0.0,0.0,0.0,0.0,0.0,0.0,0.0,0.0,0.0,0.0,0.0,0.0,0.0,0.0,0.0,0.0,0.06060616686151897,0.12121269858425704,-1.2196913306922376e-16,0.15151598206499714,0.0,0.0,0.06060640683130703,0.9999999999776159,1.0000000000230045,0.9999999999378636,0.0,1.0000000003119291,0.04166666666666668,0.023716222,-0.030277573,-0.014129367,-0.25473413,-0.023716222,1.5090677,0.74672601,1.1903067,0.84910247,0.78278405,0.54129513,0.94062085,0.97099309,0.37726439,0.47172995,0.6736198,0.61310326,1.3623075,0.5126451,0.17453372,1.280842,1.1543389,0.57367031,1.0046548,1.206798,1.679433,0.94728036,0.39376203,1.0798291,2.7208283,0.87534312,1.3192981,0.34775816,0.29845715,3.1925545,0.96067716,0.48420159,1.0748277,0.24613376,1.1470144,0.8030059,0.66813787,0.93337525,2.0360663,0.43818165,1.1794813,0.5280055,2.3582251,1.0453483,1.1945135,2.9585672,0.851266,1.8993305,1.5138562,0.60672797,0.22539399,0.47025855,1.352699,3.3280033,0.40246811,0.53275176,0.69442141,0.77640559,1.1148001,0.31644757,1.1957121,2.6171004,2.2655795,0.96677663,0.034641076,0.035748807,0.015060282,0.031955296,0.34957234,-0.080517335,0.031725256,-0.021515289,-0.01313774,-0.019889831,-1.7306956,-0.05815416,0.023716222,0.0,1.2334126
2173.0,1784.6,5.3983,12.2168,24.406848,5353.9505,0.0,0.0,0.0,0.0,0.0,0.0,0.0,0.0,0.0,0.0,0.0,0.0,0.0,0.0,0.0,0.0,0.0,0.0,0.0,0.0,0.0,0.0,0.0,0.0,0.0,0.0,0.0,0.0,0.0,0.0,0.0,0.0,0.0,0.0,0.0,0.0,0.0,0.0,0.0,0.0,0.0,0.0,0.0,0.0,0.0,0.0,0.0,0.0,0.0,0.0,0.0,0.0,0.0,0.043226694,0.0,0.0,0.0,0.0,0.0,0.0,0.0,0.0,0.0,0.0,23.117356,34.568301,1.0434031e-14,39.68015,0.0,0.0,21.355167,89.349,173.879,64.3741,0.0,2.2441,30.3,0.4699407504937459,1.0000000005557312,0.9999999997544359,0.09387249230624813,0.5232647604389028,0.0,0.0,0.0,0.0,0.0,0.0,0.0,0.0,0.0,0.0,0.0,0.0,0.0,0.0,0.0,0.0,0.0,0.0,0.0,0.0,0.0,0.0,0.0,0.0,0.0,0.0,0.0,0.0,0.0,0.0,0.0,0.0,0.0,0.0,0.0,0.0,0.0,0.0,0.0,0.0,0.0,0.0,0.0,0.0,0.0,0.0,0.0,0.0,0.0,0.0,0.0,0.0,0.0,0.017198966908364238,0.0,0.0,0.0,0.0,0.0,0.0,0.0,0.0,0.0,0.0,0.07070552317575782,0.09090951210385922,6.095835230093995e-17,0.15151598206499717,0.0,0.0,0.06060640683130702,0.9999999999776159,1.0000000000230045,0.9999999999378634,0.0,1.0000000003119294,0.04166666666666668,0.020798914,-0.027564169,-0.013013672,-0.23339917,-0.020798914,1.4448191,0.70245649,1.1401725,0.799567,0.73700225,0.50963905,0.90195853,0.91451936,0.35540124,0.44425247,0.63371922,0.5767984,1.3363871,0.4970079,0.16811529,1.2492758,1.1329845,0.55996088,0.98557648,1.1760974,1.7015675,0.92279484,0.38072215,1.0500831,2.7436815,0.85222966,1.2903387,0.33611396,0.28845431,3.2174406,0.93641868,0.46802804,1.054715,0.23755531,1.1162337,0.78088214,0.65196507,0.9153236,2.0574841,0.4234343,1.1932963,0.51466476,2.3795009,1.0550604,1.115366,2.7799222,0.79413377,1.7852148,1.4231327,0.56550887,0.20983702,0.43817812,1.2670958,3.1396258,0.37496892,0.49648401,0.647234,0.72379827,1.0401209,0.29467512,1.1194783,2.4590257,2.1290086,0.90214642,0.032680261,0.031929638,0.014207813,0.030146506,0.33893691,-0.09212598,0.037940462,-0.019604269,-0.012009959,-0.017977116,-1.5956295,-0.052826716,0.020798914,0.0,0.1318079
2174.0,1712.9,5.3983,12.2168,23.448645,5394.9593,0.0,0.0,0.0,0.0,0.0,0.0,0.0,0.0,0.0,0.0,0.0,0.0,0.0,0.0,0.0,0.0,0.0,0.0,0.0,0.0,0.0,0.0,0.0,0.0,0.0,0.0,0.0,0.0,0.0,0.0,0.0,0.0,0.0,0.0,0.0,0.0,0.0,0.0,0.0,0.0,0.0,0.0,0.0,0.0,0.0,0.0,0.0,0.0,0.0,0.0,0.0,0.0,0.0,0.0,0.0,0.0,0.0,0.0,0.0,0.0,0.0,0.0,0.0,0.0,19.815345,11.522749,-3.4782223e-15,18.515956,0.0,0.0,21.355167,89.349,173.879,64.3741,0.0,2.2441,30.3,0.4510599078341013,1.0000000005557308,0.9999999997544363,0.09018709615245867,0.5272727279962949,0.0,0.0,0.0,0.0,0.0,0.0,0.0,0.0,0.0,0.0,0.0,0.0,0.0,0.0,0.0,0.0,0.0,0.0,0.0,0.0,0.0,0.0,0.0,0.0,0.0,0.0,0.0,0.0,0.0,0.0,0.0,0.0,0.0,0.0,0.0,0.0,0.0,0.0,0.0,0.0,0.0,0.0,0.0,0.0,0.0,0.0,0.0,0.0,0.0,0.0,0.0,0.0,0.0,0.0,0.0,0.0,0.0,0.0,0.0,0.0,0.0,0.0,0.0,0.0,0.060606166861518956,0.030303123363952182,-2.0320689131974557e-17,0.07070193175207946,0.0,0.0,0.06060640683130701,0.9999999999776156,1.0000000000230043,0.9999999999378631,0.0,1.0000000003119283,0.04166666666666668,0.019565363,-0.025674708,-0.012528345,-0.22705376,-0.019565363,1.3435943,0.65038158,1.0607848,0.74045156,0.68254405,0.47219109,0.84000979,0.84698518,0.32944647,0.41171548,0.58676954,0.53411057,1.2470605,0.46109008,0.15562304,1.1648026,1.0562458,0.52042341,0.91794249,1.0961687,1.5958906,0.85750256,0.35283243,0.97781215,2.5787328,0.7922911,1.2033177,0.31141459,0.26717965,3.0255211,0.87284191,0.43372077,0.98278629,0.21998087,1.0397377,0.72534891,0.60589061,0.85219369,1.9312076,0.39232781,1.118552,0.47818544,2.234261,0.98892316,0.98764478,2.4251704,0.70407381,1.55324,1.2372332,0.5026652,0.1871072,0.38991666,1.1137352,2.7418627,0.33373858,0.44151155,0.57536134,0.64296256,0.92249137,0.2624571,0.98481903,2.1439644,1.8543836,0.79953609,0.030830435,0.028179199,0.013403597,0.028126544,0.32204388,-0.10755382,0.035792889,-0.018291676,-0.01157457,-0.016834255,-1.5149252,-0.049718725,0.019565363,0.0,0.07546247
2175.0,1712.9,5.3983,12.2168,23.448645,5394.9593,0.0,0.0,0.0,0.0,0.0,0.0,0.0,0.0,0.0,0.0,0.0,0.0,0.0,0.0,0.0,0.0,0.0,0.0,0.0,0.0,0.0,0.0,0.0,0.0,0.0,0.0,0.0,0.0,0.0,0.0,0.0,0.0,0.0,0.0,0.0,0.0,0.0,0.0,0.0,0.0,0.0,0.0,0.0,0.0,0.0,0.0,0.0,0.0,0.0,0.0,0.0,0.0,0.0,0.0,0.0,0.0,0.0,0.0,0.0,0.0,0.0,0.0,0.0,0.0,19.815345,-1.6598942e-13,-1.113783e-14,15.872082,0.0,14.017588,21.355167,89.349,173.879,64.3741,0.0,2.2441,30.3,0.45105990783410144,1.0000000005557304,0.9999999997544368,0.09018709615245869,0.5272727279962959,0.0,0.0,0.0,0.0,0.0,0.0,0.0,0.0,0.0,0.0,0.0,0.0,0.0,0.0,0.0,0.0,0.0,0.0,0.0,0.0,0.0,0.0,0.0,0.0,0.0,0.0,0.0,0.0,0.0,0.0,0.0,0.0,0.0,0.0,0.0,0.0,0.0,0.0,0.0,0.0,0.0,0.0,0.0,0.0,0.0,0.0,0.0,0.0,0.0,0.0,0.0,0.0,0.0,0.0,0.0,0.0,0.0,0.0,0.0,0.0,0.0,0.0,0.0,0.0,0.06060616686151899,-4.3652759175530703e-16,-6.507013109391546e-17,0.06060647683151813,0.0,0.030303186913974392,0.06060640683130703,0.9999999999776155,1.0000000000230047,0.9999999999378634,0.0,1.0000000003119291,0.04166666666666668,0.018444794,-0.024008321,-0.011869076,-0.21625753,-0.018444794,1.1508535,0.58018691,0.90897752,0.65891215,0.60781755,0.42128043,0.72038141,0.75351843,0.29396134,0.36741173,0.5234483,0.47661493,1.1152608,0.41261325,0.13951028,1.0447216,0.94307472,0.46457364,0.81884074,0.98325146,1.4054535,0.76637964,0.31590949,0.87734784,2.2846703,0.70880925,1.077463,0.27881233,0.23911734,2.6833873,0.78290078,0.38837602,0.87704054,0.1970111,0.93281967,0.64874709,0.54094626,0.76002296,1.7055243,0.35128055,0.98527679,0.42712246,1.976065,0.87244699,0.86668324,2.085758,0.61931469,1.3330994,1.0612623,0.44354304,0.16582714,0.34447489,0.96770572,2.3604495,0.2949632,0.38979871,0.50770341,0.56689557,0.81135355,0.23230491,0.85683625,1.8433048,1.5930532,0.70275189,0.026438193,0.02658415,0.012644903,0.026534475,0.31976912,0.017452239,0.026637137,-0.017173527,-0.010970574,-0.015771803,-1.4210052,-0.046565696,0.018444794,0.0,0.35774787
2176.0,1784.6,5.3983,12.2168,23.920617,5337.7183,0.0,0.0,0.0,0.0,0.0,0.0,0.0,0.0,0.0,0.0,0.0,0.0,0.0,0.0,0.0,0.0,0.0,0.0,0.0,0.0,0.0,0.0,0.0,0.0,0.0,0.0,0.0,0.0,0.0,0.0,0.0,0.0,0.0,0.0,0.0,0.0,0.0,0.0,0.0,0.0,0.0,0.0,0.0,0.0,0.0,0.0,0.0,0.0,0.0,0.0,0.0,0.0,0.0,0.0,0.0,0.0,0.0,0.0,0.0,0.0,0.0,0.0,0.0,0.0,19.815345,-3.5613194e-14,2.7212565e-14,7.9360213,0.0,14.017588,21.355167,89.349,173.879,64.3741,0.0,2.2441,30.3,0.4699407504937459,1.0000000005557308,0.9999999997544362,0.09200237307550765,0.521678317261216,0.0,0.0,0.0,0.0,0.0,0.0,0.0,0.0,0.0,0.0,0.0,0.0,0.0,0.0,0.0,0.0,0.0,0.0,0.0,0.0,0.0,0.0,0.0,0.0,0.0,0.0,0.0,0.0,0.0,0.0,0.0,0.0,0.0,0.0,0.0,0.0,0.0,0.0,0.0,0.0,0.0,0.0,0.0,0.0,0.0,0.0,0.0,0.0,0.0,0.0,0.0,0.0,0.0,0.0,0.0,0.0,0.0,0.0,0.0,0.0,0.0,0.0,0.0,0.0,0.06060616686151899,-9.365742594639193e-17,1.5898295915377555e-16,0.030303163192634992,0.0,0.030303186913974385,0.06060640683130703,0.9999999999776158,1.0000000000230045,0.9999999999378634,0.0,1.0000000003119294,0.04166666666666668,0.017647599,-0.022155055,-0.01094864,-0.19791667,-0.017647599,1.1234575,0.54698479,0.8867515,0.62253207,0.57386057,0.39694553,0.70178932,0.71204621,0.27687257,0.34605966,0.49347405,0.44917335,0.96285377,0.35889799,0.12202938,0.9077676,0.81248094,0.40145656,0.70497118,0.85482849,1.1708294,0.66386848,0.27537739,0.76394151,1.9214523,0.61486671,0.93304636,0.24306487,0.20841007,2.2603617,0.68054169,0.33867368,0.75527427,0.17196129,0.81182525,0.56301652,0.46763671,0.65431251,1.427442,0.30633364,0.82160896,0.36963007,1.6580032,0.72981603,0.76192853,1.7941319,0.54617613,1.1457707,0.91197462,0.39236442,0.14738088,0.30504205,0.84176297,2.0317913,0.26133626,0.34500643,0.4491022,0.50109804,0.71510189,0.2062313,0.74651775,1.5856889,1.3698985,0.61912407,0.027438977,0.025079387,0.011929154,0.024428428,0.30431129,0.013667776,0.025129374,-0.016020083,-0.010096617,-0.014905431,-1.3055209,-0.04354956,0.017647599,0.0,0.86473288
2177.0,1712.9,5.3983,12.2168,25.424911,5437.89,0.0,0.0,0.0,0.0,0.0,0.0,0.0,0.0,0.0,0.0,0.0,0.0,0.0,0.0,0.0,0.0,0.0,0.0,0.0,0.0,0.0,0.0,0.0,0.0,0.0,0.0,0.0,0.0,0.0,0.0,0.0,0.0,0.0,0.0,0.0,0.0,0.0,0.0,0.0,0.0,0.0,0.0,0.0,0.0,0.0,0.0,0.0,0.0,0.0,0.0,0.0,0.0,0.0,0.0,0.0,0.0,0.0,0.0,0.0,0.0,0.0,0.0,0.0,0.0,19.815345,1.675084e-14,0.0,7.9360213,0.0,14.017588,10.677569,89.349,173.879,64.3741,0.0,2.2441,30.3,0.4510599078341013,1.0000000005557308,0.9999999997544365,0.0977881192292648,0.5314685311608891,0.0,0.0,0.0,0.0,0.0,0.0,0.0,0.0,0.0,0.0,0.0,0.0,0.0,0.0,0.0,0.0,0.0,0.0,0.0,0.0,0.0,0.0,0.0,0.0,0.0,0.0,0.0,0.0,0.0,0.0,0.0,0.0,0.0,0.0,0.0,0.0,0.0,0.0,0.0,0.0,0.0,0.0,0.0,0.0,0.0,0.0,0.0,0.0,0.0,0.0,0.0,0.0,0.0,0.0,0.0,0.0,0.0,0.0,0.0,0.0,0.0,0.0,0.0,0.0,0.06060616686151897,4.4052228419609326e-17,0.0,0.030303163192634992,0.0,0.03030318691397438,0.03030316226435279,0.9999999999776165,1.0000000000230052,0.9999999999378631,0.0,1.000000000311928,0.04166666666666668,0.01598933,-0.020637239,-0.010042152,-0.17691209,-0.01598933,1.1656444,0.52963844,0.91968265,0.60541777,0.55740754,0.38440765,0.72728411,0.69280919,0.26814259,0.33503657,0.4778273,0.43472423,0.89318768,0.33261297,0.1129744,0.84069585,0.75424316,0.37262522,0.65471382,0.79158905,1.0965691,0.61574918,0.25512084,0.70722386,1.7934204,0.57003201,0.86488105,0.22518098,0.19312888,2.1086361,0.63021915,0.31373275,0.7012949,0.15928879,0.75162298,0.52202516,0.43404308,0.60772665,1.3346345,0.28377956,0.76926615,0.34295946,1.5488276,0.68266545,0.66925968,1.5357635,0.4816954,0.98076972,0.78073441,0.34721814,0.13114901,0.27022686,0.73027032,1.7401524,0.23167167,0.30549132,0.39738464,0.44305372,0.63002619,0.18329546,0.64893523,1.3578436,1.1729323,0.54530333,0.025885827,0.023659799,-0.064075712,0.023045687,0.28414162,0.012894129,0.023706957,-0.014898277,-0.0090667405,-0.013935316,-1.1862775,-0.040358132,0.01598933,0.0,0.58762377
2178.0,1640.2,5.3983,12.2168,25.958275,5530.9065,0.0,0.0,0.0,0.0,0.0,0.0,0.0,0.0,0.0,0.0,0.0,0.0,0.0,0.0,0.0,0.0,0.0,0.0,0.0,0.0,0.0,0.0,0.0,0.0,0.0,0.0,0.0,0.0,0.0,0.0,0.0,0.0,0.0,0.0,0.0,0.0,0.0,0.0,0.0,0.0,0.0,0.0,0.0,0.0,0.0,0.0,0.0,0.0,0.0,0.0,0.0,0.0,0.0,0.0,0.0,0.0,0.0,0.0,0.0,0.0,0.0,0.0,0.0,0.0,19.815345,-4.8376178e-15,0.0,7.9360213,0.0,14.017588,10.677569,89.349,173.879,64.3741,0.0,2.2441,30.3,0.4319157340355499,1.0000000005557312,0.9999999997544369,0.09983951922923323,0.5405594363886005,0.0,0.0,0.0,0.0,0.0,0.0,0.0,0.0,0.0,0.0,0.0,0.0,0.0,0.0,0.0,0.0,0.0,0.0,0.0,0.0,0.0,0.0,0.0,0.0,0.0,0.0,0.0,0.0,0.0,0.0,0.0,0.0,0.0,0.0,0.0,0.0,0.0,0.0,0.0,0.0,0.0,0.0,0.0,0.0,0.0,0.0,0.0,0.0,0.0,0.0,0.0,0.0,0.0,0.0,0.0,0.0,0.0,0.0,0.0,0.0,0.0,0.0,0.0,0.0,0.06060616686151898,-1.2722218368294836e-17,0.0,0.030303163192635,0.0,0.03030318691397439,0.030303162264352798,0.9999999999776159,1.0000000000230047,0.9999999999378634,0.0,1.000000000311929,0.04166666666666668,0.014507098,-0.019486503,-0.0092688525,-0.16424064,-0.014507098,1.0834168,0.48657458,0.85522188,0.5565819,0.51241184,0.35346697,0.67703424,0.63702227,0.24670322,0.30815628,0.43900071,0.39942416,0.83273014,0.30943948,0.10492898,0.78204745,0.70374912,0.34743097,0.61109727,0.73624384,1.0353388,0.57358885,0.23721683,0.65745092,1.6868654,0.53072308,0.80549143,0.20935363,0.17959078,1.9821824,0.58618409,0.29165111,0.65447858,0.14805054,0.69882835,0.48601629,0.40466137,0.56727843,1.2577368,0.26381396,0.72602367,0.31960558,1.4581241,0.6435379,0.61086535,1.3897782,0.44099874,0.89114795,0.71036597,0.31807023,0.12045817,0.24750049,0.66385614,1.5732678,0.21230548,0.27987765,0.36392495,0.40576498,0.57582127,0.16833811,0.59056117,1.2303782,1.0642917,0.49870911,0.022198017,0.022320565,-0.12940271,0.016543796,0.26409183,0.014653237,0.011760399,-0.013673405,-0.0083878028,-0.012782233,-1.0991455,-0.037033217,0.014507098,0.0,0.17639253
2179.0,1640.2,5.3983,12.2168,25.424911,5638.2333,0.0,0.0,0.0,0.0,0.0,0.0,0.0,0.0,0.0,0.0,0.0,0.0,0.0,0.0,0.0,0.0,0.0,0.0,0.0,0.0,0.0,0.0,0.0,0.0,0.0,0.0,0.0,0.0,0.0,0.0,0.0,0.0,0.0,0.0,0.0,0.0,0.0,0.0,0.0,0.0,0.0,0.0,0.0,0.0,0.0,0.0,0.0,0.0,0.0,0.0,0.0,0.0,0.0,0.0,0.0,0.0,0.0,0.0,0.0,0.0,0.0,0.0,0.0,0.0,19.815345,1.2527758e-13,0.0,7.9360213,0.0,14.017588,10.677569,89.349,173.879,64.3741,0.0,2.2441,30.3,0.43191573403554967,1.0000000005557304,0.9999999997544361,0.09778811922926484,0.5510489491867997,0.0,0.0,0.0,0.0,0.0,0.0,0.0,0.0,0.0,0.0,0.0,0.0,0.0,0.0,0.0,0.0,0.0,0.0,0.0,0.0,0.0,0.0,0.0,0.0,0.0,0.0,0.0,0.0,0.0,0.0,0.0,0.0,0.0,0.0,0.0,0.0,0.0,0.0,0.0,0.0,0.0,0.0,0.0,0.0,0.0,0.0,0.0,0.0,0.0,0.0,0.0,0.0,0.0,0.0,0.0,0.0,0.0,0.0,0.0,0.0,0.0,0.0,0.0,0.0,0.06060616686151897,3.2946148193260037e-16,0.0,0.030303163192634992,0.0,0.03030318691397439,0.03030316226435278,0.9999999999776156,1.0000000000230045,0.9999999999378634,0.0,1.0000000003119283,0.04166666666666668,0.013329739,-0.01784288,-0.0087052316,-0.15675537,-0.013329739,0.91718998,0.4274073,0.72459846,0.48770549,0.44936813,0.31073587,0.5746183,0.55808585,0.21699985,0.27103589,0.38563995,0.35101599,0.73422763,0.27453875,0.093468754,0.69215716,0.62000026,0.30696001,0.53836881,0.65190616,0.89360333,0.50743692,0.21080806,0.58281894,1.4622758,0.46979973,0.71153937,0.18607391,0.15961265,1.719469,0.51897934,0.25920582,0.57657315,0.1317034,0.61924249,0.43047272,0.35760734,0.49983202,1.087956,0.23451306,0.62709808,0.28262027,1.2628067,0.55681856,0.55734793,1.25489,0.40373895,0.80820112,0.64516116,0.29141023,0.11068765,0.22672547,0.60271598,1.4191048,0.19459996,0.2564561,0.33332487,0.37165593,0.5261976,0.15466726,0.53687027,1.1125835,0.96383912,0.4560408,0.023038294,0.021057137,-0.18905892,0.020510579,0.24757213,0.013823808,0.021099107,-0.012779703,-0.0079541647,-0.011861582,-1.0322559,-0.034289904,0.013329739,0.0,0.039833677
2180.0,1640.2,5.3983,12.2168,25.958275,5684.7416,0.0,0.0,0.0,0.0,0.0,0.0,0.0,0.0,0.0,0.0,0.0,0.0,0.0,0.0,0.0,0.0,0.0,0.0,0.0,0.0,0.0,0.0,0.0,0.0,0.0,0.0,0.0,0.0,0.0,0.0,0.0,0.0,0.0,0.0,0.0,0.0,0.0,0.0,0.0,0.0,0.0,0.0,0.0,0.0,0.0,0.0,0.0,0.0,0.0,0.0,0.0,0.0,0.0,0.0,0.0,0.0,0.0,0.0,0.0,0.0,0.0,0.0,0.0,0.0,9.9076601,0.0,-1.043268e-14,1.4068103e-13,0.0,14.017588,10.677569,89.349,173.879,64.3741,0.0,2.2441,30.3,0.4319157340355497,1.0000000005557304,0.9999999997544363,0.09983951922923323,0.5555944066873729,0.0,0.0,0.0,0.0,0.0,0.0,0.0,0.0,0.0,0.0,0.0,0.0,0.0,0.0,0.0,0.0,0.0,0.0,0.0,0.0,0.0,0.0,0.0,0.0,0.0,0.0,0.0,0.0,0.0,0.0,0.0,0.0,0.0,0.0,0.0,0.0,0.0,0.0,0.0,0.0,0.0,0.0,0.0,0.0,0.0,0.0,0.0,0.0,0.0,0.0,0.0,0.0,0.0,0.0,0.0,0.0,0.0,0.0,0.0,0.0,0.0,0.0,0.0,0.0,0.030303045504774886,0.0,-6.09504594037501e-17,5.371810443852991e-16,0.0,0.03030318691397439,0.03030316226435278,0.9999999999776155,1.000000000023004,0.9999999999378631,0.0,1.0000000003119287,0.04166666666666668,0.012271897,-0.016352681,-0.0081096753,-0.14663468,-0.012271897,0.70633988,0.36170409,0.55839959,0.41037262,0.37872035,0.26291978,0.44341092,0.46929091,0.18359689,0.22941254,0.32635682,0.29724071,0.68504339,0.25612269,0.087068348,0.6437866,0.57957809,0.28707912,0.50380502,0.60631195,0.84799101,0.473952,0.19654751,0.54193255,1.3780092,0.43829734,0.66302369,0.17355015,0.14890445,1.6183029,0.48270885,0.24164317,0.53930425,0.12279078,0.57584868,0.40173893,0.33437697,0.46787884,1.0291141,0.21865957,0.59501874,0.26415264,1.1925028,0.52740163,0.5023445,1.1090141,0.36554396,0.71708491,0.57313184,0.2643394,0.10085486,0.20572005,0.5382055,1.2531889,0.17670482,0.23271315,0.30227794,0.3369508,0.47547766,0.14085913,0.48037138,0.98472931,0.85419719,0.41227644,0.019756156,-0.029573573,0.0094490073,0.014723919,0.23252513,0.010826159,0.019904818,-0.0117002,-0.0074145198,-0.010767637,-0.95807732,-0.03158419,0.012271897,0.0,0.24199351
2181.0,1640.2,5.3983,12.2168,27.666024,5684.7416,0.0,0.0,0.0,0.0,0.0,0.0,0.0,0.0,0.0,0.0,0.0,0.0,0.0,0.0,0.0,0.0,0.0,0.0,0.0,0.0,0.0,0.0,0.0,0.0,0.0,0.0,0.0,0.0,0.0,0.0,0.0,0.0,0.0,0.0,0.0,0.0,0.0,0.0,0.0,0.0,0.0,0.0,0.0,0.0,0.0,0.0,0.0,0.0,0.0,0.0,0.0,0.0,0.0,0.0,0.0,0.0,0.0,0.0,0.0,0.0,0.0,0.0,0.0,0.0,9.9076601,0.0,-2.9561443e-14,-1.9159719e-13,0.0,14.017588,1.3605716e-13,89.349,173.879,64.3741,0.0,2.2441,30.3,0.43191573403554984,1.0000000005557308,0.9999999997544368,0.10640778461374759,0.555594406687372,0.0,0.0,0.0,0.0,0.0,0.0,0.0,0.0,0.0,0.0,0.0,0.0,0.0,0.0,0.0,0.0,0.0,0.0,0.0,0.0,0.0,0.0,0.0,0.0,0.0,0.0,0.0,0.0,0.0,0.0,0.0,0.0,0.0,0.0,0.0,0.0,0.0,0.0,0.0,0.0,0.0,0.0,0.0,0.0,0.0,0.0,0.0,0.0,0.0,0.0,0.0,0.0,0.0,0.0,0.0,0.0,0.0,0.0,0.0,0.0,0.0,0.0,0.0,0.0,0.030303045504774907,0.0,-1.727057219705553e-16,-7.316009743850227e-16,0.0,0.03030318691397439,3.8613304177261805e-16,0.9999999999776148,1.0000000000230045,0.9999999999378636,0.0,1.0000000003119298,0.04166666666666668,0.011566294,-0.015459339,-0.0072628746,-0.12950011,-0.011566294,0.66433336,0.33466267,0.52452148,0.38010173,0.35059248,0.24287962,0.41536813,0.43466229,0.1694245,0.21178358,0.30192676,0.27488887,0.58782728,0.22254641,0.076187364,0.55613979,0.49688388,0.24753888,0.43206219,0.52422623,0.69968265,0.40966238,0.17127326,0.46966906,1.144996,0.37914648,0.57089875,0.15128768,0.12980205,1.3459034,0.41726929,0.21066185,0.46241123,0.10720478,0.49867342,0.34791701,0.28841581,0.40137457,0.85235543,0.19066548,0.49181019,0.22814419,0.98975002,0.43728272,0.49847665,1.1370082,0.36235054,0.7415766,0.59421636,0.26063278,0.098933788,0.20232947,0.5423535,1.2807033,0.17376668,0.22923907,0.29792879,0.33263769,0.47047389,0.138501,0.48334134,1.0116992,0.88038304,0.40877052,0.018637883,-0.075287749,0.0089141578,0.01389049,0.22184748,0.010213358,0.0098742576,-0.010428539,-0.0065641812,-0.009510366,-0.86417297,-0.028513771,0.011566294,0.0,0.72564147
2182.0,1566.5,5.3983,12.2168,30.933766,5822.705,0.0,0.0,0.0,0.0,0.0,0.0,0.0,0.0,0.0,0.0,0.0,0.0,0.0,0.0,0.0,0.0,0.0,0.0,0.0,0.0,0.0,0.0,0.0,0.0,0.0,0.0,0.0,0.0,0.0,0.0,0.0,0.0,0.0,0.0,0.0,0.0,0.0,0.0,0.0,0.0,0.0,0.0,0.0,0.0,0.0,0.0,0.0,0.0,0.0,0.0,0.0,0.0,0.0,0.0,0.0,0.0,0.0,0.0,0.0,0.0,0.0,0.0,0.0,0.0,9.9076601,0.0,0.0,0.0,0.0,14.017588,0.0,89.349,173.879,64.3741,0.0,2.2441,30.3,0.4125082290980909,1.0000000005557304,0.9999999997544363,0.1189760230750927,0.5690781670341173,0.0,0.0,0.0,0.0,0.0,0.0,0.0,0.0,0.0,0.0,0.0,0.0,0.0,0.0,0.0,0.0,0.0,0.0,0.0,0.0,0.0,0.0,0.0,0.0,0.0,0.0,0.0,0.0,0.0,0.0,0.0,0.0,0.0,0.0,0.0,0.0,0.0,0.0,0.0,0.0,0.0,0.0,0.0,0.0,0.0,0.0,0.0,0.0,0.0,0.0,0.0,0.0,0.0,0.0,0.0,0.0,0.0,0.0,0.0,0.0,0.0,0.0,0.0,0.0,0.030303045504774903,0.0,0.0,0.0,0.0,0.030303186913974385,0.0,0.9999999999776154,1.0000000000230047,0.9999999999378634,0.0,1.0000000003119294,0.04166666666666668,0.010400541,-0.01447289,-0.0065039125,-0.10824579,-0.010400541,0.65215424,0.31644512,0.5144978,0.36024405,0.33202157,0.22949189,0.40675168,0.4120284,0.15999978,0.20001752,0.28547468,0.2598125,0.50479339,0.19402011,0.066972105,0.48146213,0.42620588,0.21384373,0.3707666,0.45431384,0.57188783,0.35490762,0.14985977,0.40816877,0.94417863,0.3287891,0.49229507,0.13240137,0.11360604,1.1112272,0.36152228,0.18438078,0.39669883,0.093998558,0.43296185,0.30214992,0.24927817,0.34457372,0.69998529,0.16692029,0.40284129,0.19746712,0.81494444,0.35962239,0.41576753,0.88402806,0.30489444,0.57517688,0.46052047,0.22124405,0.085008553,0.17227811,0.43766486,0.9978142,0.14814742,0.19489007,0.25290854,0.28177311,0.39535516,0.11865548,0.39209505,0.78695963,0.68404037,0.34300609,0.017582908,-0.11593912,-0.035886313,-0.014439113,0.20678181,0.011606736,-0.021548107,-0.0090426464,-0.0055636711,-0.0085469552,-0.76164881,-0.025907978,0.010400541,0.0,0.7417783
2183.0,1491.7,5.3983,12.2168,34.023029,5981.679,0.0,0.0,0.0,0.0,0.0,0.0,0.0,0.0,0.0,0.0,0.0,0.0,0.0,0.0,0.0,0.0,0.0,0.0,0.0,0.0,0.0,0.0,0.0,0.0,0.0,0.0,0.0,0.0,0.0,0.0,0.0,0.0,0.0,0.0,0.0,0.0,0.0,0.0,0.0,0.0,0.0,0.0,0.0,0.0,0.0,0.0,0.0,0.0,0.0,0.0,0.0,0.0,0.0,0.0,0.0,0.0,0.0,0.0,0.0,0.0,0.0,0.0,0.0,0.0,5.5488529e-14,0.0,2.2003614e-14,0.0,0.0,14.017588,-1.0355751e-13,89.349,173.879,64.3741,0.0,2.2441,30.3,0.39281105990783405,1.0000000005557301,0.9999999997544368,0.13085780384414064,0.5846153842769761,0.0,0.0,0.0,0.0,0.0,0.0,0.0,0.0,0.0,0.0,0.0,0.0,0.0,0.0,0.0,0.0,0.0,0.0,0.0,0.0,0.0,0.0,0.0,0.0,0.0,0.0,0.0,0.0,0.0,0.0,0.0,0.0,0.0,0.0,0.0,0.0,0.0,0.0,0.0,0.0,0.0,0.0,0.0,0.0,0.0,0.0,0.0,0.0,0.0,0.0,0.0,0.0,0.0,0.0,0.0,0.0,0.0,0.0,0.0,0.0,0.0,0.0,0.0,0.0,1.6971428191001644e-16,0.0,1.2855089793253386e-16,0.0,0.0,0.03030318691397439,-2.938983610616178e-16,0.9999999999776166,1.0000000000230047,0.9999999999378631,0.0,1.0000000003119294,0.04166666666666668,0.0090629148,-0.013887326,-0.0059336573,-0.093353861,-0.0090629148,0.56807119,0.28532051,0.44839933,0.32412885,0.29893355,0.20700696,0.35488745,0.37064792,0.14436098,0.18047509,0.25740146,0.23433471,0.44086131,0.17207779,0.05988217,0.42363443,0.37194239,0.18804196,0.32380857,0.40016781,0.47613865,0.31283955,0.13338592,0.36049872,0.79190285,0.29002695,0.43161694,0.11788914,0.1011718,0.93298966,0.31835403,0.16414546,0.34630852,0.08385009,0.38203518,0.26697881,0.21931919,0.30110629,0.58513419,0.14865431,0.33611687,0.17394239,0.68275629,0.30122048,0.42595057,0.95082871,0.31131201,0.62359618,0.50046763,0.22433243,0.085540503,0.17416651,0.4586636,1.0696286,0.14970199,0.19737461,0.25635684,0.2861717,0.40320942,0.1197303,0.40973841,0.84778043,0.73912327,0.35056668,0.014862278,-0.152403,0.0079335687,-0.039756293,0.19286965,0.009089852,0.0087880541,-0.008205589,-0.0048598178,-0.0077785032,-0.68568947,-0.023720518,0.0090629148,0.0,0.29281025
2184.0,1415.9,5.3983,12.2168,34.023029,6081.8507,0.0,0.0,0.0,0.0,0.0,0.0,0.0,0.0,0.0,0.0,0.0,0.0,0.0,0.0,0.0,0.0,0.0,0.0,0.0,0.0,0.0,0.0,0.0,0.0,0.0,0.0,0.0,0.0,0.0,0.0,0.0,0.0,0.0,0.0,0.0,0.0,0.0,0.0,0.0,0.0,0.0,0.0,0.0,0.0,0.0,0.0,0.0,0.0,0.0,0.0,0.0,0.0,0.0,0.0,0.0,0.0,0.0,0.0,0.0,0.0,0.0,0.0,0.0,0.0,-1.8099696e-13,0.0,0.0,-9.5023013e-15,0.0,14.017588,0.0,89.349,173.879,64.3741,0.0,2.2441,0.0,0.3728505595786703,1.0000000005557304,0.9999999997544368,0.1308578038441407,0.5944055981766496,0.0,0.0,0.0,0.0,0.0,0.0,0.0,0.0,0.0,0.0,0.0,0.0,0.0,0.0,0.0,0.0,0.0,0.0,0.0,0.0,0.0,0.0,0.0,0.0,0.0,0.0,0.0,0.0,0.0,0.0,0.0,0.0,0.0,0.0,0.0,0.0,0.0,0.0,0.0,0.0,0.0,0.0,0.0,0.0,0.0,0.0,0.0,0.0,0.0,0.0,0.0,0.0,0.0,0.0,0.0,0.0,0.0,0.0,0.0,0.0,0.0,0.0,0.0,0.0,-5.535877351208208e-16,0.0,0.0,-3.628389795267909e-17,0.0,0.030303186913974392,0.0,0.9999999999776158,1.0000000000230047,0.9999999999378631,0.0,1.0000000003119294,0.0,0.008170605,-0.01154259,-0.0054475929,-0.087885651,-0.008170605,0.57231622,0.27368557,0.45174558,0.31182662,0.28736812,0.19865895,0.35755097,0.3567151,0.13858367,0.17319224,0.2469136,0.22472733,0.38570233,0.15350536,0.053926279,0.37353011,0.32544214,0.16619094,0.28379201,0.35329097,0.39497246,0.27711241,0.11947282,0.31932428,0.66045409,0.25697714,0.37921928,0.10566245,0.090731085,0.77858913,0.28098685,0.14706917,0.30325381,0.075322579,0.33801714,0.23710653,0.1939429,0.26412169,0.48700138,0.13327313,0.2796264,0.15401775,0.56934555,0.25163382,0.38226283,0.82705808,0.2805913,0.54248207,0.43534601,0.20295476,0.077820244,0.15776661,0.40560809,0.93088605,0.13569302,0.17868361,0.23191717,0.25866509,0.36309256,0.10878885,0.36324999,0.73785499,0.64323649,0.31554307,0.014021017,-0.18421487,-0.029719645,0.011662723,0.17988025,0.0085753321,-0.019354399,-0.0076374918,-0.0045660278,-0.0072445998,-0.64418232,-0.021950031,0.008170605,0.0,0.0043749377
2185.0,1415.9,5.3983,12.2168,33.204602,6128.3589,0.0,0.0,0.0,0.0,0.0,0.0,0.0,0.0,0.0,0.0,0.0,0.0,0.0,0.0,0.0,0.0,0.0,0.0,0.0,0.0,0.0,0.0,0.0,0.0,0.0,0.0,0.0,0.0,0.0,0.0,0.0,0.0,0.0,0.0,0.0,0.0,0.0,0.0,0.0,0.0,0.0,0.0,0.0,0.0,0.0,0.0,0.0,0.0,0.0,0.0,0.0,0.0,0.0,0.0,0.0,0.0,0.0,0.0,0.0,0.0,0.0,0.0,0.0,0.0,1.1391406e-14,0.0,0.0,0.0,0.0,14.017588,0.0,89.349,173.879,64.3741,0.0,2.2441,0.0,0.3728505595786702,1.0000000005557301,0.9999999997544367,0.12771000769034294,0.5989510459037894,0.0,0.0,0.0,0.0,0.0,0.0,0.0,0.0,0.0,0.0,0.0,0.0,0.0,0.0,0.0,0.0,0.0,0.0,0.0,0.0,0.0,0.0,0.0,0.0,0.0,0.0,0.0,0.0,0.0,0.0,0.0,0.0,0.0,0.0,0.0,0.0,0.0,0.0,0.0,0.0,0.0,0.0,0.0,0.0,0.0,0.0,0.0,0.0,0.0,0.0,0.0,0.0,0.0,0.0,0.0,0.0,0.0,0.0,0.0,0.0,0.0,0.0,0.0,0.0,3.484115228997065e-17,0.0,0.0,0.0,0.0,0.03030318691397438,0.0,0.9999999999776158,1.0000000000230038,0.9999999999378631,0.0,1.000000000311928,0.0,0.0076296652,-0.010112788,-0.0052714384,-0.085095597,-0.0076296652,0.45217768,0.23630497,0.35722211,0.26781087,0.24718713,0.17156935,0.28322695,0.30618945,0.11971187,0.14964876,0.21319472,0.19416335,0.36207911,0.14548246,0.051203306,0.34993978,0.30668411,0.15752127,0.2682137,0.33116949,0.37536903,0.26229756,0.11335677,0.29971843,0.618856,0.24275006,0.35586614,0.10031703,0.086205696,0.72757325,0.26337621,0.13950096,0.28622323,0.071546224,0.31711442,0.22437686,0.1838048,0.24986891,0.45994709,0.12648481,0.26598195,0.145942,0.5360446,0.23877579,0.34820112,0.7336421,0.25663206,0.48189582,0.38686177,0.18616042,0.071715195,0.14483469,0.3649465,0.82579566,0.12464741,0.1639801,0.21270519,0.23709059,0.33170756,0.10016638,0.32757698,0.65511269,0.57133232,0.28822526,0.013227375,-0.21393426,-0.065141915,-0.011183854,0.17049128,0.0080899359,-0.045920558,-0.007329961,-0.0043823468,-0.0069678884,-0.61280435,-0.020710401,0.0076296652,-0.1603300000000445,-0.0
2186.0,1415.9,5.3983,12.2168,33.204602,6081.8507,0.0,0.0,0.0,0.0,0.0,0.0,0.0,0.0,0.0,0.0,0.0,0.0,0.0,0.0,0.0,0.0,0.0,0.0,0.0,0.0,0.0,0.0,0.0,0.0,0.0,0.0,0.0,0.0,0.0,0.0,0.0,0.0,0.0,0.0,0.0,0.0,0.0,0.0,0.0,0.0,0.0,0.0,0.0,0.0,0.0,0.0,0.0,0.0,0.0,0.0,0.0,0.0,0.0,0.0,0.0,0.0,0.0,0.0,0.0,0.0,0.0,0.0,0.0,0.0,1.5945474e-13,0.0,0.0,0.0,0.0,28.035154,0.0,89.349,173.879,64.3741,0.0,2.2441,3.5024256,0.37285055957867025,1.0000000005557306,0.9999999997544369,0.1277100076903429,0.5944055981766501,0.0,0.0,0.0,0.0,0.0,0.0,0.0,0.0,0.0,0.0,0.0,0.0,0.0,0.0,0.0,0.0,0.0,0.0,0.0,0.0,0.0,0.0,0.0,0.0,0.0,0.0,0.0,0.0,0.0,0.0,0.0,0.0,0.0,0.0,0.0,0.0,0.0,0.0,0.0,0.0,0.0,0.0,0.0,0.0,0.0,0.0,0.0,0.0,0.0,0.0,0.0,0.0,0.0,0.0,0.0,0.0,0.0,0.0,0.0,0.0,0.0,0.0,0.0,0.0,4.876998396596235e-16,0.0,0.0,0.0,0.0,0.06060632626840342,0.0,0.9999999999776159,1.0000000000230047,0.999999999937863,0.0,1.0000000003119287,0.0048163168316831696,0.0073607006,-0.0092072833,-0.0048369248,-0.079133683,-0.0073607006,0.34585182,0.20400896,0.27324222,0.22972264,0.21238528,0.14794959,0.21663496,0.26242629,0.1031537,0.12905091,0.18404283,0.16770589,0.34111289,0.13822358,0.048705839,0.32910701,0.28994219,0.14965793,0.25421358,0.31162148,0.35696943,0.24896016,0.10778987,0.28237889,0.58159928,0.2299877,0.33518741,0.095440427,0.082064219,0.682069,0.24780978,0.13264787,0.27097192,0.068086987,0.29864298,0.21288574,0.17459495,0.23701663,0.43522219,0.1203178,0.25321331,0.13862989,0.50596418,0.22687265,0.32046455,0.65924355,0.23706907,0.43379472,0.348411,0.17238485,0.066663282,0.13420166,0.33221489,0.74200247,0.11555729,0.1519065,0.19694642,0.21941863,0.30607954,0.093055626,0.29881573,0.58925398,0.51416643,0.26593903,0.012478655,-0.24150069,-0.098221155,-0.031377538,0.15732156,0.0091936219,-0.069354636,-0.0067025205,-0.0040719726,-0.0064161925,-0.57168005,-0.019075544,0.0073607006,0.0,0.28299159
2187.0,1415.9,5.3983,12.2168,35.764255,6147.7738,0.0,0.0,0.0,0.0,0.0,0.0,0.0,0.0,0.0,0.0,0.0,0.0,0.0,0.0,0.0,0.0,0.0,0.0,0.0,0.0,0.0,0.0,0.0,0.0,0.0,0.0,0.0,0.0,0.0,0.0,0.0,0.0,0.0,0.0,0.0,0.0,0.0,0.0,0.0,0.0,0.0,0.0,0.0,0.0,0.0,0.0,0.0,0.0,0.0,0.0,0.0,0.0,0.0,0.0,0.0,0.0,0.0,0.0,0.0,0.0,0.0,0.0,0.0,0.0,-9.980887e-14,0.0,6.2495998e-14,0.0,0.0,28.035154,0.0,89.349,173.879,64.3741,0.0,2.2441,0.0,0.3728505595786703,1.000000000555731,0.9999999997544363,0.13755482692096072,0.6008485481308732,0.0,0.0,0.0,0.0,0.0,0.0,0.0,0.0,0.0,0.0,0.0,0.0,0.0,0.0,0.0,0.0,0.0,0.0,0.0,0.0,0.0,0.0,0.0,0.0,0.0,0.0,0.0,0.0,0.0,0.0,0.0,0.0,0.0,0.0,0.0,0.0,0.0,0.0,0.0,0.0,0.0,0.0,0.0,0.0,0.0,0.0,0.0,0.0,0.0,0.0,0.0,0.0,0.0,0.0,0.0,0.0,0.0,0.0,0.0,0.0,0.0,0.0,0.0,0.0,-3.0527013430650104e-16,0.0,3.651180510660586e-16,0.0,0.0,0.06060632626840344,0.0,0.9999999999776162,1.0000000000230047,0.9999999999378634,0.0,1.0000000003119294,0.0,0.0066616197,-0.0087269272,-0.0046276391,-0.069045195,-0.0066616197,0.28082222,0.18316351,0.22172069,0.20527083,0.18999048,0.13261546,0.17551042,0.23433357,0.092362017,0.11564377,0.16521943,0.15059516,0.31818928,0.13008808,0.045961545,0.30747143,0.27088554,0.14047226,0.23785107,0.29131214,0.32878983,0.23377486,0.10157555,0.26437505,0.53402097,0.2158101,0.31303713,0.089978092,0.077381702,0.62564646,0.23162897,0.12501971,0.25335808,0.064223216,0.27946276,0.19998117,0.16387547,0.22187715,0.40053649,0.11342971,0.23359864,0.13018473,0.46549413,0.20940615,0.30331651,0.61900749,0.22476655,0.40810534,0.32796682,0.16353597,0.063321595,0.12731527,0.313299,0.6964322,0.10965346,0.14412197,0.18682147,0.20812578,0.289979,0.088390961,0.28203299,0.55369262,0.48344733,0.25199768,0.011772316,-0.27328714,0.0062841295,-0.049900904,0.14516858,0.0086732282,-0.091105874,-0.0062446769,-0.0035945505,-0.0060553389,-0.51943397,-0.017896527,0.0066616197,0.0,0.31072617
2188.0,1339.0,5.3983,12.2168,38.673806,6251.0053,0.0,0.0,0.0,0.0,0.0,0.0,0.0,0.0,0.0,0.0,0.0,0.0,0.0,0.0,0.0,0.0,0.0,0.0,0.0,0.0,0.0,0.0,0.0,0.0,0.0,0.0,0.0,0.0,0.0,0.0,0.0,0.0,0.0,0.0,0.0,0.0,0.0,0.0,0.0,0.0,0.0,0.0,0.0,0.0,0.0,0.0,0.0,0.0,0.0,0.0,0.0,0.0,0.0,0.0,0.0,0.0,0.0,0.0,0.0,0.0,0.0,0.0,0.0,0.0,-7.7798446e-14,0.0,4.4382453e-14,0.0,0.0,42.052679,0.0,89.349,173.879,64.3741,0.0,2.2441,0.0,0.3526003949967083,1.0000000005557301,0.9999999997544363,0.14874540769001934,0.6109378095308893,0.0,0.0,0.0,0.0,0.0,0.0,0.0,0.0,0.0,0.0,0.0,0.0,0.0,0.0,0.0,0.0,0.0,0.0,0.0,0.0,0.0,0.0,0.0,0.0,0.0,0.0,0.0,0.0,0.0,0.0,0.0,0.0,0.0,0.0,0.0,0.0,0.0,0.0,0.0,0.0,0.0,0.0,0.0,0.0,0.0,0.0,0.0,0.0,0.0,0.0,0.0,0.0,0.0,0.0,0.0,0.0,0.0,0.0,0.0,0.0,0.0,0.0,0.0,0.0,-2.379502148381909e-16,0.0,2.5929395896503554e-16,0.0,0.0,0.09090937698913433,0.0,0.9999999999776154,1.000000000023004,0.9999999999378631,0.0,1.0000000003119285,0.0,0.0059852827,-0.0081341788,-0.0041050427,-0.059851939,-0.0059852827,0.23879126,0.16921723,0.18834786,0.18896584,0.17503519,0.12232042,0.14874772,0.21559876,0.085100265,0.10662806,0.15262298,0.13913475,0.34593959,0.13779332,0.047951645,0.32871653,0.29556645,0.15137711,0.25950736,0.31086527,0.39848864,0.25051006,0.10691751,0.28074935,0.63405759,0.23065263,0.33750433,0.094667511,0.081426419,0.74051959,0.24729023,0.13151952,0.27647572,0.06734232,0.29726792,0.21324549,0.17641304,0.24193239,0.4802375,0.11926586,0.28175488,0.13977147,0.55478374,0.25024423,0.29571498,0.61039636,0.21897797,0.40317094,0.32419005,0.15908355,0.061495704,0.12376546,0.30702393,0.68621596,0.10658753,0.14016027,0.18172185,0.20253068,0.28243225,0.085896485,0.2761943,0.54617876,0.47721733,0.2455559,0.011105959,-0.29842768,0.0059284241,-0.066102157,0.13423378,0.0090623752,-0.11151816,-0.0053783586,-0.0031569667,-0.0053067441,-0.47213378,-0.016159936,0.0059852827,0.0,0.27519118
2189.0,1363.6678,5.3983,12.2168,40.84624,6228.5306,0.0,0.0,0.0,0.0,0.0,0.0,0.0,0.0,0.0,0.0,0.0,0.0,0.0,0.0,0.0,0.0,0.0,0.0,0.0,0.0,0.0,0.0,0.0,0.0,0.0,0.0,0.0,0.0,0.0,0.0,0.0,0.0,0.0,0.0,0.0,0.0,0.0,0.0,0.0,0.0,0.0,0.0,0.0,0.0,0.0,0.0,0.0,0.0,0.0,0.0,0.0,0.0,0.0,0.0,0.0,0.0,0.0,0.0,0.0,0.0,0.0,0.0,0.0,0.0,-7.4937288e-15,0.0,0.0,1.557086e-13,0.0,42.052679,-6.7794716e-14,89.349,173.879,64.3741,0.0,2.2441,0.0,0.3590961948650428,1.0000000005557304,0.9999999997544368,0.15710092307450618,0.6087412598034622,0.0,0.0,0.0,0.0,0.0,0.0,0.0,0.0,0.0,0.0,0.0,0.0,0.0,0.0,0.0,0.0,0.0,0.0,0.0,0.0,0.0,0.0,0.0,0.0,0.0,0.0,0.0,0.0,0.0,0.0,0.0,0.0,0.0,0.0,0.0,0.0,0.0,0.0,0.0,0.0,0.0,0.0,0.0,0.0,0.0,0.0,0.0,0.0,0.0,0.0,0.0,0.0,0.0,0.0,0.0,0.0,0.0,0.0,0.0,0.0,0.0,0.0,0.0,0.0,-2.2919922820812378e-17,0.0,0.0,5.945628089854956e-16,0.0,0.09090937698913434,-1.9240281000419804e-16,0.9999999999776156,1.0000000000230047,0.9999999999378631,0.0,1.0000000003119294,0.0,0.0056579169,-0.0073404078,-0.0038517412,-0.052812215,-0.0056579169,0.26300559,0.17040157,0.20718967,0.19106294,0.17675179,0.12308596,0.16321325,0.21807608,0.085585155,0.1072323,0.15368194,0.14002037,0.28416924,0.11645701,0.041218664,0.27577725,0.24148356,0.12527634,0.21181761,0.26134658,0.28464292,0.20889661,0.091000075,0.23735002,0.46740819,0.1930583,0.28013542,0.08059228,0.069273827,0.54845865,0.2077772,0.11204444,0.22573043,0.057539205,0.25084409,0.17883638,0.14615624,0.19753559,0.34870468,0.10162973,0.2025272,0.11621427,0.40645931,0.1821614,0.30690955,0.666981,0.22597032,0.44144341,0.35518437,0.16313075,0.062527928,0.1266207,0.3262848,0.74859221,0.10895242,0.14356833,0.18633562,0.20800135,0.29162007,0.087539362,0.29242622,0.5966447,0.52179628,0.25384752,0.01047732,-0.32090929,-0.021607622,0.0087150651,0.12451646,0.0078438855,0.0061952314,-0.0049274812,-0.0028162277,-0.004936971,-0.43472292,-0.014806723,0.0056579169,0.0,0.29837049
2190.0,1339.0,5.3983,12.2168,42.012867,6332.2798,0.0,0.0,0.0,0.0,0.0,0.0,0.0,0.0,0.0,0.0,0.0,0.0,0.0,0.0,0.0,0.0,0.0,0.0,0.0,0.0,0.0,0.0,0.0,0.0,0.0,0.0,0.0,0.0,0.0,0.0,0.0,0.0,0.0,0.0,0.0,0.0,0.0,0.0,0.0,0.0,0.0,0.0,0.0,0.0,0.0,0.0,0.0,0.0,0.0,0.0,0.0,0.0,0.0,0.0,0.0,0.0,0.0,0.0,0.0,0.0,0.0,0.0,0.0,0.0,1.3212633e-14,-3.1317699e-13,0.0,-1.1203517e-13,0.0,42.052679,-6.4446857e-14,89.349,173.879,64.3741,0.0,2.2441,0.0,0.3526003949967084,1.0000000005557308,0.9999999997544362,0.161587949997514,0.6188811182656816,0.0,0.0,0.0,0.0,0.0,0.0,0.0,0.0,0.0,0.0,0.0,0.0,0.0,0.0,0.0,0.0,0.0,0.0,0.0,0.0,0.0,0.0,0.0,0.0,0.0,0.0,0.0,0.0,0.0,0.0,0.0,0.0,0.0,0.0,0.0,0.0,0.0,0.0,0.0,0.0,0.0,0.0,0.0,0.0,0.0,0.0,0.0,0.0,0.0,0.0,0.0,0.0,0.0,0.0,0.0,0.0,0.0,0.0,0.0,0.0,0.0,0.0,0.0,0.0,4.041146092980023e-17,-8.236091025432575e-16,0.0,-4.2779875601198355e-16,0.0,0.09090937698913433,-1.8290151673087205e-16,0.9999999999776156,1.0000000000230045,0.9999999999378636,0.0,1.0000000003119294,0.0,0.005073381,-0.0065708966,-0.0036816634,-0.048544224,-0.005073381,0.28035331,0.17033427,0.22092199,0.19156774,0.17708473,0.12312736,0.17416373,0.21874121,0.085654367,0.10727405,0.15362836,0.13993979,0.31645455,0.1255123,0.043660215,0.30141677,0.26967456,0.13773001,0.23635516,0.2849808,0.35958568,0.228204,0.097361854,0.25724493,0.57745275,0.21040761,0.30897597,0.086165859,0.074078351,0.67561667,0.22669768,0.11978366,0.2520113,0.061287358,0.27242936,0.19434282,0.16053192,0.22022321,0.43513017,0.10858391,0.2541886,0.12722019,0.50374595,0.22617774,0.30769869,0.68747383,0.22567263,0.45474054,0.36580762,0.16237168,0.061926882,0.12589398,0.33140511,0.77129327,0.10826572,0.14281941,0.18547915,0.20720463,0.29148542,0.086794455,0.29636696,0.61459002,0.53744169,0.25382693,0.0098842637,0.011092637,-0.054119148,0.0082217596,0.11451305,0.007399892,0.0058445579,-0.0046000109,-0.0026249911,-0.0046576481,-0.40799878,-0.014072777,0.005073381,0.0,0.062835173
2191.0,1339.0,5.3983,12.2168,39.734509,6282.194,0.0,0.0,0.0,0.0,0.0,0.0,0.0,0.0,0.0,0.0,0.0,0.0,0.0,0.0,0.0,0.0,0.0,0.0,0.0,0.0,0.0,0.0,0.0,0.0,0.0,0.0,0.0,0.0,0.0,0.0,0.0,0.0,0.0,0.0,0.0,0.0,0.0,0.0,0.0,0.0,0.0,0.0,0.0,0.0,0.0,0.0,0.0,0.0,0.0,0.0,0.0,0.0,0.0,0.0,0.0,0.0,0.0,0.0,0.0,0.0,0.0,0.0,0.0,0.0,0.0,-6.6758999e-14,0.0,0.0,0.0,32.705607,0.0,89.349,173.879,64.3741,0.0,2.2441,0.0,0.3526003949967083,1.0000000005557308,0.9999999997544371,0.15282503461303354,0.6139860162025598,0.0,0.0,0.0,0.0,0.0,0.0,0.0,0.0,0.0,0.0,0.0,0.0,0.0,0.0,0.0,0.0,0.0,0.0,0.0,0.0,0.0,0.0,0.0,0.0,0.0,0.0,0.0,0.0,0.0,0.0,0.0,0.0,0.0,0.0,0.0,0.0,0.0,0.0,0.0,0.0,0.0,0.0,0.0,0.0,0.0,0.0,0.0,0.0,0.0,0.0,0.0,0.0,0.0,0.0,0.0,0.0,0.0,0.0,0.0,0.0,0.0,0.0,0.0,0.0,0.0,-1.7556628043802403e-16,0.0,0.0,0.0,0.07070289996081985,0.0,0.9999999999776165,1.000000000023005,0.9999999999378631,0.0,1.000000000311928,0.0,0.004925296,-0.0068464005,-0.0036102211,-0.048589266,-0.004925296,0.268271,0.16366878,0.21154655,0.18402324,0.17014317,0.11839982,0.16702219,0.21013538,0.082408305,0.10318724,0.14762409,0.13449054,0.28431112,0.11369353,0.03980916,0.27323526,0.24145204,0.12372441,0.21134138,0.25850024,0.30532691,0.20567726,0.088418456,0.23375026,0.49828639,0.19004933,0.27874726,0.078249312,0.06723668,0.58457896,0.20559254,0.10881985,0.22546246,0.055733139,0.24740072,0.17558744,0.1442824,0.19689098,0.37240469,0.098644942,0.21623531,0.11450226,0.43296062,0.19344704,0.32626389,0.7710985,0.23746631,0.51018377,0.41040751,0.16959366,0.063989504,0.13115801,0.36100363,0.86408908,0.11265803,0.14897903,0.19373685,0.21681632,0.30713046,0.089920881,0.32145784,0.68880061,0.60252601,0.26774278,-0.00047882258,0.010464752,-0.079971017,-0.0064021673,0.10575259,0.0069810302,-0.012227962,-0.0044689815,-0.0026119901,-0.0044379619,-0.39662993,-0.013501567,0.004925296,-0.15424000000007254,-0.0
2192.0,1415.9,5.3983,12.2168,37.660615,6228.5306,0.0,0.0,0.0,0.0,0.0,0.0,0.0,0.0,0.0,0.0,0.0,0.0,0.0,0.0,0.0,0.0,0.0,0.0,0.0,0.0,0.0,0.0,0.0,0.0,0.0,0.0,0.0,0.0,0.0,0.0,0.0,0.0,0.0,0.0,0.0,0.0,0.0,0.0,0.0,0.0,0.0,0.0,0.0,0.0,0.0,0.0,0.0,0.0,0.0,0.0,0.0,0.0,0.0,0.0,0.0,0.0,0.0,0.0,0.0,0.0,0.0,0.0,0.0,0.0,-7.2759413e-14,0.0,0.0,0.0,0.0,28.035154,0.0,89.349,173.879,64.3741,0.0,2.2441,0.0,0.37285055957867025,1.000000000555731,0.9999999997544368,0.14484851922854083,0.6087412598034624,0.0,0.0,0.0,0.0,0.0,0.0,0.0,0.0,0.0,0.0,0.0,0.0,0.0,0.0,0.0,0.0,0.0,0.0,0.0,0.0,0.0,0.0,0.0,0.0,0.0,0.0,0.0,0.0,0.0,0.0,0.0,0.0,0.0,0.0,0.0,0.0,0.0,0.0,0.0,0.0,0.0,0.0,0.0,0.0,0.0,0.0,0.0,0.0,0.0,0.0,0.0,0.0,0.0,0.0,0.0,0.0,0.0,0.0,0.0,0.0,0.0,0.0,0.0,0.0,-2.225380948464018e-16,0.0,0.0,0.0,0.0,0.06060632626840344,0.0,0.9999999999776159,1.0000000000230045,0.9999999999378634,0.0,1.0000000003119291,0.0,0.0048260847,-0.0070131109,-0.003447175,-0.049282441,-0.0048260847,0.3382726,0.17332808,0.26665444,0.19670249,0.18140899,0.12549732,0.21042681,0.22486696,0.087398589,0.1093361,0.15634628,0.14230638,0.25805987,0.10424487,0.036729389,0.24973662,0.21877735,0.11264935,0.19147254,0.2364336,0.26449322,0.18770387,0.081278758,0.21420138,0.4360655,0.17364765,0.25387618,0.071934548,0.061819876,0.51241426,0.1880116,0.10005883,0.2042615,0.051314209,0.22656415,0.16057633,0.13142793,0.17840786,0.32429006,0.090721893,0.18767944,0.10441384,0.37809416,0.16861431,0.32487678,0.7861157,0.23540554,0.51889415,0.41706315,0.16761951,0.062901505,0.1295293,0.36361541,0.88108654,0.11117336,0.14716875,0.19151698,0.21446383,0.30491638,0.088481469,0.32312648,0.70149044,0.61318019,0.26581189,0.0087969595,-0.013545698,-0.1052561,-0.022827886,0.09848782,0.0065858775,-0.029834761,-0.0044596452,-0.0026292591,-0.0043606415,-0.38712102,-0.01319734,0.0048260847,-0.2603000000000293,-0.0
2193.0,1415.9,5.3983,12.2168,35.764255,6128.3589,0.0,0.0,0.0,0.0,0.0,0.0,0.0,0.0,0.0,0.0,0.0,0.0,0.0,0.0,0.0,0.0,0.0,0.0,0.0,0.0,0.0,0.0,0.0,0.0,0.0,0.0,0.0,0.0,0.0,0.0,0.0,0.0,0.0,0.0,0.0,0.0,0.0,0.0,0.0,0.0,0.0,0.0,0.0,0.0,0.0,0.10948724,0.0,0.0,0.0,0.0,0.0,0.0,0.0,0.13487284,0.0,0.0,0.0,0.0,0.0,0.0,0.0,0.0,0.0,0.0,0.0,4.6405379e-14,0.0,0.0,0.0,14.017588,0.0,89.349,173.879,64.3741,0.0,2.2441,0.0,0.3728505595786702,1.0000000005557306,0.9999999997544365,0.13755482692096077,0.5989510459037887,0.0,0.0,0.0,0.0,0.0,0.0,0.0,0.0,0.0,0.0,0.0,0.0,0.0,0.0,0.0,0.0,0.0,0.0,0.0,0.0,0.0,0.0,0.0,0.0,0.0,0.0,0.0,0.0,0.0,0.0,0.0,0.0,0.0,0.0,0.0,0.0,0.0,0.0,0.0,0.0,0.0,0.0,0.0,0.0,0.0,0.03031054848037828,0.0,0.0,0.0,0.0,0.0,0.0,0.0,0.05366298685708198,0.0,0.0,0.0,0.0,0.0,0.0,0.0,0.0,0.0,0.0,0.0,1.2203927418604327e-16,0.0,0.0,0.0,0.03030318691397439,0.0,0.9999999999776156,1.0000000000230045,0.999999999937863,0.0,1.0000000003119285,0.0,0.0047135624,-0.0071125902,-0.0032348351,-0.049400249,-0.0047135624,0.21279154,0.14166905,0.16812126,0.1586133,0.14686048,0.10263255,0.133273,0.18105713,0.071505351,0.089522356,0.12779385,0.11650607,0.23500372,0.096206746,0.034114836,0.22876545,0.19919433,0.1032671,0.17449484,0.21678055,0.23086556,0.17236906,0.075224002,0.19684547,0.38253843,0.15952201,0.2319239,0.066608561,0.05723731,0.44977517,0.17234621,0.092600881,0.18606052,0.047575451,0.20803753,0.14773382,0.12052988,0.16269328,0.28391527,0.083989119,0.16421278,0.095844372,0.33159468,0.14804633,0.35109056,0.89877084,0.25214526,0.59286026,0.47636467,0.17806712,0.065968083,0.13721921,0.40415623,1.006487,0.11760071,0.15611379,0.20348082,0.22830533,0.32722128,0.093079327,0.35757123,0.80122051,0.70034085,0.28553618,-0.0014683882,0.0093135919,-0.12970536,-0.037966258,0.089362194,0.0061142836,-0.05077339,-0.004416495,-0.0026295136,-0.0041405884,-0.37531458,-0.012645996,0.0047135624,-0.12747000000001663,-0.0
2194.0,1447.0226,5.3983,12.2168,34.023029,6081.8507,0.0,0.0,0.0,0.0,0.0,0.0,0.0,0.0,0.0,0.0,0.0,0.0,0.0,0.0,0.0,0.0,0.0,0.0,0.0,0.0,0.0,0.0,0.0,0.0,0.0,0.0,0.0,0.0,0.0,0.0,0.0,0.0,0.0,0.0,0.0,0.0,0.0,0.0,0.0,0.0,0.0,0.0,0.0,0.0,0.0,0.21902819,0.0,0.0,0.0,0.0,0.0,0.0,0.0,0.30481216,0.0,0.0,0.0,0.0,0.0,0.0,0.0,0.11165945,0.0,0.0,0.0,6.6762186e-14,1.7242433e-14,0.0,0.0,14.017588,0.0,89.349,173.879,64.3741,0.0,2.2441,0.0,0.3810461092824226,1.0000000005557308,0.9999999997544367,0.13085780384414064,0.5944055981766504,0.0,0.0,0.0,0.0,0.0,0.0,0.0,0.0,0.0,0.0,0.0,0.0,0.0,0.0,0.0,0.0,0.0,0.0,0.0,0.0,0.0,0.0,0.0,0.0,0.0,0.0,0.0,0.0,0.0,0.0,0.0,0.0,0.0,0.0,0.0,0.0,0.0,0.0,0.0,0.0,0.0,0.0,0.0,0.0,0.0,0.06063596608668283,0.0,0.0,0.0,0.0,0.0,0.0,0.0,0.1212781679095567,0.0,0.0,0.0,0.0,0.0,0.0,0.0,0.03030439476393793,0.0,0.0,0.0,1.755746617760329e-16,1.0073482677398147e-16,0.0,0.0,0.030303186913974385,0.0,0.9999999999776158,1.000000000023004,0.999999999937863,0.0,1.0000000003119287,0.0,0.0046181946,-0.006137203,-0.0029054838,-0.048585542,-0.0046181946,0.2805484,0.15116186,0.22121292,0.17105758,0.15788505,0.10944279,0.17466032,0.19548825,0.076218106,0.095368238,0.13635197,0.1241469,0.22121859,0.091333547,0.032477274,0.21557374,0.18782007,0.097837384,0.16480476,0.20438473,0.21544623,0.16330468,0.071499138,0.18583952,0.35520539,0.1510153,0.21851681,0.063336205,0.054467565,0.41717531,0.16248129,0.088043934,0.1755892,0.045276331,0.1963232,0.14003336,0.11420283,0.15374283,0.26444331,0.079882296,0.1534337,0.090837442,0.30858232,0.13833469,0.342511,0.89096701,0.24478682,0.58494481,0.46925523,0.17254741,0.063587338,0.13294331,0.397467,0.99877235,0.11383203,0.15122252,0.19724749,0.22135981,0.31842288,0.089775404,0.35104109,0.79299319,0.69205074,0.27767013,-0.010667492,0.0087864075,0.004179305,-0.055817748,0.082197019,0.0057681921,-0.067056414,-0.0041656664,-0.0025505338,-0.003849781,-0.36019638,-0.01182599,0.0046181946,0.0,0.074296426
2195.0,1476.0387,5.3983,12.2168,34.023029,6081.8507,0.0,0.0,0.0,0.0,0.0,0.0,0.0,0.0,0.0,0.0,0.0,0.0,0.0,0.0,0.0,0.0,0.0,0.0,0.0,0.0,0.0,0.0,0.0,0.0,0.0,0.0,0.0,0.0,0.0,0.0,0.0,0.0,0.0,0.0,0.0,0.0,0.0,0.0,0.0,0.0,0.0,0.0,0.0,0.0,0.0,0.21902819,0.0,0.0,0.0,0.0,0.0,0.0,0.0,0.23907452,0.0,0.0,0.0,0.0,0.0,0.0,0.0,0.11165945,0.0,0.0,0.0,0.0,0.0,0.0,0.0,14.017588,1.0655484e-13,89.349,173.879,64.3741,0.0,2.2441,30.3,0.38868695194206715,1.000000000555731,0.9999999997544365,0.1308578038441406,0.5944055981766488,0.0,0.0,0.0,0.0,0.0,0.0,0.0,0.0,0.0,0.0,0.0,0.0,0.0,0.0,0.0,0.0,0.0,0.0,0.0,0.0,0.0,0.0,0.0,0.0,0.0,0.0,0.0,0.0,0.0,0.0,0.0,0.0,0.0,0.0,0.0,0.0,0.0,0.0,0.0,0.0,0.0,0.0,0.0,0.0,0.0,0.060635966086682834,0.0,0.0,0.0,0.0,0.0,0.0,0.0,0.09512258231251884,0.0,0.0,0.0,0.0,0.0,0.0,0.0,0.030304394763937936,0.0,0.0,0.0,0.0,0.0,0.0,0.0,0.03030318691397439,3.0240484576331464e-16,0.999999999977615,1.0000000000230047,0.9999999999378634,0.0,1.0000000003119291,0.04166666666666668,0.0043567874,-0.0054120959,-0.0028125521,-0.046572827,-0.0043567874,0.22131277,0.13386345,0.17465036,0.15056407,0.13921363,0.096929122,0.1381217,0.17195098,0.067508825,0.084503914,0.12074924,0.11001804,0.21741728,0.089649315,0.031800162,0.21089981,0.18506983,0.096391883,0.16260352,0.19993241,0.21867695,0.16059994,0.070127008,0.18171342,0.35614946,0.1482961,0.21433477,0.062130218,0.053439935,0.41738371,0.15894869,0.0863173,0.17314547,0.044387692,0.19198523,0.13755168,0.1124836,0.15173914,0.26684597,0.078328688,0.15559987,0.089410946,0.31043406,0.13978315,0.31917294,0.83127748,0.22732726,0.54221183,0.43405082,0.16035557,0.05896977,0.12366185,0.37058507,0.93355155,0.10581301,0.14055162,0.18339596,0.20571242,0.29648554,0.083217648,0.32702878,0.73843645,0.64297691,0.2581859,-0.018732537,-0.011981912,-0.027678691,-0.06900676,0.074486933,0.0054416907,0.0043673937,-0.003983672,-0.0024303695,-0.0036767077,-0.3416087,-0.011349459,0.0043567874,0.0,0.053459224
2196.0,1491.7,5.3983,12.2168,33.204602,6043.2479,0.0,0.0,0.0,0.0,0.0,0.0,0.0,0.0,0.0,0.0,0.0,0.0,0.0,0.0,0.0,0.0,0.0,0.0,0.0,0.0,0.0,0.0,0.0,0.0,0.0,0.0,0.0,0.0,0.0,0.0,0.0,0.0,0.0,0.0,0.0,0.0,0.0,0.0,0.0,0.0,0.0,0.0,0.0,0.0,0.0,0.10948724,0.0,0.0,0.0,0.0,0.0,0.0,0.0,0.15241257,0.0,0.0,0.0,0.0,0.0,0.0,0.0,0.0,0.0,0.0,0.0,-4.071127e-14,0.0,0.0,0.0,14.017588,2.5909084e-14,89.349,173.879,64.3741,0.0,2.2441,30.3,0.3928110599078341,1.0000000005557308,0.9999999997544363,0.12771000769034294,0.5906327794152,0.0,0.0,0.0,0.0,0.0,0.0,0.0,0.0,0.0,0.0,0.0,0.0,0.0,0.0,0.0,0.0,0.0,0.0,0.0,0.0,0.0,0.0,0.0,0.0,0.0,0.0,0.0,0.0,0.0,0.0,0.0,0.0,0.0,0.0,0.0,0.0,0.0,0.0,0.0,0.0,0.0,0.0,0.0,0.0,0.0,0.030310548480378275,0.0,0.0,0.0,0.0,0.0,0.0,0.0,0.060641666185453545,0.0,0.0,0.0,0.0,0.0,0.0,0.0,0.0,0.0,0.0,0.0,-1.0706461080712301e-16,0.0,0.0,0.0,0.030303186913974385,7.3530517721098e-17,0.999999999977615,1.0000000000230047,0.9999999999378634,0.0,1.0000000003119291,0.04166666666666668,0.0041307645,-0.0051379637,-0.0027248839,-0.044507435,-0.0041307645,0.18382628,0.12208298,0.14506299,0.13671221,0.12655044,0.088332674,0.11469609,0.15604259,0.061491835,0.077012084,0.11011717,0.10036919,0.23343264,0.094063326,0.032923925,0.22296282,0.19940476,0.10272838,0.17522293,0.21102303,0.26033471,0.17026618,0.073176748,0.19096833,0.41536963,0.15682659,0.2283664,0.064802417,0.055755174,0.48525141,0.1678361,0.090024206,0.18659898,0.046162797,0.20206031,0.14518214,0.11976222,0.16343412,0.31428675,0.081659385,0.1843822,0.094964807,0.36345571,0.16414182,0.29269752,0.75986524,0.2078521,0.49213265,0.39307805,0.14684436,0.053946851,0.11338273,0.33927198,0.85513104,0.096960737,0.12874059,0.16802387,0.18833384,0.27180969,0.076065315,0.29921963,0.67361223,0.58507274,0.23632537,-0.027538253,0.0078198714,-0.049112118,-0.083773495,0.067230197,0.0051336704,0.0041201827,-0.0037803006,-0.0023201888,-0.0035247868,-0.32338328,-0.010948853,0.0041307645,0.0,0.077760777
2197.0,1491.7,5.3983,12.2168,33.204602,6020.7274,0.0,0.0,0.0,0.0,0.0,0.0,0.0,0.0,0.0,0.0,0.0,0.0,0.0,0.0,0.0,0.0,0.0,0.0,0.0,0.0,0.0,0.0,0.0,0.0,0.0,0.0,0.0,0.0,0.0,0.0,0.0,0.0,0.0,0.0,0.0,0.0,0.0,0.0,0.0,0.0,0.0,0.0,0.0,0.0,0.0,0.0,0.0,0.0,0.0,0.0,0.0,0.0,0.0,0.076231247,0.0,0.0,0.0,0.0,0.0,0.0,0.0,0.0,0.0,0.0,0.0,0.0,-6.945817e-15,0.0,0.0,14.017588,-4.3080101e-14,89.349,173.879,64.3741,0.0,2.2441,30.3,0.392811059907834,1.0000000005557304,0.9999999997544369,0.12771000769034294,0.5884317534554958,0.0,0.0,0.0,0.0,0.0,0.0,0.0,0.0,0.0,0.0,0.0,0.0,0.0,0.0,0.0,0.0,0.0,0.0,0.0,0.0,0.0,0.0,0.0,0.0,0.0,0.0,0.0,0.0,0.0,0.0,0.0,0.0,0.0,0.0,0.0,0.0,0.0,0.0,0.0,0.0,0.0,0.0,0.0,0.0,0.0,0.0,0.0,0.0,0.0,0.0,0.0,0.0,0.0,0.030330764932806117,0.0,0.0,0.0,0.0,0.0,0.0,0.0,0.0,0.0,0.0,0.0,0.0,-4.057928903065917e-17,0.0,0.0,0.030303186913974392,-1.2226222007722047e-16,0.9999999999776159,1.0000000000230045,0.9999999999378631,0.0,1.0000000003119294,0.04166666666666668,0.0039855146,-0.0049420141,-0.0026545315,-0.04192456,-0.0039855146,0.16237578,0.11464262,0.12808791,0.12804228,0.11859997,0.082880411,0.10118242,0.14609392,0.057662895,0.072249319,0.10339983,0.094261364,0.23875227,0.094589083,0.032824084,0.22639662,0.20396727,0.10417458,0.17899659,0.21402588,0.27850568,0.17230259,0.073309632,0.19311454,0.44293619,0.15863316,0.23266848,0.06489704,0.055811037,0.51730805,0.17026462,0.090175632,0.19074804,0.046134082,0.20454024,0.14656612,0.12138599,0.16683125,0.33550215,0.081763771,0.19678097,0.096139438,0.38747398,0.17462776,0.27134685,0.70558202,0.19203769,0.45414739,0.36205588,0.1357688,0.049782771,0.10492068,0.31479425,0.79546949,0.089667413,0.11904097,0.15541671,0.17411808,0.25176142,0.070157009,0.27737102,0.62430899,0.54107036,0.21860693,-0.034703665,-0.011613319,0.0035090251,-0.097069119,0.060659464,0.0040204503,0.0038869648,-0.0037179413,-0.0021963135,-0.0034435167,-0.3041189,-0.010486827,0.0039855146,0.0,0.13471317
2198.0,1415.9,5.3983,12.2168,33.204602,6128.3589,0.0,0.0,0.0,0.0,0.0,0.0,0.0,0.0,0.0,0.0,0.0,0.0,0.0,0.0,0.0,0.0,0.0,0.0,0.0,0.0,0.0,0.0,0.0,0.0,0.0,0.0,0.0,0.0,0.0,0.0,0.0,0.0,0.0,0.0,0.0,0.0,0.0,0.0,0.0,0.0,0.0,0.0,0.0,0.0,0.0,0.0,0.0,0.0,0.0,0.0,0.0,0.0,0.0,0.076231247,0.0,0.0,0.0,0.0,0.0,0.0,0.0,0.0,0.0,0.0,0.0,0.0,-6.9393417e-15,-1.1261885e-14,0.0,-1.6399645e-13,0.0,89.349,173.879,64.3741,0.0,2.2441,0.0,0.37285055957867036,1.0000000005557306,0.9999999997544367,0.1277100076903429,0.5989510459037901,0.0,0.0,0.0,0.0,0.0,0.0,0.0,0.0,0.0,0.0,0.0,0.0,0.0,0.0,0.0,0.0,0.0,0.0,0.0,0.0,0.0,0.0,0.0,0.0,0.0,0.0,0.0,0.0,0.0,0.0,0.0,0.0,0.0,0.0,0.0,0.0,0.0,0.0,0.0,0.0,0.0,0.0,0.0,0.0,0.0,0.0,0.0,0.0,0.0,0.0,0.0,0.0,0.0,0.030330764932806117,0.0,0.0,0.0,0.0,0.0,0.0,0.0,0.0,0.0,0.0,0.0,0.0,-4.054145862564559e-17,-4.300274988068495e-17,0.0,-3.5452711818739825e-16,0.0,0.9999999999776158,1.0000000000230052,0.999999999937863,0.0,1.0000000003119294,0.0,0.0035201147,-0.0046846868,-0.0023386721,-0.039399496,-0.0035201147,0.1601758,0.11170132,0.12627114,0.12482773,0.11559354,0.080708953,0.099607848,0.14242659,0.056133861,0.070339483,0.10074447,0.091827442,0.26221153,0.10058069,0.034333368,0.24504732,0.22413793,0.1126758,0.19628754,0.23113967,0.33277705,0.18549712,0.077401784,0.20735097,0.52519419,0.17059663,0.25357194,0.068457136,0.058849869,0.61291513,0.18397653,0.095155452,0.20940467,0.048484941,0.22005773,0.15706458,0.13116926,0.18272105,0.39896157,0.086205734,0.23413322,0.10362928,0.45944043,0.20656907,0.25039348,0.6522215,0.17665172,0.41743067,0.33223725,0.12498217,0.04576766,0.096666188,0.29077016,0.73653997,0.082571108,0.10959556,0.14311897,0.16026444,0.23212079,0.064452515,0.25596696,0.57608608,0.49828233,0.20131279,-0.041312842,-0.028848664,0.003310401,0.0051584337,0.054222502,0.0037928776,-0.0092466237,-0.0034979131,-0.0020746432,-0.003218441,-0.285261,-0.0096963662,0.0035201147,-0.14856000000008862,-0.0
2199.0,1491.7,5.3983,12.2168,32.418156,5926.3867,0.0,0.0,0.0,0.0,0.0,0.0,0.0,0.0,0.0,0.0,0.0,0.0,0.0,0.0,0.0,0.0,0.0,0.0,0.0,0.0,0.0,0.0,0.0,0.0,0.0,0.0,0.0,0.0,0.0,0.0,0.0,0.0,0.0,0.0,0.0,0.0,0.0,0.0,0.0,0.0,0.0,0.0,0.0,0.0,0.0,0.0,0.0,0.0,0.0,0.0,0.0,0.0,0.0,0.076231247,0.0,0.0,0.0,0.0,0.0,0.0,0.0,0.0,0.0,0.0,9.2247314e-14,2.9929288e-13,-2.7654113e-14,-1.2598087e-15,0.0,-2.013225e-13,0.0,89.349,173.879,64.3741,0.0,2.2441,30.3,0.39281105990783405,1.0000000005557308,0.9999999997544365,0.12468521538269713,0.5792114284291179,0.0,0.0,0.0,0.0,0.0,0.0,0.0,0.0,0.0,0.0,0.0,0.0,0.0,0.0,0.0,0.0,0.0,0.0,0.0,0.0,0.0,0.0,0.0,0.0,0.0,0.0,0.0,0.0,0.0,0.0,0.0,0.0,0.0,0.0,0.0,0.0,0.0,0.0,0.0,0.0,0.0,0.0,0.0,0.0,0.0,0.0,0.0,0.0,0.0,0.0,0.0,0.0,0.0,0.030330764932806117,0.0,0.0,0.0,0.0,0.0,0.0,0.0,0.0,0.0,0.0,2.821427587968282e-16,7.870959494641895e-16,-1.61562598656646e-16,-4.810494728334631e-18,0.0,-4.352184803468761e-16,0.0,0.9999999999776155,1.0000000000230045,0.9999999999378636,0.0,1.0000000003119283,0.04166666666666668,0.0037047424,-0.0046310988,-0.0021589849,-0.037951269,-0.0037047424,0.17379784,0.11212024,0.13689146,0.12574196,0.11631381,0.080975755,0.10779845,0.14352095,0.056298147,0.070540465,0.10111774,0.092124557,0.2625168,0.098755091,0.033423648,0.24437535,0.22384413,0.11137247,0.19546962,0.23021762,0.3406288,0.1832137,0.075710404,0.20587419,0.54066086,0.16866962,0.25321436,0.066901131,0.057461207,0.63183048,0.1832818,0.093072528,0.2088196,0.047285672,0.21873057,0.15486379,0.12961071,0.18174695,0.40919209,0.084252036,0.23920366,0.10231271,0.47164633,0.21090729,0.23660367,0.62372947,0.16630589,0.39802912,0.31656028,0.11751135,0.04287805,0.090876189,0.27648256,0.70489091,0.077577859,0.10301815,0.13459437,0.15073779,0.21890401,0.060397964,0.24303516,0.55031667,0.47551519,0.18975661,0.0058504805,0.0065657148,0.0031230199,0.0048664468,0.048836498,0.0035781865,-0.02190544,-0.0034006824,-0.0019942823,-0.0031257601,-0.27067284,-0.0090186128,0.0037047424,0.0,0.21253632
2200.0,1491.7,5.3983,12.2168,33.204602,6081.8507,0.0,0.0,0.0,0.0,0.0,0.0,0.0,0.0,0.0,0.0,0.0,0.0,0.0,0.0,0.0,0.0,0.0,0.0,0.0,0.0,0.0,0.0,0.0,0.0,0.0,0.0,0.0,0.0,0.0,0.0,0.0,0.0,0.0,0.0,0.0,0.0,0.0,0.0,0.0,0.0,0.0,0.0,-2.1823859e-26,0.0,0.0,0.0,0.0,0.0,0.0,0.0,0.0,0.0,0.0,0.0,0.0,0.0,0.0,0.0,0.0,0.0,0.0,0.0,0.0,0.0,19.815345,11.522749,31.121499,7.9360213,0.0,-2.0426549e-14,21.355167,89.349,173.879,64.3741,0.0,2.2441,30.3,0.3928110599078341,1.0000000005557308,0.9999999997544371,0.12771000769034294,0.59440559817665,0.0,0.0,0.0,0.0,0.0,0.0,0.0,0.0,0.0,0.0,0.0,0.0,0.0,0.0,0.0,0.0,0.0,0.0,0.0,0.0,0.0,0.0,0.0,0.0,0.0,0.0,0.0,0.0,0.0,0.0,0.0,0.0,0.0,0.0,0.0,0.0,0.0,0.0,0.0,0.0,0.0,0.0,-1.5589647356048521e-27,0.0,0.0,0.0,0.0,0.0,0.0,0.0,0.0,0.0,0.0,0.0,0.0,0.0,0.0,0.0,0.0,0.0,0.0,0.0,0.0,0.0,0.06060616686151898,0.030303123363952182,0.18181997927506155,0.030303163192634992,0.0,-4.415806288174946e-17,0.06060640683130702,0.9999999999776159,1.0000000000230047,0.999999999937863,0.0,1.000000000311929,0.04166666666666668,0.0032571912,-0.0041915407,-0.0020227594,-0.035560442,-0.0032571912,0.22422093,0.12002511,0.17665092,0.13588341,0.12538432,0.086811261,0.13922384,0.15528177,0.060413037,0.075614064,0.10825754,0.098546774,0.29034721,0.10543025,0.035033676,0.26665562,0.24741403,0.12101422,0.21545243,0.25060109,0.40430237,0.19819511,0.080193492,0.22269696,0.63920282,0.18238352,0.27800874,0.070776064,0.060756622,0.74696638,0.19961892,0.098526056,0.23049062,0.049819537,0.23711683,0.16678063,0.14072176,0.20004027,0.48423088,0.089098001,0.28287368,0.11078842,0.55709631,0.24834238,0.21066997,0.55228741,0.14775688,0.35022911,0.27804516,0.10461621,0.038199551,0.081012166,0.24551265,0.62539843,0.069136233,0.091746169,0.11986578,0.13413383,0.19491671,0.053736061,0.21571359,0.486385,0.41933122,0.1687221,0.0061600628,0.0061940706,0.003103425,0.0060332977,0.043590499,0.0033756476,0.0062064164,-0.0031034935,-0.0018654583,-0.0028516112,-0.25327154,-0.00831519,0.0032571912,-0.17652000000009593,-0.0
2201.0,1491.7,5.3983,12.2168,30.232454,5935.1707,0.0,0.0,0.0,0.0,0.0,0.0,0.0,0.0,0.0,0.0,0.0,0.0,0.0,0.0,0.0,0.0,0.0,0.0,0.0,0.0,0.0,0.0,0.0,0.0,0.0,0.0,0.0,0.0,0.0,0.0,0.0,0.0,0.0,0.0,0.0,0.0,0.0,0.0,0.0,0.0,0.0,0.0,0.0,4.3465349e-26,0.0,0.0,0.0,0.0,0.0,0.0,0.0,0.0,0.0,0.0,0.0,0.0,0.0,0.0,0.0,0.0,0.0,0.0,0.0,0.0,19.815345,34.568301,31.121499,7.9360213,0.0,4.0535276e-14,32.032703,89.349,173.879,64.3741,0.0,2.2441,30.3,0.3928110599078341,1.0000000005557312,0.9999999997544367,0.11627866922898035,0.580069926776404,0.0,0.0,0.0,0.0,0.0,0.0,0.0,0.0,0.0,0.0,0.0,0.0,0.0,0.0,0.0,0.0,0.0,0.0,0.0,0.0,0.0,0.0,0.0,0.0,0.0,0.0,0.0,0.0,0.0,0.0,0.0,0.0,0.0,0.0,0.0,0.0,0.0,0.0,0.0,0.0,0.0,0.0,0.0,6.739529472012331e-27,0.0,0.0,0.0,0.0,0.0,0.0,0.0,0.0,0.0,0.0,0.0,0.0,0.0,0.0,0.0,0.0,0.0,0.0,0.0,0.0,0.06060616686151897,0.09090951210385921,0.1818199792750616,0.030303163192634992,0.0,8.762905895347617e-17,0.09090947544097541,0.9999999999776159,1.0000000000230045,0.9999999999378636,0.0,1.0000000003119283,0.04166666666666668,0.0032367624,-0.0042548748,-0.0020502768,-0.036455269,-0.0032367624,0.23760153,0.11898921,0.18735569,0.13521177,0.12466511,0.086208896,0.14795474,0.15460205,0.060061808,0.075117541,0.10733536,0.097692102,0.27628184,0.098471387,0.032507446,0.25366396,0.23440821,0.11349203,0.20335879,0.23812551,0.38601489,0.1859556,0.074663689,0.21102266,0.61686957,0.17150826,0.26426328,0.065824785,0.056436939,0.72254311,0.18971584,0.091726763,0.21793857,0.04625876,0.22490244,0.15636739,0.13196513,0.18855705,0.46434022,0.082878397,0.2696657,0.10384856,0.53537516,0.23698227,0.18545589,0.48273169,0.12992125,0.30461173,0.24150498,0.092179083,0.033712087,0.071468553,0.21537712,0.54753542,0.060983374,0.080868748,0.10563941,0.11812617,0.17165394,0.047359843,0.18920359,0.42452222,0.36534613,0.14841728,0.00581138,0.0064102768,0.0029277595,0.0056917902,0.038924918,0.0031845732,0.007422298,-0.0029718291,-0.0018798548,-0.0026787283,-0.24719539,-0.0079322647,0.0032367624,-1.4481600000000299,-0.0
2202.0,1566.5,5.3983,12.2168,28.274388,5838.5766,0.0,0.0,0.0,0.0,0.0,0.0,0.0,0.0,0.0,0.0,0.0,0.0,0.0,0.0,0.0,0.0,0.0,0.0,0.0,0.0,0.0,0.0,0.0,0.0,0.0,0.0,0.0,0.0,0.0,0.0,0.0,0.0,0.0,0.0,0.0,0.0,0.0,0.0,0.0,0.0,0.0,0.0,0.0,0.0,0.0,0.0,0.0,0.0,0.0,0.0,0.0,0.0,0.0,0.0,0.0,0.0,0.0,0.0,0.0,0.0,0.0,0.0,0.0,0.0,19.815345,46.091074,31.121499,7.9360213,0.0,4.3901845e-14,32.032703,89.349,173.879,64.3741,0.0,2.2441,30.3,0.4125082290980907,1.0000000005557308,0.9999999997544369,0.10874764615217317,0.5706293672127124,0.0,0.0,0.0,0.0,0.0,0.0,0.0,0.0,0.0,0.0,0.0,0.0,0.0,0.0,0.0,0.0,0.0,0.0,0.0,0.0,0.0,0.0,0.0,0.0,0.0,0.0,0.0,0.0,0.0,0.0,0.0,0.0,0.0,0.0,0.0,0.0,0.0,0.0,0.0,0.0,0.0,0.0,0.0,0.0,0.0,0.0,0.0,0.0,0.0,0.0,0.0,0.0,0.0,0.0,0.0,0.0,0.0,0.0,0.0,0.0,0.0,0.0,0.0,0.0,0.06060616686151895,0.12121269858425703,0.18181997927506152,0.030303163192634992,0.0,9.490689945398108e-17,0.0909094754409754,0.9999999999776154,1.0000000000230045,0.999999999937863,0.0,1.0000000003119283,0.04166666666666668,0.0031840343,-0.0042269625,-0.0020409726,-0.037145017,-0.0031840343,0.27807421,0.12251357,0.21933112,0.14033032,0.12912407,0.088905998,0.1733389,0.16062055,0.062007617,0.077470545,0.1105269,0.10053067,0.24346948,0.08587896,0.028328013,0.22461699,0.20543878,0.098816771,0.17754666,0.21074537,0.33295136,0.16227422,0.065056348,0.18654066,0.54032541,0.15014226,0.23321146,0.057302375,0.049075101,0.6348379,0.16791047,0.079942188,0.19060864,0.040259318,0.19889221,0.13658546,0.11493587,0.16442246,0.40319882,0.072181316,0.23239711,0.090482038,0.46648725,0.20481293,0.16148648,0.41659355,0.11313288,0.26201529,0.20756384,0.080434751,0.029492613,0.062429445,0.18671835,0.47308899,0.053275013,0.070593113,0.092188777,0.10301869,0.14958817,0.041378462,0.16405871,0.36602526,0.31462389,0.12923778,0.0054824339,0.006047431,0.0027620372,0.0040859626,0.034794321,0.0030043143,0.0070021679,-0.0029404403,-0.0018995867,-0.0026513771,-0.24007855,-0.0077540848,0.0031840343,-2.157350000000065,-0.0
2203.0,1566.5,5.3983,12.2168,26.508969,5746.6763,0.0,0.0,0.0,0.0,0.0,0.0,0.0,0.0,0.0,0.0,0.0,0.0,0.0,0.0,0.0,0.0,0.0,0.0,0.0,0.0,0.0,0.0,0.0,0.0,0.0,0.0,0.0,0.0,0.0,0.0,0.0,0.0,0.0,0.0,0.0,0.0,0.0,0.0,0.0,0.0,0.0,0.0,0.0,0.0,0.0,0.0,0.0,0.0,0.0,0.0,0.0,0.0,0.0,0.0,0.0,0.0,0.0,0.0,0.0,0.0,0.0,0.0,0.0,0.0,19.815345,46.091074,31.121499,7.9360213,0.0,6.6651425e-14,32.032703,89.349,173.879,64.3741,0.0,2.2441,30.3,0.4125082290980909,1.0000000005557306,0.9999999997544368,0.10195757307535452,0.5616475530432007,0.0,0.0,0.0,0.0,0.0,0.0,0.0,0.0,0.0,0.0,0.0,0.0,0.0,0.0,0.0,0.0,0.0,0.0,0.0,0.0,0.0,0.0,0.0,0.0,0.0,0.0,0.0,0.0,0.0,0.0,0.0,0.0,0.0,0.0,0.0,0.0,0.0,0.0,0.0,0.0,0.0,0.0,0.0,0.0,0.0,0.0,0.0,0.0,0.0,0.0,0.0,0.0,0.0,0.0,0.0,0.0,0.0,0.0,0.0,0.0,0.0,0.0,0.0,0.0,0.06060616686151899,0.12121269858425703,0.18181997927506155,0.030303163192634992,0.0,1.4408688498033654e-16,0.09090947544097543,0.999999999977615,1.0000000000230045,0.9999999999378634,0.0,1.0000000003119294,0.04166666666666668,0.0031218117,-0.004114916,-0.001968435,-0.03752365,-0.0031218117,0.26461685,0.11367114,0.20890244,0.13040898,0.11997214,0.082630639,0.16542115,0.14931409,0.057697456,0.072041028,0.10256176,0.093293846,0.20629563,0.072487833,0.023974251,0.19154736,0.1731999,0.083043363,0.14922309,0.1796972,0.27369147,0.13673534,0.054942093,0.15903762,0.4509098,0.12689642,0.19807444,0.048370265,0.041384006,0.53135251,0.14316855,0.067526726,0.16042341,0.033999815,0.16957462,0.11529297,0.096638482,0.13807792,0.33366324,0.060945897,0.19094609,0.076126666,0.38737531,0.16884481,0.14555851,0.37748285,0.10200026,0.23802941,0.18874913,0.072447998,0.026565641,0.056202038,0.16877472,0.42836856,0.0479689,0.063574873,0.083018135,0.092801509,0.13476691,0.037276971,0.14826086,0.33186989,0.28552312,0.11650211,0.0051721075,0.0057051235,0.0026056955,0.0050656731,0.031272187,0.0028342588,0.0182736,-0.0029476854,-0.0019112418,-0.0026324225,-0.23161236,-0.0075460054,0.0031218117,-1.951870000000099,-0.0
2204.0,1627.4979,5.3983,12.2168,24.908032,5684.7416,0.0,0.0,0.0,0.0,0.0,0.0,0.0,0.0,0.0,0.0,0.0,0.0,0.0,0.0,0.0,0.0,0.0,0.0,0.0,0.0,0.0,0.0,0.0,0.0,0.0,0.0,0.0,0.0,0.0,0.0,0.0,0.0,0.0,0.0,0.0,0.0,0.0,0.0,0.0,0.0,0.0,0.0,0.0,0.0,0.0,0.0,0.0,0.0,0.0,0.0,0.0,0.0,0.0,0.0,0.0,0.0,0.0,0.0,0.0,0.0,0.0,0.0,0.0,0.0,19.815345,46.091074,31.121499,15.872082,0.0,0.0,32.032703,89.349,173.879,64.3741,0.0,2.2441,30.3,0.428570875576037,1.000000000555731,0.9999999997544361,0.09580012307544924,0.5555944066873739,0.0,0.0,0.0,0.0,0.0,0.0,0.0,0.0,0.0,0.0,0.0,0.0,0.0,0.0,0.0,0.0,0.0,0.0,0.0,0.0,0.0,0.0,0.0,0.0,0.0,0.0,0.0,0.0,0.0,0.0,0.0,0.0,0.0,0.0,0.0,0.0,0.0,0.0,0.0,0.0,0.0,0.0,0.0,0.0,0.0,0.0,0.0,0.0,0.0,0.0,0.0,0.0,0.0,0.0,0.0,0.0,0.0,0.0,0.0,0.0,0.0,0.0,0.0,0.0,0.06060616686151898,0.12121269858425703,0.18181997927506158,0.06060647683151813,0.0,0.0,0.09090947544097543,0.9999999999776156,1.0000000000230045,0.9999999999378638,0.0,1.0000000003119296,0.04166666666666668,0.0030146252,-0.0036681971,-0.0018066155,-0.03742973,-0.0030146252,0.30431638,0.11517469,0.24016671,0.13334779,0.12237872,0.083808566,0.19007152,0.15284576,0.058559188,0.073047413,0.10392595,0.094450011,0.1754025,0.061656467,0.020453022,0.16348462,0.14689979,0.070417164,0.12640893,0.15337789,0.2285008,0.11610286,0.046775178,0.13577918,0.37922988,0.10791084,0.16866546,0.041170445,0.035225928,0.44756492,0.12219875,0.057500073,0.13596763,0.028964905,0.14476248,0.098026136,0.081979098,0.11693258,0.27946526,0.05189306,0.15937959,0.064600648,0.32499134,0.14119063,0.12165197,0.30906205,0.085476977,0.19442862,0.15407854,0.060927419,0.022464283,0.047330693,0.13960318,0.35110043,0.04041959,0.053500618,0.069815875,0.07797179,0.11291183,0.031469379,0.12279901,0.27159982,0.23345891,0.097543691,0.005367891,0.0055395421,0.0024582033,0.0047789368,0.028552527,0.00095659629,0.017239245,-0.0028577192,-0.0018818723,-0.0025666738,-0.22131245,-0.0071967136,0.0030146252,-1.3682600000000775,-0.0
2205.0,1640.2,5.3983,12.2168,23.920617,5684.7416,0.0,0.0,0.0,0.0,0.0,0.0,0.0,0.0,0.0,0.0,0.0,0.0,0.0,0.0,0.0,0.0,0.0,0.0,0.0,0.0,0.0,0.0,0.0,0.0,0.0,0.0,0.0,0.0,0.0,0.0,0.0,0.0,0.0,0.0,0.0,0.0,0.0,0.0,0.0,0.0,0.0,0.0,0.0,0.0,0.0,0.0,0.0,0.0,0.0,0.0,0.0,0.0,0.0,0.0,0.0,0.0,0.0,0.0,0.0,0.0,0.0,0.0,0.0,0.0,19.815345,61.452985,17.288011,31.744142,0.0,-3.2311219e-14,32.032703,89.349,173.879,64.3741,0.0,2.2441,30.3,0.43191573403554967,1.0000000005557306,0.9999999997544369,0.0920023730755077,0.5555944066873718,0.0,0.0,0.0,0.0,0.0,0.0,0.0,0.0,0.0,0.0,0.0,0.0,0.0,0.0,0.0,0.0,0.0,0.0,0.0,0.0,0.0,0.0,0.0,0.0,0.0,0.0,0.0,0.0,0.0,0.0,0.0,0.0,0.0,0.0,0.0,0.0,0.0,0.0,0.0,0.0,0.0,0.0,0.0,0.0,0.0,0.0,0.0,0.0,0.0,0.0,0.0,0.0,0.0,0.0,0.0,0.0,0.0,0.0,0.0,0.0,0.0,0.0,0.0,0.0,0.06060616686151898,0.16161224943267477,0.10100110543284041,0.12121286965751699,0.0,-6.985031296221294e-17,0.09090947544097541,0.9999999999776166,1.000000000023005,0.9999999999378636,0.0,1.0000000003119283,0.04166666666666668,0.0028568808,-0.0034616964,-0.001717245,-0.036625188,-0.0028568808,0.26433988,0.099386671,0.20883063,0.1151109,0.10566277,0.072464563,0.16563967,0.13197096,0.050699837,0.063205822,0.08969188,0.081535805,0.14794005,0.05229952,0.017419529,0.1382665,0.12383506,0.059532051,0.1065856,0.12976692,0.19007486,0.098228296,0.039747251,0.1149843,0.31611146,0.091333919,0.14244592,0.034986999,0.029940801,0.37324884,0.103379,0.048849461,0.11462861,0.02463984,0.12254584,0.083033065,0.069329657,0.098619045,0.2326884,0.044099645,0.13260868,0.054648225,0.27073483,0.11759256,0.10119263,0.25071726,0.071413701,0.15766626,0.12494153,0.051092932,0.018961821,0.03973847,0.1146788,0.28498472,0.033963699,0.044895316,0.058537835,0.065321352,0.094224352,0.026523485,0.10107356,0.22037935,0.18938904,0.081376385,0.0046031573,0.0052265684,0.0022664271,0.004671424,0.027009509,0.0025224803,0.0080098202,-0.0027518473,-0.0018190636,-0.0024555546,-0.20870607,-0.0068400437,0.0028568808,-0.7155600000000959,-0.0
2206.0,1566.5,5.3983,12.2168,23.920617,5838.5766,0.0,0.0,0.0,0.0,0.0,0.0,0.0,0.0,0.0,0.0,0.0,0.0,0.0,0.0,0.0,0.0,0.0,0.0,0.0,0.0,0.0,0.0,0.0,0.0,0.0,0.0,0.0,0.0,0.0,0.0,0.0,0.0,0.0,0.0,0.0,0.0,0.0,0.0,0.0,0.0,0.0,0.0,0.0,0.0,0.0,0.0,0.0,0.0,0.0,0.0,0.0,0.0,0.0,0.0,0.0,0.0,0.0,0.0,0.0,0.0,0.0,0.0,0.0,0.0,19.815345,46.091074,-1.7316965e-14,39.68015,0.0,0.0,24.912622,89.349,173.879,64.3741,0.0,2.2441,30.3,0.41250822909809093,1.0000000005557308,0.9999999997544368,0.09200237307550767,0.5706293672127127,0.0,0.0,0.0,0.0,0.0,0.0,0.0,0.0,0.0,0.0,0.0,0.0,0.0,0.0,0.0,0.0,0.0,0.0,0.0,0.0,0.0,0.0,0.0,0.0,0.0,0.0,0.0,0.0,0.0,0.0,0.0,0.0,0.0,0.0,0.0,0.0,0.0,0.0,0.0,0.0,0.0,0.0,0.0,0.0,0.0,0.0,0.0,0.0,0.0,0.0,0.0,0.0,0.0,0.0,0.0,0.0,0.0,0.0,0.0,0.0,0.0,0.0,0.0,0.0,0.06060616686151898,0.12121269858425701,-1.011702623131028e-16,0.15151598206499717,0.0,0.0,0.07070253789944933,0.9999999999776158,1.000000000023005,0.9999999999378631,0.0,1.0000000003119285,0.04166666666666668,0.0025657907,-0.0031902576,-0.0016034738,-0.034729911,-0.0025657907,0.19873911,0.078838066,0.15721886,0.090929631,0.083584677,0.057573969,0.12506136,0.1042164,0.040326644,0.050264436,0.071155932,0.064733104,0.13203751,0.046851716,0.01559329,0.12283385,0.11093325,0.05349543,0.09571715,0.11529632,0.17369522,0.088068912,0.035606285,0.10217529,0.28527079,0.081705574,0.12691077,0.031358764,0.026859735,0.33607592,0.091855704,0.043744736,0.10282519,0.022083671,0.10888653,0.074372498,0.062284795,0.088631319,0.21141557,0.03951151,0.12120072,0.0490626,0.24525628,0.1071813,0.084983654,0.20521349,0.060318505,0.12938644,0.10261959,0.043292784,0.016176613,0.03369693,0.095091618,0.23319991,0.02882944,0.038063802,0.049585561,0.055300076,0.079408808,0.022603546,0.084011704,0.18058834,0.15532049,0.068601472,0.0043426012,0.0047901317,0.0020769866,0.0046930692,0.025635799,0.0010205045,0.0055463728,-0.0025226966,-0.0017054963,-0.0022470719,-0.19266486,-0.0063089129,0.0025657907,-0.005170000000020991,-0.0
2207.0,1529.0196,5.3983,12.2168,25.246404,5885.0849,0.0,0.0,0.0,0.0,0.0,0.0,0.0,0.0,0.0,0.0,0.0,0.0,0.0,0.0,0.0,0.0,0.0,0.0,0.0,0.0,0.0,0.0,0.0,0.0,0.0,0.0,0.0,0.0,0.0,0.0,0.0,0.0,0.0,0.0,0.0,0.0,0.0,0.0,0.0,0.0,0.0,0.0,0.0,0.0,0.0,0.0,0.0,0.0,0.0,0.0,0.0,0.0,0.0,0.0,0.0,0.0,0.0,0.0,0.0,0.0,0.0,0.0,0.0,0.0,19.815345,46.091074,-8.4344271e-15,39.68015,0.0,0.0,21.355167,89.349,173.879,64.3741,0.0,2.2441,30.3,0.40263847267939434,1.0000000005557306,0.9999999997544365,0.09710155384465999,0.575174824713285,0.0,0.0,0.0,0.0,0.0,0.0,0.0,0.0,0.0,0.0,0.0,0.0,0.0,0.0,0.0,0.0,0.0,0.0,0.0,0.0,0.0,0.0,0.0,0.0,0.0,0.0,0.0,0.0,0.0,0.0,0.0,0.0,0.0,0.0,0.0,0.0,0.0,0.0,0.0,0.0,0.0,0.0,0.0,0.0,0.0,0.0,0.0,0.0,0.0,0.0,0.0,0.0,0.0,0.0,0.0,0.0,0.0,0.0,0.0,0.0,0.0,0.0,0.0,0.0,0.06060616686151899,0.12121269858425701,-4.92761406036071e-17,0.15151598206499714,0.0,0.0,0.06060640683130702,0.9999999999776158,1.0000000000230047,0.9999999999378631,0.0,1.0000000003119283,0.04166666666666668,0.0023481636,-0.0028508711,-0.0014411053,-0.031105544,-0.0023481636,0.13920255,0.060760185,0.11020953,0.069607447,0.064104628,0.044360694,0.087810438,0.079719669,0.031068605,0.038745023,0.054839338,0.049925774,0.10745162,0.038691409,0.012972817,0.10043439,0.090342257,0.043878356,0.078056234,0.094361977,0.13769412,0.072348591,0.029493251,0.08383432,0.22646515,0.067110176,0.10355809,0.025998277,0.022271764,0.26678301,0.075162441,0.036245983,0.08379693,0.018336369,0.089264298,0.061192666,0.051097987,0.072324137,0.16779177,0.032758085,0.096226557,0.04029532,0.1947867,0.085236002,0.073160472,0.17315237,0.052237873,0.10980608,0.08724547,0.037558874,0.014107143,0.029233013,0.081055897,0.19651008,0.025034491,0.033032624,0.043000697,0.047951629,0.068568678,0.01970891,0.071779226,0.1526847,0.13157925,0.059291403,0.0040967936,0.0045189922,0.0019594213,0.0041575508,0.02471735,-0.00022399928,0.0052324272,-0.0022339324,-0.001517824,-0.0019980283,-0.17150168,-0.0056232596,0.0023481636,0.0,0.12018943
2208.0,1415.9,5.3983,12.2168,29.556362,6128.3589,0.0,0.0,0.0,0.0,0.0,0.0,0.0,0.0,0.0,0.0,0.0,0.0,0.0,0.0,0.0,0.0,0.0,0.0,0.0,0.0,0.0,0.0,0.0,0.0,0.0,0.0,0.0,0.0,0.0,0.0,0.0,0.0,0.0,0.0,0.0,0.0,0.0,0.0,0.0,0.0,0.0,0.0,0.0,0.0,0.0,0.0,0.0,0.0,0.0,0.0,0.0,0.0,0.0,0.0,0.0,0.0,0.0,0.0,0.0,0.0,0.0,0.0,0.0,0.0,23.117356,34.568301,0.0,39.68015,0.0,0.0,21.355167,89.349,173.879,64.3741,0.0,2.2441,0.0,0.37285055957867014,1.0000000005557308,0.9999999997544367,0.11367831538286648,0.5989510459037903,0.0,0.0,0.0,0.0,0.0,0.0,0.0,0.0,0.0,0.0,0.0,0.0,0.0,0.0,0.0,0.0,0.0,0.0,0.0,0.0,0.0,0.0,0.0,0.0,0.0,0.0,0.0,0.0,0.0,0.0,0.0,0.0,0.0,0.0,0.0,0.0,0.0,0.0,0.0,0.0,0.0,0.0,0.0,0.0,0.0,0.0,0.0,0.0,0.0,0.0,0.0,0.0,0.0,0.0,0.0,0.0,0.0,0.0,0.0,0.0,0.0,0.0,0.0,0.0,0.0707055231757578,0.0909095121038592,0.0,0.15151598206499714,0.0,0.0,0.06060640683130701,0.9999999999776165,1.000000000023004,0.999999999937863,0.0,1.0000000003119285,0.0,0.0019868882,-0.0023639575,-0.0011714881,-0.025163488,-0.0019868882,0.10604486,0.049565191,0.083871961,0.056538713,0.052111847,0.03609302,0.066672255,0.064705932,0.025236194,0.031503287,0.044728029,0.040723979,0.088717486,0.032499458,0.010979949,0.08327463,0.074723746,0.036605737,0.064697596,0.078326833,0.11086256,0.060436583,0.024855671,0.069790101,0.18213183,0.056019514,0.085731008,0.021928233,0.018794054,0.21441446,0.062376552,0.030555844,0.069385404,0.015491877,0.074238818,0.051187812,0.042633291,0.05999734,0.13511977,0.027629013,0.077628978,0.033660416,0.15689418,0.068854827,0.062195887,0.1423192,0.044728788,0.090617231,0.072087019,0.032278128,0.012213277,0.02514096,0.067789219,0.16142864,0.021554887,0.0284064,0.036942501,0.041170656,0.058549035,0.017048585,0.060224368,0.12571532,0.1084779,0.050647948,0.0042518724,0.0041542126,-0.0054409106,0.0039222177,0.024616679,-0.0014948913,0.0038939824,-0.0018395872,-0.0012361487,-0.0016692231,-0.14369653,-0.0047406857,0.0019868882,0.0,0.17993616
2209.0,1339.0,5.3983,12.2168,36.691737,6228.5306,0.0,0.0,0.0,0.0,0.0,0.0,0.0,0.0,0.0,0.0,0.0,0.0,0.0,0.0,0.0,0.0,0.0,0.0,0.0,0.0,0.0,0.0,0.0,0.0,0.0,0.0,0.0,0.0,0.0,0.0,0.0,0.0,0.0,0.0,0.0,0.0,0.0,0.0,0.0,0.0,0.0,0.0,0.0,0.0,0.0,0.0,0.0,0.0,0.0,0.0,0.0,0.0,0.0,0.0,0.0,0.0,0.0,0.0,0.0,0.0,0.0,0.0,0.0,0.0,19.815345,11.522749,-1.7081094e-14,18.515956,0.0,4.3661152e-14,21.355167,89.349,173.879,64.3741,0.0,2.2441,0.0,0.3526003949967084,1.000000000555731,0.9999999997544365,0.1411220653824442,0.6087412598034614,0.0,0.0,0.0,0.0,0.0,0.0,0.0,0.0,0.0,0.0,0.0,0.0,0.0,0.0,0.0,0.0,0.0,0.0,0.0,0.0,0.0,0.0,0.0,0.0,0.0,0.0,0.0,0.0,0.0,0.0,0.0,0.0,0.0,0.0,0.0,0.0,0.0,0.0,0.0,0.0,0.0,0.0,0.0,0.0,0.0,0.0,0.0,0.0,0.0,0.0,0.0,0.0,0.0,0.0,0.0,0.0,0.0,0.0,0.0,0.0,0.0,0.0,0.0,0.0,0.06060616686151899,0.030303123363952182,-9.979224191853289e-17,0.07070193175207946,0.0,9.438656992454383e-17,0.06060640683130702,0.9999999999776156,1.0000000000230045,0.9999999999378634,0.0,1.0000000003119294,0.0,0.0017606353,-0.0020855084,-0.00098231244,-0.018873231,-0.0017606353,0.089255044,0.043024234,0.070465808,0.048994747,0.045159777,0.031236288,0.055796193,0.056045494,0.021794521,0.027235589,0.038816648,0.035332091,0.075534017,0.028059364,0.0095297334,0.071162677,0.063707152,0.031424715,0.055250672,0.066997289,0.092271293,0.051952425,0.021516429,0.059839229,0.15151267,0.048128371,0.073160083,0.018990271,0.016280866,0.17827649,0.053340839,0.026460103,0.05920645,0.013431569,0.063602558,0.044051252,0.036604779,0.05127161,0.11250465,0.02393106,0.0647209,0.028927237,0.13067854,0.057478238,0.055373753,0.12443038,0.040034811,0.079714731,0.063533457,0.028926127,0.01098414,0.022523151,0.059828455,0.14093819,0.019325795,0.025460906,0.033095456,0.036884061,0.052265025,0.015337988,0.053266303,0.11014729,0.095242852,0.045251921,0.0040112004,0.0038800265,0.001743878,0.0036594101,0.024933625,0.0019980406,0.0046568416,-0.0014859236,-0.0009453306,-0.0013891563,-0.1164748,-0.0039212149,0.0017606353,0.0,0.24751477
2210.0,1182.2,5.3983,12.2168,44.528354,6672.1479,0.0,0.0,0.0,0.0,0.0,0.0,0.0,0.0,0.0,0.0,0.0,0.0,0.0,0.0,0.0,0.0,0.0,0.0,0.0,0.0,0.0,0.0,0.0,0.0,0.0,0.0,0.0,0.0,0.0,0.0,0.0,0.0,0.0,0.0,0.0,0.0,0.0,0.0,0.0,0.0,0.0,0.0,0.0,0.0,0.0,0.0,0.0,0.0,0.0,0.0,0.0,0.0,0.0,0.0,0.0,0.0,0.0,0.0,0.0,0.0,0.0,0.0,0.0,0.0,19.815345,-1.9663059e-13,4.4974121e-14,15.872082,0.0,14.017588,21.355167,89.349,173.879,64.3741,0.042,2.2441,0.0,0.31131007241606323,1.0000000005557304,0.9999999997544362,0.17126289999736524,0.6520978990198792,0.0,0.0,0.0,0.0,0.0,0.0,0.0,0.0,0.0,0.0,0.0,0.0,0.0,0.0,0.0,0.0,0.0,0.0,0.0,0.0,0.0,0.0,0.0,0.0,0.0,0.0,0.0,0.0,0.0,0.0,0.0,0.0,0.0,0.0,0.0,0.0,0.0,0.0,0.0,0.0,0.0,0.0,0.0,0.0,0.0,0.0,0.0,0.0,0.0,0.0,0.0,0.0,0.0,0.0,0.0,0.0,0.0,0.0,0.0,0.0,0.0,0.0,0.0,0.0,0.060606166861518956,-5.171093309328098e-16,2.627506389757804e-16,0.06060647683151813,0.0,0.030303186913974385,0.060606406831307,0.9999999999776155,1.0000000000230047,0.9999999999378631,0.00575263662511985,1.0000000003119287,0.0,0.0013158922,-0.0017584104,-0.0008126807,-0.013928586,-0.0013158922,0.098782853,0.042807124,0.077917896,0.049086281,0.045153956,0.031071479,0.061585015,0.056191599,0.021674512,0.027075261,0.038619677,0.035123684,0.073114702,0.026970319,0.0091044853,0.068396865,0.061828669,0.030418417,0.053678724,0.064357735,0.092877947,0.050153551,0.020635643,0.057393501,0.15077689,0.046381247,0.070584537,0.018209277,0.015620595,0.17707164,0.051247024,0.025370353,0.057496233,0.012864265,0.061034973,0.042441824,0.035419613,0.04981839,0.11261689,0.022943969,0.065079444,0.02795686,0.13042371,0.057590981,0.052587437,0.11955585,0.03808018,0.077201361,0.061681727,0.027442808,0.010408602,0.021335296,0.057133251,0.13507972,0.018311876,0.024144662,0.031386414,0.03501191,0.049604453,0.014553792,0.050865233,0.1060617,0.091969461,0.043016228,0.0034397469,0.0034587367,0.0016451679,0.0033689619,0.024092759,0.0022706274,0.0034656305,-0.0011596206,-0.00071044135,-0.0011116642,-0.095409617,-0.0032340054,0.0013158922,0.0,0.080396432
2211.0,1102.2,5.3983,12.2168,47.320987,6833.1381,0.0,0.0,0.0,0.0,0.0,0.0,0.0,0.0,0.0,0.0,0.0,0.0,0.0,0.0,0.0,0.0,0.0,0.0,0.0,0.0,0.0,0.0,0.0,0.0,0.0,0.0,0.0,0.0,0.0,0.0,0.0,0.0,0.0,0.0,0.0,0.0,0.0,0.0,0.0,0.0,0.0,0.0,0.0,0.0,0.0,0.0,0.0,0.0,0.0,0.0,0.0,0.0,0.0,0.0,0.0,0.0,0.0,0.0,0.0,0.0,0.0,0.0,0.0,0.0,19.815345,0.0,-3.7663616e-15,7.9360213,0.0,14.017588,21.355167,89.349,173.879,64.3741,0.063,2.2441,0.0,0.2902435813034891,1.0000000005557304,0.9999999997544369,0.18200379615104617,0.6678321682171764,0.0,0.0,0.0,0.0,0.0,0.0,0.0,0.0,0.0,0.0,0.0,0.0,0.0,0.0,0.0,0.0,0.0,0.0,0.0,0.0,0.0,0.0,0.0,0.0,0.0,0.0,0.0,0.0,0.0,0.0,0.0,0.0,0.0,0.0,0.0,0.0,0.0,0.0,0.0,0.0,0.0,0.0,0.0,0.0,0.0,0.0,0.0,0.0,0.0,0.0,0.0,0.0,0.0,0.0,0.0,0.0,0.0,0.0,0.0,0.0,0.0,0.0,0.0,0.0,0.06060616686151899,0.0,-2.2004074676942382e-17,0.030303163192634992,0.0,0.030303186913974392,0.06060640683130703,0.9999999999776158,1.0000000000230052,0.9999999999378631,0.008628954937679784,1.0000000003119294,0.0,0.0011161341,-0.0016386826,-0.0007396403,-0.012411527,-0.0011161341,0.082188778,0.037238027,0.064910322,0.042569146,0.039201865,0.027069581,0.051441618,0.048721131,0.018901745,0.023606639,0.033598617,0.030575078,0.06118701,0.022830317,0.0077753789,0.057808761,0.051569849,0.025490863,0.04472351,0.054442521,0.073568922,0.042183367,0.017531337,0.048665594,0.12120117,0.039097645,0.059344567,0.015469411,0.013263783,0.14269499,0.043340527,0.021557808,0.047924573,0.010949595,0.051709705,0.035802245,0.029700198,0.041506475,0.089845763,0.019499407,0.051624287,0.023479317,0.10445057,0.045906666,0.045443973,0.098838561,0.033131535,0.063880016,0.051054651,0.024004264,0.0091837763,0.018693093,0.048351674,0.11174317,0.01606122,0.021139114,0.027448821,0.030583487,0.043080962,0.012817759,0.043201497,0.087768994,0.0761173,0.037344064,0.0032450442,-0.0011193273,0.0015520452,0.0031782659,0.023242317,0.001778249,0.0032694627,-0.0010211567,-0.00063204138,-0.00096498916,-0.086869183,-0.0029184767,0.0011161341,0.0,0.0041347767
2212.0,1102.2,5.3983,12.2168,46.635549,6886.8015,0.0,0.0,0.0,0.0,0.0,0.0,0.0,0.0,0.0,0.0,0.0,0.0,0.0,0.0,0.0,0.0,0.0,0.0,0.0,0.0,0.0,0.0,0.0,0.0,0.0,0.0,0.0,0.0,0.0,0.0,0.0,0.0,0.0,0.0,0.0,0.0,0.0,0.0,0.0,0.0,0.0,0.0,0.0,0.0,0.0,0.0,0.0,0.0,0.0,0.0,0.0,0.0,0.0,0.0,0.0,0.0,0.0,0.0,0.0,0.0,0.0,0.0,0.0,0.0,19.815345,0.0,-2.452289e-15,7.9360213,0.0,14.017588,10.677569,89.349,173.879,64.3741,0.063,2.2441,0.0,0.29024358130348926,1.0000000005557308,0.9999999997544365,0.1793674961510867,0.6730769246162773,0.0,0.0,0.0,0.0,0.0,0.0,0.0,0.0,0.0,0.0,0.0,0.0,0.0,0.0,0.0,0.0,0.0,0.0,0.0,0.0,0.0,0.0,0.0,0.0,0.0,0.0,0.0,0.0,0.0,0.0,0.0,0.0,0.0,0.0,0.0,0.0,0.0,0.0,0.0,0.0,0.0,0.0,0.0,0.0,0.0,0.0,0.0,0.0,0.0,0.0,0.0,0.0,0.0,0.0,0.0,0.0,0.0,0.0,0.0,0.0,0.0,0.0,0.0,0.0,0.060606166861519,0.0,-1.4326917066445338e-17,0.030303163192635,0.0,0.03030318691397439,0.0303031622643528,0.9999999999776155,1.0000000000230047,0.9999999999378634,0.008628954937679779,1.0000000003119294,0.0,0.0010291115,-0.0014899822,-0.00068239725,-0.011849817,-0.0010291115,0.067219433,0.03219723,0.053131011,0.036675012,0.03381092,0.023417256,0.042177384,0.041961054,0.016357916,0.020431224,0.029051711,0.026450273,0.050987845,0.019389206,0.006678434,0.048667759,0.042902019,0.021398803,0.037223903,0.045893119,0.057652414,0.035533358,0.014957526,0.041164376,0.096078024,0.032977906,0.04970929,0.013206484,0.011324899,0.11331581,0.036523958,0.018400351,0.039875803,0.00937146,0.043687735,0.030256821,0.024949276,0.034565242,0.070831305,0.016652015,0.040552261,0.019757548,0.082614434,0.036244063,0.042339269,0.091711802,0.030974083,0.059691371,0.047807503,0.022430667,0.008598053,0.017455605,0.044961327,0.10348005,0.015006685,0.019752438,0.025639721,0.028579129,0.040180189,0.01200547,0.040218392,0.081618449,0.070956876,0.034871071,0.0030613625,-0.0048648988,0.0014641936,0.0029983641,0.022020145,0.0016775934,0.0030843988,-0.00096503034,-0.00059972893,-0.00090203721,-0.081838875,-0.0027621549,0.0010291115,0.0,0.0046779088
2213.0,1102.2,5.3983,12.2168,47.320987,6886.8015,0.0,0.0,0.0,0.0,0.0,0.0,0.0,0.0,0.0,0.0,0.0,0.0,0.0,0.0,0.0,0.0,0.0,0.0,0.0,0.0,0.0,0.0,0.0,0.0,0.0,0.0,0.0,0.0,0.0,0.0,0.0,0.0,0.0,0.0,0.0,0.0,0.0,0.0,0.0,0.0,0.0,0.0,0.0,0.0,0.0,0.0,0.0,0.0,0.0,0.0,0.0,0.0,0.0,0.0,0.0,0.0,0.0,0.0,0.0,0.0,0.0,0.0,0.0,0.0,19.815345,1.0948056e-14,0.0,7.9360213,0.0,14.017588,10.677569,89.349,173.879,64.3741,0.075,2.2441,0.0,0.29024358130348915,1.0000000005557308,0.9999999997544365,0.18200379615104614,0.6730769246162744,0.0,0.0,0.0,0.0,0.0,0.0,0.0,0.0,0.0,0.0,0.0,0.0,0.0,0.0,0.0,0.0,0.0,0.0,0.0,0.0,0.0,0.0,0.0,0.0,0.0,0.0,0.0,0.0,0.0,0.0,0.0,0.0,0.0,0.0,0.0,0.0,0.0,0.0,0.0,0.0,0.0,0.0,0.0,0.0,0.0,0.0,0.0,0.0,0.0,0.0,0.0,0.0,0.0,0.0,0.0,0.0,0.0,0.0,0.0,0.0,0.0,0.0,0.0,0.0,0.06060616686151898,2.8791765885333175e-17,0.0,0.030303163192634992,0.0,0.03030318691397438,0.03030316226435279,0.9999999999776159,1.0000000000230047,0.9999999999378636,0.010272565401999736,1.0000000003119283,0.0,0.0009738461,-0.0013604246,-0.00065070516,-0.010861231,-0.0009738461,0.054616793,0.027887413,0.043166268,0.031645808,0.029201886,0.020264388,0.034258058,0.036189106,0.014147636,0.017679462,0.02516166,0.022915118,0.043435003,0.01689766,0.0058813526,0.041771482,0.036588399,0.018464473,0.031820716,0.0394485,0.046735484,0.03072671,0.013093317,0.03551915,0.078073964,0.028509726,0.042528441,0.011573698,0.0099298797,0.092078328,0.031385719,0.01611314,0.034047647,0.0082316914,0.037647831,0.02623097,0.02153867,0.029581457,0.057536202,0.014592893,0.03297314,0.01708139,0.067193527,0.029571972,0.037559761,0.078262959,0.027665394,0.051146808,0.041011691,0.020112593,0.0077641356,0.015666196,0.039176469,0.08826494,0.013482456,0.017723218,0.02298404,0.025600361,0.035803039,0.010829861,0.035167818,0.069784046,0.060746213,0.031077572,0.0031772464,0.002904022,-0.0023607135,0.0028286454,0.020887751,0.0019064625,0.0015300892,-0.00089005598,-0.00055067297,-0.00082764291,-0.075586388,-0.002559339,0.0009738461,0.0,0.039112803
2214.0,1102.2,5.3983,12.2168,51.517657,6886.8015,0.0,0.0,0.0,0.0,0.0,0.0,0.0,0.0,0.0,0.0,0.0,0.0,0.0,0.0,0.0,0.0,0.0,0.0,0.0,0.0,0.0,0.0,0.0,0.0,0.0,0.0,0.0,0.0,0.0,0.0,0.0,0.0,0.0,0.0,0.0,0.0,0.0,0.0,0.0,0.0,0.0,0.0,0.0,0.0,0.0,0.0,0.0,0.0,0.0,0.0,0.0,0.0,0.0,0.0,0.0,0.0,0.0,0.0,0.0,0.0,0.0,0.0,0.0,0.0,19.815345,9.0218242e-14,0.0,7.9360213,0.0,14.017588,10.677569,89.349,173.879,64.3741,0.099,2.2441,0.0,0.29024358130348915,1.0000000005557306,0.9999999997544368,0.19814483461233623,0.6730769246162771,0.0,0.0,0.0,0.0,0.0,0.0,0.0,0.0,0.0,0.0,0.0,0.0,0.0,0.0,0.0,0.0,0.0,0.0,0.0,0.0,0.0,0.0,0.0,0.0,0.0,0.0,0.0,0.0,0.0,0.0,0.0,0.0,0.0,0.0,0.0,0.0,0.0,0.0,0.0,0.0,0.0,0.0,0.0,0.0,0.0,0.0,0.0,0.0,0.0,0.0,0.0,0.0,0.0,0.0,0.0,0.0,0.0,0.0,0.0,0.0,0.0,0.0,0.0,0.0,0.06060616686151897,2.372606152407635e-16,0.0,0.030303163192634985,0.0,0.03030318691397439,0.030303162264352798,0.9999999999776162,1.0000000000230052,0.9999999999378634,0.013559786330639654,1.0000000003119283,0.0,0.00088951393,-0.0011819814,-0.00058961086,-0.0093294149,-0.00088951393,0.05850809,0.027247236,0.046161795,0.031096752,0.028642242,0.01977022,0.036502407,0.035578575,0.01378877,0.017231456,0.024581618,0.022367246,0.038972831,0.015426836,0.0053997518,0.037546181,0.03294582,0.016786108,0.028748295,0.035496921,0.041346468,0.027933743,0.011987502,0.032048418,0.068436798,0.025873653,0.038223134,0.010602767,0.0091071494,0.080543478,0.028236516,0.014753768,0.03071168,0.0075526383,0.033937831,0.023866336,0.019582465,0.026756604,0.050722681,0.013369662,0.029237009,0.015539349,0.05914058,0.026218116,0.033452939,0.066619108,0.02482254,0.043731352,0.035110265,0.018123883,0.0070488424,0.014132113,0.034185804,0.075103404,0.012175323,0.015982576,0.020706339,0.023044266,0.032045023,0.009821457,0.030811431,0.059531352,0.051892489,0.0278182,0.0029974023,0.0027396434,-0.005783826,0.0020305982,0.019840814,0.0014930522,0.002745104,-0.00078602586,-0.00047615176,-0.00073908148,-0.067799913,-0.0023210124,0.00088951393,0.0,0.052015264
2215.0,1102.2,5.3983,12.2168,55.872216,7111.2715,0.0,0.0,0.0,0.0,0.0,0.0,0.0,0.0,0.0,0.0,0.0,0.0,0.0,0.0,0.0,0.0,0.0,0.0,0.0,0.0,0.0,0.0,0.0,0.0,0.0,0.0,0.0,0.0,0.0,0.0,0.0,0.0,0.0,0.0,0.0,0.0,0.0,0.0,0.0,0.0,0.0,0.0,0.0,0.0,0.0,0.0,0.0,0.0,0.0,0.0,0.0,0.0,0.0,0.0,0.0,0.0,0.0,0.0,0.0,0.0,0.0,0.0,0.0,0.0,9.9076601,-4.5169169e-15,-6.4957302e-15,5.9354072e-14,0.0,14.017588,10.677569,89.349,173.879,64.3741,0.13,2.2441,0.0,0.2902435813034892,1.0000000005557304,0.9999999997544367,0.2148931384582325,0.6950153494813771,0.0,0.0,0.0,0.0,0.0,0.0,0.0,0.0,0.0,0.0,0.0,0.0,0.0,0.0,0.0,0.0,0.0,0.0,0.0,0.0,0.0,0.0,0.0,0.0,0.0,0.0,0.0,0.0,0.0,0.0,0.0,0.0,0.0,0.0,0.0,0.0,0.0,0.0,0.0,0.0,0.0,0.0,0.0,0.0,0.0,0.0,0.0,0.0,0.0,0.0,0.0,0.0,0.0,0.0,0.0,0.0,0.0,0.0,0.0,0.0,0.0,0.0,0.0,0.0,0.030303045504774907,-1.187882249673411e-17,-3.7949763613262713e-17,2.266395290500805e-16,0.0,0.030303186913974392,0.03030316226435279,0.9999999999776156,1.0000000000230043,0.9999999999378634,0.017805780030132872,1.0000000003119283,0.0,0.00080675128,-0.0011341838,-0.00052609273,-0.0078863441,-0.00080675128,0.043300344,0.022842124,0.034190888,0.025875391,0.023883374,0.016572596,0.02707995,0.029579636,0.011557353,0.014451477,0.020606978,0.018766371,0.034100459,0.013812011,0.0048795516,0.033103639,0.028867542,0.014883466,0.025252352,0.031346403,0.0342407,0.024823385,0.010781353,0.028412256,0.056792149,0.022984523,0.03359343,0.0095410631,0.0081983581,0.066817509,0.024925209,0.013269861,0.026944089,0.0068102931,0.030045833,0.02125938,0.017370333,0.023530151,0.042097552,0.012032435,0.024305261,0.01380359,0.04915345,0.021881423,0.030505065,0.058533285,0.02277351,0.038608919,0.031041611,0.016680978,0.0065241167,0.013015422,0.030665894,0.065947206,0.01122295,0.01471778,0.019053466,0.021192942,0.029335788,0.0090845703,0.027731715,0.052418854,0.045762267,0.025471902,0.0023030199,0.0025845692,0.0012293652,0.0019156587,0.018879431,0.0014085398,0.001361774,-0.00069671176,-0.00040660737,-0.00066494639,-0.06071714,-0.002111283,0.00080675128,0.0,0.045429892
2216.0,1021.2,5.3983,12.2168,57.924379,7316.4422,0.0,0.0,0.0,0.0,0.0,0.0,0.0,0.0,0.0,0.0,0.0,0.0,0.0,0.0,0.0,0.0,0.0,0.0,0.0,0.0,0.0,0.0,0.0,0.0,0.0,0.0,0.0,0.0,0.0,0.0,0.0,0.0,0.0,0.0,0.0,0.0,0.0,0.0,0.0,0.0,0.0,0.0,0.0,0.0,0.0,0.0,0.0,0.0,0.0,0.0,0.0,0.0,0.0,0.0,0.0,0.0,0.0,0.0,0.0,0.0,0.0,0.0,0.0,0.0,9.9076601,1.9786901e-16,-4.0575867e-14,-2.1428503e-13,0.0,14.017588,1.2356588e-13,89.349,173.879,64.3741,0.146,2.2441,0.0,0.2689137590520079,1.0000000005557308,0.9999999997544367,0.22278607307349568,0.7150675702078455,0.0,0.0,0.0,0.0,0.0,0.0,0.0,0.0,0.0,0.0,0.0,0.0,0.0,0.0,0.0,0.0,0.0,0.0,0.0,0.0,0.0,0.0,0.0,0.0,0.0,0.0,0.0,0.0,0.0,0.0,0.0,0.0,0.0,0.0,0.0,0.0,0.0,0.0,0.0,0.0,0.0,0.0,0.0,0.0,0.0,0.0,0.0,0.0,0.0,0.0,0.0,0.0,0.0,0.0,0.0,0.0,0.0,0.0,0.0,0.0,0.0,0.0,0.0,0.0,0.030303045504774886,5.203661921242134e-19,-2.3705488276794295e-16,-8.18232964398506e-16,0.0,0.030303186913974385,3.5068253007567025e-16,0.9999999999776155,1.000000000023004,0.9999999999378628,0.019997260649226144,1.0000000003119283,0.0,0.00067326849,-0.001108043,-0.00049574822,-0.0069336519,-0.00067326849,0.033163891,0.01984695,0.0262092,0.022331918,0.020651585,0.014396331,0.020792636,0.025509532,0.010038687,0.012559004,0.017904702,0.016317258,0.0322412,0.013161034,0.0046572101,0.031266002,0.027370188,0.014176605,0.023994464,0.02962044,0.032566347,0.023625087,0.010281816,0.026878043,0.053471444,0.021843504,0.031761435,0.0091044753,0.0078277498,0.062783767,0.023551538,0.012655256,0.025576567,0.0065011272,0.028412612,0.020231467,0.016544214,0.022374463,0.039864777,0.01148003,0.02313659,0.013146542,0.04644591,0.020797271,0.027303868,0.049173204,0.020554323,0.032567667,0.026218223,0.015142331,0.005976647,0.011834226,0.026713945,0.055418274,0.010216951,0.013373429,0.017292034,0.019210428,0.02641442,0.0083079637,0.024282524,0.044144949,0.03858235,0.022928865,0.0024248858,0.0024382729,0.0011597785,0.0018072252,0.018136095,0.0013288111,0.0012846924,-0.00065631602,-0.00036342866,-0.00063185406,-0.055700835,-0.0019969056,0.00067326849,0.0,0.00047877578
2217.0,1021.2,5.3983,12.2168,60.118453,7809.1699,0.0,0.0,0.0,0.0,0.0,0.0,0.0,0.0,0.0,0.0,0.0,0.0,0.0,0.0,0.0,0.0,0.0,0.0,0.0,0.0,0.0,0.0,0.0,0.0,0.0,0.0,0.0,0.0,0.0,0.0,0.0,0.0,0.0,0.0,0.0,0.0,0.0,0.0,0.0,0.0,0.0,0.0,0.0,0.0,0.0,0.0,0.0,0.0,0.0,0.0,0.0,0.0,0.0,0.0,0.0,0.0,0.0,0.0,0.0,0.0,0.0,0.0,0.0,0.0,9.9076601,-6.8405688e-15,0.0,4.6764673e-14,0.0,14.017588,0.0,89.349,173.879,64.3741,0.15,2.2441,0.0,0.268913759052008,1.0000000005557308,0.9999999997544368,0.23122481922721186,0.7632239814227255,0.0,0.0,0.0,0.0,0.0,0.0,0.0,0.0,0.0,0.0,0.0,0.0,0.0,0.0,0.0,0.0,0.0,0.0,0.0,0.0,0.0,0.0,0.0,0.0,0.0,0.0,0.0,0.0,0.0,0.0,0.0,0.0,0.0,0.0,0.0,0.0,0.0,0.0,0.0,0.0,0.0,0.0,0.0,0.0,0.0,0.0,0.0,0.0,0.0,0.0,0.0,0.0,0.0,0.0,0.0,0.0,0.0,0.0,0.0,0.0,0.0,0.0,0.0,0.0,0.030303045504774903,-1.798968286352522e-17,0.0,1.7856775630998007e-16,0.0,0.03030318691397439,0.0,0.9999999999776151,1.0000000000230043,0.9999999999378631,0.02054513080399948,1.0000000003119291,0.0,0.00063515895,-0.001076212,-0.00046367582,-0.0064524411,-0.00063515895,0.027359507,0.017930222,0.02160878,0.020089381,0.018596137,0.012986035,0.017117561,0.022933851,0.0090464106,0.011325764,0.016174062,0.014743528,0.03325493,0.013411366,0.0047034409,0.031862019,0.02835618,0.014610088,0.02489538,0.030157715,0.036397721,0.024242443,0.010438467,0.027298478,0.05847377,0.022352245,0.032575425,0.0092454874,0.0079521425,0.068402738,0.02398533,0.012843886,0.02652168,0.0065883415,0.028881772,0.020689394,0.017036653,0.023216341,0.04407926,0.011651051,0.025786249,0.013514223,0.051060382,0.023000364,0.025876728,0.045763428,0.019559972,0.030516668,0.024618215,0.014423255,0.0057100372,0.01127071,0.025126182,0.051494867,0.0097366749,0.012740374,0.016466126,0.018292757,0.02508455,0.0079370892,0.022885213,0.041183413,0.036076628,0.021790146,0.0022876281,0.0023002574,-0.0014538704,0.0017049294,0.017067144,0.0015100969,-0.00060259716,-0.00059310637,-0.00033762745,-0.00058679471,-0.05241489,-0.0018633982,0.00063515895,0.0,0.016241607
2218.0,1021.2,5.3983,12.2168,62.469887,7718.654,0.0,0.0,0.0,0.0,0.0,0.0,0.0,0.0,0.0,0.0,0.0,0.0,0.0,0.0,0.0,0.0,0.0,0.0,0.0,0.0,0.0,0.0,0.0,0.0,0.0,0.0,0.0,0.0,0.0,0.0,0.0,0.0,0.0,0.0,0.0,0.0,0.0,0.0,0.0,0.0,0.0,0.0,0.0,0.0,0.0,0.0,0.0,0.0,0.0,0.0,0.0,0.0,0.0,0.0,0.0,0.0,0.0,0.0,0.0,0.0,0.0,0.0,0.0,0.0,1.2202199e-13,-6.1173838e-15,9.3382584e-14,8.1807176e-14,0.0,14.017588,-1.526532e-13,89.349,173.879,64.3741,0.166,2.2441,0.0,0.268913759052008,1.0000000005557308,0.9999999997544358,0.24026879615014982,0.7543774706584948,0.0,0.0,0.0,0.0,0.0,0.0,0.0,0.0,0.0,0.0,0.0,0.0,0.0,0.0,0.0,0.0,0.0,0.0,0.0,0.0,0.0,0.0,0.0,0.0,0.0,0.0,0.0,0.0,0.0,0.0,0.0,0.0,0.0,0.0,0.0,0.0,0.0,0.0,0.0,0.0,0.0,0.0,0.0,0.0,0.0,0.0,0.0,0.0,0.0,0.0,0.0,0.0,0.0,0.0,0.0,0.0,0.0,0.0,0.0,0.0,0.0,0.0,0.0,0.0,3.7321000904675646e-16,-1.608781341640286e-17,5.455656068344169e-16,3.1237519544669223e-16,0.0,0.03030318691397439,-4.332329474782789e-16,0.9999999999776158,1.0000000000230045,0.9999999999378636,0.022736611423092752,1.0000000003119291,0.0,0.00059920656,-0.0009474674,-0.00041068685,-0.0056220361,-0.00059920656,0.0263001,0.017149503,0.020734432,0.019221845,0.017786027,0.012397212,0.016360361,0.021940214,0.0086252022,0.010804117,0.015467841,0.014095126,0.029084662,0.011972799,0.0042421707,0.028183681,0.024766946,0.012886262,0.021758895,0.026715528,0.029432709,0.021466068,0.0093604986,0.024275873,0.047906774,0.019817166,0.028659569,0.0082929515,0.0071322653,0.056125786,0.021239788,0.011522912,0.023171031,0.0059228988,0.025650803,0.018375152,0.015033715,0.020302578,0.035911258,0.0104554,0.020944633,0.011951119,0.041773124,0.018806943,0.024002289,0.040579434,0.018257044,0.027222714,0.022001392,0.013508352,0.0053794083,0.010563936,0.022879703,0.045632875,0.0091340582,0.011938984,0.015417941,0.017117651,0.023362892,0.0074713206,0.020919377,0.036618775,0.032137862,0.020298052,0.0019336599,0.0021700542,0.0010321987,0.001608424,0.016224908,0.0014246197,0.0011433717,-0.00052794704,-0.00029617462,-0.000532811,-0.048114428,-0.001683028,0.00059920656,0.0,0.034417748
2219.0,1021.2,5.3983,12.2168,67.718731,8040.2352,0.0,0.0,0.0,0.0,0.0,0.0,0.0,0.0,0.0,0.0,0.0,0.0,0.0,0.0,0.0,0.0,0.0,0.0,0.0,0.0,0.0,0.0,0.0,0.0,0.0,0.0,0.0,0.0,0.0,0.0,0.0,0.0,0.0,0.0,0.0,0.0,0.0,0.0,0.0,0.0,0.0,0.0,0.0,0.0,0.0,0.0,0.0,0.0,0.0,0.0,0.0,0.0,0.0,0.0,0.0,0.0,0.0,0.0,0.0,0.0,0.0,0.0,0.0,0.0,-1.9540861e-13,0.0,0.0,0.0,0.0,14.017588,1.0707527e-13,89.349,173.879,64.3741,0.186,2.2441,0.0,0.2689137590520079,1.0000000005557308,0.9999999997544368,0.2604566576883008,0.7858069935088918,0.0,0.0,0.0,0.0,0.0,0.0,0.0,0.0,0.0,0.0,0.0,0.0,0.0,0.0,0.0,0.0,0.0,0.0,0.0,0.0,0.0,0.0,0.0,0.0,0.0,0.0,0.0,0.0,0.0,0.0,0.0,0.0,0.0,0.0,0.0,0.0,0.0,0.0,0.0,0.0,0.0,0.0,0.0,0.0,0.0,0.0,0.0,0.0,0.0,0.0,0.0,0.0,0.0,0.0,0.0,0.0,0.0,0.0,0.0,0.0,0.0,0.0,0.0,0.0,-5.97666446071844e-16,0.0,0.0,0.0,0.0,0.03030318691397439,3.038818368965245e-16,0.9999999999776165,1.000000000023005,0.9999999999378634,0.025475962196959356,1.000000000311928,0.0,0.0005652892,-0.00080118215,-0.0003939206,-0.0047105577,-0.0005652892,0.023211657,0.016105535,0.018291216,0.018002818,0.01666895,0.011632881,0.014416838,0.020540751,0.0080882829,0.010136511,0.014525148,0.013238402,0.029070803,0.011863906,0.0041821967,0.028028665,0.024776287,0.012835797,0.021762225,0.026552856,0.03046367,0.021349031,0.0092570505,0.024090284,0.049283106,0.019695544,0.028572717,0.0081990723,0.0070510268,0.057688237,0.021112691,0.011393721,0.023178053,0.0058489355,0.025468171,0.018247622,0.014970744,0.020300649,0.037045944,0.01033555,0.021639326,0.011890573,0.043013788,0.019371563,0.022815467,0.037588278,0.017425008,0.025359678,0.020531913,0.012913667,0.0051593097,0.010100645,0.021524121,0.042228345,0.0087385482,0.011416405,0.014736304,0.016357255,0.022260792,0.0071640079,0.019726175,0.033996227,0.029891161,0.019347483,0.0018242075,0.00034177813,-0.0013026196,0.00034590914,0.015413615,0.0013439809,0.0010786525,-0.00047944327,-0.0002537853,-0.00048138864,-0.043800727,-0.0015272454,0.0005652892,0.0,0.039788213
2220.0,939.1,5.3983,12.2168,70.660609,8389.3764,0.0,0.0,0.0,0.0,0.0,0.0,0.0,0.0,0.0,0.0,0.0,0.0,0.0,0.0,0.0,0.0,0.0,0.0,0.0,0.0,0.0,0.0,0.0,0.0,0.0,0.0,0.0,0.0,0.0,0.0,0.0,0.0,0.0,0.0,0.0,0.0,0.0,0.0,0.0,0.0,0.0,0.0,0.0,0.0,0.0,0.0,0.0,0.0,0.0,0.0,0.0,0.0,0.0,0.0,0.0,0.0,0.0,0.0,0.0,0.0,0.0,0.0,0.0,0.0,-5.3467489e-14,0.0,0.0,-4.7799039e-14,0.0,14.017588,-1.3918884e-13,89.349,173.879,64.3741,0.19,2.2441,0.0,0.24729427254772882,1.0000000005557304,0.9999999997544367,0.271771573072742,0.8199300744707647,0.0,0.0,0.0,0.0,0.0,0.0,0.0,0.0,0.0,0.0,0.0,0.0,0.0,0.0,0.0,0.0,0.0,0.0,0.0,0.0,0.0,0.0,0.0,0.0,0.0,0.0,0.0,0.0,0.0,0.0,0.0,0.0,0.0,0.0,0.0,0.0,0.0,0.0,0.0,0.0,0.0,0.0,0.0,0.0,0.0,0.0,0.0,0.0,0.0,0.0,0.0,0.0,0.0,0.0,0.0,0.0,0.0,0.0,0.0,0.0,0.0,0.0,0.0,0.0,-1.6353283578965852e-16,0.0,0.0,-1.8251741326199874e-16,0.0,0.030303186913974392,-3.950208145606026e-16,0.9999999999776155,1.000000000023005,0.9999999999378634,0.02602383235173267,1.000000000311929,0.0,0.00048492484,-0.00071414052,-0.00037397445,-0.004178825,-0.00048492484,0.025024971,0.01618181,0.019723954,0.018144809,0.016786889,0.011695077,0.015554583,0.020711389,0.0081349059,0.010190826,0.014594577,0.013298258,0.026735424,0.010996447,0.0038982348,0.025970538,0.022725712,0.011814233,0.019944451,0.024617021,0.026609387,0.019702181,0.0085986744,0.022368823,0.043646796,0.018206538,0.026370368,0.0076166956,0.006548376,0.051207913,0.019570457,0.010587161,0.021248812,0.0054401131,0.023636015,0.016875278,0.013785766,0.018604644,0.032582649,0.0096043497,0.018939168,0.010961808,0.037971904,0.017039905,0.022038594,0.03589875,0.016875712,0.024349742,0.019747193,0.012512621,0.0050094051,0.0097858886,0.02069908,0.040279804,0.0084698947,0.011062963,0.014275469,0.01584617,0.021528566,0.0069550837,0.018994183,0.032528206,0.028651963,0.018721278,0.0017209505,-0.0013875673,-0.0035357731,0.0014314916,0.014628818,0.0010525429,0.0010175967,-0.00043386037,-0.00022961856,-0.00044127202,-0.040958684,-0.0014188839,0.00048492484,-0.23640000000000327,-0.0
2221.0,1021.2,5.3983,12.2168,67.718731,8314.0903,0.0,0.0,0.0,0.0,0.0,0.0,0.0,0.0,0.0,0.0,0.0,0.0,0.0,0.0,0.0,0.0,0.0,0.0,0.0,0.0,0.0,0.0,0.0,0.0,0.0,0.0,0.0,0.0,0.0,0.0,0.0,0.0,0.0,0.0,0.0,0.0,0.0,0.0,0.0,0.0,0.0,0.0,0.0,0.0,0.0,0.0,0.0,0.0,0.0,0.0,0.0,0.0,0.0,0.0,0.0,0.0,0.0,0.0,0.0,0.0,0.0,0.0,0.0,0.0,2.1365602e-13,0.0,0.0,-1.7845578e-14,0.0,28.035154,0.0,89.349,173.879,64.3741,0.166,2.2441,0.0,0.268913759052008,1.0000000005557304,0.9999999997544367,0.2604566576883006,0.812572037992675,0.0,0.0,0.0,0.0,0.0,0.0,0.0,0.0,0.0,0.0,0.0,0.0,0.0,0.0,0.0,0.0,0.0,0.0,0.0,0.0,0.0,0.0,0.0,0.0,0.0,0.0,0.0,0.0,0.0,0.0,0.0,0.0,0.0,0.0,0.0,0.0,0.0,0.0,0.0,0.0,0.0,0.0,0.0,0.0,0.0,0.0,0.0,0.0,0.0,0.0,0.0,0.0,0.0,0.0,0.0,0.0,0.0,0.0,0.0,0.0,0.0,0.0,0.0,0.0,6.534770098167878e-16,0.0,0.0,-6.814213847950443e-17,0.0,0.060606326268403427,0.0,0.9999999999776159,1.0000000000230043,0.9999999999378631,0.02273661142309274,1.000000000311928,0.0,0.00048123123,-0.00067342126,-0.0003733185,-0.0042668054,-0.00048123123,0.030521286,0.016923591,0.024052074,0.01912246,0.017654906,0.012241292,0.018965643,0.021847815,0.008519471,0.010664238,0.015264492,0.013898453,0.024241818,0.010119917,0.0036163485,0.023756698,0.020573394,0.010774749,0.018062106,0.022541544,0.022592549,0.018019588,0.0079401631,0.02053778,0.03752175,0.016671504,0.024018273,0.0070348683,0.006049169,0.04410099,0.017916225,0.0097790305,0.019238305,0.0050340936,0.021681457,0.015474419,0.012580034,0.016855709,0.027850577,0.0088739007,0.016134859,0.010016993,0.032577224,0.014605102,0.021687599,0.035661252,0.016620581,0.024317265,0.019750845,0.012306831,0.0049253832,0.0096178492,0.020445702,0.039938106,0.0083258931,0.010878814,0.014037647,0.01558958,0.021177985,0.0068421048,0.018759074,0.032359067,0.028557506,0.018432481,0.0016235382,-0.0031105694,-0.0057493826,0.0013504638,0.013857672,0.0011961382,-0.00058528623,-0.00043535383,-0.0002322448,-0.00044394282,-0.040314465,-0.0014035698,0.00048123123,-0.5207000000000335,-0.0
2222.0,1021.2,5.3983,12.2168,64.99646,7291.0657,0.0,0.0,0.0,0.0,0.0,0.0,0.0,0.0,0.0,0.0,0.0,0.0,0.0,0.0,0.0,0.0,0.0,0.0,0.0,0.0,0.0,0.0,0.0,0.0,0.0,0.0,0.0,0.0,0.0,0.0,0.0,0.0,0.0,0.0,0.0,0.0,0.0,0.0,0.0,0.0,0.0,0.0,0.0,0.0,0.0,0.0,0.0,0.0,0.0,0.0,0.0,0.0,0.0,0.0,0.0,0.0,0.0,0.0,0.0,0.0,0.0,0.0,0.0,0.0,-1.8614939e-13,9.5854782e-14,4.9438725e-14,4.9236195e-14,0.0,28.035154,0.0,89.349,173.879,64.3741,0.142,2.2441,0.0,0.2689137590520079,1.0000000005557308,0.9999999997544368,0.24998638461153866,0.7125874150040806,0.0,0.0,0.0,0.0,0.0,0.0,0.0,0.0,0.0,0.0,0.0,0.0,0.0,0.0,0.0,0.0,0.0,0.0,0.0,0.0,0.0,0.0,0.0,0.0,0.0,0.0,0.0,0.0,0.0,0.0,0.0,0.0,0.0,0.0,0.0,0.0,0.0,0.0,0.0,0.0,0.0,0.0,0.0,0.0,0.0,0.0,0.0,0.0,0.0,0.0,0.0,0.0,0.0,0.0,0.0,0.0,0.0,0.0,0.0,0.0,0.0,0.0,0.0,0.0,-5.693466851831228e-16,2.5208388067558737e-16,2.888340293276191e-16,1.880050967188557e-16,0.0,0.06060632626840342,0.0,0.9999999999776166,1.000000000023005,0.9999999999378631,0.019449390494452837,1.0000000003119285,0.0,0.00047587073,-0.00067690341,-0.00036582714,-0.0043213067,-0.00047587073,0.023714995,0.01503411,0.018713046,0.016871833,0.015608856,0.010881025,0.014794973,0.019262549,0.0075758836,0.0094859852,0.01356074,0.012357849,0.022333524,0.0094661961,0.0034051549,0.022020188,0.018959312,0.010009359,0.016668442,0.020915703,0.019813541,0.016767426,0.0074498191,0.019105522,0.033046671,0.015515323,0.022202375,0.0066031221,0.0056790575,0.038852786,0.016620091,0.009175006,0.017741302,0.0047320223,0.020151196,0.014426809,0.011691272,0.015567181,0.024497018,0.0083290939,0.014197293,0.0093181129,0.02870503,0.012904476,0.022188739,0.038378224,0.016944867,0.026241343,0.021326852,0.012485916,0.0049698539,0.0097393922,0.021348544,0.042884251,0.008427528,0.01102816,0.014239852,0.015834437,0.021586475,0.0069157699,0.019524147,0.034817896,0.030765652,0.018811828,0.0015316398,0.0017188862,0.00081759804,0.0012740225,0.0131038,0.001146668,-0.0021604366,-0.0004295203,-0.00023495201,-0.0004406607,-0.039499254,-0.0013857453,0.00047587073,-1.2039900000000898,-0.0
2223.0,1021.2,5.3983,12.2168,60.118453,7291.0657,0.0,0.0,0.0,0.0,0.0,0.0,0.0,0.0,0.0,0.0,0.0,0.0,0.0,0.0,0.0,0.0,0.0,0.0,0.0,0.0,0.0,0.0,0.0,0.0,0.0,0.0,0.0,0.0,0.0,0.0,0.0,0.0,0.0,0.0,0.0,0.0,0.0,0.0,0.0,0.0,0.0,0.0,0.0,0.0,0.0,0.0,0.0,0.0,0.0,0.0,0.0,0.0,0.0,0.0,0.0,0.0,0.0,0.0,0.0,0.0,0.0,0.0,0.0,0.0,-9.6058966e-14,3.2789881e-14,0.0,0.0,0.0,42.052679,0.0,89.349,173.879,64.3741,0.122,2.2441,0.0,0.268913759052008,1.0000000005557315,0.9999999997544365,0.23122481922721197,0.7125874150040785,0.0,0.0,0.0,0.0,0.0,0.0,0.0,0.0,0.0,0.0,0.0,0.0,0.0,0.0,0.0,0.0,0.0,0.0,0.0,0.0,0.0,0.0,0.0,0.0,0.0,0.0,0.0,0.0,0.0,0.0,0.0,0.0,0.0,0.0,0.0,0.0,0.0,0.0,0.0,0.0,0.0,0.0,0.0,0.0,0.0,0.0,0.0,0.0,0.0,0.0,0.0,0.0,0.0,0.0,0.0,0.0,0.0,0.0,0.0,0.0,0.0,0.0,0.0,0.0,-2.938008761361954e-16,8.623253088584259e-17,0.0,0.0,0.0,0.09090937698913433,0.0,0.9999999999776159,1.000000000023005,0.9999999999378636,0.016710039720586236,1.0000000003119291,0.0,0.0004631752,-0.00066554058,-0.00035840078,-0.0043245812,-0.0004631752,0.024415861,0.014764619,0.019259676,0.016607477,0.015354091,0.010685509,0.015217319,0.018965791,0.0074395921,0.0093139305,0.013317655,0.012133082,0.019849643,0.0086525212,0.0031498631,0.019809252,0.016853705,0.0090298979,0.014853309,0.018851438,0.015820951,0.015179073,0.0068451198,0.017303184,0.026718235,0.014052059,0.019865459,0.0060721377,0.0052254118,0.031444611,0.014973691,0.0084345128,0.015789712,0.0043634554,0.018220659,0.013106516,0.010554874,0.013889362,0.019720852,0.0076622992,0.011424786,0.0084293338,0.02321698,0.010487096,0.024369944,0.046998649,0.018404926,0.032060716,0.026031673,0.013417939,0.0052648953,0.010427962,0.024550079,0.052408467,0.0090093997,0.011829967,0.015303204,0.017060706,0.023486694,0.0073530296,0.022273661,0.042520174,0.0375621,0.020503317,0.0014449432,0.0016215907,-0.0013127199,0.00013452445,0.012370197,0.0011790623,-0.0036983558,-0.00041197177,-0.00023319163,-0.00043713369,-0.038502202,-0.0013594015,0.0004631752,-0.3424400000000105,-0.0
2224.0,1021.2,5.3983,12.2168,60.118453,7252.4629,0.0,0.0,0.0,0.0,0.0,0.0,0.0,0.0,0.0,0.0,0.0,0.0,0.0,0.0,0.0,0.0,0.0,0.0,0.0,0.0,0.0,0.0,0.0,0.0,0.0,0.0,0.0,0.0,0.0,0.0,0.0,0.0,0.0,0.0,0.0,0.0,0.0,0.0,0.0,0.0,0.0,0.0,0.0,0.0,0.0,0.0,0.0,0.0,0.0,0.0,0.0,0.0,0.0,0.0,0.0,0.0,0.0,0.0,0.0,0.0,0.0,0.0,0.0,0.0,0.0,0.0,0.0,1.0464138e-13,0.0,42.052679,6.3970575e-15,89.349,173.879,64.3741,0.108,2.2441,0.0,0.2689137590520079,1.0000000005557308,0.9999999997544363,0.23122481922721208,0.7088145962426313,0.0,0.0,0.0,0.0,0.0,0.0,0.0,0.0,0.0,0.0,0.0,0.0,0.0,0.0,0.0,0.0,0.0,0.0,0.0,0.0,0.0,0.0,0.0,0.0,0.0,0.0,0.0,0.0,0.0,0.0,0.0,0.0,0.0,0.0,0.0,0.0,0.0,0.0,0.0,0.0,0.0,0.0,0.0,0.0,0.0,0.0,0.0,0.0,0.0,0.0,0.0,0.0,0.0,0.0,0.0,0.0,0.0,0.0,0.0,0.0,0.0,0.0,0.0,0.0,0.0,0.0,0.0,3.995660665430084e-16,0.0,0.09090937698913433,1.815498185372485e-17,0.9999999999776156,1.0000000000230045,0.9999999999378631,0.014792494178879617,1.0000000003119287,0.0,0.00044078293,-0.00056741941,-0.00033485219,-0.0042461277,-0.00044078293,0.019987116,0.013435588,0.015772828,0.01503742,0.013921715,0.0097205054,0.012471434,0.017162607,0.0067665044,0.0084748502,0.01211869,0.011046373,0.019173586,0.0084385335,0.0030777711,0.019116174,0.016335776,0.0088022881,0.01443548,0.018203379,0.01538191,0.014782245,0.0066829409,0.016732497,0.025581593,0.013662028,0.01919153,0.0059317518,0.005107478,0.030015052,0.014457709,0.0082331606,0.015326561,0.0042644125,0.017610818,0.012763147,0.010288108,0.013510937,0.019046899,0.0074828406,0.011122568,0.0082159923,0.022351829,0.010186788,0.025954285,0.053614345,0.019430077,0.036424564,0.029532008,0.014062809,0.0054579199,0.010903633,0.026954384,0.059760384,0.0094079946,0.012383016,0.016041395,0.017913483,0.024845622,0.0076417568,0.02432404,0.04838841,0.042699276,0.021705923,0.000611224,4.5865346e-06,-0.0033847022,0.0011338755,0.011504939,0.0010205304,0.00080603193,-0.00039652956,-0.00022826261,-0.00042221383,-0.037249359,-0.001293519,0.00044078293,0.0,0.00021553003
2225.0,1021.2,5.3983,12.2168,60.118453,7220.1655,0.0,0.0,0.0,0.0,0.0,0.0,0.0,0.0,0.0,0.0,0.0,0.0,0.0,0.0,0.0,0.0,0.0,0.0,0.0,0.0,0.0,0.0,0.0,0.0,0.0,0.0,0.0,0.0,0.0,0.0,0.0,0.0,0.0,0.0,0.0,0.0,0.0,0.0,0.0,0.0,0.0,0.0,0.0,0.0,0.0,0.0,0.0,0.0,0.0,0.0,0.0,0.0,0.0,0.0,0.0,0.0,0.0,0.0,0.0,0.0,0.0,0.0,0.0,0.0,8.491021e-14,-3.6500282e-13,-3.6436616e-14,-1.3631747e-13,0.0,42.052679,-5.0209843e-14,89.349,173.879,64.3741,0.102,2.2441,0.0,0.2689137590520079,1.0000000005557306,0.9999999997544363,0.23122481922721183,0.7056580315202255,0.0,0.0,0.0,0.0,0.0,0.0,0.0,0.0,0.0,0.0,0.0,0.0,0.0,0.0,0.0,0.0,0.0,0.0,0.0,0.0,0.0,0.0,0.0,0.0,0.0,0.0,0.0,0.0,0.0,0.0,0.0,0.0,0.0,0.0,0.0,0.0,0.0,0.0,0.0,0.0,0.0,0.0,0.0,0.0,0.0,0.0,0.0,0.0,0.0,0.0,0.0,0.0,0.0,0.0,0.0,0.0,0.0,0.0,0.0,0.0,0.0,0.0,0.0,0.0,2.5970188031077014e-16,-9.599033600966604e-16,-2.1287229018028263e-16,-5.205190842188295e-16,0.0,0.09090937698913433,-1.424965757371063e-16,0.9999999999776156,1.0000000000230043,0.999999999937863,0.013970688946719647,1.0000000003119291,0.0,0.00043315933,-0.00064499747,-0.0003362866,-0.0040361658,-0.00043315933,0.016170761,0.012317927,0.012754864,0.013715012,0.012713871,0.008900286,0.010071925,0.015642083,0.006190201,0.0077587946,0.011109592,0.01013043,0.017975836,0.0080557173,0.0029552664,0.018008801,0.015350885,0.008352859,0.013601588,0.017170417,0.013730783,0.014042652,0.00639774,0.015831378,0.022756551,0.012967592,0.018049335,0.0056816986,0.0048946324,0.026654625,0.013633786,0.007883046,0.014422824,0.0040900128,0.016645308,0.012140707,0.0097644866,0.012744076,0.01700593,0.0071677988,0.0099819492,0.0078054914,0.019966879,0.0091759941,0.027678463,0.060803055,0.020528167,0.041081371,0.033246448,0.014756097,0.0056621448,0.011417611,0.029568199,0.067791997,0.0098368346,0.012977853,0.01683714,0.018830225,0.02632011,0.0079468143,0.02654685,0.054730289,0.048215851,0.023001944,0.0012859943,0.00144321,0.00068647108,0.0010696938,0.010649095,0.00096276456,0.00076040748,-0.00039235891,-0.00021930454,-0.00041460885,-0.035584467,-0.0012621733,0.00043315933,0.0,0.013259584
2226.0,1032.556,5.3983,12.2168,60.118453,7176.5838,0.0,0.0,0.0,0.0,0.0,0.0,0.0,0.0,0.0,0.0,0.0,0.0,0.0,0.0,0.0,0.0,0.0,0.0,0.0,0.0,0.0,0.0,0.0,0.0,0.0,0.0,0.0,0.0,0.0,0.0,0.0,0.0,0.0,0.0,0.0,0.0,0.0,0.0,0.0,0.0,0.0,0.0,0.0,0.0,0.0,0.0,0.0,0.0,0.0,0.0,0.0,0.0,0.0,0.0,0.0,0.0,0.0,0.0,0.0,0.0,0.0,0.0,0.0,0.0,1.1710859e-13,0.0,0.0,0.0,0.0,32.705607,0.0,89.349,173.879,64.3741,0.105,2.2441,0.0,0.27190414746543784,1.0000000005557308,0.9999999997544367,0.23122481922721208,0.7013986033073552,0.0,0.0,0.0,0.0,0.0,0.0,0.0,0.0,0.0,0.0,0.0,0.0,0.0,0.0,0.0,0.0,0.0,0.0,0.0,0.0,0.0,0.0,0.0,0.0,0.0,0.0,0.0,0.0,0.0,0.0,0.0,0.0,0.0,0.0,0.0,0.0,0.0,0.0,0.0,0.0,0.0,0.0,0.0,0.0,0.0,0.0,0.0,0.0,0.0,0.0,0.0,0.0,0.0,0.0,0.0,0.0,0.0,0.0,0.0,0.0,0.0,0.0,0.0,0.0,3.5818214350833743e-16,0.0,0.0,0.0,0.0,0.07070289996081988,0.0,0.999999999977615,1.0000000000230052,0.999999999937863,0.014381591562799627,1.0000000003119296,0.0,0.00041324732,-0.00064496882,-0.000313315,-0.0036649875,-0.00041324732,0.014665973,0.011796045,0.011557729,0.013107366,0.012155651,0.0085138721,0.0091080935,0.014944141,0.0059169279,0.0074198802,0.01063806,0.0097009604,0.017587089,0.0079228435,0.0029082739,0.017612771,0.015047548,0.0082119115,0.013351641,0.016798938,0.01345431,0.013801343,0.0062949937,0.015502117,0.022119884,0.012733276,0.017662328,0.0055920392,0.0048185815,0.025861765,0.013337796,0.0077568982,0.014148657,0.0040258957,0.016294554,0.011930627,0.0095989978,0.01251536,0.016609589,0.0070544584,0.0097912576,0.0076736615,0.019471347,0.0089915165,0.030415897,0.071656921,0.022294278,0.04809946,0.038845405,0.015891387,0.0060101849,0.012265427,0.033593277,0.079937338,0.010547075,0.013955467,0.018139606,0.020323615,0.028685729,0.0084602651,0.029979996,0.064302202,0.056535156,0.025076549,0.0012132022,-9.7563376e-05,-0.0012786005,1.8634816e-05,0.009873753,0.00090826845,-0.00064367959,-0.00037142128,-0.00020187287,-0.00038239831,-0.033418555,-0.0011815785,0.00041324732,0.0,0.01614136
2227.0,1021.2,5.3983,12.2168,62.469887,7240.9798,0.0,0.0,0.0,0.0,0.0,0.0,0.0,0.0,0.0,0.0,0.0,0.0,0.0,0.0,0.0,0.0,0.0,0.0,0.0,0.0,0.0,0.0,0.0,0.0,0.0,0.0,0.0,0.0,0.0,0.0,0.0,0.0,0.0,0.0,0.0,0.0,0.0,0.0,0.0,0.0,0.0,0.0,0.0,0.0,0.0,0.0,0.0,0.0,0.0,0.0,0.0,0.0,0.0,0.0,0.0,0.0,0.0,0.0,0.0,0.0,0.0,0.0,0.0,0.0,0.0,-2.3110002e-14,0.0,2.5119344e-14,0.0,28.035154,0.0,89.349,173.879,64.3741,0.102,2.2441,0.0,0.26891375905200793,1.0000000005557304,0.9999999997544367,0.24026879615014976,0.7076923031675248,0.0,0.0,0.0,0.0,0.0,0.0,0.0,0.0,0.0,0.0,0.0,0.0,0.0,0.0,0.0,0.0,0.0,0.0,0.0,0.0,0.0,0.0,0.0,0.0,0.0,0.0,0.0,0.0,0.0,0.0,0.0,0.0,0.0,0.0,0.0,0.0,0.0,0.0,0.0,0.0,0.0,0.0,0.0,0.0,0.0,0.0,0.0,0.0,0.0,0.0,0.0,0.0,0.0,0.0,0.0,0.0,0.0,0.0,0.0,0.0,0.0,0.0,0.0,0.0,0.0,-6.07758826949352e-17,0.0,9.591652438280837e-17,0.0,0.06060632626840341,0.0,0.9999999999776161,1.000000000023005,0.9999999999378631,0.013970688946719644,1.0000000003119291,0.0,0.00037596686,-0.00054690453,-0.00026863901,-0.0033900324,-0.00037596686,0.012316433,0.011173023,0.0097034727,0.012362496,0.011477572,0.0080580679,0.0076401048,0.014086956,0.0055974371,0.0070227698,0.010075725,0.0091914234,0.01764541,0.007921117,0.0029014924,0.01761431,0.015113831,0.0082336153,0.013413731,0.01679632,0.013910442,0.013822885,0.0062880818,0.015489595,0.022697757,0.012744884,0.017693354,0.0055859691,0.004813529,0.026505909,0.013336681,0.0077474421,0.014213339,0.0040195394,0.016285014,0.011938632,0.0096221742,0.012573242,0.017104814,0.0070455226,0.010105218,0.0076889074,0.020008874,0.0092490149,0.033317429,0.083296054,0.024142991,0.055543602,0.044764645,0.017078733,0.0063701314,0.01315405,0.037891062,0.093001634,0.011289694,0.014977784,0.019503485,0.02188599,0.031181926,0.0089903552,0.033636089,0.074531701,0.065392065,0.027258212,0.00048053453,0.0012844517,-0.0031995406,0.00095202369,0.0090637245,0.00085685703,-0.0020037765,-0.00033401042,-0.00018677552,-0.00033072513,-0.031655833,-0.0010738379,0.00037596686,0.0,0.0034509281
2228.0,1102.2,5.3983,12.2168,60.118453,7154.6765,0.0,0.0,0.0,0.0,0.0,0.0,0.0,0.0,0.0,0.0,0.0,0.0,0.0,0.0,0.0,0.0,0.0,0.0,0.0,0.0,0.0,0.0,0.0,0.0,0.0,0.0,0.0,0.0,0.0,0.0,0.0,0.0,0.0,0.0,0.0,0.0,0.0,0.0,0.0,0.0,0.0,0.0,0.0,0.0,0.0,0.0,0.0,0.0,0.0,0.0,0.0,0.0,0.0,0.0,0.0,0.0,0.0,0.0,0.0,0.0,0.0,0.0,0.0,0.0,-1.6232225e-13,9.4133898e-14,0.0,-9.8997044e-14,0.0,14.017588,8.4272786e-14,89.349,173.879,64.3741,0.09,2.2441,0.0,0.2902435813034892,1.0000000005557301,0.9999999997544365,0.23122481922721191,0.699257508038289,0.0,0.0,0.0,0.0,0.0,0.0,0.0,0.0,0.0,0.0,0.0,0.0,0.0,0.0,0.0,0.0,0.0,0.0,0.0,0.0,0.0,0.0,0.0,0.0,0.0,0.0,0.0,0.0,0.0,0.0,0.0,0.0,0.0,0.0,0.0,0.0,0.0,0.0,0.0,0.0,0.0,0.0,0.0,0.0,0.0,0.0,0.0,0.0,0.0,0.0,0.0,0.0,0.0,0.0,0.0,0.0,0.0,0.0,0.0,0.0,0.0,0.0,0.0,0.0,-4.964702541811511e-16,2.4755821061655446e-16,0.0,-3.78013549424378e-16,0.0,0.03030318691397439,2.391679144032765e-16,0.9999999999776166,1.0000000000230047,0.9999999999378631,0.012327078482399686,1.000000000311929,0.0,0.00037823648,-0.00054527701,-0.00025922425,-0.0033020782,-0.00037823648,0.013462654,0.011320211,0.010595297,0.012559217,0.011650129,0.0081596593,0.0083244878,0.0143148,0.0056656674,0.0071083709,0.010208016,0.0093085089,0.018130384,0.0080425853,0.0029296788,0.017982952,0.015539621,0.0084131226,0.01378266,0.017133636,0.015149682,0.014097937,0.0063693221,0.015767841,0.024518147,0.012990167,0.01811834,0.0056565138,0.0048741936,0.028606641,0.013607003,0.0078467019,0.014609532,0.0040653648,0.016589359,0.012154178,0.0098281918,0.01291289,0.018535315,0.0071339464,0.010959198,0.0078458236,0.021619727,0.0099744802,0.032910636,0.083562338,0.023701634,0.055280493,0.044440401,0.016745769,0.0062111572,0.012901758,0.037717641,0.093488004,0.01106055,0.014682119,0.019133963,0.021469692,0.030717917,0.008768205,0.033411764,0.074576299,0.065253459,0.026817002,0.0010797456,0.0012117469,-0.0051114815,0.00089813556,0.0083317262,0.00079550021,0.00063845278,-0.00032611581,-0.00018164333,-0.00031809178,-0.030585062,-0.001038585,0.00037823648,0.0,0.011537329
2229.0,1102.2,5.3983,12.2168,58.874453,7105.3716,0.0,0.0,0.0,0.0,0.0,0.0,0.0,0.0,0.0,0.0,0.0,0.0,0.0,0.0,0.0,0.0,0.0,0.0,0.0,0.0,0.0,0.0,0.0,0.0,0.0,0.0,0.0,0.0,0.0,0.0,0.0,0.0,0.0,0.0,0.0,0.0,0.0,0.0,0.0,0.0,0.0,0.0,0.0,0.0,0.0,0.0,0.0,0.0,0.0,0.0,0.0,0.0,0.0,0.0,0.0,0.0,0.0,0.0,0.0,0.0,0.0,0.0,0.0,0.0,4.7466361e-14,1.2555002e-13,0.0,7.2317246e-14,0.0,14.017588,0.0,89.349,173.879,64.3741,0.078,2.2441,0.0,0.2902435813034892,1.0000000005557301,0.9999999997544371,0.22644020384267025,0.6944387267128039,0.0,0.0,0.0,0.0,0.0,0.0,0.0,0.0,0.0,0.0,0.0,0.0,0.0,0.0,0.0,0.0,0.0,0.0,0.0,0.0,0.0,0.0,0.0,0.0,0.0,0.0,0.0,0.0,0.0,0.0,0.0,0.0,0.0,0.0,0.0,0.0,0.0,0.0,0.0,0.0,0.0,0.0,0.0,0.0,0.0,0.0,0.0,0.0,0.0,0.0,0.0,0.0,0.0,0.0,0.0,0.0,0.0,0.0,0.0,0.0,0.0,0.0,0.0,0.0,1.4517810288314927e-16,3.301779587845455e-16,0.0,2.761385364704012e-16,0.0,0.03030318691397439,0.0,0.9999999999776158,1.0000000000230047,0.9999999999378631,0.010683468018079722,1.0000000003119285,0.0,0.00035682687,-0.00045819078,-0.000239217,-0.0032158234,-0.00035682687,0.013164806,0.011182425,0.010363327,0.012401683,0.011505542,0.0080616761,0.0081462663,0.014134817,0.0055982296,0.0070236193,0.010083867,0.00919592,0.019413791,0.0083971029,0.0030257444,0.019029976,0.016643022,0.00889312,0.014732594,0.018099338,0.017921322,0.014850669,0.0066184131,0.016582688,0.028721965,0.013674062,0.019276537,0.0058740439,0.0050601456,0.033492884,0.014379605,0.0081502307,0.015632194,0.0042114513,0.017472762,0.012760719,0.010382055,0.013788107,0.021778617,0.0074059806,0.012870032,0.0082718531,0.025300015,0.011612422,0.032036388,0.082285211,0.02294238,0.054013187,0.043316621,0.016199479,0.0059812307,0.012487903,0.036929414,0.092250573,0.010694777,0.014201239,0.018519775,0.020775563,0.029834329,0.0084428949,0.032653451,0.073252929,0.063923369,0.026008749,0.0010186279,0.0011431575,-0.0070016105,0.0008472977,0.0076224762,0.00075047189,-0.00067697365,-0.00030839119,-0.00017679468,-0.00029595892,-0.029526626,-0.00099108335,0.00035682687,0.0,0.0011248864
2230.0,1102.2,5.3983,12.2168,55.872216,6886.8015,0.0,0.0,0.0,0.0,0.0,0.0,0.0,0.0,0.0,0.0,0.0,0.0,0.0,0.0,0.0,0.0,0.0,0.0,0.0,0.0,0.0,0.0,0.0,0.0,0.0,0.0,0.0,0.0,0.0,0.0,0.0,0.0,0.0,0.0,0.0,0.0,0.0,0.0,0.0,0.0,0.0,0.0,0.0,0.0,0.0,0.0,0.0,0.0,0.0,0.0,0.0,0.0,0.0,0.0,0.0,0.0,0.0,0.0,0.0,0.0,0.0,0.0,0.0,0.0,0.0,-7.6055716e-14,8.0669971e-14,0.0,0.0,14.017588,0.0,89.349,173.879,64.3741,0.054,2.2441,0.0,0.2902435813034891,1.0000000005557308,0.9999999997544367,0.2148931384582325,0.6730769246162767,0.0,0.0,0.0,0.0,0.0,0.0,0.0,0.0,0.0,0.0,0.0,0.0,0.0,0.0,0.0,0.0,0.0,0.0,0.0,0.0,0.0,0.0,0.0,0.0,0.0,0.0,0.0,0.0,0.0,0.0,0.0,0.0,0.0,0.0,0.0,0.0,0.0,0.0,0.0,0.0,0.0,0.0,0.0,0.0,0.0,0.0,0.0,0.0,0.0,0.0,0.0,0.0,0.0,0.0,0.0,0.0,0.0,0.0,0.0,0.0,0.0,0.0,0.0,0.0,0.0,-2.0001526931478865e-16,4.712951794301366e-16,0.0,0.0,0.03030318691397438,0.0,0.9999999999776161,1.0000000000230036,0.9999999999378628,0.007396247089439807,1.0000000003119285,0.0,0.00035355559,-0.00044791351,-0.00024238367,-0.0033089582,-0.00035355559,0.013550001,0.01118244,0.010667909,0.01241452,0.011514399,0.0080634355,0.0083885614,0.014151413,0.005600261,0.0070252147,0.010084023,0.0091953222,0.022167453,0.0091895323,0.0032478391,0.02130073,0.019015093,0.0099434863,0.016781739,0.020198962,0.023682691,0.016504663,0.0071820316,0.018367103,0.037438582,0.015176362,0.021776088,0.0063674912,0.0054830547,0.043616815,0.016058639,0.0088385089,0.017834526,0.0045456349,0.019402592,0.014100503,0.011595078,0.015678863,0.028516141,0.0080240334,0.016847853,0.0092074893,0.032943549,0.015025267,0.02995411,0.07685808,0.021365531,0.050025074,0.040013679,0.01510789,0.0055688957,0.011662093,0.034511044,0.086381357,0.0099800895,0.013247299,0.017281483,0.019371546,0.027874329,0.0078535547,0.030485654,0.068248679,0.059379471,0.024255966,0.00034563719,0.0010784504,0.00051297113,-0.00022525179,0.0070609007,0.00058773444,-0.0019806635,-0.00032352189,-0.00018015852,-0.00030084226,-0.029124707,-0.00099850547,0.00035355559,-0.22899000000006708,-0.0
2231.0,1102.2,5.3983,12.2168,52.141315,6833.1381,0.0,0.0,0.0,0.0,0.0,0.0,0.0,0.0,0.0,0.0,0.0,0.0,0.0,0.0,0.0,0.0,0.0,0.0,0.0,0.0,0.0,0.0,0.0,0.0,0.0,0.0,0.0,0.0,0.0,0.0,0.0,0.0,0.0,0.0,0.0,0.0,0.0,0.0,0.0,0.0,0.0,0.0,0.0,0.0,0.0,0.0,0.0,0.0,0.0,0.0,0.0,0.0,0.0,0.0,0.0,0.0,0.0,0.0,0.0,0.0,0.0,0.0,0.0,0.0,1.1351722e-13,-3.3287401e-14,0.0,-2.0599697e-14,0.0,14.017588,0.0,89.349,173.879,64.3741,0.03,2.2441,0.0,0.29024358130348915,1.000000000555731,0.9999999997544368,0.200543519227684,0.6678321682171775,0.0,0.0,0.0,0.0,0.0,0.0,0.0,0.0,0.0,0.0,0.0,0.0,0.0,0.0,0.0,0.0,0.0,0.0,0.0,0.0,0.0,0.0,0.0,0.0,0.0,0.0,0.0,0.0,0.0,0.0,0.0,0.0,0.0,0.0,0.0,0.0,0.0,0.0,0.0,0.0,0.0,0.0,0.0,0.0,0.0,0.0,0.0,0.0,0.0,0.0,0.0,0.0,0.0,0.0,0.0,0.0,0.0,0.0,0.0,0.0,0.0,0.0,0.0,0.0,3.4719776905099354e-16,-8.754093480369532e-17,0.0,-7.865855651242183e-17,0.0,0.03030318691397439,0.0,0.9999999999776158,1.0000000000230045,0.9999999999378631,0.004109026160799893,1.0000000003119291,0.0,0.0003518321,-0.00050583344,-0.00025466272,-0.0034130251,-0.0003518321,0.01418212,0.01121759,0.011167372,0.01247319,0.011564114,0.008091293,0.0087852135,0.014221301,0.0056207622,0.0070495242,0.010115933,0.0092232375,0.023917961,0.0096167172,0.0033535002,0.022729462,0.020488388,0.010546537,0.01802554,0.021508721,0.027474917,0.017450934,0.0074712277,0.019454713,0.043411144,0.01604732,0.023349075,0.006617611,0.0056944446,0.050612848,0.017107558,0.009191093,0.019186153,0.0047096781,0.020588753,0.014856114,0.012289734,0.016816069,0.0330239,0.0083373222,0.019451711,0.0097400902,0.038100639,0.017266219,0.027768463,0.071097558,0.019737136,0.045913375,0.03663826,0.013978496,0.0051471505,0.010804594,0.031959916,0.080096044,0.0092404212,0.012260027,0.015997517,0.017918464,0.025826046,0.0072513697,0.028208072,0.062985592,0.05464861,0.022435395,0.00090657523,0.0010174061,-0.0013583556,0.00075409193,0.0063572769,0.00066791731,-0.003258505,-0.00032944089,-0.00018507006,-0.00031969876,-0.028695498,-0.001016637,0.0003518321,-0.046320000000037,-0.0
2232.0,1182.2,5.3983,12.2168,48.83627,6729.3889,0.0,0.0,0.0,0.0,0.0,0.0,0.0,0.0,0.0,0.0,0.0,0.0,0.0,0.0,0.0,0.0,0.0,0.0,0.0,0.0,0.0,0.0,0.0,0.0,0.0,0.0,0.0,0.0,0.0,0.0,0.0,0.0,0.0,0.0,0.0,0.0,0.0,0.0,0.0,0.0,0.0,0.0,0.0,0.0,0.0,0.0,0.0,0.0,0.0,0.0,0.0,0.0,0.0,0.0,0.0,0.0,0.0,0.0,0.0,0.0,0.0,0.0,0.0,0.0,0.0,3.2342091e-13,0.0,-1.6132434e-14,0.0,14.017588,-3.2838958e-15,89.349,173.879,64.3741,0.006,2.2441,0.0,0.3113100724160633,1.0000000005557308,0.9999999997544362,0.187831807689418,0.6576923097549587,0.0,0.0,0.0,0.0,0.0,0.0,0.0,0.0,0.0,0.0,0.0,0.0,0.0,0.0,0.0,0.0,0.0,0.0,0.0,0.0,0.0,0.0,0.0,0.0,0.0,0.0,0.0,0.0,0.0,0.0,0.0,0.0,0.0,0.0,0.0,0.0,0.0,0.0,0.0,0.0,0.0,0.0,0.0,0.0,0.0,0.0,0.0,0.0,0.0,0.0,0.0,0.0,0.0,0.0,0.0,0.0,0.0,0.0,0.0,0.0,0.0,0.0,0.0,0.0,0.0,8.505490950303333e-16,0.0,-6.160061342028069e-17,0.0,0.03030318691397439,-9.319764385191669e-18,0.9999999999776161,1.0000000000230047,0.9999999999378634,0.000821805232159979,1.0000000003119294,0.0,0.0003473925,-0.00043359347,-0.00022765074,-0.0035044905,-0.0003473925,0.015220236,0.011309178,0.011986363,0.012605828,0.011679567,0.0081606103,0.0094333447,0.014377055,0.0056704498,0.0071097574,0.010198818,0.0092968591,0.025441444,0.00994145,0.0034233815,0.023954248,0.021753871,0.011035145,0.019078643,0.022623925,0.030929409,0.018211925,0.0076803291,0.020363251,0.048942952,0.016753423,0.024703822,0.0067961677,0.0058437094,0.057117773,0.018001941,0.0094452665,0.020338575,0.0048227724,0.021586577,0.015455756,0.012851551,0.017773183,0.037155841,0.0085605758,0.021814353,0.010167734,0.042842256,0.019300039,0.025507824,0.065087524,0.018078017,0.041736571,0.033236857,0.012825296,0.0047209612,0.0099258948,0.029310614,0.073485162,0.0084848957,0.011251713,0.014683805,0.016434512,0.023715828,0.0066435387,0.025851868,0.057540284,0.04979927,0.020570538,0.00027685299,0.00095981705,-0.0032064657,0.00071140749,0.0058391429,0.00063011067,0.0005057144,-0.00033502566,-0.00018892952,-0.0003106759,-0.028174276,-0.00096217983,0.0003473925,-0.09742000000005646,-0.0
2233.0,1182.2,5.3983,12.2168,45.887184,6629.2172,0.0,0.0,0.0,0.0,0.0,0.0,0.0,0.0,0.0,0.0,0.0,0.0,0.0,0.0,0.0,0.0,0.0,0.0,0.0,0.0,0.0,0.0,0.0,0.0,0.0,0.0,0.0,0.0,0.0,0.0,0.0,0.0,0.0,0.0,0.0,0.0,0.0,0.0,0.0,0.0,0.0,0.0,0.0,0.0,0.0,0.0,0.0,0.0,0.0,0.0,0.0,0.0,0.0,0.0,0.0,0.0,0.0,0.0,0.0,0.0,0.0,0.0,0.0,0.0,0.0,0.0,0.0,-5.9868998e-14,0.0,-2.2834533e-13,0.0,89.349,173.879,64.3741,0.0,2.2441,0.0,0.3113100724160631,1.0000000005557301,0.9999999997544362,0.176489169228054,0.6479020958552841,0.0,0.0,0.0,0.0,0.0,0.0,0.0,0.0,0.0,0.0,0.0,0.0,0.0,0.0,0.0,0.0,0.0,0.0,0.0,0.0,0.0,0.0,0.0,0.0,0.0,0.0,0.0,0.0,0.0,0.0,0.0,0.0,0.0,0.0,0.0,0.0,0.0,0.0,0.0,0.0,0.0,0.0,0.0,0.0,0.0,0.0,0.0,0.0,0.0,0.0,0.0,0.0,0.0,0.0,0.0,0.0,0.0,0.0,0.0,0.0,0.0,0.0,0.0,0.0,0.0,0.0,0.0,-2.286057393234993e-16,0.0,-4.936363671070346e-16,0.0,0.9999999999776165,1.000000000023004,0.9999999999378631,0.0,1.0000000003119278,0.0,0.00034932514,-0.00042250207,-0.0002212083,-0.0035740624,-0.00034932514,0.017440747,0.011604493,0.013736286,0.01299606,0.012026025,0.0083790448,0.010814874,0.014830926,0.005824607,0.0072993333,0.010465566,0.0095359358,0.027655218,0.010455749,0.0035440169,0.025735605,0.023615164,0.011783384,0.020646342,0.024251859,0.035928251,0.019377818,0.0080219705,0.02170301,0.056788036,0.01782615,0.026678247,0.0070907312,0.0060925757,0.066307232,0.019306694,0.0098612742,0.022044114,0.0050136752,0.023052528,0.01638136,0.013713322,0.019204992,0.043083555,0.0089289279,0.025240236,0.010825221,0.049614569,0.022242723,0.023237293,0.059035949,0.016432781,0.037629813,0.029916305,0.011678153,0.0042999442,0.0090485549,0.02664671,0.06678029,0.0077324676,0.010248257,0.013374769,0.014958774,0.021602569,0.0060443154,0.02349012,0.05209748,0.044992373,0.018712857,-0.00033219779,-0.00066015041,-0.00501814,0.00067113914,0.0053484419,0.00049347317,-0.00071201827,-0.00033818752,-0.00019097397,-0.00031252662,-0.027550063,-0.00092688203,0.00034932514,0.0,0.0036950592
2234.0,1261.1,5.3983,12.2168,43.238663,6579.1314,0.0,0.0,0.0,0.0,0.0,0.0,0.0,0.0,0.0,0.0,0.0,0.0,0.0,0.0,0.0,0.0,0.0,0.0,0.0,0.0,0.0,0.0,0.0,0.0,0.0,0.0,0.0,0.0,0.0,0.0,0.0,0.0,0.0,0.0,0.0,0.0,0.0,0.0,0.0,0.0,0.0,0.0,0.0,0.0,0.0,0.0,0.0,0.0,0.0,0.0,0.0,0.0,0.0,0.0,0.0,0.0,0.0,0.0,0.0,0.0,0.0,0.0,0.0,0.0,0.0,0.0,-1.0656154e-13,0.0,0.0,-2.5859002e-13,0.0,89.349,173.879,64.3741,0.0,2.2441,0.0,0.3320868992758394,1.0000000005557308,0.9999999997544367,0.16630254999744157,0.6430069937921666,0.0,0.0,0.0,0.0,0.0,0.0,0.0,0.0,0.0,0.0,0.0,0.0,0.0,0.0,0.0,0.0,0.0,0.0,0.0,0.0,0.0,0.0,0.0,0.0,0.0,0.0,0.0,0.0,0.0,0.0,0.0,0.0,0.0,0.0,0.0,0.0,0.0,0.0,0.0,0.0,0.0,0.0,0.0,0.0,0.0,0.0,0.0,0.0,0.0,0.0,0.0,0.0,0.0,0.0,0.0,0.0,0.0,0.0,0.0,0.0,0.0,0.0,0.0,0.0,0.0,0.0,-6.22560532650392e-16,0.0,0.0,-5.59019262811004e-16,0.0,0.9999999999776159,1.0000000000230047,0.9999999999378634,0.0,1.0000000003119291,0.0,0.00034108784,-0.00047890221,-0.00022737569,-0.0036209185,-0.00034108784,0.022327545,0.012374989,0.017589072,0.013983663,0.012909453,0.0089474075,0.01385914,0.015976056,0.0062251854,0.007793379,0.011161453,0.010161879,0.029694841,0.010875819,0.0036297102,0.027349188,0.025314299,0.012433846,0.022062112,0.025717419,0.040756504,0.02038232,0.00828805,0.022888096,0.064440821,0.018755329,0.02847827,0.0073171468,0.0062825016,0.075293919,0.020482892,0.010184061,0.023592487,0.0051556575,0.024357529,0.017168634,0.014461149,0.020491782,0.04882872,0.0092120705,0.028539113,0.0113918,0.056188936,0.025074825,0.021324033,0.054211378,0.015051986,0.034435431,0.027353826,0.010703753,0.0039405397,0.0082984129,0.024465401,0.061391597,0.0070898177,0.0093942137,0.012260823,0.013708194,0.019813736,0.00553524,0.021553462,0.047786661,0.041218528,0.01715093,-0.00091691977,-0.0022614055,0.00040632118,-0.00042569581,0.0049992929,0.00046554073,-0.001887328,-0.00032314055,-0.00019161945,-0.00030788588,-0.026832712,-0.00087515377,0.00034108784,-0.21994000000006508,-0.0
2235.0,1261.1,5.3983,12.2168,39.734509,6482.5373,0.0,0.0,0.0,0.0,0.0,0.0,0.0,0.0,0.0,0.0,0.0,0.0,0.0,0.0,0.0,0.0,0.0,0.0,0.0,0.0,0.0,0.0,0.0,0.0,0.0,0.0,0.0,0.0,0.0,0.0,0.0,0.0,0.0,0.0,0.0,0.0,0.0,0.0,0.0,0.0,0.0,0.0,0.0,0.0,0.0,0.0,0.0,0.0,0.0,0.0,0.0,0.0,0.0,0.0,0.0,0.0,0.0,0.0,0.0,0.0,0.0,0.0,0.0,0.0,19.815345,11.522749,31.121499,7.9360213,0.0,1.4496763e-13,21.355167,89.349,173.879,64.3741,0.0,2.2441,0.0,0.3320868992758394,1.0000000005557308,0.9999999997544363,0.15282503461303337,0.633566434228473,0.0,0.0,0.0,0.0,0.0,0.0,0.0,0.0,0.0,0.0,0.0,0.0,0.0,0.0,0.0,0.0,0.0,0.0,0.0,0.0,0.0,0.0,0.0,0.0,0.0,0.0,0.0,0.0,0.0,0.0,0.0,0.0,0.0,0.0,0.0,0.0,0.0,0.0,0.0,0.0,0.0,0.0,0.0,0.0,0.0,0.0,0.0,0.0,0.0,0.0,0.0,0.0,0.0,0.0,0.0,0.0,0.0,0.0,0.0,0.0,0.0,0.0,0.0,0.0,0.06060616686151899,0.030303123363952175,0.18181997927506155,0.030303163192635,0.0,3.133906623854176e-16,0.06060640683130703,0.9999999999776156,1.0000000000230043,0.9999999999378631,0.0,1.0000000003119291,0.0,0.00033870898,-0.00046905437,-0.00022528415,-0.0037141445,-0.00033870898,0.024609377,0.012479142,0.019401156,0.014170454,0.01306699,0.0090376794,0.015313863,0.016200727,0.0062948927,0.0078741423,0.01125663,0.010245501,0.027930966,0.010066478,0.0033435401,0.02575609,0.023699519,0.011535405,0.020576651,0.02419657,0.0381785,0.018928435,0.0076526387,0.021485177,0.0611173,0.017461189,0.026778336,0.0067491002,0.0057878129,0.071596237,0.019274235,0.0094033582,0.022042889,0.0047496382,0.022882657,0.015939986,0.013416475,0.019086882,0.045977107,0.0084990683,0.02669882,0.010567102,0.053046504,0.023494936,0.018633908,0.046622329,0.01315671,0.029458514,0.023367198,0.0093872063,0.0034684556,0.0072895005,0.021211843,0.052898856,0.0062285529,0.0082435906,0.010754794,0.012012058,0.01733966,0.0048634722,0.018696435,0.041039146,0.035329961,0.014990431,0.00080145631,0.00085286874,0.00040377179,0.00078496351,0.0045797691,0.00043918937,0.0010236205,-0.00031086158,-0.00019293591,-0.00029409245,-0.026224254,-0.00083877054,0.00033870898,-0.22356999999999516,-0.0
2236.0,1339.0,5.3983,12.2168,37.660615,6432.4515,0.0,0.0,0.0,0.0,0.0,0.0,0.0,0.0,0.0,0.0,0.0,0.0,0.0,0.0,0.0,0.0,0.0,0.0,0.0,0.0,0.0,0.0,0.0,0.0,0.0,0.0,0.0,0.0,0.0,0.0,0.0,0.0,0.0,0.0,0.0,0.0,0.0,0.0,0.0,0.0,0.0,0.0,0.0,0.0,0.0,0.0,0.0,0.0,0.0,0.0,0.0,0.0,0.0,0.0,0.0,0.0,0.0,0.0,0.0,0.0,0.0,0.0,0.0,0.0,19.815345,34.568301,31.121499,7.9360213,0.0,0.0,32.032703,89.349,173.879,64.3741,0.0,2.2441,0.0,0.3526003949967083,1.0000000005557304,0.9999999997544368,0.14484851922854083,0.6286713321653538,0.0,0.0,0.0,0.0,0.0,0.0,0.0,0.0,0.0,0.0,0.0,0.0,0.0,0.0,0.0,0.0,0.0,0.0,0.0,0.0,0.0,0.0,0.0,0.0,0.0,0.0,0.0,0.0,0.0,0.0,0.0,0.0,0.0,0.0,0.0,0.0,0.0,0.0,0.0,0.0,0.0,0.0,0.0,0.0,0.0,0.0,0.0,0.0,0.0,0.0,0.0,0.0,0.0,0.0,0.0,0.0,0.0,0.0,0.0,0.0,0.0,0.0,0.0,0.0,0.06060616686151898,0.09090951210385922,0.18181997927506158,0.030303163192634992,0.0,0.0,0.09090947544097543,0.9999999999776168,1.0000000000230052,0.9999999999378634,0.0,1.0000000003119283,0.0,0.00033374942,-0.00040291099,-0.00020959616,-0.0037879277,-0.00033374942,0.026111104,0.012318372,0.020598588,0.014047736,0.012941245,0.0089354162,0.016283802,0.016070424,0.0062302899,0.0077873464,0.011112815,0.010112185,0.025557449,0.0090981091,0.0030129237,0.023612283,0.021594048,0.010436633,0.018688218,0.022166775,0.034674505,0.017144123,0.0069045889,0.01964926,0.056125227,0.015852177,0.024506039,0.006084653,0.0052129675,0.065901605,0.017659283,0.0084847947,0.020049781,0.0042787374,0.020939734,0.014440013,0.012140389,0.017316606,0.041951073,0.0076639201,0.02422141,0.0095610904,0.048515296,0.021349405,0.016481297,0.040817697,0.011650122,0.025756599,0.020427549,0.0083279045,0.0030867186,0.0064719194,0.018669412,0.046345486,0.0055316524,0.0073159661,0.0095407751,0.010650768,0.015353539,0.0043234461,0.016463923,0.035917968,0.030904896,0.013268455,0.00075609086,0.00083401046,0.00038091679,0.00056350136,0.0044050769,0.00026005842,0.0009656797,-0.0003066229,-0.00019503771,-0.00027564726,-0.025517903,-0.00082193857,0.00033374942,-0.3470200000000432,-0.0
2237.0,1339.0,5.3983,12.2168,34.8755,6341.7566,0.0,0.0,0.0,0.0,0.0,0.0,0.0,0.0,0.0,0.0,0.0,0.0,0.0,0.0,0.0,0.0,0.0,0.0,0.0,0.0,0.0,0.0,0.0,0.0,0.0,0.0,0.0,0.0,0.0,0.0,0.0,0.0,0.0,0.0,0.0,0.0,0.0,0.0,0.0,0.0,0.0,0.0,0.0,0.0,0.0,0.0,0.0,0.0,0.0,0.0,0.0,0.0,0.0,0.0,0.0,0.0,0.0,0.0,0.0,0.0,0.0,0.0,0.0,0.0,19.815345,46.091074,31.121499,7.9360213,0.0,2.9227926e-14,32.032703,89.349,173.879,64.3741,0.0,2.2441,0.0,0.3526003949967084,1.0000000005557312,0.9999999997544371,0.1341365384594749,0.6198073269562036,0.0,0.0,0.0,0.0,0.0,0.0,0.0,0.0,0.0,0.0,0.0,0.0,0.0,0.0,0.0,0.0,0.0,0.0,0.0,0.0,0.0,0.0,0.0,0.0,0.0,0.0,0.0,0.0,0.0,0.0,0.0,0.0,0.0,0.0,0.0,0.0,0.0,0.0,0.0,0.0,0.0,0.0,0.0,0.0,0.0,0.0,0.0,0.0,0.0,0.0,0.0,0.0,0.0,0.0,0.0,0.0,0.0,0.0,0.0,0.0,0.0,0.0,0.0,0.0,0.06060616686151898,0.12121269858425701,0.1818199792750616,0.030303163192635,0.0,6.318485781475471e-17,0.09090947544097544,0.9999999999776162,1.0000000000230047,0.9999999999378636,0.0,1.0000000003119291,0.0,0.00032720571,-0.00044967764,-0.00020453298,-0.0038318043,-0.00032720571,0.028796802,0.01229858,0.022722148,0.014115945,0.012983045,0.0089332901,0.01797298,0.016162017,0.006234532,0.0077859162,0.01109604,0.010091606,0.02195822,0.0077860459,0.0025844154,0.02040824,0.018465155,0.008896304,0.015933753,0.019156114,0.02895863,0.014650125,0.005911234,0.016977488,0.047549991,0.013584623,0.021101118,0.0052067205,0.0044571783,0.055990008,0.015260607,0.0072661632,0.017117011,0.0036631331,0.01809374,0.012359218,0.010353342,0.014752184,0.035259138,0.006560584,0.020220039,0.0081587746,0.040910595,0.017878757,0.014477146,0.035420494,0.010259267,0.02237085,0.017751145,0.0073466433,0.0027337631,0.0057123201,0.016302721,0.040220838,0.0048850607,0.0064561887,0.0084150748,0.0093906734,0.013507758,0.0038255375,0.014390825,0.031180369,0.026835205,0.011674105,0.00078471171,0.00080980474,0.00054096855,0.00069861473,0.0045154973,0.00039087697,0.00091101859,-0.00030256422,-0.00019539046,-0.00027179464,-0.024683245,-0.00080183446,0.00032720571,-0.6100900000000138,-0.0
2238.0,1339.0,5.3983,12.2168,33.204602,6282.194,0.0,0.0,0.0,0.0,0.0,0.0,0.0,0.0,0.0,0.0,0.0,0.0,0.0,0.0,0.0,0.0,0.0,0.0,0.0,0.0,0.0,0.0,0.0,0.0,0.0,0.0,0.0,0.0,0.0,0.0,0.0,0.0,0.0,0.0,0.0,0.0,0.0,0.0,0.0,0.0,0.0,0.0,0.0,0.0,0.0,0.0,0.0,0.0,0.0,0.0,0.0,0.0,0.0,0.0,0.0,0.0,0.0,0.0,0.0,0.0,0.0,0.0,0.0,0.0,19.815345,46.091074,31.121499,7.9360213,0.0,-3.6140277e-14,32.032703,89.349,173.879,64.3741,0.0,2.2441,0.0,0.3526003949967083,1.0000000005557308,0.9999999997544367,0.127710007690343,0.6139860162025617,0.0,0.0,0.0,0.0,0.0,0.0,0.0,0.0,0.0,0.0,0.0,0.0,0.0,0.0,0.0,0.0,0.0,0.0,0.0,0.0,0.0,0.0,0.0,0.0,0.0,0.0,0.0,0.0,0.0,0.0,0.0,0.0,0.0,0.0,0.0,0.0,0.0,0.0,0.0,0.0,0.0,0.0,0.0,0.0,0.0,0.0,0.0,0.0,0.0,0.0,0.0,0.0,0.0,0.0,0.0,0.0,0.0,0.0,0.0,0.0,0.0,0.0,0.0,0.0,0.060606166861518956,0.12121269858425704,0.18181997927506158,0.030303163192635,0.0,-7.812796103393891e-17,0.09090947544097538,0.9999999999776159,1.000000000023004,0.9999999999378631,0.0,1.0000000003119287,0.0,0.00031797186,-0.00036652602,-0.00019615192,-0.0038301693,-0.00031797186,0.03107438,0.012079842,0.024523434,0.013957775,0.012816156,0.0087868172,0.019406855,0.015994584,0.0061380363,0.0076586042,0.010899753,0.0099076535,0.018493947,0.0065741456,0.0021925001,0.017290689,0.015501454,0.0074722365,0.013355457,0.016233557,0.023676698,0.012332199,0.0049995923,0.014397808,0.039299891,0.011458463,0.017816239,0.0044023909,0.0037678709,0.046372742,0.012931438,0.0061463853,0.014356762,0.0031010067,0.015340343,0.010423662,0.0087005557,0.012360912,0.028969609,0.0055491939,0.016532494,0.006861119,0.033698805,0.014660353,0.012674735,0.030586053,0.0090162851,0.019379111,0.015394674,0.006466574,0.0024169749,0.0050292106,0.01417741,0.034711085,0.0043040485,0.0056845848,0.0074047764,0.0082615601,0.011849649,0.0033800756,0.012532663,0.026954455,0.023222675,0.010246192,0.00074029407,0.00074226634,0.00033901458,0.0006590705,0.0049823728,0.00036875186,0.0016353587,-0.00029729967,-0.0001926974,-0.00026756992,-0.023672527,-0.00077803002,0.00031797186,-0.596080000000029,-0.0
2239.0,1339.0,5.3983,12.2168,32.418156,6282.194,0.0,0.0,0.0,0.0,0.0,0.0,0.0,0.0,0.0,0.0,0.0,0.0,0.0,0.0,0.0,0.0,0.0,0.0,0.0,0.0,0.0,0.0,0.0,0.0,0.0,0.0,0.0,0.0,0.0,0.0,0.0,0.0,0.0,0.0,0.0,0.0,0.0,0.0,0.0,0.0,0.0,0.0,0.0,0.0,0.0,0.0,0.0,0.0,0.0,0.0,0.0,0.0,0.0,0.0,0.0,0.0,0.0,0.0,0.0,0.0,0.0,0.0,0.0,0.0,19.815345,46.091074,31.121499,15.872082,0.0,-9.1479274e-15,32.032703,89.349,173.879,64.3741,0.0,2.2441,0.0,0.35260039499670837,1.0000000005557308,0.9999999997544363,0.12468521538269713,0.6139860162025617,0.0,0.0,0.0,0.0,0.0,0.0,0.0,0.0,0.0,0.0,0.0,0.0,0.0,0.0,0.0,0.0,0.0,0.0,0.0,0.0,0.0,0.0,0.0,0.0,0.0,0.0,0.0,0.0,0.0,0.0,0.0,0.0,0.0,0.0,0.0,0.0,0.0,0.0,0.0,0.0,0.0,0.0,0.0,0.0,0.0,0.0,0.0,0.0,0.0,0.0,0.0,0.0,0.0,0.0,0.0,0.0,0.0,0.0,0.0,0.0,0.0,0.0,0.0,0.0,0.060606166861518956,0.12121269858425703,0.18181997927506155,0.06060647683151813,0.0,-1.9775966726776943e-17,0.0909094754409754,0.9999999999776158,1.0000000000230043,0.9999999999378631,0.0,1.0000000003119294,0.0,0.00030274656,-0.00035076221,-0.00018435294,-0.0037597743,-0.00030274656,0.026251634,0.010332027,0.020741585,0.011925532,0.010956583,0.0075299226,0.016455428,0.013666568,0.0052667835,0.0065683851,0.0093238778,0.0084788204,0.015368271,0.0055155651,0.0018521552,0.014450821,0.012863001,0.006228381,0.0110819,0.013576169,0.019084207,0.010298513,0.0042066178,0.012061506,0.031882881,0.0095786225,0.014845803,0.0037047217,0.0031710955,0.037666228,0.010812922,0.0051713649,0.011912203,0.0026138424,0.012842954,0.0087229396,0.0072560339,0.010259345,0.023423093,0.0046704811,0.013334536,0.0057264036,0.027292161,0.011853866,0.011118928,0.026444539,0.0079471335,0.016841339,0.013400591,0.0057068817,0.0021425429,0.0044380789,0.012348927,0.029975556,0.0038014009,0.0050180202,0.0065323357,0.0072879,0.010418685,0.0029954501,0.010935725,0.023345132,0.020148213,0.0090165552,0.00063482847,0.00072072334,0.00031982508,0.00063714037,0.0036961656,0.00034787911,0.0008108033,-0.00028500711,-0.00018835861,-0.00026841076,-0.022427155,-0.00073869473,0.00030274656,-0.31853000000000975,-0.0
2240.0,1339.0,5.3983,12.2168,31.661795,6341.0558,0.0,0.0,0.0,0.0,0.0,0.0,0.0,0.0,0.0,0.0,0.0,0.0,0.0,0.0,0.0,0.0,0.0,0.0,0.0,0.0,0.0,0.0,0.0,0.0,0.0,0.0,0.0,0.0,0.0,0.0,0.0,0.0,0.0,0.0,0.0,0.0,0.0,0.0,0.0,0.0,0.0,0.0,0.0,0.0,0.0,0.0,0.0,0.0,0.0,0.0,0.0,0.0,0.0,0.0,0.0,0.0,0.0,0.0,0.0,0.0,0.0,0.0,0.0,0.0,19.815345,61.452985,17.288011,31.744142,0.0,-1.506772e-15,32.032703,89.349,173.879,64.3741,0.0,2.2441,0.0,0.3526003949967084,1.0000000005557312,0.9999999997544362,0.12177613461351114,0.6197388347383335,0.0,0.0,0.0,0.0,0.0,0.0,0.0,0.0,0.0,0.0,0.0,0.0,0.0,0.0,0.0,0.0,0.0,0.0,0.0,0.0,0.0,0.0,0.0,0.0,0.0,0.0,0.0,0.0,0.0,0.0,0.0,0.0,0.0,0.0,0.0,0.0,0.0,0.0,0.0,0.0,0.0,0.0,0.0,0.0,0.0,0.0,0.0,0.0,0.0,0.0,0.0,0.0,0.0,0.0,0.0,0.0,0.0,0.0,0.0,0.0,0.0,0.0,0.0,0.0,0.06060616686151899,0.1616122494326747,0.1010011054328404,0.12121286965751701,0.0,-3.2573359662691626e-18,0.09090947544097543,0.999999999977615,1.0000000000230043,0.9999999999378636,0.0,1.0000000003119294,0.0,0.00027472823,-0.0003887155,-0.00017161184,-0.0035842865,-0.00027472823,0.021436975,0.008642501,0.016951632,0.009956912,0.0091541804,0.006305364,0.013472547,0.011409505,0.0044136396,0.0055032882,0.0077998449,0.0070956178,0.012730988,0.0046452774,0.0015734274,0.012030518,0.010664469,0.0052082161,0.0092040079,0.011314052,0.015364811,0.0086227301,0.0035557161,0.010078715,0.025683828,0.0080179772,0.012332808,0.0031340739,0.0026844764,0.030341875,0.0090095597,0.0043718189,0.0098849302,0.0022157682,0.01072162,0.0073181318,0.0060700607,0.008528041,0.01887031,0.0039513482,0.01075152,0.004794771,0.021997277,0.0095742919,0.0098239458,0.023036001,0.0070580844,0.014766017,0.011772069,0.0050730172,0.0019125987,0.0039440146,0.010834995,0.026068928,0.0033812046,0.0044615325,0.0058043165,0.006476325,0.009226766,0.0026739824,0.0096139111,0.020380318,0.017628694,0.0079937883,0.00059889478,0.00068000382,0.00029487399,0.00060777664,0.0053058472,0.00032818784,0.0014378599,-0.00027953946,-0.00017885609,-0.00025085043,-0.020853929,-0.00068886421,0.00027472823,-0.08202000000005683,-0.0
2241.0,1339.0,5.3983,12.2168,33.204602,6432.4515,0.0,0.0,0.0,0.0,0.0,0.0,0.0,0.0,0.0,0.0,0.0,0.0,0.0,0.0,0.0,0.0,0.0,0.0,0.0,0.0,0.0,0.0,0.0,0.0,0.0,0.0,0.0,0.0,0.0,0.0,0.0,0.0,0.0,0.0,0.0,0.0,0.0,0.0,0.0,0.0,0.0,0.0,0.0,0.0,0.0,0.0,0.0,0.0,0.0,0.0,0.0,0.0,0.0,0.0,0.0,0.0,0.0,0.0,0.0,0.0,0.0,0.0,0.0,0.0,19.815345,46.091074,0.0,39.68015,0.0,1.1080034e-13,24.912622,89.349,173.879,64.3741,0.0,2.2441,0.0,0.35260039499670837,1.0000000005557308,0.9999999997544362,0.12771000769034294,0.6286713321653519,0.0,0.0,0.0,0.0,0.0,0.0,0.0,0.0,0.0,0.0,0.0,0.0,0.0,0.0,0.0,0.0,0.0,0.0,0.0,0.0,0.0,0.0,0.0,0.0,0.0,0.0,0.0,0.0,0.0,0.0,0.0,0.0,0.0,0.0,0.0,0.0,0.0,0.0,0.0,0.0,0.0,0.0,0.0,0.0,0.0,0.0,0.0,0.0,0.0,0.0,0.0,0.0,0.0,0.0,0.0,0.0,0.0,0.0,0.0,0.0,0.0,0.0,0.0,0.0,0.06060616686151897,0.12121269858425704,0.0,0.15151598206499714,0.0,2.395278997465122e-16,0.07070253789944932,0.9999999999776155,1.0000000000230045,0.999999999937863,0.0,1.0000000003119294,0.0,0.0002502026,-0.00029751082,-0.00015300379,-0.003242467,-0.0002502026,0.015449523,0.0068005892,0.012225388,0.0077869401,0.0071713245,0.0049603861,0.0097297449,0.0089168661,0.0034719076,0.004331049,0.0061375142,0.0055871007,0.010979475,0.0040757686,0.0013880658,0.010372909,0.0092387039,0.0045558243,0.0080038425,0.0097651359,0.013237433,0.0075366915,0.0031279629,0.0087206932,0.021861849,0.0069913288,0.010644351,0.0027603487,0.002366754,0.025762134,0.0077749902,0.0038456533,0.0085807133,0.0019539794,0.0092689501,0.0063988655,0.0053094128,0.007426117,0.01617616,0.0034788612,0.0092790343,0.0041955003,0.018810506,0.0082522394,0.008781413,0.020337794,0.0063405197,0.013126392,0.010485278,0.0045595239,0.0017246951,0.0035431011,0.0096259404,0.022972627,0.0030398983,0.0040103281,0.005214746,0.0058197261,0.0082653489,0.0024121175,0.0085574715,0.018034688,0.015636992,0.0071691184,0.00056499508,0.00062322114,-0.00073358927,0.00061059279,0.0049041403,0.00030961117,0.00072161205,-0.00023789468,-0.00016042187,-0.00022215824,-0.018779283,-0.00061861028,0.0002502026,0.0,0.0097210537
2242.0,1261.1,5.3983,12.2168,37.660615,6532.6231,0.0,0.0,0.0,0.0,0.0,0.0,0.0,0.0,0.0,0.0,0.0,0.0,0.0,0.0,0.0,0.0,0.0,0.0,0.0,0.0,0.0,0.0,0.0,0.0,0.0,0.0,0.0,0.0,0.0,0.0,0.0,0.0,0.0,0.0,0.0,0.0,0.0,0.0,0.0,0.0,0.0,0.0,0.0,0.0,0.0,0.0,0.0,0.0,0.0,0.0,0.0,0.0,0.0,0.0,0.0,0.0,0.0,0.0,0.0,0.0,0.0,0.0,0.0,0.0,19.815345,46.091074,0.0,39.68015,0.0,0.0,21.355167,89.349,173.879,64.3741,0.0,2.2441,0.0,0.3320868992758393,1.0000000005557304,0.9999999997544369,0.14484851922854083,0.6384615362915934,0.0,0.0,0.0,0.0,0.0,0.0,0.0,0.0,0.0,0.0,0.0,0.0,0.0,0.0,0.0,0.0,0.0,0.0,0.0,0.0,0.0,0.0,0.0,0.0,0.0,0.0,0.0,0.0,0.0,0.0,0.0,0.0,0.0,0.0,0.0,0.0,0.0,0.0,0.0,0.0,0.0,0.0,0.0,0.0,0.0,0.0,0.0,0.0,0.0,0.0,0.0,0.0,0.0,0.0,0.0,0.0,0.0,0.0,0.0,0.0,0.0,0.0,0.0,0.0,0.06060616686151899,0.12121269858425703,0.0,0.15151598206499714,0.0,0.0,0.06060640683130702,0.9999999999776161,1.0000000000230045,0.9999999999378634,0.0,1.0000000003119291,0.0,0.00022367994,-0.00030846062,-0.00012869301,-0.0026699318,-0.00022367994,0.01122564,0.0054700315,0.0088778492,0.0062238318,0.0057400938,0.003980666,0.0070558586,0.0071204305,0.0027819754,0.0034742075,0.0049359309,0.0044949157,0.008939901,0.0034145751,0.0011772853,0.0085160417,0.0075396419,0.0037718031,0.0065529669,0.0080322313,0.010228618,0.0062556113,0.0026351537,0.0072080095,0.016900155,0.0057983056,0.0087101335,0.002327961,0.0019974246,0.019901577,0.0063926522,0.0032411811,0.0070142736,0.001652444,0.0076485804,0.0053252052,0.0043972044,0.0060883824,0.012517492,0.0029344187,0.0071964196,0.0034814136,0.014570702,0.0064209453,0.0076401546,0.017120459,0.0055517622,0.011087603,0.0088643399,0.0040062959,0.0015248194,0.0031155695,0.008242573,0.019329258,0.0026755277,0.0035258044,0.0045810601,0.0051093298,0.0072209371,0.0021311581,0.0073505458,0.015206252,0.013198952,0.0062643758,0.00053301422,0.00058794447,-0.0016173629,0.00054091905,0.0045654857,0.00017484837,0.00053702508,-0.00020768178,-0.00013183787,-0.00018632406,-0.016047338,-0.00052819047,0.00022367994,0.0,0.020656335
2243.0,1182.2,5.3983,12.2168,44.528354,6708.8078,0.0,0.0,0.0,0.0,0.0,0.0,0.0,0.0,0.0,0.0,0.0,0.0,0.0,0.0,0.0,0.0,0.0,0.0,0.0,0.0,0.0,0.0,0.0,0.0,0.0,0.0,0.0,0.0,0.0,0.0,0.0,0.0,0.0,0.0,0.0,0.0,0.0,0.0,0.0,0.0,0.0,0.0,0.0,0.0,0.0,0.0,0.0,0.0,0.0,0.0,0.0,0.0,0.0,0.0,0.0,0.0,0.0,0.0,0.0,0.0,0.0,0.0,0.0,0.0,23.117356,34.568301,0.0,39.68015,0.0,-1.5957608e-14,21.355167,89.349,173.879,64.3741,0.072,2.2441,0.0,0.3113100724160633,1.0000000005557306,0.9999999997544367,0.17126289999736524,0.655680829753215,0.0,0.0,0.0,0.0,0.0,0.0,0.0,0.0,0.0,0.0,0.0,0.0,0.0,0.0,0.0,0.0,0.0,0.0,0.0,0.0,0.0,0.0,0.0,0.0,0.0,0.0,0.0,0.0,0.0,0.0,0.0,0.0,0.0,0.0,0.0,0.0,0.0,0.0,0.0,0.0,0.0,0.0,0.0,0.0,0.0,0.0,0.0,0.0,0.0,0.0,0.0,0.0,0.0,0.0,0.0,0.0,0.0,0.0,0.0,0.0,0.0,0.0,0.0,0.0,0.07070552317575785,0.0909095121038592,0.0,0.15151598206499717,0.0,-3.449711733030912e-17,0.06060640683130703,0.9999999999776159,1.0000000000230045,0.9999999999378631,0.009861662785919743,1.000000000311929,0.0,0.0001881758,-0.00026403665,-0.00010792138,-0.0020235158,-0.0001881758,0.0088680649,0.0046750567,0.0070049798,0.0052958158,0.004888465,0.0033934282,0.0055524632,0.006054295,0.0023673945,0.0029597033,0.0042177927,0.0038413284,0.0079482453,0.0030839943,0.0010679476,0.0075813081,0.0067265297,0.0033935,0.0058638491,0.0071578897,0.0089947853,0.0056291246,0.002385625,0.0064396016,0.014740358,0.0052086381,0.0077551367,0.0021090412,0.001810779,0.017323459,0.0056955125,0.0029348332,0.0062678158,0.001498477,0.0068274302,0.0047943147,0.0039561215,0.0054539099,0.010974494,0.002658355,0.0063414127,0.0031340602,0.012756839,0.0056567229,0.0066899546,0.01440601,0.0048921069,0.0093460394,0.0074752917,0.0035457917,0.0013586261,0.0027606758,0.0070831528,0.016268166,0.0023728697,0.003122795,0.0040540203,0.0045174021,0.0063516413,0.0018969487,0.0063379374,0.01281099,0.011125056,0.0055088934,0.00055319079,0.00054048473,-0.0023708697,0.00054342541,0.0042441871,0.00027555284,0.00050662743,-0.00016764897,-0.00010236162,-0.00015377242,-0.013242001,-0.00044574916,0.0001881758,0.0,0.020441505
2244.0,1102.2,5.3983,12.2168,52.351198,6952.5123,0.0,0.0,0.0,0.0,0.0,0.0,0.0,0.0,0.0,0.0,0.0,0.0,0.0,0.0,0.0,0.0,0.0,0.0,0.0,0.0,0.0,0.0,0.0,0.0,0.0,0.0,0.0,0.0,0.0,0.0,0.0,0.0,0.0,0.0,0.0,0.0,0.0,0.0,0.0,0.0,0.0,0.0,0.0,0.0,0.0,0.0,0.0,0.0,0.0,0.0,0.0,0.0,0.0,0.0,0.0,0.0,0.0,0.0,0.0,0.0,0.0,0.0,0.0,0.0,19.815345,11.522749,0.0,18.515956,0.0,0.0,21.355167,89.349,173.879,64.3741,0.13,2.2441,0.0,0.2902435813034891,1.0000000005557304,0.9999999997544363,0.20135076153536385,0.6794991255724208,0.0,0.0,0.0,0.0,0.0,0.0,0.0,0.0,0.0,0.0,0.0,0.0,0.0,0.0,0.0,0.0,0.0,0.0,0.0,0.0,0.0,0.0,0.0,0.0,0.0,0.0,0.0,0.0,0.0,0.0,0.0,0.0,0.0,0.0,0.0,0.0,0.0,0.0,0.0,0.0,0.0,0.0,0.0,0.0,0.0,0.0,0.0,0.0,0.0,0.0,0.0,0.0,0.0,0.0,0.0,0.0,0.0,0.0,0.0,0.0,0.0,0.0,0.0,0.0,0.06060616686151898,0.03030312336395219,0.0,0.07070193175207946,0.0,0.0,0.060606406831307,0.9999999999776158,1.0000000000230043,0.9999999999378631,0.01780578003013288,1.0000000003119283,0.0,0.00014889139,-0.00022964148,-9.2965065e-05,-0.0015537219,-0.00014889139,0.0077899062,0.0042441074,0.0061486187,0.0047993166,0.0044314611,0.0030765753,0.0048653619,0.0054849239,0.0021444167,0.0026823249,0.0038286364,0.0034868829,0.0073184904,0.0028600104,0.00099230266,0.0069835577,0.0062040565,0.003142036,0.0054161363,0.006596578,0.0082493203,0.0052119115,0.0022146807,0.005941369,0.013460631,0.0048185603,0.0071448514,0.0019585333,0.0016821192,0.01580324,0.0052483805,0.0027247469,0.0057853911,0.0013921619,0.0062968054,0.0044398256,0.0036629032,0.0050400497,0.010048588,0.0024685571,0.0058213294,0.0029024995,0.011671586,0.0051915981,0.0060110215,0.012521666,0.0044187058,0.008140027,0.0065149461,0.0032139433,0.0012385996,0.002504629,0.0062679136,0.014141769,0.0021545,0.0028322101,0.00367404,0.0040910469,0.0057278807,0.0017276913,0.0056241288,0.011148341,0.0096867286,0.004967382,0.00047438076,0.00047699967,-0.0030283033,0.00047610835,0.0039498879,0.00018281726,0.00047795041,-0.00013769071,-7.9882835e-05,-0.00012910006,-0.011193753,-0.00038489938,0.00014889139,0.0,0.0093685405
2245.0,1021.2,5.3983,12.2168,57.924379,7240.9798,0.0,0.0,0.0,0.0,0.0,0.0,0.0,0.0,0.0,0.0,0.0,0.0,0.0,0.0,0.0,0.0,0.0,0.0,0.0,0.0,0.0,0.0,0.0,0.0,0.0,0.0,0.0,0.0,0.0,0.0,0.0,0.0,0.0,0.0,0.0,0.0,0.0,0.0,0.0,0.0,0.0,0.0,0.0,0.0,0.0,0.0,0.0,0.0,0.0,0.0,0.0,0.0,0.0,0.0,0.0,0.0,0.0,0.0,0.0,0.0,0.0,0.0,0.0,0.0,19.815345,-1.9154112e-13,1.7794029e-29,15.872082,0.0,14.017588,21.355167,89.349,173.879,64.3741,0.162,2.2441,0.0,0.26891375905200793,1.0000000005557308,0.9999999997544368,0.22278607307349566,0.7076923031675265,0.0,0.0,0.0,0.0,0.0,0.0,0.0,0.0,0.0,0.0,0.0,0.0,0.0,0.0,0.0,0.0,0.0,0.0,0.0,0.0,0.0,0.0,0.0,0.0,0.0,0.0,0.0,0.0,0.0,0.0,0.0,0.0,0.0,0.0,0.0,0.0,0.0,0.0,0.0,0.0,0.0,0.0,0.0,0.0,0.0,0.0,0.0,0.0,0.0,0.0,0.0,0.0,0.0,0.0,0.0,0.0,0.0,0.0,0.0,0.0,0.0,0.0,0.0,0.0,0.06060616686151899,-5.0372477857754e-16,1.0395739562544352e-31,0.06060647683151813,0.0,0.03030318691397439,0.06060640683130703,0.9999999999776154,1.0000000000230043,0.9999999999378634,0.022188741268319427,1.0000000003119291,0.0,0.0001319034,-0.00014817705,-8.571794e-05,-0.0013284635,-0.0001319034,0.0079336771,0.004105938,0.0062579154,0.004656681,0.0042959082,0.002975186,0.0049450429,0.0053234351,0.0020730846,0.0025929416,0.0037038628,0.0033719091,0.0068488908,0.0026840138,0.00093177245,0.0065354578,0.0058104843,0.0029472714,0.0050757995,0.0061744231,0.0077154485,0.0048885813,0.002079246,0.0055636286,0.012562314,0.0045178263,0.0066874947,0.0018388169,0.0015796663,0.014741323,0.00491229,0.0025582038,0.0054202244,0.0013073204,0.0058955723,0.0041645127,0.0034358161,0.0047242598,0.0093902624,0.0023178767,0.005446526,0.0027227381,0.010902438,0.0048563298,0.0052839076,0.010393542,0.0039138169,0.0067626867,0.0054147588,0.002864153,0.001114015,0.0022362173,0.0053700073,0.011750488,0.0019257959,0.0025265834,0.003273698,0.0036402984,0.0050641147,0.0015509313,0.004839964,0.0092653875,0.0080510864,0.0043891134,0.00044752902,0.00044999969,-0.0036299361,0.00043831952,0.0036745286,0.00024524105,0.00045089661,-0.00011125947,-6.8427226e-05,-0.00010425197,-0.010058345,-0.00032685947,0.0001319034,0.0,0.0058990314
2246.0,1021.2,5.3983,12.2168,57.924379,7476.8438,0.0,0.0,0.0,0.0,0.0,0.0,0.0,0.0,0.0,0.0,0.0,0.0,0.0,0.0,0.0,0.0,0.0,0.0,0.0,0.0,0.0,0.0,0.0,0.0,0.0,0.0,0.0,0.0,0.0,0.0,0.0,0.0,0.0,0.0,0.0,0.0,0.0,0.0,0.0,0.0,0.0,0.0,0.0,0.0,0.0,0.0,0.0,0.0,0.0,0.0,0.0,0.0,0.0,0.0,0.0,0.0,0.0,0.0,0.0,0.0,0.0,0.0,0.0,0.0,19.815345,8.5431215e-14,0.0,7.9360213,0.0,14.017588,21.355167,89.349,173.879,64.3741,0.17,2.2441,0.0,0.2689137590520079,1.0000000005557308,0.9999999997544362,0.22278607307349568,0.7307443129790034,0.0,0.0,0.0,0.0,0.0,0.0,0.0,0.0,0.0,0.0,0.0,0.0,0.0,0.0,0.0,0.0,0.0,0.0,0.0,0.0,0.0,0.0,0.0,0.0,0.0,0.0,0.0,0.0,0.0,0.0,0.0,0.0,0.0,0.0,0.0,0.0,0.0,0.0,0.0,0.0,0.0,0.0,0.0,0.0,0.0,0.0,0.0,0.0,0.0,0.0,0.0,0.0,0.0,0.0,0.0,0.0,0.0,0.0,0.0,0.0,0.0,0.0,0.0,0.0,0.06060616686151897,2.2467144318402863e-16,0.0,0.030303163192634992,0.0,0.030303186913974392,0.06060640683130701,0.9999999999776162,1.000000000023005,0.9999999999378636,0.02328448157786606,1.0000000003119285,0.0,0.00011722286,-0.00013699587,-7.7994972e-05,-0.0012053577,-0.00011722286,0.0064808241,0.0036524639,0.0051161681,0.0041227868,0.0038087059,0.0026474394,0.0040496163,0.0047107289,0.0018451261,0.002308371,0.0032948607,0.0030013252,0.0064554038,0.0025318377,0.0008790927,0.0061592077,0.0054782084,0.002780022,0.0047865199,0.0058193042,0.0072768089,0.0046107502,0.0019616529,0.0052442011,0.011837054,0.004260449,0.0063031979,0.0017348869,0.00149033,0.013887689,0.0046296855,0.0024132515,0.0051108494,0.0012334233,0.0055567932,0.0039278127,0.0032408182,0.0044554343,0.0088528366,0.0021866557,0.0051372571,0.0025681558,0.010276368,0.0045799156,0.0047478719,0.0088732894,0.0035428519,0.0057956351,0.0046468374,0.0026051249,0.0010215927,0.0020365602,0.0047193981,0.010033377,0.0017558749,0.0022999712,0.0029768043,0.0033069541,0.0045733844,0.0014201578,0.0042714589,0.0079264334,0.0068950898,0.0039635863,0.00042219719,0.00042452801,-0.0041904351,0.00041350898,0.0034155685,0.00023135948,0.00042537416,-0.00011226537,-6.3100477e-05,-9.4377763e-05,-0.0093088891,-0.00030087222,0.00011722286,0.0,0.0014978477
2247.0,1021.2,5.3983,12.2168,57.924379,7769.9123,0.0,0.0,0.0,0.0,0.0,0.0,0.0,0.0,0.0,0.0,0.0,0.0,0.0,0.0,0.0,0.0,0.0,0.0,0.0,0.0,0.0,0.0,0.0,0.0,0.0,0.0,0.0,0.0,0.0,0.0,0.0,0.0,0.0,0.0,0.0,0.0,0.0,0.0,0.0,0.0,0.0,0.0,0.0,0.0,0.0,0.0,0.0,0.0,0.0,0.0,0.0,0.0,0.0,0.0,0.0,0.0,0.0,0.0,0.0,0.0,0.0,0.0,0.0,0.0,19.815345,0.0,0.0,7.9360213,0.0,14.017588,10.677569,89.349,173.879,64.3741,0.17,2.2441,0.0,0.2689137590520078,1.0000000005557304,0.9999999997544368,0.22278607307349566,0.759387166222545,0.0,0.0,0.0,0.0,0.0,0.0,0.0,0.0,0.0,0.0,0.0,0.0,0.0,0.0,0.0,0.0,0.0,0.0,0.0,0.0,0.0,0.0,0.0,0.0,0.0,0.0,0.0,0.0,0.0,0.0,0.0,0.0,0.0,0.0,0.0,0.0,0.0,0.0,0.0,0.0,0.0,0.0,0.0,0.0,0.0,0.0,0.0,0.0,0.0,0.0,0.0,0.0,0.0,0.0,0.0,0.0,0.0,0.0,0.0,0.0,0.0,0.0,0.0,0.0,0.060606166861518956,0.0,0.0,0.030303163192634992,0.0,0.03030318691397439,0.030303162264352788,0.9999999999776158,1.0000000000230043,0.9999999999378631,0.02328448157786608,1.0000000003119294,0.0,0.00011058761,-0.00019220029,-7.4218593e-05,-0.0011419676,-0.00011058761,0.0060908306,0.0034395725,0.0048072621,0.0038821419,0.0035863186,0.0024923797,0.0038033172,0.0044356288,0.0017367333,0.0021729536,0.0031027591,0.0028262308,0.0060880911,0.0023895239,0.00082978489,0.005807712,0.0051681441,0.0026238061,0.0045166376,0.0054874109,0.0068690697,0.00435124,0.001851405,0.0049456332,0.011162684,0.0040199675,0.0059443755,0.0016375766,0.0014068636,0.013093711,0.0043656547,0.0022778154,0.0048221859,0.0011642761,0.0052403008,0.0037065814,0.0030586407,0.0042044908,0.0083533029,0.0020640374,0.0048498466,0.0024238107,0.0096944618,0.0043229681,0.004254688,0.0074570048,0.0032035174,0.0048999349,0.003936793,0.0023684388,0.00093757752,0.0018540691,0.0041167375,0.0084312479,0.0016007167,0.0020929649,0.0027053974,0.003002259,0.0041230443,0.0013012844,0.0037458266,0.0066814387,0.0058223757,0.0035735592,0.00039829923,-1.0695334e-06,-0.0047213821,0.00029684549,0.0031701311,0.00021826366,0.00021101695,-0.00010710396,-6.0507203e-05,-0.00010364791,-0.0088151672,-0.00031059201,0.00011058761,0.0,0.0019552292
2248.0,1021.2,5.3983,12.2168,57.924379,7998.317,0.0,0.0,0.0,0.0,0.0,0.0,0.0,0.0,0.0,0.0,0.0,0.0,0.0,0.0,0.0,0.0,0.0,0.0,0.0,0.0,0.0,0.0,0.0,0.0,0.0,0.0,0.0,0.0,0.0,0.0,0.0,0.0,0.0,0.0,0.0,0.0,0.0,0.0,0.0,0.0,0.0,0.0,0.0,0.0,0.0,0.0,0.0,0.0,0.0,0.0,0.0,0.0,0.0,0.0,0.0,0.0,0.0,0.0,0.0,0.0,0.0,0.0,0.0,0.0,19.815345,2.686338e-13,0.0,7.9360213,0.0,14.017588,10.677569,89.349,173.879,64.3741,0.17,2.2441,0.0,0.26891375905200793,1.0000000005557308,0.9999999997544369,0.22278607307349566,0.7817101463525686,0.0,0.0,0.0,0.0,0.0,0.0,0.0,0.0,0.0,0.0,0.0,0.0,0.0,0.0,0.0,0.0,0.0,0.0,0.0,0.0,0.0,0.0,0.0,0.0,0.0,0.0,0.0,0.0,0.0,0.0,0.0,0.0,0.0,0.0,0.0,0.0,0.0,0.0,0.0,0.0,0.0,0.0,0.0,0.0,0.0,0.0,0.0,0.0,0.0,0.0,0.0,0.0,0.0,0.0,0.0,0.0,0.0,0.0,0.0,0.0,0.0,0.0,0.0,0.0,0.06060616686151899,7.064671096391371e-16,0.0,0.030303163192635,0.0,0.030303186913974392,0.030303162264352798,0.9999999999776155,1.0000000000230043,0.9999999999378634,0.023284481577866074,1.0000000003119296,0.0,0.00010432793,-0.00018448459,-7.0469192e-05,-0.0010633014,-0.00010432793,0.0057429799,0.0032444645,0.0045313655,0.0036619483,0.0033827069,0.0023501212,0.0035827096,0.0041838987,0.001637203,0.0020486381,0.0029266907,0.0026656949,0.0057479257,0.0022570742,0.00078377428,0.0054819508,0.0048808042,0.0024785858,0.0042662888,0.0051797618,0.0064929425,0.0041100415,0.0017487646,0.0046686781,0.010542386,0.0037965474,0.0056118987,0.0015469112,0.0013289746,0.012363676,0.0041208873,0.0021515367,0.0045545223,0.0010997849,0.0049467503,0.0035008372,0.0028892532,0.003971636,0.0078931182,0.0019496618,0.0045846509,0.0022896103,0.0091587467,0.0040859027,0.0040855991,0.0071354708,0.003087657,0.0047382213,0.0038193232,0.002280974,0.00090452191,0.0017839814,0.0039475778,0.0080439699,0.0015411846,0.0020154418,0.0026043389,0.0028915736,0.003963149,0.0012561069,0.0035963796,0.006413866,0.0056096656,0.003439893,0.00037575399,0.00037782841,-0.0052252496,0.00028004291,0.0029375696,0.00020590911,0.0001990726,-9.9097071e-05,-5.5797395e-05,-9.6598745e-05,-0.0082886693,-0.00029327459,0.00010432793,0.0,0.0026704744
2249.0,1021.2,5.3983,12.2168,60.118453,8163.5115,0.0,0.0,0.0,0.0,0.0,0.0,0.0,0.0,0.0,0.0,0.0,0.0,0.0,0.0,0.0,0.0,0.0,0.0,0.0,0.0,0.0,0.0,0.0,0.0,0.0,0.0,0.0,0.0,0.0,0.0,0.0,0.0,0.0,0.0,0.0,0.0,0.0,0.0,0.0,0.0,0.0,0.0,0.0,0.0,0.0,0.0,0.0,0.0,0.0,0.0,0.0,0.0,0.0,0.0,0.0,0.0,0.0,0.0,0.0,0.0,0.0,0.0,0.0,0.0,19.815345,0.0,0.0,7.9360213,0.0,14.017588,10.677569,89.349,173.879,64.3741,0.178,2.2441,0.0,0.268913759052008,1.0000000005557306,0.9999999997544362,0.23122481922721186,0.7978553199899269,0.0,0.0,0.0,0.0,0.0,0.0,0.0,0.0,0.0,0.0,0.0,0.0,0.0,0.0,0.0,0.0,0.0,0.0,0.0,0.0,0.0,0.0,0.0,0.0,0.0,0.0,0.0,0.0,0.0,0.0,0.0,0.0,0.0,0.0,0.0,0.0,0.0,0.0,0.0,0.0,0.0,0.0,0.0,0.0,0.0,0.0,0.0,0.0,0.0,0.0,0.0,0.0,0.0,0.0,0.0,0.0,0.0,0.0,0.0,0.0,0.0,0.0,0.0,0.0,0.06060616686151899,0.0,0.0,0.030303163192634992,0.0,0.030303186913974385,0.03030316226435279,0.9999999999776155,1.0000000000230045,0.999999999937863,0.024380221887412703,1.0000000003119296,0.0,9.8422577e-05,-0.00017711527,-6.6619096e-05,-0.00097594962,-9.8422577e-05,0.005452966,0.0030710721,0.0043013541,0.0034669007,0.0032022099,0.0022238488,0.0033988318,0.0039609969,0.0015489043,0.0019383041,0.0027702174,0.0025230088,0.0050796746,0.0020222022,0.00070771179,0.0048859875,0.0043061315,0.0022008146,0.0037641897,0.0046211714,0.0054306852,0.0036602814,0.0015719839,0.0041759716,0.008915788,0.003385362,0.0049807313,0.0013907756,0.0011947329,0.010472893,0.0036755651,0.0019346573,0.0040181016,0.00099049841,0.0044208147,0.0031253445,0.0025666822,0.0035052736,0.006640509,0.0017534569,0.0038440617,0.0020369612,0.0077300252,0.0034422661,0.0035793659,0.0055985976,0.0027406114,0.003752016,0.0030333389,0.0020418286,0.00082064264,0.0016006491,0.0033096925,0.0063132856,0.001385344,0.0018067291,0.0023303883,0.0025829153,0.0035041794,0.0011368598,0.0030417534,0.0050583094,0.0044356053,0.003040678,0.0003544849,3.5383331e-07,-0.0057042542,0.00026419143,0.0027169945,0.00019425388,0.00018780434,-8.967302e-05,-5.1850666e-05,-8.8235906e-05,-0.0077327993,-0.00027364031,9.8422577e-05,0.0,0.0032961106
2250.0,1021.2,5.3983,12.2168,60.574098,8257.0067,0.0,0.0,0.0,0.0,0.0,0.0,0.0,0.0,0.0,0.0,0.0,0.0,0.0,0.0,0.0,0.0,0.0,0.0,0.0,0.0,0.0,0.0,0.0,0.0,0.0,0.0,0.0,0.0,0.0,0.0,0.0,0.0,0.0,0.0,0.0,0.0,0.0,0.0,0.0,0.0,0.0,0.0,0.0,0.0,0.0,0.0,0.0,0.0,0.0,0.0,0.0,0.0,0.0,0.0,0.0,0.0,0.0,0.0,0.0,0.0,0.0,0.0,0.0,0.0,9.9076601,0.0,5.5547025e-14,0.0,0.0,14.017588,10.677569,89.349,173.879,64.3741,0.182,2.2441,0.0,0.2689137590520079,1.0000000005557304,0.9999999997544369,0.23297729999641578,0.8069930106410051,0.0,0.0,0.0,0.0,0.0,0.0,0.0,0.0,0.0,0.0,0.0,0.0,0.0,0.0,0.0,0.0,0.0,0.0,0.0,0.0,0.0,0.0,0.0,0.0,0.0,0.0,0.0,0.0,0.0,0.0,0.0,0.0,0.0,0.0,0.0,0.0,0.0,0.0,0.0,0.0,0.0,0.0,0.0,0.0,0.0,0.0,0.0,0.0,0.0,0.0,0.0,0.0,0.0,0.0,0.0,0.0,0.0,0.0,0.0,0.0,0.0,0.0,0.0,0.0,0.030303045504774896,0.0,3.24520323853659e-16,0.0,0.0,0.03030318691397438,0.03030316226435279,0.9999999999776169,1.0000000000230052,0.9999999999378631,0.02492809204218603,1.000000000311928,0.0,9.265175e-05,-0.00010630431,-6.3298809e-05,-0.0008961649,-9.265175e-05,0.0052393218,0.0029240103,0.0041329001,0.0033024804,0.0030499689,0.002117559,0.0032659071,0.0037733882,0.0014749311,0.0018456523,0.0026375646,0.0024020942,0.0044461625,0.0018046195,0.00063801477,0.0043226918,0.0037630092,0.0019415463,0.0032914178,0.0040938984,0.0044119308,0.0032405849,0.0014089579,0.0037124592,0.0073413921,0.0030010862,0.0043836278,0.0012470809,0.0010713612,0.0086398901,0.0032551053,0.0017347182,0.003512091,0.00089017463,0.0039254382,0.0027758455,0.0022658709,0.0030668499,0.0054343314,0.0015728561,0.0031343484,0.0018013726,0.0063514271,0.0028251419,0.0034693305,0.0054079081,0.0026665017,0.0036689761,0.0029769246,0.001984704,0.00079884937,0.0015543385,0.0032036927,0.0060763896,0.0013460842,0.001755935,0.002264206,0.0025109643,0.0033998898,0.0011074268,0.0029483892,0.0049046855,0.0043193165,0.002954627,0.00029963491,-0.00035608097,0.00015994682,1.8419507e-05,0.0025077665,0.00018325838,0.0001771739,-8.3458724e-05,-4.7248676e-05,-8.3284129e-05,-0.0072286061,-0.00023423854,9.265175e-05,0.0,0.0028848094
2251.0,1021.2,5.3983,12.2168,62.048741,8257.0067,0.0,0.0,0.0,0.0,0.0,0.0,0.0,0.0,0.0,0.0,0.0,0.0,0.0,0.0,0.0,0.0,0.0,0.0,0.0,0.0,0.0,0.0,0.0,0.0,0.0,0.0,0.0,0.0,0.0,0.0,0.0,0.0,0.0,0.0,0.0,0.0,0.0,0.0,0.0,0.0,0.0,0.0,0.0,0.0,0.0,0.0,0.0,0.0,0.0,0.0,0.0,0.0,0.0,0.0,0.0,0.0,0.0,0.0,0.0,0.0,0.0,0.0,0.0,0.0,9.9076601,0.0,0.0,0.0,0.0,14.017588,0.0,89.349,173.879,64.3741,0.182,2.2441,0.0,0.268913759052008,1.0000000005557308,0.9999999997544368,0.23864900384248247,0.8069930106410051,0.0,0.0,0.0,0.0,0.0,0.0,0.0,0.0,0.0,0.0,0.0,0.0,0.0,0.0,0.0,0.0,0.0,0.0,0.0,0.0,0.0,0.0,0.0,0.0,0.0,0.0,0.0,0.0,0.0,0.0,0.0,0.0,0.0,0.0,0.0,0.0,0.0,0.0,0.0,0.0,0.0,0.0,0.0,0.0,0.0,0.0,0.0,0.0,0.0,0.0,0.0,0.0,0.0,0.0,0.0,0.0,0.0,0.0,0.0,0.0,0.0,0.0,0.0,0.0,0.030303045504774896,0.0,0.0,0.0,0.0,0.030303186913974392,0.0,0.9999999999776159,1.0000000000230047,0.9999999999378634,0.02492809204218602,1.0000000003119287,0.0,8.4464918e-05,-9.9344666e-05,-6.0568647e-05,-0.00084543858,-8.4464918e-05,0.0050172397,0.0027794329,0.0039586638,0.0031403455,0.0029000841,0.0020135822,0.0031298744,0.0035884055,0.0014028734,0.0017552305,0.0025072221,0.0022834218,0.0039944967,0.0016517511,0.00058900592,0.0039130798,0.0033813202,0.0017616534,0.0029623865,0.0037105757,0.0037434913,0.0029465882,0.001294431,0.0033755059,0.0062645867,0.0027295243,0.0039547026,0.0011464026,0.00098529866,0.0073766448,0.0029495657,0.0015940444,0.0031583534,0.00081994051,0.0035652931,0.0025301724,0.0020570092,0.0027626634,0.0046278556,0.0014460612,0.0026688094,0.0016373572,0.0054203963,0.0024168606,0.0033796716,0.005265565,0.0026055151,0.003609343,0.0029369553,0.0019373469,0.00078061259,0.001515921,0.0031201537,0.0058975514,0.0013134788,0.0017137946,0.0022093554,0.002451409,0.0033143388,0.0010827957,0.0028745591,0.0047909091,0.0042343734,0.0028840848,0.00028267444,-0.00069541226,-0.00027699662,-0.00021457728,0.0023089691,0.00017288526,-0.00013986106,-7.8864336e-05,-4.5500748e-05,-7.9462503e-05,-0.0068436703,-0.00022451299,8.4464918e-05,0.0,0.00027572093
2252.0,1021.2,5.3983,12.2168,60.118453,8205.2468,0.0,0.0,0.0,0.0,0.0,0.0,0.0,0.0,0.0,0.0,0.0,0.0,0.0,0.0,0.0,0.0,0.0,0.0,0.0,0.0,0.0,0.0,0.0,0.0,0.0,0.0,0.0,0.0,0.0,0.0,0.0,0.0,0.0,0.0,0.0,0.0,0.0,0.0,0.0,0.0,0.0,0.0,0.0,0.0,0.0,0.0,0.0,0.0,0.0,0.0,0.0,0.0,0.0,0.0,0.0,0.0,0.0,0.0,0.0,0.0,0.0,0.0,0.0,0.0,9.9076601,0.0,0.0,0.0,0.0,14.017588,0.0,89.349,173.879,64.3741,0.17,2.2441,0.0,0.2689137590520079,1.0000000005557308,0.9999999997544363,0.23122481922721197,0.8019342915374503,0.0,0.0,0.0,0.0,0.0,0.0,0.0,0.0,0.0,0.0,0.0,0.0,0.0,0.0,0.0,0.0,0.0,0.0,0.0,0.0,0.0,0.0,0.0,0.0,0.0,0.0,0.0,0.0,0.0,0.0,0.0,0.0,0.0,0.0,0.0,0.0,0.0,0.0,0.0,0.0,0.0,0.0,0.0,0.0,0.0,0.0,0.0,0.0,0.0,0.0,0.0,0.0,0.0,0.0,0.0,0.0,0.0,0.0,0.0,0.0,0.0,0.0,0.0,0.0,0.030303045504774886,0.0,0.0,0.0,0.0,0.03030318691397439,0.0,0.9999999999776159,1.0000000000230043,0.9999999999378631,0.023284481577866067,1.000000000311928,0.0,8.2637494e-05,-9.3593664e-05,-5.8347744e-05,-0.00082300254,-8.2637494e-05,0.004733245,0.0026221066,0.0037345884,0.0029625901,0.0027359284,0.0018996059,0.0029527117,0.0033852882,0.0013234655,0.0016558778,0.0023653038,0.0021541715,0.0034433557,0.0014728957,0.00053301456,0.0034216348,0.0029156087,0.0015461184,0.0025618207,0.0032520376,0.0028624016,0.0025968004,0.0011618747,0.0029756372,0.0048584811,0.0024067066,0.0034360396,0.0010299347,0.00088576126,0.0057281395,0.0025837629,0.001431391,0.0027272219,0.00073912555,0.0031367134,0.0022393446,0.0018068906,0.002392742,0.0035709129,0.0012996123,0.0020574465,0.0014417554,0.0042041907,0.0018832788,0.0035522449,0.0060274982,0.0027227439,0.0041473122,0.0033771956,0.0020086167,0.00080212133,0.001566925,0.0033914516,0.0067260637,0.0013566769,0.0017745055,0.0022901671,0.0025463266,0.003462483,0.0011157894,0.0031075798,0.0054808701,0.0048530988,0.0030190659,0.000266674,-0.0010235014,-0.00070068252,-0.0004399367,0.0021196625,0.0001630993,-0.00044672936,-7.5925614e-05,-4.3261805e-05,-7.7194138e-05,-0.0065651135,-0.00021662986,8.2637494e-05,0.0,0.0013985375
2253.0,1021.2,5.3983,12.2168,60.118453,8253.312,0.0,0.0,0.0,0.0,0.0,0.0,0.0,0.0,0.0,0.0,0.0,0.0,0.0,0.0,0.0,0.0,0.0,0.0,0.0,0.0,0.0,0.0,0.0,0.0,0.0,0.0,0.0,0.0,0.0,0.0,0.0,0.0,0.0,0.0,0.0,0.0,0.0,0.0,0.0,0.0,0.0,0.0,0.0,0.0,0.0,0.0,0.0,0.0,0.0,0.0,0.0,0.0,0.0,0.0,0.0,0.0,0.0,0.0,0.0,0.0,0.0,0.0,0.0,0.0,0.0,0.0,0.0,0.0,0.0,14.017588,0.0,89.349,173.879,64.3741,0.166,2.2441,0.0,0.26891375905200793,1.0000000005557304,0.9999999997544363,0.23122481922721191,0.8066319116150822,0.0,0.0,0.0,0.0,0.0,0.0,0.0,0.0,0.0,0.0,0.0,0.0,0.0,0.0,0.0,0.0,0.0,0.0,0.0,0.0,0.0,0.0,0.0,0.0,0.0,0.0,0.0,0.0,0.0,0.0,0.0,0.0,0.0,0.0,0.0,0.0,0.0,0.0,0.0,0.0,0.0,0.0,0.0,0.0,0.0,0.0,0.0,0.0,0.0,0.0,0.0,0.0,0.0,0.0,0.0,0.0,0.0,0.0,0.0,0.0,0.0,0.0,0.0,0.0,0.0,0.0,0.0,0.0,0.0,0.030303186913974385,0.0,0.9999999999776156,1.0000000000230043,0.9999999999378631,0.022736611423092756,1.000000000311929,0.0,7.79599e-05,-8.9104938e-05,-5.5987327e-05,-0.00078243686,-7.79599e-05,0.0037672238,0.0023330953,0.0029740842,0.0026210738,0.002424391,0.0016897918,0.0023539416,0.0029930591,0.0011771045,0.0014734477,0.0021045611,0.0019178576,0.0031004691,0.0013653401,0.00049927667,0.0031079814,0.0026324419,0.0014181827,0.002322057,0.0029597552,0.0023687714,0.0023866996,0.0010823215,0.0027213125,0.004020687,0.0022099749,0.0031105072,0.00096034008,0.00082656073,0.0047343602,0.0023505943,0.0013335694,0.0024673058,0.00069081226,0.0028638831,0.0020636677,0.0016582034,0.0021724568,0.0029622932,0.0012118197,0.0017159071,0.001325143,0.0034939511,0.0015815406,0.0035053508,0.0060114334,0.0026865593,0.0041460689,0.0033774762,0.0019791851,0.00078928371,0.0015429616,0.0033605905,0.0067000755,0.0013358785,0.0017480977,0.0022564467,0.0025099012,0.0034146968,0.0010987045,0.0030782427,0.0054696082,0.0048475624,0.0029790374,0.0001006438,-0.0013387592,-0.0011096218,-0.00065597581,0.001939621,0.00015386727,-0.00074247864,-7.16302e-05,-4.1702465e-05,-7.3420046e-05,-0.0062362489,-0.00020758066,7.79599e-05,0.0,0.0010765416
2254.0,1021.2,5.3983,12.2168,60.118453,8213.0324,0.0,0.0,0.0,0.0,0.0,0.0,0.0,0.0,0.0,0.0,0.0,0.0,0.0,0.0,0.0,0.0,0.0,0.0,0.0,0.0,0.0,0.0,0.0,0.0,0.0,0.0,0.0,0.0,0.0,0.0,0.0,0.0,0.0,0.0,0.0,0.0,0.0,0.0,0.0,0.0,0.0,0.0,0.0,0.0,0.0,0.0,0.0,0.0,0.0,0.0,0.0,0.0,0.0,0.0,0.0,0.0,0.0,0.0,0.0,0.0,0.0,0.0,0.0,0.0,0.0,0.0,0.0,0.0,0.0,14.017588,0.0,89.349,173.879,64.3741,0.162,2.2441,0.0,0.268913759052008,1.000000000555731,0.9999999997544363,0.23122481922721191,0.8026952119305062,0.0,0.0,0.0,0.0,0.0,0.0,0.0,0.0,0.0,0.0,0.0,0.0,0.0,0.0,0.0,0.0,0.0,0.0,0.0,0.0,0.0,0.0,0.0,0.0,0.0,0.0,0.0,0.0,0.0,0.0,0.0,0.0,0.0,0.0,0.0,0.0,0.0,0.0,0.0,0.0,0.0,0.0,0.0,0.0,0.0,0.0,0.0,0.0,0.0,0.0,0.0,0.0,0.0,0.0,0.0,0.0,0.0,0.0,0.0,0.0,0.0,0.0,0.0,0.0,0.0,0.0,0.0,0.0,0.0,0.03030318691397439,0.0,0.9999999999776158,1.0000000000230045,0.9999999999378636,0.022188741268319434,1.0000000003119298,0.0,7.3547075e-05,-8.3328139e-05,-5.3406688e-05,-0.00074210524,-7.3547075e-05,0.0029081864,0.0020867929,0.0022960118,0.0023289551,0.0021579098,0.001509729,0.0018169665,0.0026572382,0.0010509239,0.0013165191,0.0018822496,0.001716239,0.0028205826,0.0012796507,0.00047262596,0.0028521788,0.0024025613,0.0013155646,0.0021282445,0.0027216947,0.0019620889,0.0022182764,0.0010191236,0.0025149379,0.0033252837,0.0020517533,0.0028452489,0.0009052258,0.00077972594,0.0039076605,0.0021606432,0.0012560377,0.0022567884,0.00065260744,0.0026422635,0.0019228265,0.0015388641,0.0019946352,0.0024596877,0.001142306,0.0014352887,0.0012317258,0.0029067964,0.0013335385,0.0039376934,0.0076673944,0.0029764407,0.0052559356,0.004272749,0.0021661992,0.00084916638,0.0016818833,0.0039830661,0.0085341747,0.0014533013,0.0019092955,0.0024700244,0.0027553557,0.003793308,0.0011869882,0.0036135367,0.0069464238,0.0061473166,0.0033147668,-5.8183586e-05,-0.0016440449,-0.0015061548,-0.0008645812,0.0017683367,0.0001451578,-0.0010282215,-6.7254138e-05,-4.0102316e-05,-6.9483254e-05,-0.0059209353,-0.00019833182,7.3547075e-05,0.0,0.0010913612
2255.0,1021.2,5.3983,12.2168,60.118453,8160.6412,0.0,0.0,0.0,0.0,0.0,0.0,0.0,0.0,0.0,0.0,0.0,0.0,0.0,0.0,0.0,0.0,0.0,0.0,0.0,0.0,0.0,0.0,0.0,0.0,0.0,0.0,0.0,0.0,0.0,0.0,0.0,0.0,0.0,0.0,0.0,0.0,0.0,0.0,0.0,0.0,0.0,0.0,0.0,0.0,0.0,0.0,0.0,0.0,0.0,0.0,0.0,0.0,0.0,0.0,0.0,0.0,0.0,0.0,0.0,0.0,0.0,0.0,0.0,0.0,0.0,0.0,0.0,0.0,0.0,14.017588,0.0,89.349,173.879,64.3741,0.166,2.2441,0.0,0.26891375905200793,1.000000000555731,0.9999999997544362,0.23122481922721197,0.7975747931449562,0.0,0.0,0.0,0.0,0.0,0.0,0.0,0.0,0.0,0.0,0.0,0.0,0.0,0.0,0.0,0.0,0.0,0.0,0.0,0.0,0.0,0.0,0.0,0.0,0.0,0.0,0.0,0.0,0.0,0.0,0.0,0.0,0.0,0.0,0.0,0.0,0.0,0.0,0.0,0.0,0.0,0.0,0.0,0.0,0.0,0.0,0.0,0.0,0.0,0.0,0.0,0.0,0.0,0.0,0.0,0.0,0.0,0.0,0.0,0.0,0.0,0.0,0.0,0.0,0.0,0.0,0.0,0.0,0.0,0.030303186913974385,0.0,0.9999999999776156,1.000000000023005,0.9999999999378634,0.022736611423092738,1.000000000311929,0.0,6.9384033e-05,-7.9148619e-05,-5.112926e-05,-0.0006936417,-6.9384033e-05,0.0024990795,0.0019544023,0.0019708463,0.0021738638,0.0020156714,0.001411697,0.001555637,0.0024789666,0.00098164217,0.0012305886,0.0017626507,0.0016073932,0.0028966024,0.0013067103,0.00047989695,0.0028992793,0.0024799573,0.0013547687,0.0022016844,0.0027655017,0.0022284368,0.0022758769,0.0010384103,0.0025523856,0.0036473435,0.0020990688,0.0029084354,0.00092259812,0.00079517947,0.0042615081,0.0021957671,0.0012794542,0.0023325011,0.00066432537,0.0026827033,0.0019674739,0.0015836702,0.0020642026,0.0027449647,0.0011637529,0.0016212794,0.0012658256,0.0032143025,0.0014874306,0.0049143512,0.011256461,0.0036327535,0.007638476,0.0061899014,0.0025957204,0.00098945593,0.0020033593,0.0053551678,0.012523886,0.0017252804,0.0022805532,0.002960966,0.0033169874,0.00465403,0.001391926,0.0047950692,0.010138675,0.0089469779,0.0040744048,-0.00021043429,-0.001942583,-0.0018928909,-0.0010677447,0.001605272,0.00013694132,-0.0013054828,-6.2760076e-05,-3.6821229e-05,-6.5569452e-05,-0.0055722926,-0.00018875633,6.9384033e-05,0.0,0.0016853597
2256.0,1021.2,5.3983,12.2168,60.118453,8098.4343,0.0,0.0,0.0,0.0,0.0,0.0,0.0,0.0,0.0,0.0,0.0,0.0,0.0,0.0,0.0,0.0,0.0,0.0,0.0,0.0,0.0,0.0,0.0,0.0,0.0,0.0,0.0,0.0,0.0,0.0,0.0,0.0,0.0,0.0,0.0,0.0,0.0,0.0,0.0,0.0,0.0,0.0,0.0,0.0,0.0,0.0,0.0,0.0,0.0,0.0,0.0,0.0,0.0,0.0,0.0,0.0,0.0,0.0,0.0,0.0,0.0,0.0,0.0,0.0,0.0,0.0,0.0,0.0,0.0,28.035154,0.0,89.349,173.879,64.3741,0.166,2.2441,0.0,0.2689137590520079,1.0000000005557301,0.9999999997544368,0.23122481922721197,0.7914950435047344,0.0,0.0,0.0,0.0,0.0,0.0,0.0,0.0,0.0,0.0,0.0,0.0,0.0,0.0,0.0,0.0,0.0,0.0,0.0,0.0,0.0,0.0,0.0,0.0,0.0,0.0,0.0,0.0,0.0,0.0,0.0,0.0,0.0,0.0,0.0,0.0,0.0,0.0,0.0,0.0,0.0,0.0,0.0,0.0,0.0,0.0,0.0,0.0,0.0,0.0,0.0,0.0,0.0,0.0,0.0,0.0,0.0,0.0,0.0,0.0,0.0,0.0,0.0,0.0,0.0,0.0,0.0,0.0,0.0,0.06060632626840344,0.0,0.9999999999776158,1.0000000000230047,0.9999999999378631,0.022736611423092752,1.0000000003119294,0.0,6.5456635e-05,-7.3774024e-05,-4.8429142e-05,-0.00063494196,-6.5456635e-05,0.0019707215,0.0018151598,0.0015526837,0.0020073845,0.0018639558,0.0013090607,0.0012225678,0.0022872567,0.00090930326,0.0011408993,0.0016368902,0.0014933029,0.0026143135,0.0012158502,0.00045176879,0.0026539376,0.0022387289,0.0012426943,0.001992597,0.0025369551,0.0017279159,0.0020963025,0.00097137605,0.0023540342,0.002878556,0.0019346403,0.0026457975,0.00086358859,0.00074443323,0.0033654005,0.0020132772,0.001197369,0.0021082668,0.00062339557,0.002469792,0.0018187485,0.0014535749,0.0018706594,0.0021556197,0.0010896673,0.0012748198,0.0011646841,0.0025429453,0.0011877571,0.0065647586,0.017274345,0.0047392968,0.011611546,0.0093818231,0.0033223072,0.0012272523,0.002548418,0.0076632397,0.019225435,0.0021862262,0.002908981,0.0037918932,0.0042663122,0.0061093873,0.0017385023,0.0067820331,0.015482589,0.013624549,0.0053562897,-0.00035672008,-0.0022376434,-0.0022727562,-0.0012679925,0.0014500599,0.00015562382,-0.0015758191,-5.7672349e-05,-3.4509745e-05,-6.1596725e-05,-0.005229991,-0.00017873593,6.5456635e-05,0.0,0.0022718749
2257.0,1021.2,5.3983,12.2168,62.469887,7867.2244,0.0,0.0,0.0,0.0,0.0,0.0,0.0,0.0,0.0,0.0,0.0,0.0,0.0,0.0,0.0,0.0,0.0,0.0,0.0,0.0,0.0,0.0,0.0,0.0,0.0,0.0,0.0,0.0,0.0,0.0,0.0,0.0,0.0,0.0,0.0,0.0,0.0,0.0,0.0,0.0,0.0,0.0,0.0,0.0,0.0,0.0,0.0,0.0,0.0,0.0,0.0,0.0,0.0,0.0,0.0,0.0,0.0,0.0,0.0,0.0,0.0,0.0,0.0,0.0,0.0,0.0,0.0,0.0,0.0,28.035154,0.0,89.349,173.879,64.3741,0.174,2.2441,0.0,0.26891375905200804,1.0000000005557308,0.9999999997544367,0.24026879615014976,0.7688978990345706,0.0,0.0,0.0,0.0,0.0,0.0,0.0,0.0,0.0,0.0,0.0,0.0,0.0,0.0,0.0,0.0,0.0,0.0,0.0,0.0,0.0,0.0,0.0,0.0,0.0,0.0,0.0,0.0,0.0,0.0,0.0,0.0,0.0,0.0,0.0,0.0,0.0,0.0,0.0,0.0,0.0,0.0,0.0,0.0,0.0,0.0,0.0,0.0,0.0,0.0,0.0,0.0,0.0,0.0,0.0,0.0,0.0,0.0,0.0,0.0,0.0,0.0,0.0,0.0,0.0,0.0,0.0,0.0,0.0,0.060606326268403427,0.0,0.9999999999776159,1.0000000000230045,0.9999999999378631,0.02383235173263939,1.0000000003119291,0.0,6.1751543e-05,-6.9761186e-05,-4.6217966e-05,-0.00057805999,-6.1751543e-05,0.0018769396,0.0017834265,0.0014771954,0.0019704308,0.0018298824,0.0012849858,0.0011602924,0.0022447107,0.00089200039,0.0011195906,0.0016081642,0.0014670392,0.0027451251,0.0012564801,0.00046328072,0.0027579831,0.0023553463,0.0012966416,0.0020956991,0.0026334698,0.0020271093,0.0021803343,0.0010005514,0.0024366781,0.0033047906,0.00200936,0.0027633564,0.00088931122,0.0007666897,0.0038537641,0.002090425,0.0012330335,0.0022179062,0.0006408792,0.002558952,0.0018864771,0.0015158045,0.0019664779,0.0024970527,0.0011218301,0.0014822577,0.0012126073,0.0029251531,0.0013640713,0.0041494497,0.0090883565,0.0030520976,0.0060110907,0.0048298435,0.0021998323,0.00084011757,0.0017066027,0.0044242467,0.010193523,0.0014677719,0.0019355239,0.0025133567,0.0028067355,0.0039404006,0.001177751,0.003965378,0.0081303965,0.0071098111,0.0034303494,-0.00049762718,-0.0025333676,-0.0026488278,-0.0014680921,0.001302026,0.00014681492,-0.0018410372,-5.3204276e-05,-3.2306919e-05,-5.804815e-05,-0.0048909667,-0.00016979485,6.1751543e-05,0.0,0.0033356699
2258.0,1021.2,5.3983,12.2168,62.469887,7679.6607,0.0,0.0,0.0,0.0,0.0,0.0,0.0,0.0,0.0,0.0,0.0,0.0,0.0,0.0,0.0,0.0,0.0,0.0,0.0,0.0,0.0,0.0,0.0,0.0,0.0,0.0,0.0,0.0,0.0,0.0,0.0,0.0,0.0,0.0,0.0,0.0,0.0,0.0,0.0,0.0,0.0,0.0,0.0,0.0,0.0,0.65713944,0.0,0.17141906,0.070516879,0.0,0.0,0.0,0.0,0.533384,0.0,0.0,0.0,0.0,0.0,0.0,0.0,0.6702794,0.41778018,0.0,0.0,0.0,0.0,0.0,0.0,42.052679,0.0,89.349,173.879,64.3741,0.17,2.2441,0.0,0.2689137590520079,1.0000000005557308,0.9999999997544367,0.24026879615014976,0.7505664866415103,0.0,0.0,0.0,0.0,0.0,0.0,0.0,0.0,0.0,0.0,0.0,0.0,0.0,0.0,0.0,0.0,0.0,0.0,0.0,0.0,0.0,0.0,0.0,0.0,0.0,0.0,0.0,0.0,0.0,0.0,0.0,0.0,0.0,0.0,0.0,0.0,0.0,0.0,0.0,0.0,0.0,0.0,0.0,0.0,0.0,0.1819230885214444,0.0,0.06063727921008206,0.030303854886380415,0.0,0.0,0.0,0.0,0.21222196093578077,0.0,0.0,0.0,0.0,0.0,0.0,0.0,0.1819139494215264,0.12129999737937751,0.0,0.0,0.0,0.0,0.0,0.0,0.0909093769891343,0.0,0.9999999999776158,1.000000000023004,0.999999999937863,0.023284481577866077,1.0000000003119283,0.0,5.8256172e-05,-0.00012871159,-4.4525311e-05,-0.00054355733,-5.8256172e-05,0.0018192941,0.001766702,0.0014314678,0.0019506364,0.0018117845,0.0012726189,0.0011236938,0.002221935,0.00088326532,0.0011087624,0.0015930562,0.0014533087,0.0028605294,0.0012882791,0.00047185424,0.002852067,0.0024545979,0.0013397424,0.0021811161,0.0027202331,0.0022765223,0.0022479525,0.001022817,0.0025098718,0.0036833815,0.0020707842,0.0028674848,0.00090880312,0.00078332012,0.0042937637,0.0021598403,0.0012602315,0.0023098824,0.00065393696,0.0026383331,0.0019409031,0.0015655182,0.002045174,0.0027890786,0.0011461907,0.0016542624,0.0012508682,0.0032566317,0.0015115241,0.0081475998,0.023361312,0.0057680767,0.015541921,0.012517863,0.0039906546,0.0014370918,0.0030497651,0.0099487094,0.026043976,0.0026072434,0.0034857657,0.004558377,0.0051426482,0.0074854553,0.002045655,0.0087348504,0.020848968,0.01828581,0.0065614941,-0.00063380223,-0.0028343888,-0.0030241239,-0.0016713148,0.0011609013,0.00014074291,-0.0021028029,-6.2137348e-05,-3.1132475e-05,-5.5252776e-05,-0.0046454619,-0.00016366716,5.8256172e-05,0.0,0.00024015909
2259.0,1021.2,5.3983,12.2168,57.924379,7240.9798,0.0,0.0,0.0,0.0,0.0,0.0,0.0,0.0,0.0,0.0,0.0,0.0,0.0,0.0,0.0,0.0,0.0,0.0,0.0,0.0,0.0,0.0,0.0,0.0,0.0,0.0,0.0,0.0,0.0,0.0,0.0,0.0,0.0,0.0,0.0,0.0,0.0,0.0,0.0,0.0,0.0,0.0,0.0,0.0,0.0,0.54759837,0.0,0.085718065,0.0,0.0,0.0,0.0,0.0,0.4571791,0.0,0.0,0.0,0.0,0.0,0.0,0.0,0.44684653,0.20891375,0.0,0.0,0.0,0.0,0.0,0.0,42.052679,0.0,89.349,173.879,64.3741,0.146,2.2441,0.0,0.26891375905200793,1.0000000005557308,0.9999999997544372,0.22278607307349554,0.7076923031675265,0.0,0.0,0.0,0.0,0.0,0.0,0.0,0.0,0.0,0.0,0.0,0.0,0.0,0.0,0.0,0.0,0.0,0.0,0.0,0.0,0.0,0.0,0.0,0.0,0.0,0.0,0.0,0.0,0.0,0.0,0.0,0.0,0.0,0.0,0.0,0.0,0.0,0.0,0.0,0.0,0.0,0.0,0.0,0.0,0.0,0.15159763769422924,0.0,0.030321658751091985,0.0,0.0,0.0,0.0,0.0,0.181901678904608,0.0,0.0,0.0,0.0,0.0,0.0,0.0,0.12127422841520205,0.06065686823035966,0.0,0.0,0.0,0.0,0.0,0.0,0.09090937698913432,0.0,0.9999999999776155,1.000000000023005,0.9999999999378631,0.019997260649226148,1.0000000003119285,0.0,5.75901e-05,-6.5621514e-05,-3.0081695e-05,-0.00056176489,-5.75901e-05,0.0023064141,0.0018619814,0.0018143559,0.0020689288,0.001918256,0.0013417977,0.0014242044,0.0023584858,0.00093151684,0.0011686822,0.0016790162,0.0015307489,0.0031973948,0.0013872723,0.00050002532,0.0031310302,0.0027453069,0.0014697136,0.0024328443,0.0029784944,0.002972157,0.0024529445,0.0010936801,0.0027301486,0.0047327148,0.0022568455,0.0031740354,0.0009708435,0.00083661549,0.005511607,0.0023663197,0.0013468063,0.0025801073,0.00069614876,0.0028762611,0.0021073378,0.0017156719,0.0022776148,0.0036017286,0.0012240036,0.0021349473,0.0013668367,0.0041780979,0.0019240108,0.007429398,0.021290856,0.0052257837,0.013998113,0.011231,0.0036221313,0.0012994114,0.0027737744,0.0090674146,0.023815528,0.0023681324,0.0031648054,0.0041413945,0.0046670327,0.006817178,0.0018476439,0.0079505136,0.018935069,0.016538835,0.0059588158,-0.0007667015,-0.0031446049,-0.0034011552,-0.0018809041,0.0010259367,0.00013277633,-0.0023629948,-4.9668637e-05,-3.0969376e-05,-4.1528993e-05,-0.0045659065,-0.00013668624,5.75901e-05,-0.45955000000003565,-0.0
2260.0,1102.2,5.3983,12.2168,53.948473,7176.5838,0.0,0.0,0.0,0.0,0.0,0.0,0.0,0.0,0.0,0.0,0.0,0.0,0.0,0.0,0.0,0.0,0.0,0.0,0.0,0.0,0.0,0.0,0.0,0.0,0.0,0.0,0.0,0.0,0.0,0.0,0.0,0.0,0.0,0.0,0.0,0.0,0.0,0.0,0.0,0.0,0.0,0.0,0.0,0.0,0.0,0.32850732,0.0,0.0,0.0,0.0,0.0,0.0,0.0,0.38098814,0.0,0.0,0.0,0.0,0.0,0.0,0.0,0.22340548,0.10445614,0.0,0.0,0.0,0.0,0.0,0.0,42.052679,0.0,89.349,173.879,64.3741,0.118,2.2441,0.0,0.29024358130348915,1.0000000005557304,0.9999999997544367,0.20749412691988478,0.7013986033073535,0.0,0.0,0.0,0.0,0.0,0.0,0.0,0.0,0.0,0.0,0.0,0.0,0.0,0.0,0.0,0.0,0.0,0.0,0.0,0.0,0.0,0.0,0.0,0.0,0.0,0.0,0.0,0.0,0.0,0.0,0.0,0.0,0.0,0.0,0.0,0.0,0.0,0.0,0.0,0.0,0.0,0.0,0.0,0.0,0.0,0.09094426938718284,0.0,0.0,0.0,0.0,0.0,0.0,0.0,0.1515869432980288,0.0,0.0,0.0,0.0,0.0,0.0,0.0,0.06063228735541003,0.030328220712289158,0.0,0.0,0.0,0.0,0.0,0.0,0.09090937698913434,0.0,0.9999999999776158,1.0000000000230045,0.9999999999378634,0.016162169565812914,1.0000000003119285,0.0,5.7457625e-05,-6.6153657e-05,-3.0081695e-05,-0.0005843736,-5.7457625e-05,0.0018964846,0.0017665835,0.0014931271,0.0019530385,0.0018135036,0.0012733022,0.0011738173,0.0022251191,0.00088408166,0.0011095008,0.0015930067,0.0014531923,0.0032351555,0.0013861094,0.00049749816,0.0031602275,0.0027721625,0.0014737991,0.0024513467,0.0030037656,0.0030687885,0.0024589634,0.0010906305,0.0027476418,0.004917446,0.0022642222,0.0032059528,0.00096765245,0.00083333365,0.0057358644,0.0023867316,0.0013428793,0.0026024113,0.00069312225,0.0028966865,0.0021105672,0.0017201258,0.0022930675,0.003726721,0.0012199376,0.002199364,0.0013697555,0.004327,0.0019804887,0.0067565688,0.019382386,0.0047207787,0.012594881,0.010067245,0.0032774632,0.0011710969,0.0025147653,0.0082498543,0.021753044,0.0021440957,0.0028643745,0.0037508774,0.0042223714,0.0061906352,0.0016633369,0.0072227031,0.017177735,0.014942541,0.0053961591,-0.00089623603,-0.0034642792,-0.0037787592,-0.0020966829,0.00089814783,0.00012526069,-0.0026207909,-4.9771104e-05,-3.099762e-05,-4.1528993e-05,-0.0045000403,-0.00013668624,5.7457625e-05,-0.9657900000000836,-0.0
2261.0,1102.2,5.3983,12.2168,50.44032,6940.4649,0.0,0.0,0.0,0.0,0.0,0.0,0.0,0.0,0.0,0.0,0.0,0.0,0.0,0.0,0.0,0.0,0.0,0.0,0.0,0.0,0.0,0.0,0.0,0.0,0.0,0.0,0.0,0.0,0.0,0.0,0.0,0.0,0.0,0.0,0.0,0.0,0.0,0.0,0.0,0.0,0.0,0.0,0.0,0.0,0.0,0.10948724,0.0,0.0,0.0,0.0,0.0,0.0,0.0,0.15241257,0.0,0.0,0.0,0.0,0.0,0.0,0.0,0.0,0.0,0.0,0.0,0.0,0.0,0.0,0.0,32.705607,0.0,89.349,173.879,64.3741,0.093,2.2441,0.0,0.2902435813034891,1.0000000005557306,0.9999999997544365,0.1940012307662462,0.6783216810153758,0.0,0.0,0.0,0.0,0.0,0.0,0.0,0.0,0.0,0.0,0.0,0.0,0.0,0.0,0.0,0.0,0.0,0.0,0.0,0.0,0.0,0.0,0.0,0.0,0.0,0.0,0.0,0.0,0.0,0.0,0.0,0.0,0.0,0.0,0.0,0.0,0.0,0.0,0.0,0.0,0.0,0.0,0.0,0.0,0.0,0.030310548480378275,0.0,0.0,0.0,0.0,0.0,0.0,0.0,0.060641666185453545,0.0,0.0,0.0,0.0,0.0,0.0,0.0,0.0,0.0,0.0,0.0,0.0,0.0,0.0,0.0,0.07070289996081988,0.0,0.9999999999776156,1.000000000023004,0.9999999999378631,0.012737981098479676,1.0000000003119287,0.0,5.6676731e-05,-6.5621514e-05,-2.9960217e-05,-0.00060750915,-5.6676731e-05,0.0022140516,0.0018240022,0.0017429192,0.0020251146,0.0018782156,0.0013151212,0.0013701765,0.0023084498,0.00091332694,0.0011457447,0.0016448261,0.0014998324,0.0037179217,0.0015242158,0.00053615889,0.0035589351,0.0031871341,0.0016570059,0.0028093418,0.0033722773,0.0040756832,0.0027475382,0.0011886976,0.003060583,0.0064456734,0.0025266647,0.0036442807,0.0010535388,0.00090695602,0.0075123252,0.0026814723,0.0014627359,0.0029873967,0.00075127862,0.0032352596,0.0023444172,0.0019317642,0.0026232318,0.0049055806,0.0013275339,0.0028941919,0.0015329538,0.0056652145,0.0025768892,0.0060399254,0.017322933,0.0041920331,0.011121837,0.0088560852,0.002916256,0.0010384843,0.0022423155,0.0073738249,0.019509093,0.0019093399,0.0025495053,0.0033405412,0.0037560523,0.0055264712,0.0014729158,0.0064458814,0.015297671,0.013251007,0.0048034224,-0.0010217001,-0.0037912509,-0.0041548187,-0.0023176143,0.00077725725,0.00011817047,-0.0028745739,-4.9668637e-05,-3.2373835e-05,-4.1415736e-05,-0.0044337296,-0.00013646389,5.6676731e-05,-1.9962500000000318,-0.0
2262.0,1102.2,5.3983,12.2168,47.320987,6833.1381,0.0,0.0,0.0,0.0,0.0,0.0,0.0,0.0,0.0,0.0,0.0,0.0,0.0,0.0,0.0,0.0,0.0,0.0,0.0,0.0,0.0,0.0,0.0,0.0,0.0,0.0,0.0,0.0,0.0,0.0,0.0,0.0,0.0,0.0,0.0,0.0,0.0,0.0,0.0,0.0,0.0,0.0,0.0,0.0,0.0,0.0,0.0,0.0,0.0,0.0,0.0,0.0,0.0,0.0,0.0,0.0,0.0,0.0,0.0,0.0,0.0,0.0,0.0,0.0,0.0,0.0,0.0,0.0,0.0,28.035154,0.0,89.349,173.879,64.3741,0.069,2.2441,0.0,0.2902435813034892,1.0000000005557308,0.9999999997544368,0.18200379615104617,0.6678321682171777,0.0,0.0,0.0,0.0,0.0,0.0,0.0,0.0,0.0,0.0,0.0,0.0,0.0,0.0,0.0,0.0,0.0,0.0,0.0,0.0,0.0,0.0,0.0,0.0,0.0,0.0,0.0,0.0,0.0,0.0,0.0,0.0,0.0,0.0,0.0,0.0,0.0,0.0,0.0,0.0,0.0,0.0,0.0,0.0,0.0,0.0,0.0,0.0,0.0,0.0,0.0,0.0,0.0,0.0,0.0,0.0,0.0,0.0,0.0,0.0,0.0,0.0,0.0,0.0,0.0,0.0,0.0,0.0,0.0,0.06060632626840344,0.0,0.9999999999776151,1.0000000000230043,0.9999999999378631,0.00945076016983976,1.0000000003119294,0.0,5.7141707e-05,-6.5621514e-05,-4.4473195e-05,-0.00063065552,-5.7141707e-05,0.0023999321,0.0018464752,0.0018894811,0.0020553696,0.0019049714,0.0013318424,0.0014860142,0.002343713,0.00092517701,0.0011602677,0.0016651373,0.0015180071,0.0046963194,0.0018099368,0.00061717275,0.0043692612,0.0040303345,0.0020327428,0.0035385421,0.0041222442,0.0060962395,0.0033401677,0.0013927986,0.0036996173,0.009500993,0.0030650011,0.0045344116,0.0012324328,0.0010602793,0.011060271,0.00328108,0.0017120305,0.0037706672,0.00087273538,0.003925729,0.0028254344,0.0023658486,0.0032964555,0.0072682779,0.0015515541,0.0042899572,0.0018681112,0.0083456236,0.0037749279,0.0053236311,0.015262921,0.0036702708,0.0096811255,0.0076799432,0.0025587689,0.00090839814,0.0019717042,0.0064984701,0.017249476,0.0016768103,0.0022377508,0.0029337271,0.0032945847,0.0048643738,0.0012863716,0.0056716064,0.013429887,0.011583624,0.0042157533,-0.0011430661,-0.0041237327,-0.0045273499,-0.0025431273,0.00066386281,0.00010970865,-0.0031233418,-6.2056219e-05,-3.3783222e-05,-5.4946594e-05,-0.0043896,-0.00016302818,5.7141707e-05,-3.147320000000036,-0.0
2263.0,1182.2,5.3983,12.2168,44.528354,6729.3889,0.0,0.0,0.0,0.0,0.0,0.0,0.0,0.0,0.0,0.0,0.0,0.0,0.0,0.0,0.0,0.0,0.0,0.0,0.0,0.0,0.0,0.0,0.0,0.0,0.0,0.0,0.0,0.0,0.0,0.0,0.0,0.0,0.0,0.0,0.0,0.0,0.0,0.0,0.0,0.0,0.0,0.0,0.0,0.0,0.0,0.0,0.0,0.0,0.0,0.0,0.0,0.0,0.0,0.0,0.0,0.0,0.0,0.0,0.0,0.0,0.0,0.0,0.0,0.0,0.0,0.0,0.0,0.0,0.0,14.017588,0.0,89.349,173.879,64.3741,0.051,2.2441,0.0,0.3113100724160633,1.0000000005557306,0.9999999997544361,0.1712628999973652,0.6576923097549568,0.0,0.0,0.0,0.0,0.0,0.0,0.0,0.0,0.0,0.0,0.0,0.0,0.0,0.0,0.0,0.0,0.0,0.0,0.0,0.0,0.0,0.0,0.0,0.0,0.0,0.0,0.0,0.0,0.0,0.0,0.0,0.0,0.0,0.0,0.0,0.0,0.0,0.0,0.0,0.0,0.0,0.0,0.0,0.0,0.0,0.0,0.0,0.0,0.0,0.0,0.0,0.0,0.0,0.0,0.0,0.0,0.0,0.0,0.0,0.0,0.0,0.0,0.0,0.0,0.0,0.0,0.0,0.0,0.0,0.030303186913974385,0.0,0.9999999999776155,1.0000000000230045,0.9999999999378634,0.006985344473359819,1.0000000003119294,0.0,5.6890799e-05,-6.5621514e-05,-2.9960217e-05,-0.00065273996,-5.6890799e-05,0.0029898662,0.0019444111,0.0023540725,0.0021798954,0.002016505,0.0014036662,0.0018522102,0.0024879111,0.00097560381,0.0012225988,0.0017535526,0.0015975474,0.0062867723,0.0022707464,0.00074732094,0.0056883898,0.0053980642,0.0026395492,0.0047192715,0.0053426891,0.009367391,0.0042979318,0.0017214994,0.0047386727,0.014469853,0.0039361481,0.0059817907,0.0015201469,0.0013067694,0.016835337,0.0042568676,0.0021135309,0.0050400143,0.0010679299,0.0050487515,0.0036025565,0.0030667794,0.0043857551,0.011100876,0.0019121116,0.006549093,0.0024093592,0.012698177,0.0057152856,0.0046151469,0.013223723,0.0031606231,0.0082858827,0.0065487395,0.002208604,0.00078201916,0.0017056639,0.0056326835,0.014998115,0.0014488336,0.0019321681,0.0025344622,0.0028425679,0.0042112111,0.0011054213,0.0049078204,0.011593245,0.0099565197,0.0036390931,-0.0012593858,-0.0044583615,-0.0048923526,-0.0027707169,0.00055843882,8.5918679e-05,-0.0033645403,-4.9668637e-05,-3.379488e-05,-4.1415736e-05,-0.0042794491,-0.00013646389,5.6890799e-05,-4.468040000000087,-0.0
2264.0,1182.2,5.3983,12.2168,40.84624,6672.1479,0.0,0.0,0.0,0.0,0.0,0.0,0.0,0.0,0.0,0.0,0.0,0.0,0.0,0.0,0.0,0.0,0.0,0.0,0.0,0.0,0.0,0.0,0.0,0.0,0.0,0.0,0.0,0.0,0.0,0.0,0.0,0.0,0.0,0.0,0.0,0.0,0.0,0.0,0.0,0.0,0.0,0.0,0.0,0.0,0.0,0.0,0.0,0.0,0.0,0.0,0.0,0.0,0.0,0.0,0.0,0.0,0.0,0.0,0.0,0.0,0.0,0.0,0.0,0.0,0.0,0.0,0.0,2.405245e-15,0.0,14.017588,0.0,89.349,173.879,64.3741,0.03,2.2441,0.0,0.3113100724160632,1.0000000005557308,0.9999999997544369,0.1571009230745062,0.6520978990198774,0.0,0.0,0.0,0.0,0.0,0.0,0.0,0.0,0.0,0.0,0.0,0.0,0.0,0.0,0.0,0.0,0.0,0.0,0.0,0.0,0.0,0.0,0.0,0.0,0.0,0.0,0.0,0.0,0.0,0.0,0.0,0.0,0.0,0.0,0.0,0.0,0.0,0.0,0.0,0.0,0.0,0.0,0.0,0.0,0.0,0.0,0.0,0.0,0.0,0.0,0.0,0.0,0.0,0.0,0.0,0.0,0.0,0.0,0.0,0.0,0.0,0.0,0.0,0.0,0.0,0.0,0.0,9.184266145211749e-18,0.0,0.030303186913974385,0.0,0.9999999999776165,1.000000000023005,0.999999999937863,0.004109026160799895,1.0000000003119283,0.0,5.6870443e-05,-6.5621514e-05,-2.9908868e-05,-0.00067429122,-5.6870443e-05,0.0029401619,0.0018987942,0.0023170429,0.0021292899,0.0019698611,0.0013721459,0.0018267339,0.0024304565,0.00095433925,0.0011955827,0.0017125232,0.0015603714,0.0034884679,0.0013235929,0.00045525539,0.003342661,0.0029289801,0.0014562583,0.00253584,0.0031524018,0.003832706,0.0024250232,0.0010205594,0.0028286679,0.0064856245,0.0022536968,0.0034073593,0.00090057526,0.00077092478,0.0076620597,0.0025083615,0.0012562387,0.0027193881,0.00063845161,0.0030019137,0.0020640952,0.0016968746,0.0023526435,0.0047474222,0.0011360964,0.0027007765,0.0013459445,0.0055602217,0.0024226532,0.0039243701,0.011235089,0.0026697341,0.0069540116,0.0054760471,0.0018702327,0.00066080091,0.0014476588,0.0047886613,0.012788574,0.0012282448,0.0016367969,0.0021479146,0.0024058977,0.0035759585,0.00093214839,0.0041652319,0.009813713,0.0083917648,0.0030812147,-0.0013700627,-0.0047904974,-0.0052460059,0.00011023785,0.0004617588,8.1055357e-05,-0.0035962326,-6.2012906e-05,-3.5199339e-05,-5.5059851e-05,-0.0041914018,-0.00013668624,5.6870443e-05,-5.853930000000105,-0.0
2265.0,1182.2,5.3983,12.2168,37.660615,6629.2172,0.0,0.0,0.0,0.0,0.0,0.0,0.0,0.0,0.0,0.0,0.0,0.0,0.0,0.0,0.0,0.0,0.0,0.0,0.0,0.0,0.0,0.0,0.0,0.0,0.17948323,0.0,0.0,0.0,0.0,0.0,0.0,0.0,0.0,0.0,0.0,0.0,0.0,0.0,0.0,0.0,0.0,0.0,0.0,0.0,0.0,0.0,0.0,0.0,0.0,0.0,0.0,0.0,0.0,0.0,0.0,0.0,0.0,0.0,0.0,0.0,0.0,0.0,0.0,0.0,0.0,0.0,0.0,0.0,0.0,14.017588,0.0,89.349,173.879,64.3741,0.012,2.2441,0.0,0.31131007241606323,1.0000000005557301,0.9999999997544367,0.14484851922854083,0.6479020958552858,0.0,0.0,0.0,0.0,0.0,0.0,0.0,0.0,0.0,0.0,0.0,0.0,0.0,0.0,0.0,0.0,0.0,0.0,0.0,0.0,0.0,0.0,0.0,0.0,0.028669052949840738,0.0,0.0,0.0,0.0,0.0,0.0,0.0,0.0,0.0,0.0,0.0,0.0,0.0,0.0,0.0,0.0,0.0,0.0,0.0,0.0,0.0,0.0,0.0,0.0,0.0,0.0,0.0,0.0,0.0,0.0,0.0,0.0,0.0,0.0,0.0,0.0,0.0,0.0,0.0,0.0,0.0,0.0,0.0,0.0,0.030303186913974392,0.0,0.9999999999776156,1.0000000000230045,0.9999999999378634,0.001643610464319958,1.000000000311929,0.0,5.4902271e-05,-6.5621514e-05,-2.9960217e-05,-0.00069424033,-5.4902271e-05,0.0037570581,0.0020225733,0.0029609899,0.0022890104,0.0021124862,0.0014634658,0.0023353748,0.0026157873,0.0010187328,0.0012749368,0.001824328,0.0016608535,0.0074832486,0.0025618401,0.00081872988,0.0066516446,0.0064104269,0.0030557986,0.0055777079,0.0062246966,0.012066842,0.0049461382,0.0019179619,0.0054684165,0.018653439,0.0045300555,0.0070504729,0.0016905001,0.0014514963,0.021725365,0.0049636542,0.0023527289,0.0059708436,0.0011796113,0.0058456485,0.0041196928,0.0035468764,0.0051720408,0.014283858,0.0021247548,0.0084004237,0.0027757733,0.016323998,0.007303257,0.0032578128,0.009315188,0.0022018806,0.0056956783,0.004469222,0.0015466576,0.00054577828,0.0011999119,0.0039740318,0.010641593,0.0010172358,0.0013542953,0.001777705,0.0019884325,0.0029646158,0.00076806001,0.0034506283,0.0081069377,0.0069023277,0.0025470866,-0.001473545,-0.005115741,-0.0055841283,-0.00011295136,0.00037369677,7.6467318e-05,-0.0038153724,-6.2056219e-05,-3.659214e-05,-5.4946594e-05,-0.004081145,-0.00013646389,5.4902271e-05,-7.207750000000033,-0.0
2266.0,1261.1,5.3983,12.2168,34.8755,6482.5373,0.0,0.0,0.0,0.0,0.0,0.0,0.0,0.0,0.0,0.0,0.0,0.0,0.0,0.0,0.0,0.0,0.0,0.0,0.0,0.0,0.0,0.0,0.0,0.0,0.0,0.0,0.0,0.0,0.0,0.0,0.0,0.0,0.0,0.0,0.0,0.0,0.0,0.0,0.0,0.0,0.0,0.0,0.0,0.0,0.0,0.0,0.0,0.0,0.0,0.0,0.0,0.0,0.0,0.0,0.0,0.0,0.0,0.0,0.0,0.0,0.0,0.0,0.0,0.0,0.0,0.0,0.0,0.0,0.0,14.017588,0.0,89.349,173.879,64.3741,0.0,2.2441,0.0,0.33208689927583934,1.0000000005557304,0.9999999997544368,0.13413653845947485,0.6335664342284735,0.0,0.0,0.0,0.0,0.0,0.0,0.0,0.0,0.0,0.0,0.0,0.0,0.0,0.0,0.0,0.0,0.0,0.0,0.0,0.0,0.0,0.0,0.0,0.0,0.0,0.0,0.0,0.0,0.0,0.0,0.0,0.0,0.0,0.0,0.0,0.0,0.0,0.0,0.0,0.0,0.0,0.0,0.0,0.0,0.0,0.0,0.0,0.0,0.0,0.0,0.0,0.0,0.0,0.0,0.0,0.0,0.0,0.0,0.0,0.0,0.0,0.0,0.0,0.0,0.0,0.0,0.0,0.0,0.0,0.030303186913974385,0.0,0.9999999999776162,1.000000000023004,0.9999999999378631,0.0,1.000000000311928,0.0,5.5882861e-05,-6.5621514e-05,-2.9960217e-05,-0.00071098583,-5.5882861e-05,0.0054419539,0.0022960847,0.0042883977,0.0026379985,0.0024248662,0.001664446,0.0033825325,0.0030201336,0.0011600205,0.0014494398,0.0020712889,0.0018829839,0.0063192707,0.0021090917,0.00066953119,0.0056555587,0.0053617773,0.0025173327,0.0046312733,0.0052858027,0.0099291368,0.0040889011,0.0015730502,0.0046297716,0.015724512,0.0037658793,0.0059634524,0.0013836734,0.0011847241,0.018402075,0.0042154357,0.001930588,0.0049746129,0.0009636596,0.0049544816,0.0034068595,0.0029219981,0.0042837663,0.011876922,0.0017406957,0.0069024987,0.0022881755,0.013647691,0.006024215,0.0026257475,0.0074948967,0.0017635614,0.0045277212,0.0035405789,0.0012424022,0.00043819023,0.00096623928,0.003201448,0.0085929685,0.00081830647,0.0010883654,0.0014289904,0.0015961121,0.0023864065,0.00061498415,0.0027749533,0.0064991395,0.0055097444,0.002044581,-0.0015705872,-0.0054306953,-0.0059037945,-0.00033063061,0.00029478994,7.2138979e-05,-0.0040209999,-4.9916884e-05,-3.5227584e-05,-4.1528993e-05,-0.0039488905,-0.0001098996,5.5882861e-05,-8.595800000000054,-0.0
2267.0,1261.1,5.3983,12.2168,32.418156,6432.4515,0.0,0.0,0.0,0.0,0.0,0.0,0.0,0.0,0.0,0.0,0.0,0.0,0.0,0.0,0.0,0.0,0.0,0.0,0.0,0.0,0.0,0.0,0.0,0.0,0.0,0.0,0.0,0.0,0.0,0.0,0.0,0.0,0.0,0.0,0.0,0.0,0.0,0.0,0.0,0.0,0.0,0.0,0.0,0.0,0.0,0.0,0.0,0.0,0.0,0.0,0.0,0.0,0.0,0.0,0.0,0.0,0.0,0.0,0.0,0.0,0.0,0.0,0.0,0.0,0.0,0.0,0.0,0.0,0.0,14.017588,0.0,89.349,173.879,64.3741,0.0,2.2441,0.0,0.3320868992758394,1.0000000005557304,0.9999999997544368,0.12468521538269718,0.6286713321653539,0.0,0.0,0.0,0.0,0.0,0.0,0.0,0.0,0.0,0.0,0.0,0.0,0.0,0.0,0.0,0.0,0.0,0.0,0.0,0.0,0.0,0.0,0.0,0.0,0.0,0.0,0.0,0.0,0.0,0.0,0.0,0.0,0.0,0.0,0.0,0.0,0.0,0.0,0.0,0.0,0.0,0.0,0.0,0.0,0.0,0.0,0.0,0.0,0.0,0.0,0.0,0.0,0.0,0.0,0.0,0.0,0.0,0.0,0.0,0.0,0.0,0.0,0.0,0.0,0.0,0.0,0.0,0.0,0.0,0.03030318691397439,0.0,0.9999999999776161,1.0000000000230047,0.9999999999378631,0.0,1.0000000003119287,0.0,5.4385529e-05,-6.5621514e-05,-2.9960217e-05,-0.00072345878,-5.4385529e-05,0.0081445534,0.002728755,0.0064197387,0.0031911556,0.0029200709,0.0019838858,0.0050676163,0.0036613908,0.0013852695,0.0017272501,0.0024620769,0.0022346642,0.005201629,0.0016913389,0.00053330737,0.0046847585,0.0043713218,0.0020210661,0.0037485421,0.0043726994,0.007982353,0.0032934234,0.0012570904,0.0038181088,0.012940968,0.003050459,0.0049152783,0.0011027235,0.00094215341,0.015216233,0.0034877554,0.0015428058,0.0040399229,0.00076683494,0.0040902506,0.0027456877,0.0023465654,0.0034583613,0.0096445824,0.0013887715,0.0055390364,0.0018379277,0.011139919,0.0048523422,0.0020417635,0.0058130571,0.0013631907,0.0034701077,0.002704614,0.0009633794,0.00034005479,0.00075124137,0.0024873627,0.0066887229,0.00063566325,0.00084447023,0.0011087542,0.0012366355,0.0018535359,0.00047576371,0.0021523144,0.0050227092,0.0042400008,0.0015836767,-0.0016591424,-0.0057269797,-0.0061977867,-0.00053679066,0.00022569965,6.8055641e-05,-0.0042088576,-4.9916884e-05,-3.5239242e-05,-4.1528993e-05,-0.0037947935,-0.0001098996,5.4385529e-05,-9.502100000000041,-0.0
2268.0,1339.0,5.3983,12.2168,30.933766,6382.3656,0.0,0.0,0.0,0.0,0.0,0.0,0.0,0.0,0.0,0.0,0.0,0.0,0.0,0.0,0.0,0.0,0.0,0.0,0.0,0.0,0.0,0.0,0.0,0.0,0.0,0.0,0.0,0.0,0.0,0.0,0.0,0.0,0.0,0.0,0.0,0.0,0.0,0.0,0.0,0.0,0.0,0.0,0.0,0.0,0.0,0.0,0.0,0.0,0.0,0.0,0.0,0.0,0.0,0.0,0.0,0.0,0.0,0.0,0.0,0.0,0.0,0.0,0.0,0.0,0.0,0.0,0.0,0.0,0.0,0.0,0.0,89.349,173.879,64.3741,0.0,2.2441,0.0,0.3526003949967085,1.0000000005557315,0.9999999997544361,0.11897602307509267,0.6237762203287998,0.0,0.0,0.0,0.0,0.0,0.0,0.0,0.0,0.0,0.0,0.0,0.0,0.0,0.0,0.0,0.0,0.0,0.0,0.0,0.0,0.0,0.0,0.0,0.0,0.0,0.0,0.0,0.0,0.0,0.0,0.0,0.0,0.0,0.0,0.0,0.0,0.0,0.0,0.0,0.0,0.0,0.0,0.0,0.0,0.0,0.0,0.0,0.0,0.0,0.0,0.0,0.0,0.0,0.0,0.0,0.0,0.0,0.0,0.0,0.0,0.0,0.0,0.0,0.0,0.0,0.0,0.0,0.0,0.0,0.0,0.0,0.9999999999776156,1.000000000023005,0.9999999999378634,0.0,1.0000000003119291,0.0,5.3008731e-05,-6.5621514e-05,-2.9960217e-05,-0.00072976691,-5.3008731e-05,0.0019390558,0.0012892728,0.001549133,0.0014422972,0.0013381763,0.00094512965,0.0012574711,0.0016480226,0.00066364381,0.00082809063,0.0011639041,0.0010631634,0.0040644367,0.001287817,0.00040358063,0.0036858435,0.0033812485,0.00153928,0.0028772371,0.0034361654,0.006076784,0.0025168905,0.0009535636,0.002991018,0.010094019,0.002345721,0.0038465138,0.00083541388,0.00071085872,0.011927499,0.0027410279,0.0011700473,0.0031121062,0.00057941816,0.0032075329,0.002100778,0.001788214,0.0026486462,0.0074189062,0.0010514334,0.0042074917,0.0014004221,0.0086144208,0.0037007565,0.0015173757,0.0043034191,0.0010076384,0.0025392001,0.0019729107,0.00071465881,0.00025286336,0.00055869975,0.0018459304,0.0049693412,0.00047258899,0.00062687675,0.00082288028,0.00091638447,0.0013762114,0.00035246963,0.0015947165,0.0037053111,0.0031148702,0.0011727687,-0.0017386973,-0.0059985593,-0.0064615737,-0.0007273413,0.00016839604,3.6852325e-05,-0.0043769405,-4.9814417e-05,-3.6620385e-05,-4.1415736e-05,-0.0036183319,-0.00010967725,5.3008731e-05,-11.16569000000004,-0.0
2269.0,1339.0,5.3983,12.2168,28.904102,6382.3656,0.0,0.0,0.0,0.0,0.0,0.0,0.0,0.0,0.0,0.0,0.0,0.0,0.0,0.0,0.0,0.0,0.0,0.0,0.0,0.0,0.0,0.0,0.0,0.0,0.0,0.0,0.0,0.0,0.0,0.0,0.0,0.0,0.0,0.0,0.0,0.0,0.0,0.0,0.0,0.0,0.0,0.0,0.0,0.0,0.0,0.0,0.0,0.0,0.0,0.0,0.0,0.0,0.0,0.0,0.0,0.0,0.0,0.0,0.0,0.0,0.0,0.0,0.0,0.0,0.0,0.0,0.0,0.0,0.0,0.0,0.0,89.349,173.879,64.3741,0.0,2.2441,0.0,0.35260039499670837,1.0000000005557308,0.9999999997544368,0.11116962307521285,0.6237762203288004,0.0,0.0,0.0,0.0,0.0,0.0,0.0,0.0,0.0,0.0,0.0,0.0,0.0,0.0,0.0,0.0,0.0,0.0,0.0,0.0,0.0,0.0,0.0,0.0,0.0,0.0,0.0,0.0,0.0,0.0,0.0,0.0,0.0,0.0,0.0,0.0,0.0,0.0,0.0,0.0,0.0,0.0,0.0,0.0,0.0,0.0,0.0,0.0,0.0,0.0,0.0,0.0,0.0,0.0,0.0,0.0,0.0,0.0,0.0,0.0,0.0,0.0,0.0,0.0,0.0,0.0,0.0,0.0,0.0,0.0,0.0,0.999999999977615,1.0000000000230047,0.9999999999378634,0.0,1.000000000311929,0.0,4.9843369e-05,-5.2906471e-05,-2.7057621e-05,-0.00072660823,-4.9843369e-05,0.0097080998,0.0027708776,0.0076507833,0.0032886035,0.0029976339,0.0020176477,0.0060377637,0.0037798085,0.001410408,0.0017558289,0.0025004079,0.0022660303,0.0029883441,0.00092274754,0.00028800566,0.0027290996,0.0024605986,0.0011035968,0.002078672,0.0025405316,0.0043513124,0.0018103737,0.00068029827,0.0022049095,0.0074036612,0.0016980166,0.0028326064,0.00059493209,0.00050618412,0.0087916693,0.0020273815,0.00083659887,0.002255789,0.0004126811,0.0023674854,0.001513564,0.0012830884,0.0019082361,0.0053670082,0.00075065224,0.00300525,0.0010049695,0.0062637844,0.002654195,0.0010627201,0.0029950023,0.00070267018,0.0017476635,0.001354071,0.00050039457,0.00017799154,0.00039239265,0.0012895054,0.003470497,0.00033185567,0.0004393677,0.00057638667,0.00064080125,0.00096336982,0.0002469764,0.0011125093,0.0025701521,0.0021519632,0.0008189961,-0.0018077759,-0.0062393332,-0.0066901054,-0.00089722668,0.00011788987,7.9878021e-06,-0.0045215566,-4.9668637e-05,-3.5366864e-05,-4.2768822e-05,-0.0034066147,-0.0001043644,4.9843369e-05,-12.195600000000013,-0.0
2270.0,1339.0,5.3983,12.2168,28.274388,6332.2798,0.0,0.0,0.0,0.0,0.0,0.0,0.0,0.0,0.0,0.0,0.0,0.0,0.0,0.0,0.0,0.0,0.0,0.0,0.0,0.0,0.0,0.0,0.0,0.0,0.0,0.0,0.0,0.0,0.0,0.0,0.0,0.0,0.0,0.0,0.0,0.0,0.0,0.0,0.0,0.0,0.0,0.0,0.0,0.0,0.0,0.0,0.0,0.0,0.0,0.0,0.0,0.0,0.0,0.0,0.0,0.0,0.0,0.0,0.0,0.0,0.0,0.0,0.0,0.0,19.815345,11.522749,31.121499,7.9360213,0.0,0.0,21.355167,89.349,173.879,64.3741,0.0,2.2441,0.0,0.35260039499670837,1.0000000005557304,0.9999999997544367,0.10874764615217312,0.618881118265681,0.0,0.0,0.0,0.0,0.0,0.0,0.0,0.0,0.0,0.0,0.0,0.0,0.0,0.0,0.0,0.0,0.0,0.0,0.0,0.0,0.0,0.0,0.0,0.0,0.0,0.0,0.0,0.0,0.0,0.0,0.0,0.0,0.0,0.0,0.0,0.0,0.0,0.0,0.0,0.0,0.0,0.0,0.0,0.0,0.0,0.0,0.0,0.0,0.0,0.0,0.0,0.0,0.0,0.0,0.0,0.0,0.0,0.0,0.0,0.0,0.0,0.0,0.0,0.0,0.06060616686151899,0.03030312336395218,0.18181997927506155,0.030303163192634992,0.0,0.0,0.06060640683130703,0.9999999999776158,1.0000000000230045,0.9999999999378631,0.0,1.0000000003119294,0.0,4.8443044e-05,-5.2149393e-05,-2.5433497e-05,-0.00070937532,-4.8443044e-05,0.0067135944,0.0019192434,0.0053048656,0.0022764608,0.0020774101,0.0014067107,0.0042105192,0.002617674,0.00098755764,0.001227212,0.0017326582,0.0015719971,0.0020274597,0.00061133258,0.00019021519,0.0018646056,0.0016525671,0.00073078146,0.0013857625,0.0017340968,0.0028727549,0.0012025442,0.00045018604,0.0015008484,0.0050049348,0.0011353862,0.0019247823,0.00039236366,0.00033266097,0.0059722207,0.0013838681,0.00055210785,0.0015089304,0.00027190631,0.0016125636,0.0010075677,0.00085046085,0.0012694091,0.0035791915,0.00049469884,0.0019786281,0.00066585414,0.0041979098,0.0017548572,0.00068973097,0.0019231319,0.00045488814,0.0011108053,0.00085856099,0.00032553399,0.00011674741,0.00025602961,0.00083292266,0.0022358846,0.00021663361,0.00028611708,0.00037496099,0.00041614188,0.00062542307,0.00016116215,0.00071797267,0.0016453204,0.0013725005,0.00053060131,0.00010427365,0.00010484931,5.2532817e-05,7.7713336e-05,7.9656718e-05,-1.9315701e-05,0.00010505829,-4.7220276e-05,-3.4125001e-05,-4.006265e-05,-0.0031445588,-9.8735201e-05,4.8443044e-05,-12.694000000000074,-0.0
2271.0,1339.0,5.3983,12.2168,28.274388,6432.4515,0.0,0.0,0.0,0.0,0.0,0.0,0.0,0.0,0.0,0.0,0.0,0.0,0.0,0.0,0.0,0.0,0.0,0.0,0.0,0.0,0.0,0.0,0.0,0.0,0.0,0.0,0.0,0.0,0.0,0.0,0.0,0.0,0.0,0.0,0.0,0.0,0.0,0.0,0.0,0.0,0.0,0.0,0.0,0.0,0.0,0.0,0.0,0.0,0.0,0.0,0.0,0.0,0.0,0.0,0.0,0.0,0.0,0.0,0.0,0.0,0.0,0.0,0.0,0.0,19.815345,34.568301,31.121499,7.9360213,0.0,0.0,32.032703,89.349,173.879,64.3741,0.024,2.2441,0.0,0.3526003949967085,1.0000000005557306,0.9999999997544365,0.1087476461521731,0.6286713321653536,0.0,0.0,0.0,0.0,0.0,0.0,0.0,0.0,0.0,0.0,0.0,0.0,0.0,0.0,0.0,0.0,0.0,0.0,0.0,0.0,0.0,0.0,0.0,0.0,0.0,0.0,0.0,0.0,0.0,0.0,0.0,0.0,0.0,0.0,0.0,0.0,0.0,0.0,0.0,0.0,0.0,0.0,0.0,0.0,0.0,0.0,0.0,0.0,0.0,0.0,0.0,0.0,0.0,0.0,0.0,0.0,0.0,0.0,0.0,0.0,0.0,0.0,0.0,0.0,0.060606166861519,0.0909095121038592,0.18181997927506158,0.030303163192635,0.0,0.0,0.09090947544097543,0.9999999999776151,1.0000000000230045,0.999999999937863,0.003287220928639915,1.0000000003119296,0.0,4.3524695e-05,-4.6442521e-05,-2.2679432e-05,-0.00067106843,-4.3524695e-05,0.0043114087,0.001229972,0.0034165742,0.0014584608,0.0013324335,0.00090788759,0.0027286533,0.0016780578,0.00064031635,0.00079416735,0.0011109022,0.0010090824,0.0012515494,0.00036847355,0.00011453694,0.0011601743,0.0010090051,0.00044002798,0.00083962439,0.0010778401,0.001718783,0.00072647816,0.00027107731,0.00093038222,0.0030710171,0.00069081388,0.0011904346,0.0002352868,0.00019938986,0.0036838361,0.00086030842,0.00033232266,0.00091758036,0.00016320225,0.0010004196,0.00061054442,0.00051277644,0.00076734398,0.0021644995,0.00029728386,0.0011799074,0.00040115417,0.0025518121,0.0010513932,0.00040825217,0.0011152976,0.00026937238,0.00063806518,0.00049219288,0.00019400264,7.0480173e-05,0.00015311419,0.00048825039,0.0013010915,0.00012969721,0.00017076777,0.00022339964,0.00024745375,0.00037086211,9.6716705e-05,0.00042087146,0.00095154108,0.00079094937,0.00031410702,9.8371367e-05,0.00010573511,4.9559262e-05,7.3314468e-05,5.1570015e-05,-4.3264759e-05,0.00012563997,-4.2469336e-05,-3.1763333e-05,-3.617585e-05,-0.0028186411,-8.8381354e-05,4.3524695e-05,-11.942409999999995,-0.0
2272.0,1182.2,5.3983,12.2168,29.556362,6729.3889,0.0,0.0,0.0,0.0,0.0,0.0,0.0,0.0,0.0,0.0,0.0,0.0,0.0,0.0,0.0,0.0,0.0,0.0,0.0,0.0,0.0,0.0,0.0,0.0,0.0,0.0,0.0,0.0,0.0,0.0,0.0,0.0,0.0,0.0,0.0,0.0,0.0,0.0,0.0,0.0,0.0,0.0,0.0,0.0,0.0,0.0,0.0,0.0,0.0,0.0,0.0,0.0,0.0,0.0,0.0,0.0,0.0,0.0,0.0,0.0,0.0,0.0,0.0,0.0,19.815345,46.091074,31.121499,7.9360213,0.0,0.0,32.032703,89.349,173.879,64.3741,0.081,2.2441,0.0,0.31131007241606323,1.000000000555731,0.9999999997544367,0.11367831538286653,0.6576923097549555,0.0,0.0,0.0,0.0,0.0,0.0,0.0,0.0,0.0,0.0,0.0,0.0,0.0,0.0,0.0,0.0,0.0,0.0,0.0,0.0,0.0,0.0,0.0,0.0,0.0,0.0,0.0,0.0,0.0,0.0,0.0,0.0,0.0,0.0,0.0,0.0,0.0,0.0,0.0,0.0,0.0,0.0,0.0,0.0,0.0,0.0,0.0,0.0,0.0,0.0,0.0,0.0,0.0,0.0,0.0,0.0,0.0,0.0,0.0,0.0,0.0,0.0,0.0,0.0,0.06060616686151898,0.12121269858425704,0.18181997927506155,0.030303163192635,0.0,0.0,0.09090947544097543,0.9999999999776161,1.0000000000230045,0.999999999937863,0.011094370634159719,1.0000000003119285,0.0,3.4209194e-05,-4.0085e-05,-1.9764689e-05,-0.00060107297,-3.4209194e-05,0.0024250703,0.00069481666,0.0019301475,0.000822911,0.00075319683,0.00051804268,0.0015559223,0.00094772524,0.00036780384,0.00045494364,0.00062801701,0.00057140497,0.00068283027,0.00019624692,6.1187009e-05,0.00063983327,0.0005430543,0.00023340503,0.00044781122,0.00059370706,0.00089781595,0.00038693763,0.00014376009,0.00051108479,0.001655118,0.00037128876,0.00065133907,0.00012518303,0.00010564165,0.0019986826,0.00047402702,0.00017641649,0.00049140982,8.673923e-05,0.00055003584,0.00032684203,0.00027262886,0.0004082364,0.0011456059,0.00015811698,0.00061343747,0.0002130703,0.0013589719,0.0005500357,0.00021454437,0.00055997006,0.00014266885,0.0003177208,0.00024484757,0.00010379434,3.8628036e-05,8.2277165e-05,0.00025095878,0.00065568248,6.9891927e-05,9.1570628e-05,0.00011940462,0.00013192144,0.0001959916,5.2585899e-05,0.00021681544,0.00047669898,0.00039497099,0.00016586274,9.2803176e-05,0.00010236709,4.675402e-05,6.9164592e-05,3.3223145e-05,-6.1774324e-05,0.00011852827,-3.7552122e-05,-2.7992277e-05,-3.0740855e-05,-0.002399976,-7.505474e-05,3.4209194e-05,-9.769210000000044,-0.0
2273.0,939.1,5.3983,12.2168,34.8755,9030.1926,0.0,0.0,0.0,0.0,0.0,0.0,0.0,0.0,0.0,0.0,0.0,0.0,0.0,0.0,0.0,0.0,0.0,0.0,0.0,0.0,0.0,0.0,0.0,0.0,0.0,0.0,0.0,0.0,0.0,0.0,0.0,0.0,0.0,0.0,0.0,0.0,0.0,0.0,0.0,0.0,0.0,0.0,0.0,0.0,0.0,0.0,0.0,0.0,0.0,0.0,0.0,0.0,0.0,0.0,0.0,0.0,0.0,0.0,0.0,0.0,0.0,0.0,0.0,0.0,0.0,46.091074,31.121499,7.9360213,0.0,0.0,32.032703,89.349,173.879,64.3741,0.202,2.2441,0.0,0.24729427254772882,1.0000000005557308,0.9999999997544368,0.13413653845947482,0.8825598158885014,0.0,0.0,0.0,0.0,0.0,0.0,0.0,0.0,0.0,0.0,0.0,0.0,0.0,0.0,0.0,0.0,0.0,0.0,0.0,0.0,0.0,0.0,0.0,0.0,0.0,0.0,0.0,0.0,0.0,0.0,0.0,0.0,0.0,0.0,0.0,0.0,0.0,0.0,0.0,0.0,0.0,0.0,0.0,0.0,0.0,0.0,0.0,0.0,0.0,0.0,0.0,0.0,0.0,0.0,0.0,0.0,0.0,0.0,0.0,0.0,0.0,0.0,0.0,0.0,0.0,0.12121269858425704,0.18181997927506158,0.030303163192634992,0.0,0.0,0.09090947544097543,0.9999999999776161,1.000000000023005,0.9999999999378634,0.027667442816052625,1.0000000003119291,0.0,1.902386e-05,-2.6559664e-05,-1.3762376e-05,-0.00048115503,-1.902386e-05,0.000885907,0.00026144939,0.00070952962,0.00030833963,0.00028310689,0.00019754283,0.00057936487,0.00035537007,0.00014171156,0.00017447978,0.00023664396,0.00021590055,0.00024895027,7.2715035e-05,2.4002069e-05,0.00023724745,0.00019583001,8.4900419e-05,0.00016077349,0.00022026276,0.00030248296,0.00014073644,5.3954014e-05,0.00019001373,0.00057622938,0.00013616176,0.00023901217,4.7227893e-05,3.9993344e-05,0.000700771,0.00017614655,6.5894703e-05,0.00017674422,3.3238221e-05,0.00020432645,0.00012010903,9.930427e-05,0.00014655081,0.0003913982,5.9276252e-05,0.00020612018,7.7896705e-05,0.00046725698,0.00018657549,8.2275476e-05,0.00017991808,5.7421022e-05,0.00010350961,8.049655e-05,4.2940676e-05,1.7539256e-05,3.4412019e-05,8.8609004e-05,0.00021088076,2.9643614e-05,3.8171147e-05,4.9064594e-05,5.3919826e-05,7.7002162e-05,2.3298896e-05,7.7863886e-05,0.0001540075,0.00012809919,6.5604869e-05,6.984895e-05,9.6572725e-05,4.4107566e-05,6.5249615e-05,2.1185804e-05,-7.2117208e-05,0.00011181912,-2.7571913e-05,-2.2106108e-05,-2.2427233e-05,-0.0018361062,-5.6054461e-05,1.902386e-05,-1.8222600000000284,-0.0
2274.0,1261.1,5.3983,12.2168,52.141315,6532.6231,0.0,0.0,0.0,0.0,0.0,0.0,0.0,0.0,0.0,0.0,0.0,0.0,0.0,0.0,0.0,0.0,0.0,0.0,0.0,0.0,0.0,0.0,0.0,0.0,0.0,0.0,0.0,0.0,0.0,0.0,0.0,0.0,0.0,0.0,0.0,0.0,0.0,0.0,0.0,0.0,0.0,0.0,0.0,0.0,0.0,0.0,0.0,0.0,0.0,0.0,0.0,0.0,0.0,-2.0700253e-24,0.0,0.0,0.0,0.0,0.0,0.0,0.0,0.0,0.0,0.0,-1.3456457e-13,11.522749,31.121499,5.4806929e-23,0.0,-1.0588996e-13,21.112326,89.349,173.879,64.3741,0.493,2.2441,0.0,0.33208689927583934,1.0000000005557301,0.9999999997544368,0.200543519227684,0.6384615362915921,0.0,0.0,0.0,0.0,0.0,0.0,0.0,0.0,0.0,0.0,0.0,0.0,0.0,0.0,0.0,0.0,0.0,0.0,0.0,0.0,0.0,0.0,0.0,0.0,0.0,0.0,0.0,0.0,0.0,0.0,0.0,0.0,0.0,0.0,0.0,0.0,0.0,0.0,0.0,0.0,0.0,0.0,0.0,0.0,0.0,0.0,0.0,0.0,0.0,0.0,0.0,0.0,0.0,-8.236183094218761e-25,0.0,0.0,0.0,0.0,0.0,0.0,0.0,0.0,0.0,0.0,-4.1157208128692946e-16,0.03030312336395218,0.1818199792750616,2.092765695543382e-25,0.0,-2.2891265246155553e-16,0.05991721903702184,0.9999999999776156,1.0000000000230047,0.9999999999378631,0.06752499657581157,1.0000000003119287,0.0,3.3931897e-05,-2.0906007e-05,-8.105715e-06,-0.00027791458,-3.3931897e-05,3.4232136e-05,2.2212623e-05,2.7108964e-05,2.4893584e-05,2.3052041e-05,1.6134787e-05,2.159926e-05,2.8427551e-05,1.1261624e-05,1.4087284e-05,2.004079e-05,1.8275896e-05,2.7114657e-05,1.2413836e-05,4.6195913e-06,2.7745777e-05,2.2967687e-05,1.2634697e-05,2.0306145e-05,2.6491819e-05,1.6558406e-05,2.1388399e-05,9.9140674e-06,2.4518643e-05,2.9311638e-05,1.9843519e-05,2.7500853e-05,8.8077583e-06,7.5832349e-06,3.4697712e-05,2.1027084e-05,1.2222349e-05,2.1548772e-05,6.3600953e-06,2.5744941e-05,1.8605635e-05,1.4794586e-05,1.9029377e-05,2.1223196e-05,1.1119043e-05,1.2202501e-05,1.1857126e-05,2.5366862e-05,1.1534706e-05,2.1651535e-05,1.0074175e-05,1.8103466e-05,9.2448849e-06,8.0973954e-06,1.4048664e-05,6.0621335e-06,1.1105525e-05,1.459851e-05,1.0883921e-05,9.7222852e-06,1.2516139e-05,1.5977018e-05,1.7585528e-05,2.2429797e-05,8.3194809e-06,1.4509178e-05,1.0603991e-05,1.0218853e-05,1.9545393e-05,4.8481291e-05,8.7588486e-05,6.2640469e-05,6.0077139e-05,1.4333915e-05,1.4303314e-05,8.3216009e-05,-1.6659085e-05,-1.2620169e-05,-1.4424546e-05,-0.0010371819,-3.2351765e-05,3.3931897e-05,0.0,0.016843617
2275.0,,,,,,,,,,,,,,,,,,,,,,,,,,,,,,,,,,,,,,,,,,,,,,,,,,,,,,,,,,,,,,,,,,,,,,,,,,,,,,,,,,,,,,,,,,,,,,,,,,,,,,,,,,,,,,,,,,,,,,,,,,,,,,,,,,,,,,,,,,,,,,,,,,,,,,,,,,,,,,,,,,,,,,,,,,,,,,,,,,,,,,,,,,,,,,,,,,,,,,,,,,,,,,,,,,,,,,,,,,,,,,,,,,,,,,,,,,,,,,,,,,,,,,,-1.2148600000000442,-0.0
2276.0,,,,,,,,,,,,,,,,,,,,,,,,,,,,,,,,,,,,,,,,,,,,,,,,,,,,,,,,,,,,,,,,,,,,,,,,,,,,,,,,,,,,,,,,,,,,,,,,,,,,,,,,,,,,,,,,,,,,,,,,,,,,,,,,,,,,,,,,,,,,,,,,,,,,,,,,,,,,,,,,,,,,,,,,,,,,,,,,,,,,,,,,,,,,,,,,,,,,,,,,,,,,,,,,,,,,,,,,,,,,,,,,,,,,,,,,,,,,,,,,,,,,,,,0.0,0.00014098597
2277.0,,,,,,,,,,,,,,,,,,,,,,,,,,,,,,,,,,,,,,,,,,,,,,,,,,,,,,,,,,,,,,,,,,,,,,,,,,,,,,,,,,,,,,,,,,,,,,,,,,,,,,,,,,,,,,,,,,,,,,,,,,,,,,,,,,,,,,,,,,,,,,,,,,,,,,,,,,,,,,,,,,,,,,,,,,,,,,,,,,,,,,,,,,,,,,,,,,,,,,,,,,,,,,,,,,,,,,,,,,,,,,,,,,,,,,,,,,,,,,,,,,,,,,,-3.266450000000077,-0.0
2278.0,,,,,,,,,,,,,,,,,,,,,,,,,,,,,,,,,,,,,,,,,,,,,,,,,,,,,,,,,,,,,,,,,,,,,,,,,,,,,,,,,,,,,,,,,,,,,,,,,,,,,,,,,,,,,,,,,,,,,,,,,,,,,,,,,,,,,,,,,,,,,,,,,,,,,,,,,,,,,,,,,,,,,,,,,,,,,,,,,,,,,,,,,,,,,,,,,,,,,,,,,,,,,,,,,,,,,,,,,,,,,,,,,,,,,,,,,,,,,,,,,,,,,,,-9.49452000000008,-0.0
2279.0,,,,,,,,,,,,,,,,,,,,,,,,,,,,,,,,,,,,,,,,,,,,,,,,,,,,,,,,,,,,,,,,,,,,,,,,,,,,,,,,,,,,,,,,,,,,,,,,,,,,,,,,,,,,,,,,,,,,,,,,,,,,,,,,,,,,,,,,,,,,,,,,,,,,,,,,,,,,,,,,,,,,,,,,,,,,,,,,,,,,,,,,,,,,,,,,,,,,,,,,,,,,,,,,,,,,,,,,,,,,,,,,,,,,,,,,,,,,,,,,,,,,,,,-16.356539999999995,-0.0
2280.0,,,,,,,,,,,,,,,,,,,,,,,,,,,,,,,,,,,,,,,,,,,,,,,,,,,,,,,,,,,,,,,,,,,,,,,,,,,,,,,,,,,,,,,,,,,,,,,,,,,,,,,,,,,,,,,,,,,,,,,,,,,,,,,,,,,,,,,,,,,,,,,,,,,,,,,,,,,,,,,,,,,,,,,,,,,,,,,,,,,,,,,,,,,,,,,,,,,,,,,,,,,,,,,,,,,,,,,,,,,,,,,,,,,,,,,,,,,,,,,,,,,,,,,-23.69861000000003,-0.0
2281.0,,,,,,,,,,,,,,,,,,,,,,,,,,,,,,,,,,,,,,,,,,,,,,,,,,,,,,,,,,,,,,,,,,,,,,,,,,,,,,,,,,,,,,,,,,,,,,,,,,,,,,,,,,,,,,,,,,,,,,,,,,,,,,,,,,,,,,,,,,,,,,,,,,,,,,,,,,,,,,,,,,,,,,,,,,,,,,,,,,,,,,,,,,,,,,,,,,,,,,,,,,,,,,,,,,,,,,,,,,,,,,,,,,,,,,,,,,,,,,,,,,,,,,,-31.664750000000026,-0.0
2282.0,,,,,,,,,,,,,,,,,,,,,,,,,,,,,,,,,,,,,,,,,,,,,,,,,,,,,,,,,,,,,,,,,,,,,,,,,,,,,,,,,,,,,,,,,,,,,,,,,,,,,,,,,,,,,,,,,,,,,,,,,,,,,,,,,,,,,,,,,,,,,,,,,,,,,,,,,,,,,,,,,,,,,,,,,,,,,,,,,,,,,,,,,,,,,,,,,,,,,,,,,,,,,,,,,,,,,,,,,,,,,,,,,,,,,,,,,,,,,,,,,,,,,,,-40.20765000000006,-0.0
2283.0,,,,,,,,,,,,,,,,,,,,,,,,,,,,,,,,,,,,,,,,,,,,,,,,,,,,,,,,,,,,,,,,,,,,,,,,,,,,,,,,,,,,,,,,,,,,,,,,,,,,,,,,,,,,,,,,,,,,,,,,,,,,,,,,,,,,,,,,,,,,,,,,,,,,,,,,,,,,,,,,,,,,,,,,,,,,,,,,,,,,,,,,,,,,,,,,,,,,,,,,,,,,,,,,,,,,,,,,,,,,,,,,,,,,,,,,,,,,,,,,,,,,,,,-48.172450000000026,-0.0
2284.0,,,,,,,,,,,,,,,,,,,,,,,,,,,,,,,,,,,,,,,,,,,,,,,,,,,,,,,,,,,,,,,,,,,,,,,,,,,,,,,,,,,,,,,,,,,,,,,,,,,,,,,,,,,,,,,,,,,,,,,,,,,,,,,,,,,,,,,,,,,,,,,,,,,,,,,,,,,,,,,,,,,,,,,,,,,,,,,,,,,,,,,,,,,,,,,,,,,,,,,,,,,,,,,,,,,,,,,,,,,,,,,,,,,,,,,,,,,,,,,,,,,,,,,-55.921350000000075,-0.0
2285.0,,,,,,,,,,,,,,,,,,,,,,,,,,,,,,,,,,,,,,,,,,,,,,,,,,,,,,,,,,,,,,,,,,,,,,,,,,,,,,,,,,,,,,,,,,,,,,,,,,,,,,,,,,,,,,,,,,,,,,,,,,,,,,,,,,,,,,,,,,,,,,,,,,,,,,,,,,,,,,,,,,,,,,,,,,,,,,,,,,,,,,,,,,,,,,,,,,,,,,,,,,,,,,,,,,,,,,,,,,,,,,,,,,,,,,,,,,,,,,,,,,,,,,,-62.98185000000012,-0.0
2286.0,,,,,,,,,,,,,,,,,,,,,,,,,,,,,,,,,,,,,,,,,,,,,,,,,,,,,,,,,,,,,,,,,,,,,,,,,,,,,,,,,,,,,,,,,,,,,,,,,,,,,,,,,,,,,,,,,,,,,,,,,,,,,,,,,,,,,,,,,,,,,,,,,,,,,,,,,,,,,,,,,,,,,,,,,,,,,,,,,,,,,,,,,,,,,,,,,,,,,,,,,,,,,,,,,,,,,,,,,,,,,,,,,,,,,,,,,,,,,,,,,,,,,,,-68.86474999999996,-0.0
2287.0,,,,,,,,,,,,,,,,,,,,,,,,,,,,,,,,,,,,,,,,,,,,,,,,,,,,,,,,,,,,,,,,,,,,,,,,,,,,,,,,,,,,,,,,,,,,,,,,,,,,,,,,,,,,,,,,,,,,,,,,,,,,,,,,,,,,,,,,,,,,,,,,,,,,,,,,,,,,,,,,,,,,,,,,,,,,,,,,,,,,,,,,,,,,,,,,,,,,,,,,,,,,,,,,,,,,,,,,,,,,,,,,,,,,,,,,,,,,,,,,,,,,,,,-73.51945,-0.0
2288.0,,,,,,,,,,,,,,,,,,,,,,,,,,,,,,,,,,,,,,,,,,,,,,,,,,,,,,,,,,,,,,,,,,,,,,,,,,,,,,,,,,,,,,,,,,,,,,,,,,,,,,,,,,,,,,,,,,,,,,,,,,,,,,,,,,,,,,,,,,,,,,,,,,,,,,,,,,,,,,,,,,,,,,,,,,,,,,,,,,,,,,,,,,,,,,,,,,,,,,,,,,,,,,,,,,,,,,,,,,,,,,,,,,,,,,,,,,,,,,,,,,,,,,,-77.02134999999998,-0.0
2289.0,,,,,,,,,,,,,,,,,,,,,,,,,,,,,,,,,,,,,,,,,,,,,,,,,,,,,,,,,,,,,,,,,,,,,,,,,,,,,,,,,,,,,,,,,,,,,,,,,,,,,,,,,,,,,,,,,,,,,,,,,,,,,,,,,,,,,,,,,,,,,,,,,,,,,,,,,,,,,,,,,,,,,,,,,,,,,,,,,,,,,,,,,,,,,,,,,,,,,,,,,,,,,,,,,,,,,,,,,,,,,,,,,,,,,,,,,,,,,,,,,,,,,,,-80.38625000000002,-0.0
2290.0,,,,,,,,,,,,,,,,,,,,,,,,,,,,,,,,,,,,,,,,,,,,,,,,,,,,,,,,,,,,,,,,,,,,,,,,,,,,,,,,,,,,,,,,,,,,,,,,,,,,,,,,,,,,,,,,,,,,,,,,,,,,,,,,,,,,,,,,,,,,,,,,,,,,,,,,,,,,,,,,,,,,,,,,,,,,,,,,,,,,,,,,,,,,,,,,,,,,,,,,,,,,,,,,,,,,,,,,,,,,,,,,,,,,,,,,,,,,,,,,,,,,,,,-83.57325000000014,-0.0
2291.0,,,,,,,,,,,,,,,,,,,,,,,,,,,,,,,,,,,,,,,,,,,,,,,,,,,,,,,,,,,,,,,,,,,,,,,,,,,,,,,,,,,,,,,,,,,,,,,,,,,,,,,,,,,,,,,,,,,,,,,,,,,,,,,,,,,,,,,,,,,,,,,,,,,,,,,,,,,,,,,,,,,,,,,,,,,,,,,,,,,,,,,,,,,,,,,,,,,,,,,,,,,,,,,,,,,,,,,,,,,,,,,,,,,,,,,,,,,,,,,,,,,,,,,-86.52805000000012,-0.0
2292.0,,,,,,,,,,,,,,,,,,,,,,,,,,,,,,,,,,,,,,,,,,,,,,,,,,,,,,,,,,,,,,,,,,,,,,,,,,,,,,,,,,,,,,,,,,,,,,,,,,,,,,,,,,,,,,,,,,,,,,,,,,,,,,,,,,,,,,,,,,,,,,,,,,,,,,,,,,,,,,,,,,,,,,,,,,,,,,,,,,,,,,,,,,,,,,,,,,,,,,,,,,,,,,,,,,,,,,,,,,,,,,,,,,,,,,,,,,,,,,,,,,,,,,,-90.32835,-0.0
2293.0,,,,,,,,,,,,,,,,,,,,,,,,,,,,,,,,,,,,,,,,,,,,,,,,,,,,,,,,,,,,,,,,,,,,,,,,,,,,,,,,,,,,,,,,,,,,,,,,,,,,,,,,,,,,,,,,,,,,,,,,,,,,,,,,,,,,,,,,,,,,,,,,,,,,,,,,,,,,,,,,,,,,,,,,,,,,,,,,,,,,,,,,,,,,,,,,,,,,,,,,,,,,,,,,,,,,,,,,,,,,,,,,,,,,,,,,,,,,,,,,,,,,,,,-95.37554999999998,-0.0
2294.0,,,,,,,,,,,,,,,,,,,,,,,,,,,,,,,,,,,,,,,,,,,,,,,,,,,,,,,,,,,,,,,,,,,,,,,,,,,,,,,,,,,,,,,,,,,,,,,,,,,,,,,,,,,,,,,,,,,,,,,,,,,,,,,,,,,,,,,,,,,,,,,,,,,,,,,,,,,,,,,,,,,,,,,,,,,,,,,,,,,,,,,,,,,,,,,,,,,,,,,,,,,,,,,,,,,,,,,,,,,,,,,,,,,,,,,,,,,,,,,,,,,,,,,-100.04255000000012,-0.0
2295.0,,,,,,,,,,,,,,,,,,,,,,,,,,,,,,,,,,,,,,,,,,,,,,,,,,,,,,,,,,,,,,,,,,,,,,,,,,,,,,,,,,,,,,,,,,,,,,,,,,,,,,,,,,,,,,,,,,,,,,,,,,,,,,,,,,,,,,,,,,,,,,,,,,,,,,,,,,,,,,,,,,,,,,,,,,,,,,,,,,,,,,,,,,,,,,,,,,,,,,,,,,,,,,,,,,,,,,,,,,,,,,,,,,,,,,,,,,,,,,,,,,,,,,,-102.90104999999994,-0.0
2296.0,,,,,,,,,,,,,,,,,,,,,,,,,,,,,,,,,,,,,,,,,,,,,,,,,,,,,,,,,,,,,,,,,,,,,,,,,,,,,,,,,,,,,,,,,,,,,,,,,,,,,,,,,,,,,,,,,,,,,,,,,,,,,,,,,,,,,,,,,,,,,,,,,,,,,,,,,,,,,,,,,,,,,,,,,,,,,,,,,,,,,,,,,,,,,,,,,,,,,,,,,,,,,,,,,,,,,,,,,,,,,,,,,,,,,,,,,,,,,,,,,,,,,,,-103.91875000000005,-0.0
2297.0,,,,,,,,,,,,,,,,,,,,,,,,,,,,,,,,,,,,,,,,,,,,,,,,,,,,,,,,,,,,,,,,,,,,,,,,,,,,,,,,,,,,,,,,,,,,,,,,,,,,,,,,,,,,,,,,,,,,,,,,,,,,,,,,,,,,,,,,,,,,,,,,,,,,,,,,,,,,,,,,,,,,,,,,,,,,,,,,,,,,,,,,,,,,,,,,,,,,,,,,,,,,,,,,,,,,,,,,,,,,,,,,,,,,,,,,,,,,,,,,,,,,,,,-103.36644999999999,-0.0
2298.0,,,,,,,,,,,,,,,,,,,,,,,,,,,,,,,,,,,,,,,,,,,,,,,,,,,,,,,,,,,,,,,,,,,,,,,,,,,,,,,,,,,,,,,,,,,,,,,,,,,,,,,,,,,,,,,,,,,,,,,,,,,,,,,,,,,,,,,,,,,,,,,,,,,,,,,,,,,,,,,,,,,,,,,,,,,,,,,,,,,,,,,,,,,,,,,,,,,,,,,,,,,,,,,,,,,,,,,,,,,,,,,,,,,,,,,,,,,,,,,,,,,,,,,-102.00964999999997,-0.0
2299.0,,,,,,,,,,,,,,,,,,,,,,,,,,,,,,,,,,,,,,,,,,,,,,,,,,,,,,,,,,,,,,,,,,,,,,,,,,,,,,,,,,,,,,,,,,,,,,,,,,,,,,,,,,,,,,,,,,,,,,,,,,,,,,,,,,,,,,,,,,,,,,,,,,,,,,,,,,,,,,,,,,,,,,,,,,,,,,,,,,,,,,,,,,,,,,,,,,,,,,,,,,,,,,,,,,,,,,,,,,,,,,,,,,,,,,,,,,,,,,,,,,,,,,,-100.72755000000006,-0.0
2300.0,,,,,,,,,,,,,,,,,,,,,,,,,,,,,,,,,,,,,,,,,,,,,,,,,,,,,,,,,,,,,,,,,,,,,,,,,,,,,,,,,,,,,,,,,,,,,,,,,,,,,,,,,,,,,,,,,,,,,,,,,,,,,,,,,,,,,,,,,,,,,,,,,,,,,,,,,,,,,,,,,,,,,,,,,,,,,,,,,,,,,,,,,,,,,,,,,,,,,,,,,,,,,,,,,,,,,,,,,,,,,,,,,,,,,,,,,,,,,,,,,,,,,,,-99.97145,-0.0
2301.0,,,,,,,,,,,,,,,,,,,,,,,,,,,,,,,,,,,,,,,,,,,,,,,,,,,,,,,,,,,,,,,,,,,,,,,,,,,,,,,,,,,,,,,,,,,,,,,,,,,,,,,,,,,,,,,,,,,,,,,,,,,,,,,,,,,,,,,,,,,,,,,,,,,,,,,,,,,,,,,,,,,,,,,,,,,,,,,,,,,,,,,,,,,,,,,,,,,,,,,,,,,,,,,,,,,,,,,,,,,,,,,,,,,,,,,,,,,,,,,,,,,,,,,-99.78655000000003,-0.0
2302.0,,,,,,,,,,,,,,,,,,,,,,,,,,,,,,,,,,,,,,,,,,,,,,,,,,,,,,,,,,,,,,,,,,,,,,,,,,,,,,,,,,,,,,,,,,,,,,,,,,,,,,,,,,,,,,,,,,,,,,,,,,,,,,,,,,,,,,,,,,,,,,,,,,,,,,,,,,,,,,,,,,,,,,,,,,,,,,,,,,,,,,,,,,,,,,,,,,,,,,,,,,,,,,,,,,,,,,,,,,,,,,,,,,,,,,,,,,,,,,,,,,,,,,,-101.44614999999999,-0.0
2303.0,,,,,,,,,,,,,,,,,,,,,,,,,,,,,,,,,,,,,,,,,,,,,,,,,,,,,,,,,,,,,,,,,,,,,,,,,,,,,,,,,,,,,,,,,,,,,,,,,,,,,,,,,,,,,,,,,,,,,,,,,,,,,,,,,,,,,,,,,,,,,,,,,,,,,,,,,,,,,,,,,,,,,,,,,,,,,,,,,,,,,,,,,,,,,,,,,,,,,,,,,,,,,,,,,,,,,,,,,,,,,,,,,,,,,,,,,,,,,,,,,,,,,,,-107.09564999999998,-0.0
2304.0,,,,,,,,,,,,,,,,,,,,,,,,,,,,,,,,,,,,,,,,,,,,,,,,,,,,,,,,,,,,,,,,,,,,,,,,,,,,,,,,,,,,,,,,,,,,,,,,,,,,,,,,,,,,,,,,,,,,,,,,,,,,,,,,,,,,,,,,,,,,,,,,,,,,,,,,,,,,,,,,,,,,,,,,,,,,,,,,,,,,,,,,,,,,,,,,,,,,,,,,,,,,,,,,,,,,,,,,,,,,,,,,,,,,,,,,,,,,,,,,,,,,,,,-111.85564999999997,-0.0
2305.0,,,,,,,,,,,,,,,,,,,,,,,,,,,,,,,,,,,,,,,,,,,,,,,,,,,,,,,,,,,,,,,,,,,,,,,,,,,,,,,,,,,,,,,,,,,,,,,,,,,,,,,,,,,,,,,,,,,,,,,,,,,,,,,,,,,,,,,,,,,,,,,,,,,,,,,,,,,,,,,,,,,,,,,,,,,,,,,,,,,,,,,,,,,,,,,,,,,,,,,,,,,,,,,,,,,,,,,,,,,,,,,,,,,,,,,,,,,,,,,,,,,,,,,-112.98955000000001,-0.0
2306.0,,,,,,,,,,,,,,,,,,,,,,,,,,,,,,,,,,,,,,,,,,,,,,,,,,,,,,,,,,,,,,,,,,,,,,,,,,,,,,,,,,,,,,,,,,,,,,,,,,,,,,,,,,,,,,,,,,,,,,,,,,,,,,,,,,,,,,,,,,,,,,,,,,,,,,,,,,,,,,,,,,,,,,,,,,,,,,,,,,,,,,,,,,,,,,,,,,,,,,,,,,,,,,,,,,,,,,,,,,,,,,,,,,,,,,,,,,,,,,,,,,,,,,,-110.43164999999999,-0.0
2307.0,,,,,,,,,,,,,,,,,,,,,,,,,,,,,,,,,,,,,,,,,,,,,,,,,,,,,,,,,,,,,,,,,,,,,,,,,,,,,,,,,,,,,,,,,,,,,,,,,,,,,,,,,,,,,,,,,,,,,,,,,,,,,,,,,,,,,,,,,,,,,,,,,,,,,,,,,,,,,,,,,,,,,,,,,,,,,,,,,,,,,,,,,,,,,,,,,,,,,,,,,,,,,,,,,,,,,,,,,,,,,,,,,,,,,,,,,,,,,,,,,,,,,,,-105.47865000000002,-0.0
2308.0,,,,,,,,,,,,,,,,,,,,,,,,,,,,,,,,,,,,,,,,,,,,,,,,,,,,,,,,,,,,,,,,,,,,,,,,,,,,,,,,,,,,,,,,,,,,,,,,,,,,,,,,,,,,,,,,,,,,,,,,,,,,,,,,,,,,,,,,,,,,,,,,,,,,,,,,,,,,,,,,,,,,,,,,,,,,,,,,,,,,,,,,,,,,,,,,,,,,,,,,,,,,,,,,,,,,,,,,,,,,,,,,,,,,,,,,,,,,,,,,,,,,,,,-99.05465000000004,-0.0
2309.0,,,,,,,,,,,,,,,,,,,,,,,,,,,,,,,,,,,,,,,,,,,,,,,,,,,,,,,,,,,,,,,,,,,,,,,,,,,,,,,,,,,,,,,,,,,,,,,,,,,,,,,,,,,,,,,,,,,,,,,,,,,,,,,,,,,,,,,,,,,,,,,,,,,,,,,,,,,,,,,,,,,,,,,,,,,,,,,,,,,,,,,,,,,,,,,,,,,,,,,,,,,,,,,,,,,,,,,,,,,,,,,,,,,,,,,,,,,,,,,,,,,,,,,-92.08045000000016,-0.0
2310.0,,,,,,,,,,,,,,,,,,,,,,,,,,,,,,,,,,,,,,,,,,,,,,,,,,,,,,,,,,,,,,,,,,,,,,,,,,,,,,,,,,,,,,,,,,,,,,,,,,,,,,,,,,,,,,,,,,,,,,,,,,,,,,,,,,,,,,,,,,,,,,,,,,,,,,,,,,,,,,,,,,,,,,,,,,,,,,,,,,,,,,,,,,,,,,,,,,,,,,,,,,,,,,,,,,,,,,,,,,,,,,,,,,,,,,,,,,,,,,,,,,,,,,,-83.96884999999997,-0.0
2311.0,,,,,,,,,,,,,,,,,,,,,,,,,,,,,,,,,,,,,,,,,,,,,,,,,,,,,,,,,,,,,,,,,,,,,,,,,,,,,,,,,,,,,,,,,,,,,,,,,,,,,,,,,,,,,,,,,,,,,,,,,,,,,,,,,,,,,,,,,,,,,,,,,,,,,,,,,,,,,,,,,,,,,,,,,,,,,,,,,,,,,,,,,,,,,,,,,,,,,,,,,,,,,,,,,,,,,,,,,,,,,,,,,,,,,,,,,,,,,,,,,,,,,,,-75.03725000000009,-0.0
2312.0,,,,,,,,,,,,,,,,,,,,,,,,,,,,,,,,,,,,,,,,,,,,,,,,,,,,,,,,,,,,,,,,,,,,,,,,,,,,,,,,,,,,,,,,,,,,,,,,,,,,,,,,,,,,,,,,,,,,,,,,,,,,,,,,,,,,,,,,,,,,,,,,,,,,,,,,,,,,,,,,,,,,,,,,,,,,,,,,,,,,,,,,,,,,,,,,,,,,,,,,,,,,,,,,,,,,,,,,,,,,,,,,,,,,,,,,,,,,,,,,,,,,,,,-66.83235000000013,-0.0
2313.0,,,,,,,,,,,,,,,,,,,,,,,,,,,,,,,,,,,,,,,,,,,,,,,,,,,,,,,,,,,,,,,,,,,,,,,,,,,,,,,,,,,,,,,,,,,,,,,,,,,,,,,,,,,,,,,,,,,,,,,,,,,,,,,,,,,,,,,,,,,,,,,,,,,,,,,,,,,,,,,,,,,,,,,,,,,,,,,,,,,,,,,,,,,,,,,,,,,,,,,,,,,,,,,,,,,,,,,,,,,,,,,,,,,,,,,,,,,,,,,,,,,,,,,-59.015550000000076,-0.0
2314.0,,,,,,,,,,,,,,,,,,,,,,,,,,,,,,,,,,,,,,,,,,,,,,,,,,,,,,,,,,,,,,,,,,,,,,,,,,,,,,,,,,,,,,,,,,,,,,,,,,,,,,,,,,,,,,,,,,,,,,,,,,,,,,,,,,,,,,,,,,,,,,,,,,,,,,,,,,,,,,,,,,,,,,,,,,,,,,,,,,,,,,,,,,,,,,,,,,,,,,,,,,,,,,,,,,,,,,,,,,,,,,,,,,,,,,,,,,,,,,,,,,,,,,,-50.35145,-0.0
2315.0,,,,,,,,,,,,,,,,,,,,,,,,,,,,,,,,,,,,,,,,,,,,,,,,,,,,,,,,,,,,,,,,,,,,,,,,,,,,,,,,,,,,,,,,,,,,,,,,,,,,,,,,,,,,,,,,,,,,,,,,,,,,,,,,,,,,,,,,,,,,,,,,,,,,,,,,,,,,,,,,,,,,,,,,,,,,,,,,,,,,,,,,,,,,,,,,,,,,,,,,,,,,,,,,,,,,,,,,,,,,,,,,,,,,,,,,,,,,,,,,,,,,,,,-41.01755000000003,-0.0
2316.0,,,,,,,,,,,,,,,,,,,,,,,,,,,,,,,,,,,,,,,,,,,,,,,,,,,,,,,,,,,,,,,,,,,,,,,,,,,,,,,,,,,,,,,,,,,,,,,,,,,,,,,,,,,,,,,,,,,,,,,,,,,,,,,,,,,,,,,,,,,,,,,,,,,,,,,,,,,,,,,,,,,,,,,,,,,,,,,,,,,,,,,,,,,,,,,,,,,,,,,,,,,,,,,,,,,,,,,,,,,,,,,,,,,,,,,,,,,,,,,,,,,,,,,-30.83075000000008,-0.0
2317.0,,,,,,,,,,,,,,,,,,,,,,,,,,,,,,,,,,,,,,,,,,,,,,,,,,,,,,,,,,,,,,,,,,,,,,,,,,,,,,,,,,,,,,,,,,,,,,,,,,,,,,,,,,,,,,,,,,,,,,,,,,,,,,,,,,,,,,,,,,,,,,,,,,,,,,,,,,,,,,,,,,,,,,,,,,,,,,,,,,,,,,,,,,,,,,,,,,,,,,,,,,,,,,,,,,,,,,,,,,,,,,,,,,,,,,,,,,,,,,,,,,,,,,,-20.57659000000001,-0.0
2318.0,,,,,,,,,,,,,,,,,,,,,,,,,,,,,,,,,,,,,,,,,,,,,,,,,,,,,,,,,,,,,,,,,,,,,,,,,,,,,,,,,,,,,,,,,,,,,,,,,,,,,,,,,,,,,,,,,,,,,,,,,,,,,,,,,,,,,,,,,,,,,,,,,,,,,,,,,,,,,,,,,,,,,,,,,,,,,,,,,,,,,,,,,,,,,,,,,,,,,,,,,,,,,,,,,,,,,,,,,,,,,,,,,,,,,,,,,,,,,,,,,,,,,,,-10.352950000000078,-0.0
2319.0,,,,,,,,,,,,,,,,,,,,,,,,,,,,,,,,,,,,,,,,,,,,,,,,,,,,,,,,,,,,,,,,,,,,,,,,,,,,,,,,,,,,,,,,,,,,,,,,,,,,,,,,,,,,,,,,,,,,,,,,,,,,,,,,,,,,,,,,,,,,,,,,,,,,,,,,,,,,,,,,,,,,,,,,,,,,,,,,,,,,,,,,,,,,,,,,,,,,,,,,,,,,,,,,,,,,,,,,,,,,,,,,,,,,,,,,,,,,,,,,,,,,,,,-0.45331000000010135,-0.0
2320.0,,,,,,,,,,,,,,,,,,,,,,,,,,,,,,,,,,,,,,,,,,,,,,,,,,,,,,,,,,,,,,,,,,,,,,,,,,,,,,,,,,,,,,,,,,,,,,,,,,,,,,,,,,,,,,,,,,,,,,,,,,,,,,,,,,,,,,,,,,,,,,,,,,,,,,,,,,,,,,,,,,,,,,,,,,,,,,,,,,,,,,,,,,,,,,,,,,,,,,,,,,,,,,,,,,,,,,,,,,,,,,,,,,,,,,,,,,,,,,,,,,,,,,,0.0,0.00020058033
