Short auctions, disc 0.03, temp0 895.953, tau 1.5, ffi removal, Wpt fitted, 2025-2125
Year,Agriculture mtC,Black_walnut_10 mhectares,Black_walnut_150 mhectares,Black_walnut_55 mhectares,C2F6 kt,CF4 kt,CH4 mt,Carbon mtC,HFC125 kt,HFC134a kt,HFC143a kt,Loblolly_pine_10 mhectares,Loblolly_pine_150 mhectares,Loblolly_pine_24 mhectares,N2O mt,Ponderosa_pine_10 mhectares,Ponderosa_pine_103 mhectares,Ponderosa_pine_150 mhectares,SF6 kt,Seaweed mt,Agriculture % max bid,Black_walnut_10 % max bid,Black_walnut_150 % max bid,Black_walnut_55 % max bid,C2F6 % max bid,CF4 % max bid,CH4 % max bid,Carbon % max bid,HFC125 % max bid,HFC134a % max bid,HFC143a % max bid,Loblolly_pine_10 % max bid,Loblolly_pine_150 % max bid,Loblolly_pine_24 % max bid,N2O % max bid,Ponderosa_pine_10 % max bid,Ponderosa_pine_103 % max bid,Ponderosa_pine_150 % max bid,SF6 % max bid,Seaweed % max bid,Agriculture $M/mtC,Black_walnut_10 $M/mhectares,Black_walnut_150 $M/mhectares,Black_walnut_55 $M/mhectares,C2F6 $M/kt,CF4 $M/kt,CH4 $M/mt,Carbon $M/mtC,HFC125 $M/kt,HFC134a $M/kt,HFC143a $M/kt,Loblolly_pine_10 $M/mhectares,Loblolly_pine_150 $M/mhectares,Loblolly_pine_24 $M/mhectares,N2O $M/mt,Ponderosa_pine_10 $M/mhectares,Ponderosa_pine_103 $M/mhectares,Ponderosa_pine_150 $M/mhectares,SF6 $M/kt,Seaweed $M/mt,temp change,Capt pi
2025.0,686.66351,5.5555556,4.8888889,5.7777778,5.3983,12.2168,142.19242,9308.8091,89.349,173.879,64.3741,5.5555555,5.7777778,5.6005311,0.162,5.5555555,7.0,4.8888889,2.2441,727.06233,0.18082221455623906,0.2500000022500007,0.22000000072000064,0.2600000012600007,1.0000000005557306,0.9999999997544367,0.5468939230685093,0.9097902126071169,0.9999999999776162,1.0000000000230045,0.9999999999378636,0.2499999977500007,0.2600000012600007,0.25202389975202466,0.022188741268319434,0.2499999977500007,0.3150000003150009,0.22000000072000064,1.000000000311929,1.000000000330095,19.851561,479.27697,6743.3573,3657.5295,-113.42702,-51.786342,-61.357893,-29.777341,-10.920538,-3.7274262,-24.140931,759.85648,7051.2046,3069.9864,-3695.7524,395.83739,11488.824,11488.824,-213.27471,19.851561,898.5271854,.
2026.0,686.66351,5.7777778,5.1111111,6.1111111,5.3983,12.2168,142.19242,9233.6803,89.349,173.879,64.3741,5.7777778,6.0,5.8888889,0.142,5.7777778,7.2222222,5.0,2.2441,727.06233,0.18082221455623915,0.2600000012600007,0.22999999973000063,0.2749999997750008,1.0000000005557308,0.9999999997544367,0.5468939230685094,0.9024475497390044,0.9999999999776161,1.0000000000230045,0.9999999999378631,0.2600000012600007,0.27000000027000076,0.2650000007650008,0.019449390494452847,0.2600000012600007,0.3249999993250009,0.22500000022500063,1.0000000003119294,1.000000000330095,19.851561,479.27697,6718.1636,3668.615,-113.42702,-51.786342,-61.357893,-29.777341,-10.920538,-3.7274262,-12.070466,759.85648,7064.7023,3076.1704,-3715.3066,395.83739,11385.181,11385.181,-189.57752,19.851561,903.016356,.
2027.0,686.66351,5.6666667,5.0,6.0,5.3983,12.2168,142.19242,9233.6803,89.349,173.879,64.3741,5.6666667,5.8888889,5.7777778,0.146,5.6666667,6.9838352,4.7777778,2.2441,727.06233,0.18082221455623906,0.25500000175500076,0.22500000022500063,0.27000000027000076,1.0000000005557308,0.9999999997544365,0.5468939230685093,0.902447549739003,0.9999999999776155,1.0000000000230045,0.9999999999378631,0.25500000175500076,0.2650000007650008,0.2600000012600007,0.019997260649226155,0.25500000175500076,0.31427258431427346,0.2150000012150006,1.000000000311928,1.000000000330095,18.998068,458.67108,6404.7767,3522.0796,-108.55037,-49.559855,-59.630276,-28.497103,-10.451024,-3.5671704,-23.103023,727.18743,6774.8563,2950.0901,-3574.2853,378.81887,10794.751,10794.751,-204.10524,18.998068,908.674393,.
2028.0,686.66351,5.8888889,5.2222222,6.2222222,5.3983,12.2168,142.19242,9233.6803,89.349,173.879,64.3741,5.8888889,6.2222222,6.0,0.126,5.8888889,7.1111111,5.0,2.2441,727.06233,0.18082221455623906,0.2650000007650008,0.23499999923500067,0.2799999992800008,1.0000000005557308,0.9999999997544368,0.5468939230685097,0.902447549739003,0.9999999999776156,1.0000000000230045,0.9999999999378631,0.2650000007650008,0.2799999992800008,0.27000000027000076,0.017257909875359554,0.2650000007650008,0.3199999998200009,0.22500000022500063,1.000000000311929,1.000000000330095,18.998068,458.67108,6379.6937,3534.0612,-108.55037,-49.559855,-60.085469,-28.497103,-10.451024,-3.5671704,-23.103023,727.18743,6789.6535,2956.5235,-3592.9989,378.81887,10692.251,10692.251,-204.10524,18.998068,915.016313,.
2029.0,686.66351,5.7777778,5.1111111,6.2222222,5.3983,12.2168,142.19242,9233.6803,89.349,173.879,64.3741,5.7777778,6.1111111,6.0,0.13,5.7777778,6.9064766,4.7777778,2.2441,727.06233,0.18082221455623906,0.2600000012600007,0.22999999973000063,0.2799999992800008,1.0000000005557304,0.9999999997544365,0.5468939230685095,0.9024475497390031,0.9999999999776166,1.0000000000230045,0.9999999999378626,0.2600000012600007,0.2749999997750008,0.27000000027000076,0.01780578003013288,0.2600000012600007,0.31079144731079233,0.2150000012150006,1.000000000311929,1.000000000330095,18.256731,440.77294,6106.2139,3409.2568,-104.31455,-59.53243,-58.615692,-27.385097,-20.086414,-4.570631,-22.201503,698.81133,6539.2675,2846.9905,-3470.7772,364.03671,10175.089,10175.089,-196.14071,18.256731,924.978704,.
2030.0,686.66351,6.0,5.2222222,6.4444444,5.3983,12.2168,142.19242,9233.6803,89.349,173.879,64.3741,6.0,6.4444444,6.2222222,0.111,6.0,7.1111111,5.0,2.2441,727.06233,0.1808222145562391,0.27000000027000076,0.23499999923500067,0.28999999829000084,1.0000000005557301,0.9999999997544368,0.5468939230685097,0.9024475497390044,0.9999999999776161,1.0000000000230045,0.999999999937863,0.27000000027000076,0.28999999829000084,0.2799999992800008,0.015203396794959608,0.27000000027000076,0.3199999998200009,0.22500000022500063,1.0000000003119291,1.000000000330095,18.256731,440.77294,6081.087,3423.1281,-104.31455,-47.625944,-58.615692,-27.385097,-10.043207,-3.4279732,-22.201503,698.81133,6554.0101,2852.4796,-3470.7772,364.03671,10073.9,10073.9,-196.14071,18.256731,958.472366,.
2031.0,686.66351,5.8888889,5.1111111,6.4444444,5.3983,12.2168,142.19242,9233.6803,89.349,173.879,64.3741,5.8888889,6.2619564,6.1111111,0.118,5.8888889,6.8888889,4.7777778,2.2441,727.06233,0.18082221455623906,0.2650000007650008,0.22999999973000063,0.28999999829000084,1.0000000005557308,0.9999999997544369,0.5468939230685093,0.9024475497390038,0.9999999999776158,1.0000000000230047,0.9999999999378634,0.2650000007650008,0.28178803828178883,0.2749999997750008,0.01616216956581293,0.2650000007650008,0.3100000008100009,0.2150000012150006,1.000000000311929,1.000000000330095,17.435359,420.94253,5783.0634,3283.7239,-99.621431,-56.854061,-56.814067,-26.153039,-19.182724,-4.3649979,-31.803984,667.37174,6273.4891,2729.0574,-3331.8008,347.65866,9522.6235,9522.6235,-187.31632,17.435359,993.31634,.
2032.0,686.66351,6.1111111,5.3333333,6.6666667,5.3983,12.2168,142.19242,9165.7067,89.349,173.879,64.3741,6.1111111,6.5555555,6.3333333,0.102,6.1111111,7.1111111,4.8888889,2.2441,727.06233,0.18082221455623906,0.2749999997750008,0.23999999874000066,0.30000000180000086,1.0000000005557308,0.9999999997544367,0.5468939230685094,0.8958041955428505,0.9999999999776159,1.0000000000230047,0.999999999937863,0.2749999997750008,0.2949999977950008,0.28499999878500076,0.013970688946719642,0.2749999997750008,0.3199999998200009,0.22000000072000064,1.0000000003119287,1.000000000330095,17.435359,420.94253,5758.1565,3299.3591,-99.621431,-45.483249,-57.231818,-26.153039,-9.591362,-3.2737484,-21.202656,667.37174,6288.0433,2733.6376,-3331.8008,347.65866,9423.2158,9423.2158,-187.31632,17.435359,1027.27331,.
2033.0,686.66351,6.1111111,5.1111111,6.6666667,5.3983,12.2168,142.19242,9233.6803,89.349,173.879,64.3741,6.1111111,6.4444444,6.2444068,0.105,6.1111111,6.8888889,4.7777778,2.2441,727.06233,0.18082221455623906,0.2749999997750008,0.22999999973000063,0.30000000180000086,1.0000000005557306,0.9999999997544363,0.5468939230685094,0.9024475497390012,0.9999999999776156,1.0000000000230045,0.9999999999378636,0.2749999997750008,0.28999999829000084,0.2809983062809991,0.014381591562799634,0.2749999997750008,0.3100000008100009,0.2150000012150006,1.0000000003119294,1.000000000330095,16.717245,403.60508,5496.8433,3179.4504,-95.518302,-54.512401,-55.675688,-25.075868,-18.392641,-4.1852158,-30.494066,639.88456,6043.2752,2625.1208,-3211.0401,333.33957,8938.1856,8938.1856,-179.60128,16.717245,1074.37248,.
2034.0,771.84899,6.3333333,5.3333333,7.0,5.3983,12.2168,142.19242,9165.7067,89.349,173.879,64.3741,6.3333333,6.7777778,6.5555555,0.087,6.3333333,7.0,4.8888889,2.2441,727.06233,0.2032544931283686,0.28499999878500076,0.23999999874000066,0.3150000003150009,1.0000000005557304,0.9999999997544367,0.5468939230685093,0.8958041955428516,0.9999999999776161,1.0000000000230047,0.9999999999378634,0.28499999878500076,0.3050000013050009,0.2949999977950008,0.0119161758663197,0.28499999878500076,0.3150000003150009,0.22000000072000064,1.0000000003119294,1.000000000330095,16.717245,405.40572,5472.264,3196.1772,-95.518302,-54.512401,-56.076233,-25.075868,-18.392641,-4.1852158,-30.494066,643.64128,6057.7478,2628.8775,-3227.507,334.80599,8840.0386,8840.0386,-179.60128,16.717245,1107.82332,.
2035.0,686.66351,6.2222222,5.1353965,6.7777778,5.3983,12.2168,142.19242,9165.7067,89.349,173.879,64.3741,6.2222222,6.5555555,6.3333333,0.099,6.2222222,6.7777778,4.6666667,2.2441,727.06233,0.18082221455623906,0.2799999992800008,0.23109284273109348,0.3050000013050009,1.0000000005557301,0.9999999997544362,0.5468939230685091,0.8958041955428517,0.9999999999776162,1.0000000000230045,0.9999999999378631,0.2799999992800008,0.2949999977950008,0.28499999878500076,0.013559786330639654,0.2799999992800008,0.3050000013050009,0.2100000017100006,1.0000000003119285,1.000000000330095,15.913181,387.60332,5185.2367,3059.7982,-90.924074,-41.512376,-53.760363,-23.869772,-17.507994,-3.9839158,-19.351577,615.95741,5780.3829,2505.7079,-3072.2707,320.08978,8320.268,8320.268,-170.96284,15.913181,1141.9233199999999,.
2036.0,771.84899,6.5555555,5.3333333,7.1111111,5.3983,12.2168,131.41534,9165.7067,89.349,173.879,64.3741,6.5555555,6.8888889,6.6666667,0.084,6.5555555,6.8888889,4.7777778,2.2441,727.06233,0.20325449312836855,0.2949999977950008,0.23999999874000066,0.3199999998200009,1.0000000005557308,0.9999999997544367,0.5054436153768395,0.8958041955428516,0.9999999999776154,1.0000000000230045,0.9999999999378634,0.2949999977950008,0.3100000008100009,0.30000000180000086,0.011505273250239707,0.2949999977950008,0.3100000008100009,0.2150000012150006,1.0000000003119291,1.000000000330095,15.913181,389.28282,5160.9062,3077.9731,-90.924074,-41.512376,-54.141643,-23.869772,-8.753997,-2.9879368,-19.351577,618.92922,5794.8653,2508.6797,-3072.2707,321.46963,8224.1794,8224.1794,-151.96697,15.913181,1167.02116,.
2037.0,686.66351,6.4444444,5.2222222,7.1111111,5.3983,12.2168,131.41534,9165.7067,89.349,173.879,64.3741,6.4444444,6.7777778,6.5555555,0.084,6.4444444,6.6666667,4.5555556,2.2441,727.06233,0.18082221455623906,0.28999999829000084,0.23499999923500067,0.3199999998200009,1.000000000555731,0.9999999997544368,0.5054436153768392,0.8958041955428514,0.9999999999776161,1.0000000000230047,0.9999999999378634,0.28999999829000084,0.3050000013050009,0.2949999977950008,0.011505273250239707,0.28999999829000084,0.30000000180000086,0.2050000022050006,1.0000000003119285,1.000000000330095,15.242497,374.46812,4919.2934,2966.1756,-87.091948,-39.762777,-52.590185,-22.863746,-16.770094,-3.8160079,-27.803966,595.40073,5564.937,2405.505,-2972.8139,309.23545,7784.6318,7784.6318,-163.75737,15.242497,1197.97544,.
2038.0,771.84899,6.7777778,5.4444444,7.4444444,5.3983,12.2168,131.41534,9165.7067,89.349,173.879,64.3741,6.7777778,7.1111111,6.7777778,0.069,6.7777778,6.7777778,4.749497,2.2441,727.06233,0.20325449312836857,0.3050000013050009,0.24499999824500068,0.33499999833500094,1.0000000005557308,0.9999999997544362,0.5054436153768394,0.89580419554285,0.9999999999776166,1.0000000000230047,0.9999999999378634,0.3050000013050009,0.3199999998200009,0.3050000013050009,0.009450760169839758,0.3050000013050009,0.3050000013050009,0.21372736521372795,1.000000000311929,1.000000000330095,15.242497,376.04376,4894.3537,2984.1463,-87.091948,-39.762777,-52.955394,-22.863746,-8.3850472,-2.862006,-18.535977,597.66852,5579.669,2407.7728,-2972.8139,310.54179,7690.9105,7690.9105,-163.75737,15.242497,1227.04026,.
2039.0,771.84899,6.5555555,5.2222222,7.3333333,5.3983,12.2168,131.41534,9165.7067,89.349,173.879,64.3741,6.6666667,6.9166548,6.6666667,0.075,6.5555555,6.5555555,4.5555556,2.2441,727.06233,0.20325449312836855,0.2949999977950008,0.23499999923500067,0.3299999988300009,1.0000000005557308,0.9999999997544365,0.5054436153768392,0.8958041955428503,0.9999999999776159,1.0000000000230045,0.9999999999378638,0.30000000180000086,0.31124946631125033,0.30000000180000086,0.010272565401999735,0.2949999977950008,0.2949999977950008,0.2050000022050006,1.0000000003119287,1.000000000330095,14.528346,359.91117,4640.4757,2861.4965,-83.011458,-37.899785,-51.17049,-21.792519,-15.984371,-3.6372178,-26.501276,571.55187,5332.7583,2296.8479,-2847.8404,297.23046,7240.5023,7240.5023,-156.0849,14.528346,1254.34189,.
2040.0,771.84899,6.8888889,5.4444444,7.6666667,5.3983,12.2168,131.41534,9108.4658,89.349,173.879,64.3741,6.8888889,7.2222222,6.8888889,0.06,6.8888889,6.6666667,4.6666667,2.2441,727.06233,0.20325449312836855,0.3100000008100009,0.24499999824500068,0.345000001845001,1.0000000005557308,0.9999999997544365,0.5054436153768392,0.8902097945812057,0.9999999999776158,1.0000000000230047,0.9999999999378631,0.3100000008100009,0.3249999993250009,0.3100000008100009,0.008218052321599792,0.3100000008100009,0.30000000180000086,0.2100000017100006,1.0000000003119291,1.000000000330095,14.528346,361.10001,4614.7691,2878.4157,-83.011458,-37.899785,-51.518588,-21.792519,-7.9921854,-2.7279133,-17.667517,573.06045,5347.2753,2298.3565,-2847.8404,298.22117,7149.2053,7149.2053,-138.74213,14.528346,1280.35912,.
2041.0,771.84899,6.8888889,5.3333333,7.6666667,5.3983,12.2168,131.41534,9165.7067,89.349,173.879,64.3741,6.8888889,7.2222222,6.8888889,0.063,6.8888889,6.4444444,4.4444444,2.2441,727.06233,0.20325449312836857,0.3100000008100009,0.23999999874000066,0.345000001845001,1.0000000005557308,0.9999999997544365,0.5054436153768395,0.8958041955428495,0.9999999999776159,1.0000000000230047,0.9999999999378634,0.3100000008100009,0.3249999993250009,0.3100000008100009,0.008628954937679779,0.3100000008100009,0.28999999829000084,0.19999999820000056,1.000000000311929,1.000000000330095,13.967269,348.01172,4410.8033,2783.2815,-79.805599,-36.436115,-50.532933,-20.950903,-15.367063,-3.4967503,-25.477811,552.01689,5155.285,2210.6829,-2751.6164,287.41835,6784.3503,6784.3503,-150.05698,13.967269,1305.24244,.
2042.0,771.84899,7.1111111,5.4444444,8.0,5.3983,12.2168,131.41534,9108.4658,89.349,173.879,64.3741,7.1111111,7.5014437,7.1111111,0.045,7.1111111,6.6666667,4.5555556,2.2441,727.06233,0.20325449312836857,0.3199999998200009,0.24499999824500068,0.360000000360001,1.0000000005557306,0.9999999997544371,0.5054436153768394,0.8902097945812056,0.9999999999776158,1.0000000000230045,0.9999999999378634,0.3199999998200009,0.3375649668375659,0.3199999998200009,0.006163539241199843,0.3199999998200009,0.30000000180000086,0.2050000022050006,1.000000000311929,1.000000000330095,13.967269,348.58319,4383.9577,2799.0693,-79.805599,-36.436115,-50.867588,-20.950903,-15.367063,-3.4967503,-16.985207,552.74205,5170.3354,2211.4081,-2765.3745,287.89458,6694.4517,6694.4517,-150.05698,13.967269,1328.40348,.
2043.0,771.84899,7.1111111,5.3333333,8.0,5.3983,12.2168,131.41534,9108.4658,89.349,173.879,64.3741,7.1111111,7.4444444,7.1111111,0.042,7.1111111,6.4444444,4.4444444,2.2441,727.06233,0.20325449312836852,0.3199999998200009,0.23999999874000066,0.360000000360001,1.0000000005557301,0.9999999997544367,0.5054436153768391,0.8902097945812034,0.9999999999776165,1.0000000000230045,0.9999999999378626,0.3199999998200009,0.33499999833500094,0.3199999998200009,0.005752636625119855,0.3199999998200009,0.28999999829000084,0.19999999820000056,1.0000000003119294,1.000000000330095,13.509182,337.42702,4213.2547,2722.2994,-77.188204,-35.241115,-49.846636,-20.263773,-14.863067,-3.3820669,-24.642212,534.96438,5016.6544,2139.2309,-2687.985,278.68276,6387.2209,6387.2209,-145.13554,13.509182,1350.81987,.
2044.0,771.84899,7.4444444,5.5555556,8.3333333,5.3983,12.2168,131.41534,9029.7595,89.349,173.879,64.3741,7.3333333,7.7777778,7.429309,0.027,7.4444444,6.6666667,4.5555556,2.2441,727.06233,0.2032544931283686,0.33499999833500094,0.2500000022500007,0.374999998875001,1.0000000005557306,0.9999999997544365,0.5054436153768394,0.8825174871505453,0.9999999999776156,1.0000000000230045,0.9999999999378634,0.3299999988300009,0.350000001350001,0.33431890533431985,0.003698123544719904,0.33499999833500094,0.30000000180000086,0.2050000022050006,1.0000000003119294,1.000000000330095,13.976163,337.42702,4185.229,2737.0885,-77.188204,-35.241115,-50.493995,-20.964244,-14.863067,-3.3820669,-16.428141,534.96438,5033.0858,2139.2309,-2687.985,278.68276,6298.3337,6298.3337,-129.00937,13.976163,1371.2989,.
2045.0,771.84899,7.3333333,5.4444444,8.3333333,5.3983,12.2168,131.41534,9029.7595,89.349,173.879,64.3741,7.3333333,7.7777778,7.3333333,0.033,7.3333333,6.4444444,4.4444444,2.2441,727.06233,0.20325449312836855,0.3299999988300009,0.24499999824500068,0.374999998875001,1.0000000005557308,0.9999999997544367,0.5054436153768394,0.8825174871505459,0.9999999999776161,1.0000000000230047,0.9999999999378636,0.3299999988300009,0.350000001350001,0.3299999988300009,0.0045199287768798845,0.3299999988300009,0.28999999829000084,0.19999999820000056,1.0000000003119291,1.000000000330095,13.438197,324.4389,3996.4033,2645.9815,-74.217102,-33.884626,-49.172838,-20.157296,-7.1454815,-3.2518856,-15.795795,514.37272,4856.1753,2056.8884,-2584.52,267.9558,5969.4568,5969.4568,-124.04359,13.438197,1390.91379,.
2046.0,771.84899,7.5555555,5.6666667,8.7777778,5.3983,12.2168,131.41534,9029.7595,89.349,173.879,64.3741,7.5555555,8.1111111,7.5555555,0.012,7.5555555,6.5555555,4.4967636,2.2441,727.06233,0.2032544931283686,0.33999999784000096,0.25500000175500076,0.39500000139500113,1.0000000005557308,0.9999999997544367,0.5054436153768395,0.882517487150545,0.9999999999776159,1.0000000000230047,0.999999999937863,0.33999999784000096,0.36499999986500103,0.33999999784000096,0.001643610464319958,0.33999999784000096,0.2949999977950008,0.20235436220235495,1.000000000311929,1.000000000330095,13.438197,324.4389,3967.8527,2668.7895,-74.217102,-33.884626,-49.795279,-20.157296,-14.290963,-3.2518856,-15.795795,514.37272,4873.8885,2056.8884,-2597.3146,267.9558,5881.8772,5881.8772,-124.04359,13.438197,1409.0712800000001,.
2047.0,771.84899,7.4444444,5.4444444,8.6666667,5.3983,12.2168,131.41534,9029.7595,89.349,173.879,64.3741,7.4444444,8.0,7.4444444,0.021,7.4444444,6.2222222,4.2222222,2.2441,727.06233,0.20325449312836852,0.33499999833500094,0.24499999824500068,0.3900000018900011,1.0000000005557304,0.9999999997544365,0.5054436153768392,0.8825174871505447,0.9999999999776159,1.0000000000230045,0.9999999999378634,0.33499999833500094,0.360000000360001,0.33499999833500094,0.002876318312559927,0.33499999833500094,0.2799999992800008,0.18999999919000055,1.0000000003119294,1.000000000330095,12.811815,309.31613,3754.7342,2566.2156,-70.757691,-32.305194,-48.067647,-19.217723,-13.624832,-3.1003085,-22.58928,490.39675,4663.046,1961.0126,-2488.4467,255.46583,5522.6363,5522.6363,-133.04437,12.811815,1426.52531,.
2048.0,771.84899,7.6666667,5.5555556,9.097869,5.3983,12.2168,131.41534,8768.5976,89.349,173.879,64.3741,7.6666667,8.3333333,7.6666667,0.003,7.6666667,6.3333333,4.3333333,2.2441,727.06233,0.20325449312836857,0.345000001845001,0.2500000022500007,0.40940410540940525,1.0000000005557304,0.9999999997544368,0.5054436153768396,0.8569930040535757,0.9999999999776158,1.0000000000230047,0.9999999999378634,0.345000001845001,0.374999998875001,0.345000001845001,0.0004109026160799894,0.345000001845001,0.28499999878500076,0.19499999869500054,1.0000000003119287,1.000000000330095,12.811815,309.31613,3725.6309,2588.1173,-70.757691,-32.305194,-48.661075,-19.217723,-13.624832,-3.1003085,-15.05952,490.39675,4678.6942,1961.0126,-2488.4467,255.46583,5435.7934,5435.7934,-118.26166,12.811815,1442.8668,.
2049.0,771.84899,7.5555555,5.4444444,9.0,5.3983,12.2168,131.41534,9029.7595,89.349,173.879,64.3741,7.5555555,8.2007283,7.5555555,0.009,7.5555555,6.1111111,4.1111111,2.2441,727.06233,0.20325449312836852,0.33999999784000096,0.24499999824500068,0.40500000040500117,1.0000000005557304,0.9999999997544361,0.5054436153768395,0.8825174871505431,0.9999999999776159,1.0000000000230043,0.999999999937863,0.33999999784000096,0.3690327738690338,0.33999999784000096,0.0012327078482399683,0.33999999784000096,0.2749999997750008,0.1849999996850005,1.0000000003119291,1.000000000330095,12.248617,295.71881,3533.2533,2495.3441,-67.647231,-30.88508,-47.089309,-18.372925,-13.025894,-2.9640211,-14.397514,468.83925,4487.0152,1874.8078,-2390.7184,244.23573,5112.7532,5112.7532,-113.06296,12.248617,1458.5542599999999,.
2050.0,771.84899,7.8888889,5.5555556,9.4444444,5.3983,12.2168,122.1155,8768.5976,89.349,173.879,64.3741,7.8888889,8.5555555,7.8888889,0.0,7.8888889,6.2222222,4.2222222,2.2441,727.06233,0.20325449312836855,0.35500000085500105,0.2500000022500007,0.4249999984250012,1.0000000005557308,0.9999999997544372,0.4696749999927743,0.8569930040535753,0.9999999999776151,1.0000000000230045,0.9999999999378634,0.35500000085500105,0.3849999978850011,0.35500000085500105,0.0,0.35500000085500105,0.2799999992800008,0.18999999919000055,1.0000000003119283,1.000000000330095,12.248617,295.71881,3503.6398,2516.9915,-67.647231,-30.88508,-47.94032,-18.372925,-13.025894,-2.9640211,-14.397514,468.83925,4500.6189,1877.6607,-2402.3804,244.23573,5026.8277,5026.8277,-113.06296,12.248617,1469.90292,.
2051.0,771.84899,7.6666667,5.3333333,9.3333333,5.3983,12.2168,122.1155,8887.1829,89.349,173.879,64.3741,7.6666667,8.3333333,7.7777778,0.0,7.6666667,5.8888889,4.0,2.2441,727.06233,0.20325449312836852,0.345000001845001,0.23999999874000066,0.41999999892000117,1.000000000555731,0.9999999997544369,0.4696749999927742,0.8685828587965496,0.9999999999776166,1.0000000000230045,0.999999999937863,0.345000001845001,0.374999998875001,0.350000001350001,0.0,0.345000001845001,0.2650000007650008,0.1800000001800005,1.0000000003119283,1.000000000330095,11.715888,282.85712,3322.0826,2429.2889,-64.705053,-29.541797,-46.39792,-17.573832,-12.459359,-3.5438838,-20.656985,448.44804,4317.5016,1800.7116,-2309.0486,233.6132,4724.3752,4724.3752,-121.66371,11.715888,1480.61029,.
2052.0,771.84899,8.0,5.5555556,9.7777778,5.3983,12.2168,122.1155,8768.5976,89.349,173.879,64.3741,8.0,8.7777778,8.1111111,0.0,8.0,6.0,4.1111111,2.2441,727.06233,0.20325449312836863,0.360000000360001,0.2500000022500007,0.4400000014400013,1.0000000005557306,0.9999999997544361,0.4696749999927742,0.856993004053574,0.9999999999776158,1.0000000000230045,0.9999999999378631,0.360000000360001,0.39500000139500113,0.36499999986500103,0.0,0.360000000360001,0.27000000027000076,0.1849999996850005,1.0000000003119285,1.000000000330095,11.715888,282.85712,3291.6668,2452.8696,-64.705053,-29.541797,-46.940585,-17.573832,-12.459359,-2.8351071,-13.771324,448.44804,4330.5438,1806.9273,-2309.0486,233.6132,4637.7275,4637.7275,-108.14552,11.715888,1490.1878900000002,.
2053.0,771.84899,7.7777778,5.3333333,9.7777778,5.3983,12.2168,122.1155,8768.5976,89.349,173.879,64.3741,7.7777778,8.5555555,7.8888889,0.0,7.7777778,5.6666667,3.8888889,2.2441,727.06233,0.20325449312836855,0.350000001350001,0.23999999874000066,0.4400000014400013,1.0000000005557304,0.9999999997544365,0.4696749999927742,0.8569930040535729,0.9999999999776155,1.0000000000230043,0.9999999999378638,0.350000001350001,0.3849999978850011,0.35500000085500105,0.0,0.350000001350001,0.25500000175500076,0.1750000006750005,1.000000000311929,1.000000000330095,11.178362,269.87961,3110.7724,2363.2879,-61.736379,-28.186416,-45.563599,-16.767543,-11.887723,-3.3812901,-19.709241,427.8732,4143.8557,1730.6326,-2213.7523,222.895,4340.7795,4340.7795,-116.08176,11.178362,1498.5343,.
2054.0,771.84899,8.1111111,5.4444444,10.222222,5.3983,12.2168,122.1155,8768.5976,89.349,173.879,64.3741,8.1111111,8.9544598,8.3333333,0.0,8.1111111,5.7777778,3.8888889,2.2441,727.06233,0.20325449312836857,0.36499999986500103,0.24499999824500068,0.4599999904600013,1.000000000555731,0.9999999997544362,0.4696749999927744,0.8569930040535756,0.9999999999776158,1.0000000000230047,0.9999999999378634,0.36499999986500103,0.40295069140295187,0.374999998875001,0.0,0.36499999986500103,0.2600000012600007,0.1750000006750005,1.0000000003119291,1.000000000330095,11.178362,269.87961,3080.0488,2387.765,-61.736379,-28.186416,-46.340251,-16.767543,-11.887723,-2.7050321,-13.139494,427.8732,4155.4031,1737.8105,-2213.7523,222.895,4255.1245,4255.1245,-103.18379,11.178362,1506.66994,.
2055.0,771.84899,7.8888889,5.2222222,10.111111,5.3983,12.2168,122.1155,8768.5976,89.349,173.879,64.3741,7.8888889,8.7777778,8.1111111,0.0,7.8888889,5.4444444,3.6666667,2.2441,727.06233,0.2032544931283686,0.35500000085500105,0.23499999923500067,0.45499999545500125,1.0000000005557308,0.9999999997544361,0.4696749999927742,0.8569930040535727,0.9999999999776161,1.0000000000230052,0.9999999999378631,0.35500000085500105,0.39500000139500113,0.36499999986500103,0.0,0.35500000085500105,0.24499999824500068,0.16500000166500048,1.0000000003119294,1.000000000330095,10.638135,256.83688,2901.1942,2296.9182,-58.752787,-26.824224,-44.83984,-15.957202,-11.313213,-3.2178793,-18.756734,407.19497,3965.0674,1660.9986,-2116.8948,212.12294,3966.7165,3966.7165,-110.47177,10.638135,1513.86059,.
2056.0,771.84899,8.2222222,5.4444444,10.666667,5.3983,12.2168,122.1155,8613.9941,89.349,173.879,64.3741,8.2222222,9.1111111,8.4444444,0.0,8.2222222,5.5555556,3.7777778,2.2441,727.06233,0.2032544931283686,0.369999999370001,0.24499999824500068,0.4800000154800014,1.0000000005557308,0.9999999997544371,0.46967499999277407,0.8418829346962822,0.9999999999776151,1.0000000000230045,0.9999999999378634,0.369999999370001,0.4099999999100012,0.3799999983800011,0.0,0.369999999370001,0.2500000022500007,0.17000000117000047,1.0000000003119294,1.000000000330095,10.638135,256.83688,2870.9097,2322.3544,-58.752787,-26.824224,-45.578959,-15.957202,-11.313213,-3.2178793,-18.756734,407.19497,3973.7022,1669.2589,-2127.0235,212.12294,3884.6526,3884.6526,-110.47177,10.638135,1520.24522,.
2057.0,771.84899,8.0,5.1111111,10.444444,5.3983,12.2168,122.1155,8768.5976,89.349,173.879,64.3741,8.0,8.8888889,8.3333333,0.0,8.0,5.2222222,3.4444444,2.2441,727.06233,0.20325449312836852,0.360000000360001,0.22999999973000063,0.46999998047000136,1.0000000005557301,0.9999999997544363,0.4696749999927744,0.8569930040535736,0.9999999999776159,1.0000000000230045,0.9999999999378626,0.360000000360001,0.4000000009000011,0.374999998875001,0.0,0.360000000360001,0.23499999923500067,0.15499999815500043,1.0000000003119291,1.000000000330095,10.078886,243.33492,2691.062,2225.1481,-55.664141,-25.41407,-43.883127,-15.118329,-10.718475,-3.0487147,-17.770689,385.78865,3771.146,1592.0844,-2015.2055,200.9716,3603.6081,3603.6081,-93.034886,10.078886,1526.74218,.
2058.0,771.84899,8.3333333,5.2222222,11.0,5.3983,12.2168,122.1155,8389.3764,89.349,173.879,64.3741,8.3333333,9.2222222,8.6666667,0.0,8.3333333,5.2222222,3.5457247,2.2441,727.06233,0.2032544931283686,0.374999998875001,0.23499999923500067,0.4950000004950014,1.0000000005557308,0.9999999997544368,0.4696749999927744,0.8199300744707635,0.9999999999776155,1.000000000023005,0.9999999999378636,0.374999998875001,0.41499999941500115,0.3900000018900011,0.0,0.374999998875001,0.23499999923500067,0.15955761165955806,1.0000000003119285,1.000000000330095,10.078886,243.33492,2661.9161,2251.6697,-55.664141,-25.41407,-44.583389,-15.118329,-10.718475,-3.0487147,-17.770689,385.78865,3775.6213,1603.7412,-2024.8017,200.9716,3527.6488,3527.6488,-93.034886,10.078886,1531.7478099999998,.
2059.0,771.84899,8.1111111,5.0,10.888889,5.3983,12.2168,122.1155,8768.5976,89.349,173.879,64.3741,8.1111111,9.0,8.5555555,0.0,8.1111111,5.0,3.2460622,2.2441,727.06233,0.20325449312836852,0.36499999986500103,0.22500000022500063,0.49000000549000144,1.0000000005557308,0.9999999997544371,0.4696749999927743,0.8569930040535751,0.9999999999776158,1.000000000023005,0.9999999999378631,0.36499999986500103,0.40500000040500117,0.3849999978850011,0.0,0.36499999986500103,0.22500000022500063,0.1460727991460732,1.0000000003119291,1.000000000330095,9.6214915,232.29203,2513.0556,2161.6342,-26.569011,-18.195557,-43.228614,-14.432237,-10.232056,-2.3282877,-11.309486,368.281,3606.4842,1543.0379,-1932.9133,191.85122,3295.9306,3295.9306,-88.812829,9.6214915,1537.24528,.
2060.0,771.84899,8.4444444,5.2222222,11.444444,5.3983,12.2168,114.00801,8389.3764,89.349,173.879,64.3741,8.4444444,9.3333333,9.0,0.0,8.4444444,5.0,3.3333333,2.2441,727.06233,0.20325449312836857,0.3799999983800011,0.23499999923500067,0.5149999805150015,1.0000000005557308,0.9999999997544367,0.4384923461471002,0.8199300744707647,0.9999999999776161,1.0000000000230045,0.999999999937863,0.3799999983800011,0.41999999892000117,0.40500000040500117,0.0,0.3799999983800011,0.22500000022500063,0.14999999865000044,1.0000000003119285,1.000000000330095,9.6214915,232.29203,2484.7056,2188.7904,-53.138022,-24.260743,-44.119926,-14.432237,-10.232056,-2.9103597,-11.309486,368.281,3606.9068,1556.7562,-1932.9133,191.85122,3225.0516,3225.0516,-88.812829,9.6214915,1540.80766,.
2061.0,771.84899,8.2222222,5.0,11.333333,5.3983,12.2168,114.00801,8704.491,89.349,173.879,64.3741,8.2222222,9.1111111,8.8888889,0.0,8.2222222,4.6666667,3.1111111,2.2441,727.06233,0.20325449312836855,0.369999999370001,0.22500000022500063,0.5099999855100014,1.0000000005557301,0.9999999997544365,0.4384923461471002,0.8507275885082567,0.9999999999776156,1.0000000000230045,0.9999999999378631,0.369999999370001,0.4099999999100012,0.4000000009000011,0.0,0.369999999370001,0.2100000017100006,0.1399999996400004,1.0000000003119294,1.000000000330095,9.1765485,221.54975,2342.5358,2111.0465,-50.68067,-23.138812,-42.929706,-13.764823,-9.7588772,-2.7757709,-16.179723,351.24996,3438.2026,1498.5597,-1852.2634,182.97911,3009.1652,3009.1652,-84.705706,9.1765485,1543.66712,.
2062.0,771.84899,8.5555555,5.1111111,12.0,5.3983,12.2168,114.00801,8389.3764,89.349,173.879,64.3741,8.5555555,9.4444444,9.4444444,0.0,8.5555555,4.7777778,3.1111111,2.2441,727.06233,0.20325449312836855,0.3849999978850011,0.22999999973000063,0.5400000005400015,1.0000000005557308,0.9999999997544368,0.4384923461471002,0.8199300744707644,0.9999999999776161,1.0000000000230045,0.9999999999378631,0.3849999978850011,0.4249999984250012,0.4249999984250012,0.0,0.3849999978850011,0.2150000012150006,0.1399999996400004,1.0000000003119291,1.000000000330095,9.1765485,221.54975,2315.0096,2158.4739,-50.68067,-23.138812,-43.779799,-13.764823,-9.7588772,-3.3309251,-16.179723,351.24996,3434.0754,1513.719,-1861.0005,182.97911,2943.2829,2943.2829,-84.705706,9.1765485,1545.69065,.
2063.0,771.84899,8.2222222,4.7777778,11.777778,5.3983,12.2168,114.00801,8542.3225,89.349,173.879,64.3741,8.2222222,9.1111111,9.2222222,0.0,8.2222222,4.4444444,2.8888889,2.2441,727.06233,0.20325449312836852,0.369999999370001,0.2150000012150006,0.5300000105300015,1.0000000005557304,0.9999999997544362,0.4384923461471002,0.8348781589509162,0.9999999999776159,1.0000000000230047,0.9999999999378631,0.369999999370001,0.4099999999100012,0.41499999941500115,0.0,0.369999999370001,0.19999999820000056,0.13000000063000036,1.0000000003119291,1.000000000330095,8.6497771,208.83189,2155.9606,2055.8128,-23.885696,-16.357912,-41.86763,-12.974666,-9.1986777,-2.6164303,-15.250941,331.08677,3230.1353,1442.1324,-1754.1714,172.47536,2713.2661,2713.2661,-79.843252,8.6497771,1546.3019,.
2064.0,771.84899,8.5555555,4.8888889,12.333333,5.3983,12.2168,114.00801,8389.3764,89.349,173.879,64.3741,8.5555555,9.4444444,9.6666667,0.0,8.5555555,4.4444444,2.8888889,2.2441,727.06233,0.20325449312836852,0.3849999978850011,0.22000000072000064,0.5549999855550015,1.0000000005557306,0.9999999997544372,0.4384923461471,0.8199300744707647,0.9999999999776151,1.0000000000230045,0.9999999999378636,0.3849999978850011,0.4249999984250012,0.43500000193500127,0.0,0.3849999978850011,0.19999999820000056,0.13000000063000036,1.0000000003119291,1.000000000330095,8.6497771,209.77479,2129.5611,2078.015,-47.771392,-21.810549,-42.869248,-12.974666,-9.1986777,-2.6164303,-15.250941,333.05397,3221.3337,1458.5116,-1762.407,173.24325,2652.9227,2652.9227,-79.843252,8.6497771,1546.77965,.
2065.0,771.84899,8.4444444,4.6666667,12.222222,5.3983,12.2168,114.00801,8389.3764,89.349,173.879,64.3741,8.4444444,9.1111111,9.5555555,0.0,8.4444444,4.2222222,2.6666667,2.2441,727.06233,0.20325449312836857,0.3799999983800011,0.2100000017100006,0.5499999905500016,1.0000000005557308,0.9999999997544368,0.43849234614710025,0.8199300744707639,0.9999999999776165,1.0000000000230045,0.9999999999378631,0.3799999983800011,0.4099999999100012,0.42999999793000127,0.0,0.3799999983800011,0.18999999919000055,0.12000000162000034,1.000000000311929,1.000000000330095,8.2389552,201.30163,2003.0046,1997.6976,-45.502486,-20.774655,-41.787216,-12.358433,-8.7617858,-2.9905953,-14.526596,320.20498,3057.9778,1405.5899,-1686.5457,166.23142,2470.1418,2470.1418,-76.05109,8.2389552,1546.13515,.
2066.0,771.84899,8.8888889,4.7777778,12.483103,5.3983,12.2168,114.00801,8389.3764,89.349,173.879,64.3741,9.0,9.4444444,10.111111,0.0,8.8888889,4.2222222,2.6666667,2.2441,727.06233,0.2032544931283686,0.4000000009000011,0.2150000012150006,0.5617396355617412,1.0000000005557306,0.9999999997544365,0.4384923461471002,0.8199300744707638,0.9999999999776158,1.0000000000230043,0.9999999999378636,0.40500000040500117,0.4249999984250012,0.45499999545500125,0.0,0.4000000009000011,0.18999999919000055,0.12000000162000034,1.0000000003119287,1.000000000330095,8.2389552,203.18197,1977.3029,1977.3029,-45.502486,-20.774655,-42.550453,-12.358433,-8.7617858,-2.4921628,-14.526596,323.75582,3045.5297,1423.1856,-1686.5457,167.77098,2414.0118,2414.0118,-76.05109,8.2389552,1544.5199499999999,.
2067.0,771.84899,9.0,4.6666667,12.222222,5.3983,12.2168,114.00801,8389.3764,89.349,173.879,64.3741,9.0,9.3333333,10.222222,0.0,9.0,4.0,2.5555556,2.2441,727.06233,0.20325449312836855,0.40500000040500117,0.2100000017100006,0.5499999905500016,1.0000000005557308,0.9999999997544368,0.4384923461471001,0.8199300744707633,0.9999999999776155,1.000000000023004,0.9999999999378634,0.40500000040500117,0.41999999892000117,0.4599999904600013,0.0,0.40500000040500117,0.1800000001800005,0.11500000211500032,1.0000000003119291,1.000000000330095,7.9607474,198.23648,1885.3585,1885.3585,-43.965987,-20.07315,-42.035467,-11.941121,-12.698885,-2.8896108,-14.036071,316.17438,2930.1204,1392.7466,-1637.175,163.68053,2278.4456,2278.4456,-73.483045,7.9607474,1542.82313,.
2068.0,771.84899,9.4444444,4.7777778,12.444444,5.3983,12.2168,106.87681,8324.9803,89.349,173.879,64.3741,9.4444444,9.6666667,10.71262,0.0,9.4444444,4.1111111,2.5555556,2.2441,727.06233,0.20325449312836852,0.4249999984250012,0.2150000012150006,0.5599999805600016,1.0000000005557308,0.9999999997544362,0.4110646538398299,0.8136363648371585,0.9999999999776159,1.0000000000230043,0.999999999937863,0.4249999984250012,0.43500000193500127,0.4820679004820692,0.0,0.4249999984250012,0.1849999996850005,0.11500000211500032,1.000000000311929,1.000000000330095,7.9607474,200.20705,1859.821,1859.821,-43.965987,-20.07315,-42.957297,-11.941121,-8.4659233,-2.8896108,-14.036071,319.33652,2917.1181,1410.6665,-1637.175,165.30707,2224.5123,2224.5123,-73.483045,7.9607474,1539.17207,.
2069.0,771.84899,9.4444444,4.6666667,12.111111,5.3983,12.2168,106.87681,8324.9803,89.349,173.879,64.3741,9.4444444,9.5555555,10.777778,0.0,9.4444444,3.8888889,2.4444444,2.2441,727.06233,0.20325449312836855,0.4249999984250012,0.2100000017100006,0.5449999955450016,1.0000000005557308,0.9999999997544361,0.41106465383982976,0.8136363648371555,0.9999999999776162,1.000000000023005,0.9999999999378634,0.4249999984250012,0.42999999793000127,0.48500001048500135,0.0,0.4249999984250012,0.1750000006750005,0.10999999811000032,1.000000000311929,1.000000000330095,7.6724294,194.83555,1767.4968,1767.4968,-42.373651,-14.509614,-42.289937,-11.508644,-8.1593092,-2.7849565,-13.527721,310.47336,2798.3487,1376.5087,-1577.8807,160.87879,2092.0813,2092.0813,-70.821676,7.6724294,1536.20931,.
2070.0,809.8443,9.8888889,4.7777778,12.333333,5.3983,12.2168,106.87681,8324.9803,89.349,173.879,64.3741,10.0,9.7777778,11.333333,0.0,9.8888889,3.8888889,2.4444444,2.2441,727.06233,0.2132599703335732,0.44500000094500125,0.2150000012150006,0.5549999855550015,1.0000000005557304,0.9999999997544369,0.4110646538398297,0.8136363648371588,0.9999999999776156,1.0000000000230043,0.9999999999378631,0.45000000045000127,0.4400000014400013,0.5099999855100014,0.0,0.44500000094500125,0.1750000006750005,0.10999999811000032,1.000000000311929,1.000000000330095,7.6724294,196.79649,1742.095,1742.095,-42.373651,-19.346152,-43.35607,-11.508644,-12.238964,-2.7849565,-13.527721,313.30136,2784.4077,1392.9635,-1585.1857,162.50494,2040.3688,2040.3688,-70.821676,7.6724294,1530.27127,.
2071.0,771.84899,10.0,4.6167427,12.111111,5.3983,12.2168,106.87681,8324.9803,89.349,173.879,64.3741,10.111111,9.6666667,11.444444,0.0,10.0,3.6666667,2.3333333,2.2441,727.06233,0.20325449312836857,0.45000000045000127,0.207753421707754,0.5449999955450016,1.0000000005557297,0.9999999997544363,0.41106465383982976,0.8136363648371575,0.9999999999776158,1.0000000000230045,0.999999999937863,0.45499999545500125,0.43500000193500127,0.5149999805150015,0.0,0.45000000045000127,0.16500000166500048,0.1049999986050003,1.0000000003119294,1.000000000330095,7.4116043,192.55819,1657.7398,1657.7398,-40.933154,-18.688477,-42.912065,-11.117406,-11.822899,-3.1386618,-13.067844,306.63296,2675.4074,1360.8505,-1531.2971,159.00343,1920.9715,1920.9715,-68.414086,7.4116043,1525.50764,.
2072.0,855.99377,10.555556,4.6666667,12.333333,5.3983,12.2168,100.55507,8257.0067,89.349,173.879,64.3741,10.555556,10.0,12.0,0.0,10.555556,3.7777778,2.3333333,2.2441,727.06233,0.22541271945227437,0.47500002047500134,0.2100000017100006,0.5549999855550015,1.0000000005557308,0.9999999997544367,0.3867502692248193,0.8069930106410046,0.9999999999776151,1.0000000000230045,0.999999999937864,0.47500002047500134,0.45000000045000127,0.5400000005400015,0.0,0.47500002047500134,0.17000000117000047,0.1049999986050003,1.0000000003119283,1.000000000330095,7.4116043,194.86889,1631.9601,1631.9601,-40.933154,-18.688477,-44.113603,-11.117406,-11.822899,-3.1386618,-13.067844,310.3938,2660.0452,1375.2947,-1538.3538,160.90939,1870.8503,1870.8503,-68.414086,7.4116043,1518.8198200000002,.
2073.0,771.84899,10.222222,4.3333333,11.555556,5.3983,12.2168,100.55507,8324.9803,89.349,173.879,64.3741,10.333333,9.4444444,11.666667,0.0,10.222222,3.3333333,2.0,2.2441,727.06233,0.20325449312836855,0.4599999904600013,0.19499999869500054,0.5200000205200015,1.000000000555731,0.9999999997544371,0.3867502692248193,0.8136363648371552,0.9999999999776159,1.0000000000230047,0.9999999999378636,0.46499998546500126,0.4249999984250012,0.5250000155250015,0.0,0.4599999904600013,0.14999999865000044,0.09000000009000025,1.0000000003119291,1.000000000330095,6.9432002,184.63475,1503.9291,1503.9291,-38.34623,-17.507389,-42.29048,-10.4148,-11.075706,-2.9403023,-12.241973,294.19805,2476.6586,1301.0453,-1441.1318,152.45634,1705.3241,1705.3241,-64.090401,6.9432002,1512.60761,.
2074.0,855.99377,10.777778,4.4444444,11.666667,5.3983,12.2168,100.55507,7311.921,89.349,173.879,64.3741,10.888889,9.7777778,12.222222,0.0,10.777778,3.3333333,2.0,2.2441,727.06233,0.2254127194522743,0.48500001048500135,0.19999999820000056,0.5250000155250015,1.0000000005557308,0.9999999997544365,0.38675026922481937,0.7146256937588772,0.9999999999776161,1.0000000000230047,0.999999999937863,0.49000000549000144,0.4400000014400013,0.5499999905500016,0.0,0.48500001048500135,0.14999999865000044,0.09000000009000025,1.0000000003119287,1.000000000330095,7.1861004,186.90905,1478.4088,1478.4088,-38.34623,-17.507389,-43.416082,-10.779151,-7.3838042,-2.9403023,-12.241973,298.07372,2460.2503,1312.7632,-1441.1318,154.32856,1657.9762,1657.9762,-64.090401,7.1861004,1505.2959700000001,.
2075.0,855.99377,10.666667,4.1111111,11.111111,5.3983,12.2168,100.55507,7350.5956,89.349,173.879,64.3741,10.666667,9.3333333,12.0,0.0,10.666667,3.1111111,1.7777778,2.2441,727.06233,0.22541271945227434,0.4800000154800014,0.1849999996850005,0.4999999955000014,1.0000000005557301,0.9999999997544368,0.3867502692248195,0.7184055298451586,0.9999999999776156,1.0000000000230045,0.9999999999378628,0.4800000154800014,0.41999999892000117,0.5400000005400015,0.0,0.4800000154800014,0.1399999996400004,0.08000000108000023,1.0000000003119291,1.000000000330095,6.9767965,179.65294,1378.9111,1378.9111,-18.202908,-12.466104,-42.287765,-10.465195,-7.0101655,-2.7915157,-11.622499,286.61713,2319.1416,1256.5705,-1374.4831,148.33437,1529.2032,1529.2032,-53.24136,6.9767965,1497.48255,.
2076.0,855.99377,11.222222,4.2222222,11.333333,5.3983,12.2168,94.911913,7240.9798,89.349,173.879,64.3741,11.333333,9.6666667,12.555556,0.0,11.222222,3.1111111,1.7777778,2.2441,727.06233,0.2254127194522743,0.5049999905050014,0.18999999919000055,0.5099999855100014,1.0000000005557308,0.9999999997544369,0.3650458192251533,0.7076923031675277,0.9999999999776154,1.000000000023004,0.9999999999378631,0.5099999855100014,0.43500000193500127,0.5650000205650015,0.0,0.5049999905050014,0.1399999996400004,0.08000000108000023,1.000000000311929,1.000000000330095,7.0808709,182.16632,1353.784,1353.784,-36.405816,-16.621472,-43.661736,-10.621306,-10.515248,-3.1903037,-15.496665,290.70598,2301.8082,1265.9305,-1380.7593,150.40781,1484.3953,1484.3953,-60.847268,7.0808709,1488.5585099999998,.
2077.0,855.99377,11.444444,4.1111111,11.111111,5.3983,12.2168,94.911913,7240.9798,89.349,173.879,64.3741,11.555556,9.5555555,12.777778,0.0,11.444444,2.8888889,1.6666667,2.2441,727.06233,0.22541271945227434,0.5149999805150015,0.1849999996850005,0.4999999955000014,1.0000000005557301,0.9999999997544365,0.3650458192251531,0.707692303167526,0.9999999999776158,1.000000000023005,0.999999999937863,0.5200000205200015,0.42999999793000127,0.5750000105750016,0.0,0.5149999805150015,0.13000000063000036,0.07500000157500021,1.0000000003119291,1.000000000330095,6.9114117,179.59046,1290.8951,1290.8951,-35.379041,-16.152686,-43.617181,-10.367118,-10.218681,-3.1003257,-15.059604,286.649,2219.0609,1246.7805,-1341.8169,148.2798,1399.4393,1399.4393,-59.131157,6.9114117,1478.49775,.
2078.0,855.99377,12.0,4.2222222,11.222222,5.3983,12.2168,94.911913,7240.9798,89.349,173.879,64.3741,12.111111,9.7777778,13.418793,0.0,12.0,2.8888889,1.6666667,2.2441,727.06233,0.22541271945227434,0.5400000005400015,0.18999999919000055,0.5049999905050014,1.0000000005557308,0.9999999997544372,0.36504581922515317,0.7076923031675272,0.9999999999776156,1.0000000000230045,0.9999999999378634,0.5449999955450016,0.4400000014400013,0.6038456856038474,0.0,0.5400000005400015,0.13000000063000036,0.07500000157500021,1.0000000003119291,1.000000000330095,6.9307445,182.25442,1265.9188,1265.9188,-17.689521,-12.114515,-44.804043,-10.396117,-6.8124537,-2.712785,-11.294703,290.90875,2200.2361,1262.9594,-1341.8169,150.47906,1356.8561,1356.8561,-51.739763,6.9307445,1467.87212,.
2079.0,855.99377,12.222222,4.0,10.888889,5.3983,12.2168,89.843237,7240.9798,89.349,173.879,64.3741,12.333333,9.6666667,13.555556,0.0,12.222222,2.7777778,1.5555556,2.2441,727.06233,0.22541271945227437,0.5499999905500016,0.1800000001800005,0.49000000549000144,1.0000000005557308,0.9999999997544368,0.34555091153314543,0.7076923031675272,0.9999999999776159,1.0000000000230047,0.9999999999378628,0.5549999855550015,0.43500000193500127,0.6100000206100017,0.0,0.5499999905500016,0.12500000112500034,0.07000000207000019,1.0000000003119291,1.000000000330095,6.7258698,179.43157,1203.971,1203.971,-34.333227,-15.675209,-44.919345,-10.088805,-9.9166135,-3.0086792,-14.614438,286.31835,2115.9838,1240.9622,-1308.0713,148.15037,1275.9004,1275.9004,-57.383224,6.7258698,1453.78939,.
2080.0,855.99377,12.888889,4.1111111,11.0,5.3983,12.2168,89.843237,7176.5838,89.349,173.879,64.3741,13.0,9.8888889,14.222222,0.0,12.888889,2.6768069,1.5555556,2.2441,727.06233,0.2254127194522744,0.5800000055800016,0.1849999996850005,0.4950000004950014,1.0000000005557304,0.9999999997544363,0.34555091153314543,0.7013986033073542,0.9999999999776158,1.0000000000230045,0.9999999999378638,0.5850000005850017,0.44500000094500125,0.6399999906400018,0.0,0.5800000055800016,0.12045631062045664,0.07000000207000019,1.000000000311929,1.000000000330095,6.7912988,182.14398,1179.0303,1179.0303,-17.166614,-11.756406,-46.071123,-10.186948,-6.6110757,-3.0086792,-10.960828,290.66736,2095.6117,1255.9024,-1302.1525,150.38947,1235.3555,1235.3555,-50.210321,6.7912988,1438.64469,.
2081.0,855.99377,13.0,3.8888889,10.555556,5.3983,12.2168,89.843237,6940.4649,89.349,173.879,64.3741,13.111111,9.6666667,14.309743,0.0,13.0,2.5555556,1.3333333,2.2441,727.06233,0.22541271945227434,0.5850000005850017,0.1750000006750005,0.47500002047500134,1.0000000005557308,0.9999999997544368,0.34555091153314543,0.6783216810153758,0.9999999999776158,1.0000000000230045,0.999999999937864,0.5899999955900016,0.43500000193500127,0.6439384356439403,0.0,0.5850000005850017,0.11500000211500032,0.05999999856000017,1.0000000003119291,1.000000000330095,6.7352261,177.47096,1108.1001,1108.1001,-16.48795,-11.291629,-45.770836,-10.102839,-9.5245708,-2.8897343,-10.527503,283.18622,1992.3802,1220.8506,-1256.3581,146.53163,1147.9513,1147.9513,-48.225309,6.7352261,1423.42186,.
2082.0,939.09786,13.666667,3.8888889,10.666667,5.3983,12.2168,85.265202,6886.8015,89.349,173.879,64.3741,13.777778,9.8888889,15.0,0.0,13.666667,2.4444444,1.3333333,2.2441,727.06233,0.2472968961613017,0.6150000156150017,0.1750000006750005,0.4800000154800014,1.0000000005557308,0.9999999997544367,0.32794308461033955,0.6730769246162774,0.9999999999776161,1.000000000023005,0.9999999999378631,0.6200000106200018,0.44500000094500125,0.6750000006750019,0.0,0.6150000156150017,0.10999999811000032,0.05999999856000017,1.0000000003119287,1.000000000330095,6.7861074,179.87339,1083.4403,1083.4403,-32.975899,-15.055506,-47.291921,-10.179161,-9.5245708,-3.2509511,-14.036671,286.91493,1971.3391,1236.3295,-1256.3581,148.51765,1109.769,1109.769,-55.114639,6.7861074,1405.41341,.
2083.0,939.09786,13.777778,3.7777778,10.333333,5.3983,12.2168,85.265202,6886.8015,89.349,173.879,64.3741,13.888889,9.737332,15.111111,0.0,13.777778,2.3333333,1.2222222,2.2441,727.06233,0.24729689616130168,0.6200000106200018,0.17000000117000047,0.46499998546500126,1.0000000005557308,0.9999999997544362,0.3279430846103393,0.6730769246162747,0.9999999999776165,1.000000000023005,0.9999999999378631,0.6250000056250018,0.4381799404381812,0.6799999956800019,0.0,0.6200000106200018,0.1049999986050003,0.05499999905500016,1.000000000311929,1.000000000330095,6.6245827,175.80581,1022.7484,1022.7484,-15.931279,-10.910398,-47.164969,-9.936874,-9.2029998,-3.1411916,-10.172071,280.19776,1884.2114,1211.2203,-1213.9406,145.16453,1035.9047,1035.9047,-46.597114,6.6245827,1389.31802,.
2084.0,939.09786,14.444444,3.7777778,10.444444,5.3983,12.2168,81.109521,6779.4747,89.349,173.879,64.3741,14.444444,10.0,15.888889,0.0,14.444444,2.2222222,1.2222222,2.2441,727.06233,0.24729689616130177,0.6499999806500019,0.17000000117000047,0.46999998047000136,1.0000000005557306,0.9999999997544369,0.31195969614904684,0.6625874118180782,0.9999999999776156,1.000000000023004,0.9999999999378634,0.6499999806500019,0.45000000045000127,0.7150000057150021,0.0,0.6499999806500019,0.09999999910000028,0.05499999905500016,1.000000000311929,1.000000000330095,6.7696598,177.48038,998.24083,998.24083,-15.931279,-10.910398,-48.76831,-10.15449,-9.2029998,-3.1411916,-10.172071,282.56543,1863.1124,1228.3057,-1213.9406,146.55425,999.80752,999.80752,-46.597114,6.7696598,1371.80324,.
2085.0,939.09786,14.666667,3.6666667,10.222222,5.3983,12.2168,81.109521,6779.4747,89.349,173.879,64.3741,14.666667,9.8888889,16.333333,0.0,14.666667,2.1111111,1.1111111,2.2441,727.06233,0.2472968961613017,0.6600000156600019,0.16500000166500048,0.4599999904600013,1.0000000005557308,0.9999999997544363,0.3119596961490467,0.6625874118180773,0.9999999999776161,1.0000000000230043,0.999999999937863,0.6600000156600019,0.44500000094500125,0.734999985735002,0.0,0.6600000156600019,0.09499999959500027,0.04999999955000014,1.0000000003119291,1.000000000330095,6.6916912,175.03191,952.52469,952.52469,-31.178927,-14.235079,-49.421641,-10.037537,-9.0055435,-3.4153282,-13.271764,278.32294,1802.1176,1220.3259,-1193.2699,144.54049,943.34207,943.34207,-45.597343,6.6916912,1355.18788,.
2086.0,939.09786,15.318054,3.6666667,10.222222,5.3983,12.2168,77.32002,6672.1479,89.349,173.879,64.3741,15.333333,10.111111,17.222222,0.0,15.222222,2.1111111,1.1111111,2.2441,727.06233,0.24729689616130177,0.6893124306893144,0.16500000166500048,0.4599999904600013,1.0000000005557308,0.9999999997544369,0.2973846923031172,0.6520978990198782,0.9999999999776154,1.0000000000230045,0.9999999999378638,0.689999985690002,0.45499999545500125,0.7749999907750021,0.0,0.684999990685002,0.09499999959500027,0.04999999955000014,1.0000000003119283,1.000000000330095,6.8190826,176.07037,927.81882,927.81882,-31.178927,-14.235079,-51.121327,-10.228624,-9.0055435,-3.4153282,-13.271764,279.66743,1779.6988,1239.2091,-1193.2699,145.40521,908.72421,908.72421,-45.597343,6.8190826,1336.26631,.
2087.0,939.09786,15.333333,3.5555556,9.8888889,5.3983,12.2168,73.850062,6672.1479,89.349,173.879,64.3741,15.333333,9.8888889,17.444444,0.0,15.333333,1.8888889,0.88888889,2.2441,727.06233,0.2472968961613017,0.689999985690002,0.16000000216000046,0.44500000094500125,1.0000000005557308,0.9999999997544369,0.28403869999563025,0.6520978990198781,0.9999999999776161,1.0000000000230043,0.9999999999378628,0.689999985690002,0.44500000094500125,0.7849999807850022,0.0,0.689999985690002,0.08500000058500023,0.04000000009000011,1.000000000311929,1.000000000330095,6.695772,171.20886,874.02277,874.02277,-15.094965,-10.337656,-51.272128,-10.043658,-8.7198875,-3.3069939,-9.6380875,271.71439,1699.6612,1218.4451,-1155.4193,141.39583,846.46862,846.46862,-44.150995,6.695772,1316.8369400000001,.
2088.0,1021.1613,15.888889,3.5555556,9.8888889,5.3983,12.2168,73.850062,6629.2172,89.349,173.879,64.3741,15.888889,10.111111,18.437484,0.0,15.888889,1.8888889,0.88888889,2.2441,727.06233,0.268907033788832,0.7150000057150021,0.16000000216000046,0.44500000094500125,1.0000000005557308,0.9999999997544363,0.28403869999563025,0.6479020958552847,0.9999999999776165,1.0000000000230045,0.9999999999378628,0.7150000057150021,0.45499999545500125,0.8296867808296892,0.0,0.7150000057150021,0.08500000058500023,0.04000000009000011,1.0000000003119285,1.000000000330095,6.788434,171.67677,849.19896,849.19896,-30.189931,-10.337656,-53.171096,-10.182651,-8.7198875,-3.3069939,-9.6380875,272.30814,1674.2563,1237.3389,-1155.4193,141.78575,813.0984,813.0984,-44.150995,6.788434,1296.81413,.
2089.0,1021.1613,16.0,3.3333333,9.5555555,5.3983,12.2168,70.660609,6579.1314,89.349,173.879,64.3741,16.0,9.8888889,18.777778,0.0,16.0,1.6666667,0.77777778,2.2441,727.06233,0.2689070337888321,0.720000000720002,0.14999999865000044,0.42999999793000127,1.0000000005557304,0.9999999997544365,0.2717715730727422,0.6430069937921653,0.9999999999776159,1.0000000000230043,0.9999999999378634,0.720000000720002,0.44500000094500125,0.8450000108450024,0.0,0.720000000720002,0.07500000157500021,0.0350000001350001,1.0000000003119296,1.000000000330095,6.6744888,167.37587,802.18369,802.18369,-14.693931,-10.063011,-53.730226,-10.011733,-8.4882223,-3.2191355,-9.382028,265.40367,1602.7982,1224.2417,-1124.7228,138.23563,759.30292,759.30292,-42.978015,6.6744888,1275.9289899999999,.
2090.0,1021.1613,16.555556,3.3333333,9.5555555,5.3983,12.2168,67.718731,6532.6231,89.349,173.879,64.3741,16.555556,10.075742,19.555556,0.0,16.555556,1.6666667,0.77777778,2.2441,727.06233,0.2689070337888321,0.7450000207450022,0.14999999865000044,0.42999999793000127,1.000000000555731,0.9999999997544369,0.2604566576883008,0.6384615362915944,0.9999999999776161,1.0000000000230047,0.9999999999378636,0.7450000207450022,0.4534083904534097,0.8800000208800025,0.0,0.7450000207450022,0.07500000157500021,0.0350000001350001,1.0000000003119294,1.000000000330095,6.811878,167.47992,777.37362,777.37362,-14.693931,-10.063011,-55.825212,-10.217817,-8.4882223,-3.541049,-12.509371,265.5357,1574.1595,1228.7869,-1124.7228,138.32234,727.23695,727.23695,-42.978015,6.811878,1254.73926,.
2091.0,1021.1613,16.888889,3.2222222,9.1111111,5.3983,12.2168,64.99646,6482.5373,89.349,173.879,64.3741,17.0,9.7777778,19.888889,0.0,16.888889,1.4444444,0.55555555,2.2441,727.06233,0.2689070337888321,0.7600000057600022,0.14499999914500042,0.4099999999100012,1.0000000005557306,0.9999999997544367,0.24998638461153871,0.633566434228472,0.9999999999776158,1.0000000000230052,0.9999999999378626,0.7650000007650022,0.4400000014400013,0.8950000058950025,0.0,0.7600000057600022,0.06499999806500019,0.02499999977500007,1.000000000311929,1.000000000330095,6.6832761,165.65777,729.86404,729.86404,-28.511481,-9.7629203,-56.31251,-10.024914,-10.980125,-3.7477645,-12.136327,264.21235,1497.7052,1211.9648,-1091.1822,136.78143,674.66951,674.66951,-41.69636,6.6832761,1233.12031,.
2092.0,1021.1613,17.777778,3.1111111,9.1111111,5.3983,12.2168,62.469887,6432.4515,89.349,173.879,64.3741,18.0,9.8888889,20.824974,0.0,17.777778,1.4444444,0.55555556,2.2441,727.06233,0.2689070337888321,0.8000000108000024,0.1399999996400004,0.4099999999100012,1.0000000005557301,0.9999999997544369,0.2402687961501497,0.6286713321653536,0.9999999999776155,1.0000000000230045,0.9999999999378631,0.8100000008100023,0.44500000094500125,0.9371238309371265,0.0,0.8000000108000024,0.06499999806500019,0.02500000022500007,1.0000000003119291,1.000000000330095,6.7312945,168.76999,705.17301,705.17301,-14.25574,-9.7629203,-58.58414,-10.096942,-8.2350936,-3.7477645,-12.136327,270.21739,1467.2705,1228.6193,-1091.1822,139.32593,643.74751,643.74751,-41.69636,6.7312945,1211.09109,.
2093.0,1021.1613,17.666667,2.7777778,8.3333333,5.3983,12.2168,62.469887,6482.5373,89.349,173.879,64.3741,17.888889,9.3333333,21.036628,0.0,17.666667,1.1111111,0.33333333,2.2441,727.06233,0.2689070337888321,0.7950000157950022,0.12500000112500034,0.374999998875001,1.0000000005557301,0.9999999997544365,0.24026879615014982,0.6335664342284729,0.9999999999776161,1.0000000000230045,0.999999999937863,0.8050000058050022,0.41999999892000117,0.946648260946651,0.0,0.7950000157950022,0.04999999955000014,0.014999999865000042,1.0000000003119291,1.000000000330095,6.3709786,162.65164,643.87252,643.87252,-26.985305,-9.2403261,-57.711413,-9.5564679,-10.392375,-3.5471524,-11.486688,260.91219,1358.058,1204.2428,-1032.7729,134.26349,580.3586,580.3586,-39.464418,6.3709786,1188.57123,.
2094.0,1021.1613,18.666667,2.7777778,8.3333333,5.3983,12.2168,60.118453,6432.4515,89.349,173.879,64.3741,18.888889,9.4444444,22.111111,0.0,18.666667,1.1111111,0.22222222,2.2441,727.06233,0.26890703378883213,0.8400000158400024,0.12500000112500034,0.374999998875001,1.0000000005557306,0.9999999997544362,0.23122481922721197,0.6286713321653539,0.9999999999776156,1.0000000000230045,0.999999999937863,0.8500000058500023,0.4249999984250012,0.9949999959950029,0.0,0.8400000158400024,0.04999999955000014,0.009999999910000027,1.0000000003119287,1.000000000330095,6.3709786,165.53733,620.16864,620.16864,-26.985305,-9.2403261,-59.974605,-9.5564679,-10.392375,-3.8427484,-11.486688,265.54683,1325.3775,1219.1858,-1032.7729,136.6461,551.76057,551.76057,-39.464418,6.3709786,1165.24254,.
2095.0,1021.1613,18.555556,2.5555556,7.7777778,5.3983,12.2168,58.936384,6432.4515,89.349,173.879,64.3741,18.777778,8.8888889,21.777778,0.0,18.555556,0.88888889,0.11111111,2.2441,727.06233,0.2689070337888321,0.8350000208350024,0.11500000211500032,0.350000001350001,1.0000000005557308,0.9999999997544372,0.22667839999651265,0.628671332165354,0.9999999999776156,1.0000000000230047,0.9999999999378636,0.8450000108450024,0.4000000009000011,0.9800000109800029,0.0,0.8350000208350024,0.04000000009000011,0.004999999955000014,1.0000000003119287,1.000000000330095,6.0622561,159.84203,572.10732,572.10732,-25.677661,-8.7925618,-59.031386,-9.0933842,-9.8887857,-3.656538,-10.93007,256.13874,1234.7817,1171.5565,-982.72718,131.95068,503.74591,503.74591,-37.552066,6.0622561,1141.77362,.
2096.0,1021.1613,19.555556,2.4444444,7.6666667,5.3983,12.2168,55.872216,6382.3656,89.349,173.879,64.3741,19.777778,8.8888889,22.222222,0.0,19.555556,0.77777778,0.0016052612,2.2441,727.06233,0.2689070337888321,0.8800000208800025,0.10999999811000032,0.345000001845001,1.000000000555731,0.9999999997544367,0.2148931384582325,0.6237762203288014,0.9999999999776166,1.0000000000230047,0.999999999937863,0.8900000108900026,0.4000000009000011,0.9999999910000028,0.0,0.8800000208800025,0.0350000001350001,7.223675407223696e-05,1.0000000003119287,1.000000000330095,6.0622561,163.05869,549.49113,549.49113,-15.501126,-8.7925618,-61.42259,-9.0933842,-7.9292307,-3.656538,-8.7641749,260.71633,1198.4416,1182.7849,-979.21841,134.6195,477.63483,477.63483,-33.299899,6.0622561,1117.37755,.
2097.0,1048.7332,20.777778,2.3333333,7.4444444,5.3983,12.2168,53.948473,6332.2798,89.349,173.879,64.3741,20.888889,8.7777778,22.222222,0.0,20.777778,0.66666667,0.0,2.2441,727.06233,0.27616766719211744,0.9350000109350027,0.1049999986050003,0.33499999833500094,1.0000000005557312,0.9999999997544363,0.20749412691988475,0.61888111826568,0.9999999999776161,1.000000000023005,0.999999999937863,0.9400000059400027,0.39500000139500113,0.9999999910000028,0.0,0.9350000109350027,0.030000000180000087,0.0,1.0000000003119287,1.000000000330095,6.0445766,166.66847,520.34182,520.34182,-12.801388,-8.7669198,-64.4173,-9.0668649,-9.8599467,-3.9263262,-8.1736458,266.13766,1145.8673,1145.8673,-971.03364,137.60799,445.61395,445.61395,-32.093616,6.0445766,1092.87847,.
2098.0,1102.184,21.888889,2.2222222,7.2222222,5.3983,12.2168,50.44032,6282.194,89.349,173.879,64.3741,22.0,8.6666667,22.222222,0.0,21.888889,0.55555555,0.0,2.2441,727.06233,0.29024310863475733,0.9850000059850027,0.09999999910000028,0.3249999993250009,1.0000000005557308,0.9999999997544369,0.19400123076624612,0.6139860162025621,0.9999999999776158,1.0000000000230043,0.9999999999378638,0.9900000009900028,0.3900000018900011,0.9999999910000028,0.0,0.9850000059850027,0.02499999977500007,0.0,1.000000000311929,1.000000000330095,6.0445766,169.68031,497.12759,497.12759,-25.602777,-8.7669198,-67.208716,-9.0668649,-9.8599467,-4.2067781,-10.898194,270.78247,1099.888,1099.888,-971.03364,140.09847,420.94595,420.94595,-37.442552,6.0445766,1067.92991,.
2099.0,1102.184,22.222222,2.4444444,7.5555555,5.3983,12.2168,45.887184,6128.3589,89.349,173.879,64.3741,22.222222,9.0,22.222222,0.0,22.222222,0.66666667,0.0,2.2441,727.06233,0.2902431086347574,0.9999999910000028,0.10999999811000032,0.33999999784000096,1.0000000005557308,0.9999999997544362,0.17648916922805402,0.5989510459037906,0.9999999999776159,1.0000000000230045,0.999999999937863,0.9999999910000028,0.40500000040500117,0.9999999910000028,0.0,0.9999999910000028,0.030000000180000087,0.0,1.0000000003119294,1.000000000330095,6.374561,182.1475,499.42114,499.42114,-27.000479,-9.2455219,-73.93479,-9.5618415,-10.398219,-4.4364337,-11.493147,290.75031,1108.5558,1108.5558,-1024.0441,150.3906,418.30476,418.30476,-39.486609,6.374561,1043.09189,.
2100.0,1182.166,22.222222,2.3333333,7.3333333,5.3983,12.2168,43.238663,6078.3323,89.349,173.879,64.3741,22.222222,8.7777778,22.222222,0.0,22.222222,0.55555555,0.0,2.2441,727.06233,0.31130513123245906,0.9999999910000028,0.1049999986050003,0.3299999988300009,1.0000000005557308,0.9999999997544362,0.16630254999744154,0.594061729712956,0.9999999999776161,1.0000000000230047,0.9999999999378634,0.9999999910000028,0.39500000139500113,0.9999999910000028,0.0,0.9999999910000028,0.02499999977500007,0.0,1.0000000003119285,1.000000000330095,6.374561,185.28505,474.21311,474.21311,-27.000479,-9.2455219,-77.218265,-9.5618415,-10.398219,-4.732196,-11.493147,295.93151,1052.0718,1052.0718,-1019.3894,152.97711,393.35625,393.35625,-39.486609,6.374561,1017.74357,.
2101.0,1339.008,22.222222,2.6666667,8.0,5.3983,12.2168,36.691737,5394.9593,89.349,173.879,64.3741,22.222222,9.5555555,22.222222,0.0,22.222222,0.77777778,0.0,2.2441,727.06233,0.3526070460166445,0.9999999910000028,0.12000000162000034,0.360000000360001,1.0000000005557308,0.9999999997544368,0.14112206538244432,0.5272727279962957,0.9999999999776158,1.0000000000230047,0.9999999999378634,0.9999999910000028,0.42999999793000127,0.9999999910000028,0.0,0.9999999910000028,0.0350000001350001,0.0,1.0000000003119285,1.000000000330095,8.0570334,206.80974,493.08766,493.08766,-14.839169,-10.162476,-88.61021,-12.08555,-11.429496,-5.2015267,-12.633016,330.48727,1089.1134,1089.1134,-1115.3742,170.74423,405.5843,405.5843,-37.202417,8.0570334,992.032516,.
2102.0,1339.008,22.222222,2.5555556,7.7777778,5.3983,12.2168,34.8755,5304.8168,89.349,173.879,64.3741,22.222222,9.0,22.222222,0.0,22.222222,0.66666667,0.0,2.2441,727.06233,0.35260704601664444,0.9999999910000028,0.11500000211500032,0.350000001350001,1.0000000005557304,0.9999999997544362,0.13413653845947485,0.5184627112305695,0.9999999999776162,1.0000000000230045,0.9999999999378628,0.9999999910000028,0.40500000040500117,0.9999999910000028,0.0,0.9999999910000028,0.030000000180000087,0.0,1.0000000003119285,1.000000000330095,8.0570334,210.18608,465.00997,465.00997,-14.839169,-10.162476,-92.468239,-12.08555,-11.429496,-5.5266221,-12.633016,335.87486,1013.2929,1013.2929,-1110.2578,173.53206,380.39794,380.39794,-37.202417,8.0570334,965.535172,.
2103.0,1415.8679,22.222222,2.6666667,8.1111111,5.3983,12.2168,30.232454,5001.4278,89.349,173.879,64.3741,22.222222,9.2222222,22.222222,0.0,22.222222,0.66666667,0.0,2.2441,727.06233,0.372846911869675,0.9999999910000028,0.12000000162000034,0.36499999986500103,1.0000000005557306,0.9999999997544369,0.1162786692289804,0.4888111908429985,0.9999999999776155,1.0000000000230047,0.9999999999378634,0.9999999910000028,0.41499999941500115,0.9999999910000028,0.0,0.9999999910000028,0.030000000180000087,0.0,1.000000000311929,1.000000000330095,8.6242931,229.1585,467.65575,467.65575,-15.883928,-10.877971,-103.3746,-12.93644,-12.234195,-5.9157268,-13.52245,366.33601,998.84731,998.84731,-1182.9495,189.19262,381.23524,381.23524,-39.821672,8.6242931,938.446549,.
2104.0,1491.6872,22.222222,2.5555556,7.7777778,5.3983,12.2168,28.274388,4928.3502,89.349,173.879,64.3741,22.222222,8.4444444,22.111111,0.0,22.222222,0.55555555,0.0,2.2441,727.06233,0.392812751807935,0.9999999910000028,0.11500000211500032,0.350000001350001,1.0000000005557315,0.9999999997544368,0.10874764615217312,0.4816690006308467,0.9999999999776161,1.000000000023005,0.9999999999378634,0.9999999910000028,0.3799999983800011,0.9949999959950029,0.0,0.9999999910000028,0.02499999977500007,0.0,1.0000000003119291,1.000000000330095,8.6242931,225.40444,437.47936,437.47936,-15.883928,-10.877971,-107.9039,-12.93644,-12.234195,-6.2637107,-13.52245,356.41003,908.22774,908.22774,-1177.4729,186.18334,356.30846,356.30846,-39.821672,8.6242931,910.239044,.
2105.0,1566.4657,22.222222,2.6666667,8.1111111,5.3983,12.2168,24.406848,4522.0348,89.349,173.879,64.3741,22.222222,8.4444444,22.0,0.0,22.222222,0.66666667,0.0,2.2441,727.06233,0.4125045131645182,0.9999999910000028,0.12000000162000034,0.36499999986500103,1.0000000005557308,0.9999999997544365,0.09387249230624813,0.4419580375870825,0.9999999999776159,1.000000000023005,0.999999999937863,0.9999999910000028,0.3799999983800011,0.9900000009900028,0.0,0.9999999910000028,0.030000000180000087,0.0,1.0000000003119287,1.000000000330095,9.4193524,248.57545,440.21883,440.21883,-17.176258,-11.763011,-121.86896,-14.129029,-13.22958,-7.1496277,-14.622648,394.51947,879.44935,879.44935,-1267.3508,205.29221,359.25349,359.25349,-43.061597,9.4193524,880.948106,.
2106.0,1640.2036,22.222222,2.4444444,7.5555555,5.3983,12.2168,22.544906,4347.7819,89.349,173.879,64.3741,22.222222,7.5555555,19.888889,0.0,22.222222,0.55555555,0.0,2.2441,727.06233,0.4319222486063308,0.9999999910000028,0.10999999811000032,0.33999999784000096,1.0000000005557301,0.9999999997544365,0.08671117692174289,0.424927547302519,0.9999999999776159,1.0000000000230045,0.9999999999378631,0.9999999910000028,0.33999999784000096,0.8950000058950025,0.0,0.9999999910000028,0.02499999977500007,0.0,1.0000000003119294,1.000000000330095,9.5852037,251.20835,407.10895,407.10895,-17.176258,-11.763011,-127.19893,-14.377806,-13.22958,-7.1496277,-14.622648,399.0477,780.58602,780.58602,-1255.5064,207.45593,332.99273,332.99273,-43.061597,9.5852037,848.803918,.
2107.0,1784.5573,22.222222,2.4444444,7.6666667,5.3983,12.2168,19.386933,4003.2888,89.349,173.879,64.3741,22.222222,7.2222222,19.222222,0.0,22.222222,0.55555555,0.0,2.2441,727.06233,0.4699355627452851,0.9999999910000028,0.10999999811000032,0.345000001845001,1.0000000005557306,0.9999999997544367,0.07456512692192978,0.39125874527598725,0.9999999999776159,1.0000000000230045,0.9999999999378631,0.9999999910000028,0.3249999993250009,0.8649999908650023,0.0,0.9999999910000028,0.02499999977500007,0.0,1.0000000003119294,1.000000000330095,10.533326,286.8346,398.77985,398.77985,-18.326561,-12.550786,-141.55812,-15.799989,-14.115572,-8.0299388,-15.601934,464.30523,732.78784,732.78784,-1333.2695,236.67593,326.95365,326.95365,-45.945454,10.533326,815.276919,.
2108.0,1831.6194,22.222222,2.2222222,7.1111111,5.3983,12.2168,17.71449,3942.4703,89.349,173.879,64.3741,22.222222,6.2222222,17.0,0.0,22.222222,0.44444444,0.0,2.2441,727.06233,0.4823286388586017,0.9999999910000028,0.09999999910000028,0.3199999998200009,1.0000000005557304,0.9999999997544363,0.06813265384510565,0.38531468997836044,0.9999999999776155,1.0000000000230045,0.9999999999378631,0.9999999910000028,0.2799999992800008,0.7650000007650022,0.0,0.9999999910000028,0.019999999820000055,0.0,1.0000000003119287,1.000000000330095,10.604917,287.59453,363.04011,363.04011,-18.326561,-12.550786,-147.70614,-15.907376,-14.115572,-8.4314358,-15.601934,462.95029,638.32229,638.32229,-1320.6319,237.35998,298.3334,298.3334,-45.945454,10.604917,780.34093,.
2109.0,1993.2826,22.222222,2.1111111,6.8888889,5.3983,12.2168,14.886322,3713.5065,89.349,173.879,64.3741,22.222222,5.6666667,15.777778,0.0,22.222222,0.33333333,0.0,2.2441,727.06233,0.5249001420920387,0.9999999910000028,0.09499999959500027,0.3100000008100009,1.0000000005557306,0.9999999997544369,0.057255084614503765,0.3629370665849094,0.9999999999776154,1.0000000000230045,0.9999999999378631,0.9999999910000028,0.25500000175500076,0.710000010710002,0.0,0.9999999910000028,0.014999999865000042,0.0,1.0000000003119285,1.000000000330095,11.519977,305.67884,346.55478,346.55478,-38.844975,-13.301322,-163.21752,-17.279966,-18.699602,-9.3611412,-16.534929,490.14178,582.31069,582.31069,-1386.2122,252.33217,285.42659,285.42659,-48.692988,11.519977,743.33812,.
2110.0,2020.5775,22.222222,1.7777778,6.2222222,5.3983,12.2168,13.447445,3377.2159,89.349,173.879,64.3741,22.222222,4.6666667,13.555556,0.0,22.222222,0.22222222,0.0,2.2441,727.06233,0.5320878318297547,0.9999999910000028,0.08000000108000023,0.2799999992800008,1.0000000005557308,0.9999999997544367,0.05172094230689661,0.3300699303932592,0.9999999999776165,1.0000000000230043,0.9999999999378631,0.9999999910000028,0.2100000017100006,0.6100000206100017,0.0,0.9999999910000028,0.009999999910000027,0.0,1.000000000311929,1.000000000330095,11.760179,305.46176,309.87298,309.87298,-19.422487,-8.8675481,-169.89608,-17.640268,-14.959681,-9.3611412,-12.401196,484.99427,494.86849,494.86849,-1366.1222,252.26955,255.84248,255.84248,-40.57749,11.760179,705.81014,.
2111.0,2192.6418,22.222222,1.5555556,5.7777778,5.3983,12.2168,11.184755,3130.3643,89.349,173.879,64.3741,22.222222,4.0,12.111111,0.0,22.222222,0.11111111,0.0,2.2441,727.06233,0.5773983038716857,0.9999999910000028,0.07000000207000019,0.2600000012600007,1.0000000005557304,0.9999999997544367,0.043018288460876644,0.3059440548667738,0.9999999999776159,1.0000000000230047,0.999999999937863,0.9999999910000028,0.1800000001800005,0.5449999955450016,0.0,0.9999999910000028,0.004999999955000014,0.0,1.0000000003119291,1.000000000330095,12.57666,287.85129,287.85129,287.85129,-20.481525,-9.351063,-186.37438,-18.864991,-15.775378,-9.87157,-13.077388,436.21906,436.21906,436.21906,-1419.4263,238.1981,238.1981,238.1981,-42.790032,12.57666,666.64738,.
2112.0,2248.7255,22.222222,1.1111111,4.8888889,5.3983,12.2168,9.9442661,3023.0375,89.349,155.41504,64.3741,22.222222,3.0,9.7777778,0.0,22.222222,0.0,0.0,2.2441,727.06233,0.5921670788055797,0.9999999910000028,0.04999999955000014,0.22000000072000064,1.0000000005557308,0.9999999997544365,0.03824717730710389,0.295454542068575,0.9999999999776158,0.893811443610644,0.9999999999378636,0.9999999910000028,0.13500000013500038,0.4400000014400013,0.0,0.9999999910000028,0.0,0.0,1.000000000311929,1.000000000330095,12.747861,249.12094,249.12094,249.12094,-20.481525,-9.351063,-193.76065,-19.121791,-15.775378,-10.320278,-13.077388,357.41781,357.41781,357.41781,-1398.2409,206.63058,206.63058,206.63058,-42.790032,12.747861,626.8737699999999,.
2113.0,2563.2614,22.222222,1.2222222,5.0,5.3983,12.2168,6.2664778,2454.2056,89.349,155.41504,64.3741,22.222222,2.7777778,9.3372823,0.0,22.222222,0.0,0.0,2.2441,727.06233,0.6749952430623928,0.9999999910000028,0.05499999905500016,0.22500000022500063,1.0000000005557308,0.9999999997544361,0.024101837691936898,0.23986013792092623,0.9999999999776161,0.8938114436106449,0.999999999937863,0.9999999910000028,0.12500000112500034,0.4201777039201789,0.0,0.9999999910000028,0.0,0.0,1.000000000311929,1.000000000330095,15.453846,244.34631,244.34631,244.34631,-24.137418,-16.530301,-237.05105,-23.180769,-23.239047,-12.691218,-20.548886,335.13467,335.13467,335.13467,-1631.1782,203.03276,203.03276,203.03276,-60.513515,15.453846,585.4612500000001,.
2114.0,2192.6418,22.222222,0.55555556,3.6666667,5.3983,12.2168,5.2382316,3083.856,89.349,155.41504,64.3741,22.222222,1.7777778,6.8888889,0.0,22.222222,0.0,0.0,2.2441,727.06233,0.5773983038716857,0.9999999910000028,0.02500000022500007,0.16500000166500048,1.0000000005557308,0.9999999997544362,0.020147044615074664,0.30139859736620056,0.9999999999776159,0.8938114436106448,0.9999999999378636,0.9999999910000028,0.08000000108000023,0.3100000008100009,0.0,0.9999999910000028,0.0,0.0,1.0000000003119287,1.000000000330095,11.766017,195.87133,195.87133,195.87133,-24.137418,-11.020201,-245.35088,-17.649025,-18.591237,-12.691218,-15.411664,257.64249,257.64249,257.64249,-1589.5665,163.00324,163.00324,163.00324,-50.427929,11.766017,543.51589,.
2115.0,2734.5219,22.222222,0.0,2.2222222,5.3983,12.2168,4.3007364,2393.3871,89.349,155.41504,64.3741,22.222222,0.66666667,4.5555556,0.0,22.222222,0.0,0.0,2.2441,727.06233,0.7200940468069064,0.9999999910000028,0.0,0.09999999910000028,1.0000000005557306,0.9999999997544369,0.016541293845899363,0.2339160826233004,0.9999999999776156,0.8938114436106445,0.9999999999378634,0.9999999910000028,0.030000000180000087,0.2050000022050006,0.0,0.9999999910000028,0.0,0.0,1.000000000311929,1.000000000330095,15.982206,145.82495,145.82495,145.82495,-24.140313,-11.021523,-253.47867,-23.973308,-23.241835,-13.221605,-20.551351,185.92976,185.92976,185.92976,-1556.4638,121.49867,121.49867,121.49867,-50.433979,15.982206,499.94862,.
2116.0,2734.2285,21.333333,0.0,0.77777778,5.3983,12.2168,3.4392806,2396.9647,89.349,136.79143,64.3741,16.555556,0.0,2.3333333,0.0,21.444444,0.0,0.0,2.2441,727.06233,0.7200167844550002,0.9599999859600027,0.0,0.0350000001350001,1.00000000055573,0.9999999997544362,0.0132280023074888,0.2342657369592799,0.9999999999776161,0.7867047199670278,0.9999999999378631,0.7450000207450022,0.0,0.1049999986050003,0.0,0.9649999809650027,0.0,0.0,1.0000000003119291,1.000000000330095,15.265895,97.158713,97.158713,97.158713,-24.140313,-11.021523,-260.96966,-22.898842,-23.241835,-13.750469,-20.551351,123.28852,123.28852,123.28852,-1514.8471,80.965594,80.965594,80.965594,-50.433979,15.265895,456.48383,.
2117.0,3029.3567,14.111111,0.0,0.0,5.3983,12.2168,4.3007364,2282.4828,89.349,155.41504,64.3741,10.777778,0.0,0.88888889,0.0,14.222222,0.0,0.0,2.2441,727.06233,0.797734231100733,0.6349999956350018,0.0,0.0,1.0000000005557308,0.9999999997544367,0.016541293845899366,0.22307692526255418,0.9999999999776158,0.8938114436106446,0.9999999999378634,0.48500001048500135,0.0,0.04000000009000011,0.0,0.6399999906400018,0.0,0.0,1.0000000003119285,1.000000000330095,17.689888,65.745085,65.745085,65.745085,-21.875617,-9.9875509,-239.93356,-26.534831,-18.508861,-12.170068,-15.801998,83.426529,83.426529,83.426529,-1345.3098,54.787571,54.787571,54.787571,-40.163589,17.689888,411.95384,.
2118.0,2896.4162,7.0,0.0,0.0,5.3983,12.2168,3.5316285,2328.5345,89.349,155.41504,64.3741,5.1111111,0.0,0.0,0.0,7.0,0.0,0.0,2.2441,727.06233,0.7627264066508599,0.3150000003150009,0.0,0.0,1.0000000005557312,0.9999999997544362,0.013583186538252568,0.227577757268435,0.9999999999776162,0.8938114436106448,0.9999999999378634,0.22999999973000063,0.0,0.0,0.0,0.3150000003150009,0.0,0.0,1.0000000003119291,1.000000000330095,16.168926,36.190484,36.190484,36.190484,-21.875617,-9.9875509,-244.73157,-24.253388,-16.849142,-11.981235,-13.967512,45.923531,45.923531,45.923531,-1295.4842,30.158737,30.158737,30.158737,-36.562057,16.168926,365.96790999999996,.
2119.0,3048.9443,2.7991759,0.0,0.0,5.3983,12.2168,0.13531553,2278.9052,89.349,136.79143,64.3741,1.8888889,0.0,0.0,0.0,2.8888889,0.0,0.0,2.2441,727.06233,0.8028923225942531,0.12596291562596326,0.0,0.0,1.0000000005557308,0.9999999997544365,0.0005204443461458394,0.22272727092657454,0.9999999999776162,0.7867047199670281,0.999999999937863,0.08500000058500023,0.0,0.0,0.0,0.13000000063000036,0.0,0.0,1.000000000311929,1.000000000330095,16.813471,19.655345,19.655345,19.655345,-26.830408,-12.249715,-303.55821,-25.220207,-20.665446,-15.237609,-17.13113,25.329696,25.329696,25.329696,-1500.0471,16.369939,16.369939,16.369939,-45.273909,16.813471,322.61465,.
2120.0,2999.1423,0.0,0.0,0.0,5.3983,12.2168,0.0,2289.2164,89.349,136.79143,64.3741,0.0,0.0,0.0,0.0,0.0,0.0,0.0,2.2441,727.06233,0.7897777361946791,0.0,0.0,0.0,1.0000000005557301,0.9999999997544365,0.0,0.2237350291413427,0.9999999999776161,0.786704719967028,0.999999999937863,0.0,0.0,0.0,0.0,0.0,0.0,0.0,1.0000000003119294,1.000000000330095,16.042908,7.326303,7.326303,7.326303,-21.670437,-11.071794,-302.56239,-24.064363,-20.863885,-14.751487,-17.899569,9.3344894,9.3344894,9.3344894,-1413.2287,6.1043085,6.1043085,6.1043085,-43.117865,16.042908,277.21117000000004,.
2121.0,3797.4511,10.666667,0.0,0.0,2.4055032,6.4044543,0.0,2039.2088,27.129274,23.014224,26.910967,8.0,0.0,0.22222222,0.0,10.777778,0.0,0.0,0.38540023,727.06233,1.0000000110258167,0.4800000154800014,0.0,0.0,0.4456038384930092,0.524233375223242,0.0,0.19930070407205,0.30363265396806605,0.13235769702223635,0.4180402832556547,0.360000000360001,0.0,0.009999999910000027,0.0,0.48500001048500135,0.0,0.0,0.17173932985170784,1.000000000330095,25.798876,46.143912,46.143912,46.143912,-217.2435,-105.05679,-2962.4766,-38.698314,-199.25194,-142.90298,-168.5221,58.553828,58.553828,58.553828,-13091.416,38.45326,38.45326,38.45326,-410.87419,25.798876,230.83789000000002,.
2122.0,2382.6347,5.4444444,0.0,0.0,2.4055032,7.4177642,0.0,2761.745,29.4985,23.710265,29.460274,3.8888889,0.0,0.0,0.0,5.4444444,0.0,0.0,0.38540023,727.06233,0.6274299954173193,0.24499999824500068,0.0,0.0,0.4456038384930092,0.6071773458007388,0.0,0.2699172948682162,0.3301491902465577,0.1363607163633645,0.45764172234127437,0.1750000006750005,0.0,0.0,0.0,0.24499999824500068,0.0,0.0,0.17173932985170784,1.000000000330095,10.585386,26.858132,26.858132,26.858132,-191.5212,-93.312987,-2810.3498,-15.878079,-177.23231,-133.07193,-149.65836,34.081341,34.081341,34.081341,-11755.117,22.381776,22.381776,22.381776,-363.09236,10.585386,187.53508999999997,.
2123.0,2843.4921,1.2222222,0.0,0.0,0.0,0.0,0.0,2361.1891,0.0,0.0,0.0,0.55555555,0.0,0.0,0.0,1.2783969,0.0,0.0,0.0,727.06233,0.7487896635066144,0.05499999905500016,0.0,0.0,0.0,0.0,0.0,0.2307692326932139,0.0,0.0,0.0,0.02499999977500007,0.0,0.0,0.0,0.057527860557528024,0.0,0.0,0.0,1.000000000330095,13.256896,12.164486,12.164486,12.164486,-10526.368,-5205.6242,-163645.49,-19.885344,-10130.71,-7606.944,-8211.8219,15.435996,15.435996,15.435996,-639273.1,10.137072,10.137072,10.137072,-19788.501,13.256896,141.54813000000001,.
2124.0,2789.5274,0.0,0.0,0.0,0.0,0.0,0.0,2366.2272,0.0,0.0,0.0,0.0,0.0,0.0,0.0,0.0,0.0,0.0,0.0,727.06233,0.7345788944475988,0.0,0.0,0.0,0.0,0.0,0.0,0.2312616280169225,0.0,0.0,0.0,0.0,0.0,0.0,0.0,0.0,0.0,0.0,0.0,1.000000000330095,12.757255,2.8097367,2.8097367,2.8097367,-7020.5411,-3605.92,-130692.92,-19.135883,-7433.3765,-5995.4681,-5976.1852,3.5653856,3.5653856,3.5653856,-484659.42,2.3414473,2.3414473,2.3414473,-14665.295,12.757255,99.35850000000005,.
2125.0,2843.4921,1.2222222,0.0,0.0,0.0,0.0,0.0,2361.1891,0.0,0.0,0.0,0.55555555,0.0,0.0,0.0,1.2783969,0.0,0.0,0.0,727.06233,0.7487896635066147,0.05499999905500016,0.0,0.0,0.0,0.0,0.0,0.23076923269321364,0.0,0.0,0.0,0.02499999977500007,0.0,0.0,0.0,0.057527860557528024,0.0,0.0,0.0,1.000000000330095,12.495896,11.466195,11.466195,11.466195,-8017.8142,-3921.4487,-119421.2,-18.743844,-7495.7338,-5643.3513,-6335.4038,14.549907,14.549907,14.549907,-492357.89,9.5551627,9.5551627,9.5551627,-15310.653,12.495896,55.86771999999996,.
2126.0,2789.5274,0.0,0.0,0.0,0.0,0.0,0.0,2366.2272,0.0,0.0,0.0,0.0,0.0,0.0,0.0,0.0,0.0,0.0,0.0,727.06233,0.7345788944475987,0.0,0.0,0.0,0.0,0.0,0.0,0.23126162801692224,0.0,0.0,0.0,0.0,0.0,0.0,0.0,0.0,0.0,0.0,0.0,1.000000000330095,12.024937,2.6484464,2.6484464,2.6484464,-6871.4397,-3398.9255,-106857.72,-18.037405,-6615.5404,-4967.1087,-5362.9304,3.3607179,3.3607179,3.3607179,-417443.04,2.2070386,2.2070386,2.2070386,-12921.662,12.024937,15.638079999999945,.
2127.0,2677.1188,1.2222222,0.0,0.0,0.0,0.0,0.0,3377.2159,0.0,0.0,0.0,0.44444444,0.0,0.0,0.0,1.2222222,0.0,0.0,0.0,727.06233,0.7049778282905136,0.05499999905500016,0.0,0.0,0.0,0.0,0.0,0.3300699303932587,0.0,0.0,0.0,0.019999999820000055,0.0,0.0,0.0,0.05499999905500016,0.0,0.0,0.0,1.000000000330095,10.672652,10.69888,10.69888,10.69888,-11222.59,-5763.6276,-208960.98,-10.672652,-11882.254,-9585.4778,-9551.8528,13.576231,13.576231,13.576231,-774706.6,8.9157335,8.9157335,8.9157335,-23441.806,10.672652,-18.778549999999996,.
2128.0,2621.3889,0.0,0.0,0.0,0.0,0.0,0.0,3379.147,0.0,0.0,0.0,0.0,0.0,0.0,0.0,0.0,0.0,0.0,0.0,727.06233,0.6903022211143032,0.0,0.0,0.0,0.0,0.0,0.0,0.3302586651562862,0.0,0.0,0.0,0.0,0.0,0.0,0.0,0.0,0.0,0.0,0.0,1.000000000330095,10.353163,2.8427406,2.8427406,2.8427406,-8417.628,-3203.8133,-119588.13,-10.353163,-7024.8077,-5409.7636,-5972.7472,3.6072655,3.6072655,3.6072655,-423870.98,2.3689505,2.3689505,2.3689505,-12900.427,10.353163,-52.00554999999997,.
2129.0,2677.1188,1.2222222,0.0,0.0,0.0,0.0,0.0,3377.2159,0.0,0.0,0.0,0.44444444,0.0,0.0,0.0,1.2222222,0.0,0.0,0.0,727.06233,0.7049778282905136,0.05499999905500016,0.0,0.0,0.0,0.0,0.0,0.3300699303932593,0.0,0.0,0.0,0.019999999820000055,0.0,0.0,0.0,0.05499999905500016,0.0,0.0,0.0,1.000000000330095,10.059998,10.084721,10.084721,10.084721,-10578.367,-5432.7718,-196965.76,-10.059998,-11200.164,-9035.2321,-9003.5374,12.796899,12.796899,12.796899,-730235.27,8.4039339,8.4039339,8.4039339,-22096.15,10.059998,-85.61392999999998,.
2130.0,2621.3889,0.0,0.0,0.0,0.0,0.0,0.0,3379.147,0.0,0.0,0.0,0.0,0.0,0.0,0.0,0.0,0.0,0.0,0.0,727.06233,0.6903022211143033,0.0,0.0,0.0,0.0,0.0,0.0,0.33025866515628693,0.0,0.0,0.0,0.0,0.0,0.0,0.0,0.0,0.0,0.0,0.0,1.000000000330095,9.7588495,2.6795557,2.6795557,2.6795557,-7934.4217,-3019.9013,-112723.28,-9.7588495,-6621.555,-5099.221,-5629.8871,3.4001937,3.4001937,3.4001937,-399539.06,2.232963,2.232963,2.232963,-12159.89,9.7588495,-111.21795999999995,.
2131.0,2677.1188,1.2222222,0.0,0.0,0.0,0.0,0.0,3377.2159,0.0,0.0,0.0,0.44444444,0.0,0.0,0.0,1.2222222,0.0,0.0,0.0,727.06233,0.7049778282905137,0.05499999905500016,0.0,0.0,0.0,0.0,0.0,0.3300699303932587,0.0,0.0,0.0,0.019999999820000055,0.0,0.0,0.0,0.05499999905500016,0.0,0.0,0.0,1.000000000330095,9.4825133,9.5058165,9.5058165,9.5058165,-9971.1255,-5120.9085,-185659.12,-9.4825133,-10557.228,-8516.5728,-8486.6975,12.062305,12.062305,12.062305,-688316.78,7.9215137,7.9215137,7.9215137,-20827.741,9.4825133,-139.2327600000001,.
2132.0,2621.3889,0.0,0.0,0.0,0.0,0.0,0.0,3379.147,0.0,0.0,0.0,0.0,0.0,0.0,0.0,0.0,0.0,0.0,0.0,727.06233,0.6903022211143032,0.0,0.0,0.0,0.0,0.0,0.0,0.3302586651562871,0.0,0.0,0.0,0.0,0.0,0.0,0.0,0.0,0.0,0.0,0.0,1.000000000330095,9.1986516,2.5257382,2.5257382,2.5257382,-7478.9534,-2846.5466,-106252.51,-9.1986516,-6241.4506,-4806.5049,-5306.7085,3.2050087,3.2050087,3.2050087,-376603.88,2.1047818,2.1047818,2.1047818,-11461.862,9.1986516,-158.33976000000007,.
2133.0,2677.1188,1.2222222,0.0,0.0,0.0,0.0,0.0,3377.2159,0.0,0.0,0.0,0.44444444,0.0,0.0,0.0,1.2222222,0.0,0.0,0.0,727.06233,0.7049778282905135,0.05499999905500016,0.0,0.0,0.0,0.0,0.0,0.3300699303932589,0.0,0.0,0.0,0.019999999820000055,0.0,0.0,0.0,0.05499999905500016,0.0,0.0,0.0,1.000000000330095,8.9381782,8.9601437,8.9601437,8.9601437,-9398.7421,-4826.9474,-175001.53,-8.9381782,-9951.2003,-8027.6867,-7999.5263,11.369879,11.369879,11.369879,-648804.58,7.4667864,7.4667864,7.4667864,-19632.143,8.9381782,-178.7879600000001,.
2134.0,2621.3889,0.0,0.0,0.0,0.0,0.0,0.0,3379.147,0.0,0.0,0.0,0.0,0.0,0.0,0.0,0.0,0.0,0.0,0.0,727.06233,0.6903022211143032,0.0,0.0,0.0,0.0,0.0,0.0,0.33025866515628705,0.0,0.0,0.0,0.0,0.0,0.0,0.0,0.0,0.0,0.0,0.0,1.000000000330095,8.6706114,2.3807505,2.3807505,2.3807505,-7049.6309,-2683.1432,-100153.18,-8.6706114,-5883.1658,-4530.5918,-5002.0818,3.0210281,3.0210281,3.0210281,-354985.28,1.9839587,1.9839587,1.9839587,-10803.905,8.6706114,-194.32176000000004,.
2135.0,2677.1188,1.2222222,0.0,0.0,0.0,0.0,0.0,3377.2159,0.0,0.0,0.0,0.44444444,0.0,0.0,0.0,1.2222222,0.0,0.0,0.0,727.06233,0.7049778282905137,0.05499999905500016,0.0,0.0,0.0,0.0,0.0,0.33006993039325944,0.0,0.0,0.0,0.019999999820000055,0.0,0.0,0.0,0.05499999905500016,0.0,0.0,0.0,1.000000000330095,8.4250902,8.4457948,8.4457948,8.4457948,-8859.2159,-4549.8609,-164955.72,-8.4250902,-9379.9607,-7566.8647,-7540.3208,10.717202,10.717202,10.717202,-611560.55,7.0381624,7.0381624,7.0381624,-18505.178,8.4250902,-207.35966000000008,.
2136.0,2621.3889,0.0,0.0,0.0,0.0,0.0,0.0,3379.147,0.0,0.0,0.0,0.0,0.0,0.0,0.0,0.0,0.0,0.0,0.0,727.06233,0.6903022211143032,0.0,0.0,0.0,0.0,0.0,0.0,0.3302586651562866,0.0,0.0,0.0,0.0,0.0,0.0,0.0,0.0,0.0,0.0,0.0,1.000000000330095,8.1728828,2.2440857,2.2440857,2.2440857,-6644.9532,-2529.1198,-94403.976,-8.1728828,-5545.4481,-4270.5173,-4714.9418,2.8476087,2.8476087,2.8476087,-334607.67,1.8700714,1.8700714,1.8700714,-10183.716,8.1728828,-220.67676000000006,.
2137.0,2677.1188,1.2222222,0.0,0.0,0.0,0.0,0.0,3377.2159,0.0,0.0,0.0,0.44444444,0.0,0.0,0.0,1.2222222,0.0,0.0,0.0,727.06233,0.7049778282905136,0.05499999905500016,0.0,0.0,0.0,0.0,0.0,0.33006993039325927,0.0,0.0,0.0,0.019999999820000055,0.0,0.0,0.0,0.05499999905500016,0.0,0.0,0.0,1.000000000330095,7.9414556,7.9609717,7.9609717,7.9609717,-8350.6606,-4288.6803,-155486.59,-7.9414556,-8841.5125,-7132.4957,-7107.4755,10.101991,10.101991,10.101991,-576454.47,6.634143,6.634143,6.634143,-17442.905,7.9414556,-232.50685999999996,.
2138.0,2621.3889,0.0,0.0,0.0,0.0,0.0,0.0,3379.147,0.0,0.0,0.0,0.0,0.0,0.0,0.0,0.0,0.0,0.0,0.0,727.06233,0.6903022211143032,0.0,0.0,0.0,0.0,0.0,0.0,0.33025866515628677,0.0,0.0,0.0,0.0,0.0,0.0,0.0,0.0,0.0,0.0,0.0,1.000000000330095,7.7037259,2.115266,2.115266,2.115266,-6263.5057,-2383.9379,-88984.802,-7.7037259,-5227.1167,-4025.3722,-4444.2849,2.6841443,2.6841443,2.6841443,-315399.82,1.7627216,1.7627216,1.7627216,-9599.1293,7.7037259,-243.58755999999994,.
2139.0,2677.1188,1.2222222,0.0,0.0,0.0,0.0,0.0,3377.2159,0.0,0.0,0.0,0.44444444,0.0,0.0,0.0,1.2222222,0.0,0.0,0.0,727.06233,0.7049778282905138,0.05499999905500016,0.0,0.0,0.0,0.0,0.0,0.33006993039325905,0.0,0.0,0.0,0.019999999820000055,0.0,0.0,0.0,0.05499999905500016,0.0,0.0,0.0,1.000000000330095,7.4855835,7.5039793,7.5039793,7.5039793,-7871.2986,-4042.4925,-146561.02,-7.4855835,-8333.9736,-6723.0612,-6699.4774,9.522095,9.522095,9.522095,-543363.62,6.2533161,6.2533161,6.2533161,-16441.611,7.4855835,-253.42216000000008,.
2140.0,2621.3889,0.0,0.0,0.0,0.0,0.0,0.0,3379.147,0.0,0.0,0.0,0.0,0.0,0.0,0.0,0.0,0.0,0.0,0.0,727.06233,0.6903022211143031,0.0,0.0,0.0,0.0,0.0,0.0,0.33025866515628727,0.0,0.0,0.0,0.0,0.0,0.0,0.0,0.0,0.0,0.0,0.0,1.000000000330095,7.2615005,1.9938411,1.9938411,1.9938411,-5903.9549,-2247.0902,-83876.71,-7.2615005,-4927.0588,-3794.2993,-4189.1647,2.5300635,2.5300635,2.5300635,-297294.58,1.6615342,1.6615342,1.6615342,-9048.1,7.2615005,-261.3095599999999,.
2141.0,2677.1188,1.2222222,0.0,0.0,0.0,0.0,0.0,3377.2159,0.0,0.0,0.0,0.44444444,0.0,0.0,0.0,1.2222222,0.0,0.0,0.0,727.06233,0.7049778282905136,0.05499999905500016,0.0,0.0,0.0,0.0,0.0,0.33006993039325927,0.0,0.0,0.0,0.019999999820000055,0.0,0.0,0.0,0.05499999905500016,0.0,0.0,0.0,1.000000000330095,7.0558804,7.0732202,7.0732202,7.0732202,-7419.4538,-3810.4369,-138147.82,-7.0558804,-7855.5694,-6337.13,-6314.9,8.9754878,8.9754878,8.9754878,-512172.33,5.8943502,5.8943502,5.8943502,-15497.795,7.0558804,-268.75736000000006,.
2142.0,2621.3889,0.0,0.0,0.0,0.0,0.0,0.0,3379.147,0.0,0.0,0.0,0.0,0.0,0.0,0.0,0.0,0.0,0.0,0.0,727.06233,0.6903022211143032,0.0,0.0,0.0,0.0,0.0,0.0,0.3302586651562864,0.0,0.0,0.0,0.0,0.0,0.0,0.0,0.0,0.0,0.0,0.0,1.000000000330095,6.8446607,1.8793864,1.8793864,1.8793864,-5565.0437,-2118.098,-79061.844,-6.8446607,-4644.2254,-3576.491,-3948.6895,2.3848275,2.3848275,2.3848275,-280228.65,1.5661554,1.5661554,1.5661554,-8528.702,6.8446607,-275.16346,.
2143.0,2677.1188,1.2222222,0.0,0.0,0.0,0.0,0.0,3377.2159,0.0,0.0,0.0,0.44444444,0.0,0.0,0.0,1.2222222,0.0,0.0,0.0,727.06233,0.7049778282905136,0.05499999905500016,0.0,0.0,0.0,0.0,0.0,0.3300699303932595,0.0,0.0,0.0,0.019999999820000055,0.0,0.0,0.0,0.05499999905500016,0.0,0.0,0.0,1.000000000330095,6.650844,6.6671884,6.6671884,6.6671884,-6993.5468,-3591.7022,-130217.57,-6.650844,-7404.6276,-5973.3528,-5952.3989,8.460258,8.460258,8.460258,-482771.54,5.5559904,5.5559904,5.5559904,-14608.158,6.650844,-281.3729599999999,.
2144.0,2621.3889,0.0,0.0,0.0,0.0,0.0,0.0,3379.147,0.0,0.0,0.0,0.0,0.0,0.0,0.0,0.0,0.0,0.0,0.0,727.06233,0.6903022211143031,0.0,0.0,0.0,0.0,0.0,0.0,0.3302586651562877,0.0,0.0,0.0,0.0,0.0,0.0,0.0,0.0,0.0,0.0,0.0,1.000000000330095,6.4517492,1.771502,1.771502,1.771502,-5245.5874,-1996.5105,-74523.37,-6.4517492,-4377.6279,-3371.1858,-3722.0186,2.2479286,2.2479286,2.2479286,-264142.38,1.4762516,1.4762516,1.4762516,-8039.1196,6.4517492,-286.68246,.
2145.0,2677.1188,1.2222222,0.0,0.0,0.0,0.0,0.0,3377.2159,0.0,0.0,0.0,0.44444444,0.0,0.0,0.0,1.2222222,0.0,0.0,0.0,727.06233,0.7049778282905136,0.05499999905500016,0.0,0.0,0.0,0.0,0.0,0.33006993039325905,0.0,0.0,0.0,0.019999999820000055,0.0,0.0,0.0,0.05499999905500016,0.0,0.0,0.0,1.000000000330095,6.2690584,6.2844645,6.2844645,6.2844645,-6592.0886,-3385.5238,-122742.55,-6.2690584,-6979.5716,-5630.4579,-5610.7068,7.9746046,7.9746046,7.9746046,-455058.48,5.2370538,5.2370538,5.2370538,-13769.59,6.2690584,-291.7461599999999,.
2146.0,2621.3889,0.0,0.0,0.0,0.0,0.0,0.0,3379.147,0.0,0.0,0.0,0.0,0.0,0.0,0.0,0.0,0.0,0.0,0.0,727.06233,0.6903022211143032,0.0,0.0,0.0,0.0,0.0,0.0,0.3302586651562872,0.0,0.0,0.0,0.0,0.0,0.0,0.0,0.0,0.0,0.0,0.0,1.000000000330095,6.0813924,1.6698105,1.6698105,1.6698105,-4944.4693,-1881.9026,-70245.424,-6.0813924,-4126.3342,-3177.666,-3508.3595,2.1188883,2.1188883,2.1188883,-248979.53,1.3915087,1.3915087,1.3915087,-7577.6413,6.0813924,-295.7245600000001,.
2147.0,2677.1188,1.2222222,0.0,0.0,0.0,0.0,0.0,3377.2159,0.0,0.0,0.0,0.44444444,0.0,0.0,0.0,1.2222222,0.0,0.0,0.0,727.06233,0.7049778282905135,0.05499999905500016,0.0,0.0,0.0,0.0,0.0,0.3300699303932589,0.0,0.0,0.0,0.019999999820000055,0.0,0.0,0.0,0.05499999905500016,0.0,0.0,0.0,1.000000000330095,5.9091888,5.9237106,5.9237106,5.9237106,-6213.6758,-3191.1809,-115696.63,-5.9091888,-6578.9157,-5307.2466,-5288.6293,7.5168297,7.5168297,7.5168297,-428936.26,4.9364255,4.9364255,4.9364255,-12979.16,5.9091888,-300.4065599999999,.
2148.0,2621.3889,0.0,0.0,0.0,0.0,0.0,0.0,3379.147,0.0,0.0,0.0,0.0,0.0,0.0,0.0,0.0,0.0,0.0,0.0,727.06233,0.6903022211143031,0.0,0.0,0.0,0.0,0.0,0.0,0.33025866515628705,0.0,0.0,0.0,0.0,0.0,0.0,0.0,0.0,0.0,0.0,0.0,1.000000000330095,5.7322956,1.5739565,1.5739565,1.5739565,-4660.6365,-1773.8737,-66213.049,-5.7322956,-3889.4657,-2995.2549,-3306.9653,1.9972555,1.9972555,1.9972555,-234687.09,1.3116305,1.3116305,1.3116305,-7142.6537,5.7322956,-304.22255999999993,.
2149.0,2677.1188,1.2222222,0.0,0.0,0.0,0.0,0.0,3377.2159,0.0,0.0,0.0,0.44444444,0.0,0.0,0.0,1.2222222,0.0,0.0,0.0,727.06233,0.7049778282905136,0.05499999905500016,0.0,0.0,0.0,0.0,0.0,0.3300699303932595,0.0,0.0,0.0,0.019999999820000055,0.0,0.0,0.0,0.05499999905500016,0.0,0.0,0.0,1.000000000330095,5.5699772,5.5836653,5.5836653,5.5836653,-5856.9854,-3007.994,-109055.17,-5.5699772,-6201.259,-5002.589,-4985.0403,7.0853329,7.0853329,7.0853329,-404313.57,4.6530545,4.6530545,4.6530545,-12234.103,5.5699772,-307.93066,.
2150.0,2621.3889,0.0,0.0,0.0,0.0,0.0,0.0,3379.147,0.0,0.0,0.0,0.0,0.0,0.0,0.0,0.0,0.0,0.0,0.0,727.06233,0.6903022211143031,0.0,0.0,0.0,0.0,0.0,0.0,0.3302586651562868,0.0,0.0,0.0,0.0,0.0,0.0,0.0,0.0,0.0,0.0,0.0,1.000000000330095,5.4032384,1.483605,1.483605,1.483605,-4393.0969,-1672.0461,-62412.15,-5.4032384,-3666.1945,-2823.3151,-3117.132,1.8826048,1.8826048,1.8826048,-221215.09,1.2363375,1.2363375,1.2363375,-6732.6361,5.4032384,-311.07826,.
2151.0,2677.1188,1.2222222,0.0,0.0,0.0,0.0,0.0,3377.2159,0.0,0.0,0.0,0.44444444,0.0,0.0,0.0,1.2222222,0.0,0.0,0.0,727.06233,0.7049778282905136,0.05499999905500016,0.0,0.0,0.0,0.0,0.0,0.3300699303932587,0.0,0.0,0.0,0.019999999820000055,0.0,0.0,0.0,0.05499999905500016,0.0,0.0,0.0,1.000000000330095,5.2502377,5.2631401,5.2631401,5.2631401,-5520.7704,-2835.3229,-102794.95,-5.2502377,-5845.2814,-4715.4199,-4698.8786,6.6786058,6.6786058,6.6786058,-381104.31,4.3859501,4.3859501,4.3859501,-11531.815,5.2502377,-313.94876,.
2152.0,2621.3889,0.0,0.0,0.0,0.0,0.0,0.0,3379.147,0.0,0.0,0.0,0.0,0.0,0.0,0.0,0.0,0.0,0.0,0.0,727.06233,0.6903022211143031,0.0,0.0,0.0,0.0,0.0,0.0,0.330258665156287,0.0,0.0,0.0,0.0,0.0,0.0,0.0,0.0,0.0,0.0,0.0,1.000000000330095,5.0930704,1.39844,1.39844,1.39844,-4140.9152,-1576.0638,-58829.437,-5.0930704,-3455.7399,-2661.2452,-2938.1959,1.7745356,1.7745356,1.7745356,-208516.44,1.1653667,1.1653667,1.1653667,-6346.1553,5.0930704,-316.7418600000001,.
2153.0,2677.1188,1.2222222,0.0,0.0,0.0,0.0,0.0,3377.2159,0.0,0.0,0.0,0.44444444,0.0,0.0,0.0,1.2222222,0.0,0.0,0.0,727.06233,0.7049778282905136,0.05499999905500016,0.0,0.0,0.0,0.0,0.0,0.3300699303932587,0.0,0.0,0.0,0.019999999820000055,0.0,0.0,0.0,0.05499999905500016,0.0,0.0,0.0,1.000000000330095,4.9488526,4.9610143,4.9610143,4.9610143,-5203.8556,-2672.5637,-96894.103,-4.9488526,-5509.7383,-4444.7355,-4429.1438,6.2952265,6.2952265,6.2952265,-359227.37,4.1341786,4.1341786,4.1341786,-10869.842,4.9488526,-319.3894600000001,.
2154.0,2621.3889,0.0,0.0,0.0,0.0,0.0,0.0,3379.147,0.0,0.0,0.0,0.0,0.0,0.0,0.0,0.0,0.0,0.0,0.0,727.06233,0.6903022211143031,0.0,0.0,0.0,0.0,0.0,0.0,0.33025866515628755,0.0,0.0,0.0,0.0,0.0,0.0,0.0,0.0,0.0,0.0,0.0,1.000000000330095,4.8007073,1.3181638,1.3181638,1.3181638,-3903.2097,-1485.5913,-55452.386,-4.8007073,-3257.3663,-2508.4789,-2769.5314,1.67267,1.67267,1.67267,-196546.74,1.0984699,1.0984699,1.0984699,-5981.86,4.8007073,-321.3276599999999,.
2155.0,2677.1188,1.2222222,0.0,0.0,0.0,0.0,0.0,3377.2159,0.0,0.0,0.0,0.44444444,0.0,0.0,0.0,1.2222222,0.0,0.0,0.0,727.06233,0.7049778282905136,0.05499999905500016,0.0,0.0,0.0,0.0,0.0,0.33006993039325916,0.0,0.0,0.0,0.019999999820000055,0.0,0.0,0.0,0.05499999905500016,0.0,0.0,0.0,1.000000000330095,4.6647682,4.6762318,4.6762318,4.6762318,-4905.133,-2519.1477,-91331.985,-4.6647682,-5193.4568,-4189.5895,-4174.8928,5.9338548,5.9338548,5.9338548,-338606.25,3.8968599,3.8968599,3.8968599,-10245.868,4.6647682,-323.11366,.
2156.0,2621.3889,0.0,0.0,0.0,0.0,0.0,0.0,3379.147,0.0,0.0,0.0,0.0,0.0,0.0,0.0,0.0,0.0,0.0,0.0,727.06233,0.6903022211143031,0.0,0.0,0.0,0.0,0.0,0.0,0.3302586651562866,0.0,0.0,0.0,0.0,0.0,0.0,0.0,0.0,0.0,0.0,0.0,1.000000000330095,4.5251271,1.2424958,1.2424958,1.2424958,-3679.1495,-1400.3123,-52269.193,-4.5251271,-3070.3801,-2364.4819,-2610.549,1.5766519,1.5766519,1.5766519,-185264.15,1.0354132,1.0354132,1.0354132,-5638.4768,4.5251271,-324.29906000000005,.
2157.0,2677.1188,1.2222222,0.0,0.0,0.0,0.0,0.0,3377.2159,0.0,0.0,0.0,0.44444444,0.0,0.0,0.0,1.2222222,0.0,0.0,0.0,727.06233,0.7049778282905136,0.05499999905500016,0.0,0.0,0.0,0.0,0.0,0.3300699303932591,0.0,0.0,0.0,0.019999999820000055,0.0,0.0,0.0,0.05499999905500016,0.0,0.0,0.0,1.000000000330095,4.3969914,4.407797,4.407797,4.407797,-4623.5583,-2374.5383,-86089.156,-4.3969914,-4895.3311,-3949.0899,-3935.2369,5.5932272,5.5932272,5.5932272,-319168.86,3.6731642,3.6731642,3.6731642,-9657.7136,4.3969914,-327.16526,.
2158.0,2621.3889,0.0,0.0,0.0,0.0,0.0,0.0,3379.147,0.0,0.0,0.0,0.0,0.0,0.0,0.0,0.0,0.0,0.0,0.0,727.06233,0.6903022211143032,0.0,0.0,0.0,0.0,0.0,0.0,0.3302586651562865,0.0,0.0,0.0,0.0,0.0,0.0,0.0,0.0,0.0,0.0,0.0,1.000000000330095,4.2653663,1.1711715,1.1711715,1.1711715,-3467.9513,-1319.9286,-49268.727,-4.2653663,-2894.1278,-2228.751,-2460.6928,1.4861456,1.4861456,1.4861456,-174629.23,0.97597624,0.97597624,0.97597624,-5314.8051,4.2653663,-329.59436000000005,.
2159.0,2677.1188,1.2222222,0.0,0.0,0.0,0.0,0.0,3377.2159,0.0,0.0,0.0,0.44444444,0.0,0.0,0.0,1.2222222,0.0,0.0,0.0,727.06233,0.7049778282905138,0.05499999905500016,0.0,0.0,0.0,0.0,0.0,0.33006993039325916,0.0,0.0,0.0,0.019999999820000055,0.0,0.0,0.0,0.05499999905500016,0.0,0.0,0.0,1.000000000330095,4.1445861,4.1547714,4.1547714,4.1547714,-4358.1472,-2238.2301,-81147.286,-4.1445861,-4614.3191,-3722.396,-3709.3382,5.2721531,5.2721531,5.2721531,-300847.26,3.4623095,3.4623095,3.4623095,-9103.3213,4.1445861,-331.90076,.
2160.0,2621.3889,0.0,0.0,0.0,0.0,0.0,0.0,3379.147,0.0,0.0,0.0,0.0,0.0,0.0,0.0,0.0,0.0,0.0,0.0,727.06233,0.6903022211143031,0.0,0.0,0.0,0.0,0.0,0.0,0.3302586651562873,0.0,0.0,0.0,0.0,0.0,0.0,0.0,0.0,0.0,0.0,0.0,1.000000000330095,4.0205168,1.1039415,1.1039415,1.1039415,-3268.8767,-1244.1593,-46440.501,-4.0205168,-2727.993,-2100.8116,-2319.4389,1.4008348,1.4008348,1.4008348,-164604.8,0.91995121,0.91995121,0.91995121,-5009.7136,4.0205168,-333.8268599999999,.
2161.0,2677.1188,1.2222222,0.0,0.0,0.0,0.0,0.0,3377.2159,0.0,0.0,0.0,0.44444444,0.0,0.0,0.0,1.2222222,0.0,0.0,0.0,727.06233,0.7049778282905136,0.05499999905500016,0.0,0.0,0.0,0.0,0.0,0.3300699303932587,0.0,0.0,0.0,0.019999999820000055,0.0,0.0,0.0,0.05499999905500016,0.0,0.0,0.0,1.000000000330095,3.9066699,3.9162705,3.9162705,3.9162705,-4107.9717,-2109.7465,-76489.1,-3.9066699,-4349.4383,-3508.7152,-3496.407,4.96951,4.96951,4.96951,-283577.4,3.2635588,3.2635588,3.2635588,-8580.7535,3.9066699,-335.64076,.
2162.0,2621.3889,0.0,0.0,0.0,0.0,0.0,0.0,3379.147,0.0,0.0,0.0,0.0,0.0,0.0,0.0,0.0,0.0,0.0,0.0,727.06233,0.6903022211143033,0.0,0.0,0.0,0.0,0.0,0.0,0.33025866515628693,0.0,0.0,0.0,0.0,0.0,0.0,0.0,0.0,0.0,0.0,0.0,1.000000000330095,3.7897227,1.0405707,1.0405707,1.0405707,-3081.2298,-1172.7395,-43774.626,-3.7897227,-2571.395,-1980.2164,-2186.2937,1.3204211,1.3204211,1.3204211,-155155.81,0.86714225,0.86714225,0.86714225,-4722.1355,3.7897227,-336.96766,.
2163.0,2677.1188,1.2222222,0.0,0.0,0.0,0.0,0.0,3377.2159,0.0,0.0,0.0,0.44444444,0.0,0.0,0.0,1.2222222,0.0,0.0,0.0,727.06233,0.7049778282905135,0.05499999905500016,0.0,0.0,0.0,0.0,0.0,0.33006993039325944,0.0,0.0,0.0,0.019999999820000055,0.0,0.0,0.0,0.05499999905500016,0.0,0.0,0.0,1.000000000330095,3.6824111,3.6914606,3.6914606,3.6914606,-3872.1573,-1988.6384,-72098.312,-3.6824111,-4099.7627,-3307.3006,-3295.6989,4.6842398,4.6842398,4.6842398,-267298.9,3.0762172,3.0762172,3.0762172,-8088.1831,3.6824111,-338.2906599999999,.
2164.0,2621.3889,0.0,0.0,0.0,0.0,0.0,0.0,3379.147,0.0,0.0,0.0,0.0,0.0,0.0,0.0,0.0,0.0,0.0,0.0,727.06233,0.6903022211143032,0.0,0.0,0.0,0.0,0.0,0.0,0.3302586651562867,0.0,0.0,0.0,0.0,0.0,0.0,0.0,0.0,0.0,0.0,0.0,1.000000000330095,3.5721771,0.98083768,0.98083768,0.98083768,-2904.3546,-1105.4195,-41261.783,-3.5721771,-2423.7864,-1866.5439,-2060.7915,1.2446236,1.2446236,1.2446236,-146249.23,0.81736473,0.81736473,0.81736473,-4451.0656,3.5721771,-339.4529600000001,.
2165.0,2677.1188,1.2222222,0.0,0.0,0.0,0.0,0.0,3377.2159,0.0,0.0,0.0,0.44444444,0.0,0.0,0.0,1.2222222,0.0,0.0,0.0,727.06233,0.7049778282905136,0.05499999905500016,0.0,0.0,0.0,0.0,0.0,0.33006993039325905,0.0,0.0,0.0,0.019999999820000055,0.0,0.0,0.0,0.05499999905500016,0.0,0.0,0.0,1.000000000330095,3.4710256,3.4795556,3.4795556,3.4795556,-3649.8796,-1874.4824,-67959.574,-3.4710256,-3864.4196,-3117.448,-3106.5123,4.4153452,4.4153452,4.4153452,-251954.85,2.8996297,2.8996297,2.8996297,-7623.8883,3.4710256,-340.61986,.
2166.0,2621.3889,0.0,0.0,0.0,0.0,0.0,0.0,3379.147,0.0,0.0,0.0,0.0,0.0,0.0,0.0,0.0,0.0,0.0,0.0,727.06233,0.6903022211143031,0.0,0.0,0.0,0.0,0.0,0.0,0.33025866515628743,0.0,0.0,0.0,0.0,0.0,0.0,0.0,0.0,0.0,0.0,0.0,1.000000000330095,3.3671195,0.92453359,0.92453359,0.92453359,-2737.6328,-1041.9639,-38893.188,-3.3671195,-2284.6512,-1759.3966,-1942.4936,1.1731771,1.1731771,1.1731771,-137853.93,0.77044465,0.77044465,0.77044465,-4195.5563,3.3671195,-341.3069599999999,.
2167.0,2677.1188,1.2222222,0.0,0.0,0.0,0.0,0.0,3377.2159,0.0,0.0,0.0,0.44444444,0.0,0.0,0.0,1.2222222,0.0,0.0,0.0,727.06233,0.7049778282905136,0.05499999905500016,0.0,0.0,0.0,0.0,0.0,0.3300699303932587,0.0,0.0,0.0,0.019999999820000055,0.0,0.0,0.0,0.05499999905500016,0.0,0.0,0.0,1.000000000330095,3.2717745,3.2798149,3.2798149,3.2798149,-3440.3616,-1766.8795,-64058.417,-3.2717745,-3642.5861,-2938.4938,-2928.1858,4.1618864,4.1618864,4.1618864,-237491.61,2.7331791,2.7331791,2.7331791,-7186.2459,3.2717745,-342.1703600000001,.
2168.0,2621.3889,0.0,0.0,0.0,0.0,0.0,0.0,3379.147,0.0,0.0,0.0,0.0,0.0,0.0,0.0,0.0,0.0,0.0,0.0,727.06233,0.6903022211143031,0.0,0.0,0.0,0.0,0.0,0.0,0.33025866515628755,0.0,0.0,0.0,0.0,0.0,0.0,0.0,0.0,0.0,0.0,0.0,1.000000000330095,3.1738331,0.87146158,0.87146158,0.87146158,-2580.4814,-982.15087,-36660.56,-3.1738331,-2153.5029,-1658.4,-1830.9865,1.1058319,1.1058319,1.1058319,-129940.55,0.72621798,0.72621798,0.72621798,-3954.7142,3.1738331,-342.61896,.
2169.0,2677.1188,1.2222222,0.0,0.0,0.0,0.0,0.0,3377.2159,0.0,0.0,0.0,0.44444444,0.0,0.0,0.0,1.2222222,0.0,0.0,0.0,727.06233,0.7049778282905136,0.05499999905500016,0.0,0.0,0.0,0.0,0.0,0.330069930393259,0.0,0.0,0.0,0.019999999820000055,0.0,0.0,0.0,0.05499999905500016,0.0,0.0,0.0,1.000000000330095,3.0839613,3.0915401,3.0915401,3.0915401,-3242.8708,-1665.4534,-60381.202,-3.0839613,-3433.4868,-2769.8122,-2760.096,3.922977,3.922977,3.922977,-223858.62,2.5762834,2.5762834,2.5762834,-6773.726,3.0839613,-343.3966600000001,.
2170.0,2621.3889,0.0,0.0,0.0,0.0,0.0,0.0,3379.147,0.0,0.0,0.0,0.0,0.0,0.0,0.0,0.0,0.0,0.0,0.0,727.06233,0.6903022211143033,0.0,0.0,0.0,0.0,0.0,0.0,0.3302586651562869,0.0,0.0,0.0,0.0,0.0,0.0,0.0,0.0,0.0,0.0,0.0,1.000000000330095,2.9916421,0.82143612,0.82143612,0.82143612,-2432.3512,-925.77139,-34556.094,-2.9916421,-2029.883,-1563.2011,-1725.8804,1.0423526,1.0423526,1.0423526,-122481.43,0.6845301,0.6845301,0.6845301,-3727.6974,2.9916421,-343.70805999999993,.
2171.0,2677.1188,1.2222222,0.0,0.0,0.0,0.0,0.0,3377.2159,0.0,0.0,0.0,0.44444444,0.0,0.0,0.0,1.2222222,0.0,0.0,0.0,727.06233,0.7049778282905134,0.05499999905500016,0.0,0.0,0.0,0.0,0.0,0.33006993039325894,0.0,0.0,0.0,0.019999999820000055,0.0,0.0,0.0,0.05499999905500016,0.0,0.0,0.0,1.000000000330095,2.9069293,2.9140731,2.9140731,2.9140731,-3056.7167,-1569.8495,-56915.074,-2.9069293,-3236.3906,-2610.8137,-2601.6552,3.6977821,3.6977821,3.6977821,-211008.22,2.4283942,2.4283942,2.4283942,-6384.8864,2.9069293,-344.12195999999994,.
2172.0,2621.3889,0.0,0.0,0.0,0.0,0.0,0.0,3379.147,0.0,0.0,0.0,0.0,0.0,0.0,0.0,0.0,0.0,0.0,0.0,727.06233,0.6903022211143031,0.0,0.0,0.0,0.0,0.0,0.0,0.3302586651562867,0.0,0.0,0.0,0.0,0.0,0.0,0.0,0.0,0.0,0.0,0.0,1.000000000330095,2.8199096,0.77428232,0.77428232,0.77428232,-2292.7243,-872.62833,-32572.433,-2.8199096,-1913.3594,-1473.467,-1626.8078,0.98251734,0.98251734,0.98251734,-115450.5,0.64523527,0.64523527,0.64523527,-3513.7123,2.8199096,-344.45496,.
2173.0,2677.1188,1.2222222,0.0,0.0,0.0,0.0,0.0,3377.2159,0.0,0.0,0.0,0.44444444,0.0,0.0,0.0,1.2222222,0.0,0.0,0.0,727.06233,0.7049778282905136,0.05499999905500016,0.0,0.0,0.0,0.0,0.0,0.33006993039325877,0.0,0.0,0.0,0.019999999820000055,0.0,0.0,0.0,0.05499999905500016,0.0,0.0,0.0,1.000000000330095,2.7400597,2.7467934,2.7467934,2.7467934,-2881.2487,-1479.7337,-53647.916,-2.7400597,-3050.6085,-2460.9423,-2452.3095,3.4855143,3.4855143,3.4855143,-198895.48,2.2889945,2.2889945,2.2889945,-6018.3678,2.7400597,-345.06305999999995,.
2174.0,2621.3889,0.0,0.0,0.0,0.0,0.0,0.0,3379.147,0.0,0.0,0.0,0.0,0.0,0.0,0.0,0.0,0.0,0.0,0.0,727.06233,0.6903022211143033,0.0,0.0,0.0,0.0,0.0,0.0,0.3302586651562873,0.0,0.0,0.0,0.0,0.0,0.0,0.0,0.0,0.0,0.0,0.0,1.000000000330095,2.6580352,0.72983535,0.72983535,0.72983535,-2161.1126,-822.53589,-30702.642,-2.6580352,-1803.5247,-1388.8839,-1533.4224,0.92611683,0.92611683,0.92611683,-108823.16,0.60819612,0.60819612,0.60819612,-3312.0109,2.6580352,-345.43805999999995,.
2175.0,2677.1188,1.2222222,0.0,0.0,0.0,0.0,0.0,3377.2159,0.0,0.0,0.0,0.44444444,0.0,0.0,0.0,1.2222222,0.0,0.0,0.0,727.06233,0.7049778282905137,0.05499999905500016,0.0,0.0,0.0,0.0,0.0,0.33006993039325866,0.0,0.0,0.0,0.019999999820000055,0.0,0.0,0.0,0.05499999905500016,0.0,0.0,0.0,1.000000000330095,2.582769,2.5891162,2.5891162,2.5891162,-2715.8532,-1394.791,-50568.306,-2.582769,-2875.4911,-2319.6741,-2311.5369,3.2854315,3.2854315,3.2854315,-187478.07,2.1575968,2.1575968,2.1575968,-5672.8889,2.582769,-345.9819600000001,.
2176.0,2621.3889,0.0,0.0,0.0,0.0,0.0,0.0,3379.147,0.0,0.0,0.0,0.0,0.0,0.0,0.0,0.0,0.0,0.0,0.0,727.06233,0.6903022211143033,0.0,0.0,0.0,0.0,0.0,0.0,0.3302586651562869,0.0,0.0,0.0,0.0,0.0,0.0,0.0,0.0,0.0,0.0,0.0,1.000000000330095,2.5054531,0.68793981,0.68793981,0.68793981,-2037.0559,-775.31897,-28940.185,-2.5054531,-1699.995,-1309.1563,-1445.3977,0.87295393,0.87295393,0.87295393,-102576.27,0.57328318,0.57328318,0.57328318,-3121.8879,2.5054531,-346.1881599999999,.
2177.0,2677.1188,1.2222222,0.0,0.0,0.0,0.0,0.0,3377.2159,0.0,0.0,0.0,0.44444444,0.0,0.0,0.0,1.2222222,0.0,0.0,0.0,727.06233,0.7049778282905136,0.05499999905500016,0.0,0.0,0.0,0.0,0.0,0.33006993039325894,0.0,0.0,0.0,0.019999999820000055,0.0,0.0,0.0,0.05499999905500016,0.0,0.0,0.0,1.000000000330095,2.4345075,2.4404903,2.4404903,2.4404903,-2559.9521,-1314.7243,-47665.478,-2.4345075,-2710.4262,-2186.5153,-2178.8452,3.0968343,3.0968343,3.0968343,-176716.06,2.0337419,2.0337419,2.0337419,-5347.2419,2.4345075,-346.77675999999997,.
2178.0,2621.3889,0.0,0.0,0.0,0.0,0.0,0.0,3379.147,0.0,0.0,0.0,0.0,0.0,0.0,0.0,0.0,0.0,0.0,0.0,727.06233,0.6903022211143034,0.0,0.0,0.0,0.0,0.0,0.0,0.3302586651562867,0.0,0.0,0.0,0.0,0.0,0.0,0.0,0.0,0.0,0.0,0.0,1.000000000330095,2.3616299,0.64844926,0.64844926,0.64844926,-1920.1205,-730.81248,-27278.9,-2.3616299,-1602.4084,-1234.0054,-1362.4259,0.82284281,0.82284281,0.82284281,-96687.972,0.54037438,0.54037438,0.54037438,-2942.6787,2.3616299,-347.13645999999994,.
2179.0,2677.1188,1.2222222,0.0,0.0,0.0,0.0,0.0,3377.2159,0.0,0.0,0.0,0.44444444,0.0,0.0,0.0,1.2222222,0.0,0.0,0.0,727.06233,0.7049778282905135,0.05499999905500016,0.0,0.0,0.0,0.0,0.0,0.33006993039325916,0.0,0.0,0.0,0.019999999820000055,0.0,0.0,0.0,0.05499999905500016,0.0,0.0,0.0,1.000000000330095,2.2947568,2.3003962,2.3003962,2.3003962,-2413.0004,-1239.2537,-44929.285,-2.2947568,-2554.8366,-2061.0004,-2053.7706,2.9190634,2.9190634,2.9190634,-166571.84,1.9169968,1.9169968,1.9169968,-5040.2883,2.2947568,-347.82906,.
2180.0,2621.3889,0.0,0.0,0.0,0.0,0.0,0.0,3379.147,0.0,0.0,0.0,0.0,0.0,0.0,0.0,0.0,0.0,0.0,0.0,727.06233,0.6903022211143034,0.0,0.0,0.0,0.0,0.0,0.0,0.33025866515628755,0.0,0.0,0.0,0.0,0.0,0.0,0.0,0.0,0.0,0.0,0.0,1.000000000330095,2.2260627,0.61122562,0.61122562,0.61122562,-1809.8978,-688.86086,-25712.979,-2.2260627,-1510.4236,-1163.1684,-1284.2171,0.77560826,0.77560826,0.77560826,-91137.687,0.50935468,0.50935468,0.50935468,-2773.7569,2.2260627,-348.1756600000001,.
2181.0,2677.1188,1.2222222,0.0,0.0,0.0,0.0,0.0,3377.2159,0.0,0.0,0.0,0.44444444,0.0,0.0,0.0,1.2222222,0.0,0.0,0.0,727.06233,0.7049778282905136,0.05499999905500016,0.0,0.0,0.0,0.0,0.0,0.33006993039325844,0.0,0.0,0.0,0.019999999820000055,0.0,0.0,0.0,0.05499999905500016,0.0,0.0,0.0,1.000000000330095,2.1630284,2.168344,2.168344,2.168344,-2274.4843,-1168.1155,-42350.16,-2.1630284,-2408.1785,-1942.6906,-1935.8758,2.7514972,2.7514972,2.7514972,-157009.93,1.8069534,1.8069534,1.8069534,-4750.9551,2.1630284,-348.72586,.
2182.0,2621.3889,0.0,0.0,0.0,0.0,0.0,0.0,3379.147,0.0,0.0,0.0,0.0,0.0,0.0,0.0,0.0,0.0,0.0,0.0,727.06233,0.6903022211143032,0.0,0.0,0.0,0.0,0.0,0.0,0.330258665156287,0.0,0.0,0.0,0.0,0.0,0.0,0.0,0.0,0.0,0.0,0.0,1.000000000330095,2.0982776,0.57613876,0.57613876,0.57613876,-1706.0022,-649.31743,-24236.949,-2.0982776,-1423.7191,-1096.3978,-1210.4978,0.73108518,0.73108518,0.73108518,-85906.011,0.48011564,0.48011564,0.48011564,-2614.532,2.0982776,-348.95496,.
2183.0,2677.1188,1.2222222,0.0,0.0,0.0,0.0,0.0,3377.2159,0.0,0.0,0.0,0.44444444,0.0,0.0,0.0,1.2222222,0.0,0.0,0.0,727.06233,0.7049778282905135,0.05499999905500016,0.0,0.0,0.0,0.0,0.0,0.33006993039325855,0.0,0.0,0.0,0.019999999820000055,0.0,0.0,0.0,0.05499999905500016,0.0,0.0,0.0,1.000000000330095,2.0388617,2.0438722,2.0438722,2.0438722,-2143.9196,-1101.0609,-39919.088,-2.0388617,-2269.9392,-1831.1722,-1824.7486,2.59355,2.59355,2.59355,-147996.92,1.7032269,1.7032269,1.7032269,-4478.2309,2.0388617,-349.42805999999996,.
2184.0,2621.3889,0.0,0.0,0.0,0.0,0.0,0.0,3379.147,0.0,0.0,0.0,0.0,0.0,0.0,0.0,0.0,0.0,0.0,0.0,727.06233,0.6903022211143033,0.0,0.0,0.0,0.0,0.0,0.0,0.33025866515628743,0.0,0.0,0.0,0.0,0.0,0.0,0.0,0.0,0.0,0.0,0.0,1.000000000330095,1.9778278,0.54306604,0.54306604,0.54306604,-1608.0707,-612.04395,-22845.649,-1.9778278,-1341.9918,-1033.4601,-1141.0103,0.6891179,0.6891179,0.6891179,-80974.655,0.45255504,0.45255504,0.45255504,-2464.4471,1.9778278,-349.6592599999999,.
2185.0,2677.1188,1.2222222,0.0,0.0,0.0,0.0,0.0,3377.2159,0.0,0.0,0.0,0.44444444,0.0,0.0,0.0,1.2222222,0.0,0.0,0.0,727.06233,0.7049778282905135,0.05499999905500016,0.0,0.0,0.0,0.0,0.0,0.33006993039325866,0.0,0.0,0.0,0.019999999820000055,0.0,0.0,0.0,0.05499999905500016,0.0,0.0,0.0,1.000000000330095,1.9218227,1.9265456,1.9265456,1.9265456,-2020.8499,-1037.8555,-37627.569,-1.9218227,-2139.6354,-1726.0554,-1720.0006,2.4446696,2.4446696,2.4446696,-139501.29,1.6054547,1.6054547,1.6054547,-4221.1621,1.9218227,-350.1103599999999,.
2186.0,2621.3889,0.0,0.0,0.0,0.0,0.0,0.0,3379.147,0.0,0.0,0.0,0.0,0.0,0.0,0.0,0.0,0.0,0.0,0.0,727.06233,0.6903022211143032,0.0,0.0,0.0,0.0,0.0,0.0,0.33025866515628705,0.0,0.0,0.0,0.0,0.0,0.0,0.0,0.0,0.0,0.0,0.0,1.000000000330095,1.8642924,0.51189183,0.51189183,0.51189183,-1515.7609,-576.91012,-21534.215,-1.8642924,-1264.956,-974.13524,-1075.5116,0.64955971,0.64955971,0.64955971,-76326.378,0.42657653,0.42657653,0.42657653,-2322.9778,1.8642924,-350.17156,.
2187.0,2677.1188,1.2222222,0.0,0.0,0.0,0.0,0.0,3377.2159,0.0,0.0,0.0,0.44444444,0.0,0.0,0.0,1.2222222,0.0,0.0,0.0,727.06233,0.7049778282905136,0.05499999905500016,0.0,0.0,0.0,0.0,0.0,0.3300699303932579,0.0,0.0,0.0,0.019999999820000055,0.0,0.0,0.0,0.05499999905500016,0.0,0.0,0.0,1.000000000330095,1.8115022,1.815954,1.815954,1.815954,-1904.8448,-978.27833,-35467.592,-1.8115022,-2016.8116,-1626.9728,-1621.2655,2.3043356,2.3043356,2.3043356,-131493.35,1.513295,1.513295,1.513295,-3978.8501,1.8115022,-350.4328599999999,.
2188.0,2621.3889,0.0,0.0,0.0,0.0,0.0,0.0,3379.147,0.0,0.0,0.0,0.0,0.0,0.0,0.0,0.0,0.0,0.0,0.0,727.06233,0.6903022211143032,0.0,0.0,0.0,0.0,0.0,0.0,0.33025866515628743,0.0,0.0,0.0,0.0,0.0,0.0,0.0,0.0,0.0,0.0,0.0,1.000000000330095,1.7572744,0.48250715,0.48250715,0.48250715,-1428.75,-543.79312,-20298.063,-1.7572744,-1192.3423,-918.21589,-1013.7728,0.61227232,0.61227232,0.61227232,-71944.932,0.40208929,0.40208929,0.40208929,-2189.6293,1.7572744,-350.38796,.
2189.0,2677.1188,1.2222222,0.0,0.0,0.0,0.0,0.0,3377.2159,0.0,0.0,0.0,0.44444444,0.0,0.0,0.0,1.2222222,0.0,0.0,0.0,727.06233,0.7049778282905136,0.05499999905500016,0.0,0.0,0.0,0.0,0.0,0.3300699303932592,0.0,0.0,0.0,0.019999999820000055,0.0,0.0,0.0,0.05499999905500016,0.0,0.0,0.0,1.000000000330095,1.7075146,1.7117108,1.7117108,1.7117108,-1795.4989,-922.12115,-33431.607,-1.7075146,-1901.0384,-1533.5779,-1528.1982,2.1720573,2.1720573,2.1720573,-123945.09,1.4264257,1.4264257,1.4264257,-3750.4479,1.7075146,-350.3777600000001,.
2190.0,2621.3889,0.0,0.0,0.0,0.0,0.0,0.0,3379.147,0.0,0.0,0.0,0.0,0.0,0.0,0.0,0.0,0.0,0.0,0.0,727.06233,0.6903022211143032,0.0,0.0,0.0,0.0,0.0,0.0,0.3302586651562874,0.0,0.0,0.0,0.0,0.0,0.0,0.0,0.0,0.0,0.0,0.0,1.000000000330095,1.6563997,0.45480926,0.45480926,0.45480926,-1346.7339,-512.57717,-19132.871,-1.6563997,-1123.897,-865.50654,-955.57813,0.57712539,0.57712539,0.57712539,-67814.998,0.37900772,0.37900772,0.37900772,-2063.9357,1.6563997,-350.11285999999996,.
2191.0,2677.1188,1.2222222,0.0,0.0,0.0,0.0,0.0,3377.2159,0.0,0.0,0.0,0.44444444,0.0,0.0,0.0,1.2222222,0.0,0.0,0.0,727.06233,0.7049778282905136,0.05499999905500016,0.0,0.0,0.0,0.0,0.0,0.33006993039325894,0.0,0.0,0.0,0.019999999820000055,0.0,0.0,0.0,0.05499999905500016,0.0,0.0,0.0,1.000000000330095,1.6094963,1.6134516,1.6134516,1.6134516,-1692.4299,-869.18762,-31512.496,-1.6094963,-1791.911,-1445.5442,-1440.4734,2.0473723,2.0473723,2.0473723,-116830.13,1.344543,1.344543,1.344543,-3535.1568,1.6094963,-350.0578599999999,.
2192.0,2621.3889,0.0,0.0,0.0,0.0,0.0,0.0,3379.147,0.0,0.0,0.0,0.0,0.0,0.0,0.0,0.0,0.0,0.0,0.0,727.06233,0.6903022211143032,0.0,0.0,0.0,0.0,0.0,0.0,0.3302586651562869,0.0,0.0,0.0,0.0,0.0,0.0,0.0,0.0,0.0,0.0,0.0,1.000000000330095,1.5613156,0.42870135,0.42870135,0.42870135,-1269.4259,-483.15315,-18034.566,-1.5613156,-1059.3807,-815.82293,-900.72404,0.54399603,0.54399603,0.54399603,-63922.14,0.35725112,0.35725112,0.35725112,-1945.4573,1.5613156,-349.42346,.
2193.0,2677.1188,1.2222222,0.0,0.0,0.0,0.0,0.0,3377.2159,0.0,0.0,0.0,0.44444444,0.0,0.0,0.0,1.2222222,0.0,0.0,0.0,727.06233,0.7049778282905136,0.05499999905500016,0.0,0.0,0.0,0.0,0.0,0.33006993039325855,0.0,0.0,0.0,0.019999999820000055,0.0,0.0,0.0,0.05499999905500016,0.0,0.0,0.0,1.000000000330095,1.5171046,1.5208329,1.5208329,1.5208329,-1595.2775,-819.2927,-29703.55,-1.5171046,-1689.048,-1362.5641,-1357.7843,1.9298448,1.9298448,1.9298448,-110123.61,1.2673607,1.2673607,1.2673607,-3332.2243,1.5171046,-349.1084599999999,.
2194.0,2621.3889,0.0,0.0,0.0,0.0,0.0,0.0,3379.147,0.0,0.0,0.0,0.0,0.0,0.0,0.0,0.0,0.0,0.0,0.0,727.06233,0.6903022211143031,0.0,0.0,0.0,0.0,0.0,0.0,0.3302586651562877,0.0,0.0,0.0,0.0,0.0,0.0,0.0,0.0,0.0,0.0,0.0,1.000000000330095,1.4716897,0.40409214,0.40409214,0.40409214,-1196.5556,-455.41818,-16999.308,-1.4716897,-998.56792,-768.99135,-849.0188,0.51276843,0.51276843,0.51276843,-60252.748,0.33674345,0.33674345,0.33674345,-1833.7801,1.4716897,-348.4220600000001,.
2195.0,2677.1188,1.2222222,0.0,0.0,0.0,0.0,0.0,3377.2159,0.0,0.0,0.0,0.44444444,0.0,0.0,0.0,1.2222222,0.0,0.0,0.0,727.06233,0.7049778282905136,0.05499999905500016,0.0,0.0,0.0,0.0,0.0,0.3300699303932583,0.0,0.0,0.0,0.019999999820000055,0.0,0.0,0.0,0.05499999905500016,0.0,0.0,0.0,1.000000000330095,1.4300166,1.4335309,1.4335309,1.4335309,-1503.7021,-772.26195,-27998.445,-1.4300166,-1592.0897,-1284.3473,-1279.8419,1.8190638,1.8190638,1.8190638,-103802.06,1.194609,1.194609,1.194609,-3140.941,1.4300166,-347.87825999999995,.
2196.0,2621.3889,0.0,0.0,0.0,0.0,0.0,0.0,3379.147,0.0,0.0,0.0,0.0,0.0,0.0,0.0,0.0,0.0,0.0,0.0,727.06233,0.6903022211143033,0.0,0.0,0.0,0.0,0.0,0.0,0.3302586651562871,0.0,0.0,0.0,0.0,0.0,0.0,0.0,0.0,0.0,0.0,0.0,1.000000000330095,1.3872087,0.3808956,0.3808956,0.3808956,-1127.8684,-429.27531,-16023.479,-1.3872087,-941.24603,-724.8481,-800.28164,0.48333343,0.48333343,0.48333343,-56793.994,0.317413,0.317413,0.317413,-1728.5136,1.3872087,-347.1575600000001,.
2197.0,2677.1188,1.2222222,0.0,0.0,0.0,0.0,0.0,3377.2159,0.0,0.0,0.0,0.44444444,0.0,0.0,0.0,1.2222222,0.0,0.0,0.0,727.06233,0.7049778282905135,0.05499999905500016,0.0,0.0,0.0,0.0,0.0,0.3300699303932583,0.0,0.0,0.0,0.019999999820000055,0.0,0.0,0.0,0.05499999905500016,0.0,0.0,0.0,1.000000000330095,1.3479278,1.3512403,1.3512403,1.3512403,-1417.3834,-727.93095,-26391.22,-1.3479278,-1500.6972,-1210.6205,-1206.3738,1.7146421,1.7146421,1.7146421,-97843.398,1.1260336,1.1260336,1.1260336,-2960.6382,1.3479278,-347.81716000000006,.
2198.0,2621.3889,0.0,0.0,0.0,0.0,0.0,0.0,3379.147,0.0,0.0,0.0,0.0,0.0,0.0,0.0,0.0,0.0,0.0,0.0,727.06233,0.6903022211143033,0.0,0.0,0.0,0.0,0.0,0.0,0.3302586651562873,0.0,0.0,0.0,0.0,0.0,0.0,0.0,0.0,0.0,0.0,0.0,1.000000000330095,1.3075772,0.35903063,0.35903063,0.35903063,-1063.1242,-404.63315,-15103.665,-1.3075772,-887.21466,-683.23886,-754.3422,0.45558811,0.45558811,0.45558811,-53533.786,0.29919219,0.29919219,0.29919219,-1629.2899,1.3075772,-348.1584600000001,.
2199.0,2677.1188,1.2222222,0.0,0.0,0.0,0.0,0.0,3377.2159,0.0,0.0,0.0,0.44444444,0.0,0.0,0.0,1.2222222,0.0,0.0,0.0,727.06233,0.7049778282905136,0.05499999905500016,0.0,0.0,0.0,0.0,0.0,0.3300699303932589,0.0,0.0,0.0,0.019999999820000055,0.0,0.0,0.0,0.05499999905500016,0.0,0.0,0.0,1.000000000330095,1.2705512,1.2736736,1.2736736,1.2736736,-1336.0198,-686.14474,-24876.256,-1.2705512,-1414.5511,-1141.126,-1137.123,1.6162146,1.6162146,1.6162146,-92226.787,1.0613947,1.0613947,1.0613947,-2790.6854,1.2705512,-348.59196,.
2200.0,2621.3889,0.0,0.0,0.0,0.0,0.0,0.0,3379.147,0.0,0.0,0.0,0.0,0.0,0.0,0.0,0.0,0.0,0.0,0.0,727.06233,0.6903022211143033,0.0,0.0,0.0,0.0,0.0,0.0,0.3302586651562871,0.0,0.0,0.0,0.0,0.0,0.0,0.0,0.0,0.0,0.0,0.0,1.000000000330095,1.2325169,0.3384208,0.3384208,0.3384208,-1002.0965,-381.40556,-14236.653,-1.2325169,-836.28491,-644.01815,-711.03987,0.42943549,0.42943549,0.42943549,-50460.728,0.28201734,0.28201734,0.28201734,-1535.762,1.2325169,-348.77656,.
2201.0,2677.1188,1.2222222,0.0,0.0,0.0,0.0,0.0,3377.2159,0.0,0.0,0.0,0.44444444,0.0,0.0,0.0,1.2222222,0.0,0.0,0.0,727.06233,0.7049778282905135,0.05499999905500016,0.0,0.0,0.0,0.0,0.0,0.33006993039325816,0.0,0.0,0.0,0.019999999820000055,0.0,0.0,0.0,0.05499999905500016,0.0,0.0,0.0,1.000000000330095,1.1976164,1.2005595,1.2005595,1.2005595,-1259.3268,-646.75722,-23448.257,-1.1976164,-1333.3501,-1075.6207,-1071.8475,1.5234373,1.5234373,1.5234373,-86932.592,1.0004663,1.0004663,1.0004663,-2630.4887,1.1976164,-349.02726000000007,.
2202.0,2621.3889,0.0,0.0,0.0,0.0,0.0,0.0,3379.147,0.0,0.0,0.0,0.0,0.0,0.0,0.0,0.0,0.0,0.0,0.0,727.06233,0.6903022211143033,0.0,0.0,0.0,0.0,0.0,0.0,0.3302586651562878,0.0,0.0,0.0,0.0,0.0,0.0,0.0,0.0,0.0,0.0,0.0,1.000000000330095,1.1617654,0.31899407,0.31899407,0.31899407,-944.57207,-359.51132,-13419.411,-1.1617654,-788.27874,-607.04888,-670.22328,0.40478414,0.40478414,0.40478414,-47564.075,0.26582839,0.26582839,0.26582839,-1447.6029,1.1617654,-349.0190600000001,.
2203.0,2677.1188,1.2222222,0.0,0.0,0.0,0.0,0.0,3377.2159,0.0,0.0,0.0,0.44444444,0.0,0.0,0.0,1.2222222,0.0,0.0,0.0,727.06233,0.7049778282905135,0.05499999905500016,0.0,0.0,0.0,0.0,0.0,0.330069930393258,0.0,0.0,0.0,0.019999999820000055,0.0,0.0,0.0,0.05499999905500016,0.0,0.0,0.0,1.000000000330095,1.1288683,1.1316425,1.1316425,1.1316425,-1187.0363,-609.63071,-22102.231,-1.1288683,-1256.8103,-1013.8756,-1010.3191,1.4359857,1.4359857,1.4359857,-81942.306,0.94303541,0.94303541,0.94303541,-2479.4879,1.1288683,-349.1945599999999,.
2204.0,2621.3889,0.0,0.0,0.0,0.0,0.0,0.0,3379.147,0.0,0.0,0.0,0.0,0.0,0.0,0.0,0.0,0.0,0.0,0.0,727.06233,0.6903022211143032,0.0,0.0,0.0,0.0,0.0,0.0,0.3302586651562876,0.0,0.0,0.0,0.0,0.0,0.0,0.0,0.0,0.0,0.0,0.0,1.000000000330095,1.0950753,0.3006825,0.3006825,0.3006825,-890.34977,-338.8739,-12649.082,-1.0950753,-743.02831,-572.20179,-631.74972,0.38154787,0.38154787,0.38154787,-44833.703,0.25056875,0.25056875,0.25056875,-1364.5046,1.0950753,-349.11655999999994,.
2205.0,2677.1188,1.2222222,0.0,0.0,0.0,0.0,0.0,3377.2159,0.0,0.0,0.0,0.44444444,0.0,0.0,0.0,1.2222222,0.0,0.0,0.0,727.06233,0.7049778282905135,0.05499999905500016,0.0,0.0,0.0,0.0,0.0,0.3300699303932591,0.0,0.0,0.0,0.019999999820000055,0.0,0.0,0.0,0.05499999905500016,0.0,0.0,0.0,1.000000000330095,1.0640666,1.0666816,1.0666816,1.0666816,-1118.8956,-574.63542,-20833.472,-1.0640666,-1184.6643,-955.67502,-952.32261,1.3535543,1.3535543,1.3535543,-77238.482,0.88890132,0.88890132,0.88890132,-2337.1551,1.0640666,-349.32186,.
2206.0,2621.3889,0.0,0.0,0.0,0.0,0.0,0.0,3379.147,0.0,0.0,0.0,0.0,0.0,0.0,0.0,0.0,0.0,0.0,0.0,727.06233,0.6903022211143033,0.0,0.0,0.0,0.0,0.0,0.0,0.33025866515628727,0.0,0.0,0.0,0.0,0.0,0.0,0.0,0.0,0.0,0.0,0.0,1.000000000330095,1.0322135,0.2834221,0.2834221,0.2834221,-839.24005,-319.42115,-11922.973,-1.0322135,-700.37545,-539.35506,-595.4847,0.35964546,0.35964546,0.35964546,-42260.065,0.23618508,0.23618508,0.23618508,-1286.1765,1.0322135,-348.81446000000005,.
2207.0,2677.1188,1.2222222,0.0,0.0,0.0,0.0,0.0,3377.2159,0.0,0.0,0.0,0.44444444,0.0,0.0,0.0,1.2222222,0.0,0.0,0.0,727.06233,0.7049778282905136,0.05499999905500016,0.0,0.0,0.0,0.0,0.0,0.3300699303932583,0.0,0.0,0.0,0.019999999820000055,0.0,0.0,0.0,0.05499999905500016,0.0,0.0,0.0,1.000000000330095,1.0029849,1.0054497,1.0054497,1.0054497,-1054.6664,-541.64899,-19637.546,-1.0029849,-1116.6597,-900.81537,-897.65539,1.2758547,1.2758547,1.2758547,-72804.677,0.83787475,0.83787475,0.83787475,-2202.9929,1.0029849,-348.68435999999997,.
2208.0,2621.3889,0.0,0.0,0.0,0.0,0.0,0.0,3379.147,0.0,0.0,0.0,0.0,0.0,0.0,0.0,0.0,0.0,0.0,0.0,727.06233,0.6903022211143034,0.0,0.0,0.0,0.0,0.0,0.0,0.3302586651562878,0.0,0.0,0.0,0.0,0.0,0.0,0.0,0.0,0.0,0.0,0.0,1.000000000330095,0.97296024,0.26715251,0.26715251,0.26715251,-791.06424,-301.08507,-11238.545,-0.97296024,-660.17103,-508.39388,-561.30144,0.33900034,0.33900034,0.33900034,-39834.164,0.22262709,0.22262709,0.22262709,-1212.3447,0.97296024,-348.14995999999996,.
2209.0,2677.1188,1.2222222,0.0,0.0,0.0,0.0,0.0,3377.2159,0.0,0.0,0.0,0.44444444,0.0,0.0,0.0,1.2222222,0.0,0.0,0.0,727.06233,0.7049778282905137,0.05499999905500016,0.0,0.0,0.0,0.0,0.0,0.3300699303932582,0.0,0.0,0.0,0.019999999820000055,0.0,0.0,0.0,0.05499999905500016,0.0,0.0,0.0,1.000000000330095,0.94540943,0.94773277,0.94773277,0.94773277,-994.12422,-510.55612,-18510.27,-0.94540943,-1052.5589,-849.10488,-846.1263,1.2026155,1.2026155,1.2026155,-68625.391,0.78977731,0.78977731,0.78977731,-2076.532,0.94540943,-347.99676,.
2210.0,2621.3889,0.0,0.0,0.0,0.0,0.0,0.0,3379.147,0.0,0.0,0.0,0.0,0.0,0.0,0.0,0.0,0.0,0.0,0.0,727.06233,0.6903022211143033,0.0,0.0,0.0,0.0,0.0,0.0,0.3302586651562877,0.0,0.0,0.0,0.0,0.0,0.0,0.0,0.0,0.0,0.0,0.0,1.000000000330095,0.91710834,0.25181686,0.25181686,0.25181686,-745.65391,-283.80155,-10593.407,-0.91710834,-622.27451,-479.20999,-529.08044,0.31954033,0.31954033,0.31954033,-37547.52,0.20984738,0.20984738,0.20984738,-1142.7511,0.91710834,-347.64545999999996,.
2211.0,2677.1188,1.2222222,0.0,0.0,0.0,0.0,0.0,3377.2159,0.0,0.0,0.0,0.44444444,0.0,0.0,0.0,1.2222222,0.0,0.0,0.0,727.06233,0.7049778282905135,0.05499999905500016,0.0,0.0,0.0,0.0,0.0,0.33006993039325844,0.0,0.0,0.0,0.019999999820000055,0.0,0.0,0.0,0.05499999905500016,0.0,0.0,0.0,1.000000000330095,0.89113906,0.89332903,0.89332903,0.89332903,-937.05743,-481.24811,-17447.705,-0.89113906,-992.13767,-800.36279,-797.55519,1.1335804,1.1335804,1.1335804,-64686.013,0.74444086,0.74444086,0.74444086,-1957.3306,0.89113906,-347.56125999999995,.
2212.0,2621.3889,0.0,0.0,0.0,0.0,0.0,0.0,3379.147,0.0,0.0,0.0,0.0,0.0,0.0,0.0,0.0,0.0,0.0,0.0,727.06233,0.6903022211143033,0.0,0.0,0.0,0.0,0.0,0.0,0.330258665156287,0.0,0.0,0.0,0.0,0.0,0.0,0.0,0.0,0.0,0.0,0.0,1.000000000330095,0.86446257,0.23736154,0.23736154,0.23736154,-702.85033,-267.51018,-9985.3021,-0.86446257,-586.55341,-451.70137,-498.70906,0.30119741,0.30119741,0.30119741,-35392.139,0.19780129,0.19780129,0.19780129,-1077.1525,0.86446257,-347.13686000000007,.
2213.0,2677.1188,1.2222222,0.0,0.0,0.0,0.0,0.0,3377.2159,0.0,0.0,0.0,0.44444444,0.0,0.0,0.0,1.2222222,0.0,0.0,0.0,727.06233,0.7049778282905135,0.05499999905500016,0.0,0.0,0.0,0.0,0.0,0.3300699303932591,0.0,0.0,0.0,0.019999999820000055,0.0,0.0,0.0,0.05499999905500016,0.0,0.0,0.0,1.000000000330095,0.83998404,0.84204829,0.84204829,0.84204829,-883.2665,-453.6225,-16446.136,-0.83998404,-935.18491,-754.41869,-751.77226,1.0685083,1.0685083,1.0685083,-60972.771,0.70170691,0.70170691,0.70170691,-1844.9718,0.83998404,-346.84665999999993,.
2214.0,2621.3889,0.0,0.0,0.0,0.0,0.0,0.0,3379.147,0.0,0.0,0.0,0.0,0.0,0.0,0.0,0.0,0.0,0.0,0.0,727.06233,0.6903022211143033,0.0,0.0,0.0,0.0,0.0,0.0,0.3302586651562876,0.0,0.0,0.0,0.0,0.0,0.0,0.0,0.0,0.0,0.0,0.0,1.000000000330095,0.81483888,0.22373602,0.22373602,0.22373602,-662.50384,-252.154,-9412.1049,-0.81483888,-552.88284,-425.77187,-470.08112,0.28390745,0.28390745,0.28390745,-33360.486,0.18644668,0.18644668,0.18644668,-1015.3196,0.81483888,-346.91766000000007,.
2215.0,2677.1188,1.2222222,0.0,0.0,0.0,0.0,0.0,3377.2159,0.0,0.0,0.0,0.44444444,0.0,0.0,0.0,1.2222222,0.0,0.0,0.0,727.06233,0.7049778282905136,0.05499999905500016,0.0,0.0,0.0,0.0,0.0,0.3300699303932585,0.0,0.0,0.0,0.019999999820000055,0.0,0.0,0.0,0.05499999905500016,0.0,0.0,0.0,1.000000000330095,0.79176552,0.79371128,0.79371128,0.79371128,-832.56339,-427.58272,-15502.06,-0.79176552,-881.50147,-711.11197,-708.61746,1.0071715,1.0071715,1.0071715,-57472.685,0.66142606,0.66142606,0.66142606,-1739.0629,0.79176552,-347.1674599999999,.
2216.0,2621.3889,0.0,0.0,0.0,0.0,0.0,0.0,3379.147,0.0,0.0,0.0,0.0,0.0,0.0,0.0,0.0,0.0,0.0,0.0,727.06233,0.6903022211143032,0.0,0.0,0.0,0.0,0.0,0.0,0.33025866515628743,0.0,0.0,0.0,0.0,0.0,0.0,0.0,0.0,0.0,0.0,0.0,1.000000000330095,0.7680638,0.21089266,0.21089266,0.21089266,-624.47341,-237.67933,-8871.8116,-0.7680638,-521.14511,-401.33082,-443.09654,0.26761,0.26761,0.26761,-31445.457,0.17574388,0.17574388,0.17574388,-957.03609,0.7680638,-347.2563600000001,.
2217.0,2677.1188,1.2222222,0.0,0.0,0.0,0.0,0.0,3377.2159,0.0,0.0,0.0,0.44444444,0.0,0.0,0.0,1.2222222,0.0,0.0,0.0,727.06233,0.7049778282905135,0.05499999905500016,0.0,0.0,0.0,0.0,0.0,0.3300699303932581,0.0,0.0,0.0,0.019999999820000055,0.0,0.0,0.0,0.05499999905500016,0.0,0.0,0.0,1.000000000330095,0.74631494,0.748149,0.748149,0.748149,-784.77084,-403.03772,-14612.178,-0.74631494,-830.89968,-670.29123,-667.93992,0.94935574,0.94935574,0.94935574,-54173.517,0.6234575,0.6234575,0.6234575,-1639.2336,0.74631494,-347.5325600000001,.
2218.0,2621.3889,0.0,0.0,0.0,0.0,0.0,0.0,3379.147,0.0,0.0,0.0,0.0,0.0,0.0,0.0,0.0,0.0,0.0,0.0,727.06233,0.6903022211143032,0.0,0.0,0.0,0.0,0.0,0.0,0.33025866515628755,0.0,0.0,0.0,0.0,0.0,0.0,0.0,0.0,0.0,0.0,0.0,1.000000000330095,0.72397379,0.19878656,0.19878656,0.19878656,-588.62608,-224.03557,-8362.5333,-0.72397379,-491.22925,-378.29279,-417.66099,0.25224809,0.25224809,0.25224809,-29640.359,0.16565546,0.16565546,0.16565546,-902.0983,0.72397379,-347.8892599999999,.
2219.0,2677.1188,1.2222222,0.0,0.0,0.0,0.0,0.0,3377.2159,0.0,0.0,0.0,0.44444444,0.0,0.0,0.0,1.2222222,0.0,0.0,0.0,727.06233,0.7049778282905135,0.05499999905500016,0.0,0.0,0.0,0.0,0.0,0.33006993039325877,0.0,0.0,0.0,0.019999999820000055,0.0,0.0,0.0,0.05499999905500016,0.0,0.0,0.0,1.000000000330095,0.70347341,0.70520219,0.70520219,0.70520219,-739.72179,-379.9017,-13773.38,-0.70347341,-783.20264,-631.81378,-629.59743,0.89485884,0.89485884,0.89485884,-51063.736,0.58766849,0.58766849,0.58766849,-1545.1349,0.70347341,-348.5117600000001,.
2220.0,2621.3889,0.0,0.0,0.0,0.0,0.0,0.0,3379.147,0.0,0.0,0.0,0.0,0.0,0.0,0.0,0.0,0.0,0.0,0.0,727.06233,0.6903022211143034,0.0,0.0,0.0,0.0,0.0,0.0,0.33025866515628716,0.0,0.0,0.0,0.0,0.0,0.0,0.0,0.0,0.0,0.0,0.0,1.000000000330095,0.68241474,0.18737539,0.18737539,0.18737539,-554.83654,-211.17501,-7882.4897,-0.68241474,-463.03068,-356.57724,-393.68554,0.23776802,0.23776802,0.23776802,-27938.881,0.15614616,0.15614616,0.15614616,-850.31417,0.68241474,-348.93696,.
2221.0,2677.1188,1.2222222,0.0,0.0,0.0,0.0,0.0,3377.2159,0.0,0.0,0.0,0.44444444,0.0,0.0,0.0,1.2222222,0.0,0.0,0.0,727.06233,0.7049778282905135,0.05499999905500016,0.0,0.0,0.0,0.0,0.0,0.3300699303932585,0.0,0.0,0.0,0.019999999820000055,0.0,0.0,0.0,0.05499999905500016,0.0,0.0,0.0,1.000000000330095,0.66309116,0.6647207,0.6647207,0.6647207,-697.25873,-358.09379,-12982.731,-0.66309116,-738.2436,-595.54508,-593.45596,0.84349028,0.84349028,0.84349028,-48132.468,0.55393392,0.55393392,0.55393392,-1456.4378,0.66309116,-349.6656599999999,.
2222.0,2621.3889,0.0,0.0,0.0,0.0,0.0,0.0,3379.147,0.0,0.0,0.0,0.0,0.0,0.0,0.0,0.0,0.0,0.0,0.0,727.06233,0.6903022211143031,0.0,0.0,0.0,0.0,0.0,0.0,0.33025866515628766,0.0,0.0,0.0,0.0,0.0,0.0,0.0,0.0,0.0,0.0,0.0,1.000000000330095,0.64324134,0.17661928,0.17661928,0.17661928,-522.98665,-199.0527,-7430.0025,-0.64324134,-436.45082,-336.10824,-371.08638,0.22411916,0.22411916,0.22411916,-26335.075,0.14718273,0.14718273,0.14718273,-801.50265,0.64324134,-350.2028600000001,.
2223.0,2677.1188,1.2222222,0.0,0.0,0.0,0.0,0.0,3377.2159,0.0,0.0,0.0,0.44444444,0.0,0.0,0.0,1.2222222,0.0,0.0,0.0,727.06233,0.7049778282905136,0.05499999905500016,0.0,0.0,0.0,0.0,0.0,0.330069930393258,0.0,0.0,0.0,0.019999999820000055,0.0,0.0,0.0,0.05499999905500016,0.0,0.0,0.0,1.000000000330095,0.62502701,0.62656301,0.62656301,0.62656301,-657.23323,-337.53774,-12237.469,-0.62502701,-695.8654,-561.35836,-559.38916,0.79507049,0.79507049,0.79507049,-45369.468,0.52213584,0.52213584,0.52213584,-1372.8323,0.62502701,-351.17066,.
2224.0,2621.3889,0.0,0.0,0.0,0.0,0.0,0.0,3379.147,0.0,0.0,0.0,0.0,0.0,0.0,0.0,0.0,0.0,0.0,0.0,727.06233,0.6903022211143033,0.0,0.0,0.0,0.0,0.0,0.0,0.33025866515628777,0.0,0.0,0.0,0.0,0.0,0.0,0.0,0.0,0.0,0.0,0.0,1.000000000330095,0.60631665,0.16648061,0.16648061,0.16648061,-492.96508,-187.62626,-7003.49,-0.60631665,-411.39676,-316.81426,-349.7845,0.2112538,0.2112538,0.2112538,-24823.334,0.13873384,0.13873384,0.13873384,-755.49312,0.60631665,-352.04045999999994,.
2225.0,2677.1188,1.2222222,0.0,0.0,0.0,0.0,0.0,3377.2159,0.0,0.0,0.0,0.44444444,0.0,0.0,0.0,1.2222222,0.0,0.0,0.0,727.06233,0.7049778282905136,0.05499999905500016,0.0,0.0,0.0,0.0,0.0,0.3300699303932586,0.0,0.0,0.0,0.019999999820000055,0.0,0.0,0.0,0.05499999905500016,0.0,0.0,0.0,1.000000000330095,0.5891479,0.59059573,0.59059573,0.59059573,-619.50535,-318.1617,-11534.989,-0.5891479,-655.91988,-529.13409,-527.27794,0.74943019,0.74943019,0.74943019,-42765.075,0.49216311,0.49216311,0.49216311,-1294.0261,0.5891479,-353.27145999999993,.
2226.0,2621.3889,0.0,0.0,0.0,0.0,0.0,0.0,3379.147,0.0,0.0,0.0,0.0,0.0,0.0,0.0,0.0,0.0,0.0,0.0,727.06233,0.6903022211143033,0.0,0.0,0.0,0.0,0.0,0.0,0.33025866515628705,0.0,0.0,0.0,0.0,0.0,0.0,0.0,0.0,0.0,0.0,0.0,1.000000000330095,0.5715116,0.15692394,0.15692394,0.15692394,-464.66687,-176.85575,-6601.461,-0.5715116,-387.7809,-298.62782,-329.70544,0.19912697,0.19912697,0.19912697,-23398.373,0.13076995,0.13076995,0.13076995,-712.12473,0.5715116,-354.2028600000001,.
2227.0,2677.1188,1.2222222,0.0,0.0,0.0,0.0,0.0,3377.2159,0.0,0.0,0.0,0.44444444,0.0,0.0,0.0,1.2222222,0.0,0.0,0.0,727.06233,0.7049778282905136,0.05499999905500016,0.0,0.0,0.0,0.0,0.0,0.33006993039325794,0.0,0.0,0.0,0.019999999820000055,0.0,0.0,0.0,0.05499999905500016,0.0,0.0,0.0,1.000000000330095,0.5553284,0.55669312,0.55669312,0.55669312,-583.94321,-299.89791,-10872.833,-0.5553284,-618.26739,-498.75963,-497.01003,0.70640983,0.70640983,0.70640983,-40310.185,0.46391093,0.46391093,0.46391093,-1219.7437,0.5553284,-355.34526000000005,.
2228.0,2621.3889,0.0,0.0,0.0,0.0,0.0,0.0,3379.147,0.0,0.0,0.0,0.0,0.0,0.0,0.0,0.0,0.0,0.0,0.0,727.06233,0.6903022211143031,0.0,0.0,0.0,0.0,0.0,0.0,0.3302586651562877,0.0,0.0,0.0,0.0,0.0,0.0,0.0,0.0,0.0,0.0,0.0,1.000000000330095,0.53870449,0.14791587,0.14791587,0.14791587,-437.99309,-166.7035,-6222.5101,-0.53870449,-365.52069,-281.48536,-310.779,0.18769627,0.18769627,0.18769627,-22055.211,0.12326322,0.12326322,0.12326322,-671.24586,0.53870449,-356.5605599999999,.
2229.0,2677.1188,1.2222222,0.0,0.0,0.0,0.0,0.0,3377.2159,0.0,0.0,0.0,0.44444444,0.0,0.0,0.0,1.2222222,0.0,0.0,0.0,727.06233,0.7049778282905136,0.05499999905500016,0.0,0.0,0.0,0.0,0.0,0.3300699303932589,0.0,0.0,0.0,0.019999999820000055,0.0,0.0,0.0,0.05499999905500016,0.0,0.0,0.0,1.000000000330095,0.52345028,0.52473666,0.52473666,0.52473666,-550.42248,-282.68255,-10248.688,-0.52345028,-582.77632,-470.12879,-468.47962,0.66585902,0.66585902,0.66585902,-37996.215,0.43728055,0.43728055,0.43728055,-1149.7254,0.52345028,-357.8448599999999,.
2230.0,2621.3889,0.0,0.0,0.0,0.0,0.0,0.0,3379.147,0.0,0.0,0.0,0.0,0.0,0.0,0.0,0.0,0.0,0.0,0.0,727.06233,0.6903022211143031,0.0,0.0,0.0,0.0,0.0,0.0,0.33025866515628755,0.0,0.0,0.0,0.0,0.0,0.0,0.0,0.0,0.0,0.0,0.0,1.000000000330095,0.50778065,0.13942489,0.13942489,0.13942489,-412.85049,-157.13404,-5865.3126,-0.50778065,-344.53831,-265.32695,-292.93901,0.17692174,0.17692174,0.17692174,-20789.152,0.11618741,0.11618741,0.11618741,-632.7136,0.50778065,-359.24515999999994,.
2231.0,2677.1188,1.2222222,0.0,0.0,0.0,0.0,0.0,3377.2159,0.0,0.0,0.0,0.44444444,0.0,0.0,0.0,1.2222222,0.0,0.0,0.0,727.06233,0.7049778282905135,0.05499999905500016,0.0,0.0,0.0,0.0,0.0,0.33006993039325827,0.0,0.0,0.0,0.019999999820000055,0.0,0.0,0.0,0.05499999905500016,0.0,0.0,0.0,1.000000000330095,0.49340209,0.49461463,0.49461463,0.49461463,-518.82598,-266.45541,-9660.3713,-0.49340209,-549.32257,-443.14147,-441.58697,0.62763599,0.62763599,0.62763599,-35815.077,0.41217886,0.41217886,0.41217886,-1083.7265,0.49340209,-360.7264600000001,.
2232.0,2621.3889,0.0,0.0,0.0,0.0,0.0,0.0,3379.147,0.0,0.0,0.0,0.0,0.0,0.0,0.0,0.0,0.0,0.0,0.0,727.06233,0.6903022211143033,0.0,0.0,0.0,0.0,0.0,0.0,0.3302586651562872,0.0,0.0,0.0,0.0,0.0,0.0,0.0,0.0,0.0,0.0,0.0,1.000000000330095,0.47863197,0.13142133,0.13142133,0.13142133,-389.15119,-148.1139,-5528.6197,-0.47863197,-324.7604,-250.0961,-276.12312,0.1667657,0.1667657,0.1667657,-19595.769,0.10951778,0.10951778,0.10951778,-596.39325,0.47863197,-362.06125999999995,.
2233.0,2677.1188,1.2222222,0.0,0.0,0.0,0.0,0.0,3377.2159,0.0,0.0,0.0,0.44444444,0.0,0.0,0.0,1.2222222,0.0,0.0,0.0,727.06233,0.7049778282905136,0.05499999905500016,0.0,0.0,0.0,0.0,0.0,0.330069930393259,0.0,0.0,0.0,0.019999999820000055,0.0,0.0,0.0,0.05499999905500016,0.0,0.0,0.0,1.000000000330095,0.4650788,0.46622172,0.46622172,0.46622172,-489.04324,-251.15978,-9105.8265,-0.4650788,-517.78921,-417.70334,-416.23807,0.59160711,0.59160711,0.59160711,-33759.145,0.3885181,0.3885181,0.3885181,-1021.5162,0.4650788,-363.3240599999999,.
2234.0,2621.3889,0.0,0.0,0.0,0.0,0.0,0.0,3379.147,0.0,0.0,0.0,0.0,0.0,0.0,0.0,0.0,0.0,0.0,0.0,727.06233,0.6903022211143034,0.0,0.0,0.0,0.0,0.0,0.0,0.33025866515628727,0.0,0.0,0.0,0.0,0.0,0.0,0.0,0.0,0.0,0.0,0.0,1.000000000330095,0.45115653,0.12387721,0.12387721,0.12387721,-366.81232,-139.61156,-5211.2543,-0.45115653,-306.11783,-235.73956,-260.27252,0.15719267,0.15719267,0.15719267,-18470.892,0.10323101,0.10323101,0.10323101,-562.15784,0.45115653,-364.3759600000001,.
2235.0,2677.1188,1.2222222,0.0,0.0,0.0,0.0,0.0,3377.2159,0.0,0.0,0.0,0.44444444,0.0,0.0,0.0,1.2222222,0.0,0.0,0.0,727.06233,0.7049778282905136,0.05499999905500016,0.0,0.0,0.0,0.0,0.0,0.3300699303932589,0.0,0.0,0.0,0.019999999820000055,0.0,0.0,0.0,0.05499999905500016,0.0,0.0,0.0,1.000000000330095,0.43838137,0.43945869,0.43945869,0.43945869,-460.97016,-236.74218,-8583.1148,-0.43838137,-488.06599,-393.72546,-392.3443,0.55764644,0.55764644,0.55764644,-31821.232,0.36621557,0.36621557,0.36621557,-962.87696,0.43838137,-365.86536,.
2236.0,2621.3889,0.0,0.0,0.0,0.0,0.0,0.0,3379.147,0.0,0.0,0.0,0.0,0.0,0.0,0.0,0.0,0.0,0.0,0.0,727.06233,0.6903022211143032,0.0,0.0,0.0,0.0,0.0,0.0,0.33025866515628777,0.0,0.0,0.0,0.0,0.0,0.0,0.0,0.0,0.0,0.0,0.0,1.000000000330095,0.4252583,0.11676615,0.11676615,0.11676615,-345.75579,-131.59728,-4912.107,-0.4252583,-288.54541,-222.20714,-245.33181,0.14816917,0.14816917,0.14816917,-17410.587,0.097305125,0.097305125,0.097305125,-529.88768,0.4252583,-367.1259600000001,.
2237.0,2677.1188,1.2222222,0.0,0.0,0.0,0.0,0.0,3377.2159,0.0,0.0,0.0,0.44444444,0.0,0.0,0.0,1.2222222,0.0,0.0,0.0,727.06233,0.7049778282905136,0.05499999905500016,0.0,0.0,0.0,0.0,0.0,0.330069930393258,0.0,0.0,0.0,0.019999999820000055,0.0,0.0,0.0,0.05499999905500016,0.0,0.0,0.0,1.000000000330095,0.41321649,0.41423196,0.41423196,0.41423196,-434.50859,-223.15221,-8090.4089,-0.41321649,-460.04901,-371.124,-369.82214,0.52563526,0.52563526,0.52563526,-29994.563,0.3451933,0.3451933,0.3451933,-907.60389,0.41321649,-368.47335999999996,.
2238.0,2621.3889,0.0,0.0,0.0,0.0,0.0,0.0,3379.147,0.0,0.0,0.0,0.0,0.0,0.0,0.0,0.0,0.0,0.0,0.0,727.06233,0.6903022211143031,0.0,0.0,0.0,0.0,0.0,0.0,0.33025866515628766,0.0,0.0,0.0,0.0,0.0,0.0,0.0,0.0,0.0,0.0,0.0,1.000000000330095,0.40084674,0.1100633,0.1100633,0.1100633,-325.90799,-124.04306,-4630.1319,-0.40084674,-271.98172,-209.45155,-231.24876,0.13966365,0.13966365,0.13966365,-16411.148,0.091719413,0.091719413,0.091719413,-499.46996,0.40084674,-370.14995999999996,.
2239.0,2677.1188,1.2222222,0.0,0.0,0.0,0.0,0.0,3377.2159,0.0,0.0,0.0,0.44444444,0.0,0.0,0.0,1.2222222,0.0,0.0,0.0,727.06233,0.7049778282905136,0.05499999905500016,0.0,0.0,0.0,0.0,0.0,0.3300699303932589,0.0,0.0,0.0,0.019999999820000055,0.0,0.0,0.0,0.05499999905500016,0.0,0.0,0.0,1.000000000330095,0.38949617,0.39045335,0.39045335,0.39045335,-409.56602,-210.34236,-7625.9863,-0.38949617,-433.64031,-349.81997,-348.59283,0.49546164,0.49546164,0.49546164,-28272.752,0.32537779,0.32537779,0.32537779,-855.50371,0.38949617,-371.79926,.
2240.0,2621.3889,0.0,0.0,0.0,0.0,0.0,0.0,3379.147,0.0,0.0,0.0,0.0,0.0,0.0,0.0,0.0,0.0,0.0,0.0,727.06233,0.6903022211143034,0.0,0.0,0.0,0.0,0.0,0.0,0.33025866515628716,0.0,0.0,0.0,0.0,0.0,0.0,0.0,0.0,0.0,0.0,0.0,1.000000000330095,0.37783649,0.10374521,0.10374521,0.10374521,-307.19954,-116.92248,-4364.3434,-0.37783649,-256.36886,-197.42817,-217.97414,0.13164639,0.13164639,0.13164639,-15469.081,0.086454344,0.086454344,0.086454344,-470.79834,0.37783649,-373.38786000000005,.
2241.0,2677.1188,1.2222222,0.0,0.0,0.0,0.0,0.0,3377.2159,0.0,0.0,0.0,0.44444444,0.0,0.0,0.0,1.2222222,0.0,0.0,0.0,727.06233,0.7049778282905136,0.05499999905500016,0.0,0.0,0.0,0.0,0.0,0.33006993039325805,0.0,0.0,0.0,0.019999999820000055,0.0,0.0,0.0,0.05499999905500016,0.0,0.0,0.0,1.000000000330095,0.3671375,0.36803973,0.36803973,0.36803973,-386.05525,-198.26785,-7188.2235,-0.3671375,-408.74758,-329.73887,-328.58218,0.46702012,0.46702012,0.46702012,-26649.781,0.30669978,0.30669978,0.30669978,-806.3943,0.3671375,-374.94066,.
2242.0,2621.3889,0.0,0.0,0.0,0.0,0.0,0.0,3379.147,0.0,0.0,0.0,0.0,0.0,0.0,0.0,0.0,0.0,0.0,0.0,727.06233,0.6903022211143031,0.0,0.0,0.0,0.0,0.0,0.0,0.3302586651562869,0.0,0.0,0.0,0.0,0.0,0.0,0.0,0.0,0.0,0.0,0.0,1.000000000330095,0.35614713,0.097789813,0.097789813,0.097789813,-289.56503,-110.21065,-4113.8123,-0.35614713,-241.65224,-186.09499,-205.46153,0.12408935,0.12408935,0.12408935,-14581.093,0.081491511,0.081491511,0.081491511,-443.77259,0.35614713,-376.10366,.
2243.0,2677.1188,1.2222222,0.0,0.0,0.0,0.0,0.0,3377.2159,0.0,0.0,0.0,0.44444444,0.0,0.0,0.0,1.2222222,0.0,0.0,0.0,727.06233,0.7049778282905137,0.05499999905500016,0.0,0.0,0.0,0.0,0.0,0.3300699303932587,0.0,0.0,0.0,0.019999999820000055,0.0,0.0,0.0,0.05499999905500016,0.0,0.0,0.0,1.000000000330095,0.3460623,0.34691275,0.34691275,0.34691275,-363.8941,-186.88647,-6775.5901,-0.3460623,-385.2838,-310.81051,-309.72022,0.44021125,0.44021125,0.44021125,-25119.974,0.28909396,0.28909396,0.28909396,-760.10397,0.3460623,-377.83115999999995,.
2244.0,2621.3889,0.0,0.0,0.0,0.0,0.0,0.0,3379.147,0.0,0.0,0.0,0.0,0.0,0.0,0.0,0.0,0.0,0.0,0.0,727.06233,0.6903022211143032,0.0,0.0,0.0,0.0,0.0,0.0,0.3302586651562878,0.0,0.0,0.0,0.0,0.0,0.0,0.0,0.0,0.0,0.0,0.0,1.000000000330095,0.33570283,0.092176277,0.092176277,0.092176277,-272.94281,-103.88411,-3877.6626,-0.33570283,-227.78041,-175.41237,-193.6672,0.11696611,0.11696611,0.11696611,-13744.078,0.076813565,0.076813565,0.076813565,-418.29823,0.33570283,-379.13105999999993,.
2245.0,2677.1188,1.2222222,0.0,0.0,0.0,0.0,0.0,3377.2159,0.0,0.0,0.0,0.44444444,0.0,0.0,0.0,1.2222222,0.0,0.0,0.0,727.06233,0.7049778282905136,0.05499999905500016,0.0,0.0,0.0,0.0,0.0,0.3300699303932583,0.0,0.0,0.0,0.019999999820000055,0.0,0.0,0.0,0.05499999905500016,0.0,0.0,0.0,1.000000000330095,0.32619691,0.32699854,0.32699854,0.32699854,-343.00509,-176.15842,-6386.6435,-0.32619691,-363.16693,-292.96872,-291.94101,0.41494133,0.41494133,0.41494133,-23677.985,0.27249878,0.27249878,0.27249878,-716.47089,0.32619691,-380.92956000000004,.
2246.0,2621.3889,0.0,0.0,0.0,0.0,0.0,0.0,3379.147,0.0,0.0,0.0,0.0,0.0,0.0,0.0,0.0,0.0,0.0,0.0,727.06233,0.6903022211143032,0.0,0.0,0.0,0.0,0.0,0.0,0.3302586651562871,0.0,0.0,0.0,0.0,0.0,0.0,0.0,0.0,0.0,0.0,0.0,1.000000000330095,0.31643212,0.086884982,0.086884982,0.086884982,-257.27478,-97.920738,-3655.0689,-0.31643212,-214.70488,-165.34298,-182.54991,0.11025178,0.11025178,0.11025178,-12955.112,0.072404152,0.072404152,0.072404152,-394.2862,0.31643212,-382.42516,.
2247.0,2677.1188,1.2222222,0.0,0.0,0.0,0.0,0.0,3377.2159,0.0,0.0,0.0,0.44444444,0.0,0.0,0.0,1.2222222,0.0,0.0,0.0,727.06233,0.7049778282905136,0.05499999905500016,0.0,0.0,0.0,0.0,0.0,0.3300699303932589,0.0,0.0,0.0,0.019999999820000055,0.0,0.0,0.0,0.05499999905500016,0.0,0.0,0.0,1.000000000330095,0.30747187,0.30822748,0.30822748,0.30822748,-323.3152,-166.0462,-6020.024,-0.30747187,-342.31967,-276.15111,-275.1824,0.391122,0.391122,0.391122,-22318.772,0.25685624,0.25685624,0.25685624,-675.34253,0.30747187,-384.10066000000006,.
2248.0,2621.3889,0.0,0.0,0.0,0.0,0.0,0.0,3379.147,0.0,0.0,0.0,0.0,0.0,0.0,0.0,0.0,0.0,0.0,0.0,727.06233,0.6903022211143033,0.0,0.0,0.0,0.0,0.0,0.0,0.33025866515628755,0.0,0.0,0.0,0.0,0.0,0.0,0.0,0.0,0.0,0.0,0.0,1.000000000330095,0.29826762,0.081897429,0.081897429,0.081897429,-242.50615,-92.299687,-3445.253,-0.29826762,-202.37995,-155.85162,-172.0708,0.10392287,0.10392287,0.10392287,-12211.436,0.068247857,0.068247857,0.068247857,-371.65256,0.29826762,-385.67905999999994,.
2249.0,2677.1188,1.2222222,0.0,0.0,0.0,0.0,0.0,3377.2159,0.0,0.0,0.0,0.44444444,0.0,0.0,0.0,1.2222222,0.0,0.0,0.0,727.06233,0.7049778282905136,0.05499999905500016,0.0,0.0,0.0,0.0,0.0,0.33006993039325927,0.0,0.0,0.0,0.019999999820000055,0.0,0.0,0.0,0.05499999905500016,0.0,0.0,0.0,1.000000000330095,0.28982173,0.29053396,0.29053396,0.29053396,-304.75558,-156.51447,-5674.45,-0.28982173,-322.66912,-260.29891,-259.38581,0.36866999,0.36866999,0.36866999,-21037.583,0.24211164,0.24211164,0.24211164,-636.5751,0.28982173,-387.37015999999994,.
2250.0,2621.3889,0.0,0.0,0.0,0.0,0.0,0.0,3379.147,0.0,0.0,0.0,0.0,0.0,0.0,0.0,0.0,0.0,0.0,0.0,727.06233,0.6903022211143032,0.0,0.0,0.0,0.0,0.0,0.0,0.33025866515628766,0.0,0.0,0.0,0.0,0.0,0.0,0.0,0.0,0.0,0.0,0.0,1.000000000330095,0.28114584,0.077196181,0.077196181,0.077196181,-228.58531,-87.001307,-3247.4814,-0.28114584,-190.76251,-146.9051,-162.19323,0.097957275,0.097957275,0.097957275,-11510.449,0.064330151,0.064330151,0.064330151,-350.31818,0.28114584,-389.37336000000005,.
2251.0,2677.1188,1.2222222,0.0,0.0,0.0,0.0,0.0,3377.2159,0.0,0.0,0.0,0.44444444,0.0,0.0,0.0,1.2222222,0.0,0.0,0.0,727.06233,0.7049778282905136,0.05499999905500016,0.0,0.0,0.0,0.0,0.0,0.3300699303932583,0.0,0.0,0.0,0.019999999820000055,0.0,0.0,0.0,0.05499999905500016,0.0,0.0,0.0,1.000000000330095,0.27318478,0.27385613,0.27385613,0.27385613,-287.26136,-147.5299,-5348.7134,-0.27318478,-304.14659,-245.35669,-244.496,0.34750683,0.34750683,0.34750683,-19829.94,0.22821344,0.22821344,0.22821344,-600.03309,0.27318478,-391.87156000000004,.
2252.0,2621.3889,0.0,0.0,0.0,0.0,0.0,0.0,3379.147,0.0,0.0,0.0,0.0,0.0,0.0,0.0,0.0,0.0,0.0,0.0,727.06233,0.6903022211143031,0.0,0.0,0.0,0.0,0.0,0.0,0.3302586651562876,0.0,0.0,0.0,0.0,0.0,0.0,0.0,0.0,0.0,0.0,0.0,1.000000000330095,0.26500691,0.072764805,0.072764805,0.072764805,-215.46358,-82.007077,-3061.0627,-0.26500691,-179.81196,-138.47215,-152.88267,0.092334127,0.092334127,0.092334127,-10849.702,0.060637337,0.060637337,0.060637337,-330.20848,0.26500691,-394.4645599999999,.
2253.0,2677.1188,1.2222222,0.0,0.0,0.0,0.0,0.0,3377.2159,0.0,0.0,0.0,0.44444444,0.0,0.0,0.0,1.2222222,0.0,0.0,0.0,727.06233,0.7049778282905137,0.05499999905500016,0.0,0.0,0.0,0.0,0.0,0.3300699303932593,0.0,0.0,0.0,0.019999999820000055,0.0,0.0,0.0,0.05499999905500016,0.0,0.0,0.0,1.000000000330095,0.25750285,0.25813566,0.25813566,0.25813566,-270.77139,-139.06108,-5041.6753,-0.25750285,-286.68733,-231.27221,-230.46093,0.32755851,0.32755851,0.32755851,-18691.62,0.21511305,0.21511305,0.21511305,-565.58874,0.25750285,-397.24425999999994,.
2254.0,2621.3889,0.0,0.0,0.0,0.0,0.0,0.0,3379.147,0.0,0.0,0.0,0.0,0.0,0.0,0.0,0.0,0.0,0.0,0.0,727.06233,0.6903022211143034,0.0,0.0,0.0,0.0,0.0,0.0,0.3302586651562874,0.0,0.0,0.0,0.0,0.0,0.0,0.0,0.0,0.0,0.0,0.0,1.000000000330095,0.24979443,0.068587807,0.068587807,0.068587807,-203.09509,-77.299535,-2885.3451,-0.24979443,-169.49002,-130.52328,-144.10658,0.087033771,0.087033771,0.087033771,-10226.885,0.057156506,0.057156506,0.057156506,-311.25316,0.24979443,-400.12436,.
2255.0,2677.1188,1.2222222,0.0,0.0,0.0,0.0,0.0,3377.2159,0.0,0.0,0.0,0.44444444,0.0,0.0,0.0,1.2222222,0.0,0.0,0.0,727.06233,0.7049778282905136,0.05499999905500016,0.0,0.0,0.0,0.0,0.0,0.330069930393259,0.0,0.0,0.0,0.019999999820000055,0.0,0.0,0.0,0.05499999905500016,0.0,0.0,0.0,1.000000000330095,0.24272114,0.24331762,0.24331762,0.24331762,-255.228,-131.07841,-4752.2626,-0.24272114,-270.23031,-217.99624,-217.23153,0.30875532,0.30875532,0.30875532,-17618.645,0.20276468,0.20276468,0.20276468,-533.12163,0.24272114,-403.41185999999993,.
2256.0,2621.3889,0.0,0.0,0.0,0.0,0.0,0.0,3379.147,0.0,0.0,0.0,0.0,0.0,0.0,0.0,0.0,0.0,0.0,0.0,727.06233,0.6903022211143031,0.0,0.0,0.0,0.0,0.0,0.0,0.33025866515628693,0.0,0.0,0.0,0.0,0.0,0.0,0.0,0.0,0.0,0.0,0.0,1.000000000330095,0.23545521,0.064650586,0.064650586,0.064650586,-191.4366,-72.862225,-2719.7145,-0.23545521,-159.7606,-123.03071,-135.83428,0.082037676,0.082037676,0.082037676,-9639.82,0.053875489,0.053875489,0.053875489,-293.38596,0.23545521,-406.3032599999999,.
2257.0,2677.1188,1.2222222,0.0,0.0,0.0,0.0,0.0,3377.2159,0.0,0.0,0.0,0.44444444,0.0,0.0,0.0,1.2222222,0.0,0.0,0.0,727.06233,0.7049778282905136,0.05499999905500016,0.0,0.0,0.0,0.0,0.0,0.3300699303932586,0.0,0.0,0.0,0.019999999820000055,0.0,0.0,0.0,0.05499999905500016,0.0,0.0,0.0,1.000000000330095,0.22878795,0.22935019,0.22935019,0.22935019,-240.57687,-123.55397,-4479.4632,-0.22878795,-254.71798,-205.48236,-204.76155,0.2910315,0.2910315,0.2910315,-16607.262,0.19112516,0.19112516,0.19112516,-502.51827,0.22878795,-409.0587599999999,.
2258.0,2621.3889,0.0,0.0,0.0,0.0,0.0,0.0,3379.147,0.0,0.0,0.0,0.0,0.0,0.0,0.0,0.0,0.0,0.0,0.0,727.06233,0.6903022211143031,0.0,0.0,0.0,0.0,0.0,0.0,0.3302586651562879,0.0,0.0,0.0,0.0,0.0,0.0,0.0,0.0,0.0,0.0,0.0,1.000000000330095,0.22193912,0.060939378,0.060939378,0.060939378,-180.44735,-68.679636,-2563.5918,-0.22193912,-150.58969,-115.96824,-128.03683,0.077328378,0.077328378,0.077328378,-9086.4549,0.050782815,0.050782815,0.050782815,-276.5444,0.22193912,-411.51376000000005,.
2259.0,2677.1188,1.2222222,0.0,0.0,0.0,0.0,0.0,3377.2159,0.0,0.0,0.0,0.44444444,0.0,0.0,0.0,1.2222222,0.0,0.0,0.0,727.06233,0.7049778282905136,0.05499999905500016,0.0,0.0,0.0,0.0,0.0,0.3300699303932585,0.0,0.0,0.0,0.019999999820000055,0.0,0.0,0.0,0.05499999905500016,0.0,0.0,0.0,1.000000000330095,0.21565459,0.21618456,0.21618456,0.21618456,-226.76677,-116.46147,-4222.3237,-0.21565459,-240.09613,-193.68683,-193.0074,0.2743251,0.2743251,0.2743251,-15653.938,0.1801538,0.1801538,0.1801538,-473.67166,0.21565459,-414.12645999999995,.
2260.0,2621.3889,0.0,0.0,0.0,0.0,0.0,0.0,3379.147,0.0,0.0,0.0,0.0,0.0,0.0,0.0,0.0,0.0,0.0,0.0,727.06233,0.6903022211143033,0.0,0.0,0.0,0.0,0.0,0.0,0.330258665156287,0.0,0.0,0.0,0.0,0.0,0.0,0.0,0.0,0.0,0.0,0.0,1.000000000330095,0.20919891,0.057441209,0.057441209,0.057441209,-170.08894,-64.737143,-2416.4311,-0.20919891,-141.94522,-109.31119,-120.687,0.072889413,0.072889413,0.072889413,-8564.8552,0.047867674,0.047867674,0.047867674,-260.66962,0.20919891,-416.3611599999999,.
2261.0,2677.1188,1.2222222,0.0,0.0,0.0,0.0,0.0,3377.2159,0.0,0.0,0.0,0.44444444,0.0,0.0,0.0,1.2222222,0.0,0.0,0.0,727.06233,0.7049778282905136,0.05499999905500016,0.0,0.0,0.0,0.0,0.0,0.33006993039325916,0.0,0.0,0.0,0.019999999820000055,0.0,0.0,0.0,0.05499999905500016,0.0,0.0,0.0,1.000000000330095,0.20327513,0.20377468,0.20377468,0.20377468,-213.74943,-109.7761,-3979.9451,-0.20327513,-226.31363,-182.56842,-181.92799,0.25857772,0.25857772,0.25857772,-14755.337,0.16981223,0.16981223,0.16981223,-446.48097,0.20327513,-418.45396000000005,.
2262.0,2621.3889,0.0,0.0,0.0,0.0,0.0,0.0,3379.147,0.0,0.0,0.0,0.0,0.0,0.0,0.0,0.0,0.0,0.0,0.0,727.06233,0.6903022211143031,0.0,0.0,0.0,0.0,0.0,0.0,0.33025866515628693,0.0,0.0,0.0,0.0,0.0,0.0,0.0,0.0,0.0,0.0,0.0,1.000000000330095,0.19719003,0.054143848,0.054143848,0.054143848,-160.32514,-61.020967,-2277.7181,-0.19719003,-133.79699,-103.03628,-113.75907,0.068705262,0.068705262,0.068705262,-8073.1975,0.045119874,0.045119874,0.045119874,-245.70612,0.19719003,-420.11696000000006,.
2263.0,2677.1188,1.2222222,0.0,0.0,0.0,0.0,0.0,3377.2159,0.0,0.0,0.0,0.44444444,0.0,0.0,0.0,1.2222222,0.0,0.0,0.0,727.06233,0.7049778282905135,0.05499999905500016,0.0,0.0,0.0,0.0,0.0,0.330069930393259,0.0,0.0,0.0,0.019999999820000055,0.0,0.0,0.0,0.05499999905500016,0.0,0.0,0.0,1.000000000330095,0.19160631,0.19207718,0.19207718,0.19207718,-201.47934,-103.4745,-3751.4799,-0.19160631,-213.3223,-172.08824,-171.48457,0.2437343,0.2437343,0.2437343,-13908.321,0.16006431,0.16006431,0.16006431,-420.85114,0.19160631,-421.4608599999999,.
2264.0,2621.3889,0.0,0.0,0.0,0.0,0.0,0.0,3379.147,0.0,0.0,0.0,0.0,0.0,0.0,0.0,0.0,0.0,0.0,0.0,727.06233,0.6903022211143031,0.0,0.0,0.0,0.0,0.0,0.0,0.3302586651562874,0.0,0.0,0.0,0.0,0.0,0.0,0.0,0.0,0.0,0.0,0.0,1.000000000330095,0.18587052,0.05103577,0.05103577,0.05103577,-151.12182,-57.518113,-2146.9678,-0.18587052,-126.11649,-97.121577,-107.22883,0.064761299,0.064761299,0.064761299,-7609.7629,0.042529808,0.042529808,0.042529808,-231.60159,0.18587052,-422.5849599999999,.
2265.0,2677.1188,1.2222222,0.0,0.0,0.0,0.0,0.0,3377.2159,0.0,0.0,0.0,0.44444444,0.0,0.0,0.0,1.2222222,0.0,0.0,0.0,727.06233,0.7049778282905136,0.05499999905500016,0.0,0.0,0.0,0.0,0.0,0.3300699303932584,0.0,0.0,0.0,0.019999999820000055,0.0,0.0,0.0,0.05499999905500016,0.0,0.0,0.0,1.000000000330095,0.18060732,0.18105116,0.18105116,0.18105116,-189.9136,-97.534645,-3536.1297,-0.18060732,-201.07673,-162.20968,-161.64066,0.22974295,0.22974295,0.22974295,-13109.926,0.15087597,0.15087597,0.15087597,-396.69256,0.18060732,-423.56386,.
2266.0,2621.3889,0.0,0.0,0.0,0.0,0.0,0.0,3379.147,0.0,0.0,0.0,0.0,0.0,0.0,0.0,0.0,0.0,0.0,0.0,727.06233,0.6903022211143032,0.0,0.0,0.0,0.0,0.0,0.0,0.33025866515628705,0.0,0.0,0.0,0.0,0.0,0.0,0.0,0.0,0.0,0.0,0.0,1.000000000330095,0.17520079,0.048106108,0.048106108,0.048106108,-142.44681,-54.216338,-2023.723,-0.17520079,-118.87689,-91.546402,-101.07346,0.061043736,0.061043736,0.061043736,-7172.9314,0.040088423,0.040088423,0.040088423,-218.30671,0.17520079,-423.9698599999999,.
2267.0,2677.1188,1.2222222,0.0,0.0,0.0,0.0,0.0,3377.2159,0.0,0.0,0.0,0.44444444,0.0,0.0,0.0,1.2222222,0.0,0.0,0.0,727.06233,0.7049778282905136,0.05499999905500016,0.0,0.0,0.0,0.0,0.0,0.3300699303932586,0.0,0.0,0.0,0.019999999820000055,0.0,0.0,0.0,0.05499999905500016,0.0,0.0,0.0,1.000000000330095,0.17023972,0.17065808,0.17065808,0.17065808,-179.01179,-91.935757,-3333.1413,-0.17023972,-189.5341,-152.89818,-152.36182,0.21655477,0.21655477,0.21655477,-12357.363,0.14221507,0.14221507,0.14221507,-373.92078,0.17023972,-424.20666000000006,.
2268.0,2621.3889,0.0,0.0,0.0,0.0,0.0,0.0,3379.147,0.0,0.0,0.0,0.0,0.0,0.0,0.0,0.0,0.0,0.0,0.0,727.06233,0.6903022211143033,0.0,0.0,0.0,0.0,0.0,0.0,0.3302586651562863,0.0,0.0,0.0,0.0,0.0,0.0,0.0,0.0,0.0,0.0,0.0,1.000000000330095,0.16514355,0.045344621,0.045344621,0.045344621,-134.26978,-51.104099,-1907.5531,-0.16514355,-112.05287,-86.291264,-95.271428,0.057539575,0.057539575,0.057539575,-6761.1758,0.037787184,0.037787184,0.037787184,-205.77501,0.16514355,-424.06816000000003,.
2269.0,2677.1188,1.2222222,0.0,0.0,0.0,0.0,0.0,3377.2159,0.0,0.0,0.0,0.44444444,0.0,0.0,0.0,1.2222222,0.0,0.0,0.0,727.06233,0.7049778282905136,0.05499999905500016,0.0,0.0,0.0,0.0,0.0,0.3300699303932591,0.0,0.0,0.0,0.019999999820000055,0.0,0.0,0.0,0.05499999905500016,0.0,0.0,0.0,1.000000000330095,0.16046726,0.16086161,0.16086161,0.16086161,-168.73578,-86.658268,-3141.8054,-0.16046726,-178.65407,-144.1212,-143.61563,0.20412364,0.20412364,0.20412364,-11648.0,0.13405134,0.13405134,0.13405134,-352.4562,0.16046726,-423.68316000000004,.
2270.0,2621.3889,0.0,0.0,0.0,0.0,0.0,0.0,3379.147,0.0,0.0,0.0,0.0,0.0,0.0,0.0,0.0,0.0,0.0,0.0,727.06233,0.6903022211143033,0.0,0.0,0.0,0.0,0.0,0.0,0.330258665156287,0.0,0.0,0.0,0.0,0.0,0.0,0.0,0.0,0.0,0.0,0.0,1.000000000330095,0.15566363,0.042741654,0.042741654,0.042741654,-126.56214,-48.170515,-1798.0517,-0.15566363,-105.62058,-81.337792,-89.802459,0.054236568,0.054236568,0.054236568,-6373.0567,0.035618045,0.035618045,0.035618045,-193.96268,0.15566363,-422.65696,.
2271.0,2677.1188,1.2222222,0.0,0.0,0.0,0.0,0.0,3377.2159,0.0,0.0,0.0,0.44444444,0.0,0.0,0.0,1.2222222,0.0,0.0,0.0,727.06233,0.7049778282905137,0.05499999905500016,0.0,0.0,0.0,0.0,0.0,0.33006993039325844,0.0,0.0,0.0,0.019999999820000055,0.0,0.0,0.0,0.05499999905500016,0.0,0.0,0.0,1.000000000330095,0.15125579,0.1516275,0.1516275,0.1516275,-159.04965,-81.683729,-2961.4529,-0.15125579,-168.39859,-135.84805,-135.37151,0.1924061,0.1924061,0.1924061,-10979.357,0.12635625,0.12635625,0.12635625,-332.22377,0.15125579,-421.41635999999994,.
2272.0,2621.3889,0.0,0.0,0.0,0.0,0.0,0.0,3379.147,0.0,0.0,0.0,0.0,0.0,0.0,0.0,0.0,0.0,0.0,0.0,727.06233,0.6903022211143032,0.0,0.0,0.0,0.0,0.0,0.0,0.33025866515628627,0.0,0.0,0.0,0.0,0.0,0.0,0.0,0.0,0.0,0.0,0.0,1.000000000330095,0.1467279,0.040288108,0.040288108,0.040288108,-119.29696,-45.40533,-1694.8362,-0.1467279,-99.557523,-76.66867,-84.64743,0.051123167,0.051123167,0.051123167,-6007.2171,0.033573423,0.033573423,0.033573423,-182.82843,0.1467279,-419.88716,.
