Fig1, disc 0.03, temp0 971.25, tau 2.5, ffi removal, Wpt fitted, 2025-2125. Solve status Optimal. Total revenue -0.0010582994980268268
Year,Agriculture mtC,Black_walnut_10 mhectares,Black_walnut_150 mhectares,Black_walnut_55 mhectares,C2F6 kt,CF4 kt,CH4 mt,Carbon mtC,HFC125 kt,HFC134a kt,HFC143a kt,Loblolly_pine_10 mhectares,Loblolly_pine_150 mhectares,Loblolly_pine_24 mhectares,N2O mt,Ponderosa_pine_10 mhectares,Ponderosa_pine_103 mhectares,Ponderosa_pine_150 mhectares,SF6 kt,Seaweed mt,Agriculture % max bid,Black_walnut_10 % max bid,Black_walnut_150 % max bid,Black_walnut_55 % max bid,C2F6 % max bid,CF4 % max bid,CH4 % max bid,Carbon % max bid,HFC125 % max bid,HFC134a % max bid,HFC143a % max bid,Loblolly_pine_10 % max bid,Loblolly_pine_150 % max bid,Loblolly_pine_24 % max bid,N2O % max bid,Ponderosa_pine_10 % max bid,Ponderosa_pine_103 % max bid,Ponderosa_pine_150 % max bid,SF6 % max bid,Seaweed % max bid,Agriculture $M/mtC,Black_walnut_10 $M/mhectares,Black_walnut_150 $M/mhectares,Black_walnut_55 $M/mhectares,C2F6 $M/kt,CF4 $M/kt,CH4 $M/mt,Carbon $M/mtC,HFC125 $M/kt,HFC134a $M/kt,HFC143a $M/kt,Loblolly_pine_10 $M/mhectares,Loblolly_pine_150 $M/mhectares,Loblolly_pine_24 $M/mhectares,N2O $M/mt,Ponderosa_pine_10 $M/mhectares,Ponderosa_pine_103 $M/mhectares,Ponderosa_pine_150 $M/mhectares,SF6 $M/kt,Seaweed $M/mt,temp change,Capt pi
2025.0,600.43735,1.8888889,1.5555556,2.1111111,5.3983,12.2168,142.19242,9369.6276,89.349,173.879,64.3741,1.8888889,2.1111111,2.0,0.242,1.8888889,2.6666667,1.5555556,2.2441,727.06233,0.15811588900257656,0.08500000058500023,0.07000000207000019,0.09499999959500027,1.0000000005557308,0.9999999997544363,0.5468939230685094,0.9157342679047419,0.9999999999776166,1.0000000000230045,0.999999999937863,0.08500000058500023,0.09499999959500027,0.09000000009000025,0.0331461443637858,0.08500000058500023,0.12000000162000034,0.07000000207000019,1.0000000003119294,1.000000000330095,10.643245,257.30904,3682.0096,2016.9835,-100.14807,-45.935465,-53.120267,-26.608112,-9.5247226,-3.2259924,-20.760778,407.97661,3861.3306,1670.1085,-3213.0913,212.51212,6159.2759,6240.1336,-188.20704,10.643245,973.8289554999999,.
2026.0,600.43735,2.0,1.6666667,2.2222222,5.3983,12.2168,142.19242,9369.6276,89.349,173.879,64.3741,2.0,2.2222222,2.1111111,0.222,2.0,2.7777778,1.6666667,2.2441,727.06233,0.15811588900257662,0.09000000009000025,0.07500000157500021,0.09999999910000028,1.0000000005557304,0.9999999997544363,0.5468939230685097,0.9157342679047401,0.9999999999776159,1.0000000000230052,0.9999999999378631,0.09000000009000025,0.09999999910000028,0.09499999959500027,0.030406793589919223,0.09000000009000025,0.12500000112500034,0.07500000157500021,1.000000000311929,1.000000000330095,10.648461,257.34895,3668.8596,2023.6845,-100.38968,-45.974971,-53.12756,-26.621152,-9.4339755,-3.2362837,-11.018664,408.03739,3870.5702,1676.4062,-3229.4995,212.54514,6105.2668,6185.8276,-169.02446,10.648461,978.3264654,.
2027.0,600.43735,2.1111111,1.7777778,2.4444444,5.3983,12.2168,142.19242,9308.8091,89.349,173.879,64.3741,2.1111111,2.3333333,2.2222222,0.202,2.1111111,2.8888889,1.6666667,2.2441,727.06233,0.15811588900257653,0.09499999959500027,0.08000000108000023,0.10999999811000032,1.0000000005557304,0.9999999997544365,0.5468939230685095,0.9097902126071166,0.9999999999776159,1.0000000000230047,0.9999999999378631,0.09499999959500027,0.1049999986050003,0.09999999910000028,0.02766744281605263,0.09499999959500027,0.13000000063000036,0.07500000157500021,1.0000000003119294,1.000000000330095,10.650428,257.39102,3655.4249,2030.3951,-100.14375,-45.963848,-53.933628,-26.62607,-9.4818688,-3.2311626,-20.826636,408.10156,3880.2073,1682.7803,-3246.4028,212.57995,6050.1616,6130.4058,-188.30857,10.650428,983.9941399999999,.
2028.0,600.43735,2.2222222,1.8888889,2.5555556,5.3983,12.2168,142.19242,9308.8091,89.349,173.879,64.3741,2.2222222,2.5555556,2.4444444,0.186,2.2222222,2.8888889,1.7777778,2.2441,727.06233,0.1581158890025766,0.09999999910000028,0.08500000058500023,0.11500000211500032,1.0000000005557306,0.9999999997544369,0.5468939230685095,0.9097902126071168,0.9999999999776156,1.0000000000230043,0.9999999999378634,0.09999999910000028,0.11500000211500032,0.10999999811000032,0.025475962196959356,0.09999999910000028,0.13000000063000036,0.08000000108000023,1.0000000003119285,1.000000000330095,10.651547,257.431,3641.6821,2037.5173,-100.48922,-46.173623,-54.338475,-26.628867,-9.7595932,-3.2260512,-20.834243,408.16282,3890.2331,1689.2287,-3263.1842,212.61302,5994.1627,6074.0408,-188.14656,10.651547,990.346768,.
2029.0,600.43735,2.4444444,2.0,2.7777778,5.3983,12.2168,142.19242,9233.6803,89.349,173.879,64.3741,2.4444444,2.6666667,2.5555556,0.162,2.4444444,3.0,1.8888889,2.2441,727.06233,0.15811588900257656,0.10999999811000032,0.09000000009000025,0.12500000112500034,1.0000000005557304,0.9999999997544368,0.5468939230685095,0.9024475497390041,0.9999999999776155,1.000000000023004,0.9999999999378634,0.10999999811000032,0.12000000162000034,0.11500000211500032,0.02218874126831944,0.10999999811000032,0.13500000013500038,0.08500000058500023,1.0000000003119287,1.000000000330095,10.652856,257.46699,3627.6238,2045.4141,-99.930556,-56.333179,-55.12897,-26.632139,-18.332458,-4.2360676,-20.741555,408.21769,3900.441,1695.5338,-3279.2763,212.64279,5937.4342,6016.8798,-188.1231,10.652856,1004.866492,.
2030.0,600.43735,2.5555556,2.1111111,2.8888889,5.3983,12.2168,142.19242,9233.6803,89.349,173.879,64.3741,2.5555556,2.8888889,2.7777778,0.146,2.5555556,3.1111111,2.0,2.2441,727.06233,0.15811588900257656,0.11500000211500032,0.09499999959500027,0.13000000063000036,1.0000000005557308,0.9999999997544371,0.5468939230685098,0.9024475497390053,0.9999999999776154,1.0000000000230047,0.9999999999378634,0.11500000211500032,0.13000000063000036,0.12500000112500034,0.019997260649226148,0.11500000211500032,0.1399999996400004,0.09000000009000025,1.0000000003119291,1.000000000330095,10.653992,258.11487,3613.2597,2053.8502,-100.03579,-45.85475,-55.137418,-26.634981,-9.4301556,-3.2331362,-20.550706,409.55099,3910.5582,1701.4745,-3280.3932,213.17084,5879.9227,5958.8813,-187.61115,10.653992,1037.307397,.
2031.0,600.43735,2.6666667,2.2222222,3.1111111,5.3983,12.2168,142.19242,9233.6803,89.349,173.879,64.3741,2.6666667,3.0,2.8888889,0.122,2.6666667,3.2222222,2.0,2.2441,727.06233,0.15811588900257662,0.12000000162000034,0.09999999910000028,0.1399999996400004,1.0000000005557306,0.9999999997544367,0.5468939230685097,0.9024475497390035,0.9999999999776165,1.0000000000230045,0.9999999999378634,0.12000000162000034,0.13500000013500038,0.13000000063000036,0.016710039720586236,0.12000000162000034,0.14499999914500042,0.09000000009000025,1.000000000311929,1.000000000330095,10.655448,258.79035,3598.5763,2062.74,-99.964922,-56.453307,-55.943497,-26.638621,-18.343416,-4.2387888,-30.583822,410.84812,3920.5686,1707.043,-3297.1056,213.72328,5821.6035,5900.034,-188.11966,10.655448,1071.40876,.
2032.0,600.43735,2.8888889,2.3333333,3.3333333,5.3983,12.2168,142.19242,9165.7067,89.349,173.879,64.3741,2.8888889,3.2222222,3.1111111,0.108,2.8888889,3.3333333,2.1111111,2.2441,727.06233,0.15811588900257656,0.13000000063000036,0.1049999986050003,0.14999999865000044,1.0000000005557308,0.9999999997544365,0.5468939230685094,0.8958041955428487,0.9999999999776156,1.0000000000230047,0.9999999999378636,0.13000000063000036,0.14499999914500042,0.1399999996400004,0.014792494178879624,0.13000000063000036,0.14999999865000044,0.09499999959500027,1.0000000003119283,1.000000000330095,10.660138,259.45867,3583.596,2071.912,-100.00481,-45.759355,-56.347855,-26.650344,-9.411433,-3.223282,-20.740471,412.03073,3930.477,1712.2373,-3297.9476,214.27235,5762.5074,5840.3834,-187.9063,10.660138,1106.0679499999999,.
2033.0,600.43735,3.0,2.5555556,3.5555556,5.3983,12.2168,142.19242,9165.7067,89.349,173.879,64.3741,3.1111111,3.3333333,3.2222222,0.09,3.0,3.4444444,2.2222222,2.2441,727.06233,0.15811588900257653,0.13500000013500038,0.11500000211500032,0.16000000216000046,1.0000000005557308,0.9999999997544365,0.5468939230685097,0.8958041955428502,0.9999999999776161,1.0000000000230045,0.999999999937863,0.1399999996400004,0.14999999865000044,0.14499999914500042,0.012327078482399677,0.13500000013500038,0.15499999815500043,0.09999999910000028,1.0000000003119291,1.000000000330095,10.661816,260.11788,3568.31,2081.7483,-100.35865,-56.712235,-57.154621,-26.654539,-18.595033,-4.2794936,-30.722946,413.09373,3940.2974,1717.0518,-3314.978,214.81652,5702.6596,5779.9599,-187.99043,10.661816,1140.72795,.
2034.0,600.43735,3.2222222,2.6666667,3.7777778,5.3983,12.2168,131.41534,9108.4658,89.349,173.879,64.3741,3.2222222,3.5555556,3.4444444,0.072,3.2222222,3.5555556,2.3333333,2.2441,727.06233,0.15811588900257662,0.14499999914500042,0.12000000162000034,0.17000000117000047,1.0000000005557301,0.9999999997544365,0.5054436153768395,0.8902097945812028,0.9999999999776162,1.0000000000230047,0.9999999999378634,0.14499999914500042,0.16000000216000046,0.15499999815500043,0.009861662785919746,0.14499999914500042,0.16000000216000046,0.1049999986050003,1.0000000003119294,1.000000000330095,10.66273,261.49255,3552.7248,2092.4297,-100.3959,-56.540219,-57.555012,-26.656824,-18.41742,-4.2525388,-30.739309,415.54898,3950.04,1721.4902,-3331.4864,215.94544,5642.0896,5718.7749,-188.1527,10.66273,1175.18148,.
2035.0,600.43735,3.4444444,2.7777778,3.8888889,5.3983,12.2168,131.41534,9108.4658,89.349,173.879,64.3741,3.4444444,3.7777778,3.6666667,0.054,3.4444444,3.6666667,2.4444444,2.2441,727.06233,0.1581158890025766,0.15499999815500043,0.12500000112500034,0.1750000006750005,1.0000000005557308,0.9999999997544368,0.5054436153768394,0.8902097945812057,0.9999999999776158,1.0000000000230047,0.999999999937863,0.15499999815500043,0.17000000117000047,0.16500000166500048,0.007396247089439811,0.15499999815500043,0.16500000166500048,0.10999999811000032,1.0000000003119294,1.000000000330095,10.663642,263.60596,3536.8214,2103.8242,-99.937686,-46.246689,-57.967512,-26.659105,-18.617695,-4.2750216,-21.121458,419.33259,3959.6908,1725.5452,-3332.3496,217.68074,5580.8377,5656.8501,-188.23297,10.663642,1209.91923,.
2036.0,686.66351,3.6666667,2.8888889,4.2222222,5.3983,12.2168,131.41534,9029.7595,89.349,173.879,64.3741,3.6666667,4.0,3.8888889,0.039,3.6666667,3.7777778,2.4444444,2.2441,727.06233,0.18082221455623906,0.16500000166500048,0.13000000063000036,0.18999999919000055,1.0000000005557308,0.9999999997544373,0.5054436153768395,0.8825174871505459,0.9999999999776158,1.0000000000230047,0.9999999999378634,0.16500000166500048,0.1800000001800005,0.1750000006750005,0.005341734009039864,0.16500000166500048,0.17000000117000047,0.10999999811000032,1.000000000311929,1.000000000330095,10.664734,265.58764,3520.3575,2115.6365,-99.978768,-45.839726,-58.375668,-26.661834,-9.5151171,-3.2264498,-20.750373,422.70251,3969.3483,1729.1743,-3332.7211,219.31189,5518.6264,5593.7963,-168.79384,10.664734,1242.6423,.
2037.0,686.66351,3.8888889,3.0,4.4444444,5.3983,12.2168,131.41534,8768.5976,89.349,173.879,64.3741,3.8888889,4.2222222,4.0,0.015,3.8888889,4.0,2.5555556,2.2441,727.06233,0.18082221455623906,0.1750000006750005,0.13500000013500038,0.19999999820000056,1.0000000005557312,0.9999999997544363,0.5054436153768392,0.8569930040535741,0.9999999999776156,1.000000000023004,0.9999999999378634,0.1750000006750005,0.18999999919000055,0.1800000001800005,0.0020545130803999484,0.1750000006750005,0.1800000001800005,0.11500000211500032,1.0000000003119285,1.000000000330095,10.666847,267.43079,3503.2359,2127.43,-99.863555,-46.102297,-59.177703,-26.667119,-18.611523,-4.273475,-30.94172,425.65569,3978.9996,1732.3742,-3365.4969,220.8336,5455.7125,5529.9387,-188.00121,10.666847,1271.9830499999998,.
2038.0,686.66351,4.1111111,3.1111111,4.6666667,5.3983,12.2168,131.41534,8768.5976,89.349,173.879,64.3741,4.1111111,4.3333333,4.2222222,0.0,4.1111111,4.1111111,2.6666667,2.2441,727.06233,0.18082221455623906,0.1849999996850005,0.1399999996400004,0.2100000017100006,1.0000000005557308,0.9999999997544367,0.5054436153768395,0.8569930040535753,0.9999999999776155,1.000000000023004,0.9999999999378634,0.1849999996850005,0.19499999869500054,0.18999999919000055,0.0,0.1849999996850005,0.1849999996850005,0.12000000162000034,1.0000000003119291,1.000000000330095,10.668087,269.16285,3485.4369,2139.1456,-100.23971,-46.080463,-59.587841,-26.670218,-9.7169795,-3.2561416,-21.190345,428.24936,3988.7098,1735.1432,-3366.3171,222.26771,5392.2476,5465.4851,-187.9373,10.668087,1304.77543,.
2039.0,686.66351,4.3333333,3.3333333,4.8888889,5.3983,12.2168,131.41534,8389.3764,89.349,173.879,64.3741,4.4444444,4.5555556,4.4444444,0.0,4.3333333,4.2222222,2.7777778,2.2441,727.06233,0.18082221455623906,0.19499999869500054,0.14999999865000044,0.22000000072000064,1.000000000555731,0.9999999997544372,0.5054436153768392,0.8199300744707634,0.9999999999776168,1.0000000000230045,0.999999999937863,0.19999999820000056,0.2050000022050006,0.19999999820000056,0.0,0.19499999869500054,0.18999999919000055,0.12500000112500034,1.0000000003119294,1.000000000330095,10.668821,270.7755,3466.9376,2150.7772,-100.32025,-45.895896,-60.383555,-26.672053,-18.647711,-4.2826109,-30.763526,430.46122,3998.3139,1737.4841,-3382.8172,223.60752,5328.1435,5400.3481,-187.97953,10.668821,1335.11305,.
2040.0,686.66351,4.6666667,3.4444444,5.1111111,5.3983,12.2168,131.41534,8324.9803,89.349,173.879,64.3741,4.6666667,4.8127832,4.6666667,0.0,4.6666667,4.3333333,2.8888889,2.2441,727.06233,0.18082221455623912,0.2100000017100006,0.15499999815500043,0.22999999973000063,1.0000000005557308,0.9999999997544361,0.5054436153768395,0.8136363648371556,0.9999999999776158,1.000000000023005,0.9999999999378631,0.2100000017100006,0.21657524421657587,0.2100000017100006,0.0,0.2100000017100006,0.19499999869500054,0.13000000063000036,1.0000000003119285,1.000000000330095,10.86713,272.11881,3447.6208,2162.1838,-99.937509,-45.942889,-60.789633,-27.167825,-9.5056066,-3.236832,-20.876288,432.20004,4007.8958,1739.3745,-3383.3031,224.72614,5263.3623,5334.4491,-168.13432,10.86713,1364.29902,.
2041.0,686.66351,4.8888889,3.5555556,5.4444444,5.3983,12.2168,122.1155,8324.9803,89.349,173.879,64.3741,4.8888889,5.1111111,4.8888889,0.0,4.8888889,4.4444444,2.8888889,2.2441,727.06233,0.18082221455623904,0.22000000072000064,0.16000000216000046,0.24499999824500068,1.0000000005557308,0.9999999997544367,0.4696749999927744,0.8136363648371582,0.9999999999776156,1.0000000000230047,0.9999999999378634,0.22000000072000064,0.22999999973000063,0.22000000072000064,0.0,0.22000000072000064,0.19999999820000056,0.13000000063000036,1.0000000003119291,1.000000000330095,10.879873,273.17625,3427.453,2173.3357,-100.00565,-45.858821,-61.981426,-27.199681,-18.662888,-4.2731622,-30.998966,433.56974,4017.653,1740.9022,-3400.6336,225.60669,5197.7528,5267.7635,-187.9954,10.879873,1392.02841,.
2042.0,686.66351,5.1111111,3.6666667,5.6666667,5.3983,12.2168,122.1155,8257.0067,89.349,173.879,64.3741,5.1111111,5.3333333,5.1111111,0.0,5.1111111,4.5555556,3.0,2.2441,727.06233,0.18082221455623912,0.22999999973000063,0.16500000166500048,0.25500000175500076,1.0000000005557301,0.9999999997544367,0.4696749999927744,0.806993010641004,0.9999999999776158,1.0000000000230043,0.9999999999378636,0.22999999973000063,0.23999999874000066,0.22999999973000063,0.0,0.22999999973000063,0.2050000022050006,0.13500000013500038,1.0000000003119287,1.000000000330095,10.881504,273.95326,3406.4211,2184.2355,-99.865133,-45.84542,-62.389678,-27.203759,-18.397127,-4.2424482,-20.819295,434.57603,4027.6211,1742.0675,-3417.1124,226.25372,5131.3877,5200.2437,-188.0912,10.881504,1417.6781099999998,.
2043.0,686.66351,5.3333333,3.8888889,6.0,5.3983,12.2168,122.1155,7291.0657,89.349,173.879,64.3741,5.3333333,5.5555555,5.3333333,0.0,5.3333333,4.6666667,3.1111111,2.2441,727.06233,0.1808222145562391,0.23999999874000066,0.1750000006750005,0.27000000027000076,1.0000000005557308,0.9999999997544367,0.4696749999927743,0.7125874150040798,0.9999999999776158,1.0000000000230045,0.999999999937863,0.23999999874000066,0.2499999977500007,0.23999999874000066,0.0,0.23999999874000066,0.2100000017100006,0.1399999996400004,1.0000000003119291,1.000000000330095,10.882016,274.45042,3384.5033,2194.8772,-99.839571,-45.712244,-63.195868,-27.20504,-18.57995,-4.2737105,-30.924853,435.21989,4037.8243,1743.2261,-3433.9037,226.66771,5064.2321,5131.8225,-187.80798,10.882016,1442.0410499999998,.
2044.0,686.66351,5.5555556,4.0,6.2222222,5.3983,12.2168,122.1155,7240.9798,89.349,173.879,64.3741,5.5555556,5.7777778,5.5555556,0.0,5.5555556,4.7777778,3.2222222,2.2441,727.06233,0.18082221455623906,0.2500000022500007,0.1800000001800005,0.2799999992800008,1.0000000005557304,0.9999999997544369,0.4696749999927743,0.7076923031675276,0.9999999999776155,1.000000000023005,0.9999999999378634,0.2500000022500007,0.2600000012600007,0.2500000022500007,0.0,0.2500000022500007,0.2150000012150006,0.14499999914500042,1.000000000311929,1.000000000330095,11.114975,274.6653,3361.6718,2205.2533,-100.24846,-45.803815,-63.990701,-27.787437,-18.413868,-4.2531249,-20.885099,435.505,4048.3098,1744.8548,-3434.3556,226.84648,4996.1765,5062.4408,-168.08204,11.114975,1464.42837,.
2045.0,686.66351,5.7777778,4.1111111,6.5555555,5.3983,12.2168,122.1155,7176.5838,89.349,173.879,64.3741,5.7777778,6.1111111,5.7777778,0.0,5.7777778,4.8888889,3.3333333,2.2441,727.06233,0.1808222145562391,0.2600000012600007,0.1849999996850005,0.2949999977950008,1.0000000005557308,0.9999999997544367,0.4696749999927744,0.701398603307354,0.9999999999776158,1.0000000000230043,0.9999999999378634,0.2600000012600007,0.2749999997750008,0.2600000012600007,0.0,0.2600000012600007,0.22000000072000064,0.14999999865000044,1.0000000003119287,1.000000000330095,11.357706,274.72781,3338.0484,2215.4854,-99.898948,-45.781407,-64.806101,-28.394264,-9.7632642,-4.2662542,-21.065229,435.5956,4059.2676,1746.3833,-3435.2099,226.89831,4927.2441,4992.1369,-168.61074,11.357706,1485.46059,.
2046.0,686.66351,6.1111111,4.3333333,6.8888889,5.3983,12.2168,122.1155,6940.4649,89.349,173.879,64.3741,6.1111111,6.3333333,6.1111111,0.0,6.1111111,5.0,3.3333333,2.2441,727.06233,0.1808222145562391,0.2749999997750008,0.19499999869500054,0.3100000008100009,1.0000000005557308,0.9999999997544368,0.4696749999927743,0.6783216810153747,0.9999999999776155,1.0000000000230045,0.9999999999378634,0.2749999997750008,0.28499999878500076,0.2749999997750008,0.0,0.2749999997750008,0.22500000022500063,0.14999999865000044,1.0000000003119287,1.000000000330095,11.359021,274.78012,3313.7678,2231.5755,-99.974722,-45.813479,-65.601231,-28.397553,-18.63457,-4.2713589,-20.861448,435.67133,4070.8594,1748.6384,-3452.1742,226.94169,4857.4806,4920.9717,-168.63491,11.359021,1505.79991,.
2047.0,771.84899,6.3333333,4.4444444,7.2222222,5.3983,12.2168,114.00801,6886.8015,89.349,173.879,64.3741,6.3333333,6.6666667,6.3333333,0.0,6.3333333,5.1111111,3.4444444,2.2441,727.06233,0.2032544931283685,0.28499999878500076,0.19999999820000056,0.3249999993250009,1.0000000005557312,0.9999999997544367,0.4384923461471001,0.673076924616276,0.9999999999776159,1.0000000000230047,0.9999999999378631,0.28499999878500076,0.30000000180000086,0.28499999878500076,0.0,0.28499999878500076,0.22999999973000063,0.15499999815500043,1.000000000311929,1.000000000330095,11.36025,274.82221,3288.6953,2247.6989,-99.781019,-45.746036,-66.411302,-28.400625,-18.568568,-4.2754412,-30.9883,435.73267,4082.2667,1751.0124,-3469.0183,226.97657,4786.453,4848.5068,-187.75824,11.36025,1524.28969,.
2048.0,771.84899,6.5555555,4.5555556,7.6666667,5.3983,12.2168,114.00801,6833.1381,89.349,173.879,64.3741,6.5555555,7.0,6.6666667,0.0,6.5555555,5.2222222,3.5555556,2.2441,727.06233,0.2032544931283686,0.2949999977950008,0.2050000022050006,0.345000001845001,1.0000000005557301,0.9999999997544365,0.4384923461471001,0.6678321682171762,0.9999999999776161,1.0000000000230047,0.9999999999378631,0.2949999977950008,0.3150000003150009,0.30000000180000086,0.0,0.2949999977950008,0.23499999923500067,0.16000000216000046,1.0000000003119291,1.000000000330095,11.370189,274.85836,3262.8857,2263.8548,-99.868518,-45.798766,-67.21993,-28.425472,-18.695592,-4.2716771,-20.829863,435.78886,4092.9755,1753.916,-3469.5214,227.00646,4714.2548,4774.8903,-168.12499,11.370189,1539.99848,.
2049.0,771.84899,6.8888889,4.7777778,8.0,5.3983,12.2168,114.00801,6833.1381,89.349,173.879,64.3741,6.8888889,7.2222222,6.8888889,0.0,6.8888889,5.3333333,3.6666667,2.2441,727.06233,0.20325449312836855,0.3100000008100009,0.2150000012150006,0.360000000360001,1.0000000005557308,0.9999999997544369,0.4384923461471001,0.6678321682171775,0.9999999999776156,1.0000000000230052,0.9999999999378628,0.3100000008100009,0.3249999993250009,0.3100000008100009,0.0,0.3100000008100009,0.23999999874000066,0.16500000166500048,1.0000000003119291,1.000000000330095,11.377413,274.89005,3236.2823,2280.0504,-100.2898,-45.879112,-68.026181,-28.443532,-18.467972,-4.2858903,-20.933075,435.83836,4103.1349,1756.9508,-3485.9967,227.03265,4640.3498,4699.8995,-168.10828,11.377413,1554.64337,.
2050.0,771.84899,7.1111111,4.8888889,8.3333333,5.3983,12.2168,114.00801,6779.4747,89.349,173.879,64.3741,7.1111111,7.5555555,7.2222222,0.0,7.1111111,5.4444444,3.6666667,2.2441,727.06233,0.20325449312836857,0.3199999998200009,0.22000000072000064,0.374999998875001,1.0000000005557306,0.9999999997544371,0.43849234614710025,0.6625874118180782,0.9999999999776156,1.0000000000230047,0.9999999999378634,0.3199999998200009,0.33999999784000096,0.3249999993250009,0.0,0.3199999998200009,0.24499999824500068,0.16500000166500048,1.000000000311929,1.000000000330095,11.378358,274.91932,3208.8556,2296.441,-100.10204,-45.897824,-69.222378,-28.445894,-18.666877,-4.2902748,-20.976295,435.88365,4112.9138,1760.1303,-3502.9747,227.05684,4564.7251,4623.429,-168.02481,11.378358,1565.19776,.
2051.0,771.84899,7.4444444,5.0,8.7777778,5.3983,12.2168,106.87681,6729.3889,89.349,173.879,64.3741,7.4444444,7.8888889,7.5555555,0.0,7.4444444,5.4444444,3.7777778,2.2441,727.06233,0.20325449312836857,0.33499999833500094,0.22500000022500063,0.39500000139500113,1.0000000005557304,0.9999999997544367,0.4110646538398299,0.6576923097549582,0.9999999999776154,1.0000000000230043,0.9999999999378631,0.33499999833500094,0.35500000085500105,0.33999999784000096,0.0,0.33499999833500094,0.24499999824500068,0.17000000117000047,1.0000000003119291,1.000000000330095,11.379992,274.94581,3180.6237,2313.9042,-100.03682,-45.722831,-70.026533,-28.449981,-18.675527,-5.2862575,-30.925405,435.92418,4122.2648,1765.0032,-3519.7145,227.07876,4487.661,4545.5309,-187.61754,11.379992,1574.5077999999999,.
2052.0,771.84899,7.6666667,5.2222222,9.2222222,5.3983,12.2168,106.87681,6672.1479,89.349,173.879,64.3741,7.6666667,8.2222222,7.8888889,0.0,7.6666667,5.5555555,3.8888889,2.2441,727.06233,0.20325449312836857,0.345000001845001,0.23499999923500067,0.41499999941500115,1.0000000005557308,0.9999999997544365,0.4110646538398299,0.6520978990198792,0.9999999999776156,1.0000000000230043,0.9999999999378634,0.345000001845001,0.369999999370001,0.35500000085500105,0.0,0.345000001845001,0.2499999977500007,0.1750000006750005,1.0000000003119285,1.000000000330095,11.381212,274.96915,3151.5915,2332.3651,-99.769715,-45.677008,-70.833804,-28.45303,-18.658167,-4.276256,-20.853106,435.95883,4131.1079,1770.887,-3520.0746,227.09809,4409.2727,4466.2732,-167.84604,11.381212,1582.53271,.
2053.0,771.84899,8.0,5.3333333,9.6666667,5.3983,12.2168,106.87681,6629.2172,89.349,173.879,64.3741,8.0,8.5555555,8.2222222,0.0,8.0,5.6666667,3.8888889,2.2441,727.06233,0.20325449312836852,0.360000000360001,0.23999999874000066,0.43500000193500127,1.0000000005557312,0.9999999997544372,0.4110646538398299,0.647902095855285,0.9999999999776161,1.000000000023005,0.999999999937863,0.360000000360001,0.3849999978850011,0.369999999370001,0.0,0.360000000360001,0.25500000175500076,0.1750000006750005,1.0000000003119291,1.000000000330095,11.382536,274.99147,3121.7479,2351.4112,-99.713251,-45.784591,-72.028663,-28.456339,-18.652953,-5.2895658,-30.815947,435.99203,4139.2864,1777.1014,-3536.98,227.11657,4329.5626,4385.649,-187.35088,11.382536,1589.61825,.
2054.0,771.84899,8.3333333,5.5555555,10.111111,5.3983,12.2168,100.55507,6579.1314,89.349,173.879,64.3741,8.3333333,8.8888889,8.5555555,0.0,8.3333333,5.7777778,4.0,2.2441,727.06233,0.2032544931283686,0.374999998875001,0.2499999977500007,0.45499999545500125,1.0000000005557308,0.9999999997544363,0.3867502692248192,0.6430069937921642,0.9999999999776158,1.0000000000230047,0.9999999999378631,0.374999998875001,0.4000000009000011,0.3849999978850011,0.0,0.374999998875001,0.2600000012600007,0.1800000001800005,1.0000000003119285,1.000000000330095,11.384787,275.0239,3091.1356,2371.9028,-99.814819,-45.695651,-73.237227,-28.461967,-18.657891,-4.2807127,-20.896943,436.04801,4146.7751,1784.0764,-3537.8189,227.14325,4248.6294,4303.7634,-167.83288,11.384787,1596.06907,.
2055.0,771.84899,8.6666667,5.6666667,10.666667,5.3983,12.2168,100.55507,6532.6231,89.349,173.879,64.3741,8.6666667,9.3333333,9.0,0.0,8.6666667,5.8888889,4.1111111,2.2441,727.06233,0.2032544931283685,0.3900000018900011,0.25500000175500076,0.4800000154800014,1.0000000005557308,0.9999999997544367,0.3867502692248192,0.6384615362915935,0.9999999999776155,1.0000000000230047,0.9999999999378634,0.3900000018900011,0.41999999892000117,0.40500000040500117,0.0,0.3900000018900011,0.2650000007650008,0.1849999996850005,1.0000000003119291,1.000000000330095,11.385806,275.06084,3059.7737,2393.2392,-99.797415,-45.779033,-74.432692,-28.464516,-18.653603,-5.3218318,-31.002008,436.11277,4153.3725,1791.2585,-3554.801,227.17362,4166.6478,4220.7831,-187.71957,11.385806,1602.1584899999998,.
2056.0,771.84899,9.0,5.7777778,11.111111,5.3983,12.2168,100.55507,6482.5373,89.349,173.879,64.3741,9.0,9.6666667,9.3333333,0.0,9.0,5.8888889,4.1111111,2.2441,727.06233,0.20325449312836855,0.40500000040500117,0.2600000012600007,0.4999999955000014,1.0000000005557301,0.9999999997544363,0.3867502692248192,0.6335664342284727,0.9999999999776165,1.0000000000230038,0.9999999999378631,0.40500000040500117,0.43500000193500127,0.41999999892000117,0.0,0.40500000040500117,0.2650000007650008,0.1849999996850005,1.0000000003119291,1.000000000330095,11.386532,275.09811,3028.0138,2415.5124,-99.896317,-45.756609,-75.627936,-28.46633,-18.637111,-5.2988258,-30.7872,436.17644,4158.1621,1799.6597,-3571.1262,227.20429,4084.8751,4138.1072,-187.18523,11.386532,1607.00491,.
2057.0,855.99377,9.3333333,6.0,11.666667,5.3983,12.2168,94.911913,6432.4515,89.349,173.879,64.3741,9.3333333,10.0,9.7777778,0.0,9.3333333,6.0,4.2222222,2.2441,727.06233,0.22541271945227437,0.41999999892000117,0.27000000027000076,0.5250000155250015,1.0000000005557306,0.9999999997544365,0.36504581922515306,0.6286713321653534,0.9999999999776159,1.0000000000230052,0.999999999937863,0.41999999892000117,0.45000000045000127,0.4400000014400013,0.0,0.41999999892000117,0.27000000027000076,0.18999999919000055,1.0000000003119294,1.000000000330095,11.387296,275.30255,2995.9752,2441.3655,-100.27026,-45.823521,-76.837596,-28.468239,-18.704281,-5.3309199,-31.038689,436.58675,4160.6698,1809.4681,-3572.2682,227.37116,4003.9985,4056.3306,-168.39167,11.387296,1611.24749,.
2058.0,855.99377,9.6666667,6.1111111,12.222222,5.3983,12.2168,94.911913,6382.3656,89.349,173.879,64.3741,9.6666667,10.333333,10.222222,0.0,9.6666667,6.1111111,4.2222222,2.2441,727.06233,0.22541271945227434,0.43500000193500127,0.2749999997750008,0.5499999905500016,1.0000000005557301,0.9999999997544369,0.36504581922515317,0.6237762203288008,0.9999999999776158,1.0000000000230045,0.9999999999378631,0.43500000193500127,0.46499998546500126,0.4599999904600013,0.0,0.43500000193500127,0.2749999997750008,0.18999999919000055,1.0000000003119294,1.000000000330095,11.389438,275.88694,2963.6915,2459.0283,-99.719791,-45.744997,-78.041624,-28.473595,-18.673,-5.3011965,-30.784066,437.76107,4160.8147,1819.4508,-3588.7893,227.84804,3924.1061,3975.4813,-167.88729,11.389438,1614.72294,.
2059.0,855.99377,10.111111,6.3333333,12.777778,5.3983,12.2168,94.911913,6322.2088,89.349,173.879,64.3741,10.111111,10.777778,10.666667,0.0,10.111111,6.2222222,4.3333333,2.2441,727.06233,0.22541271945227442,0.45499999545500125,0.28499999878500076,0.5750000105750016,1.0000000005557308,0.9999999997544367,0.3650458192251531,0.6178968358367761,0.9999999999776159,1.000000000023004,0.9999999999378636,0.45499999545500125,0.48500001048500135,0.4800000154800014,0.0,0.45499999545500125,0.2799999992800008,0.19499999869500054,1.000000000311928,1.000000000330095,11.390418,276.47773,2931.1149,2482.3416,-53.644752,-35.189736,-79.25016,-28.476046,-18.684473,-4.3112126,-21.185673,438.86015,4158.9422,1830.4377,-3589.6615,228.33208,3845.0509,3895.4161,-168.49992,11.390418,1617.47941,.
2060.0,855.99377,10.555556,6.4444444,13.444444,5.3983,12.2168,89.843237,6228.5306,89.349,173.879,64.3741,10.555556,11.111111,11.111111,0.0,10.555556,6.2222222,4.3333333,2.2441,727.06233,0.22541271945227442,0.47500002047500134,0.28999999829000084,0.6049999806050017,1.0000000005557308,0.9999999997544368,0.3455509115331454,0.6087412598034612,0.9999999999776151,1.0000000000230045,0.9999999999378636,0.47500002047500134,0.4999999955000014,0.4999999955000014,0.0,0.47500002047500134,0.2799999992800008,0.19499999869500054,1.0000000003119285,1.000000000330095,11.391097,277.37399,2898.2503,2508.2789,-99.770893,-45.789513,-80.845564,-28.477743,-18.700359,-5.3332583,-21.214443,440.50968,4154.6436,1842.9976,-3590.5678,229.06705,3766.9438,3816.2933,-168.40393,11.391097,1619.08365,.
2061.0,855.99377,10.888889,6.6666667,14.111111,5.3983,12.2168,89.843237,6178.4448,89.349,173.879,64.3741,11.0,11.555556,11.666667,0.0,10.888889,6.3333333,4.4444444,2.2441,727.06233,0.22541271945227428,0.49000000549000144,0.30000000180000086,0.6349999956350018,1.0000000005557315,0.9999999997544365,0.3455509115331454,0.6038461577403428,0.9999999999776159,1.000000000023005,0.9999999999378634,0.4950000004950014,0.5200000205200015,0.5250000155250015,0.0,0.49000000549000144,0.28499999878500076,0.19999999820000056,1.0000000003119287,1.000000000330095,11.391674,278.26827,2865.1009,2532.6892,-99.955787,-45.692252,-82.440774,-28.479186,-18.714074,-5.3252138,-31.066805,442.02143,4147.7144,1856.6143,-3607.0015,229.80342,3689.8307,3738.1515,-167.85092,11.391674,1619.43312,.
2062.0,855.99377,11.444444,6.7777778,14.666667,5.3983,12.2168,85.265202,6128.3589,89.349,173.879,64.3741,11.444444,11.888889,12.222222,0.0,11.444444,6.4444444,4.4444444,2.2441,727.06233,0.22541271945227437,0.5149999805150015,0.3050000013050009,0.6600000156600019,1.0000000005557308,0.9999999997544365,0.3279430846103395,0.598951045903789,0.9999999999776165,1.000000000023005,0.999999999937863,0.5149999805150015,0.5350000055350016,0.5499999905500016,0.0,0.5149999805150015,0.28999999829000084,0.19999999820000056,1.0000000003119287,1.000000000330095,11.391958,279.35168,2831.6533,2556.2422,-99.806002,-45.765814,-84.039484,-28.479896,-18.690014,-6.3453533,-31.1243,443.79308,4138.2235,1871.1473,-3623.8449,230.6969,3613.7167,3660.9619,-167.75972,11.391958,1618.47976,.
2063.0,855.99377,11.888889,6.8888889,15.333333,5.3983,12.2168,85.265202,6081.8507,89.349,173.879,64.3741,11.888889,12.333333,12.777778,0.0,11.888889,6.4444444,4.5555556,2.2441,727.06233,0.22541271945227434,0.5350000055350016,0.3100000008100009,0.689999985690002,1.000000000555731,0.9999999997544371,0.3279430846103395,0.5944055981766495,0.9999999999776156,1.000000000023005,0.9999999999378634,0.5350000055350016,0.5549999855550015,0.5750000105750016,0.0,0.5350000055350016,0.28999999829000084,0.2050000022050006,1.0000000003119291,1.000000000330095,11.392832,280.39184,2797.8599,2579.2661,-52.268479,-34.9471,-85.249621,-28.482079,-18.704047,-5.3020769,-30.816878,445.361,4126.1448,1886.1966,-3624.32,231.5579,3538.5283,3584.6529,-167.80349,11.392832,1616.34022,.
2064.0,855.99377,12.333333,7.1111111,16.111111,5.3983,12.2168,81.109521,5981.679,89.349,173.879,64.3741,12.333333,12.666667,13.333333,0.0,12.333333,6.5555555,4.5555556,2.2441,727.06233,0.22541271945227437,0.5549999855550015,0.3199999998200009,0.7249999957250021,1.0000000005557308,0.9999999997544371,0.3119596961490469,0.5846153842769782,0.9999999999776161,1.0000000000230045,0.9999999999378634,0.5549999855550015,0.5700000155700017,0.5999999856000017,0.0,0.5549999855550015,0.2949999977950008,0.2050000022050006,1.0000000003119294,1.000000000330095,11.397422,281.32496,2763.6621,2600.5525,-99.89042,-45.748746,-87.243654,-28.493554,-18.771158,-5.3335067,-30.846061,446.71048,4111.5304,1902.5266,-3640.812,232.33154,3464.0462,3509.1291,-167.76815,11.397422,1613.2997799999998,.
2065.0,939.09786,12.888889,7.2222222,16.777778,5.3983,12.2168,81.109521,5935.1707,89.349,173.879,64.3741,12.888889,13.111111,14.0,0.0,12.888889,6.6666667,4.6666667,2.2441,727.06233,0.24729689616130177,0.5800000055800016,0.3249999993250009,0.7550000107550022,1.0000000005557304,0.9999999997544368,0.3119596961490469,0.5800699267764052,0.9999999999776156,1.000000000023004,0.9999999999378631,0.5800000055800016,0.5899999955900016,0.6300000006300018,0.0,0.5800000055800016,0.30000000180000086,0.2100000017100006,1.0000000003119294,1.000000000330095,11.400013,282.87565,2729.0192,2618.2151,-100.17997,-45.889417,-89.241508,-28.500031,-18.799876,-6.3579697,-31.232381,449.35416,4094.3309,1920.4191,-3657.8495,233.60814,3390.2827,3434.3702,-168.00303,11.400013,1609.0558,.
2066.0,939.09786,13.444444,7.4444444,17.222222,5.3983,12.2168,77.32002,5838.5766,89.349,173.879,64.3741,13.444444,13.444444,14.555556,0.0,13.444444,6.6666667,4.6666667,2.2441,727.06233,0.24729689616130174,0.6049999806050017,0.33499999833500094,0.7749999907750021,1.0000000005557308,0.9999999997544367,0.29738469230311715,0.5706293672127126,0.9999999999776158,1.0000000000230047,0.9999999999378636,0.6049999806050017,0.6049999806050017,0.6550000206550018,0.0,0.6049999806050017,0.30000000180000086,0.2100000017100006,1.0000000003119285,1.000000000330095,11.401211,284.64234,2693.8472,2600.4624,-99.752796,-45.777237,-90.847457,-28.503027,-18.793351,-5.3697256,-31.151266,452.43704,4074.5266,1939.4863,-3658.756,235.06052,3317.1876,3360.2704,-167.87238,11.401211,1603.50157,.
2067.0,939.09786,14.0,7.5555555,17.555556,5.3983,12.2168,73.850062,5781.3357,89.349,173.879,64.3741,14.0,13.888889,15.333333,0.0,14.0,6.7777778,4.7777778,2.2441,727.06233,0.24729689616130168,0.6300000006300018,0.33999999784000096,0.7900000207900022,1.000000000555731,0.9999999997544367,0.28403869999563025,0.5650349662510659,0.9999999999776162,1.000000000023005,0.9999999999378631,0.6300000006300018,0.6250000056250018,0.689999985690002,0.0,0.6300000006300018,0.3050000013050009,0.2150000012150006,1.0000000003119287,1.000000000330095,11.455931,286.33193,2658.0926,2566.8241,-98.600184,-45.379076,-92.830416,-28.639828,-27.621985,-6.3435807,-31.063044,455.2896,4053.5904,1959.4246,-3675.0069,236.45181,3244.3508,3286.4081,-167.59096,11.455931,1596.58768,.
2068.0,939.09786,14.555556,7.7777778,17.888889,5.3983,12.2168,73.850062,5684.7416,89.349,173.879,64.3741,14.666667,14.222222,16.0,0.0,14.555556,6.7777778,4.7777778,2.2441,727.06233,0.24729689616130177,0.6550000206550018,0.350000001350001,0.8050000058050022,1.0000000005557315,0.9999999997544361,0.28403869999563014,0.5555944066873719,0.9999999999776155,1.0000000000230047,0.9999999999378631,0.6600000156600019,0.6399999906400018,0.720000000720002,0.0,0.6550000206550018,0.3050000013050009,0.2150000012150006,1.0000000003119287,1.000000000330095,11.5794,288.13577,2621.6861,2532.5118,-99.745164,-45.641494,-94.835457,-28.948499,-18.757994,-6.3471827,-31.125563,458.33127,4032.0367,1979.3248,-3675.9968,237.93756,3171.6227,3212.5362,-167.71765,11.5794,1588.90906,.
2069.0,939.09786,15.222222,7.8888889,18.111111,5.3983,12.2168,70.660609,5588.1475,89.349,173.879,64.3741,15.222222,14.666667,16.777778,0.0,15.222222,6.8888889,4.8888889,2.2441,727.06233,0.24729689616130168,0.684999990685002,0.35500000085500105,0.8149999958150024,1.0000000005557308,0.9999999997544365,0.271771573072742,0.5461538471236812,0.9999999999776158,1.0000000000230043,0.9999999999378631,0.684999990685002,0.6600000156600019,0.7550000107550022,0.0,0.684999990685002,0.3100000008100009,0.22000000072000064,1.000000000311929,1.000000000330095,11.583978,289.89017,2584.7493,2497.6085,-99.811525,-35.199673,-96.844799,-28.959945,-18.742645,-6.3798637,-31.21075,461.11496,4009.6612,1998.9387,-3677.0772,239.38634,3099.0692,3138.8452,-167.9058,11.583978,1579.98133,.
2070.0,1021.1613,15.888889,8.1111111,18.444444,5.3983,12.2168,67.718731,5487.9758,89.349,173.879,64.3741,15.888889,15.111111,17.555556,0.0,15.888889,6.8888889,4.8888889,2.2441,727.06233,0.2689070337888321,0.7150000057150021,0.36499999986500103,0.8299999808300024,1.0000000005557306,0.9999999997544365,0.26045665768830073,0.536363633224008,0.9999999999776165,1.0000000000230045,0.9999999999378631,0.7150000057150021,0.6799999956800019,0.7900000207900022,0.0,0.7150000057150021,0.3100000008100009,0.22000000072000064,1.0000000003119294,1.000000000330095,11.68522,292.06643,2547.2487,2461.2058,-99.785642,-45.656268,-99.228988,-29.213051,-27.617488,-6.3495948,-31.157175,464.61353,3986.3662,2018.1089,-3693.3406,241.18264,3026.6166,3065.2889,-167.74607,11.68522,1569.3663299999998,.
2071.0,1021.1613,16.555556,8.2222222,18.777778,5.3983,12.2168,64.99646,5394.9593,89.349,173.879,64.3741,16.666667,15.444444,18.333333,0.0,16.555556,7.0,5.0,2.2441,727.06233,0.26890703378883213,0.7450000207450022,0.369999999370001,0.8450000108450024,1.0000000005557306,0.9999999997544368,0.24998638461153877,0.5272727279962958,0.9999999999776156,1.0000000000230047,0.9999999999378626,0.7500000157500022,0.694999980695002,0.8249999858250023,0.0,0.7450000207450022,0.3150000003150009,0.22500000022500063,1.0000000003119291,1.000000000330095,11.689153,294.67182,2509.0985,2423.7517,-99.778688,-45.660725,-101.62452,-29.222883,-27.909018,-7.3838612,-31.107622,468.93685,3962.1093,2036.7225,-3694.2562,243.32999,2954.1703,2991.7751,-167.56239,11.689153,1557.5542799999998,.
2072.0,1021.1613,17.333333,8.3333333,19.111111,5.3983,12.2168,62.469887,5291.2101,89.349,173.879,64.3741,17.444444,15.888889,19.111111,0.0,17.333333,7.0,5.0,2.2441,727.06233,0.2689070337888321,0.7799999857800022,0.374999998875001,0.8599999958600025,1.00000000055573,0.9999999997544365,0.24026879615014984,0.5171328695340757,0.9999999999776158,1.0000000000230047,0.9999999999378634,0.7849999807850022,0.7150000057150021,0.8599999958600025,0.0,0.7799999857800022,0.3150000003150009,0.22500000022500063,1.0000000003119294,1.000000000330095,11.754558,297.01787,2470.2364,2385.607,-99.862953,-45.772629,-104.41182,-29.386396,-27.700322,-7.4022853,-31.253031,472.6719,3936.8179,2054.6562,-3710.8035,245.26704,2881.6712,2918.2772,-167.6373,11.754558,1544.4600599999999,.
2073.0,1021.1613,18.111111,8.5555555,19.333333,5.3983,12.2168,62.469887,5244.7018,89.349,173.879,64.3741,18.111111,16.333333,19.888889,0.0,18.111111,7.1111111,5.0,2.2441,727.06233,0.26890703378883213,0.8149999958150024,0.3849999978850011,0.8699999858700025,1.0000000005557308,0.9999999997544368,0.24026879615014976,0.5125874120335038,0.9999999999776158,1.0000000000230043,0.9999999999378636,0.8149999958150024,0.734999985735002,0.8950000058950025,0.0,0.8149999958150024,0.3199999998200009,0.22500000022500063,1.0000000003119283,1.000000000330095,11.755838,299.51213,2430.6957,2346.8004,-99.738868,-45.464639,-106.80913,-29.389596,-27.724235,-7.4061724,-31.191575,476.66854,3910.3588,2071.7595,-3711.4247,247.32627,2809.2554,2844.8575,-167.70407,11.755838,1530.16604,.
2074.0,1021.1613,18.888889,8.6666667,19.666667,5.3983,12.2168,60.118453,5144.5301,89.349,173.879,64.3741,19.0,16.777778,20.777778,0.0,18.888889,7.1111111,5.0,2.2441,727.06233,0.2689070337888321,0.8500000058500023,0.3900000018900011,0.8850000158850025,1.0000000005557306,0.9999999997544368,0.23122481922721197,0.5027971981338307,0.999999999977615,1.0000000000230045,0.9999999999378634,0.8550000008550024,0.7550000107550022,0.9350000109350027,0.0,0.8500000058500023,0.3199999998200009,0.22500000022500063,1.0000000003119285,1.000000000330095,11.758695,302.44317,2390.4169,2307.2793,-99.765947,-45.682205,-109.6013,-29.396738,-19.026881,-7.3965995,-31.206576,481.56025,3882.4798,2087.7721,-3712.3861,249.74139,2736.9044,2771.5064,-167.77413,11.758695,1514.51297,.
2075.0,1102.184,19.777778,8.7777778,19.888889,5.3983,12.2168,55.872216,5001.4278,89.349,173.879,64.3741,19.888889,17.222222,21.666667,0.0,19.777778,7.1111111,5.1111111,2.2441,727.06233,0.29024310863475733,0.8900000108900026,0.39500000139500113,0.8950000058950025,1.0000000005557308,0.9999999997544368,0.2148931384582325,0.48881119084299945,0.9999999999776156,1.000000000023005,0.9999999999378634,0.8950000058950025,0.7749999907750021,0.9750000159750027,0.0,0.8900000108900026,0.3199999998200009,0.22999999973000063,1.0000000003119287,1.000000000330095,11.994087,305.56258,2349.4097,2267.0516,-53.518207,-35.098948,-112.40103,-29.985217,-19.104778,-7.4254719,-31.131368,486.73325,3852.9954,2102.4917,-3728.8093,252.31219,2664.6802,2698.2797,-148.23519,11.994087,1497.02437,.
2076.0,1102.184,20.666667,8.8888889,20.111111,5.3983,12.2168,53.948473,4865.4805,89.349,173.879,64.3741,20.777778,17.555556,22.222222,0.0,20.666667,7.1111111,5.1111111,2.2441,727.06233,0.2902431086347575,0.9300000159300027,0.4000000009000011,0.9049999959050026,1.0000000005557308,0.9999999997544365,0.20749412691988475,0.4755244726772591,0.9999999999776166,1.0000000000230047,0.999999999937863,0.9350000109350027,0.7900000207900022,0.9999999910000028,0.0,0.9300000159300027,0.3199999998200009,0.22999999973000063,1.000000000311929,1.000000000330095,12.120686,308.82593,2307.6711,2226.1133,-99.812096,-45.643769,-115.98045,-30.301714,-27.876344,-8.4453081,-41.048656,492.06879,3822.3151,2115.9056,-3745.5982,255.00369,2592.5768,2625.145,-167.53922,12.120686,1477.90547,.
2077.0,1102.184,21.555556,9.0,20.444444,5.3983,12.2168,52.141315,4772.464,89.349,173.879,64.3741,21.777778,18.0,22.222222,0.0,21.555556,7.2222222,5.1111111,2.2441,727.06233,0.2902431086347574,0.9700000209700027,0.40500000040500117,0.9199999809200026,1.000000000555731,0.9999999997544363,0.20054351922768401,0.46643356744954606,0.9999999999776156,1.0000000000230047,0.9999999999378631,0.9800000109800029,0.8100000008100023,0.9999999910000028,0.0,0.9700000209700027,0.3249999993250009,0.22999999973000063,1.0000000003119287,1.000000000330095,12.154978,312.02615,2265.402,2184.7135,-99.867837,-45.624108,-119.16637,-30.387445,-27.959014,-8.4407448,-41.044629,497.20031,3790.1743,2140.0515,-3746.0097,257.64546,2521.0233,2552.5821,-167.5074,12.154978,1457.5928,.
2078.0,1182.166,22.222222,9.1111111,20.666667,5.3983,12.2168,50.44032,4625.7841,89.349,173.879,64.3741,22.222222,18.444444,22.222222,0.0,22.222222,7.2222222,5.1111111,2.2441,727.06233,0.31130513123245895,0.9999999910000028,0.4099999999100012,0.9300000159300027,1.0000000005557308,0.9999999997544368,0.19400123076624617,0.45209790582273485,0.9999999999776158,1.0000000000230047,0.999999999937863,0.9999999910000028,0.8299999808300024,0.9999999910000028,0.0,0.9999999910000028,0.3249999993250009,0.22999999973000063,1.0000000003119294,1.000000000330095,12.252391,315.54166,2222.743,2142.9627,-53.52409,-35.181935,-122.36264,-30.630978,-18.832172,-7.4317904,-31.24198,502.86252,3756.5333,2163.6484,-3746.6143,260.54688,2450.2949,2480.8648,-148.28184,12.252391,1436.07124,.
2079.0,1182.166,22.222222,9.3333333,20.888889,5.3983,12.2168,47.320987,4522.0348,89.349,173.879,64.3741,22.222222,18.888889,22.222222,0.0,22.222222,7.2222222,5.1111111,2.2441,727.06233,0.3113051312324591,0.9999999910000028,0.41999999892000117,0.9400000059400027,1.0000000005557301,0.9999999997544367,0.18200379615104623,0.4419580375870827,0.9999999999776162,1.000000000023004,0.9999999999378631,0.9999999910000028,0.8500000058500023,0.9999999910000028,0.0,0.9999999910000028,0.3249999993250009,0.22999999973000063,1.0000000003119294,1.000000000330095,12.27504,319.52148,2179.6444,2100.7946,-98.472204,-45.437782,-126.33583,-30.687601,-27.741945,-8.4480137,-41.092563,509.3452,3721.2289,2186.739,-3763.4726,263.8298,2380.3204,2409.8971,-166.98511,12.27504,1413.00271,.
2080.0,1182.166,22.222222,9.3333333,21.111111,5.3983,12.2168,45.887184,4325.2691,89.349,173.879,64.3741,22.222222,19.333333,22.222222,0.0,22.222222,7.2222222,5.1111111,2.2441,727.06233,0.311305131232459,0.9999999910000028,0.41999999892000117,0.9499999959500027,1.0000000005557306,0.9999999997544365,0.17648916922805402,0.4227272738971513,0.9999999999776156,1.0000000000230045,0.999999999937863,0.9999999910000028,0.8699999858700025,0.9999999910000028,0.0,0.9999999910000028,0.3249999993250009,0.22999999973000063,1.0000000003119294,1.000000000330095,12.448811,323.7048,2136.0206,2058.1226,-53.531037,-35.094766,-129.55142,-31.122027,-19.079382,-8.4716118,-31.47765,516.2004,3684.3743,2209.2877,-3748.4939,267.27952,2310.9643,2339.6357,-148.0907,12.448811,1388.29981,.
2081.0,1261.1073,22.222222,9.4444444,21.222222,5.3983,12.2168,43.238663,4182.1667,89.349,173.879,64.3741,22.222222,19.666667,22.222222,0.0,22.222222,7.2222222,5.1111111,2.2441,727.06233,0.3320931015819369,0.9999999910000028,0.4249999984250012,0.9549999909550027,1.000000000555731,0.9999999997544371,0.16630254999744154,0.408741256832886,0.9999999999776161,1.0000000000230047,0.9999999999378634,0.9999999910000028,0.8850000158850025,0.9999999910000028,0.0,0.9999999910000028,0.3249999993250009,0.22999999973000063,1.000000000311929,1.000000000330095,12.649773,327.91476,2091.8709,2014.9454,-53.462236,-35.073786,-133.92463,-31.624433,-28.014078,-8.4714089,-31.40897,523.03132,3646.1974,2231.7165,-3765.0654,270.75293,2242.4333,2270.112,-148.16791,12.649773,1361.90111,.
2082.0,1261.1073,22.222222,9.5555555,21.444444,5.3983,12.2168,40.84624,4085.5726,89.349,173.879,64.3741,22.222222,20.111111,22.222222,0.0,22.222222,7.2222222,5.1111111,2.2441,727.06233,0.33209310158193694,0.9999999910000028,0.42999999793000127,0.9649999809650027,1.0000000005557312,0.9999999997544361,0.15710092307450618,0.3993006972691923,0.9999999999776158,1.0000000000230043,0.9999999999378634,0.9999999910000028,0.9049999959050026,0.9999999910000028,0.0,0.9999999910000028,0.3249999993250009,0.22999999973000063,1.0000000003119285,1.000000000330095,12.653831,331.77582,2047.2296,1971.3114,-98.624876,-45.353579,-138.29716,-31.634579,-27.751847,-9.4711316,-41.123815,529.0162,3606.8468,2255.9687,-3765.6021,273.94494,2174.599,2201.308,-167.03544,12.653831,1334.0416,.
2083.0,1261.1073,22.222222,9.6666667,21.555556,5.3983,12.2168,38.673806,4024.7541,89.349,173.879,64.3741,22.222222,20.555556,22.222222,0.0,22.222222,7.1111111,5.1111111,2.2441,727.06233,0.3320931015819369,0.9999999910000028,0.43500000193500127,0.9700000209700027,1.0000000005557308,0.9999999997544362,0.14874540769001934,0.39335664197156756,0.9999999999776158,1.0000000000230043,0.9999999999378631,0.9999999910000028,0.9250000209250027,0.9999999910000028,0.0,0.9999999910000028,0.3199999998200009,0.22999999973000063,1.000000000311929,1.000000000330095,12.782471,335.18227,2002.029,1927.1537,-53.483587,-35.087469,-142.68731,-31.956177,-27.989392,-9.4897457,-31.440769,534.00409,3566.3341,2281.9852,-3766.416,276.76798,2107.3877,2133.1668,-148.11393,12.782471,1304.29676,.
2084.0,1339.008,22.222222,9.7777778,21.777778,5.3983,12.2168,36.691737,3924.5825,89.349,173.879,64.3741,22.222222,21.0,22.222222,0.0,22.222222,7.1111111,5.0,2.2441,727.06233,0.3526070460166445,0.9999999910000028,0.4400000014400013,0.9800000109800029,1.0000000005557306,0.9999999997544365,0.1411220653824443,0.3835664378453272,0.9999999999776162,1.0000000000230045,0.9999999999378631,0.9999999910000028,0.9450000009450027,0.9999999910000028,0.0,0.9999999910000028,0.3199999998200009,0.22500000022500063,1.0000000003119294,1.000000000330095,13.022297,338.09271,1956.2173,1882.4371,-52.198801,-34.750377,-147.44892,-32.555742,-27.754676,-9.4894112,-31.207344,538.0398,3524.793,2309.0827,-3766.5544,279.18527,2040.7815,2065.6052,-147.66756,13.022297,1272.8482999999999,.
2085.0,1339.008,22.222222,9.7777778,21.888889,5.3983,12.2168,34.8755,3835.1435,89.349,173.879,64.3741,22.222222,21.333333,22.222222,0.0,22.222222,7.1111111,5.0,2.2441,727.06233,0.35260704601664444,0.9999999910000028,0.4400000014400013,0.9850000059850027,1.0000000005557306,0.9999999997544365,0.13413653845947485,0.37482517718016073,0.9999999999776155,1.0000000000230052,0.9999999999378631,0.9999999910000028,0.9599999859600027,0.9999999910000028,0.0,0.9999999910000028,0.3199999998200009,0.22500000022500063,1.0000000003119287,1.000000000330095,13.188345,340.49846,1909.7655,1837.1227,-98.508166,-45.371388,-152.63389,-32.970861,-28.029433,-10.505204,-41.158263,541.23581,3482.3701,2339.2065,-3783.4515,281.1866,1974.7592,1998.5927,-147.64503,13.188345,1239.65968,.
2086.0,1415.8679,22.222222,9.8888889,22.0,5.3983,12.2168,33.204602,3752.8596,89.349,173.879,64.3741,22.222222,21.777778,22.222222,0.0,22.222222,7.0,5.0,2.2441,727.06233,0.37284691186967495,0.9999999910000028,0.44500000094500125,0.9900000009900028,1.0000000005557306,0.9999999997544363,0.12771000769034296,0.3667832154135227,0.9999999999776161,1.0000000000230045,0.9999999999378634,0.9999999910000028,0.9800000109800029,0.9999999910000028,0.0,0.9999999910000028,0.3150000003150009,0.22500000022500063,1.0000000003119294,1.000000000330095,13.328352,342.36714,1862.6381,1791.1635,-99.774704,-45.652309,-157.81758,-33.32088,-28.022173,-10.545958,-41.443429,543.65084,3437.4301,2369.6638,-3783.9964,282.74279,1909.4308,1932.2582,-148.22482,13.328352,1204.79774,.
2087.0,1415.8679,22.222222,9.8888889,22.0,5.3983,12.2168,30.933766,3459.4998,89.349,173.879,64.3741,22.222222,22.111111,22.222222,0.0,22.222222,7.0,5.0,2.2441,727.06233,0.372846911869675,0.9999999910000028,0.44500000094500125,0.9900000009900028,1.0000000005557306,0.9999999997544367,0.1189760230750927,0.3381118921598981,0.9999999999776156,1.000000000023004,0.999999999937863,0.9999999910000028,0.9949999959950029,0.9999999910000028,0.0,0.9999999910000028,0.3150000003150009,0.22500000022500063,1.0000000003119285,1.000000000330095,13.415416,343.69223,1814.6357,1744.3591,-52.228038,-34.742829,-163.38753,-33.53854,-28.006434,-10.537292,-31.260239,545.35584,3389.4501,2400.8112,-3784.4423,283.84647,1844.2746,1866.1279,-147.66091,13.415416,1168.54093,.
2088.0,1491.6872,22.222222,10.0,22.111111,5.3983,12.2168,28.904102,3377.2159,89.349,173.879,64.3741,22.222222,22.222222,22.222222,0.0,22.222222,7.0,4.8888889,2.2441,727.06233,0.3928127518079351,0.9999999910000028,0.45000000045000127,0.9949999959950029,1.0000000005557304,0.9999999997544365,0.1111696230752128,0.33006993039325855,0.9999999999776156,1.0000000000230043,0.9999999999378631,0.9999999910000028,0.9999999910000028,0.9999999910000028,0.0,0.9999999910000028,0.3150000003150009,0.22000000072000064,1.000000000311929,1.000000000330095,13.619016,344.51088,1765.857,1696.8299,-98.542997,-34.881673,-169.35997,-34.04754,-28.139342,-10.549427,-31.341254,546.41095,3337.5105,2438.2957,-3785.0332,284.52831,1779.0324,1800.2815,-147.59203,13.619016,1130.91764,.
2089.0,1491.6872,22.222222,10.0,22.111111,5.3983,12.2168,27.077896,3262.734,89.349,173.879,64.3741,22.222222,22.222222,22.222222,0.0,22.222222,6.8888889,4.8888889,2.2441,727.06233,0.392812751807935,0.9999999910000028,0.45000000045000127,0.9949999959950029,1.0000000005557306,0.9999999997544367,0.10414575384455162,0.31888111869653346,0.9999999999776155,1.0000000000230045,0.9999999999378634,0.9999999910000028,0.9999999910000028,0.9999999910000028,0.0,0.9999999910000028,0.3100000008100009,0.22000000072000064,1.000000000311929,1.000000000330095,13.877132,344.94072,1716.3433,1648.5351,-53.440093,-35.131198,-175.72803,-34.692831,-28.01727,-10.579947,-31.653635,546.96957,3282.1736,2458.5473,-3786.0393,284.88619,1713.8966,1734.6963,-147.60427,13.877132,1091.8346999999999,.
2090.0,1566.4657,22.222222,10.0,22.111111,5.3983,12.2168,25.424911,3130.3643,89.349,173.879,64.3741,22.222222,22.222222,22.222222,0.0,22.222222,6.7777778,4.7777778,2.2441,727.06233,0.41250451316451825,0.9999999910000028,0.45000000045000127,0.9949999959950029,1.0000000005557308,0.9999999997544367,0.09778811922926486,0.30594405486677384,0.9999999999776159,1.0000000000230047,0.9999999999378631,0.9999999910000028,0.9999999910000028,0.9999999910000028,0.0,0.9999999910000028,0.3050000013050009,0.2150000012150006,1.000000000311929,1.000000000330095,14.092973,345.12796,1666.2013,1599.6736,-53.185348,-34.980551,-182.48129,-35.232433,-28.054625,-11.574123,-41.290322,547.21724,3223.7764,2489.2024,-3786.3626,285.04199,1649.0822,1669.4027,-147.29211,14.092973,1051.425213,.
2091.0,1566.4657,22.222222,9.8888889,22.111111,5.3983,12.2168,23.448645,3023.0375,89.349,173.879,64.3741,22.222222,22.222222,22.222222,0.0,22.222222,6.6666667,4.6666667,2.2441,727.06233,0.4125045131645182,0.9999999910000028,0.44500000094500125,0.9949999959950029,1.0000000005557308,0.9999999997544365,0.09018709615245869,0.2954545420685744,0.9999999999776158,1.0000000000230045,0.999999999937863,0.9999999910000028,0.9999999910000028,0.9999999910000028,0.0,0.9999999910000028,0.30000000180000086,0.2100000017100006,1.0000000003119287,1.000000000330095,14.251095,350.81738,1615.5687,1550.381,-98.433875,-34.742353,-189.64374,-35.627737,-36.939888,-12.604252,-41.126308,559.03905,3162.0641,2524.5458,-3786.8501,289.6765,1584.7677,1604.5738,-147.549,14.251095,1009.3492389999999,.
2092.0,1640.2036,22.222222,9.8888889,22.0,5.3983,12.2168,21.690865,2955.0639,89.349,173.879,64.3741,22.222222,22.222222,22.222222,0.0,22.222222,6.5555555,4.6666667,2.2441,727.06233,0.4319222486063308,0.9999999910000028,0.44500000094500125,0.9900000009900028,1.0000000005557308,0.9999999997544363,0.08342640384487034,0.288811187872422,0.9999999999776161,1.0000000000230045,0.999999999937863,0.9999999910000028,0.9999999910000028,0.9999999910000028,0.0,0.9999999910000028,0.2949999977950008,0.2100000017100006,1.0000000003119291,1.000000000330095,14.277296,356.42577,1564.5593,1500.7409,-53.544561,-34.777775,-197.20024,-35.69324,-28.044411,-12.603266,-41.196217,569.83865,3096.7906,2556.2107,-3787.2605,294.26237,1521.0567,1540.3417,-147.46703,14.277296,965.7559015999999,.
2093.0,1640.2036,22.222222,9.8888889,21.888889,5.3983,12.2168,20.115437,2879.9352,89.349,173.879,64.3741,22.222222,22.222222,22.222222,0.0,22.222222,6.4444444,4.5555556,2.2441,727.06233,0.43192224860633094,0.9999999910000028,0.44500000094500125,0.9850000059850027,1.0000000005557301,0.9999999997544367,0.07736706538342515,0.2814685347777425,0.9999999999776161,1.0000000000230045,0.9999999999378631,0.9999999910000028,0.9999999910000028,0.9999999910000028,0.0,0.9999999910000028,0.28999999829000084,0.2050000022050006,1.0000000003119294,1.000000000330095,14.284724,361.96846,1513.1861,1450.7643,-98.463561,-34.7525,-205.16038,-35.71181,-36.973289,-12.618371,-41.260638,579.63616,3027.7717,2585.2899,-3787.9342,298.81641,1458.0317,1476.7716,-147.52454,14.284724,920.860023,.
2094.0,1712.9008,22.222222,9.7777778,21.777778,5.3983,12.2168,18.693777,2804.8064,89.349,173.879,64.3741,22.222222,22.222222,22.222222,0.0,22.222222,6.3333333,4.4444444,2.2441,727.06233,0.45106593179991983,0.9999999910000028,0.4400000014400013,0.9800000109800029,1.0000000005557304,0.9999999997544368,0.0718991423065862,0.2741258719096308,0.9999999999776161,1.0000000000230047,0.9999999999378631,0.9999999910000028,0.9999999910000028,0.9999999910000028,0.0,0.9999999910000028,0.28499999878500076,0.19999999820000056,1.0000000003119291,1.000000000330095,14.291131,367.44884,1461.4762,1400.467,-98.105048,-34.748412,-213.12468,-35.727828,-37.042118,-13.648445,-41.489542,588.43577,2954.4873,2612.0578,-3788.3817,303.34142,1395.7744,1413.9475,-147.53443,14.291131,874.69855,.
2095.0,1712.9008,22.222222,9.6666667,21.555556,5.3983,12.2168,17.09847,2733.2552,89.349,173.879,64.3741,22.222222,22.222222,22.222222,0.0,22.222222,6.2222222,4.3333333,2.2441,727.06233,0.4510659317999198,0.9999999910000028,0.43500000193500127,0.9700000209700027,1.0000000005557308,0.9999999997544371,0.06576334615283443,0.2671328633774979,0.9999999999776159,1.0000000000230047,0.9999999999378634,0.9999999910000028,0.9999999910000028,0.9999999910000028,0.0,0.9999999910000028,0.2799999992800008,0.19499999869500054,1.000000000311929,1.000000000330095,14.295689,373.02218,1409.4716,1349.8938,-99.57692,-34.753297,-222.26989,-35.739223,-37.234954,-13.679069,-41.521175,596.55958,2876.4606,2633.9345,-3788.8077,307.95988,1334.2993,1351.9716,-147.43442,14.295689,827.3009999999999,.
2096.0,1784.5573,22.222222,9.6666667,21.333333,5.3983,12.2168,15.672461,2647.3938,89.349,173.879,64.3741,22.222222,22.222222,22.222222,0.0,22.222222,6.1111111,4.2222222,2.2441,727.06233,0.4699355627452852,0.9999999910000028,0.43500000193500127,0.9599999859600027,1.000000000555731,0.9999999997544368,0.0602786961529188,0.25874125704831136,0.9999999999776155,1.0000000000230045,0.9999999999378634,0.9999999910000028,0.9999999910000028,0.9999999910000028,0.0,0.9999999910000028,0.2749999997750008,0.18999999919000055,1.0000000003119285,1.000000000330095,14.297181,379.53263,1357.5906,1299.4168,-52.228511,-34.754889,-231.0366,-35.742953,-28.070466,-13.685937,-31.567307,605.7432,2790.8696,2646.6733,-3773.5434,313.36381,1274.5673,1291.7539,-127.93556,14.297181,778.76335,.
2097.0,1784.5573,22.222222,9.5555555,21.111111,5.3983,12.2168,14.146091,2572.2651,89.349,173.879,64.3741,22.222222,22.222222,22.222222,0.0,22.222222,5.8888889,4.1111111,2.2441,727.06233,0.46993556274528503,0.9999999910000028,0.42999999793000127,0.9499999959500027,1.0000000005557308,0.9999999997544363,0.054408042306855295,0.25139860395363245,0.9999999999776151,1.0000000000230045,0.9999999999378634,0.9999999910000028,0.9999999910000028,0.9999999910000028,0.0,0.9999999910000028,0.2650000007650008,0.1849999996850005,1.0000000003119287,1.000000000330095,14.298448,385.88057,1305.0402,1248.0373,-53.367624,-34.70305,-240.9792,-35.746119,-37.198849,-14.690521,-31.66,615.28226,2695.1977,2583.5335,-3758.0504,318.61891,1216.2549,1232.9431,-128.0748,14.298448,729.19594,.
2098.0,1855.1731,22.222222,9.3333333,20.777778,5.3983,12.2168,12.786585,2468.5159,89.349,155.41504,64.3741,22.222222,22.222222,22.222222,0.0,22.222222,5.7777778,4.0,2.2441,727.06233,0.4885311414424268,0.9999999910000028,0.41999999892000117,0.9350000109350027,1.000000000555731,0.9999999997544369,0.04917917307616652,0.24125874549141246,0.9999999999776169,0.8938114436106448,0.999999999937863,0.9999999910000028,0.9999999910000028,0.9999999910000028,0.0,0.9999999910000028,0.2600000012600007,0.1800000001800005,1.0000000003119294,1.000000000330095,14.299827,391.65782,1251.813,1195.8174,-99.802706,-34.763591,-251.31306,-35.749569,-37.29699,-15.746083,-41.533009,624.18266,2591.8362,2483.1239,-3758.6628,323.3964,1159.0746,1175.2414,-147.44851,14.299827,678.65307,.
2099.0,1855.1731,22.222222,9.2222222,20.444444,5.3983,12.2168,11.565214,2432.7403,89.349,155.41504,64.3741,22.222222,22.222222,22.222222,0.0,22.222222,5.6666667,3.8888889,2.2441,727.06233,0.48853114144242676,0.9999999910000028,0.41499999941500115,0.9199999809200026,1.0000000005557308,0.9999999997544368,0.04448159230700799,0.23776224122534584,0.9999999999776162,0.8938114436106449,0.999999999937863,0.9999999910000028,0.9999999910000028,0.9999999910000028,0.0,0.9999999910000028,0.25500000175500076,0.1750000006750005,1.0000000003119287,1.000000000330095,14.301632,397.67939,1197.9156,1142.9156,-99.678562,-34.819997,-262.0675,-35.75408,-37.315034,-15.754967,-41.524487,634.06428,2479.1418,2373.388,-3759.1055,328.36218,1103.232,1118.863,-147.40391,14.301632,627.2450299999999,.
2100.0,1924.7482,22.222222,9.0,20.0,5.3983,12.2168,10.113417,2418.43,89.349,155.41504,64.3741,22.222222,22.222222,22.222222,0.0,22.222222,5.4444444,3.7777778,2.2441,727.06233,0.5068526678913445,0.9999999910000028,0.40500000040500117,0.9000000009000025,1.0000000005557308,0.9999999997544368,0.03889775769170927,0.23636363365486032,0.9999999999776159,0.8938114436106446,0.9999999999378634,0.9999999910000028,0.9999999910000028,0.9999999910000028,0.0,0.9999999910000028,0.24499999824500068,0.17000000117000047,1.0000000003119291,1.000000000330095,14.302511,403.35008,1143.3461,1089.3685,-98.387447,-34.629068,-273.58204,-35.756278,-36.988946,-16.75687,-41.238472,643.47736,2356.2868,2253.4628,-3743.0156,333.03556,1048.7841,1063.9115,-146.80857,14.302511,574.8655699999999,.
2101.0,2060.7764,22.222222,8.7777778,19.555556,5.3983,12.2168,8.9796514,2321.8359,89.349,155.41504,64.3741,22.222222,22.0,22.222222,0.0,22.222222,5.3333333,3.6666667,2.2441,727.06233,0.5426735903779626,0.9999999910000028,0.39500000139500113,0.8800000208800025,1.0000000005557304,0.9999999997544365,0.034537120768699435,0.22692307409116783,0.9999999999776158,0.8938114436106441,0.9999999999378631,0.9999999910000028,0.9900000009900028,0.9999999910000028,0.0,0.9999999910000028,0.23999999874000066,0.16500000166500048,1.0000000003119291,1.000000000330095,16.106892,408.72309,1088.0955,1035.1652,-52.047081,-34.775914,-285.52655,-40.26723,-37.387705,-16.794248,-41.337168,652.46301,2223.6765,2122.0031,-3727.2491,337.46211,995.69586,1010.318,-127.53183,16.106892,521.6322299999999,.
2102.0,2127.2294,22.222222,8.5555555,19.0,5.3983,12.2168,7.8118426,2296.793,89.349,155.41504,64.3741,22.222222,21.111111,22.222222,0.0,22.222222,5.1111111,3.4444444,2.2441,727.06233,0.5601729600822094,0.9999999910000028,0.3849999978850011,0.8550000008550024,1.0000000005557301,0.9999999997544367,0.030045548461076228,0.22447552305960783,0.9999999999776158,0.8938114436106449,0.9999999999378634,0.9999999910000028,0.9499999959500027,0.9999999910000028,0.0,0.9999999910000028,0.22999999973000063,0.15499999815500043,1.0000000003119285,1.000000000330095,16.107864,417.24319,1033.0386,981.17813,-53.433824,-34.715905,-297.86821,-40.269661,-37.3214,-17.836373,-41.528092,667.51409,2082.8457,1981.5376,-3711.6823,344.46351,944.70212,958.80185,-128.06604,16.107864,467.65065999999996,.
2103.0,2192.6418,22.222222,8.2222222,18.444444,5.3983,12.2168,6.6324948,2282.4828,89.349,155.41504,64.3741,22.222222,20.111111,22.222222,0.0,22.222222,4.8888889,3.3333333,2.2441,727.06233,0.5773983038716856,0.9999999910000028,0.369999999370001,0.8299999808300024,1.0000000005557308,0.9999999997544368,0.025509595384222938,0.22307692526255438,0.9999999999776155,0.8938114436106446,0.9999999999378631,0.9999999910000028,0.9049999959050026,0.9999999910000028,0.0,0.9999999910000028,0.22000000072000064,0.14999999865000044,1.0000000003119294,1.000000000330095,16.109025,417.40865,978.03188,927.26745,-53.515289,-34.782797,-311.0007,-40.272564,-37.39233,-17.851068,-41.609358,664.38961,1933.8702,1832.9565,-3696.3481,344.6768,895.61213,909.19417,-128.00347,16.109025,412.90328999999997,.
2104.0,2192.6418,22.222222,8.0,17.777778,5.3983,12.2168,5.4582994,2261.0174,89.349,136.79143,64.3741,22.222222,18.888889,22.222222,0.0,22.222222,4.7777778,3.2222222,2.2441,727.06233,0.5773983038716859,0.9999999910000028,0.360000000360001,0.8000000108000024,1.0000000005557304,0.9999999997544368,0.02099345923044625,0.22097901879354118,0.9999999999776162,0.7867047199670274,0.9999999999378636,0.9999999910000028,0.8500000058500023,0.9999999910000028,0.0,0.9999999910000028,0.2150000012150006,0.14499999914500042,1.0000000003119285,1.000000000330095,16.110116,422.53688,922.96237,873.21683,-53.479658,-34.794915,-324.53992,-40.27529,-37.384118,-18.888142,-41.615936,672.26024,1777.1782,1676.6835,-3680.4292,348.92155,848.32652,861.37002,-127.97359,16.110116,357.58264999999994,.
2105.0,2257.0134,22.222222,7.6666667,17.111111,5.3983,12.2168,4.4009076,2253.8623,89.349,136.79143,64.3741,22.222222,17.444444,22.222222,0.0,22.222222,4.5555556,3.1111111,2.2441,727.06233,0.5943495690794851,0.9999999910000028,0.345000001845001,0.7699999957700022,1.0000000005557308,0.9999999997544365,0.016926567692047294,0.22027971989501433,0.9999999999776151,0.786704719967028,0.9999999999378636,0.9999999910000028,0.7849999807850022,0.9999999910000028,0.0,0.9999999910000028,0.2050000022050006,0.1399999996400004,1.0000000003119287,1.000000000330095,16.160159,429.40298,867.60775,818.8728,-52.092326,-34.689324,-338.8675,-40.400398,-37.371164,-19.907426,-41.561192,683.96889,1613.6866,1513.633,-3664.4238,354.57289,802.46624,814.99278,-127.46123,16.160159,301.48785,.
2106.0,2320.3444,22.222222,7.2222222,16.333333,5.3983,12.2168,3.3477249,2225.2418,89.349,136.79143,64.3741,22.222222,16.111111,22.222222,0.0,22.222222,4.3333333,2.8888889,2.2441,727.06233,0.6110268083725138,0.9999999910000028,0.3249999993250009,0.734999985735002,1.0000000005557308,0.9999999997544365,0.01287586499980191,0.2174825145274749,0.9999999999776161,0.7867047199670275,0.9999999999378634,0.9999999910000028,0.7249999957250021,0.9999999910000028,0.0,0.9999999910000028,0.19499999869500054,0.13000000063000036,1.000000000311929,1.000000000330095,16.480911,433.88569,811.89744,764.21174,-51.809066,-34.638232,-353.59426,-41.202277,-37.267895,-19.92662,-41.52117,690.73884,1453.5671,1353.9737,-3632.5073,358.27943,756.69256,768.70768,-127.17491,16.480911,244.25898999999993,.
2107.0,2443.8843,22.222222,6.8888889,15.555556,5.3983,12.2168,2.3060216,2203.7765,89.349,136.79143,64.3741,22.222222,14.666667,22.222222,0.0,22.222222,4.1111111,2.7777778,2.2441,727.06233,0.643559130213901,0.9999999910000028,0.3100000008100009,0.700000020700002,1.0000000005557304,0.9999999997544363,0.008869313846017397,0.21538461783189466,0.9999999999776162,0.7867047199670282,0.9999999999378631,0.9999999910000028,0.6600000156600019,0.9999999910000028,0.0,0.9999999910000028,0.1849999996850005,0.12500000112500034,1.000000000311929,1.000000000330095,16.776238,436.70045,755.87864,709.26745,-52.090458,-34.684008,-368.74061,-41.940595,-37.401521,-20.957296,-41.719505,694.40003,1301.465,1202.3519,-3616.8748,360.62632,710.50924,722.02607,-127.50107,16.776238,186.12568999999996,.
2108.0,2504.0932,22.222222,6.4444444,14.666667,5.3983,12.2168,1.3557603,2182.3111,89.349,136.79143,64.3741,22.222222,13.222222,22.222222,0.0,22.222222,3.8888889,2.5555556,2.2441,727.06233,0.6594142127622586,0.9999999910000028,0.28999999829000084,0.6600000156600019,1.0000000005557308,0.9999999997544369,0.005214462692227472,0.21328671136288233,0.9999999999776159,0.7867047199670282,0.9999999999378631,0.9999999910000028,0.5949999905950017,0.9999999910000028,0.0,0.9999999910000028,0.1750000006750005,0.11500000211500032,1.0000000003119294,1.000000000330095,16.943481,437.77996,699.11307,653.57375,-52.151391,-34.716313,-384.6698,-42.358703,-37.381555,-21.994088,-41.664568,695.8552,1157.3903,1058.8725,-3584.9235,361.52329,663.4889,674.54944,-127.40317,16.943481,127.52055999999993,.
2109.0,2563.2614,22.222222,6.0,13.666667,4.6951033,12.2168,0.34132957,2157.2682,80.847582,122.02103,64.3741,22.222222,11.777778,22.222222,0.0,22.222222,3.6666667,2.3333333,2.2441,727.06233,0.6749952430623928,0.9999999910000028,0.27000000027000076,0.6150000156150017,0.8697373807697265,0.9999999997544373,0.0013128060384413418,0.21083916033132247,0.9048515595942905,0.7017582917017411,0.9999999999378636,0.9999999910000028,0.5300000105300015,0.9999999910000028,0.0,0.9999999910000028,0.16500000166500048,0.1049999986050003,1.000000000311929,1.000000000330095,17.373909,437.57117,643.12136,598.65715,-97.948862,-34.581819,-401.00907,-43.434772,-46.25025,-23.037627,-41.661306,693.57619,1022.0029,924.13839,-3552.9868,361.39536,616.95065,627.56796,-127.23175,17.373909,68.63683999999989,.
2110.0,2621.3889,22.222222,5.4444444,12.666667,5.3983,12.2168,0.0,2142.958,89.349,122.02103,64.3741,22.222222,10.444444,22.222222,0.0,22.222222,3.3333333,2.1111111,2.2441,727.06233,0.6903022211143034,0.9999999910000028,0.24499999824500068,0.5700000155700017,1.000000000555731,0.9999999997544371,0.0,0.20944056253426915,0.9999999999776155,0.7017582917017406,0.9999999999378631,0.9999999910000028,0.46999998047000136,0.9999999910000028,0.0,0.9999999910000028,0.14999999865000044,0.09499999959500027,1.0000000003119285,1.000000000330095,17.617514,433.58636,587.1833,543.81861,-51.969164,-24.110467,-417.36638,-44.043785,-37.35054,-23.034724,-31.810881,684.09095,895.54886,798.37437,-3504.7798,358.17836,570.29134,580.45104,-107.90214,17.617514,9.246049999999968,.
2111.0,2734.5219,22.222222,4.8888889,11.555556,5.3983,12.2168,0.0,2110.7599,89.349,122.02103,64.3741,22.222222,9.0,20.222222,0.0,22.222222,3.0,1.8888889,2.2441,727.06233,0.7200940468069061,0.9999999910000028,0.22000000072000064,0.5200000205200015,1.0000000005557308,0.9999999997544367,0.0,0.2062937028307497,0.9999999999776154,0.7017582917017411,0.9999999999378631,0.9999999910000028,0.40500000040500117,0.9099999909100025,0.0,0.9999999910000028,0.13500000013500038,0.08500000058500023,1.0000000003119287,1.000000000330095,17.889477,395.16284,531.01032,488.76943,-51.846767,-24.108308,-434.12453,-44.723693,-37.409732,-23.078751,-31.882346,604.6022,778.1679,681.7226,-3456.9214,326.87285,523.16398,532.90108,-107.95095,17.889477,-50.811250000000086,.
2112.0,2896.4162,22.222222,4.3333333,10.333333,5.3983,12.2168,0.0,2067.8292,80.847582,122.02103,64.3741,22.222222,7.7777778,17.222222,0.0,22.222222,2.6666667,1.5555556,2.2441,727.06233,0.7627264066508598,0.9999999910000028,0.19499999869500054,0.46499998546500126,1.0000000005557312,0.9999999997544367,0.0,0.2020978996661562,0.9048515595942916,0.7017582917017412,0.9999999999378631,0.9999999910000028,0.350000001350001,0.7749999907750021,0.0,0.9999999910000028,0.12000000162000034,0.07000000207000019,1.0000000003119294,1.000000000330095,18.984694,342.00533,475.01908,433.84164,-51.670851,-24.037981,-451.29057,-47.461735,-37.415232,-24.120351,-31.762644,500.86101,670.15837,574.4795,-3408.6965,283.4309,475.96359,485.29636,-107.94557,18.984694,-111.3089500000001,.
2113.0,2678.4758,22.222222,3.7777778,9.1111111,5.3983,12.2168,0.0,2132.2253,80.847582,110.0201,64.3741,22.222222,6.5555555,14.444444,0.0,22.222222,2.3333333,1.3333333,2.2441,727.06233,0.7053351732514433,0.9999999910000028,0.17000000117000047,0.4099999999100012,1.0000000005557312,0.9999999997544362,0.0,0.2083916092997619,0.9048515595942908,0.6327394337587112,0.999999999937863,0.9999999910000028,0.2949999977950008,0.6499999806500019,0.0,0.9999999910000028,0.1049999986050003,0.05999999856000017,1.0000000003119287,1.000000000330095,16.452632,289.77351,419.99275,379.83799,-53.156416,-34.637604,-468.47511,-41.131579,-46.595031,-25.164471,-41.711244,407.04675,572.39772,477.54036,-3376.4035,240.55375,429.34807,438.28739,-127.23566,16.452632,-171.8741500000001,.
2114.0,2896.4162,22.222222,3.1111111,7.7777778,5.3983,12.2168,0.0,2060.6741,80.847582,110.0201,64.3741,22.222222,5.3333333,11.666667,0.0,22.222222,1.8888889,1.0,2.2441,727.06233,0.7627264066508597,0.9999999910000028,0.1399999996400004,0.350000001350001,1.0000000005557308,0.9999999997544363,0.0,0.20139860076762978,0.9048515595942906,0.6327394337587114,0.9999999999378634,0.9999999910000028,0.23999999874000066,0.5250000155250015,0.0,0.9999999910000028,0.08500000058500023,0.04500000004500013,1.0000000003119294,1.000000000330095,18.198874,237.00337,364.5118,325.38017,-51.776901,-23.784751,-484.89044,-45.497185,-37.484786,-25.178221,-31.560054,321.19595,483.01626,389.03718,-3295.7924,197.01466,382.12913,390.68408,-107.24785,18.198874,-232.84355000000005,.
2115.0,3048.9443,22.222222,2.4444444,6.3333333,5.3983,12.2168,0.0,2024.8985,73.463608,110.0201,64.3741,22.222222,4.3333333,9.2222222,0.0,22.222222,1.5555556,0.66666667,2.2441,727.06233,0.8028923225942532,0.9999999910000028,0.10999999811000032,0.28499999878500076,1.0000000005557304,0.9999999997544363,0.0,0.1979020965015632,0.822209627397683,0.6327394337587111,0.9999999999378631,0.9999999910000028,0.19499999869500054,0.41499999941500115,0.0,0.9999999910000028,0.07000000207000019,0.030000000180000087,1.0000000003119294,1.000000000330095,19.004943,184.17472,309.8859,271.7869,-51.622279,-23.710788,-500.92735,-47.512358,-46.287088,-26.19037,-41.38764,243.00432,403.4227,310.39805,-3230.9858,153.25695,335.41837,343.6067,-107.19682,19.004943,-293.84034999999994,.
2116.0,3048.9443,22.222222,1.6666667,4.8888889,5.3983,12.2168,0.0,2021.321,73.463608,100.0765,58.250986,22.222222,3.3333333,6.8888889,0.0,22.222222,1.1111111,0.33333333,2.2441,727.06233,0.8028923225942534,0.9999999910000028,0.07500000157500021,0.22000000072000064,1.0000000005557306,0.9999999997544368,0.0,0.19755245193901674,0.8222096273976826,0.5755525394228298,0.9048823361628425,0.9999999910000028,0.14999999865000044,0.3100000008100009,0.0,0.9999999910000028,0.04999999955000014,0.014999999865000042,1.0000000003119294,1.000000000330095,18.530812,132.88663,257.18629,220.19184,-51.86828,-23.774631,-515.81879,-46.327031,-46.359443,-27.237381,-41.411667,174.53379,334.43425,242.4313,-3150.5063,110.60007,290.12828,297.94985,-107.10725,18.530812,-355.11635,.
2117.0,3097.7056,20.0,1.1111111,3.5555556,5.3983,12.2168,0.0,2014.1658,80.847582,100.0765,64.3741,16.333333,2.4444444,5.0,0.0,20.222222,0.66666667,0.11111111,2.2441,727.06233,0.8157328567456034,0.9000000009000025,0.04999999955000014,0.16000000216000046,1.0000000005557301,0.9999999997544371,0.0,0.1968531432670568,0.9048515595942905,0.5755525394228299,0.9999999999378631,0.734999985735002,0.10999999811000032,0.22500000022500063,0.0,0.9099999909100025,0.030000000180000087,0.004999999955000014,1.000000000311929,1.000000000330095,18.269505,89.326409,212.19075,176.27935,-52.072507,-24.135099,-528.38727,-45.673761,-37.73907,-26.25903,-31.989913,118.52239,277.85395,186.93832,-3054.5114,74.317252,251.18206,258.65525,-88.515564,18.269505,-416.26195000000007,.
2118.0,3145.4262,12.111111,0.55555555,2.5555556,5.3983,12.2168,0.0,1996.278,80.847582,100.0765,64.3741,10.0,1.8888889,3.4444444,0.0,12.222222,0.44444444,0.0,2.2441,727.06233,0.8282993386487304,0.5449999955450016,0.02499999977500007,0.11500000211500032,1.0000000005557308,0.9999999997544368,0.0,0.1951048911340236,0.9048515595942906,0.5755525394228295,0.9999999999378634,0.45000000045000127,0.08500000058500023,0.15499999815500043,0.0,0.5499999905500016,0.019999999820000055,0.0,1.0000000003119283,1.000000000330095,18.124857,55.990432,177.39692,142.53816,-51.636904,-23.730446,-537.83735,-45.312143,-37.477362,-26.261125,-31.569327,75.722265,234.42957,144.67745,-2940.9872,46.548778,220.72649,227.86304,-87.765315,18.124857,-476.86945000000014,.
2119.0,3145.4262,6.3333333,0.22222222,1.8888889,5.3983,12.2168,0.0,1992.7005,80.847582,100.0765,64.3741,5.3333333,1.4444444,2.4444444,0.0,6.3333333,0.22222222,0.0,2.2441,727.06233,0.8282993386487302,0.28499999878500076,0.009999999910000027,0.08500000058500023,1.0000000005557308,0.9999999997544365,0.0,0.19475524657147672,0.9048515595942901,0.5755525394228298,0.9999999999378634,0.23999999874000066,0.06499999806500019,0.10999999811000032,0.0,0.28499999878500076,0.009999999910000027,0.0,1.0000000003119287,1.000000000330095,17.63502,32.800629,152.7169,118.8907,-51.935766,-23.715831,-542.82388,-44.08755,-37.764591,-27.307102,-31.784659,46.027742,204.04723,115.58944,-2812.2133,27.230359,198.71397,205.49409,-87.794541,17.63502,-537.60835,.
2120.0,3048.9443,2.8888889,0.11111111,1.5555556,5.3983,12.2168,0.0,2017.7434,80.847582,100.0765,64.3741,2.6666667,1.2222222,1.8888889,0.0,3.0,0.11111111,0.0,2.2441,727.06233,0.8028923225942531,0.13000000063000036,0.004999999955000014,0.07000000207000019,1.0000000005557308,0.9999999997544368,0.0,0.1972027976030366,0.904851559594291,0.57555253942283,0.9999999999378634,0.12000000162000034,0.05499999905500016,0.08500000058500023,0.0,0.13500000013500038,0.004999999955000014,0.0,1.000000000311929,1.000000000330095,16.574189,19.481817,137.88116,105.03678,-42.452698,-21.631536,-540.92475,-41.435471,-37.745009,-26.424554,-32.839523,29.074212,186.34626,99.14185,-2657.3987,16.132684,184.90195,191.32731,-84.009737,16.574189,-598.38715,.
2121.0,1566.4657,2.0,0.0,1.4444444,5.3983,12.2168,0.0,3062.3907,80.847582,100.0765,64.3741,1.8888889,1.2222222,1.7777778,0.0,2.0,0.11111111,0.0,2.2441,727.06233,0.4125045131645182,0.09000000009000025,0.0,0.06499999806500019,1.0000000005557306,0.9999999997544363,0.0,0.29930070067062103,0.9048515595942914,0.5755525394228299,0.9999999999378631,0.08500000058500023,0.05499999905500016,0.08000000108000023,0.0,0.09000000009000025,0.004999999955000014,0.0,1.000000000311929,1.000000000330095,5.7608399,15.571215,132.43025,100.56573,-42.283738,-20.549183,-528.76704,-14.4021,-35.744207,-25.506365,-30.744386,24.124588,180.59244,94.759828,-2465.5185,12.873551,178.86412,184.98542,-79.613923,5.7608399,-658.47135,.
2122.0,686.66351,1.8888889,0.11111111,1.5555556,5.3983,12.2168,0.0,8257.0067,80.847582,100.0765,64.3741,1.8888889,1.2222222,1.8888889,0.0,1.8888889,0.11111111,0.0,2.2441,727.06233,0.1808222145562391,0.08500000058500023,0.004999999955000014,0.07000000207000019,1.0000000005557308,0.9999999997544365,0.0,0.806993010641005,0.9048515595942905,0.57555253942283,0.9999999999378631,0.08500000058500023,0.05499999905500016,0.08500000058500023,0.0,0.08500000058500023,0.004999999955000014,0.0,1.0000000003119291,1.000000000330095,1.0254622,14.783659,130.03563,99.137252,-37.961113,-18.413126,-501.25413,-2.5636554,-32.226582,-23.789245,-27.723271,23.172864,178.68855,94.355875,-2226.8236,12.216146,175.3772,181.19688,-71.713472,1.0254622,-718.0336500000001,.
2123.0,686.66351,1.8888889,0.11111111,1.5555556,5.3983,12.2168,0.0,7314.2904,80.847582,110.0201,64.3741,1.8888889,1.3333333,2.1111111,0.0,1.8888889,0.11111111,0.0,2.2441,727.06233,0.1808222145562391,0.08500000058500023,0.004999999955000014,0.07000000207000019,1.0000000005557308,0.9999999997544371,0.0,0.7148572654783717,0.904851559594291,0.6327394337587111,0.9999999999378634,0.08500000058500023,0.05999999856000017,0.09499999959500027,0.0,0.08500000058500023,0.004999999955000014,0.0,1.0000000003119291,1.000000000330095,1.0130258,14.28423,127.89387,97.953822,-33.170297,-16.317153,-450.67661,-2.5325646,-28.669401,-21.094884,-23.90141,22.589973,177.07399,94.320169,-1920.9328,11.798754,172.11557,177.62614,-62.223762,1.0130258,-776.66535,.
2124.0,686.66351,1.8888889,0.11111111,1.6666667,5.3983,12.2168,0.0,7291.0657,89.349,122.02103,64.3741,2.0,1.4444444,2.2222222,0.0,1.8888889,0.22222222,0.0,2.2441,727.06233,0.18082221455623915,0.08500000058500023,0.004999999955000014,0.07500000157500021,1.0000000005557301,0.9999999997544368,0.0,0.71258741500408,0.9999999999776154,0.7017582917017408,0.9999999999378631,0.09000000009000025,0.06499999806500019,0.09999999910000028,0.0,0.08500000058500023,0.009999999910000027,0.0,1.0000000003119294,1.000000000330095,0.9855187,14.052918,125.99702,97.02763,-23.905777,-12.048098,-363.74201,-2.4637968,-21.602569,-16.812875,-17.967356,22.338915,175.73091,94.626107,-1508.9643,11.604995,169.05657,174.26827,-48.471088,0.9855187,-834.14445,.
2125.0,600.43735,2.1111111,0.22222222,1.7777778,5.3983,12.2168,18.3596,9816.8225,89.349,173.879,64.3741,2.1111111,1.4444444,2.3333333,0.0,2.1111111,0.22222222,0.0,2.2441,727.06233,0.15811588900257656,0.09499999959500027,0.009999999910000027,0.08000000108000023,1.0000000005557304,0.9999999997544368,0.07061384615275981,0.9594405614571391,0.9999999999776154,1.0000000000230045,0.9999999999378634,0.09499999959500027,0.06499999806500019,0.1049999986050003,0.0,0.09499999959500027,0.009999999910000027,0.0,1.0000000003119294,1.000000000330095,0.69195826,14.073063,124.32761,96.30304,-7.7317774,-3.1045122,-86.449941,-0.69195826,-5.4177743,-3.966298,-4.8087845,22.398972,174.62895,95.230352,-370.20527,11.620984,166.19676,171.11,-12.430695,0.69195826,-887.24615,4899.4459
2126.0,600.43735,2.2222222,0.22222222,1.8888889,5.3983,12.2168,114.00801,9877.641,89.349,173.879,64.3741,2.2222222,1.5555556,2.5555556,0.598,2.2222222,0.22222222,0.0,2.2441,727.06233,0.15811588900257656,0.09999999910000028,0.009999999910000027,0.08500000058500023,1.0000000005557312,0.9999999997544367,0.4384923461471001,0.9653846167547657,0.9999999999776161,1.000000000023005,0.9999999999378631,0.09999999910000028,0.07000000207000019,0.11500000211500032,0.08190658813861124,0.09999999910000028,0.009999999910000027,0.0,1.0000000003119291,1.000000000330095,0.56473179,14.169066,122.714,95.606814,-2.1546534,-0.97686543,-7.3897717,-0.56473179,-0.75505428,-0.38664089,-0.85934083,22.546219,173.53383,95.916137,-88.535819,11.700382,163.37477,168.01759,-3.8252889,0.56473179,-924.94145,-0.0
2127.0,600.43735,2.4444444,0.33333333,1.8888889,5.3983,12.2168,114.00801,9877.641,89.349,173.879,64.3741,2.4444444,1.6666667,2.7777778,0.607,2.4444444,0.22222222,0.0,2.2441,727.06233,0.1581158890025766,0.10999999811000032,0.014999999865000042,0.08500000058500023,1.0000000005557315,0.9999999997544361,0.4384923461471002,0.9653846167547623,0.9999999999776158,1.0000000000230047,0.9999999999378634,0.10999999811000032,0.07500000157500021,0.12500000112500034,0.08313929598685123,0.10999999811000032,0.009999999910000027,0.0,1.0000000003119285,1.000000000330095,0.56712017,14.274388,121.08346,94.886803,-1.8908185,-0.95201949,-6.8991129,-0.56712017,-0.69318308,-0.35757827,-0.79270756,22.70413,172.32624,96.488252,-85.298766,11.787579,160.54585,164.93869,-3.5955532,0.56712017,-946.66065,-0.0
2128.0,600.43735,2.5555556,0.33333333,2.0,5.3983,12.2168,114.00801,9877.641,89.349,173.879,64.3741,2.6666667,1.7777778,2.8888889,0.616,2.5555556,0.33333333,0.0,2.2441,727.06233,0.15811588900257653,0.11500000211500032,0.014999999865000042,0.09000000009000025,1.0000000005557308,0.9999999997544363,0.4384923461471002,0.9653846167547661,0.9999999999776159,1.0000000000230047,0.9999999999378631,0.12000000162000034,0.08000000108000023,0.13000000063000036,0.08437200383509114,0.11500000211500032,0.014999999865000042,0.0,1.0000000003119291,1.000000000330095,0.56863249,14.383467,119.43156,94.07764,-1.7937442,-0.90393146,-6.0194094,-0.56863249,-0.63900382,-0.31711369,-0.73236067,22.872536,170.98143,96.50644,-80.936044,11.877775,157.71935,161.87325,-3.4641676,0.56863249,-966.17235,-0.0
2129.0,600.43735,2.7777778,0.33333333,2.1111111,5.3983,12.2168,131.41534,9816.8225,89.349,173.879,64.3741,2.7777778,1.8888889,3.0,0.656,2.7777778,0.33333333,0.0,2.2441,727.06233,0.1581158890025766,0.12500000112500034,0.014999999865000042,0.09499999959500027,1.0000000005557301,0.9999999997544368,0.5054436153768395,0.9594405614571384,0.9999999999776161,1.000000000023004,0.9999999999378631,0.12500000112500034,0.08500000058500023,0.13500000013500038,0.08985070538282434,0.12500000112500034,0.014999999865000042,0.0,1.0000000003119294,1.000000000330095,0.57034161,14.501899,117.75609,93.298352,-1.7248549,-0.80985662,-4.485435,-0.57034161,-0.56786868,-0.24399421,-0.65175495,23.06516,169.51263,96.098147,-74.721066,11.975477,154.87666,158.81711,-3.2861004,0.57034161,-979.66265,133.33203
2130.0,600.43735,3.0,0.44444444,2.2222222,5.3983,12.2168,142.19242,9816.8225,89.349,173.879,64.3741,3.0,1.8888889,3.1111111,0.71,3.0,0.33333333,0.0,2.2441,727.06233,0.1581158890025766,0.13500000013500038,0.019999999820000055,0.09999999910000028,1.0000000005557308,0.9999999997544363,0.5468939230685094,0.9594405614571397,0.9999999999776154,1.0000000000230047,0.999999999937863,0.13500000013500038,0.08500000058500023,0.1399999996400004,0.09724695247226417,0.13500000013500038,0.014999999865000042,0.0,1.0000000003119291,1.000000000330095,0.57183983,14.62345,116.05692,92.469293,-1.7426624,-0.78995141,-2.4160999,-0.57183983,-0.44287827,-0.15408221,-0.58151799,23.266095,167.9083,95.547351,-67.224013,12.075675,152.02035,155.77364,-3.091468,0.57183983,-984.3007500000001,-0.0
2131.0,600.43735,3.2222222,0.44444444,2.3333333,5.3983,12.2168,142.19242,9816.8225,89.349,173.879,64.3741,3.2222222,2.0,3.3333333,0.688,3.2222222,0.44444444,0.0,2.2441,727.06233,0.15811588900257656,0.14499999914500042,0.019999999820000055,0.1049999986050003,1.0000000005557304,0.9999999997544369,0.5468939230685095,0.9594405614571397,0.9999999999776159,1.0000000000230045,0.9999999999378631,0.14499999914500042,0.09000000009000025,0.14999999865000044,0.09423366662101092,0.14499999914500042,0.019999999820000055,0.0,1.0000000003119291,1.000000000330095,0.57351678,14.742009,114.33373,91.581159,-1.7905547,-0.7939478,-2.4955792,-0.57351678,-0.45335599,-0.15689261,-0.59487129,23.460904,166.1592,94.916255,-67.31054,12.173431,149.17367,152.74435,-3.0708836,0.57351678,-985.02945,-0.0
2132.0,600.43735,3.4444444,0.44444444,2.4444444,5.3983,12.2168,142.19242,9816.8225,89.349,173.879,64.3741,3.4444444,2.1111111,3.4444444,0.666,3.4444444,0.44444444,0.0,2.2441,727.06233,0.15811588900257662,0.15499999815500043,0.019999999820000055,0.10999999811000032,1.0000000005557306,0.9999999997544363,0.5468939230685093,0.9594405614571403,0.9999999999776155,1.000000000023004,0.9999999999378634,0.15499999815500043,0.09499999959500027,0.15499999815500043,0.0912203807697577,0.15499999815500043,0.019999999820000055,0.0,1.0000000003119285,1.000000000330095,0.58899419,14.85872,112.58625,90.671364,-1.6505413,-0.79594388,-2.5780513,-0.58899419,-0.45381792,-0.16552465,-0.61075112,23.65078,164.26425,94.197705,-67.408231,12.269712,146.34636,149.72888,-3.0063018,0.58899419,-982.71315,-0.0
2133.0,600.43735,3.6666667,0.55555555,2.4987113,5.3983,12.2168,142.19242,9748.8489,89.349,173.879,64.3741,3.6666667,2.2222222,3.5555556,0.646,3.6666667,0.44444444,0.0,2.2441,727.06233,0.15811588900257656,0.16500000166500048,0.02499999977500007,0.11244200861244233,1.0000000005557306,0.9999999997544363,0.5468939230685094,0.9527972072609854,0.9999999999776151,1.000000000023004,0.9999999999378631,0.16500000166500048,0.09999999910000028,0.16000000216000046,0.0884810299958911,0.16500000166500048,0.019999999820000055,0.0,1.0000000003119287,1.000000000330095,0.59463119,15.001714,110.82102,89.75577,-1.4895281,-0.75517812,-2.6634075,-0.59463119,-0.45740157,-0.16697597,-0.62555816,23.889365,162.22909,93.397374,-67.442756,12.387537,143.54777,146.73448,-3.0099136,0.59463119,-980.15625,-0.0
2134.0,686.66351,3.8888889,0.55555555,2.5555556,5.3983,12.2168,142.19242,9748.8489,89.349,173.879,64.3741,3.8888889,2.2222222,3.6666667,0.626,3.8888889,0.44444444,0.0,2.2441,727.06233,0.18082221455623904,0.1750000006750005,0.02499999977500007,0.11500000211500032,1.000000000555731,0.9999999997544363,0.5468939230685091,0.9527972072609866,0.9999999999776158,1.0000000000230045,0.9999999999378634,0.1750000006750005,0.09999999910000028,0.16500000166500048,0.08574167922202446,0.1750000006750005,0.019999999820000055,0.0,1.000000000311929,1.000000000330095,0.59653678,15.089992,109.0396,88.827889,-1.5043592,-0.76605399,-2.7541923,-0.59653678,-0.44727043,-0.16804362,-0.59574004,24.004563,160.04745,92.52743,-67.469799,12.461007,140.76098,143.76394,-2.9420149,0.59653678,-976.34395,-0.0
2135.0,686.66351,4.1111111,0.55555555,2.6666667,5.3983,12.2168,142.19242,9748.8489,89.349,173.879,64.3741,4.1111111,2.3333333,3.7777778,0.607,4.1111111,0.55555555,0.0,2.2441,727.06233,0.18082221455623912,0.1849999996850005,0.02499999977500007,0.12000000162000034,1.000000000555731,0.9999999997544365,0.5468939230685094,0.9527972072609839,0.9999999999776161,1.000000000023005,0.9999999999378631,0.1849999996850005,0.1049999986050003,0.17000000117000047,0.08313929598685123,0.1849999996850005,0.02499999977500007,0.0,1.0000000003119285,1.000000000330095,0.59864678,15.200052,107.23857,87.851843,-1.5031434,-0.77057584,-2.8504232,-0.59864678,-0.46300437,-0.17631793,-0.58543673,24.169716,157.71575,91.376353,-67.530977,12.552144,137.99244,140.81535,-2.934854,0.59864678,-967.7211500000001,-0.0
2136.0,686.66351,4.3333333,0.66666667,2.7777778,5.3983,12.2168,131.41534,9691.6079,89.349,173.879,64.3741,4.3333333,2.3333333,3.8888889,0.58,4.3333333,0.55555555,0.0,2.2441,727.06233,0.18082221455623906,0.19499999869500054,0.030000000180000087,0.12500000112500034,1.0000000005557308,0.9999999997544363,0.5054436153768394,0.9472027965259073,0.9999999999776156,1.0000000000230047,0.9999999999378631,0.19499999869500054,0.1049999986050003,0.1750000006750005,0.0794411724421313,0.19499999869500054,0.02499999977500007,0.0,1.0000000003119291,1.000000000330095,0.60044782,15.332809,105.41534,86.595144,-1.5412302,-0.78062746,-2.9501144,-0.60044782,-0.47683591,-0.1814003,-0.63040557,24.386205,155.24909,90.087557,-67.570164,12.661654,135.20155,137.88453,-2.9785413,0.60044782,-960.2408500000001,-0.0
2137.0,686.66351,4.5555556,0.66666667,2.8888889,5.3983,12.2168,131.41534,9691.6079,89.349,173.879,64.3741,4.6666667,2.4444444,4.0,0.563,4.5555556,0.55555555,0.0,2.2441,727.06233,0.1808222145562391,0.2050000022050006,0.030000000180000087,0.13000000063000036,1.0000000005557301,0.9999999997544368,0.5054436153768394,0.9472027965259058,0.9999999999776158,1.0000000000230043,0.9999999999378631,0.2100000017100006,0.10999999811000032,0.1800000001800005,0.07711272428434465,0.2050000022050006,0.02499999977500007,0.0,1.0000000003119291,1.000000000330095,0.60537808,15.461698,103.56837,85.205161,-1.5616516,-0.77394797,-3.0541216,-0.60537808,-0.50654073,-0.18761082,-0.61225751,24.595937,152.73118,88.825188,-67.567575,12.767952,132.39388,134.9585,-2.9385452,0.60537808,-952.77325,-0.0
2138.0,686.66351,4.8888889,0.66666667,2.8888889,5.3983,12.2168,131.41534,9691.6079,89.349,173.879,64.3741,4.8888889,2.5555556,4.0,0.547,4.8888889,0.55555556,0.0,2.2441,727.06233,0.18082221455623915,0.22000000072000064,0.030000000180000087,0.13000000063000036,1.0000000005557301,0.9999999997544367,0.5054436153768396,0.9472027965259074,0.9999999999776156,1.0000000000230043,0.9999999999378631,0.22000000072000064,0.11500000211500032,0.1800000001800005,0.07492124366525144,0.22000000072000064,0.02500000022500007,0.0,1.0000000003119294,1.000000000330095,0.61090362,15.58159,101.69814,83.800045,-1.5620847,-0.76777413,-3.1624178,-0.61090362,-0.46579317,-0.19312439,-0.61726981,24.788277,150.2171,87.617851,-67.551207,12.866936,129.58945,132.03128,-2.9428339,0.61090362,-943.55475,-0.0
2139.0,686.66351,5.1111111,0.77777778,3.0,5.3983,12.2168,131.41534,9634.367,89.349,173.879,64.3741,5.2222222,2.5555556,4.1111111,0.531,5.1111111,0.55555555,0.0,2.2441,727.06233,0.18082221455623906,0.22999999973000063,0.0350000001350001,0.13500000013500038,1.0000000005557306,0.9999999997544372,0.5054436153768394,0.9416083955642611,0.9999999999776158,1.0000000000230052,0.9999999999378638,0.23499999923500067,0.11500000211500032,0.1849999996850005,0.07272976304615812,0.22999999973000063,0.02499999977500007,0.0,1.0000000003119294,1.000000000330095,0.61900695,15.680778,99.801873,82.386375,-1.5000087,-0.72893526,-3.2753761,-0.61900695,-0.4663722,-0.19912358,-0.62544191,24.946185,147.71274,86.4178,-67.509096,12.94884,126.78494,129.10067,-2.8862884,0.61900695,-934.5862500000001,-0.0
2140.0,686.66351,5.4444444,0.77777778,3.0,5.3983,12.2168,122.1155,9634.367,89.349,173.879,64.3741,5.4444444,2.6666667,4.2222222,0.507,5.4444444,0.66666667,0.0,2.2441,727.06233,0.1808222145562391,0.24499999824500068,0.0350000001350001,0.13500000013500038,1.0000000005557308,0.9999999997544368,0.4696749999927744,0.9416083955642613,0.9999999999776158,1.0000000000230047,0.9999999999378634,0.24499999824500068,0.12000000162000034,0.18999999919000055,0.06944254211751821,0.24499999824500068,0.030000000180000087,0.0,1.0000000003119285,1.000000000330095,0.62520964,15.775721,97.891287,80.960877,-1.6639052,-0.76081166,-3.3941138,-0.62520964,-0.54403029,-0.20730426,-0.64298596,25.086303,145.2224,85.240528,-67.514636,13.027493,123.98651,126.17637,-2.9282721,0.62520964,-925.1287500000001,-0.0
2141.0,686.66351,5.6666667,0.77777778,3.1111111,5.3983,12.2168,122.1155,9634.367,89.349,173.879,64.3741,5.6666667,2.6666667,4.3333333,0.493,5.6666667,0.66666667,0.0,2.2441,727.06233,0.1808222145562391,0.25500000175500076,0.0350000001350001,0.1399999996400004,1.0000000005557312,0.9999999997544367,0.4696749999927742,0.9416083955642581,0.9999999999776159,1.0000000000230047,0.9999999999378634,0.25500000175500076,0.12000000162000034,0.19499999869500054,0.06752499657581161,0.25500000175500076,0.030000000180000087,0.0,1.0000000003119285,1.000000000330095,0.62960815,15.819027,95.964476,79.529849,-1.5487571,-0.72958248,-3.5157712,-0.62960815,-0.52541577,-0.21224887,-0.59574164,25.117077,142.74359,84.13078,-67.378846,13.064137,121.18437,123.25736,-2.8597318,0.62960815,-915.5840500000002,-0.0
2142.0,686.66351,5.7777778,0.88888889,3.1111111,5.3983,12.2168,122.1155,9555.6607,89.349,173.879,64.3741,5.7777778,2.7777778,4.4444444,0.479,5.7777778,0.66666667,0.0,2.2441,727.06233,0.180822214556239,0.2600000012600007,0.04000000009000011,0.1399999996400004,1.0000000005557308,0.9999999997544365,0.4696749999927744,0.9339160881336013,0.9999999999776161,1.000000000023005,0.9999999999378631,0.2600000012600007,0.12500000112500034,0.19999999820000056,0.06560745103410497,0.2600000012600007,0.030000000180000087,0.0,1.0000000003119287,1.000000000330095,0.63442382,15.608847,94.017356,78.089923,-1.4949553,-0.7262651,-3.6421535,-0.63442382,-0.5182096,-0.2156769,-0.58912331,24.633586,140.26811,83.081221,-67.286663,12.894025,118.33159,120.34102,-2.8081333,0.63442382,-905.9201500000001,-0.0
2143.0,686.66351,5.8888889,0.88888889,3.2222222,5.3983,12.2168,114.00801,9555.6607,89.349,173.879,64.3741,5.7777778,2.7777778,4.5555556,0.458,5.8888889,0.66666667,0.0,2.2441,727.06233,0.18082221455623912,0.2650000007650008,0.04000000009000011,0.14499999914500042,1.0000000005557306,0.9999999997544369,0.43849234614710025,0.9339160881335999,0.9999999999776166,1.0000000000230045,0.9999999999378628,0.2600000012600007,0.12500000112500034,0.2050000022050006,0.0627311327215451,0.2650000007650008,0.030000000180000087,0.0,1.0000000003119294,1.000000000330095,0.64626293,15.215319,92.050959,76.583413,-1.452274,-0.71993098,-3.7719918,-0.64626293,-0.51658746,-0.22157603,-0.58875453,23.821189,137.78928,81.926138,-67.11923,12.57345,115.46174,117.43022,-2.7966284,0.64626293,-895.8677500000001,-0.0
2144.0,686.66351,5.8888889,0.88888889,3.2222222,5.3983,12.2168,114.00801,9555.6607,89.349,173.879,64.3741,5.6666667,2.8888889,4.6666667,0.444,5.8888889,0.66666667,0.0,2.2441,727.06233,0.18082221455623906,0.2650000007650008,0.04000000009000011,0.14499999914500042,1.000000000555731,0.9999999997544368,0.43849234614710036,0.9339160881335985,0.9999999999776159,1.000000000023005,0.9999999999378626,0.25500000175500076,0.13000000063000036,0.2100000017100006,0.060813587179838424,0.2650000007650008,0.030000000180000087,0.0,1.000000000311929,1.000000000330095,0.63214994,14.793096,90.070659,75.050699,-1.4661099,-0.73883033,-3.9057463,-0.63214994,-0.5240557,-0.22960925,-0.62163885,23.026084,135.34148,80.731014,-66.989544,12.227708,112.59783,114.52597,-2.838388,0.63214994,-885.62365,-0.0
2145.0,771.84899,5.8888889,0.88888889,3.3333333,5.3983,12.2168,114.00801,9494.8422,89.349,173.879,64.3741,5.6666667,2.8888889,4.7777778,0.426,5.8888889,0.66666667,0.0,2.2441,727.06233,0.20325449312836855,0.2650000007650008,0.04000000009000011,0.14999999865000044,1.0000000005557308,0.9999999997544367,0.4384923461471002,0.9279720328359752,0.9999999999776158,1.0000000000230045,0.9999999999378636,0.25500000175500076,0.13000000063000036,0.2150000012150006,0.05834817148335849,0.2650000007650008,0.030000000180000087,0.0,1.0000000003119294,1.000000000330095,0.64354044,14.36957,88.068011,73.502394,-1.3801117,-0.6842543,-4.0402599,-0.64354044,-0.51460336,-0.2342108,-0.61750723,22.316049,132.92,79.566608,-66.830818,11.878783,109.72084,111.62155,-2.7565402,0.64354044,-875.25385,-0.0
2146.0,771.84899,5.8888889,0.88888889,3.3333333,5.3983,12.2168,106.87681,9494.8422,89.349,173.879,64.3741,5.6666667,3.0,4.8888889,0.414,5.8888889,0.66666667,0.0,2.2441,727.06233,0.20325449312836857,0.2650000007650008,0.04000000009000011,0.14999999865000044,1.0000000005557304,0.9999999997544363,0.4110646538398299,0.9279720328359748,0.9999999999776161,1.000000000023004,0.9999999999378631,0.25500000175500076,0.13500000013500038,0.22000000072000064,0.05670456101903855,0.2650000007650008,0.030000000180000087,0.0,1.000000000311929,1.000000000330095,0.65605422,13.948037,86.048636,71.950642,-1.5127354,-0.70748375,-4.1785826,-0.65605422,-0.56084819,-0.24418215,-0.67875702,21.691881,130.52745,78.452504,-66.630467,11.529615,106.8443,108.72328,-2.8222407,0.65605422,-865.6159500000001,-0.0
2147.0,771.84899,5.8888889,1.0,3.4444444,5.3983,12.2168,106.87681,9434.0236,89.349,173.879,64.3741,5.7777778,3.1111111,5.0,0.396,5.8888889,0.77777778,0.11111111,2.2441,727.06233,0.20325449312836855,0.2650000007650008,0.04500000004500013,0.15499999815500043,1.0000000005557301,0.9999999997544369,0.4110646538398299,0.9220279677649154,0.9999999999776154,1.0000000000230043,0.9999999999378636,0.2600000012600007,0.1399999996400004,0.22500000022500063,0.05423914532255862,0.2650000007650008,0.0350000001350001,0.004999999955000014,1.0000000003119285,1.000000000330095,0.66061753,13.541367,84.029329,70.407525,-1.5585654,-0.70589193,-4.3149102,-0.66061753,-0.58979238,-0.25154221,-0.67180664,21.160345,128.16584,77.525287,-66.319008,11.191123,103.99179,105.84889,-2.7602672,0.66061753,-858.1818499999999,-0.0
2148.0,771.84899,5.8888889,1.0,3.4444444,5.3983,12.2168,106.87681,9434.0236,89.349,173.879,64.3741,5.7777778,3.1111111,5.2222222,0.384,5.8888889,0.77777778,0.11111111,2.2441,727.06233,0.20325449312836852,0.2650000007650008,0.04500000004500013,0.15499999815500043,1.0000000005557308,0.9999999997544367,0.4110646538398299,0.922027967764916,0.9999999999776161,1.000000000023005,0.9999999999378631,0.2600000012600007,0.1399999996400004,0.23499999923500067,0.052595534858238646,0.2650000007650008,0.0350000001350001,0.004999999955000014,1.000000000311929,1.000000000330095,0.66351051,13.198812,82.056809,68.8865,-1.3016656,-0.65800273,-4.4448037,-0.66351051,-0.52481495,-0.24927404,-0.60300447,20.746778,125.85424,76.621986,-65.92771,10.905174,101.20414,103.03913,-2.6154983,0.66351051,-850.16715,-0.0
2149.0,771.84899,5.8888889,1.0,3.5555556,5.3983,12.2168,100.55507,9388.8151,89.349,173.879,64.3741,5.8888889,3.2222222,5.3333333,0.366,5.8888889,0.77777778,0.11111111,2.2441,727.06233,0.20325449312836863,0.2650000007650008,0.04500000004500013,0.16000000216000046,1.0000000005557308,0.9999999997544367,0.3867502692248193,0.9176095453453749,0.9999999999776159,1.0000000000230047,0.9999999999378631,0.2650000007650008,0.14499999914500042,0.23999999874000066,0.05013011916175872,0.2650000007650008,0.0350000001350001,0.004999999955000014,1.0000000003119285,1.000000000330095,0.66375561,12.853637,80.163917,67.44353,-1.4567063,-0.6972752,-4.5701673,-0.66375561,-0.54969789,-0.25480102,-0.63743072,20.255686,123.60417,75.737175,-65.547683,10.618749,98.509775,100.32255,-2.6674924,0.66375561,-842.30015,-0.0
2150.0,771.84899,6.0,1.0,3.5555556,5.3983,12.2168,100.55507,9369.6276,89.349,173.879,64.3741,5.8888889,3.2222222,5.4444444,0.356,6.0,0.77777778,0.11111111,2.2441,727.06233,0.2032544931283685,0.27000000027000076,0.04500000004500013,0.16000000216000046,1.0000000005557306,0.9999999997544365,0.38675026922481937,0.9157342679047424,0.9999999999776156,1.0000000000230052,0.9999999999378631,0.2650000007650008,0.14499999914500042,0.24499999824500068,0.048760443774825406,0.27000000027000076,0.0350000001350001,0.004999999955000014,1.000000000311929,1.000000000330095,0.66520755,12.57738,78.355825,66.09457,-1.3215116,-0.65900149,-4.6781575,-0.66520755,-0.52337078,-0.26187338,-0.60173833,19.842525,121.40906,74.866439,-64.955512,10.390021,95.915216,97.705238,-2.5855856,0.66520755,-835.6267500000001,-0.0
2151.0,771.84899,6.1111111,1.0,3.6666667,5.3983,12.2168,94.911913,9369.6276,89.349,173.879,64.3741,6.1111111,3.3333333,5.5555555,0.346,6.1111111,0.77777778,0.11111111,2.2441,727.06233,0.20325449312836857,0.2749999997750008,0.04500000004500013,0.16500000166500048,1.0000000005557301,0.9999999997544365,0.3650458192251531,0.9157342679047416,0.9999999999776161,1.000000000023004,0.9999999999378631,0.2749999997750008,0.14999999865000044,0.2499999977500007,0.04739076838789209,0.2749999997750008,0.0350000001350001,0.004999999955000014,1.0000000003119285,1.000000000330095,0.65233574,12.412968,76.63116,64.823049,-1.2948376,-0.66095457,-4.7689334,-0.65233574,-0.56222418,-0.2651701,-0.62043208,19.603227,119.26427,73.951285,-64.398102,10.253742,93.427958,95.187174,-2.5892644,0.65233574,-828.80665,-0.0
2152.0,771.84899,6.3333333,1.1111111,3.6666667,5.3983,12.2168,94.911913,9434.0236,89.349,173.879,64.3741,6.3333333,3.4444444,5.7777778,0.336,6.3333333,0.77777778,0.11111111,2.2441,727.06233,0.2032544931283686,0.28499999878500076,0.04999999955000014,0.16500000166500048,1.0000000005557301,0.9999999997544367,0.36504581922515333,0.9220279677649142,0.9999999999776162,1.0000000000230047,0.999999999937863,0.28499999878500076,0.15499999815500043,0.2600000012600007,0.04602109300095883,0.28499999878500076,0.0350000001350001,0.004999999955000014,1.0000000003119291,1.000000000330095,0.57597004,12.337295,74.981158,63.637585,-1.4244542,-0.66567703,-4.8245107,-0.57597004,-0.5547582,-0.26798925,-0.64128566,19.495262,117.17761,73.10417,-63.619605,10.190934,91.030821,92.758887,-2.6139868,0.57597004,-822.1088500000001,-0.0
2153.0,771.84899,6.5555555,1.1111111,3.7777778,5.3983,12.2168,94.911913,9494.8422,89.349,173.879,64.3741,6.5555555,3.4444444,5.8888889,0.331,6.5555555,0.77777778,0.11111111,2.2441,727.06233,0.20325449312836857,0.2949999977950008,0.04999999955000014,0.17000000117000047,1.0000000005557304,0.9999999997544369,0.36504581922515317,0.9279720328359753,0.9999999999776159,1.000000000023005,0.9999999999378631,0.2949999977950008,0.15499999815500043,0.2650000007650008,0.04533625530749218,0.2949999977950008,0.0350000001350001,0.004999999955000014,1.0000000003119294,1.000000000330095,0.52125073,12.276488,73.357876,62.462431,-1.2429942,-0.63097184,-4.8262631,-0.52125073,-0.55392811,-0.26567451,-0.60272936,19.402468,115.10398,72.256566,-62.637051,10.140638,88.684289,90.378809,-2.5091653,0.52125073,-815.25155,-0.0
2154.0,771.84899,6.7777778,1.1111111,3.7777778,5.3983,12.2168,94.911913,9494.8422,89.349,173.879,64.3741,6.6666667,3.5555556,6.0,0.321,6.7777778,0.77777778,0.11111111,2.2441,727.06233,0.20325449312836855,0.3050000013050009,0.04999999955000014,0.17000000117000047,1.0000000005557306,0.9999999997544371,0.36504581922515317,0.927972032835976,0.9999999999776158,1.0000000000230045,0.9999999999378634,0.30000000180000086,0.16000000216000046,0.27000000027000076,0.043966579920558864,0.3050000013050009,0.0350000001350001,0.004999999955000014,1.0000000003119285,1.000000000330095,0.51388457,12.20194,71.728992,61.274327,-1.2418841,-0.62021868,-4.7477377,-0.51388457,-0.54682508,-0.26134983,-0.60519925,19.298041,113.00555,71.379639,-61.396875,10.078758,86.359812,88.020808,-2.4717301,0.51388457,-808.12815,-0.0
2155.0,771.84899,7.0,1.1111111,3.8888889,5.3983,12.2168,94.911913,9434.0236,89.349,173.879,64.3741,7.0,3.5555556,6.2222222,0.321,7.0,0.77777778,0.11111111,2.2441,727.06233,0.20325449312836863,0.3150000003150009,0.04999999955000014,0.1750000006750005,1.000000000555731,0.9999999997544369,0.3650458192251531,0.9220279677649152,0.9999999999776155,1.0000000000230043,0.9999999999378636,0.3150000003150009,0.16000000216000046,0.2799999992800008,0.04396657992055889,0.3150000003150009,0.0350000001350001,0.004999999955000014,1.0000000003119285,1.000000000330095,0.51795991,12.146883,70.105705,60.08009,-1.348801,-0.64215203,-4.5394345,-0.51795991,-0.52168088,-0.25254587,-0.6094767,19.229642,110.8798,70.513274,-59.810026,10.032844,84.068735,85.695725,-2.3781681,0.51795991,-800.84195,-0.0
2156.0,771.84899,7.2222222,1.2222222,3.8888889,5.3983,12.2168,94.911913,9434.0236,89.349,173.879,64.3741,7.2222222,3.6666667,6.3333333,0.326,7.2222222,0.77777778,0.11111111,2.2441,727.06233,0.2032544931283685,0.3249999993250009,0.05499999905500016,0.1750000006750005,1.0000000005557308,0.9999999997544365,0.3650458192251533,0.9220279677649165,0.9999999999776159,1.0000000000230047,0.9999999999378631,0.3249999993250009,0.16500000166500048,0.28499999878500076,0.04465141761402551,0.3249999993250009,0.0350000001350001,0.004999999955000014,1.0000000003119285,1.000000000330095,0.52123135,12.113999,68.493863,58.86639,-1.2909182,-0.61302874,-4.113728,-0.52123135,-0.48208102,-0.23020982,-0.57167405,19.19288,108.71018,69.566845,-57.478967,10.005317,81.820323,83.410786,-2.2963687,0.52123135,-793.79505,37.008135
2157.0,771.84899,7.4444444,1.2222222,4.0,5.3983,12.2168,100.65172,9409.5373,89.349,173.879,64.3741,7.4444444,3.6666667,6.4444444,0.341,7.4444444,0.77777778,0.11111111,2.2441,727.06233,0.2032544931283686,0.33499999833500094,0.05499999905500016,0.1800000001800005,1.000000000555731,0.9999999997544365,0.38712199999404423,0.9196348156609615,0.9999999999776166,1.0000000000230047,0.999999999937863,0.33499999833500094,0.16500000166500048,0.28999999829000084,0.04670593069442549,0.33499999833500094,0.0350000001350001,0.004999999955000014,1.0000000003119291,1.000000000330095,0.52397481,12.023301,66.89027,57.649884,-1.0712526,-0.55414427,-3.4795212,-0.52397481,-0.44387603,-0.20095375,-0.50285627,19.025486,106.50153,68.549235,-54.611295,9.9309458,79.607921,81.159578,-2.1820989,0.52397481,-787.2011500000001,11.710124
2158.0,771.84899,7.6666667,1.2222222,4.0,5.3983,12.2168,100.55507,9369.6276,89.349,173.879,64.3741,7.5555555,3.7777778,6.5555555,0.331,7.6666667,0.77777778,0.11111111,2.2441,727.06233,0.20325449312836857,0.345000001845001,0.05499999905500016,0.1800000001800005,1.0000000005557308,0.9999999997544368,0.3867502692248193,0.9157342679047401,0.9999999999776156,1.0000000000230047,0.9999999999378628,0.33999999784000096,0.17000000117000047,0.2949999977950008,0.04533625530749216,0.345000001845001,0.0350000001350001,0.004999999955000014,1.0000000003119287,1.000000000330095,0.52795049,11.893831,65.295283,56.450394,-1.1929109,-0.54063148,-3.3906027,-0.52795049,-0.44265641,-0.1961273,-0.49919659,18.779926,104.25955,67.51473,-53.722792,9.8249716,77.429854,78.940919,-2.1590321,0.52795049,-780.53845,-0.0
2159.0,771.84899,7.7777778,1.2222222,4.1111111,5.3983,12.2168,100.55507,9369.6276,89.349,173.879,64.3741,7.7777778,3.7777778,6.6666667,0.316,7.7777778,0.77777778,0.11111111,2.2441,727.06233,0.20325449312836857,0.350000001350001,0.05499999905500016,0.1849999996850005,1.0000000005557308,0.9999999997544369,0.3867502692248192,0.9157342679047435,0.9999999999776161,1.0000000000230045,0.9999999999378634,0.350000001350001,0.17000000117000047,0.30000000180000086,0.04328174222709221,0.350000001350001,0.0350000001350001,0.004999999955000014,1.0000000003119291,1.000000000330095,0.50015783,11.769668,63.71409,55.236175,-1.111947,-0.55110976,-3.4835122,-0.50015783,-0.45037102,-0.20054607,-0.51632199,18.549021,102.00212,66.35373,-53.447661,9.723232,75.29119,76.758474,-2.1965951,0.50015783,-773.7681500000001,-0.0
2160.0,771.84899,8.0,1.2222222,4.1111111,5.3983,12.2168,100.55507,9369.6276,89.349,173.879,64.3741,8.0,3.8888889,6.7777778,0.306,8.0,0.77777778,0.11111111,2.2441,727.06233,0.20325449312836857,0.360000000360001,0.05499999905500016,0.1849999996850005,1.0000000005557304,0.9999999997544365,0.38675026922481937,0.9157342679047432,0.9999999999776159,1.000000000023004,0.999999999937863,0.360000000360001,0.1750000006750005,0.3050000013050009,0.041912066840158926,0.360000000360001,0.0350000001350001,0.004999999955000014,1.0000000003119291,1.000000000330095,0.49367306,11.645843,62.132418,54.008463,-1.0169212,-0.54148392,-3.5625658,-0.49367306,-0.44275823,-0.20343426,-0.52436385,18.33451,99.727267,65.305041,-53.063162,9.6213753,73.177462,74.597986,-2.1211394,0.49367306,-767.18155,-0.0
2161.0,771.84899,8.2222222,1.2222222,4.2222222,5.3983,12.2168,94.911913,9326.6311,89.349,173.879,64.3741,8.2222222,3.8888889,6.8888889,0.291,8.2222222,0.77777778,0.11111111,2.2441,727.06233,0.20325449312836857,0.369999999370001,0.05499999905500016,0.18999999919000055,1.0000000005557304,0.9999999997544367,0.3650458192251531,0.9115320338212926,0.9999999999776155,1.0000000000230043,0.999999999937863,0.369999999370001,0.1750000006750005,0.3100000008100009,0.03985755375975898,0.369999999370001,0.0350000001350001,0.004999999955000014,1.0000000003119285,1.000000000330095,0.50135597,11.576521,60.540584,52.766276,-1.1586312,-0.53679364,-3.6214046,-0.50135597,-0.47535325,-0.21044342,-0.52789158,18.256528,97.43064,64.208732,-52.61259,9.5633919,71.084207,72.449382,-2.104028,0.50135597,-760.52665,-0.0
2162.0,771.84899,8.4444444,1.2222222,4.2222222,5.3983,12.2168,94.911913,9308.8091,89.349,173.879,64.3741,8.4444444,3.8888889,7.0,0.281,8.4444444,0.77777778,0.11111111,2.2441,727.06233,0.20325449312836852,0.3799999983800011,0.05499999905500016,0.18999999919000055,1.0000000005557308,0.9999999997544369,0.3650458192251533,0.9097902126071168,0.9999999999776161,1.0000000000230045,0.9999999999378631,0.3799999983800011,0.1750000006750005,0.3150000003150009,0.03848787837282568,0.3799999983800011,0.0350000001350001,0.004999999955000014,1.000000000311929,1.000000000330095,0.50473433,11.473479,58.944507,51.513307,-0.98900585,-0.51895731,-3.6441233,-0.50473433,-0.4387735,-0.2097613,-0.52416855,18.120969,95.124946,63.054916,-52.008013,9.4776231,69.017423,70.318347,-2.0716691,0.50473433,-754.03485,-0.0
2163.0,855.99377,8.6666667,1.3333333,4.2222222,5.3983,12.2168,94.911913,9308.8091,89.349,173.879,64.3741,8.6666667,4.0,7.1111111,0.276,8.6666667,0.77777778,0.11111111,2.2441,727.06233,0.22541271945227442,0.3900000018900011,0.05999999856000017,0.18999999919000055,1.0000000005557308,0.9999999997544367,0.36504581922515317,0.9097902126071148,0.9999999999776159,1.0000000000230043,0.9999999999378631,0.3900000018900011,0.1800000001800005,0.3199999998200009,0.03780304067935904,0.3900000018900011,0.0350000001350001,0.004999999955000014,1.0000000003119285,1.000000000330095,0.49943621,11.343339,57.360574,50.25828,-1.2064851,-0.52091237,-3.60465,-0.49943621,-0.46447866,-0.20522954,-0.51810046,17.923707,92.823731,61.928288,-51.199657,9.3699278,66.973774,68.219173,-2.035317,0.49943621,-747.7770500000001,12.332074
2164.0,855.99377,8.8888889,1.3333333,4.3333333,5.3983,12.2168,94.911913,9233.6803,89.349,173.879,64.3741,8.7777778,4.0,7.2222222,0.266,8.8888889,0.77777778,0.11111111,2.2441,727.06233,0.22541271945227434,0.4000000009000011,0.05999999856000017,0.19499999869500054,1.0000000005557308,0.9999999997544363,0.36504581922515317,0.9024475497390044,0.9999999999776155,1.0000000000230045,0.9999999999378631,0.39500000139500113,0.1800000001800005,0.3249999993250009,0.03643336529242573,0.4000000009000011,0.0350000001350001,0.004999999955000014,1.0000000003119287,1.000000000330095,0.49601167,11.193786,55.794961,49.019421,-1.1314164,-0.50397642,-3.5098539,-0.49601167,-0.44172577,-0.20276268,-0.49511888,17.674079,90.524397,60.84768,-50.231878,9.2467195,64.97644,66.15756,-1.9980051,0.49601167,-741.88015,-0.0
2165.0,855.99377,9.0,1.3333333,4.3333333,5.3983,12.2168,89.843237,9233.6803,89.349,173.879,64.3741,8.8888889,4.0,7.3333333,0.254,9.0,0.77777778,0.11111111,2.2441,727.06233,0.22541271945227437,0.40500000040500117,0.05999999856000017,0.19499999869500054,1.0000000005557306,0.9999999997544363,0.3455509115331454,0.902447549739003,0.9999999999776161,1.0000000000230045,0.9999999999378631,0.4000000009000011,0.1800000001800005,0.3299999988300009,0.03478975482810576,0.40500000040500117,0.0350000001350001,0.004999999955000014,1.000000000311929,1.000000000330095,0.49961779,11.001535,54.248517,47.784667,-1.0862005,-0.49205706,-3.607908,-0.49961779,-0.44356425,-0.20493013,-0.49525832,17.327593,88.232053,59.806595,-49.896601,9.0888894,63.021556,64.133485,-1.9737993,0.49961779,-736.0371500000001,-0.0
2166.0,855.99377,9.1111111,1.3333333,4.3333333,5.3983,12.2168,89.843237,9165.7067,89.349,173.879,64.3741,9.1111111,4.0,7.5555555,0.246,9.1111111,0.77777778,0.11111111,2.2441,727.06233,0.2254127194522744,0.4099999999100012,0.05999999856000017,0.19499999869500054,1.0000000005557306,0.9999999997544365,0.3455509115331455,0.8958041955428488,0.9999999999776161,1.0000000000230052,0.9999999999378631,0.4099999999100012,0.1800000001800005,0.33999999784000096,0.03369401451855915,0.4099999999100012,0.0350000001350001,0.004999999955000014,1.000000000311929,1.000000000330095,0.50218098,10.82142,52.727299,46.564279,-0.92296891,-0.4918676,-3.6884614,-0.50218098,-0.42768532,-0.20756877,-0.46075931,17.005981,85.940706,58.751352,-49.442857,8.9409881,61.111837,62.154933,-1.9015483,0.50218098,-730.2292500000001,-0.0
2167.0,855.99377,9.3333333,1.3333333,4.3333333,5.3983,12.2168,85.265202,9183.1687,89.349,173.879,64.3741,9.2222222,4.0,7.5555555,0.234,9.3333333,0.77777778,0.11111111,2.2441,727.06233,0.22541271945227434,0.41999999892000117,0.05999999856000017,0.19499999869500054,1.0000000005557308,0.9999999997544367,0.3279430846103394,0.8975108323985309,0.9999999999776158,1.0000000000230045,0.9999999999378631,0.41499999941500115,0.1800000001800005,0.33999999784000096,0.03205040405423919,0.41999999892000117,0.0350000001350001,0.004999999955000014,1.0000000003119294,1.000000000330095,0.47986027,10.633512,51.224828,45.365168,-0.89568014,-0.49068332,-3.7458588,-0.47986027,-0.44716526,-0.21112749,-0.47075559,16.686137,83.644266,57.209006,-48.884927,8.7863062,59.245071,60.217996,-1.8849542,0.47986027,-724.85565,3.5214959
2168.0,855.99377,9.4444444,1.3333333,4.3333333,5.3983,12.2168,85.265202,9233.6803,89.349,173.879,64.3741,9.3333333,4.0277998,7.5555555,0.226,9.4444444,0.77777778,0.11111111,2.2441,727.06233,0.22541271945227434,0.4249999984250012,0.05999999856000017,0.19499999869500054,1.0000000005557308,0.9999999997544371,0.3279430846103396,0.9024475497390039,0.9999999999776159,1.000000000023004,0.9999999999378634,0.41999999892000117,0.18125099118125151,0.33999999784000096,0.030954663744692527,0.4249999984250012,0.0350000001350001,0.004999999955000014,1.0000000003119287,1.000000000330095,0.46351247,10.436758,49.734199,44.170307,-1.0705121,-0.46990597,-3.7740756,-0.46351247,-0.44328827,-0.21383814,-0.48753609,16.36996,81.349658,55.461869,-48.249626,8.6239009,57.413603,58.315251,-1.8867227,0.46351247,-719.94895,-0.0
2169.0,855.99377,9.5555555,1.3333333,4.4444444,5.3983,12.2168,82.476921,9165.7067,89.349,173.879,64.3741,9.4444444,4.1111111,7.4444444,0.218,9.5555555,0.77777778,0.11111111,2.2441,727.06233,0.22541271945227442,0.42999999793000127,0.05999999856000017,0.19999999820000056,1.0000000005557308,0.9999999997544368,0.3172189269181966,0.8958041955428506,0.9999999999776158,1.0000000000230045,0.9999999999378636,0.4249999984250012,0.1849999996850005,0.33499999833500094,0.02985892343514591,0.42999999793000127,0.0350000001350001,0.004999999955000014,1.0000000003119285,1.000000000330095,0.45943791,10.248574,48.253164,42.947567,-1.0636129,-0.47642979,-3.8350182,-0.45943791,-0.44335739,-0.2153919,-0.49656734,16.091542,79.034408,53.71582,-47.730784,8.4680277,55.615458,56.446234,-1.8875465,0.45943791,-715.15915,-0.0
2170.0,855.99377,9.6666667,1.3333333,4.4444444,5.3983,12.2168,81.109521,9165.7067,89.349,173.879,64.3741,9.5555555,4.1111111,7.4444444,0.21,9.6666667,0.77777778,0.11111111,2.2441,727.06233,0.22541271945227426,0.43500000193500127,0.05999999856000017,0.19999999820000056,1.0000000005557308,0.9999999997544365,0.3119596961490469,0.8958041955428518,0.9999999999776155,1.0000000000230047,0.9999999999378634,0.42999999793000127,0.1849999996850005,0.33499999833500094,0.028763183125599254,0.43500000193500127,0.0350000001350001,0.004999999955000014,1.000000000311929,1.000000000330095,0.45839078,10.03748,46.786835,41.735323,-1.0495568,-0.46008752,-3.8570251,-0.45839078,-0.44405552,-0.21574876,-0.47052839,15.774408,76.708711,51.999763,-46.981398,8.2932608,53.851321,54.613808,-1.8456376,0.45839078,-710.4692500000001,-0.0
2171.0,855.99377,9.7777778,1.3333333,4.4444444,5.3983,12.2168,81.109521,9108.4658,89.349,173.879,64.3741,9.6666667,4.0,7.4444444,0.202,9.7777778,0.77777778,0.11111111,2.2441,727.06233,0.22541271945227437,0.4400000014400013,0.05999999856000017,0.19999999820000056,1.0000000005557312,0.9999999997544365,0.31195969614904695,0.890209794581204,0.9999999999776165,1.0000000000230047,0.999999999937863,0.43500000193500127,0.1800000001800005,0.33499999833500094,0.027667442816052636,0.4400000014400013,0.0350000001350001,0.004999999955000014,1.0000000003119294,1.000000000330095,0.47659624,9.8159653,45.346358,40.551706,-0.8373172,-0.44262764,-3.8123474,-0.47659624,-0.42190145,-0.21040638,-0.45607485,15.430577,74.388371,50.299634,-46.024344,8.1101399,52.08844,52.82555,-1.7360532,0.47659624,-706.0172500000001,9.0049784
2172.0,855.99377,9.8888889,1.3333333,4.4444444,5.3983,12.2168,81.109521,9072.8639,89.349,173.879,64.3741,9.7777778,4.0,7.3333333,0.202,9.8888889,0.77777778,0.11111111,2.2441,727.06233,0.2254127194522743,0.44500000094500125,0.05999999856000017,0.19999999820000056,1.000000000555731,0.9999999997544362,0.3119596961490469,0.8867302667681097,0.9999999999776156,1.0000000000230047,0.999999999937863,0.4400000014400013,0.1800000001800005,0.3299999988300009,0.02766744281605263,0.44500000094500125,0.0350000001350001,0.004999999955000014,1.0000000003119287,1.000000000330095,0.46567314,9.6184533,43.944888,39.397673,-0.87623956,-0.45035543,-3.6945123,-0.46567314,-0.41812878,-0.20679946,-0.46462338,15.124326,72.088969,48.649758,-44.855517,7.9468616,50.362417,51.092761,-1.7150284,0.46567314,-701.73765,6.2066311
2173.0,855.99377,9.8888889,1.2222222,4.4444444,5.3983,12.2168,81.109521,9090.6161,89.349,173.879,64.3741,9.7777778,4.0,7.3333333,0.194,9.8888889,0.77777778,0.11111111,2.2441,727.06233,0.2254127194522743,0.44500000094500125,0.05499999905500016,0.19999999820000056,1.0000000005557308,0.9999999997544368,0.3119596961490469,0.8884652661261134,0.9999999999776162,1.0000000000230045,0.9999999999378631,0.4400000014400013,0.1800000001800005,0.3299999988300009,0.02657170250650598,0.44500000094500125,0.0350000001350001,0.004999999955000014,1.0000000003119291,1.000000000330095,0.45210985,9.3849542,42.581365,38.278902,-0.85000542,-0.4389396,-3.6839774,-0.45210985,-0.41014362,-0.20487514,-0.44279387,14.730275,69.799106,47.042603,-44.048325,7.7545507,48.692387,49.415493,-1.6666857,0.45210985,-697.7310500000001,-0.0
2174.0,855.99377,10.111111,1.2222222,4.4444444,5.3983,12.2168,77.32002,9037.4157,89.349,173.879,64.3741,10.0,4.0,7.3333333,0.186,10.111111,0.77777778,0.11111111,2.2441,727.06233,0.2254127194522744,0.45499999545500125,0.05499999905500016,0.19999999820000056,1.0000000005557301,0.9999999997544368,0.29738469230311726,0.8832657607214122,0.9999999999776159,1.000000000023004,0.9999999999378631,0.45000000045000127,0.1800000001800005,0.3299999988300009,0.025475962196959346,0.45499999545500125,0.0350000001350001,0.004999999955000014,1.0000000003119296,1.000000000330095,0.4389416,9.2279034,41.25157,37.172149,-0.77458437,-0.42098591,-3.7534094,-0.4389416,-0.41023566,-0.207752,-0.44025989,14.494883,67.508079,45.350764,-43.517247,7.6245505,47.075682,47.79145,-1.6393932,0.4389416,-693.6783500000001,-0.0
2175.0,855.99377,10.222222,1.2222222,4.4444444,5.3983,12.2168,77.32002,9108.4658,89.349,173.879,64.3741,10.111111,4.0,7.2222222,0.178,10.222222,0.77777778,0.0,2.2441,727.06233,0.22541271945227437,0.4599999904600013,0.05499999905500016,0.19999999820000056,1.0000000005557306,0.9999999997544365,0.2973846923031172,0.8902097945812059,0.9999999999776155,1.0000000000230043,0.999999999937863,0.45499999545500125,0.1800000001800005,0.3249999993250009,0.024380221887412713,0.4599999904600013,0.0350000001350001,0.0,1.0000000003119287,1.000000000330095,0.41808591,9.0623117,39.94801,36.075234,-0.87239958,-0.4235006,-3.7911396,-0.41808591,-0.40858786,-0.21062878,-0.45177001,14.24046,65.216578,43.640815,-42.857443,7.4875838,45.504938,46.213027,-1.6402509,0.41808591,-689.6096500000001,-0.0
2176.0,855.99377,10.333333,1.2222222,4.4444444,5.3983,12.2168,73.850062,9069.104,89.349,173.879,64.3741,10.222222,3.8888889,7.1111111,0.17,10.333333,0.66666667,0.0,2.2441,727.06233,0.2254127194522743,0.46499998546500126,0.05499999905500016,0.19999999820000056,1.0000000005557312,0.9999999997544371,0.28403869999563025,0.8863627954639277,0.9999999999776161,1.0000000000230045,0.9999999999378631,0.4599999904600013,0.1750000006750005,0.3199999998200009,0.023284481577866074,0.46499998546500126,0.030000000180000087,0.0,1.0000000003119291,1.000000000330095,0.41374455,8.8740247,38.665047,34.989296,-0.81946666,-0.41170875,-3.7753391,-0.41374455,-0.39873832,-0.20611153,-0.43143515,13.941414,62.989221,42.01358,-41.96674,7.3320729,43.965757,44.665613,-1.5921949,0.41374455,-685.87705,3.9699642
2177.0,883.37328,10.444444,1.2222222,4.4444444,5.3983,12.2168,73.850062,9029.7595,89.349,173.879,64.3741,10.333333,3.8888889,7.0,0.17,10.444444,0.66666667,0.0,2.2441,727.06233,0.23262268992480567,0.46999998047000136,0.05499999905500016,0.19999999820000056,1.000000000555731,0.9999999997544367,0.2840386999956302,0.8825174871505445,0.9999999999776158,1.0000000000230043,0.9999999999378636,0.46499998546500126,0.1750000006750005,0.3150000003150009,0.023284481577866088,0.46999998047000136,0.030000000180000087,0.0,1.0000000003119287,1.000000000330095,0.40575125,8.7033168,37.406371,33.908404,-0.75564835,-0.39962674,-3.6887326,-0.40575125,-0.38686754,-0.20202324,-0.42097403,13.679396,60.85839,40.515994,-40.903523,7.1909185,42.456821,43.148028,-1.5695895,0.40575125,-682.4520500000001,4.7732297
2178.0,939.09786,10.666667,1.2222222,4.3333333,5.3983,12.2168,73.850062,9029.7595,89.349,173.879,64.3741,10.555556,3.8888889,7.0,0.17,10.666667,0.66666667,0.0,2.2441,727.06233,0.2472968961613017,0.4800000154800014,0.05499999905500016,0.19499999869500054,1.0000000005557304,0.9999999997544362,0.2840386999956303,0.8825174871505456,0.9999999999776155,1.000000000023004,0.9999999999378634,0.47500002047500134,0.1750000006750005,0.3150000003150009,0.023284481577866074,0.4800000154800014,0.030000000180000087,0.0,1.0000000003119291,1.000000000330095,0.39961413,8.5575764,36.170115,32.830587,-0.7671291,-0.39715946,-3.5961906,-0.39961413,-0.37294999,-0.19794241,-0.40732587,13.470086,58.816582,39.133741,-39.788102,7.0700241,40.976678,41.658859,-1.5087306,0.39961413,-679.0451500000001,3.3484803
2179.0,939.09786,10.888889,1.2222222,4.3333333,5.3983,12.2168,73.850062,8998.6016,89.349,173.879,64.3741,10.777778,3.8888889,7.0,0.166,10.888889,0.66666667,0.0,2.2441,727.06233,0.24729689616130174,0.49000000549000144,0.05499999905500016,0.19499999869500054,1.0000000005557308,0.9999999997544365,0.2840386999956302,0.8794722906962107,0.9999999999776165,1.0000000000230045,0.9999999999378631,0.48500001048500135,0.1750000006750005,0.3150000003150009,0.02273661142309274,0.49000000549000144,0.030000000180000087,0.0,1.0000000003119294,1.000000000330095,0.39967015,8.4385874,34.965904,31.780425,-0.86625863,-0.38876705,-3.5077283,-0.39967015,-0.39441738,-0.19553211,-0.40660554,13.297046,56.86065,37.79551,-38.719928,6.9713803,39.53416,40.207048,-1.476003,0.39967015,-675.7870500000001,9.0483504
2180.0,939.09786,11.0,1.2222222,4.3333333,5.3983,12.2168,73.850062,9022.2855,89.349,173.879,64.3741,11.0,3.7777778,6.8888889,0.166,11.0,0.66666667,0.0,2.2441,727.06233,0.24729689616130177,0.4950000004950014,0.05499999905500016,0.19499999869500054,1.0000000005557308,0.9999999997544365,0.2840386999956303,0.881787020774449,0.9999999999776159,1.0000000000230054,0.9999999999378631,0.4950000004950014,0.17000000117000047,0.3100000008100009,0.022736611423092752,0.4950000004950014,0.030000000180000087,0.0,1.000000000311929,1.000000000330095,0.38802927,8.3072867,33.786316,30.757018,-0.69997722,-0.33629317,-3.4130276,-0.38802927,-0.35673983,-0.18892138,-0.36993528,13.092907,54.987352,36.54424,-37.628999,6.8628449,38.124877,38.787976,-1.3949005,0.38802927,-672.52485,-0.0
2181.0,939.09786,10.777778,1.1111111,4.3333333,5.3983,12.2168,70.660609,8934.0321,89.349,173.879,64.3741,10.666667,3.7777778,6.8888889,0.162,10.777778,0.66666667,0.0,2.2441,727.06233,0.24729689616130165,0.48500001048500135,0.04999999955000014,0.19499999869500054,1.0000000005557301,0.9999999997544367,0.271771573072742,0.8731616339299303,0.9999999999776156,1.0000000000230047,0.999999999937863,0.4800000154800014,0.17000000117000047,0.3100000008100009,0.02218874126831943,0.48500001048500135,0.030000000180000087,0.0,1.0000000003119294,1.000000000330095,0.37672745,7.9425583,32.630847,29.761132,-0.72138124,-0.33255218,-3.4254406,-0.37672745,-0.34757235,-0.18532784,-0.36140429,12.397167,53.186795,35.393049,-36.915336,6.5643208,36.749387,37.402081,-1.3590877,0.37672745,-669.3676500000001,2.581754
2182.0,939.09786,10.444444,1.1111111,4.3333333,5.3983,12.2168,70.660609,8768.5976,89.349,173.879,64.3741,10.111111,3.7777778,6.8888889,0.158,10.444444,0.55555555,0.0,2.2441,727.06233,0.24729689616130174,0.46999998047000136,0.04999999955000014,0.19499999869500054,1.0000000005557306,0.9999999997544368,0.271771573072742,0.8569930040535748,0.9999999999776156,1.0000000000230043,0.9999999999378636,0.45499999545500125,0.17000000117000047,0.3100000008100009,0.021640871113546123,0.46999998047000136,0.02499999977500007,0.0,1.0000000003119287,1.000000000330095,0.37212031,7.4915017,31.500061,28.779874,-0.71036235,-0.33947854,-3.3871917,-0.37212031,-0.34208535,-0.18453001,-0.35599935,11.54892,51.45184,34.304209,-36.050073,6.1949481,35.408503,36.0502,-1.3434239,0.37212031,-666.40555,4.6444614
2183.0,939.09786,10.111111,1.1111111,4.2222222,5.3983,12.2168,70.660609,9029.7595,89.349,173.879,64.3741,9.6666667,3.7777778,6.8888889,0.154,10.111111,0.55555555,0.0,2.2441,727.06233,0.24729689616130177,0.45499999545500125,0.04999999955000014,0.18999999919000055,1.0000000005557301,0.9999999997544368,0.2717715730727421,0.8825174871505459,0.9999999999776155,1.0000000000230043,0.9999999999378631,0.43500000193500127,0.17000000117000047,0.3100000008100009,0.0210930009587728,0.45499999545500125,0.02499999977500007,0.0,1.0000000003119287,1.000000000330095,0.34885143,7.0670963,30.392582,27.817642,-0.62844554,-0.35194264,-3.3398409,-0.34885143,-0.35598845,-0.18213089,-0.37095172,10.801727,49.792998,33.325363,-35.203939,5.8461937,34.09946,34.729663,-1.3618278,0.34885143,-663.64085,-0.0
2184.0,939.09786,9.6666667,1.1111111,4.2222222,5.3983,12.2168,70.660609,8758.6038,89.349,173.879,64.3741,9.2222222,3.7777778,6.8888889,0.15,9.7777778,0.55555555,0.0,2.2441,727.06233,0.24729689616130168,0.43500000193500127,0.04999999955000014,0.18999999919000055,1.0000000005557308,0.9999999997544369,0.27177157307274213,0.8560162667148802,0.9999999999776154,1.000000000023005,0.9999999999378634,0.41499999941500115,0.17000000117000047,0.3100000008100009,0.020545130803999466,0.4400000014400013,0.02499999977500007,0.0,1.000000000311929,1.000000000330095,0.36290419,6.6637818,29.294047,26.835384,-0.67146326,-0.32399784,-3.315125,-0.36290419,-0.33514889,-0.17937672,-0.3403802,10.156173,48.196639,32.385007,-34.335722,5.5131873,32.809487,33.427919,-1.2817652,0.36290419,-660.90785,5.7259759
2185.0,939.09786,9.3333333,1.1111111,4.1111111,5.3983,12.2168,70.660609,8752.979,89.349,173.879,64.3741,8.8888889,3.6666667,6.8888889,0.15,9.3333333,0.55555555,0.0,2.2441,727.06233,0.2472968961613018,0.41999999892000117,0.04999999955000014,0.1849999996850005,1.0000000005557306,0.9999999997544368,0.27177157307274213,0.8554665306602564,0.9999999999776165,1.0000000000230047,0.9999999999378636,0.4000000009000011,0.16500000166500048,0.3100000008100009,0.02054513080399947,0.41999999892000117,0.02499999977500007,0.0,1.000000000311929,1.000000000330095,0.35233417,6.2757061,28.213737,25.8554,-0.66167973,-0.31611415,-3.2299064,-0.35233417,-0.34387278,-0.17612045,-0.36907627,9.5904377,46.672898,31.513552,-33.331247,5.191542,31.54645,32.152903,-1.2654996,0.35233417,-658.19615,3.283781
2186.0,939.09786,9.0,1.0,4.1111111,5.3983,12.2168,67.718731,8768.5976,89.349,173.879,64.3741,8.6666667,3.6666667,6.8888889,0.15,9.0,0.44444444,0.0,2.2441,727.06233,0.2472968961613017,0.40500000040500117,0.04500000004500013,0.1849999996850005,1.000000000555731,0.9999999997544365,0.26045665768830073,0.8569930040535715,0.9999999999776156,1.0000000000230045,0.9999999999378634,0.3900000018900011,0.16500000166500048,0.3100000008100009,0.02054513080399948,0.40500000040500117,0.019999999820000055,0.0,1.0000000003119287,1.000000000330095,0.33898242,5.9116261,27.152091,24.896063,-0.61239969,-0.29903751,-3.1861993,-0.33898242,-0.34065964,-0.17487989,-0.3522031,9.1176678,45.211283,30.691938,-32.46249,4.8884242,30.311457,30.905732,-1.2191149,0.33898242,-655.64995,4.7975422
2187.0,939.09786,8.7777778,1.0,4.1111111,5.3983,12.2168,67.718731,8389.3764,89.349,173.879,64.3741,8.5555555,3.6666667,7.0,0.146,8.7777778,0.44444444,0.0,2.2441,727.06233,0.24729689616130165,0.39500000139500113,0.04500000004500013,0.1849999996850005,1.0000000005557308,0.9999999997544363,0.26045665768830084,0.8199300744707629,0.9999999999776161,1.0000000000230045,0.9999999999378631,0.3849999978850011,0.16500000166500048,0.3150000003150009,0.019997260649226148,0.39500000139500113,0.019999999820000055,0.0,1.000000000311929,1.000000000330095,0.33721333,5.6093543,26.147406,23.994904,-0.60966969,-0.28812963,-3.1534993,-0.33721333,-0.30767579,-0.16866579,-0.31679999,8.7431625,43.815802,29.883673,-31.625538,4.6363205,29.137688,29.719582,-1.1378761,0.33721333,-653.2745500000001,-0.0
2188.0,939.09786,8.5555555,1.0,4.0,5.3983,12.2168,67.718731,8389.3764,89.349,173.879,64.3741,8.3333333,3.6666667,7.0,0.142,8.5555555,0.44444444,0.0,2.2441,727.06233,0.2472968961613018,0.3849999978850011,0.04500000004500013,0.1800000001800005,1.0000000005557301,0.9999999997544367,0.2604566576883008,0.819930074470763,0.9999999999776161,1.0000000000230043,0.9999999999378631,0.374999998875001,0.16500000166500048,0.3150000003150009,0.01944939049445283,0.3849999978850011,0.019999999820000055,0.0,1.0000000003119294,1.000000000330095,0.33848711,5.3316464,25.218891,23.168628,-0.63571115,-0.29563089,-3.1636811,-0.33848711,-0.30756605,-0.16714048,-0.31826343,8.3546769,42.501247,29.140475,-30.934313,4.4057273,28.04057,28.609875,-1.1310852,0.33848711,-650.40245,-0.0
2189.0,939.09786,8.3333333,1.0,4.0,5.3983,12.2168,64.99646,8324.9803,89.349,173.879,64.3741,8.3333333,3.6666667,7.1111111,0.142,8.3333333,0.44444444,0.0,2.2441,727.06233,0.24729689616130174,0.374999998875001,0.04500000004500013,0.1800000001800005,1.0000000005557308,0.9999999997544367,0.24998638461153871,0.8136363648371588,0.9999999999776159,1.0000000000230052,0.999999999937863,0.374999998875001,0.16500000166500048,0.3199999998200009,0.019449390494452837,0.374999998875001,0.019999999820000055,0.0,1.0000000003119294,1.000000000330095,0.33732674,5.1133191,24.367349,22.412902,-0.58104317,-0.2834436,-3.1168504,-0.33732674,-0.29363668,-0.16749532,-0.30545059,8.0328362,41.267788,28.50332,-30.053546,4.2248495,27.021071,27.577581,-1.0931403,0.33732674,-647.8578500000001,7.9486436
2190.0,939.09786,8.4444444,1.0,4.0,5.3983,12.2168,64.99646,8324.9803,89.349,173.879,64.3741,8.3333333,3.6666667,7.1111111,0.146,8.4444444,0.44444444,0.0,2.2441,727.06233,0.2472968961613017,0.3799999983800011,0.04500000004500013,0.1800000001800005,1.0000000005557306,0.9999999997544373,0.24998638461153871,0.8136363648371584,0.9999999999776158,1.0000000000230045,0.9999999999378634,0.374999998875001,0.16500000166500048,0.3199999998200009,0.019997260649226155,0.3799999983800011,0.019999999820000055,0.0,1.0000000003119287,1.000000000330095,0.32613503,4.9702466,23.590112,21.694417,-0.56873795,-0.28149806,-3.0104973,-0.32613503,-0.3043673,-0.16084972,-0.31420729,7.8174377,40.110703,27.894691,-29.004019,4.1064213,26.077218,26.620719,-1.0920614,0.32613503,-645.30205,1.5106711
2191.0,855.99377,8.5555555,1.0,4.0,5.3983,12.2168,64.99646,9165.7067,89.349,173.879,64.3741,8.4444444,3.6666667,7.2222222,0.142,8.5555555,0.33333333,0.0,2.2441,727.06233,0.22541271945227434,0.3849999978850011,0.04500000004500013,0.1800000001800005,1.0000000005557315,0.9999999997544362,0.2499863846115386,0.8958041955428507,0.9999999999776156,1.000000000023004,0.9999999999378631,0.3799999983800011,0.16500000166500048,0.3249999993250009,0.019449390494452833,0.3849999978850011,0.014999999865000042,0.0,1.0000000003119285,1.000000000330095,0.24417797,4.9030792,22.881252,21.028743,-0.56262353,-0.26919593,-2.9934276,-0.24417797,-0.28897289,-0.15877843,-0.2982339,7.713954,39.025457,27.33734,-28.229157,4.0508649,25.203513,25.733776,-1.056461,0.24417797,-642.87275,-0.0
2192.0,848.50809,8.7777778,1.0,4.0,5.3983,12.2168,64.99646,9308.8091,89.349,173.879,64.3741,8.6666667,3.6666667,7.3333333,0.142,8.7777778,0.33333333,0.0,2.2441,727.06233,0.22344148140722467,0.39500000139500113,0.04500000004500013,0.1800000001800005,1.0000000005557304,0.9999999997544368,0.24998638461153877,0.9097902126071165,0.9999999999776155,1.000000000023004,0.9999999999378634,0.3900000018900011,0.16500000166500048,0.3299999988300009,0.01944939049445283,0.39500000139500113,0.014999999865000042,0.0,1.000000000311929,1.000000000330095,0.20834903,4.8578801,22.191466,20.381848,-0.50864891,-0.25290839,-2.9526208,-0.20834903,-0.28072612,-0.15528523,-0.29095117,7.6498813,37.947817,26.774654,-27.393677,4.0133637,24.359113,24.875747,-1.0120073,0.20834903,-640.9101500000002,-0.0
2193.0,855.99377,8.9591006,1.0,3.8888889,5.3983,12.2168,64.99646,9233.6803,89.349,173.879,64.3741,8.8888889,3.7777778,7.4444444,0.15,9.0,0.33333333,0.0,2.2441,727.06233,0.22541271945227428,0.40315952740316063,0.04500000004500013,0.1750000006750005,1.000000000555731,0.9999999997544367,0.24998638461153871,0.9024475497390035,0.9999999999776168,1.0000000000230045,0.999999999937863,0.4000000009000011,0.17000000117000047,0.33499999833500094,0.020545130803999462,0.40500000040500117,0.014999999865000042,0.0,1.0000000003119294,1.000000000330095,0.20897442,4.7805267,21.499017,19.723614,-0.5024591,-0.24313368,-2.8381427,-0.20897442,-0.2693833,-0.14900619,-0.28151789,7.530658,36.855557,26.18519,-26.317836,3.9493937,23.52882,24.027796,-0.97089235,0.20897442,-638.8063500000001,-0.0
2194.0,855.99377,9.1111111,0.88888889,3.8888889,5.3983,12.2168,67.718731,9233.6803,89.349,173.879,64.3741,9.0,3.6666667,7.4444444,0.166,9.1111111,0.33333333,0.0,2.2441,727.06233,0.2254127194522744,0.4099999999100012,0.04000000009000011,0.1750000006750005,1.0000000005557308,0.9999999997544362,0.2604566576883008,0.9024475497390013,0.9999999999776158,1.000000000023005,0.9999999999378634,0.40500000040500117,0.16500000166500048,0.33499999833500094,0.02273661142309276,0.4099999999100012,0.014999999865000042,0.0,1.0000000003119285,1.000000000330095,0.21247019,4.7035321,20.813599,19.068912,-0.4882924,-0.23856593,-2.6070444,-0.21247019,-0.25418221,-0.13774117,-0.26543505,7.4123546,35.755676,25.56309,-24.909178,3.8857221,22.716984,23.197764,-0.92271524,0.21247019,-636.66455,-0.0
2195.0,855.99377,9.3333333,0.88888889,3.8888889,5.3983,12.2168,73.850062,9165.7067,89.349,173.879,64.3741,9.2222222,3.6666667,7.5555555,0.198,9.3333333,0.33333333,0.0,2.2441,727.06233,0.22541271945227428,0.41999999892000117,0.04000000009000011,0.1750000006750005,1.0000000005557306,0.9999999997544365,0.28403869999563025,0.8958041955428516,0.9999999999776155,1.0000000000230047,0.9999999999378631,0.41499999941500115,0.16500000166500048,0.33999999784000096,0.027119572661279297,0.41999999892000117,0.014999999865000042,0.0,1.0000000003119291,1.000000000330095,0.21124537,4.6425139,20.140769,18.427344,-0.43011145,-0.2208379,-2.1786385,-0.21124537,-0.22359085,-0.11743129,-0.23852451,7.321421,34.654605,24.939922,-22.907487,3.8351919,21.927984,22.39004,-0.86224202,0.21124537,-633.25205,39.779532
2196.0,855.99377,9.4444444,0.88888889,3.8888889,5.3983,12.2168,85.265202,9165.7067,89.349,173.879,64.3741,9.4444444,3.6666667,7.5555555,0.242,9.4444444,0.33333333,0.0,2.2441,727.06233,0.22541271945227437,0.4249999984250012,0.04000000009000011,0.1750000006750005,1.0000000005557304,0.9999999997544368,0.3279430846103394,0.8958041955428502,0.9999999999776158,1.0000000000230043,0.9999999999378636,0.4249999984250012,0.16500000166500048,0.33999999784000096,0.0331461443637858,0.4249999984250012,0.014999999865000042,0.0,1.0000000003119285,1.000000000330095,0.21281313,4.582083,19.479983,17.798356,-0.42274494,-0.19953016,-1.5879588,-0.21281313,-0.19185,-0.090612082,-0.20828568,7.2259949,33.560162,24.298208,-20.503373,3.7852616,21.16019,21.602996,-0.78248585,0.21281313,-628.8060500000001,-0.0
2197.0,855.99377,9.7777778,0.88888889,3.7777778,5.3983,12.2168,85.265202,9108.4658,89.349,173.879,64.3741,9.6666667,3.6666667,7.5555555,0.23,9.7777778,0.33333333,0.0,2.2441,727.06233,0.2254127194522744,0.4400000014400013,0.04000000009000011,0.17000000117000047,1.0000000005557306,0.9999999997544367,0.32794308461033933,0.890209794581205,0.9999999999776154,1.0000000000230045,0.999999999937863,0.43500000193500127,0.16500000166500048,0.33999999784000096,0.031502533899465876,0.4400000014400013,0.014999999865000042,0.0,1.0000000003119294,1.000000000330095,0.21432728,4.5390619,18.830757,17.181493,-0.42063911,-0.20085584,-1.633768,-0.21432728,-0.19460999,-0.093046924,-0.21285873,7.1643647,32.477364,23.649992,-20.340357,3.7495854,20.41255,20.835579,-0.77156581,0.21432728,-623.59825,-0.0
2198.0,855.99377,9.8888889,0.88888889,3.7777778,5.3983,12.2168,81.109521,9165.7067,89.349,173.879,64.3741,9.8888889,3.6666667,7.5555555,0.218,9.8888889,0.22222222,0.0,2.2441,727.06233,0.22541271945227434,0.44500000094500125,0.04000000009000011,0.17000000117000047,1.0000000005557301,0.9999999997544369,0.3119596961490469,0.8958041955428518,0.9999999999776156,1.000000000023005,0.9999999999378634,0.44500000094500125,0.16500000166500048,0.33999999784000096,0.029858923435145898,0.44500000094500125,0.009999999910000027,0.0,1.0000000003119294,1.000000000330095,0.1977958,4.4857428,18.193542,16.577216,-0.3741869,-0.19340845,-1.6740832,-0.1977958,-0.18503184,-0.0945099,-0.20782869,7.0778939,31.404787,23.021463,-20.128679,3.7055901,19.686043,20.088133,-0.75588319,0.1977958,-617.9419500000001,-0.0
2199.0,855.99377,10.111111,0.88888889,3.7777778,5.3983,12.2168,81.109521,9165.7067,89.349,173.879,64.3741,10.111111,3.6666667,7.5555555,0.21,10.111111,0.22222222,0.0,2.2441,727.06233,0.22541271945227437,0.45499999545500125,0.04000000009000011,0.17000000117000047,1.0000000005557308,0.9999999997544368,0.31195969614904684,0.8958041955428516,0.9999999999776156,1.0000000000230045,0.9999999999378636,0.45499999545500125,0.16500000166500048,0.33999999784000096,0.02876318312559926,0.45499999545500125,0.009999999910000027,0.0,1.0000000003119285,1.000000000330095,0.19214207,4.4283808,17.564244,15.986469,-0.3766516,-0.18506364,-1.7049309,-0.19214207,-0.19004924,-0.095117101,-0.19794788,6.9819354,30.337981,22.391209,-19.881493,3.6583313,18.976545,19.356573,-0.73150369,0.19214207,-611.75295,-0.0
2200.0,855.99377,10.333333,0.88888889,3.6666667,5.3983,12.2168,77.32002,9108.4658,89.349,173.879,64.3741,10.222222,3.5555556,7.5555555,0.202,10.333333,0.22222222,0.0,2.2441,727.06233,0.2254127194522744,0.46499998546500126,0.04000000009000011,0.16500000166500048,1.0000000005557312,0.9999999997544368,0.29738469230311715,0.8902097945812028,0.9999999999776155,1.0000000000230045,0.9999999999378634,0.4599999904600013,0.16000000216000046,0.33999999784000096,0.027667442816052643,0.46499998546500126,0.009999999910000027,0.0,1.0000000003119285,1.000000000330095,0.19237503,4.3603641,16.94077,15.402274,-0.36591504,-0.18788679,-1.7207968,-0.19237503,-0.19131508,-0.095549323,-0.20342584,6.8651076,29.276779,21.698291,-19.580152,3.6023701,18.281286,18.638367,-0.73519628,0.19237503,-605.71405,-0.0
2201.0,855.99377,10.444444,0.77777778,3.6666667,5.3983,12.2168,77.32002,9108.4658,89.349,173.879,64.3741,10.333333,3.5555556,7.5555555,0.198,10.444444,0.22222222,0.0,2.2441,727.06233,0.22541271945227428,0.46999998047000136,0.0350000001350001,0.16500000166500048,1.0000000005557312,0.9999999997544365,0.29738469230311715,0.8902097945812042,0.9999999999776158,1.000000000023005,0.9999999999378631,0.46499998546500126,0.16000000216000046,0.33999999784000096,0.027119572661279297,0.46999998047000136,0.009999999910000027,0.0,1.000000000311929,1.000000000330095,0.19472434,4.2625273,16.322904,14.824358,-0.35744753,-0.17781986,-1.7116118,-0.19472434,-0.18353394,-0.095070329,-0.19689759,6.6909016,28.224128,21.01008,-19.17333,3.522003,17.600554,17.933269,-0.71175348,0.19472434,-599.20425,-0.0
2202.0,939.09786,10.444444,0.77777778,3.5555556,5.3983,12.2168,77.32002,9029.7595,89.349,173.879,64.3741,10.333333,3.4444444,7.5555555,0.198,10.444444,0.22222222,0.0,2.2441,727.06233,0.24729689616130177,0.46999998047000136,0.0350000001350001,0.16000000216000046,1.0000000005557301,0.9999999997544365,0.29738469230311715,0.8825174871505442,0.9999999999776162,1.0000000000230047,0.9999999999378631,0.46499998546500126,0.15499999815500043,0.33999999784000096,0.027119572661279314,0.46999998047000136,0.009999999910000027,0.0,1.000000000311929,1.000000000330095,0.19563536,4.1579001,15.714194,14.256353,-0.36673173,-0.17219262,-1.6602778,-0.19563536,-0.18566999,-0.092300533,-0.19549142,6.5082349,27.185313,20.346008,-18.648945,3.435992,16.936663,17.243914,-0.69030007,0.19563536,-592.84535,8.2856012
2203.0,855.99377,10.555556,0.77777778,3.5555556,5.3983,12.2168,77.32002,9057.3339,89.349,173.879,64.3741,10.444444,3.4444444,7.5555555,0.198,10.555556,0.11111111,0.0,2.2441,727.06233,0.22541271945227434,0.47500002047500134,0.0350000001350001,0.16000000216000046,1.0000000005557308,0.9999999997544368,0.29738469230311715,0.8852124526363582,0.9999999999776156,1.0000000000230052,0.9999999999378628,0.46999998047000136,0.15499999815500043,0.33999999784000096,0.027119572661279297,0.47500002047500134,0.004999999955000014,0.0,1.000000000311929,1.000000000330095,0.18626327,4.0647876,15.114014,13.697674,-0.36116917,-0.17609987,-1.5727966,-0.18626327,-0.17954388,-0.088984124,-0.19455266,6.3591704,26.165329,19.686836,-18.021198,3.3591272,16.288432,16.56903,-0.67716371,0.18626327,-586.9829500000001,-0.0
2204.0,939.09786,10.555556,0.77777778,3.4444444,5.3983,12.2168,73.850062,9029.7595,89.349,173.879,64.3741,10.333333,3.3333333,7.4444444,0.19,10.555556,0.11111111,0.0,2.2441,727.06233,0.24729689616130174,0.47500002047500134,0.0350000001350001,0.15499999815500043,1.0000000005557308,0.9999999997544371,0.2840386999956302,0.8825174871505463,0.9999999999776156,1.0000000000230045,0.9999999999378636,0.46499998546500126,0.14999999865000044,0.33499999833500094,0.02602383235173265,0.47500002047500134,0.004999999955000014,0.0,1.0000000003119291,1.000000000330095,0.18413915,3.9462873,14.521137,13.147954,-0.32419169,-0.16570019,-1.6121916,-0.18413915,-0.16958799,-0.089589458,-0.18498077,6.1639503,25.158241,19.041233,-17.803677,3.2614167,15.656745,15.907863,-0.64943123,0.18413915,-580.7445500000001,-0.0
2205.0,939.09786,10.555556,0.66666667,3.3333333,5.3983,12.2168,73.850062,8992.3153,89.349,173.879,64.3741,10.333333,3.3333333,7.4444444,0.182,10.555556,0.11111111,0.0,2.2441,727.06233,0.24729689616130174,0.47500002047500134,0.030000000180000087,0.14999999865000044,1.0000000005557304,0.9999999997544367,0.2840386999956302,0.8788579033828541,0.9999999999776154,1.000000000023004,0.9999999999378634,0.46499998546500126,0.14999999865000044,0.33499999833500094,0.024928092042186028,0.47500002047500134,0.004999999955000014,0.0,1.0000000003119291,1.000000000330095,0.18532494,3.8182723,13.936453,12.608024,-0.31437781,-0.15792685,-1.6430177,-0.18532494,-0.17839407,-0.090314622,-0.17834483,5.9581679,24.166489,18.374725,-17.552035,3.1557629,15.0347,15.260659,-0.63422734,0.18532494,-574.64445,-0.0
2206.0,939.09786,10.444444,0.66666667,3.3333333,5.3983,12.2168,70.660609,8768.5976,89.349,173.879,64.3741,10.222222,3.2222222,7.3333333,0.174,10.444444,0.11111111,0.0,2.2441,727.06233,0.24729689616130174,0.46999998047000136,0.030000000180000087,0.14999999865000044,1.0000000005557306,0.9999999997544365,0.271771573072742,0.8569930040535756,0.9999999999776158,1.000000000023004,0.9999999999378631,0.4599999904600013,0.14499999914500042,0.3299999988300009,0.023832351732639385,0.46999998047000136,0.004999999955000014,0.0,1.0000000003119285,1.000000000330095,0.18185842,3.6887847,13.363598,12.081171,-0.35448033,-0.16386787,-1.6592117,-0.18185842,-0.17969338,-0.091829321,-0.18593092,5.7557612,23.194841,17.702033,-17.258959,3.0487562,14.433242,14.629978,-0.65036516,0.18185842,-568.79135,-0.0
2207.0,939.09786,10.333333,0.66666667,3.2222222,5.3983,12.2168,70.660609,8745.3822,89.349,173.879,64.3741,10.222222,3.2222222,7.2222222,0.17,10.444444,0.0,0.0,2.2441,727.06233,0.2472968961613017,0.46499998546500126,0.030000000180000087,0.14499999914500042,1.000000000555731,0.9999999997544371,0.27177157307274186,0.8547240625085423,0.9999999999776161,1.000000000023005,0.9999999999378634,0.4599999904600013,0.14499999914500042,0.3249999993250009,0.023284481577866067,0.46999998047000136,0.0,0.0,1.0000000003119287,1.000000000330095,0.18388056,3.5624735,12.807014,11.57261,-0.28780032,-0.14956872,-1.649254,-0.18388056,-0.16395534,-0.089424866,-0.16593858,5.5593289,22.241589,17.03477,-16.843217,2.944337,13.854768,14.020018,-0.59989227,0.18388056,-563.2327500000001,3.8326597
2208.0,939.09786,10.333333,0.55555556,3.1111111,5.3983,12.2168,70.660609,8768.5976,89.349,173.879,64.3741,10.111111,3.1111111,7.1111111,0.17,10.333333,0.0,0.0,2.2441,727.06233,0.24729689616130177,0.46499998546500126,0.02500000022500007,0.1399999996400004,1.0000000005557308,0.9999999997544365,0.2717715730727419,0.8569930040535723,0.9999999999776159,1.0000000000230045,0.9999999999378631,0.45499999545500125,0.1399999996400004,0.3199999998200009,0.023284481577866077,0.46499998546500126,0.0,0.0,1.0000000003119285,1.000000000330095,0.17690714,3.4380034,12.27095,11.086129,-0.29352629,-0.14834422,-1.6129548,-0.17690714,-0.16856741,-0.088431259,-0.17053472,5.3622804,21.310631,16.357492,-16.354965,2.8415319,13.300339,13.434388,-0.59498769,0.17690714,-557.89895,1.2952663
2209.0,939.09786,10.222222,0.55555556,3.1111111,5.3983,12.2168,67.718731,8429.9334,89.349,173.879,64.3741,10.111111,3.0,7.0,0.162,10.222222,0.0,0.0,2.2441,727.06233,0.24729689616130165,0.4599999904600013,0.02500000022500007,0.1399999996400004,1.0000000005557308,0.9999999997544365,0.26045665768830073,0.823893885658246,0.9999999999776155,1.0000000000230045,0.9999999999378634,0.45499999545500125,0.13500000013500038,0.3150000003150009,0.022188741268319424,0.4599999904600013,0.0,0.0,1.0000000003119291,1.000000000330095,0.17332506,3.3226027,11.751046,10.616979,-0.31365123,-0.15042705,-1.6249856,-0.17332506,-0.1684895,-0.089531969,-0.1750248,5.1868995,20.406884,15.673903,-16.039375,2.7460479,12.766469,12.869003,-0.58870942,0.17332506,-552.63975,-0.0
2210.0,939.09786,10.222222,0.44444444,3.0,5.3983,12.2168,67.718731,8483.2124,89.349,173.879,64.3741,10.0,3.0,6.8888889,0.158,10.222222,0.0,0.0,2.2441,727.06233,0.2472968961613017,0.4599999904600013,0.019999999820000055,0.13500000013500038,1.0000000005557301,0.9999999997544363,0.2604566576883007,0.8291010729812169,0.9999999999776162,1.000000000023004,0.9999999999378631,0.45000000045000127,0.13500000013500038,0.3100000008100009,0.021640871113546102,0.4599999904600013,0.0,0.0,1.0000000003119283,1.000000000330095,0.16827676,3.2076293,11.250948,10.171119,-0.29219871,-0.1468304,-1.6442356,-0.16827676,-0.1612638,-0.088907042,-0.17171017,5.0079459,19.531234,15.013799,-15.736633,2.6510098,12.256391,12.327105,-0.56664209,0.16827676,-547.6840500000001,0.31227925
2211.0,939.09786,10.111111,0.44444444,2.8888889,5.3983,12.2168,64.99646,8768.5976,89.349,173.879,64.3741,9.8888889,2.8888889,6.7777778,0.154,10.111111,0.0,0.0,2.2441,727.06233,0.24729689616130174,0.45499999545500125,0.019999999820000055,0.13000000063000036,1.0000000005557306,0.9999999997544367,0.24998638461153866,0.8569930040535744,0.9999999999776161,1.0000000000230052,0.9999999999378628,0.44500000094500125,0.13000000063000036,0.3050000013050009,0.021093000958772798,0.45499999545500125,0.0,0.0,1.0000000003119294,1.000000000330095,0.1571959,3.0975307,10.770542,9.7381441,-0.29462546,-0.1384101,-1.6437732,-0.1571959,-0.16203953,-0.088508641,-0.16441453,4.8346993,18.680143,14.387839,-15.355873,2.5600479,11.769099,11.808331,-0.55555639,0.1571959,-543.2990500000001,-0.0
2212.0,939.09786,10.111111,0.44444444,2.8888889,5.3983,12.2168,64.99646,8768.5976,89.349,173.879,64.3741,9.8888889,2.7777778,6.6666667,0.154,10.111111,0.0,0.0,2.2441,727.06233,0.2472968961613017,0.45499999545500125,0.019999999820000055,0.13000000063000036,1.0000000005557304,0.9999999997544371,0.24998638461153871,0.8569930040535744,0.9999999999776161,1.0000000000230045,0.9999999999378634,0.44500000094500125,0.12500000112500034,0.30000000180000086,0.021093000958772794,0.45499999545500125,0.0,0.0,1.0000000003119291,1.000000000330095,0.15232465,3.0012644,10.305597,9.3258321,-0.29029825,-0.13450279,-1.6175345,-0.15232465,-0.16218034,-0.086920875,-0.15851418,4.6894595,17.84867,13.795081,-14.891203,2.4803737,11.299514,11.308713,-0.53979271,0.15232465,-538.73505,3.855484
2213.0,939.09786,10.111111,0.33333333,2.7777778,5.3983,12.2168,64.99646,8768.5976,89.349,173.879,64.3741,9.8888889,2.6666667,6.5555555,0.162,10.111111,0.0,0.0,2.2441,727.06233,0.24729689616130177,0.45499999545500125,0.014999999865000042,0.12500000112500034,1.0000000005557308,0.9999999997544369,0.24998638461153871,0.8569930040535751,0.9999999999776158,1.000000000023004,0.9999999999378636,0.44500000094500125,0.12000000162000034,0.2949999977950008,0.022188741268319427,0.45499999545500125,0.0,0.0,1.0000000003119285,1.000000000330095,0.15346968,2.9086044,9.8554994,8.9308751,-0.24772124,-0.12916204,-1.557064,-0.15346968,-0.14944357,-0.083251457,-0.14636439,4.5495751,17.034891,13.206879,-14.307046,2.4036753,10.827739,10.827739,-0.50459457,0.15346968,-534.3226500000001,-0.0
2214.0,939.09786,9.8888889,0.33333333,2.6666667,5.3983,12.2168,64.99646,8768.5976,89.349,173.879,64.3741,9.7777778,2.6666667,6.4444444,0.162,10.0,0.0,0.0,2.2441,727.06233,0.2472968961613018,0.44500000094500125,0.014999999865000042,0.12000000162000034,1.0000000005557312,0.9999999997544368,0.24998638461153866,0.8569930040535735,0.999999999977615,1.0000000000230045,0.9999999999378634,0.4400000014400013,0.12000000162000034,0.28999999829000084,0.022188741268319434,0.45000000045000127,0.0,0.0,1.0000000003119283,1.000000000330095,0.14330895,2.7949664,9.4244395,8.5538604,-0.22706492,-0.12511645,-1.5282167,-0.14330895,-0.14223471,-0.081234066,-0.14622507,4.3593367,16.245264,12.642969,-13.844843,2.3100517,10.368483,10.368483,-0.48470861,0.14330895,-530.22255,2.1816117
2215.0,939.09786,9.7777778,0.33333333,2.6666667,5.3983,12.2168,64.99646,8872.0233,89.349,173.879,64.3741,9.5555555,2.5555556,6.2222222,0.17,9.7777778,0.0,0.0,2.2441,727.06233,0.24729689616130163,0.4400000014400013,0.014999999865000042,0.12000000162000034,1.0000000005557312,0.9999999997544365,0.24998638461153877,0.8671012454603133,0.9999999999776158,1.000000000023005,0.9999999999378631,0.42999999793000127,0.11500000211500032,0.2799999992800008,0.023284481577866063,0.4400000014400013,0.0,0.0,1.0000000003119287,1.000000000330095,0.13789916,2.6878262,9.0076391,8.1911766,-0.24992387,-0.12092895,-1.4581877,-0.13789916,-0.14386449,-0.078740458,-0.14135366,4.1852152,15.476634,12.050291,-13.263133,2.2216748,9.9264739,9.9264739,-0.47116367,0.13789916,-525.85375,5.0081027
2216.0,939.09786,9.7777778,0.22222222,2.5555556,5.3983,12.2168,67.602257,8778.8669,89.349,173.879,64.3741,9.5555555,2.4444444,6.1111111,0.178,9.7777778,0.0,0.0,2.2441,727.06233,0.24729689616130177,0.4400000014400013,0.009999999910000027,0.11500000211500032,1.0000000005557306,0.9999999997544363,0.26000868076523065,0.8579966671999503,0.9999999999776165,1.000000000023005,0.999999999937863,0.42999999793000127,0.10999999811000032,0.2749999997750008,0.024380221887412717,0.4400000014400013,0.0,0.0,1.000000000311929,1.000000000330095,0.13388268,2.5938968,8.6051039,7.8426857,-0.21322891,-0.11443803,-1.3904173,-0.13388268,-0.13235989,-0.074955889,-0.13866692,4.0392764,14.729544,11.452693,-12.708847,2.1440274,9.5012991,9.5012991,-0.46316033,0.13388268,-521.1811500000001,-0.0
2217.0,939.09786,9.6666667,0.22222222,2.5555556,5.3983,12.2168,64.99646,8864.8946,89.349,173.879,64.3741,9.4444444,2.3333333,5.8888889,0.178,9.6666667,0.0,0.0,2.2441,727.06233,0.2472968961613017,0.43500000193500127,0.009999999910000027,0.11500000211500032,1.0000000005557312,0.9999999997544371,0.24998638461153877,0.8664045267480731,0.9999999999776158,1.0000000000230052,0.9999999999378631,0.4249999984250012,0.1049999986050003,0.2650000007650008,0.024380221887412706,0.43500000193500127,0.0,0.0,1.000000000311929,1.000000000330095,0.12998318,2.5016653,8.2169869,7.5074989,-0.25378433,-0.1118635,-1.3831975,-0.12998318,-0.13311304,-0.073649611,-0.13490539,3.8951706,14.008044,10.889028,-12.356444,2.0677936,9.0923187,9.0923187,-0.44823448,0.12998318,-516.16785,-0.0
2218.0,939.09786,9.5555555,0.11111111,2.4444444,5.3983,12.2168,64.99646,9029.7595,89.349,173.879,64.3741,9.4444444,2.2222222,5.6666667,0.182,9.6666667,0.0,0.0,2.2441,727.06233,0.24729689616130174,0.42999999793000127,0.004999999955000014,0.10999999811000032,1.0000000005557308,0.9999999997544367,0.24998638461153877,0.8825174871505466,0.9999999999776159,1.0000000000230045,0.9999999999378634,0.4249999984250012,0.09999999910000028,0.25500000175500076,0.02492809204218602,0.43500000193500127,0.0,0.0,1.0000000003119294,1.000000000330095,0.12435566,2.4156257,7.8410934,7.1820267,-0.24328442,-0.10681957,-1.3427897,-0.12435566,-0.13125645,-0.072585105,-0.13225929,3.7657651,13.315299,10.361119,-11.904514,1.9965779,8.6970026,8.6970026,-0.43153222,0.12435566,-511.04825000000005,5.2825316
2219.0,939.09786,9.4444444,0.11111111,2.3333333,5.3983,12.2168,67.718731,9008.1723,89.349,173.879,64.3741,9.2222222,2.1111111,5.5555556,0.194,9.4444444,0.0,0.0,2.2441,727.06233,0.24729689616130174,0.4249999984250012,0.004999999955000014,0.1049999986050003,1.0000000005557301,0.9999999997544368,0.26045665768830084,0.8804076766402426,0.9999999999776158,1.0000000000230043,0.9999999999378631,0.41499999941500115,0.09499999959500027,0.2500000022500007,0.02657170250650599,0.4249999984250012,0.0,0.0,1.0000000003119294,1.000000000330095,0.12252162,2.3163567,7.4760167,6.8374756,-0.20472316,-0.10441484,-1.2694601,-0.12252162,-0.12296121,-0.067869643,-0.12435371,3.610888,12.649078,9.8620942,-11.347424,1.9145296,8.3139903,8.3139903,-0.40607435,0.12252162,-505.87194999999997,-0.0
2220.0,939.09786,9.3122421,0.11111111,2.2222222,5.3983,12.2168,64.99646,9029.7595,89.349,173.879,64.3741,9.1111111,2.0,5.4444444,0.194,9.3333333,0.0,0.0,2.2441,727.06233,0.2472968961613017,0.4190508949190521,0.004999999955000014,0.09999999910000028,1.0000000005557308,0.9999999997544365,0.24998638461153866,0.8825174871505462,0.9999999999776156,1.0000000000230043,0.9999999999378631,0.4099999999100012,0.09000000009000025,0.24499999824500068,0.026571702506505986,0.41999999892000117,0.0,0.0,1.0000000003119285,1.000000000330095,0.1167485,2.21537,7.1280139,6.4971533,-0.20136144,-0.099618692,-1.2621933,-0.1167485,-0.11797354,-0.067009112,-0.11331215,3.447004,12.008744,9.3819566,-11.017586,1.8312113,7.9489399,7.9489399,-0.38252548,0.1167485,-500.11375,0.91839999
2221.0,939.09786,9.1111111,0.0,2.1111111,5.3983,12.2168,64.99646,9029.7595,89.349,173.879,64.3741,8.8888889,1.8888889,5.2222222,0.198,9.1111111,0.0,0.0,2.2441,727.06233,0.24729689616130168,0.4099999999100012,0.0,0.09499999959500027,1.000000000555731,0.9999999997544365,0.24998638461153877,0.8825174871505459,0.9999999999776161,1.0000000000230047,0.9999999999378634,0.4000000009000011,0.08500000058500023,0.23499999923500067,0.027119572661279304,0.4099999999100012,0.0,0.0,1.0000000003119287,1.000000000330095,0.11233038,2.1171726,6.7950453,6.1722145,-0.19227876,-0.096883302,-1.2282468,-0.11233038,-0.11625076,-0.065371961,-0.10939938,3.2869877,11.389051,8.852325,-10.606249,1.7502143,7.6003079,7.6003079,-0.37040613,0.11233038,-494.2599500000001,2.336903
2222.0,939.09786,8.8888889,0.0,2.0,5.3983,12.2168,64.99646,9002.8556,89.349,173.879,64.3741,8.5555555,1.7777778,4.8888889,0.206,8.8888889,0.0,0.0,2.2441,727.06233,0.2472968961613018,0.4000000009000011,0.0,0.09000000009000025,1.0000000005557315,0.9999999997544363,0.24998638461153871,0.879888052532429,0.9999999999776156,1.0000000000230045,0.9999999999378631,0.3849999978850011,0.08000000108000023,0.22000000072000064,0.028215312970825954,0.4000000009000011,0.0,0.0,1.0000000003119287,1.000000000330095,0.11212464,2.0100772,6.4745254,5.8598372,-0.19776917,-0.087152967,-1.1805993,-0.11212464,-0.10843933,-0.062991075,-0.10766496,3.1103075,10.789806,8.3128535,-10.156912,1.6619188,7.2658719,7.2658719,-0.36417339,0.11212464,-488.1740500000001,2.1124991
2223.0,939.09786,8.5555555,0.0,1.8888889,5.3983,12.2168,64.99646,8996.7241,89.349,173.879,64.3741,8.2222222,1.6666667,4.6666667,0.21,8.5555555,0.0,0.0,2.2441,727.06233,0.24729689616130165,0.3849999978850011,0.0,0.08500000058500023,1.0000000005557306,0.9999999997544362,0.24998638461153871,0.8792887944932262,0.9999999999776156,1.0000000000230043,0.9999999999378631,0.369999999370001,0.07500000157500021,0.2100000017100006,0.02876318312559926,0.3849999978850011,0.0,0.0,1.000000000311929,1.000000000330095,0.10885887,1.89627,6.1685209,5.5622604,-0.1847802,-0.086727285,-1.1482353,-0.10885887,-0.10677555,-0.060702442,-0.10383022,2.9211591,10.21248,7.7950769,-9.7755858,1.5681308,6.9473989,6.9473989,-0.34850164,0.10885887,-481.69084999999995,-0.0
2224.0,855.99377,8.2222222,0.0,1.8888889,5.3983,12.2168,64.99646,9108.4658,89.349,173.879,64.3741,7.8888889,1.6666667,4.4444444,0.214,8.2222222,0.0,0.0,2.2441,727.06233,0.22541271945227437,0.369999999370001,0.0,0.08500000058500023,1.0000000005557306,0.9999999997544363,0.2499863846115386,0.8902097945812039,0.9999999999776165,1.0000000000230045,0.999999999937863,0.35500000085500105,0.07500000157500021,0.19999999820000056,0.029311053280372576,0.369999999370001,0.0,0.0,1.0000000003119294,1.000000000330095,0.096440791,1.7894315,5.8760455,5.2786613,-0.180727,-0.089735695,-1.1272725,-0.096440791,-0.10936433,-0.060265683,-0.10498461,2.7512368,9.6633234,7.2882846,-9.4311394,1.47991,6.643071,6.643071,-0.34602401,0.096440791,-474.89605000000006,3.3369226
2225.0,855.99377,8.0,0.0,1.7777778,5.3983,12.2168,64.99646,9108.4658,89.349,173.879,64.3741,7.6666667,1.5555556,4.1111111,0.222,8.0,0.0,0.0,2.2441,727.06233,0.22541271945227437,0.360000000360001,0.0,0.08000000108000023,1.0000000005557306,0.9999999997544367,0.24998638461153883,0.8902097945812023,0.9999999999776156,1.000000000023005,0.999999999937863,0.345000001845001,0.07000000207000019,0.1849999996850005,0.030406793589919223,0.360000000360001,0.0,0.0,1.0000000003119291,1.000000000330095,0.094315291,1.6930003,5.59393,5.0057583,-0.16115414,-0.083944455,-1.082451,-0.094315291,-0.099463895,-0.057325333,-0.097681975,2.6074633,9.1393274,6.7990199,-9.0153714,1.4000524,6.3497263,6.3497263,-0.32203541,0.094315291,-467.9195500000001,-0.0
2226.0,855.99377,7.7777778,0.0,1.6666667,5.3983,12.2168,64.99646,9108.4658,89.349,173.879,64.3741,7.4444444,1.4444444,3.8888889,0.226,7.7777778,0.0,0.0,2.2441,727.06233,0.22541271945227428,0.350000001350001,0.0,0.07500000157500021,1.0000000005557301,0.9999999997544362,0.24998638461153883,0.8902097945812039,0.9999999999776156,1.000000000023005,0.9999999999378631,0.33499999833500094,0.06499999806500019,0.1750000006750005,0.03095466374469255,0.350000001350001,0.0,0.0,1.0000000003119294,1.000000000330095,0.094312013,1.610259,5.3240812,4.745433,-0.16025927,-0.082099639,-1.0755244,-0.094312013,-0.099432573,-0.056769983,-0.097166229,2.4921124,8.6396623,6.334262,-8.727674,1.3313448,6.0690823,6.0690823,-0.3104406,0.094312013,-460.64104999999995,-0.0
2227.0,855.99377,7.5555555,0.0,1.5555556,5.3983,12.2168,64.99646,9108.4658,89.349,173.879,64.3741,7.3333333,1.3333333,3.6666667,0.23,7.5555555,0.0,0.0,2.2441,727.06233,0.2254127194522744,0.33999999784000096,0.0,0.07000000207000019,1.0000000005557308,0.9999999997544368,0.24998638461153871,0.8902097945812053,0.9999999999776158,1.0000000000230043,0.9999999999378634,0.3299999988300009,0.05999999856000017,0.16500000166500048,0.031502533899465876,0.33999999784000096,0.0,0.0,1.0000000003119283,1.000000000330095,0.090582053,1.5302642,5.068511,4.4996167,-0.16781152,-0.077015038,-1.0432063,-0.090582053,-0.094437935,-0.055079756,-0.09282062,2.3785721,8.1648885,5.8945636,-8.355865,1.2649652,5.8028689,5.8028689,-0.30039478,0.090582053,-453.1757500000001,1.9726824
2228.0,855.99377,7.3333333,0.0,1.4444444,5.3983,12.2168,64.99646,9088.5793,89.349,173.879,64.3741,7.2222222,1.2222222,3.3333333,0.246,7.3333333,0.0,0.0,2.2441,727.06233,0.22541271945227437,0.3299999988300009,0.0,0.06499999806500019,1.0000000005557301,0.9999999997544368,0.2499863846115386,0.8882662008444917,0.9999999999776154,1.0000000000230045,0.9999999999378634,0.3249999993250009,0.05499999905500016,0.14999999865000044,0.03369401451855914,0.3299999988300009,0.0,0.0,1.0000000003119287,1.000000000330095,0.088960375,1.4602338,4.8286572,4.2699069,-0.12396931,-0.068265525,-0.97638229,-0.088960375,-0.085005653,-0.051312511,-0.084280863,2.2790757,7.7141011,5.4789958,-7.884356,1.2068591,5.5523544,5.5523544,-0.26753984,0.088960375,-445.44275000000016,4.2451207
2229.0,855.99377,7.1111111,0.0,1.3333333,5.3983,12.2168,67.718731,9132.1623,89.349,173.879,64.3741,6.8888889,1.1111111,3.1111111,0.262,7.1111111,0.0,0.0,2.2441,727.06233,0.2254127194522743,0.3199999998200009,0.0,0.05999999856000017,1.0000000005557308,0.9999999997544368,0.2604566576883008,0.8925257561119934,0.9999999999776155,1.0000000000230047,0.9999999999378634,0.3100000008100009,0.04999999955000014,0.1399999996400004,0.03588549513765241,0.3199999998200009,0.0,0.0,1.0000000003119287,1.000000000330095,0.081571002,1.3792672,4.607197,4.0590554,-0.13318758,-0.069369982,-0.91592204,-0.081571002,-0.08165769,-0.048215786,-0.081780101,2.1452949,7.289821,5.0897157,-7.4515592,1.14011,5.3195143,5.3195143,-0.26105509,0.081571002,-437.27105000000006,-0.0
2230.0,855.99377,6.7777778,0.0,1.3333333,5.3983,12.2168,67.718731,9165.7067,89.349,173.879,64.3741,6.5555555,1.0,2.8888889,0.262,6.7777778,0.0,0.0,2.2441,727.06233,0.22541271945227442,0.3050000013050009,0.0,0.05999999856000017,1.0000000005557306,0.9999999997544365,0.26045665768830073,0.8958041955428496,0.9999999999776166,1.0000000000230047,0.9999999999378631,0.2949999977950008,0.04500000004500013,0.13000000063000036,0.03588549513765243,0.3050000013050009,0.0,0.0,1.000000000311929,1.000000000330095,0.075916478,1.2969502,4.4010244,3.8639044,-0.1306349,-0.067019869,-0.91030687,-0.075916478,-0.079975469,-0.047664727,-0.078906512,2.0034674,6.8975775,4.7428252,-7.2044378,1.0723896,5.1006972,5.1006972,-0.2576375,0.075916478,-428.83175000000006,0.46630099
2231.0,855.99377,6.5555555,0.0,1.2222222,5.3983,12.2168,67.718731,9203.2129,89.349,173.879,64.3741,6.3333333,0.88888889,2.6666667,0.271,6.5555555,0.0,0.0,2.2441,727.06233,0.22541271945227434,0.2949999977950008,0.0,0.05499999905500016,1.0000000005557308,0.9999999997544363,0.2604566576883008,0.899469838838948,0.9999999999776158,1.0000000000230047,0.9999999999378631,0.28499999878500076,0.04000000009000011,0.12000000162000034,0.037118202985892385,0.2949999977950008,0.0,0.0,1.000000000311929,1.000000000330095,0.07236564,1.2272012,4.2067168,3.6809819,-0.10919107,-0.063931163,-0.88510174,-0.07236564,-0.0751324,-0.045884255,-0.076046004,1.8881143,6.5377835,4.4290144,-6.9063473,1.014901,4.8925668,4.8925668,-0.24519186,0.07236564,-420.04065000000014,1.4759293
2232.0,855.99377,6.3333333,0.0,1.2222222,5.3983,12.2168,67.718731,9255.1713,89.349,173.879,64.3741,6.1111111,0.88888889,2.5555556,0.281,6.3333333,0.0,0.0,2.2441,727.06233,0.2254127194522743,0.28499999878500076,0.0,0.05499999905500016,1.0000000005557308,0.9999999997544368,0.2604566576883007,0.9045479582068422,0.9999999999776159,1.0000000000230045,0.9999999999378631,0.2749999997750008,0.04000000009000011,0.11500000211500032,0.03848787837282568,0.28499999878500076,0.0,0.0,1.0000000003119296,1.000000000330095,0.065866784,1.1667729,4.0216851,3.5075733,-0.12099983,-0.061258977,-0.84549434,-0.065866784,-0.073582325,-0.044152745,-0.074944681,1.7946756,6.2077097,4.1457326,-6.5587812,0.96493163,4.6929996,4.6929996,-0.2393572,0.065866784,-411.08595000000014,-0.0
2233.0,771.84899,6.2222222,0.0,1.1111111,5.3983,12.2168,67.718731,9369.6276,89.349,173.879,64.3741,6.0,0.77777778,2.3333333,0.301,6.2222222,0.0,0.0,2.2441,727.06233,0.20325449312836863,0.2799999992800008,0.0,0.04999999955000014,1.0000000005557301,0.9999999997544367,0.26045665768830084,0.9157342679047442,0.9999999999776162,1.000000000023004,0.999999999937863,0.27000000027000076,0.0350000001350001,0.1049999986050003,0.04122722914669229,0.2799999992800008,0.0,0.0,1.0000000003119294,1.000000000330095,0.059372313,1.1113441,3.844021,3.3417672,-0.11844251,-0.05478539,-0.80285623,-0.059372313,-0.070933515,-0.041850627,-0.069280511,1.7138818,5.9059918,3.8914734,-6.2035241,0.91898892,4.5002312,4.5002312,-0.22241088,0.059372313,-401.7645500000001,3.3449131
2234.0,771.84899,6.0,0.0,1.0,5.3983,12.2168,70.660609,9369.6276,89.349,173.879,64.3741,5.7777778,0.77777778,2.2222222,0.321,6.0,0.0,0.0,2.2441,727.06233,0.20325449312836855,0.27000000027000076,0.0,0.04500000004500013,1.0000000005557304,0.9999999997544365,0.271771573072742,0.9157342679047435,0.9999999999776161,1.0000000000230045,0.999999999937863,0.2600000012600007,0.0350000001350001,0.09999999910000028,0.04396657992055888,0.27000000027000076,0.0,0.0,1.0000000003119296,1.000000000330095,0.05753147,1.0530133,3.6707616,3.1806098,-0.09311992,-0.04762331,-0.73107633,-0.05753147,-0.065388839,-0.038157039,-0.06103636,1.631125,5.6293011,3.6628578,-5.7723531,0.87058795,4.3116739,4.3116739,-0.20101977,0.05753147,-392.06425000000013,1.2667618
2235.0,771.84899,5.5555555,0.0,1.0,5.3983,12.2168,73.850062,9308.8091,89.349,173.879,64.3741,5.3333333,0.66666667,2.1111111,0.336,5.5555556,0.0,0.0,2.2441,727.06233,0.20325449312836855,0.2499999977500007,0.0,0.04500000004500013,1.0000000005557312,0.9999999997544372,0.2840386999956302,0.9097902126071172,0.9999999999776159,1.000000000023005,0.9999999999378636,0.23999999874000066,0.030000000180000087,0.09499999959500027,0.04602109300095883,0.2500000022500007,0.0,0.0,1.0000000003119291,1.000000000330095,0.057805146,0.96645264,3.5059915,3.0281754,-0.10412021,-0.04912727,-0.69269123,-0.057805146,-0.056975422,-0.035553009,-0.056004831,1.4866244,5.3781859,3.4621765,-5.4607571,0.7992603,4.1307749,4.1307749,-0.19006777,0.057805146,-381.99385000000007,-0.0
2236.0,855.99377,5.0,0.0,0.88888889,5.3983,12.2168,73.850062,9273.0299,89.349,173.879,64.3741,4.6666667,0.66666667,2.0,0.351,5.0,0.0,0.0,2.2441,727.06233,0.2254127194522744,0.22500000022500063,0.0,0.04000000009000011,1.0000000005557312,0.9999999997544362,0.28403869999563014,0.9062933564974636,0.9999999999776158,1.000000000023004,0.9999999999378634,0.2100000017100006,0.030000000180000087,0.09000000009000025,0.04807560608135879,0.22500000022500063,0.0,0.0,1.0000000003119285,1.000000000330095,0.058521785,0.87580548,3.3527097,2.8874688,-0.09008356,-0.044011803,-0.6498593,-0.058521785,-0.05630004,-0.03366113,-0.052041079,1.3312872,5.1539553,3.2906383,-5.1502876,0.72467153,3.960117,3.960117,-0.18014729,0.058521785,-371.6495500000001,3.6132345
2237.0,833.41533,4.5555556,0.0,0.88888889,5.3983,12.2168,77.32002,9308.8091,89.349,173.879,64.3741,4.2222222,0.66666667,1.8888889,0.378,4.5555556,0.0,0.0,2.2441,727.06233,0.21946703650485053,0.2050000022050006,0.0,0.04000000009000011,1.0000000005557306,0.9999999997544362,0.29738469230311726,0.9097902126071173,0.9999999999776158,1.0000000000230045,0.999999999937863,0.18999999919000055,0.030000000180000087,0.08500000058500023,0.051773729626078666,0.2050000022050006,0.0,0.0,1.000000000311929,1.000000000330095,0.055095531,0.7961131,3.2110891,2.7586686,-0.07952926,-0.044319883,-0.58044105,-0.055095531,-0.053904607,-0.030608107,-0.049188378,1.1989543,4.9571418,3.1480621,-4.7717471,0.65899602,3.799793,3.799793,-0.17572907,0.055095531,-360.70955000000004,1.9293757
2238.0,840.83806,4.0,0.0,0.77777778,5.3983,12.2168,77.32002,9308.8091,89.349,173.879,64.3741,3.6666667,0.55555555,1.8888889,0.39,4.0,0.0,0.0,2.2441,727.06233,0.22142169764106415,0.1800000001800005,0.0,0.0350000001350001,1.0000000005557306,0.9999999997544368,0.29738469230311715,0.9097902126071151,0.9999999999776166,1.0000000000230047,0.999999999937863,0.16500000166500048,0.02499999977500007,0.08500000058500023,0.0534173400903986,0.1800000001800005,0.0,0.0,1.0000000003119294,1.000000000330095,0.053490807,0.71724445,3.0789851,2.6396291,-0.089938619,-0.041913288,-0.55758343,-0.053490807,-0.048581861,-0.029159993,-0.049145974,1.070446,4.7851658,3.0335561,-4.5536719,0.5939304,3.6479786,3.6479786,-0.16259549,0.053490807,-349.14805,-0.0
2239.0,771.84899,3.5555556,0.0,0.77777778,5.3983,12.2168,77.32002,9434.0236,89.349,173.879,64.3741,3.2222222,0.55555555,1.8888889,0.39,3.5555556,0.0,0.0,2.2441,727.06233,0.2032544931283686,0.16000000216000046,0.0,0.0350000001350001,1.0000000005557304,0.9999999997544365,0.29738469230311726,0.922027967764913,0.9999999999776151,1.0000000000230052,0.9999999999378631,0.14499999914500042,0.02499999977500007,0.08500000058500023,0.053417340090398634,0.16000000216000046,0.0,0.0,1.000000000311929,1.000000000330095,0.044302198,0.64366398,2.9557485,2.5297135,-0.089408329,-0.041306289,-0.56015103,-0.044302198,-0.051209651,-0.029192647,-0.05050969,0.95665447,4.6354876,2.943798,-4.424857,0.53309883,3.5042855,3.5042855,-0.15712692,0.044302198,-337.29975000000013,-0.0
2240.0,771.84899,3.1111111,0.0,0.77777778,5.3983,12.2168,77.32002,9494.8422,89.349,173.879,64.3741,2.7777778,0.55555555,1.8888889,0.396,3.1111111,0.0,0.0,2.2441,727.06233,0.20325449312836852,0.1399999996400004,0.0,0.0350000001350001,1.0000000005557304,0.9999999997544363,0.2973846923031172,0.9279720328359756,0.9999999999776161,1.0000000000230045,0.9999999999378634,0.12500000112500034,0.02499999977500007,0.08500000058500023,0.054239145322558614,0.1399999996400004,0.0,0.0,1.0000000003119291,1.000000000330095,0.039169806,0.57508916,2.8369925,2.4245384,-0.071289502,-0.037773918,-0.55407209,-0.039169806,-0.048560237,-0.028728286,-0.04621432,0.85991723,4.5011477,2.87227,-4.2659911,0.47618574,3.3647731,3.3647731,-0.15444432,0.039169806,-325.19975,-0.0
2241.0,771.84899,2.6666667,0.0,0.66666667,5.3983,12.2168,77.32002,9494.8422,89.349,173.879,64.3741,2.4444444,0.55555555,2.0,0.408,2.6666667,0.0,0.0,2.2441,727.06233,0.2032544931283686,0.12000000162000034,0.0,0.030000000180000087,1.0000000005557306,0.9999999997544368,0.29738469230311726,0.927972032835975,0.9999999999776156,1.000000000023004,0.9999999999378631,0.10999999811000032,0.02499999977500007,0.09000000009000025,0.05588275578687859,0.12000000162000034,0.0,0.0,1.0000000003119283,1.000000000330095,0.039575684,0.51500951,2.7262551,2.3300753,-0.084620613,-0.035447437,-0.5343452,-0.039575684,-0.043379757,-0.02682264,-0.039102819,0.77872969,4.3797936,2.8225481,-4.060861,0.42623362,3.2324967,3.2324967,-0.13951005,0.039575684,-312.84805000000006,0.26390094
2242.0,771.84899,2.3333333,0.0,0.66666667,5.3983,12.2168,77.32002,9434.0236,89.349,173.879,64.3741,2.1111111,0.66666667,2.0,0.426,2.3333333,0.0,0.0,2.2441,727.06233,0.2032544931283686,0.1049999986050003,0.0,0.030000000180000087,1.0000000005557301,0.9999999997544367,0.2973846923031172,0.9220279677649152,0.9999999999776156,1.0000000000230043,0.9999999999378634,0.09499999959500027,0.030000000180000087,0.09000000009000025,0.05834817148335853,0.1049999986050003,0.0,0.0,1.000000000311929,1.000000000330095,0.039746822,0.46646198,2.626456,2.246884,-0.064803756,-0.033480924,-0.4940364,-0.039746822,-0.04086014,-0.024669898,-0.038969311,0.71440347,4.272752,2.7752617,-3.7953271,0.38584244,3.1097729,3.1097729,-0.1359623,0.039746822,-300.19735000000014,1.1410486
2243.0,771.84899,2.1111111,0.0,0.66666667,5.3983,12.2168,84.121801,9434.0236,89.349,173.879,64.3741,2.0,0.66666667,2.1111111,0.465,2.1111111,0.0,0.0,2.2441,727.06233,0.20325449312836852,0.09499999959500027,0.0,0.030000000180000087,1.0000000005557308,0.9999999997544368,0.3235453884565609,0.9220279677649168,0.9999999999776154,1.0000000000230045,0.9999999999378631,0.09000000009000025,0.030000000180000087,0.09499999959500027,0.06368990549239836,0.09499999959500027,0.0,0.0,1.0000000003119291,1.000000000330095,0.039150965,0.42970287,2.5378513,2.1751928,-0.061503462,-0.031436233,-0.43034108,-0.039150965,-0.037011967,-0.022288325,-0.037804687,0.6671229,4.1801568,2.7543993,-3.4627347,0.3552257,2.9968131,2.9968131,-0.12459569,0.039150965,-287.06485,4.2348622
2244.0,771.84899,2.0,0.0,0.66666667,5.3983,12.2168,89.843237,9450.2655,89.349,173.879,64.3741,2.0,0.66666667,2.2222222,0.507,2.0,0.0,0.0,2.2441,727.06233,0.2032544931283686,0.09000000009000025,0.0,0.030000000180000087,1.0000000005557308,0.9999999997544367,0.3455509115331456,0.9236153589655942,0.9999999999776159,1.0000000000230047,0.9999999999378631,0.09000000009000025,0.030000000180000087,0.09999999910000028,0.06944254211751823,0.09000000009000025,0.0,0.0,1.0000000003119287,1.000000000330095,0.03695811,0.41080363,2.4616672,2.1162572,-0.068805723,-0.02869915,-0.36446373,-0.03695811,-0.035053258,-0.019033757,-0.033681936,0.6470867,4.101854,2.754871,-3.142726,0.33938487,2.8946525,2.8946525,-0.11345658,0.03695811,-273.24225,-0.0
2245.0,686.66351,2.1111111,0.0,0.66666667,5.3983,12.2168,89.843237,9691.6079,89.349,173.879,64.3741,2.1111111,0.66666667,2.4444444,0.507,2.1111111,0.0,0.0,2.2441,727.06233,0.18082221455623906,0.09499999959500027,0.0,0.030000000180000087,1.0000000005557308,0.9999999997544365,0.34555091153314543,0.9472027965259044,0.9999999999776156,1.0000000000230047,0.9999999999378634,0.09499999959500027,0.030000000180000087,0.10999999811000032,0.06944254211751824,0.09499999959500027,0.0,0.0,1.0000000003119287,1.000000000330095,0.025311748,0.40428973,2.397303,2.0694886,-0.052710304,-0.028172664,-0.36172399,-0.025311748,-0.031105253,-0.018583507,-0.032743832,0.6419776,4.0362281,2.7678713,-3.0453393,0.33388138,2.802802,2.802802,-0.11152924,0.025311748,-259.0019500000001,-0.0
2246.0,600.43735,2.2222222,0.0,0.77777778,5.3983,12.2168,89.843237,9789.126,89.349,173.879,64.3741,2.2222222,0.77777778,2.5555556,0.515,2.2222222,0.0,0.0,2.2441,727.06233,0.15811588900257656,0.09999999910000028,0.0,0.0350000001350001,1.000000000555731,0.9999999997544367,0.34555091153314527,0.9567336626097359,0.9999999999776161,1.0000000000230045,0.9999999999378631,0.09999999910000028,0.0350000001350001,0.11500000211500032,0.07053828242706482,0.09999999910000028,0.0,0.0,1.0000000003119291,1.000000000330095,0.020321329,0.40326879,2.3378804,2.0284249,-0.06649941,-0.027213246,-0.35129907,-0.020321329,-0.032546517,-0.018030781,-0.032990925,0.64304956,3.9743408,2.7867784,-2.9243422,0.33297503,2.7156003,2.7156003,-0.11113629,0.020321329,-244.11095,-0.0
2247.0,600.43735,2.3333333,0.0,0.77777778,5.3983,12.2168,89.843237,9748.8489,89.349,173.879,64.3741,2.3333333,0.77777778,2.7777778,0.531,2.3333333,0.0,0.0,2.2441,727.06233,0.15811588900257662,0.1049999986050003,0.0,0.0350000001350001,1.00000000055573,0.9999999997544367,0.3455509115331454,0.952797207260985,0.9999999999776162,1.0000000000230045,0.9999999999378631,0.1049999986050003,0.0350000001350001,0.12500000112500034,0.07272976304615815,0.1049999986050003,0.0,0.0,1.0000000003119294,1.000000000330095,0.02004471,0.40478743,2.2804639,1.990102,-0.063218432,-0.025937777,-0.32913132,-0.02004471,-0.030770138,-0.016804439,-0.029585995,0.64655494,3.9119643,2.8071414,-2.7658856,0.33420468,2.6306769,2.6306769,-0.10296267,0.02004471,-228.86985000000004,-0.0
2248.0,600.43735,2.5555556,0.0,0.77777778,5.3983,12.2168,94.911913,9816.8225,89.349,173.879,64.3741,2.5555556,0.88888889,3.0,0.563,2.5555556,0.0,0.0,2.2441,727.06233,0.1581158890025766,0.11500000211500032,0.0,0.0350000001350001,1.0000000005557306,0.9999999997544368,0.3650458192251533,0.9594405614571406,0.9999999999776161,1.000000000023005,0.999999999937863,0.11500000211500032,0.04000000009000011,0.13500000013500038,0.07711272428434467,0.11500000211500032,0.0,0.0,1.0000000003119291,1.000000000330095,0.017195481,0.40868195,2.224922,1.9542165,-0.059220543,-0.023907694,-0.28883557,-0.017195481,-0.027305901,-0.0148261,-0.028327523,0.65228601,3.8484217,2.826395,-2.5554926,0.33743043,2.5479831,2.5479831,-0.099442703,0.017195481,-213.27504999999996,0.54289496
2249.0,600.43735,2.7777778,0.0,0.77777778,5.3983,12.2168,106.87681,9816.8225,89.349,173.879,64.3741,2.7777778,0.88888889,3.1111111,0.626,2.7777778,0.0,0.0,2.2441,727.06233,0.15811588900257656,0.12500000112500034,0.0,0.0350000001350001,1.0000000005557312,0.9999999997544371,0.41106465383982993,0.95944056145714,0.9999999999776156,1.0000000000230045,0.9999999999378631,0.12500000112500034,0.04000000009000011,0.1399999996400004,0.08574167922202447,0.12500000112500034,0.0,0.0,1.000000000311929,1.000000000330095,0.015947936,0.41411755,2.1699435,1.9197984,-0.040331479,-0.021719585,-0.21981586,-0.015947936,-0.020071163,-0.011256242,-0.020143984,0.65987938,3.7791407,2.8391292,-2.2568381,0.34194396,2.4669372,2.4669372,-0.080709937,0.015947936,-197.09255000000007,5.0245555
2250.0,600.43735,3.0,0.0,0.88888889,5.3983,12.2168,122.1155,9816.8225,89.349,173.879,64.3741,3.0,0.88888889,3.2222222,0.71,3.0,0.0,0.0,2.2441,727.06233,0.15811588900257662,0.13500000013500038,0.0,0.04000000009000011,1.0000000005557308,0.9999999997544368,0.4696749999927743,0.9594405614571386,0.9999999999776155,1.0000000000230045,0.9999999999378636,0.13500000013500038,0.04000000009000011,0.14499999914500042,0.09724695247226421,0.13500000013500038,0.0,0.0,1.0000000003119287,1.000000000330095,0.015947936,0.41941397,2.1141173,1.8851665,-0.034154683,-0.019332433,-0.13715116,-0.015947936,-0.018008276,-0.0078279073,-0.017325208,0.66779962,3.700941,2.7867611,-1.9356748,0.34632948,2.3866867,2.3866867,-0.074179954,0.015947936,-179.73985000000016,-0.0
2251.0,600.43735,3.2222222,0.0,0.88888889,5.3983,12.2168,122.1155,9816.8225,89.349,173.879,64.3741,3.2222222,0.88888889,3.2222222,0.699,3.2222222,0.0,0.0,2.2441,727.06233,0.15811588900257656,0.14499999914500042,0.0,0.04000000009000011,1.0000000005557304,0.9999999997544362,0.4696749999927744,0.9594405614571404,0.9999999999776154,1.0000000000230045,0.9999999999378636,0.14499999914500042,0.04000000009000011,0.14499999914500042,0.09574030954663752,0.14499999914500042,0.0,0.0,1.0000000003119291,1.000000000330095,0.015947936,0.42421852,2.0575855,1.8503542,-0.049070524,-0.018887439,-0.13163762,-0.015947936,-0.017257564,-0.0077276247,-0.0200849,0.67518885,3.6155031,2.7029085,-1.8953044,0.35030286,2.3075581,2.3075581,-0.079394258,0.015947936,-161.62035000000014,-0.0
2252.0,600.43735,3.4444444,0.0,0.88888889,5.3983,12.2168,131.41534,9816.8225,89.349,173.879,64.3741,3.4444444,1.0,3.2222222,0.699,3.4444444,0.0,0.0,2.2441,727.06233,0.15811588900257662,0.15499999815500043,0.0,0.04000000009000011,1.000000000555731,0.9999999997544371,0.5054436153768397,0.9594405614571377,0.9999999999776169,1.0000000000230047,0.999999999937863,0.15499999815500043,0.04500000004500013,0.14499999914500042,0.0957403095466375,0.15499999815500043,0.0,0.0,1.0000000003119291,1.000000000330095,0.015947936,0.42930386,2.0003993,1.8164654,-0.048583192,-0.018442445,-0.11988958,-0.015947936,-0.016413015,-0.0070016265,-0.01946258,0.68359053,3.5212275,2.6117386,-1.8343105,0.35449529,2.2299766,2.2299766,-0.074356741,0.015947936,-142.86065000000008,1.2911386
2253.0,600.43735,3.6666667,0.0,1.0,5.3983,12.2168,131.41534,9816.8225,89.349,173.879,64.3741,3.6666667,1.0,3.1111111,0.71,3.6666667,0.0,0.0,2.2441,727.06233,0.15811588900257656,0.16500000166500048,0.0,0.04500000004500013,1.0000000005557306,0.9999999997544365,0.5054436153768395,0.9594405614571362,0.9999999999776162,1.000000000023005,0.9999999999378634,0.16500000166500048,0.04500000004500013,0.1399999996400004,0.09724695247226416,0.16500000166500048,0.0,0.0,1.0000000003119287,1.000000000330095,0.015947936,0.43422141,1.9425591,1.7785993,-0.047121194,-0.017886202,-0.10317654,-0.015947936,-0.015193109,-0.0064102275,-0.018425379,0.69187961,3.4174376,2.5120902,-1.7578802,0.35854504,2.1540182,2.1540182,-0.072116842,0.015947936,-124.08505000000014,-0.0
2254.0,686.66351,3.8888889,0.0,1.0,5.3983,12.2168,131.41534,9748.8489,89.349,173.879,64.3741,4.0,0.88888889,3.1111111,0.688,3.8888889,0.0,0.0,2.2441,727.06233,0.18082221455623906,0.1750000006750005,0.0,0.04500000004500013,1.0000000005557306,0.9999999997544368,0.5054436153768392,0.9527972072609868,0.9999999999776158,1.0000000000230045,0.9999999999378631,0.1800000001800005,0.04000000009000011,0.1399999996400004,0.09423366662101088,0.1750000006750005,0.0,0.0,1.0000000003119291,1.000000000330095,0.017497159,0.4388891,1.884061,1.7425119,-0.023560597,-0.016135271,-0.10736761,-0.017497159,-0.015193109,-0.0062421917,-0.016792936,0.69976344,3.304688,2.4047241,-1.7524014,0.36238866,2.0795769,2.0795769,-0.065477148,0.017497159,-105.17165,-0.0
2255.0,686.66351,4.2222222,0.0,1.0,5.3983,12.2168,122.1155,9748.8489,89.349,173.879,64.3741,4.2222222,0.88888889,3.0,0.677,4.2222222,0.0,0.0,2.2441,727.06233,0.18082221455623906,0.18999999919000055,0.0,0.04500000004500013,1.0000000005557304,0.9999999997544365,0.4696749999927743,0.9527972072609869,0.9999999999776158,1.000000000023004,0.9999999999378634,0.18999999919000055,0.04000000009000011,0.13500000013500038,0.09272702369538428,0.18999999919000055,0.0,0.0,1.0000000003119283,1.000000000330095,0.017497159,0.44639959,1.8256541,1.707699,-0.031230688,-0.017886202,-0.11175629,-0.017497159,-0.015193109,-0.0067583555,-0.016792936,0.71309931,3.1840856,2.2911314,-1.7469225,0.36855883,2.0073234,2.0073234,-0.065477148,0.017497159,-85.81754999999998,-0.0
2256.0,686.66351,4.4444444,0.0,1.1111111,5.3983,12.2168,122.1155,9691.6079,89.349,173.879,64.3741,4.4444444,0.88888889,2.7777778,0.656,4.4444444,0.0,0.0,2.2441,727.06233,0.1808222145562391,0.19999999820000056,0.0,0.04999999955000014,1.0000000005557301,0.9999999997544368,0.4696749999927743,0.9472027965259071,0.9999999999776159,1.000000000023005,0.9999999999378628,0.19999999820000056,0.04000000009000011,0.12500000112500034,0.0898507053828244,0.19999999820000056,0.0,0.0,1.0000000003119283,1.000000000330095,0.017497159,0.44672194,1.767215,1.6722886,-0.031230688,-0.017886202,-0.1164115,-0.017497159,-0.015193109,-0.0067583555,-0.018425379,0.71073092,3.0556582,2.1712036,-1.7440881,0.36889017,1.9371156,1.9371156,-0.065477148,0.017497159,-68.41075000000001,-0.0
2257.0,686.66351,4.6666667,0.0,1.1111111,5.3983,12.2168,122.1155,9691.6079,89.349,173.879,64.3741,4.7777778,0.77777778,2.6666667,0.636,4.6666667,0.0,0.0,2.2441,727.06233,0.18082221455623906,0.2100000017100006,0.0,0.04999999955000014,1.0000000005557306,0.9999999997544368,0.4696749999927742,0.9472027965259067,0.9999999999776155,1.0000000000230045,0.9999999999378631,0.2150000012150006,0.0350000001350001,0.12000000162000034,0.08711135460895778,0.2100000017100006,0.0,0.0,1.0000000003119291,1.000000000330095,0.017497159,0.45138751,1.7086417,1.6365955,-0.031230688,-0.017886202,-0.12119999,-0.017497159,-0.015193109,-0.0072745193,-0.018425379,0.71791152,2.9198229,2.0452835,-1.7412538,0.37275132,1.8688318,1.8688318,-0.065477148,0.017497159,-50.93105000000003,-0.0
2258.0,686.66351,5.0,0.0,1.1111111,5.3983,12.2168,114.00801,9691.6079,89.349,173.879,64.3741,5.0,0.77777778,2.4444444,0.616,5.0,0.0,0.0,2.2441,727.06233,0.18082221455623915,0.22500000022500063,0.0,0.04999999955000014,1.0000000005557306,0.9999999997544368,0.4384923461471002,0.9472027965259058,0.9999999999776161,1.000000000023004,0.9999999999378636,0.22500000022500063,0.0350000001350001,0.10999999811000032,0.08437200383509118,0.22500000022500063,0.0,0.0,1.0000000003119287,1.000000000330095,0.017497159,0.45752972,1.6497245,1.6004084,-0.023560597,-0.016135271,-0.12619068,-0.017497159,-0.015193109,-0.0074546116,-0.018425379,0.72830489,2.77734,1.9139697,-1.7357749,0.37780876,1.8021578,1.8021578,-0.065477148,0.017497159,-33.445850000000064,-0.0
2259.0,686.66351,5.3333333,0.0,1.1111111,5.3983,12.2168,114.00801,9691.6079,89.349,173.879,64.3741,5.3333333,0.66666667,2.3333333,0.607,5.3333333,0.0,0.0,2.2441,727.06233,0.18082221455623912,0.23999999874000066,0.0,0.04999999955000014,1.0000000005557308,0.9999999997544367,0.4384923461471005,0.9472027965259054,0.9999999999776154,1.0000000000230047,0.9999999999378634,0.23999999874000066,0.030000000180000087,0.1049999986050003,0.08313929598685121,0.23999999874000066,0.0,0.0,1.0000000003119287,1.000000000330095,0.017770397,0.46150402,1.590358,1.56318,-0.031230688,-0.017886202,-0.1314433,-0.017770397,-0.015193109,-0.0074546116,-0.018425379,0.73421991,2.636942,1.7862816,-1.7274617,0.38109701,1.7358724,1.7358724,-0.065477148,0.017770397,-15.984120000000075,-0.0
2260.0,686.66351,5.5555555,0.0,1.1111111,5.3983,12.2168,114.00801,9634.367,89.349,173.879,64.3741,5.5555555,0.66666667,2.1111111,0.589,5.5555556,0.0,0.0,2.2441,727.06233,0.18082221455623904,0.2499999977500007,0.0,0.04999999955000014,1.0000000005557308,0.9999999997544365,0.43849234614710025,0.9416083955642595,0.9999999999776162,1.0000000000230045,0.9999999999378634,0.2499999977500007,0.030000000180000087,0.09499999959500027,0.08067388029037123,0.2500000022500007,0.0,0.0,1.000000000311929,1.000000000330095,0.018022723,0.46449481,1.5305699,1.5242184,-0.031230688,-0.017886202,-0.13682919,-0.018022723,-0.015193109,-0.0079707754,-0.018425379,0.73842562,2.5025989,1.6663307,-1.7246274,0.38358274,1.6695486,1.6695486,-0.065477148,0.018022723,1.446519999999964,-0.0
2261.0,686.66351,5.8888889,0.0,1.1111111,5.3983,12.2168,106.87681,9634.367,89.349,173.879,64.3741,5.8888889,0.55555555,1.8888889,0.571,5.8888889,0.0,0.0,2.2441,727.06233,0.18082221455623915,0.2650000007650008,0.0,0.04999999955000014,1.0000000005557306,0.9999999997544363,0.4110646538398299,0.941608395564259,0.9999999999776161,1.000000000023005,0.9999999999378631,0.2650000007650008,0.02499999977500007,0.08500000058500023,0.07820846459389132,0.2650000007650008,0.0,0.0,1.0000000003119287,1.000000000330095,0.018164403,0.46596224,1.4699497,1.4699497,-0.031230688,-0.017886202,-0.1424173,-0.018164403,-0.015193109,-0.0081508677,-0.018425379,0.74065277,2.3743015,1.5539549,-1.7136697,0.38479637,1.6027975,1.6027975,-0.065477148,0.018164403,19.033719999999903,-0.0
2262.0,686.66351,6.1111111,0.0,1.1111111,5.3983,12.2168,106.87681,9555.6607,89.349,173.879,64.3741,6.1111111,0.44444444,1.7777778,0.555,6.1111111,0.0,0.0,2.2441,727.06233,0.1808222145562391,0.2749999997750008,0.0,0.04999999955000014,1.0000000005557308,0.9999999997544369,0.41106465383982993,0.9339160881336023,0.9999999999776159,1.0000000000230052,0.9999999999378628,0.2749999997750008,0.019999999820000055,0.08000000108000023,0.07601698397479806,0.2749999997750008,0.0,0.0,1.0000000003119291,1.000000000330095,0.018555476,0.46624799,1.4097847,1.4097847,-0.047121194,-0.017886202,-0.148203,-0.018555476,-0.019729848,-0.0086670315,-0.018425379,0.73948599,2.2532085,1.449581,-1.7053565,0.38506933,1.5365576,1.5365576,-0.065477148,0.018555476,36.76274999999998,-0.0
2263.0,686.66351,6.3333333,0.0,1.0,5.3983,12.2168,100.55507,9555.6607,89.349,173.879,64.3741,6.3333333,0.44444444,1.5555556,0.547,6.3333333,0.0,0.0,2.2441,727.06233,0.1808222145562391,0.28499999878500076,0.0,0.04500000004500013,1.0000000005557308,0.9999999997544372,0.38675026922481937,0.9339160881336022,0.9999999999776156,1.0000000000230045,0.9999999999378636,0.28499999878500076,0.019999999820000055,0.07000000207000019,0.0749212436652514,0.28499999878500076,0.0,0.0,1.0000000003119291,1.000000000330095,0.018806527,0.46339493,1.3494319,1.3494319,-0.031230688,-0.014258711,-0.1539887,-0.018806527,-0.015193109,-0.0086670315,-0.015043366,0.73232775,2.1395087,1.3528006,-1.6889198,0.38277476,1.4702176,1.4702176,-0.058837454,0.018806527,54.78125,-0.0
2264.0,771.84899,5.8888889,0.0,1.0,5.3983,12.2168,100.55507,9494.8422,89.349,173.879,64.3741,5.6666667,0.33333333,1.4444444,0.531,6.0,0.0,0.0,2.2441,727.06233,0.20325449312836857,0.2650000007650008,0.0,0.04500000004500013,1.000000000555731,0.9999999997544371,0.38675026922481937,0.927972032835976,0.9999999999776155,1.000000000023004,0.9999999999378631,0.25500000175500076,0.014999999865000042,0.06499999806500019,0.07272976304615814,0.27000000027000076,0.0,0.0,1.0000000003119283,1.000000000330095,0.019033769,0.43095188,1.2887011,1.2887011,-0.031230688,-0.012507779,-0.15990767,-0.019033769,-0.015193109,-0.0086670315,-0.015043366,0.66494825,2.0331304,1.2635205,-1.6724831,0.35634775,1.4036211,1.4036211,-0.058837454,0.019033769,72.68525,-0.0
2265.0,771.84899,5.3333333,0.0,0.88888889,5.3983,12.2168,94.911913,9434.0236,89.349,173.879,64.3741,4.8888889,0.33333333,1.3333333,0.515,5.3333333,0.0,0.0,2.2441,727.06233,0.20325449312836852,0.23999999874000066,0.0,0.04000000009000011,1.0000000005557308,0.9999999997544365,0.36504581922515333,0.922027967764917,0.9999999999776151,1.0000000000230045,0.999999999937863,0.22000000072000064,0.014999999865000042,0.05999999856000017,0.07053828242706485,0.23999999874000066,0.0,0.0,1.0000000003119287,1.000000000330095,0.020010725,0.38606281,1.2279406,1.2279406,-0.031230688,-0.014258711,-0.16602423,-0.020010725,-0.016670033,-0.0090151595,-0.015043366,0.57707607,1.9342905,1.1819366,-1.6586911,0.3196694,1.3370742,1.3370742,-0.058837454,0.020010725,90.61546999999996,-0.0
2266.0,771.84899,4.6666667,0.0,0.88888889,5.3983,12.2168,94.911913,9494.8422,89.349,173.879,64.3741,4.0,0.22222222,1.2222222,0.5,4.6666667,0.0,0.0,2.2441,727.06233,0.20325449312836855,0.2100000017100006,0.0,0.04000000009000011,1.0000000005557315,0.9999999997544371,0.3650458192251533,0.9279720328359741,0.9999999999776166,1.0000000000230045,0.9999999999378631,0.1800000001800005,0.009999999910000027,0.05499999905500016,0.06848376934666492,0.2100000017100006,0.0,0.0,1.0000000003119291,1.000000000330095,0.017823686,0.3421837,1.1677527,1.1677527,-0.031230688,-0.017886202,-0.1721408,-0.017823686,-0.019729848,-0.0095313233,-0.018425379,0.49817809,1.8436904,1.1087423,-1.6477333,0.28365115,1.2710726,1.2710726,-0.065477148,0.017823686,108.90416999999991,-0.0
2267.0,771.84899,3.8888889,0.0,0.77777778,5.3983,12.2168,89.843237,9434.0236,89.349,173.879,64.3741,3.3333333,0.22222222,1.1111111,0.493,3.8888889,0.0,0.0,2.2441,727.06233,0.2032544931283686,0.1750000006750005,0.0,0.0350000001350001,1.0000000005557312,0.9999999997544363,0.3455509115331454,0.9220279677649132,0.9999999999776156,1.0000000000230045,0.9999999999378631,0.14999999865000044,0.009999999910000027,0.04999999955000014,0.06752499657581162,0.1750000006750005,0.0,0.0,1.0000000003119287,1.000000000330095,0.019340851,0.29782496,1.1069133,1.1069133,-0.031230688,-0.014258711,-0.17805516,-0.019340851,-0.016670033,-0.0095313233,-0.015043366,0.42605191,1.7596847,1.0422863,-1.6229834,0.24705089,1.2046038,1.2046038,-0.058837454,0.019340851,127.22926999999993,-0.0
2268.0,771.84899,3.1111111,0.0,0.66666667,5.3983,12.2168,89.843237,9369.6276,89.349,173.879,64.3741,2.5555556,0.14267005,1.0,0.486,3.1111111,0.0,0.0,2.2441,727.06233,0.20325449312836852,0.1399999996400004,0.0,0.030000000180000087,1.0000000005557306,0.9999999997544363,0.3455509115331455,0.9157342679047428,0.9999999999776156,1.0000000000230047,0.9999999999378634,0.11500000211500032,0.00642015225642017,0.04500000004500013,0.06656622380495827,0.1399999996400004,0.0,0.0,1.0000000003119294,1.000000000330095,0.020023657,0.25428885,1.0465643,1.0465643,-0.031230688,-0.014258711,-0.18377191,-0.020023657,-0.019729848,-0.0098794514,-0.018425379,0.36226647,1.6834294,0.98371759,-1.6010679,0.21097524,1.1386564,1.1386564,-0.058837454,0.020023657,145.68698999999992,-0.0
2269.0,771.84899,2.3333333,0.0,0.55555556,5.3983,12.2168,85.265202,9369.6276,89.349,173.879,64.3741,2.0,0.11111111,0.88888889,0.479,2.3333333,0.0,0.0,2.2441,727.06233,0.20325449312836857,0.1049999986050003,0.0,0.02500000022500007,1.0000000005557306,0.9999999997544363,0.3279430846103395,0.9157342679047418,0.9999999999776159,1.0000000000230043,0.9999999999378634,0.09000000009000025,0.004999999955000014,0.04000000009000011,0.06560745103410494,0.1049999986050003,0.0,0.0,1.0000000003119291,1.000000000330095,0.019588858,0.21259937,0.98759371,0.98759371,-0.031230688,-0.014258711,-0.18915319,-0.019588858,-0.018252924,-0.010227579,-0.018425379,0.3077685,1.6155154,0.93362371,-1.5736734,0.17627456,1.0739885,1.0739885,-0.058837454,0.019588858,164.04670999999996,-0.0
2270.0,771.84899,1.6666667,0.0,0.55555555,5.3983,12.2168,84.581716,9369.6276,89.349,173.879,64.3741,1.4444444,0.11111111,0.88888889,0.472,1.6666667,0.0,0.0,2.2441,727.06233,0.20325449312836857,0.07500000157500021,0.0,0.02499999977500007,1.0000000005557304,0.9999999997544368,0.32531429230268744,0.915734267904744,0.9999999999776158,1.0000000000230047,0.999999999937863,0.06499999806500019,0.004999999955000014,0.04000000009000011,0.06464867826325169,0.07500000157500021,0.0,0.0,1.0000000003119294,1.000000000330095,0.019518762,0.17760331,0.93495564,0.93495564,-0.023560597,-0.012507779,-0.19373484,-0.019518762,-0.015193109,-0.0098794514,-0.015043366,0.26385089,1.5574145,0.89346899,-1.5434447,0.14709959,1.0148568,1.0148568,-0.048992887,0.019518762,182.70029,-0.0
2271.0,771.84899,1.2222222,0.0,0.44444444,5.3983,12.2168,81.109521,9369.6276,89.349,173.879,64.3741,1.1111111,0.11111111,0.88888889,0.465,1.2222222,0.0,0.0,2.2441,727.06233,0.20325449312836852,0.05499999905500016,0.0,0.019999999820000055,1.0000000005557301,0.9999999997544369,0.31195969614904695,0.9157342679047421,0.9999999999776155,1.0000000000230047,0.9999999999378631,0.04999999955000014,0.004999999955000014,0.04000000009000011,0.06368990549239838,0.05499999905500016,0.0,0.0,1.000000000311929,1.000000000330095,0.019402495,0.15147024,0.89082934,0.89082934,-0.031230688,-0.014258711,-0.197379,-0.019402495,-0.016670033,-0.010047487,-0.016675809,0.23117461,1.5099925,0.86394686,-1.5077371,0.12531068,0.96311604,0.96311604,-0.05219776,0.019402495,201.7170799999999,-0.0
2272.0,771.84899,0.88888889,0.0,0.44444444,5.3983,12.2168,77.32002,9308.8091,89.349,173.879,64.3741,0.88888889,0.11111111,0.88888889,0.465,0.88888889,0.0,0.0,2.2441,727.06233,0.2032544931283686,0.04000000009000011,0.0,0.019999999820000055,1.0000000005557306,0.9999999997544368,0.2973846923031171,0.9097902126071166,0.9999999999776156,1.000000000023004,0.9999999999378634,0.04000000009000011,0.004999999955000014,0.04000000009000011,0.06368990549239839,0.04000000009000011,0.0,0.0,1.0000000003119285,1.000000000330095,0.01897445,0.13400987,0.85519996,0.85519996,-0.031230688,-0.014258711,-0.19942622,-0.01897445,-0.016670033,-0.010395615,-0.016675809,0.20945099,1.4730155,0.84992407,-1.463906,0.11075024,0.91888466,0.91888466,-0.05219776,0.01897445,220.70926999999995,-0.0
2273.0,771.84899,0.77777778,0.0,0.44444444,5.3983,12.2168,77.32002,9369.6276,89.349,173.879,64.3741,0.77777778,0.11111111,1.0,0.472,0.77777778,0.0,0.0,2.2441,727.06233,0.20325449312836855,0.0350000001350001,0.0,0.019999999820000055,1.0000000005557308,0.9999999997544367,0.29738469230311715,0.9157342679047418,0.999999999977615,1.0000000000230045,0.9999999999378634,0.0350000001350001,0.004999999955000014,0.04500000004500013,0.06464867826325167,0.0350000001350001,0.0,0.0,1.0000000003119285,1.000000000330095,0.018112585,0.12511532,0.82786558,0.82786558,-0.020382496,-0.01178228,-0.19911456,-0.018112585,-0.015193109,-0.0099142642,-0.015381568,0.19864753,1.4461402,0.84639388,-1.4113087,0.10332678,0.8820601,0.8820601,-0.047664948,0.018112585,240.08792999999991,-0.0
2274.0,600.43735,0.77777778,0.0,0.44444444,5.3983,12.2168,77.32002,9816.8225,89.349,173.879,64.3741,0.88888889,0.22222222,1.1111111,0.479,0.77777778,0.0,0.0,2.2441,727.06233,0.15811588900257653,0.0350000001350001,0.0,0.019999999820000055,1.000000000555731,0.9999999997544368,0.2973846923031172,0.9594405614571387,0.9999999999776158,1.0000000000230047,0.9999999999378634,0.04000000009000011,0.009999999910000027,0.04999999955000014,0.06560745103410497,0.0350000001350001,0.0,0.0,1.000000000311929,1.000000000330095,0.0088282209,0.12431778,0.80826988,0.80826988,-0.028052587,-0.013170463,-0.19542656,-0.0088282209,-0.016058069,-0.0097689847,-0.016337608,0.1982147,1.4286256,0.85269842,-1.3487545,0.10264859,0.85215417,0.85215417,-0.049541883,0.0088282209,260.25009,-0.0
2275.0,,,,,,,,,,,,,,,,,,,,,,,,,,,,,,,,,,,,,,,,,,,,,,,,,,,,,,,,,,,,,279.2361699999999,-0.0
2276.0,,,,,,,,,,,,,,,,,,,,,,,,,,,,,,,,,,,,,,,,,,,,,,,,,,,,,,,,,,,,,297.88626999999997,-0.0
2277.0,,,,,,,,,,,,,,,,,,,,,,,,,,,,,,,,,,,,,,,,,,,,,,,,,,,,,,,,,,,,,316.3927699999999,-0.0
2278.0,,,,,,,,,,,,,,,,,,,,,,,,,,,,,,,,,,,,,,,,,,,,,,,,,,,,,,,,,,,,,335.98586,4.2100307
2279.0,,,,,,,,,,,,,,,,,,,,,,,,,,,,,,,,,,,,,,,,,,,,,,,,,,,,,,,,,,,,,349.51884999999993,-0.0
2280.0,,,,,,,,,,,,,,,,,,,,,,,,,,,,,,,,,,,,,,,,,,,,,,,,,,,,,,,,,,,,,345.25780999999995,-0.0
2281.0,,,,,,,,,,,,,,,,,,,,,,,,,,,,,,,,,,,,,,,,,,,,,,,,,,,,,,,,,,,,,340.10659999999996,-0.0
2282.0,,,,,,,,,,,,,,,,,,,,,,,,,,,,,,,,,,,,,,,,,,,,,,,,,,,,,,,,,,,,,334.86167,-0.0
2283.0,,,,,,,,,,,,,,,,,,,,,,,,,,,,,,,,,,,,,,,,,,,,,,,,,,,,,,,,,,,,,330.34911999999997,-0.0
2284.0,,,,,,,,,,,,,,,,,,,,,,,,,,,,,,,,,,,,,,,,,,,,,,,,,,,,,,,,,,,,,326.14914999999996,-0.0
2285.0,,,,,,,,,,,,,,,,,,,,,,,,,,,,,,,,,,,,,,,,,,,,,,,,,,,,,,,,,,,,,321.97992999999997,-0.0
2286.0,,,,,,,,,,,,,,,,,,,,,,,,,,,,,,,,,,,,,,,,,,,,,,,,,,,,,,,,,,,,,319.9304599999999,-0.0
2287.0,,,,,,,,,,,,,,,,,,,,,,,,,,,,,,,,,,,,,,,,,,,,,,,,,,,,,,,,,,,,,321.8871899999999,-0.0
2288.0,,,,,,,,,,,,,,,,,,,,,,,,,,,,,,,,,,,,,,,,,,,,,,,,,,,,,,,,,,,,,320.36505,-0.0
2289.0,,,,,,,,,,,,,,,,,,,,,,,,,,,,,,,,,,,,,,,,,,,,,,,,,,,,,,,,,,,,,321.68777,-0.0
2290.0,,,,,,,,,,,,,,,,,,,,,,,,,,,,,,,,,,,,,,,,,,,,,,,,,,,,,,,,,,,,,324.09051,-0.0
2291.0,,,,,,,,,,,,,,,,,,,,,,,,,,,,,,,,,,,,,,,,,,,,,,,,,,,,,,,,,,,,,327.46786,-0.0
2292.0,,,,,,,,,,,,,,,,,,,,,,,,,,,,,,,,,,,,,,,,,,,,,,,,,,,,,,,,,,,,,331.81696999999997,-0.0
2293.0,,,,,,,,,,,,,,,,,,,,,,,,,,,,,,,,,,,,,,,,,,,,,,,,,,,,,,,,,,,,,335.61194,-0.0
2294.0,,,,,,,,,,,,,,,,,,,,,,,,,,,,,,,,,,,,,,,,,,,,,,,,,,,,,,,,,,,,,340.7895,-0.0
2295.0,,,,,,,,,,,,,,,,,,,,,,,,,,,,,,,,,,,,,,,,,,,,,,,,,,,,,,,,,,,,,347.4013,-0.0
2296.0,,,,,,,,,,,,,,,,,,,,,,,,,,,,,,,,,,,,,,,,,,,,,,,,,,,,,,,,,,,,,353.88271999999995,-0.0
2297.0,,,,,,,,,,,,,,,,,,,,,,,,,,,,,,,,,,,,,,,,,,,,,,,,,,,,,,,,,,,,,361.09907,-0.0
2298.0,,,,,,,,,,,,,,,,,,,,,,,,,,,,,,,,,,,,,,,,,,,,,,,,,,,,,,,,,,,,,368.97159,-0.0
2299.0,,,,,,,,,,,,,,,,,,,,,,,,,,,,,,,,,,,,,,,,,,,,,,,,,,,,,,,,,,,,,377.2111,-0.0
2300.0,,,,,,,,,,,,,,,,,,,,,,,,,,,,,,,,,,,,,,,,,,,,,,,,,,,,,,,,,,,,,389.42931,-0.0
2301.0,,,,,,,,,,,,,,,,,,,,,,,,,,,,,,,,,,,,,,,,,,,,,,,,,,,,,,,,,,,,,402.2281499999999,-0.0
2302.0,,,,,,,,,,,,,,,,,,,,,,,,,,,,,,,,,,,,,,,,,,,,,,,,,,,,,,,,,,,,,415.8931799999999,-0.0
2303.0,,,,,,,,,,,,,,,,,,,,,,,,,,,,,,,,,,,,,,,,,,,,,,,,,,,,,,,,,,,,,430.34654,-0.0
2304.0,,,,,,,,,,,,,,,,,,,,,,,,,,,,,,,,,,,,,,,,,,,,,,,,,,,,,,,,,,,,,445.39851999999996,-0.0
2305.0,,,,,,,,,,,,,,,,,,,,,,,,,,,,,,,,,,,,,,,,,,,,,,,,,,,,,,,,,,,,,461.05260999999996,-0.0
2306.0,,,,,,,,,,,,,,,,,,,,,,,,,,,,,,,,,,,,,,,,,,,,,,,,,,,,,,,,,,,,,477.54386999999997,-0.0
2307.0,,,,,,,,,,,,,,,,,,,,,,,,,,,,,,,,,,,,,,,,,,,,,,,,,,,,,,,,,,,,,494.6131199999999,-0.0
2308.0,,,,,,,,,,,,,,,,,,,,,,,,,,,,,,,,,,,,,,,,,,,,,,,,,,,,,,,,,,,,,512.4298299999999,-0.0
2309.0,,,,,,,,,,,,,,,,,,,,,,,,,,,,,,,,,,,,,,,,,,,,,,,,,,,,,,,,,,,,,530.7559899999999,-0.0
2310.0,,,,,,,,,,,,,,,,,,,,,,,,,,,,,,,,,,,,,,,,,,,,,,,,,,,,,,,,,,,,,550.1995,-0.0
2311.0,,,,,,,,,,,,,,,,,,,,,,,,,,,,,,,,,,,,,,,,,,,,,,,,,,,,,,,,,,,,,570.59457,-0.0
2312.0,,,,,,,,,,,,,,,,,,,,,,,,,,,,,,,,,,,,,,,,,,,,,,,,,,,,,,,,,,,,,591.6396399999999,-0.0
2313.0,,,,,,,,,,,,,,,,,,,,,,,,,,,,,,,,,,,,,,,,,,,,,,,,,,,,,,,,,,,,,613.50767,-0.0
2314.0,,,,,,,,,,,,,,,,,,,,,,,,,,,,,,,,,,,,,,,,,,,,,,,,,,,,,,,,,,,,,635.8607099999999,-0.0
2315.0,,,,,,,,,,,,,,,,,,,,,,,,,,,,,,,,,,,,,,,,,,,,,,,,,,,,,,,,,,,,,658.3872299999999,-0.0
2316.0,,,,,,,,,,,,,,,,,,,,,,,,,,,,,,,,,,,,,,,,,,,,,,,,,,,,,,,,,,,,,681.5776,-0.0
2317.0,,,,,,,,,,,,,,,,,,,,,,,,,,,,,,,,,,,,,,,,,,,,,,,,,,,,,,,,,,,,,705.4544599999999,-0.0
2318.0,,,,,,,,,,,,,,,,,,,,,,,,,,,,,,,,,,,,,,,,,,,,,,,,,,,,,,,,,,,,,729.65428,-0.0
2319.0,,,,,,,,,,,,,,,,,,,,,,,,,,,,,,,,,,,,,,,,,,,,,,,,,,,,,,,,,,,,,753.92705,-0.0
2320.0,,,,,,,,,,,,,,,,,,,,,,,,,,,,,,,,,,,,,,,,,,,,,,,,,,,,,,,,,,,,,778.7941,2.0321139
